#VRML V2.0 utf8

Shape {
  appearance Appearance {
    material Material {
      diffuseColor 0.2510 0.2510 0.2510
      specularColor 0.0745 0.0745 0.0745
      ambientIntensity 0.2
      transparency 0.0000
      shininess 0.5
    }
  }
  geometry IndexedFaceSet {
    ccw TRUE
    solid FALSE
    coord DEF co Coordinate {
      point [
        0.196850 -0.028083 0.003937,
        0.236220 -0.028083 0.003937,
        0.236220 -0.037638 0.003937,
        -0.005981 0.091022 0.003937,
        -0.006539 0.091035 0.003937,
        -0.046899 0.096796 0.003937,
        -0.016783 0.089994 0.003937,
        -0.046899 0.156331 0.003937,
        -0.024813 0.148364 0.003937,
        -0.024813 0.115836 0.003937,
        -0.047379 0.314961 0.003937,
        0.216535 0.314961 0.003937,
        0.196850 0.247507 0.003937,
        0.221630 0.314290 0.003937,
        0.236220 0.168767 0.003937,
        0.236220 0.050657 0.003937,
        0.196850 0.168767 0.003937,
        0.196850 0.050657 0.003937,
        -0.025071 0.087220 0.003937,
        -0.032143 0.082763 0.003937,
        -0.038394 0.076330 0.003937,
        0.226378 0.312323 0.003937,
        0.230455 0.309195 0.003937,
        0.233583 0.305118 0.003937,
        0.235550 0.300370 0.003937,
        0.236220 0.295276 0.003937,
        0.236220 0.247507 0.003937,
        0.031841 0.126564 0.003937,
        0.031841 0.137126 0.003937,
        0.023199 -0.019394 0.003937,
        -0.002728 -0.019394 0.003937,
        0.023199 0.010374 0.003937,
        -0.002728 0.008454 0.003937,
        -0.011370 0.008454 0.003937,
        -0.011370 -0.019394 0.003937,
        -0.038257 -0.019394 0.003937,
        0.004155 0.089781 0.003937,
        0.011845 0.086872 0.003937,
        -0.046899 0.012294 0.003937,
        -0.046899 -0.029956 0.003937,
        -0.047379 -0.037638 0.003937,
        0.031841 -0.029956 0.003937,
        -0.043209 0.068198 0.003937,
        -0.045988 0.059135 0.003937,
        -0.046899 0.049069 0.003937,
        0.030768 0.060616 0.003937,
        0.031841 0.049879 0.003937,
        0.031841 0.027658 0.003937,
        0.027626 0.069987 0.003937,
        0.022664 0.077847 0.003937,
        0.018263 0.082448 0.003937,
        -0.046899 0.108319 0.003937,
        -0.046899 0.167854 0.003937,
        -0.038257 0.012294 0.003937,
        -0.046899 0.027658 0.003937,
        -0.236220 -0.037638 0.003937,
        -0.236220 -0.028083 0.003937,
        -0.196850 -0.028083 0.003937,
        -0.196850 0.050657 0.003937,
        -0.236220 0.050657 0.003937,
        -0.236220 0.168767 0.003937,
        -0.196850 0.168767 0.003937,
        -0.196850 0.247507 0.003937,
        -0.236220 0.247507 0.003937,
        -0.236220 0.295276 0.003937,
        -0.216535 0.314961 0.003937,
        -0.233583 0.305118 0.003937,
        -0.230455 0.309195 0.003937,
        -0.226378 0.312323 0.003937,
        -0.235550 0.300370 0.003937,
        -0.221630 0.314290 0.003937,
        -0.236220 -0.295276 0.003937,
        -0.236220 -0.224933 0.003937,
        -0.196850 -0.224933 0.003937,
        -0.047379 -0.314961 0.003937,
        -0.216535 -0.314961 0.003937,
        -0.196850 -0.146193 0.003937,
        -0.236220 -0.146193 0.003937,
        -0.233583 -0.305118 0.003937,
        -0.235550 -0.300370 0.003937,
        -0.230455 -0.309195 0.003937,
        -0.226378 -0.312323 0.003937,
        -0.221630 -0.314290 0.003937,
        -0.047379 -0.071607 0.003937,
        -0.047859 -0.066986 0.003937,
        -0.034176 -0.045320 0.003937,
        -0.042818 -0.045320 0.003937,
        0.031841 0.010374 0.003937,
        -0.046264 -0.053713 0.003937,
        -0.047379 -0.061670 0.003937,
        -0.047822 -0.064833 0.003937,
        0.236220 -0.146193 0.003937,
        0.196850 -0.146193 0.003937,
        0.024159 -0.063760 0.003937,
        -0.034957 -0.046731 0.003937,
        0.022916 -0.054189 0.003937,
        0.019118 -0.045320 0.003937,
        0.029681 -0.045320 0.003937,
        0.236220 -0.224933 0.003937,
        0.236220 -0.295276 0.003937,
        0.216535 -0.314961 0.003937,
        0.233583 -0.305118 0.003937,
        0.230455 -0.309195 0.003937,
        0.226378 -0.312323 0.003937,
        0.023291 -0.071513 0.003937,
        0.021172 -0.077376 0.003937,
        0.017431 -0.082954 0.003937,
        0.012156 -0.087688 0.003937,
        0.006066 -0.090901 0.003937,
        -0.002459 -0.092984 0.003937,
        -0.008369 -0.093333 0.003937,
        -0.016887 -0.092537 0.003937,
        -0.023680 -0.090390 0.003937,
        -0.039217 -0.065530 0.003937,
        -0.032950 -0.083512 0.003937,
        -0.038389 -0.072890 0.003937,
        -0.036246 -0.078681 0.003937,
        -0.029146 -0.087113 0.003937,
        -0.038057 -0.055078 0.003937,
        0.235550 -0.300370 0.003937,
        0.221630 -0.314290 0.003937,
        -0.046899 -0.150947 0.003937,
        0.031841 -0.150947 0.003937,
        0.196850 -0.224933 0.003937,
        0.031841 -0.140385 0.003937,
        0.010610 -0.099976 0.003937,
        0.018052 -0.095464 0.003937,
        0.024785 -0.088699 0.003937,
        0.029238 -0.081362 0.003937,
        0.031976 -0.072735 0.003937,
        0.032802 -0.063850 0.003937,
        0.032151 -0.054424 0.003937,
        -0.044187 -0.084412 0.003937,
        -0.040041 -0.090825 0.003937,
        -0.046899 -0.110617 0.003937,
        -0.033773 -0.096702 0.003937,
        -0.038257 -0.110617 0.003937,
        -0.026254 -0.100851 0.003937,
        -0.038257 -0.140385 0.003937,
        -0.046851 -0.076691 0.003937,
        -0.017897 -0.103175 0.003937,
        -0.009014 -0.103895 0.003937,
        0.001510 -0.102903 0.003937,
        0.236220 -0.295276 0.082677,
        0.236220 -0.028083 0.078740,
        0.236220 -0.146193 0.078740,
        0.236220 -0.224933 0.078740,
        0.236220 0.295276 0.082677,
        0.236220 0.050657 0.078740,
        0.236220 0.247507 0.078740,
        0.236220 0.168767 0.078740,
        -0.236220 0.295276 0.082677,
        -0.236220 -0.224933 0.078740,
        -0.236220 -0.295276 0.082677,
        -0.236220 -0.146193 0.078740,
        -0.236220 0.247507 0.078740,
        -0.236220 0.168767 0.078740,
        -0.236220 -0.028083 0.078740,
        -0.236220 0.050657 0.078740,
        -0.022908 0.028078 0.240157,
        -0.025173 0.022168 0.240157,
        -0.025969 0.015891 0.240157,
        0.017062 -0.064105 0.240157,
        0.023544 -0.064105 0.240157,
        0.025704 -0.049702 0.240157,
        0.027571 -0.044902 0.240157,
        0.026475 -0.048309 0.240157,
        0.027685 -0.073460 0.240157,
        0.026261 -0.068666 0.240157,
        -0.024270 -0.066793 0.240157,
        -0.004363 -0.072601 0.240157,
        -0.004363 -0.067706 0.240157,
        -0.025879 -0.048880 0.240157,
        -0.028808 -0.045854 0.240157,
        -0.029390 -0.061944 0.240157,
        -0.025683 -0.071785 0.240157,
        -0.025969 -0.075493 0.240157,
        -0.004770 -0.078187 0.240157,
        -0.025622 -0.079386 0.240157,
        -0.022739 -0.094703 0.240157,
        -0.025985 -0.092443 0.240157,
        -0.199158 -0.101915 0.240157,
        -0.028747 -0.089248 0.240157,
        -0.030759 -0.085412 0.240157,
        -0.001003 -0.050055 0.240157,
        -0.004564 -0.051939 0.240157,
        -0.021468 -0.061944 0.240157,
        -0.009312 -0.053106 0.240157,
        0.005249 -0.040743 0.240157,
        0.004027 -0.044260 0.240157,
        0.019222 -0.049702 0.240157,
        0.001850 -0.047510 0.240157,
        0.002118 -0.067706 0.240157,
        0.019335 -0.067383 0.240157,
        0.002118 -0.072354 0.240157,
        0.021034 -0.071542 0.240157,
        0.002488 -0.077194 0.240157,
        0.011964 -0.086424 0.240157,
        0.012223 -0.086431 0.240157,
        -0.005703 -0.015133 0.240157,
        0.003894 -0.015887 0.240157,
        0.027685 -0.010452 0.240157,
        0.012224 -0.018191 0.240157,
        0.018817 -0.021843 0.240157,
        0.022992 -0.025666 0.240157,
        0.025740 -0.029722 0.240157,
        0.027497 -0.034603 0.240157,
        -0.012601 -0.053302 0.240157,
        -0.017941 -0.052741 0.240157,
        -0.022226 -0.051241 0.240157,
        -0.031947 -0.029898 0.240157,
        -0.030667 -0.026318 0.240157,
        -0.199158 -0.010452 0.240157,
        -0.028726 -0.023327 0.240157,
        -0.015256 -0.088591 0.240157,
        -0.012590 -0.088320 0.240157,
        -0.010572 -0.087632 0.240157,
        -0.003174 -0.089984 0.240157,
        -0.005373 -0.092785 0.240157,
        0.027685 -0.101915 0.240157,
        -0.007806 -0.094681 0.240157,
        -0.010447 -0.095869 0.240157,
        -0.025903 -0.020604 0.240157,
        -0.021662 -0.018048 0.240157,
        -0.014989 -0.015946 0.240157,
        -0.024688 -0.082412 0.240157,
        -0.023473 -0.084537 0.240157,
        -0.021861 -0.086294 0.240157,
        0.027685 -0.081451 0.240157,
        0.027594 -0.082404 0.240157,
        0.026400 -0.086206 0.240157,
        0.024637 -0.089170 0.240157,
        0.022350 -0.091543 0.240157,
        0.019959 -0.093076 0.240157,
        0.017174 -0.094038 0.240157,
        0.014057 -0.094353 0.240157,
        0.010309 -0.093979 0.240157,
        0.007256 -0.092965 0.240157,
        0.004719 -0.091375 0.240157,
        -0.000639 -0.082290 0.240157,
        -0.000785 -0.082290 0.240157,
        -0.000251 -0.083595 0.240157,
        -0.001682 -0.086653 0.240157,
        0.001703 -0.087885 0.240157,
        0.003652 -0.090406 0.240157,
        -0.032174 -0.079826 0.240157,
        -0.032451 -0.075493 0.240157,
        -0.031814 -0.068506 0.240157,
        -0.030179 -0.063426 0.240157,
        -0.008793 -0.086490 0.240157,
        -0.007315 -0.084920 0.240157,
        -0.005953 -0.082490 0.240157,
        -0.002698 -0.022593 0.240157,
        -0.002698 -0.022785 0.240157,
        0.003579 -0.023048 0.240157,
        0.000670 -0.024950 0.240157,
        0.010374 -0.024836 0.240157,
        0.002955 -0.027328 0.240157,
        0.014797 -0.027210 0.240157,
        0.004572 -0.030137 0.240157,
        0.018017 -0.030080 0.240157,
        0.005464 -0.033234 0.240157,
        0.019998 -0.032997 0.240157,
        0.005719 -0.036311 0.240157,
        0.020970 -0.044939 0.240157,
        0.021563 -0.039900 0.240157,
        0.021133 -0.036094 0.240157,
        0.003368 -0.080515 0.240157,
        0.004628 -0.082878 0.240157,
        0.005942 -0.084344 0.240157,
        0.007450 -0.085382 0.240157,
        0.009285 -0.086076 0.240157,
        0.020034 -0.082616 0.240157,
        0.020935 -0.080533 0.240157,
        0.014654 -0.086220 0.240157,
        0.021522 -0.077112 0.240157,
        0.021563 -0.075684 0.240157,
        -0.013398 -0.096457 0.240157,
        -0.014795 -0.096513 0.240157,
        -0.019360 -0.095973 0.240157,
        -0.030846 -0.042455 0.240157,
        -0.032099 -0.038419 0.240157,
        -0.032451 -0.034465 0.240157,
        -0.020128 -0.087485 0.240157,
        -0.018049 -0.088261 0.240157,
        0.019287 -0.083680 0.240157,
        0.016557 -0.085658 0.240157,
        0.018039 -0.084835 0.240157,
        0.027685 -0.036368 0.240157,
        0.028045 -0.039754 0.240157,
        0.199158 -0.010452 0.240157,
        0.027685 -0.043668 0.240157,
        0.028045 -0.077643 0.240157,
        0.199158 -0.101915 0.240157,
        0.027702 -0.073518 0.240157,
        0.008541 0.215609 0.240157,
        0.012201 0.216046 0.240157,
        0.027685 0.277898 0.240157,
        0.016281 0.215517 0.240157,
        0.019108 0.214363 0.240157,
        -0.020748 0.216046 0.240157,
        -0.029390 0.216046 0.240157,
        -0.199158 0.277898 0.240157,
        -0.030295 0.214154 0.240157,
        -0.003600 0.187546 0.240157,
        -0.006827 0.183843 0.240157,
        0.017782 0.182198 0.240157,
        -0.009758 0.181754 0.240157,
        -0.020644 0.180500 0.240157,
        -0.023598 0.181570 0.240157,
        -0.199158 0.176436 0.240157,
        -0.023401 0.211730 0.240157,
        -0.004555 0.201609 0.240157,
        -0.016506 0.180037 0.240157,
        -0.009148 0.193040 0.240157,
        -0.025550 0.204735 0.240157,
        -0.009216 0.192935 0.240157,
        0.000026 0.209413 0.240157,
        0.002842 0.212612 0.240157,
        0.005550 0.214466 0.240157,
        0.021672 0.212507 0.240157,
        0.023872 0.209971 0.240157,
        0.025780 0.206650 0.240157,
        -0.026104 0.183235 0.240157,
        -0.028237 0.185502 0.240157,
        -0.030358 0.189207 0.240157,
        0.000993 0.195578 0.240157,
        0.020100 0.186663 0.240157,
        0.003902 0.201067 0.240157,
        0.021307 0.191711 0.240157,
        0.021563 0.195791 0.240157,
        0.027685 0.176436 0.240157,
        0.026424 0.182198 0.240157,
        -0.031993 0.194995 0.240157,
        -0.032451 0.201181 0.240157,
        -0.031668 0.208782 0.240157,
        0.014744 0.207944 0.240157,
        0.012977 0.208124 0.240157,
        0.021189 0.199912 0.240157,
        -0.025969 0.200304 0.240157,
        -0.025639 0.196016 0.240157,
        -0.024828 0.193019 0.240157,
        0.020200 0.203017 0.240157,
        0.018903 0.205228 0.240157,
        0.017583 0.206582 0.240157,
        0.010724 0.207865 0.240157,
        0.009095 0.207244 0.240157,
        0.007630 0.206245 0.240157,
        0.006043 0.204434 0.240157,
        -0.023659 0.190900 0.240157,
        -0.022500 0.189671 0.240157,
        -0.021330 0.188889 0.240157,
        0.016331 0.207397 0.240157,
        -0.019487 0.188209 0.240157,
        -0.017158 0.187959 0.240157,
        -0.011331 0.190395 0.240157,
        -0.015024 0.188237 0.240157,
        -0.013335 0.188910 0.240157,
        0.027685 0.198854 0.240157,
        0.028045 0.195161 0.240157,
        0.199158 0.176436 0.240157,
        0.027764 0.188605 0.240157,
        0.027685 0.188226 0.240157,
        0.027408 0.201689 0.240157,
        0.199158 0.277898 0.240157,
        0.017986 0.166496 0.240157,
        0.022574 0.161875 0.240157,
        0.025817 0.156274 0.240157,
        0.027523 0.150302 0.240157,
        0.027685 0.148367 0.240157,
        0.025277 0.131348 0.240157,
        0.027685 0.113780 0.240157,
        0.027263 0.136931 0.240157,
        0.027685 0.140775 0.240157,
        -0.022274 0.122837 0.240157,
        -0.026882 0.127386 0.240157,
        -0.199158 0.113780 0.240157,
        -0.016848 0.119603 0.240157,
        0.021824 0.126213 0.240157,
        0.016891 0.121831 0.240157,
        0.010994 0.118753 0.240157,
        -0.031685 0.152250 0.240157,
        -0.029776 0.157800 0.240157,
        -0.026699 0.162630 0.240157,
        -0.029874 0.132283 0.240157,
        -0.031750 0.137946 0.240157,
        -0.032451 0.145019 0.240157,
        -0.002901 0.172835 0.240157,
        0.005606 0.172033 0.240157,
        0.012504 0.169819 0.240157,
        0.004410 0.117079 0.240157,
        -0.001506 0.116661 0.240157,
        -0.010046 0.117453 0.240157,
        -0.022308 0.166872 0.240157,
        -0.016795 0.170144 0.240157,
        -0.010413 0.172140 0.240157,
        -0.012789 0.180522 0.240157,
        0.028045 0.144062 0.240157,
        0.199158 0.113780 0.240157,
        0.028045 -0.164346 0.240157,
        0.199158 -0.183296 0.240157,
        0.027685 -0.160960 0.240157,
        0.199158 -0.134683 0.240157,
        0.005249 -0.165335 0.240157,
        0.004027 -0.168852 0.240157,
        0.019222 -0.174293 0.240157,
        0.027685 -0.168259 0.240157,
        0.027571 -0.169494 0.240157,
        0.027685 -0.183296 0.240157,
        0.026475 -0.172901 0.240157,
        0.001850 -0.172102 0.240157,
        -0.001003 -0.174647 0.240157,
        -0.004564 -0.176531 0.240157,
        -0.017941 -0.177333 0.240157,
        -0.022226 -0.175833 0.240157,
        -0.199158 -0.183296 0.240157,
        -0.025879 -0.173471 0.240157,
        -0.028808 -0.170446 0.240157,
        0.003894 -0.140478 0.240157,
        0.012224 -0.142783 0.240157,
        0.027685 -0.134683 0.240157,
        0.018817 -0.146435 0.240157,
        -0.012601 -0.177894 0.240157,
        -0.009312 -0.177698 0.240157,
        0.022992 -0.150258 0.240157,
        0.025740 -0.154314 0.240157,
        0.027497 -0.159195 0.240157,
        0.025704 -0.174293 0.240157,
        -0.030846 -0.167047 0.240157,
        -0.032099 -0.163011 0.240157,
        -0.199158 -0.134683 0.240157,
        -0.032451 -0.159057 0.240157,
        -0.031947 -0.154490 0.240157,
        -0.030667 -0.150910 0.240157,
        -0.028726 -0.147919 0.240157,
        -0.025903 -0.145196 0.240157,
        -0.002698 -0.147185 0.240157,
        -0.002698 -0.147376 0.240157,
        0.003579 -0.147640 0.240157,
        0.000670 -0.149542 0.240157,
        0.010374 -0.149428 0.240157,
        0.002955 -0.151919 0.240157,
        0.014797 -0.151802 0.240157,
        0.004572 -0.154729 0.240157,
        0.018017 -0.154671 0.240157,
        0.005464 -0.157826 0.240157,
        0.019998 -0.157589 0.240157,
        0.005719 -0.160902 0.240157,
        0.020970 -0.169531 0.240157,
        0.021563 -0.164492 0.240157,
        0.021133 -0.160686 0.240157,
        -0.021662 -0.142640 0.240157,
        -0.014989 -0.140538 0.240157,
        -0.005703 -0.139724 0.240157,
        0.020843 0.069129 0.240157,
        0.020843 0.086413 0.240157,
        -0.031731 0.086413 0.240157,
        0.027324 0.069129 0.240157,
        0.027685 0.065888 0.240157,
        -0.199158 0.065888 0.240157,
        -0.031731 0.094335 0.240157,
        0.020843 0.094335 0.240157,
        0.020843 0.110900 0.240157,
        0.027324 0.110900 0.240157,
        0.027685 0.034200 0.240157,
        -0.005804 0.040322 0.240157,
        -0.011565 0.040322 0.240157,
        -0.005804 0.062647 0.240157,
        -0.011565 0.062647 0.240157,
        -0.199158 0.034200 0.240157,
        0.199158 0.065888 0.240157,
        0.199158 0.034200 0.240157,
        0.003772 0.008824 0.240157,
        0.002413 0.004219 0.240157,
        0.020843 -0.002889 0.240157,
        0.000113 0.000252 0.240157,
        -0.002443 -0.002349 0.240157,
        -0.005335 -0.004151 0.240157,
        -0.013343 -0.005770 0.240157,
        -0.018322 -0.005223 0.240157,
        -0.022162 -0.003835 0.240157,
        -0.025756 -0.001406 0.240157,
        -0.028734 0.001964 0.240157,
        -0.030144 0.028078 0.240157,
        -0.030925 0.026404 0.240157,
        -0.032027 0.021976 0.240157,
        -0.004892 0.006622 0.240157,
        -0.004119 0.007909 0.240157,
        -0.002853 0.011333 0.240157,
        -0.002210 0.016753 0.240157,
        0.004279 0.014687 0.240157,
        0.020843 0.018907 0.240157,
        0.004054 0.020156 0.240157,
        -0.025594 0.011983 0.240157,
        -0.016081 0.002324 0.240157,
        -0.013827 0.002152 0.240157,
        -0.010797 0.002498 0.240157,
        -0.002203 0.017298 0.240157,
        -0.002314 0.022335 0.240157,
        -0.002698 0.027358 0.240157,
        0.027324 0.025153 0.240157,
        0.027324 -0.002889 0.240157,
        -0.008722 -0.005294 0.240157,
        -0.008538 0.003338 0.240157,
        -0.006512 0.004755 0.240157,
        -0.024573 0.008882 0.240157,
        -0.022914 0.006247 0.240157,
        -0.018624 0.003032 0.240157,
        -0.021022 0.004407 0.240157,
        -0.030831 0.005949 0.240157,
        -0.032235 0.011746 0.240157,
        -0.032451 0.015576 0.240157,
        -0.005804 -0.129642 0.240157,
        -0.011565 -0.129642 0.240157,
        -0.005804 -0.107316 0.240157,
        -0.011565 -0.107316 0.240157,
        -0.009405 -0.204159 0.240157,
        -0.009405 -0.196619 0.240157,
        -0.031731 -0.196619 0.240157,
        0.004674 -0.224857 0.240157,
        0.000874 -0.223458 0.240157,
        -0.199158 -0.251662 0.240157,
        -0.002654 -0.221052 0.240157,
        0.027324 -0.205396 0.240157,
        0.027685 -0.251662 0.240157,
        0.026841 -0.211151 0.240157,
        0.025525 -0.215651 0.240157,
        0.023575 -0.219123 0.240157,
        0.021667 -0.221282 0.240157,
        0.018709 -0.223407 0.240157,
        0.015396 -0.224709 0.240157,
        0.010686 -0.225402 0.240157,
        0.009646 -0.225426 0.240157,
        -0.005784 -0.217529 0.240157,
        -0.008050 -0.213189 0.240157,
        -0.009202 -0.208528 0.240157,
        -0.031731 -0.188697 0.240157,
        0.027324 -0.188697 0.240157,
        0.199158 -0.251662 0.240157,
        0.199158 -0.277898 0.240157,
        0.027685 -0.277898 0.240157,
        -0.199158 -0.277898 0.240157,
        0.216535 0.314961 0.082677,
        -0.216535 0.314961 0.082677,
        0.216535 -0.314961 0.082677,
        -0.216535 -0.314961 0.082677,
        -0.216687 0.314960 0.082682,
        -0.199158 0.297431 0.222914,
        0.199158 0.297431 0.222914,
        0.216687 0.314960 0.082682,
        -0.236220 -0.295427 0.082682,
        -0.218691 -0.277898 0.222914,
        -0.218691 0.277898 0.222914,
        -0.236220 0.295427 0.082682,
        0.236220 0.295427 0.082682,
        0.218691 0.277898 0.222914,
        0.218691 -0.277898 0.222914,
        0.236220 -0.295427 0.082682,
        0.216687 -0.314960 0.082682,
        0.199158 -0.297431 0.222914,
        -0.199158 -0.297431 0.222914,
        -0.216687 -0.314960 0.082682,
        0.221628 -0.314277 0.082946,
        0.221728 -0.314263 0.082951,
        0.226376 -0.312317 0.083119,
        0.226422 -0.312298 0.083120,
        0.230455 -0.309195 0.083178,
        0.233558 -0.305162 0.083120,
        0.233577 -0.305116 0.083119,
        0.235523 -0.300468 0.082951,
        0.235537 -0.300369 0.082946,
        -0.235537 -0.300369 0.082946,
        -0.235523 -0.300468 0.082951,
        -0.233577 -0.305116 0.083119,
        -0.233558 -0.305162 0.083120,
        -0.230455 -0.309195 0.083178,
        -0.226422 -0.312298 0.083120,
        -0.226376 -0.312317 0.083119,
        -0.221728 -0.314263 0.082951,
        -0.221628 -0.314277 0.082946,
        0.217961 -0.282906 0.223449,
        0.217950 -0.282933 0.223451,
        0.215975 -0.287579 0.223785,
        0.215960 -0.287598 0.223785,
        0.212865 -0.291605 0.223899,
        0.208858 -0.294700 0.223785,
        0.208839 -0.294715 0.223785,
        0.204193 -0.296690 0.223451,
        0.204165 -0.296701 0.223449,
        -0.199158 -0.282597 0.239585,
        0.199158 -0.282597 0.239585,
        0.199158 -0.282625 0.239581,
        -0.199158 -0.282625 0.239581,
        0.199158 -0.287023 0.237907,
        -0.199158 -0.287023 0.237907,
        0.199158 -0.287076 0.237887,
        -0.199158 -0.287076 0.237887,
        0.199158 -0.290920 0.235222,
        -0.199158 -0.290920 0.235222,
        0.199158 -0.290989 0.235173,
        -0.199158 -0.290989 0.235173,
        0.199158 -0.294062 0.231684,
        -0.199158 -0.294062 0.231684,
        0.199158 -0.294137 0.231599,
        -0.199158 -0.294137 0.231599,
        0.199158 -0.296269 0.227499,
        -0.199158 -0.296269 0.227499,
        0.199158 -0.296333 0.227374,
        -0.199158 -0.296333 0.227374,
        -0.204165 -0.296701 0.223449,
        -0.204193 -0.296690 0.223451,
        -0.208839 -0.294715 0.223785,
        -0.208858 -0.294700 0.223785,
        -0.212865 -0.291605 0.223899,
        -0.215960 -0.287598 0.223785,
        -0.215975 -0.287579 0.223785,
        -0.217950 -0.282933 0.223451,
        -0.217961 -0.282906 0.223449,
        0.235537 0.300369 0.082946,
        0.235523 0.300468 0.082951,
        0.233577 0.305116 0.083119,
        0.233558 0.305162 0.083120,
        0.230455 0.309195 0.083178,
        0.226422 0.312298 0.083120,
        0.226376 0.312317 0.083119,
        0.221728 0.314263 0.082951,
        0.221628 0.314277 0.082946,
        0.215322 -0.277898 0.231684,
        0.212249 -0.277898 0.235173,
        0.211803 -0.281286 0.235173,
        0.208023 -0.280274 0.237887,
        0.203724 -0.279122 0.239581,
        0.203252 -0.280262 0.239581,
        0.201522 -0.281992 0.239581,
        0.202500 -0.281241 0.239581,
        0.200381 -0.282464 0.239581,
        0.203857 -0.277898 0.239585,
        0.216965 -0.282670 0.227374,
        0.215124 -0.287116 0.227374,
        0.212194 -0.290934 0.227374,
        0.208376 -0.293864 0.227374,
        0.203930 -0.295706 0.227374,
        0.212180 -0.277898 0.235222,
        0.208336 -0.277898 0.237887,
        0.208283 -0.277898 0.237907,
        0.203885 -0.277898 0.239581,
        0.207106 -0.282487 0.237887,
        0.205648 -0.284388 0.237887,
        0.203747 -0.285846 0.237887,
        0.201533 -0.286763 0.237887,
        0.210495 -0.284444 0.235173,
        0.208415 -0.287155 0.235173,
        0.205704 -0.289235 0.235173,
        0.202546 -0.290543 0.235173,
        0.217528 -0.277898 0.227499,
        0.215396 -0.277898 0.231599,
        0.214843 -0.282101 0.231599,
        0.213221 -0.286017 0.231599,
        0.210641 -0.289381 0.231599,
        0.207277 -0.291961 0.231599,
        0.203361 -0.293583 0.231599,
        0.217593 -0.277898 0.227374,
        -0.202546 -0.290543 0.235173,
        -0.201533 -0.286763 0.237887,
        -0.200381 -0.282464 0.239581,
        -0.201522 -0.281992 0.239581,
        -0.203252 -0.280262 0.239581,
        -0.202500 -0.281241 0.239581,
        -0.203724 -0.279122 0.239581,
        -0.203930 -0.295706 0.227374,
        -0.208376 -0.293864 0.227374,
        -0.212194 -0.290934 0.227374,
        -0.215124 -0.287116 0.227374,
        -0.216965 -0.282670 0.227374,
        -0.217593 -0.277898 0.227374,
        -0.203857 -0.277898 0.239585,
        -0.203747 -0.285846 0.237887,
        -0.205648 -0.284388 0.237887,
        -0.207106 -0.282487 0.237887,
        -0.208023 -0.280274 0.237887,
        -0.203885 -0.277898 0.239581,
        -0.208283 -0.277898 0.237907,
        -0.208336 -0.277898 0.237887,
        -0.212180 -0.277898 0.235222,
        -0.205704 -0.289235 0.235173,
        -0.208415 -0.287155 0.235173,
        -0.210495 -0.284444 0.235173,
        -0.211803 -0.281286 0.235173,
        -0.203361 -0.293583 0.231599,
        -0.207277 -0.291961 0.231599,
        -0.210641 -0.289381 0.231599,
        -0.213221 -0.286017 0.231599,
        -0.214843 -0.282101 0.231599,
        -0.212249 -0.277898 0.235173,
        -0.215322 -0.277898 0.231684,
        -0.215396 -0.277898 0.231599,
        -0.217528 -0.277898 0.227499,
        -0.221628 0.314277 0.082946,
        -0.221728 0.314263 0.082951,
        -0.226376 0.312317 0.083119,
        -0.226422 0.312298 0.083120,
        -0.230455 0.309195 0.083178,
        -0.233558 0.305162 0.083120,
        -0.233577 0.305116 0.083119,
        -0.235523 0.300468 0.082951,
        -0.235537 0.300369 0.082946,
        0.204165 0.296701 0.223449,
        0.204193 0.296690 0.223451,
        0.208839 0.294715 0.223785,
        0.208858 0.294700 0.223785,
        0.212865 0.291605 0.223899,
        0.215960 0.287598 0.223785,
        0.215975 0.287579 0.223785,
        0.217950 0.282933 0.223451,
        0.217961 0.282906 0.223449,
        0.203857 0.277898 0.239585,
        0.217593 0.277898 0.227374,
        0.217528 0.277898 0.227499,
        0.215396 0.277898 0.231599,
        0.215322 0.277898 0.231684,
        0.212249 0.277898 0.235173,
        0.212180 0.277898 0.235222,
        0.208336 0.277898 0.237887,
        0.208283 0.277898 0.237907,
        0.203885 0.277898 0.239581,
        -0.217593 0.277898 0.227374,
        -0.217528 0.277898 0.227499,
        -0.215396 0.277898 0.231599,
        -0.215322 0.277898 0.231684,
        -0.212249 0.277898 0.235173,
        -0.212180 0.277898 0.235222,
        -0.208336 0.277898 0.237887,
        -0.208283 0.277898 0.237907,
        -0.203885 0.277898 0.239581,
        -0.203857 0.277898 0.239585,
        -0.217961 0.282906 0.223449,
        -0.217950 0.282933 0.223451,
        -0.215975 0.287579 0.223785,
        -0.215960 0.287598 0.223785,
        -0.212865 0.291605 0.223899,
        -0.208858 0.294700 0.223785,
        -0.208839 0.294715 0.223785,
        -0.204193 0.296690 0.223451,
        -0.204165 0.296701 0.223449,
        0.199158 0.294062 0.231684,
        0.199158 0.290989 0.235173,
        0.202546 0.290543 0.235173,
        0.201533 0.286763 0.237887,
        0.200381 0.282464 0.239581,
        0.201522 0.281992 0.239581,
        0.203252 0.280262 0.239581,
        0.202500 0.281241 0.239581,
        0.203724 0.279122 0.239581,
        0.199158 0.282597 0.239585,
        0.203930 0.295706 0.227374,
        0.208376 0.293864 0.227374,
        0.212194 0.290934 0.227374,
        0.215124 0.287116 0.227374,
        0.216965 0.282670 0.227374,
        0.199158 0.290920 0.235222,
        0.199158 0.287076 0.237887,
        0.199158 0.287023 0.237907,
        0.199158 0.282625 0.239581,
        0.203747 0.285846 0.237887,
        0.205648 0.284388 0.237887,
        0.207106 0.282487 0.237887,
        0.208023 0.280274 0.237887,
        0.205704 0.289235 0.235173,
        0.208415 0.287155 0.235173,
        0.210495 0.284444 0.235173,
        0.211803 0.281286 0.235173,
        0.199158 0.296269 0.227499,
        0.199158 0.294137 0.231599,
        0.203361 0.293583 0.231599,
        0.207277 0.291961 0.231599,
        0.210641 0.289381 0.231599,
        0.213221 0.286017 0.231599,
        0.214843 0.282101 0.231599,
        0.199158 0.296333 0.227374,
        -0.211803 0.281286 0.235173,
        -0.208023 0.280274 0.237887,
        -0.203724 0.279122 0.239581,
        -0.203252 0.280262 0.239581,
        -0.201522 0.281992 0.239581,
        -0.202500 0.281241 0.239581,
        -0.200381 0.282464 0.239581,
        -0.216965 0.282670 0.227374,
        -0.215124 0.287116 0.227374,
        -0.212194 0.290934 0.227374,
        -0.208376 0.293864 0.227374,
        -0.203930 0.295706 0.227374,
        -0.199158 0.296333 0.227374,
        -0.199158 0.282597 0.239585,
        -0.207106 0.282487 0.237887,
        -0.205648 0.284388 0.237887,
        -0.203747 0.285846 0.237887,
        -0.201533 0.286763 0.237887,
        -0.199158 0.282625 0.239581,
        -0.199158 0.287023 0.237907,
        -0.199158 0.287076 0.237887,
        -0.199158 0.290920 0.235222,
        -0.210495 0.284444 0.235173,
        -0.208415 0.287155 0.235173,
        -0.205704 0.289235 0.235173,
        -0.202546 0.290543 0.235173,
        -0.214843 0.282101 0.231599,
        -0.213221 0.286017 0.231599,
        -0.210641 0.289381 0.231599,
        -0.207277 0.291961 0.231599,
        -0.203361 0.293583 0.231599,
        -0.199158 0.290989 0.235173,
        -0.199158 0.294062 0.231684,
        -0.199158 0.294137 0.231599,
        -0.199158 0.296269 0.227499,
      ]
    }
    coordIndex [
      0, 1, 2, -1,
      3, 4, 5, -1,
      5, 4, 6, -1,
      7, 8, 9, -1,
      10, 11, 12, -1,
      12, 11, 13, -1,
      14, 15, 16, -1,
      16, 15, 17, -1,
      6, 18, 5, -1,
      5, 18, 19, -1,
      5, 19, 20, -1,
      13, 21, 12, -1,
      12, 21, 22, -1,
      12, 22, 23, -1,
      23, 24, 12, -1,
      12, 24, 25, -1,
      12, 25, 26, -1,
      16, 27, 12, -1,
      12, 27, 28, -1,
      12, 28, 10, -1,
      29, 30, 31, -1,
      31, 30, 32, -1,
      33, 34, 35, -1,
      3, 5, 36, -1,
      36, 5, 27, -1,
      36, 27, 37, -1,
      38, 39, 40, -1,
      40, 39, 41, -1,
      20, 42, 5, -1,
      5, 42, 43, -1,
      5, 43, 44, -1,
      45, 16, 46, -1,
      46, 16, 47, -1,
      45, 48, 16, -1,
      16, 48, 49, -1,
      16, 49, 27, -1,
      27, 49, 50, -1,
      27, 50, 37, -1,
      9, 51, 7, -1,
      7, 51, 10, -1,
      7, 10, 52, -1,
      52, 10, 28, -1,
      53, 38, 54, -1,
      54, 38, 40, -1,
      54, 40, 44, -1,
      44, 40, 10, -1,
      44, 10, 5, -1,
      5, 10, 51, -1,
      55, 56, 57, -1,
      58, 59, 60, -1,
      61, 62, 10, -1,
      62, 63, 10, -1,
      10, 63, 64, -1,
      10, 64, 65, -1,
      66, 67, 68, -1,
      64, 69, 65, -1,
      65, 69, 66, -1,
      65, 66, 70, -1,
      70, 66, 68, -1,
      71, 72, 73, -1,
      73, 74, 75, -1,
      60, 61, 58, -1,
      58, 61, 10, -1,
      58, 10, 57, -1,
      57, 10, 40, -1,
      57, 40, 55, -1,
      55, 40, 76, -1,
      55, 76, 77, -1,
      78, 79, 80, -1,
      80, 79, 71, -1,
      80, 71, 81, -1,
      73, 75, 71, -1,
      71, 75, 82, -1,
      71, 82, 81, -1,
      74, 73, 83, -1,
      83, 73, 76, -1,
      83, 76, 84, -1,
      85, 86, 40, -1,
      35, 53, 33, -1,
      33, 53, 54, -1,
      33, 54, 32, -1,
      32, 54, 47, -1,
      32, 47, 31, -1,
      31, 47, 16, -1,
      31, 16, 87, -1,
      87, 16, 17, -1,
      87, 17, 41, -1,
      41, 17, 0, -1,
      41, 0, 40, -1,
      40, 0, 2, -1,
      40, 2, 85, -1,
      86, 88, 40, -1,
      40, 88, 89, -1,
      40, 89, 76, -1,
      76, 89, 90, -1,
      76, 90, 84, -1,
      2, 91, 92, -1,
      93, 94, 95, -1,
      95, 94, 85, -1,
      95, 85, 96, -1,
      96, 85, 2, -1,
      96, 2, 97, -1,
      97, 2, 92, -1,
      98, 99, 100, -1,
      101, 102, 103, -1,
      93, 104, 94, -1,
      94, 104, 105, -1,
      94, 105, 106, -1,
      106, 107, 94, -1,
      94, 107, 108, -1,
      94, 108, 109, -1,
      109, 110, 94, -1,
      94, 110, 111, -1,
      94, 111, 112, -1,
      113, 114, 115, -1,
      115, 114, 116, -1,
      112, 117, 94, -1,
      94, 117, 114, -1,
      94, 114, 118, -1,
      118, 114, 113, -1,
      99, 119, 100, -1,
      100, 119, 101, -1,
      100, 101, 120, -1,
      120, 101, 103, -1,
      121, 122, 123, -1,
      123, 122, 124, -1,
      123, 124, 92, -1,
      125, 126, 124, -1,
      124, 126, 127, -1,
      124, 127, 128, -1,
      128, 129, 124, -1,
      124, 129, 130, -1,
      124, 130, 92, -1,
      92, 130, 131, -1,
      92, 131, 97, -1,
      132, 133, 134, -1,
      134, 133, 135, -1,
      134, 135, 136, -1,
      136, 135, 137, -1,
      136, 137, 138, -1,
      98, 100, 123, -1,
      123, 100, 74, -1,
      123, 74, 121, -1,
      121, 74, 83, -1,
      121, 83, 134, -1,
      134, 83, 139, -1,
      134, 139, 132, -1,
      137, 140, 138, -1,
      138, 140, 141, -1,
      138, 141, 124, -1,
      124, 141, 142, -1,
      124, 142, 125, -1,
      143, 99, 98, -1,
      1, 144, 2, -1,
      2, 144, 145, -1,
      2, 145, 91, -1,
      98, 146, 143, -1,
      143, 146, 145, -1,
      143, 145, 147, -1,
      147, 145, 144, -1,
      147, 144, 148, -1,
      26, 25, 149, -1,
      149, 25, 147, -1,
      149, 147, 150, -1,
      150, 147, 148, -1,
      150, 148, 14, -1,
      14, 148, 15, -1,
      151, 64, 63, -1,
      72, 71, 152, -1,
      152, 71, 153, -1,
      152, 153, 154, -1,
      63, 155, 151, -1,
      151, 155, 156, -1,
      151, 156, 153, -1,
      157, 56, 55, -1,
      60, 59, 156, -1,
      156, 59, 158, -1,
      156, 158, 153, -1,
      153, 158, 157, -1,
      153, 157, 154, -1,
      154, 157, 55, -1,
      154, 55, 77, -1,
      159, 160, 161, -1,
      162, 163, 164, -1,
      165, 166, 167, -1,
      167, 166, 164, -1,
      167, 164, 168, -1,
      168, 164, 163, -1,
      169, 170, 171, -1,
      172, 173, 174, -1,
      169, 175, 170, -1,
      170, 175, 176, -1,
      170, 176, 177, -1,
      177, 176, 178, -1,
      179, 180, 181, -1,
      181, 180, 182, -1,
      181, 182, 183, -1,
      184, 185, 186, -1,
      186, 185, 187, -1,
      188, 189, 190, -1,
      190, 189, 191, -1,
      190, 191, 192, -1,
      192, 191, 184, -1,
      192, 184, 171, -1,
      171, 184, 186, -1,
      171, 186, 169, -1,
      164, 190, 162, -1,
      162, 190, 192, -1,
      162, 192, 193, -1,
      193, 192, 194, -1,
      193, 194, 195, -1,
      195, 194, 196, -1,
      195, 197, 198, -1,
      199, 200, 201, -1,
      201, 200, 202, -1,
      201, 202, 203, -1,
      203, 204, 201, -1,
      201, 204, 205, -1,
      201, 205, 206, -1,
      187, 207, 186, -1,
      186, 207, 208, -1,
      186, 208, 174, -1,
      174, 208, 209, -1,
      174, 209, 172, -1,
      210, 211, 212, -1,
      212, 211, 213, -1,
      214, 215, 177, -1,
      177, 215, 216, -1,
      217, 218, 219, -1,
      219, 218, 220, -1,
      219, 220, 221, -1,
      213, 222, 212, -1,
      212, 222, 223, -1,
      212, 223, 224, -1,
      178, 225, 177, -1,
      177, 225, 226, -1,
      177, 226, 227, -1,
      219, 228, 229, -1,
      229, 230, 219, -1,
      219, 230, 231, -1,
      219, 231, 232, -1,
      232, 233, 219, -1,
      219, 233, 234, -1,
      219, 234, 235, -1,
      235, 236, 219, -1,
      219, 236, 237, -1,
      219, 237, 217, -1,
      217, 237, 238, -1,
      239, 240, 241, -1,
      241, 240, 242, -1,
      241, 242, 243, -1,
      243, 242, 217, -1,
      243, 217, 244, -1,
      244, 217, 238, -1,
      183, 245, 181, -1,
      181, 245, 246, -1,
      181, 246, 212, -1,
      246, 247, 212, -1,
      212, 247, 248, -1,
      212, 248, 174, -1,
      249, 250, 216, -1,
      216, 250, 251, -1,
      216, 251, 177, -1,
      252, 253, 254, -1,
      254, 253, 255, -1,
      254, 255, 256, -1,
      256, 255, 257, -1,
      256, 257, 258, -1,
      258, 257, 259, -1,
      258, 259, 260, -1,
      260, 259, 261, -1,
      260, 261, 262, -1,
      262, 261, 263, -1,
      190, 264, 188, -1,
      188, 264, 265, -1,
      188, 265, 263, -1,
      263, 265, 266, -1,
      263, 266, 262, -1,
      196, 267, 195, -1,
      195, 267, 268, -1,
      195, 268, 269, -1,
      269, 270, 195, -1,
      195, 270, 271, -1,
      195, 271, 197, -1,
      272, 273, 274, -1,
      274, 273, 275, -1,
      274, 275, 198, -1,
      198, 275, 276, -1,
      198, 276, 195, -1,
      221, 277, 219, -1,
      219, 277, 278, -1,
      219, 278, 181, -1,
      181, 278, 279, -1,
      181, 279, 179, -1,
      173, 280, 174, -1,
      174, 280, 281, -1,
      174, 281, 212, -1,
      212, 281, 282, -1,
      212, 282, 210, -1,
      227, 283, 177, -1,
      177, 283, 284, -1,
      177, 284, 214, -1,
      272, 274, 285, -1,
      285, 274, 286, -1,
      285, 286, 287, -1,
      288, 289, 290, -1,
      290, 289, 291, -1,
      292, 293, 294, -1,
      294, 293, 290, -1,
      294, 290, 167, -1,
      167, 290, 291, -1,
      167, 291, 165, -1,
      295, 296, 297, -1,
      297, 296, 298, -1,
      297, 298, 299, -1,
      300, 297, 301, -1,
      301, 297, 302, -1,
      301, 302, 303, -1,
      304, 305, 306, -1,
      306, 305, 307, -1,
      308, 309, 310, -1,
      300, 311, 312, -1,
      308, 310, 313, -1,
      312, 311, 314, -1,
      314, 311, 315, -1,
      314, 315, 316, -1,
      312, 317, 300, -1,
      300, 317, 318, -1,
      300, 318, 297, -1,
      297, 318, 319, -1,
      297, 319, 295, -1,
      299, 320, 297, -1,
      297, 320, 321, -1,
      297, 321, 322, -1,
      309, 323, 310, -1,
      310, 323, 324, -1,
      310, 324, 325, -1,
      304, 306, 326, -1,
      326, 306, 327, -1,
      326, 327, 328, -1,
      328, 327, 329, -1,
      328, 329, 330, -1,
      331, 332, 306, -1,
      325, 333, 310, -1,
      310, 333, 334, -1,
      310, 334, 302, -1,
      302, 334, 335, -1,
      302, 335, 303, -1,
      336, 337, 338, -1,
      315, 339, 316, -1,
      316, 339, 340, -1,
      316, 340, 341, -1,
      342, 343, 344, -1,
      338, 337, 330, -1,
      330, 337, 345, -1,
      330, 345, 346, -1,
      346, 347, 330, -1,
      330, 347, 348, -1,
      330, 348, 328, -1,
      341, 349, 316, -1,
      316, 349, 350, -1,
      316, 350, 351, -1,
      342, 344, 338, -1,
      338, 344, 352, -1,
      338, 352, 336, -1,
      351, 353, 316, -1,
      316, 353, 354, -1,
      316, 354, 355, -1,
      355, 354, 356, -1,
      355, 356, 357, -1,
      358, 359, 360, -1,
      360, 359, 361, -1,
      360, 361, 362, -1,
      322, 363, 297, -1,
      297, 363, 358, -1,
      297, 358, 364, -1,
      364, 358, 360, -1,
      365, 366, 331, -1,
      366, 367, 331, -1,
      331, 367, 368, -1,
      331, 368, 369, -1,
      370, 371, 372, -1,
      372, 371, 373, -1,
      374, 375, 376, -1,
      374, 376, 377, -1,
      370, 378, 371, -1,
      371, 378, 379, -1,
      371, 379, 380, -1,
      381, 382, 310, -1,
      310, 382, 383, -1,
      375, 384, 376, -1,
      376, 384, 385, -1,
      376, 385, 310, -1,
      310, 385, 386, -1,
      310, 386, 381, -1,
      387, 388, 331, -1,
      331, 388, 389, -1,
      331, 389, 365, -1,
      380, 390, 371, -1,
      371, 390, 391, -1,
      371, 391, 376, -1,
      376, 391, 392, -1,
      376, 392, 377, -1,
      383, 393, 310, -1,
      310, 393, 394, -1,
      310, 394, 395, -1,
      307, 396, 306, -1,
      306, 396, 313, -1,
      306, 313, 331, -1,
      331, 313, 310, -1,
      331, 310, 387, -1,
      387, 310, 395, -1,
      397, 398, 369, -1,
      369, 398, 360, -1,
      369, 360, 331, -1,
      331, 360, 362, -1,
      331, 362, 332, -1,
      399, 400, 401, -1,
      401, 400, 402, -1,
      403, 404, 405, -1,
      406, 407, 408, -1,
      408, 407, 409, -1,
      404, 410, 405, -1,
      405, 410, 411, -1,
      405, 411, 412, -1,
      413, 414, 415, -1,
      415, 414, 416, -1,
      415, 416, 417, -1,
      418, 419, 420, -1,
      420, 419, 421, -1,
      413, 415, 422, -1,
      422, 415, 408, -1,
      422, 408, 423, -1,
      421, 424, 420, -1,
      420, 424, 425, -1,
      420, 425, 426, -1,
      409, 427, 408, -1,
      408, 427, 405, -1,
      408, 405, 423, -1,
      423, 405, 412, -1,
      417, 428, 415, -1,
      415, 428, 429, -1,
      415, 429, 430, -1,
      430, 429, 431, -1,
      430, 431, 432, -1,
      432, 433, 430, -1,
      430, 433, 434, -1,
      430, 434, 435, -1,
      436, 437, 438, -1,
      438, 437, 439, -1,
      438, 439, 440, -1,
      440, 439, 441, -1,
      440, 441, 442, -1,
      442, 441, 443, -1,
      442, 443, 444, -1,
      444, 443, 445, -1,
      444, 445, 446, -1,
      446, 445, 447, -1,
      405, 448, 403, -1,
      403, 448, 449, -1,
      403, 449, 447, -1,
      447, 449, 450, -1,
      447, 450, 446, -1,
      435, 451, 430, -1,
      430, 451, 452, -1,
      430, 452, 453, -1,
      454, 455, 456, -1,
      371, 457, 458, -1,
      458, 457, 454, -1,
      458, 454, 459, -1,
      459, 454, 456, -1,
      459, 456, 376, -1,
      460, 461, 462, -1,
      456, 460, 376, -1,
      376, 460, 462, -1,
      376, 462, 371, -1,
      371, 462, 463, -1,
      371, 463, 457, -1,
      464, 465, 466, -1,
      465, 464, 467, -1,
      467, 464, 458, -1,
      467, 458, 468, -1,
      468, 458, 459, -1,
      468, 459, 466, -1,
      466, 459, 469, -1,
      466, 469, 464, -1,
      397, 373, 398, -1,
      398, 373, 371, -1,
      398, 371, 470, -1,
      470, 371, 458, -1,
      470, 458, 471, -1,
      471, 458, 464, -1,
      471, 464, 290, -1,
      290, 464, 201, -1,
      290, 201, 288, -1,
      288, 201, 206, -1,
      472, 473, 474, -1,
      473, 475, 474, -1,
      474, 475, 476, -1,
      474, 476, 477, -1,
      478, 479, 212, -1,
      479, 480, 212, -1,
      212, 480, 481, -1,
      212, 481, 482, -1,
      159, 464, 483, -1,
      483, 464, 469, -1,
      483, 469, 484, -1,
      484, 469, 485, -1,
      486, 487, 161, -1,
      161, 487, 488, -1,
      161, 488, 489, -1,
      472, 474, 490, -1,
      490, 474, 491, -1,
      490, 491, 492, -1,
      493, 494, 161, -1,
      161, 494, 495, -1,
      161, 495, 496, -1,
      489, 497, 161, -1,
      161, 497, 498, -1,
      161, 498, 159, -1,
      159, 498, 499, -1,
      159, 499, 464, -1,
      464, 499, 500, -1,
      464, 500, 201, -1,
      201, 500, 501, -1,
      201, 501, 474, -1,
      477, 502, 474, -1,
      474, 502, 478, -1,
      474, 478, 201, -1,
      201, 478, 212, -1,
      201, 212, 199, -1,
      199, 212, 224, -1,
      496, 503, 161, -1,
      161, 503, 504, -1,
      161, 504, 486, -1,
      493, 505, 494, -1,
      494, 505, 506, -1,
      494, 506, 507, -1,
      507, 506, 508, -1,
      482, 509, 212, -1,
      212, 509, 510, -1,
      212, 510, 469, -1,
      469, 510, 511, -1,
      469, 511, 485, -1,
      292, 228, 293, -1,
      293, 228, 219, -1,
      293, 219, 402, -1,
      402, 219, 420, -1,
      402, 420, 401, -1,
      401, 420, 426, -1,
      420, 512, 513, -1,
      512, 420, 514, -1,
      514, 420, 219, -1,
      514, 219, 515, -1,
      515, 219, 181, -1,
      515, 181, 513, -1,
      513, 181, 430, -1,
      513, 430, 420, -1,
      420, 430, 453, -1,
      420, 453, 418, -1,
      516, 517, 518, -1,
      519, 520, 521, -1,
      521, 520, 522, -1,
      408, 523, 524, -1,
      524, 523, 525, -1,
      524, 525, 526, -1,
      526, 527, 524, -1,
      524, 527, 528, -1,
      524, 528, 529, -1,
      529, 530, 524, -1,
      524, 530, 531, -1,
      524, 531, 532, -1,
      522, 533, 521, -1,
      521, 533, 534, -1,
      521, 534, 535, -1,
      535, 516, 521, -1,
      521, 516, 518, -1,
      521, 518, 415, -1,
      415, 518, 536, -1,
      415, 536, 408, -1,
      408, 536, 537, -1,
      408, 537, 523, -1,
      399, 406, 400, -1,
      400, 406, 408, -1,
      400, 408, 538, -1,
      538, 408, 524, -1,
      538, 524, 539, -1,
      539, 524, 540, -1,
      532, 519, 524, -1,
      524, 519, 521, -1,
      524, 521, 540, -1,
      540, 521, 541, -1,
      542, 11, 543, -1,
      543, 11, 10, -1,
      543, 10, 65, -1,
      100, 544, 74, -1,
      74, 544, 545, -1,
      74, 545, 75, -1,
      543, 546, 547, -1,
      543, 547, 542, -1,
      542, 547, 548, -1,
      542, 548, 549, -1,
      153, 550, 551, -1,
      153, 551, 151, -1,
      151, 551, 552, -1,
      151, 552, 553, -1,
      147, 554, 555, -1,
      147, 555, 143, -1,
      143, 555, 556, -1,
      143, 556, 557, -1,
      544, 558, 559, -1,
      544, 559, 545, -1,
      545, 559, 560, -1,
      545, 560, 561, -1,
      544, 100, 558, -1,
      558, 100, 120, -1,
      558, 120, 562, -1,
      562, 120, 563, -1,
      563, 120, 103, -1,
      563, 103, 564, -1,
      564, 103, 565, -1,
      565, 103, 102, -1,
      565, 102, 566, -1,
      566, 102, 567, -1,
      567, 102, 101, -1,
      567, 101, 568, -1,
      568, 101, 569, -1,
      569, 101, 119, -1,
      569, 119, 570, -1,
      99, 143, 119, -1,
      119, 143, 557, -1,
      119, 557, 570, -1,
      153, 71, 550, -1,
      550, 71, 79, -1,
      550, 79, 571, -1,
      571, 79, 572, -1,
      572, 79, 78, -1,
      572, 78, 573, -1,
      573, 78, 574, -1,
      574, 78, 80, -1,
      574, 80, 575, -1,
      575, 80, 576, -1,
      576, 80, 81, -1,
      576, 81, 577, -1,
      577, 81, 578, -1,
      578, 81, 82, -1,
      578, 82, 579, -1,
      75, 545, 82, -1,
      82, 545, 561, -1,
      82, 561, 579, -1,
      567, 568, 580, -1,
      580, 568, 569, -1,
      580, 569, 556, -1,
      556, 569, 570, -1,
      556, 570, 557, -1,
      580, 581, 567, -1,
      567, 581, 582, -1,
      567, 582, 566, -1,
      566, 582, 583, -1,
      583, 584, 566, -1,
      566, 584, 585, -1,
      566, 585, 565, -1,
      565, 585, 586, -1,
      565, 586, 564, -1,
      564, 586, 587, -1,
      564, 587, 563, -1,
      563, 587, 588, -1,
      563, 588, 562, -1,
      562, 588, 559, -1,
      562, 559, 558, -1,
      540, 541, 589, -1,
      539, 540, 590, -1,
      590, 540, 589, -1,
      590, 589, 591, -1,
      591, 589, 592, -1,
      591, 592, 593, -1,
      593, 592, 594, -1,
      593, 594, 595, -1,
      595, 594, 596, -1,
      595, 596, 597, -1,
      597, 596, 598, -1,
      597, 598, 599, -1,
      599, 598, 600, -1,
      599, 600, 601, -1,
      601, 600, 602, -1,
      601, 602, 603, -1,
      603, 602, 604, -1,
      603, 604, 605, -1,
      605, 604, 606, -1,
      605, 606, 607, -1,
      607, 606, 608, -1,
      607, 608, 559, -1,
      559, 608, 560, -1,
      576, 577, 609, -1,
      609, 577, 578, -1,
      609, 578, 560, -1,
      560, 578, 579, -1,
      560, 579, 561, -1,
      609, 610, 576, -1,
      576, 610, 611, -1,
      576, 611, 575, -1,
      575, 611, 612, -1,
      612, 613, 575, -1,
      575, 613, 614, -1,
      575, 614, 574, -1,
      574, 614, 615, -1,
      574, 615, 573, -1,
      573, 615, 616, -1,
      573, 616, 572, -1,
      572, 616, 617, -1,
      572, 617, 571, -1,
      571, 617, 551, -1,
      571, 551, 550, -1,
      147, 25, 554, -1,
      554, 25, 24, -1,
      554, 24, 618, -1,
      618, 24, 619, -1,
      619, 24, 23, -1,
      619, 23, 620, -1,
      620, 23, 621, -1,
      621, 23, 22, -1,
      621, 22, 622, -1,
      622, 22, 623, -1,
      623, 22, 21, -1,
      623, 21, 624, -1,
      624, 21, 625, -1,
      625, 21, 13, -1,
      625, 13, 626, -1,
      11, 542, 13, -1,
      13, 542, 549, -1,
      13, 549, 626, -1,
      627, 628, 629, -1,
      630, 631, 632, -1,
      539, 633, 634, -1,
      635, 633, 539, -1,
      632, 631, 539, -1,
      636, 539, 631, -1,
      637, 581, 580, -1,
      581, 637, 582, -1,
      582, 637, 638, -1,
      582, 638, 583, -1,
      583, 638, 639, -1,
      583, 639, 584, -1,
      584, 639, 640, -1,
      584, 640, 585, -1,
      585, 640, 586, -1,
      586, 640, 641, -1,
      586, 641, 587, -1,
      587, 641, 588, -1,
      588, 641, 607, -1,
      588, 607, 559, -1,
      590, 635, 539, -1,
      642, 643, 630, -1,
      630, 643, 644, -1,
      630, 644, 631, -1,
      631, 644, 645, -1,
      631, 645, 636, -1,
      646, 634, 647, -1,
      647, 634, 633, -1,
      647, 633, 648, -1,
      648, 633, 635, -1,
      648, 635, 649, -1,
      590, 591, 635, -1,
      635, 591, 593, -1,
      635, 593, 649, -1,
      649, 593, 595, -1,
      649, 595, 597, -1,
      629, 646, 650, -1,
      650, 646, 647, -1,
      650, 647, 651, -1,
      651, 647, 648, -1,
      651, 648, 652, -1,
      652, 648, 649, -1,
      652, 649, 653, -1,
      653, 649, 597, -1,
      654, 655, 656, -1,
      656, 655, 627, -1,
      627, 629, 656, -1,
      656, 629, 650, -1,
      656, 650, 657, -1,
      657, 650, 651, -1,
      657, 651, 658, -1,
      658, 651, 652, -1,
      658, 652, 659, -1,
      659, 652, 653, -1,
      659, 653, 660, -1,
      628, 642, 629, -1,
      629, 642, 630, -1,
      629, 630, 646, -1,
      646, 630, 632, -1,
      646, 632, 634, -1,
      634, 632, 539, -1,
      654, 637, 661, -1,
      661, 637, 580, -1,
      661, 580, 556, -1,
      597, 599, 653, -1,
      653, 599, 601, -1,
      653, 601, 660, -1,
      660, 601, 603, -1,
      660, 603, 605, -1,
      654, 656, 637, -1,
      637, 656, 657, -1,
      637, 657, 638, -1,
      638, 657, 658, -1,
      638, 658, 639, -1,
      639, 658, 659, -1,
      639, 659, 640, -1,
      640, 659, 660, -1,
      640, 660, 641, -1,
      641, 660, 605, -1,
      641, 605, 607, -1,
      602, 600, 662, -1,
      663, 664, 665, -1,
      541, 666, 667, -1,
      668, 666, 541, -1,
      665, 664, 541, -1,
      589, 541, 664, -1,
      669, 610, 609, -1,
      610, 669, 611, -1,
      611, 669, 670, -1,
      611, 670, 612, -1,
      612, 670, 671, -1,
      612, 671, 613, -1,
      613, 671, 672, -1,
      613, 672, 614, -1,
      614, 672, 615, -1,
      615, 672, 673, -1,
      615, 673, 616, -1,
      616, 673, 617, -1,
      617, 673, 674, -1,
      617, 674, 551, -1,
      675, 668, 541, -1,
      598, 596, 663, -1,
      663, 596, 594, -1,
      663, 594, 664, -1,
      664, 594, 592, -1,
      664, 592, 589, -1,
      676, 667, 677, -1,
      677, 667, 666, -1,
      677, 666, 678, -1,
      678, 666, 668, -1,
      678, 668, 679, -1,
      675, 680, 668, -1,
      668, 680, 681, -1,
      668, 681, 679, -1,
      679, 681, 682, -1,
      679, 682, 683, -1,
      662, 676, 684, -1,
      684, 676, 677, -1,
      684, 677, 685, -1,
      685, 677, 678, -1,
      685, 678, 686, -1,
      686, 678, 679, -1,
      686, 679, 687, -1,
      687, 679, 683, -1,
      606, 604, 688, -1,
      688, 604, 602, -1,
      602, 662, 688, -1,
      688, 662, 684, -1,
      688, 684, 689, -1,
      689, 684, 685, -1,
      689, 685, 690, -1,
      690, 685, 686, -1,
      690, 686, 691, -1,
      691, 686, 687, -1,
      691, 687, 692, -1,
      600, 598, 662, -1,
      662, 598, 663, -1,
      662, 663, 676, -1,
      676, 663, 665, -1,
      676, 665, 667, -1,
      667, 665, 541, -1,
      606, 669, 608, -1,
      608, 669, 609, -1,
      608, 609, 560, -1,
      683, 693, 687, -1,
      687, 693, 694, -1,
      687, 694, 692, -1,
      692, 694, 695, -1,
      692, 695, 696, -1,
      606, 688, 669, -1,
      669, 688, 689, -1,
      669, 689, 670, -1,
      670, 689, 690, -1,
      670, 690, 671, -1,
      671, 690, 691, -1,
      671, 691, 672, -1,
      672, 691, 692, -1,
      672, 692, 673, -1,
      673, 692, 696, -1,
      673, 696, 674, -1,
      543, 65, 546, -1,
      546, 65, 70, -1,
      546, 70, 697, -1,
      697, 70, 698, -1,
      698, 70, 68, -1,
      698, 68, 699, -1,
      699, 68, 700, -1,
      700, 68, 67, -1,
      700, 67, 701, -1,
      701, 67, 702, -1,
      702, 67, 66, -1,
      702, 66, 703, -1,
      703, 66, 704, -1,
      704, 66, 69, -1,
      704, 69, 705, -1,
      64, 151, 69, -1,
      69, 151, 553, -1,
      69, 553, 705, -1,
      623, 624, 706, -1,
      706, 624, 625, -1,
      706, 625, 548, -1,
      548, 625, 626, -1,
      548, 626, 549, -1,
      706, 707, 623, -1,
      623, 707, 708, -1,
      623, 708, 622, -1,
      622, 708, 709, -1,
      709, 710, 622, -1,
      622, 710, 711, -1,
      622, 711, 621, -1,
      621, 711, 712, -1,
      621, 712, 620, -1,
      620, 712, 713, -1,
      620, 713, 619, -1,
      619, 713, 714, -1,
      619, 714, 618, -1,
      618, 714, 555, -1,
      618, 555, 554, -1,
      364, 360, 715, -1,
      715, 360, 398, -1,
      715, 398, 470, -1,
      556, 555, 661, -1,
      661, 555, 716, -1,
      661, 716, 654, -1,
      654, 716, 717, -1,
      654, 717, 655, -1,
      655, 717, 718, -1,
      655, 718, 627, -1,
      627, 718, 719, -1,
      627, 719, 628, -1,
      628, 719, 720, -1,
      628, 720, 642, -1,
      642, 720, 721, -1,
      642, 721, 643, -1,
      643, 721, 722, -1,
      643, 722, 644, -1,
      644, 722, 723, -1,
      644, 723, 645, -1,
      645, 723, 724, -1,
      645, 724, 636, -1,
      636, 724, 715, -1,
      636, 715, 471, -1,
      471, 715, 470, -1,
      471, 290, 636, -1,
      636, 290, 293, -1,
      636, 293, 402, -1,
      402, 400, 636, -1,
      636, 400, 538, -1,
      636, 538, 539, -1,
      552, 551, 725, -1,
      725, 551, 674, -1,
      725, 674, 726, -1,
      726, 674, 696, -1,
      726, 696, 727, -1,
      727, 696, 695, -1,
      727, 695, 728, -1,
      728, 695, 694, -1,
      728, 694, 729, -1,
      729, 694, 693, -1,
      729, 693, 730, -1,
      730, 693, 683, -1,
      730, 683, 731, -1,
      731, 683, 682, -1,
      731, 682, 732, -1,
      732, 682, 681, -1,
      732, 681, 733, -1,
      733, 681, 680, -1,
      733, 680, 734, -1,
      734, 680, 675, -1,
      541, 521, 675, -1,
      675, 521, 415, -1,
      675, 415, 430, -1,
      430, 181, 675, -1,
      675, 181, 212, -1,
      675, 212, 734, -1,
      734, 212, 469, -1,
      734, 469, 459, -1,
      459, 376, 734, -1,
      734, 376, 310, -1,
      734, 310, 302, -1,
      702, 703, 735, -1,
      735, 703, 704, -1,
      735, 704, 552, -1,
      552, 704, 705, -1,
      552, 705, 553, -1,
      735, 736, 702, -1,
      702, 736, 737, -1,
      702, 737, 701, -1,
      701, 737, 738, -1,
      738, 739, 701, -1,
      701, 739, 740, -1,
      701, 740, 700, -1,
      700, 740, 741, -1,
      700, 741, 699, -1,
      699, 741, 742, -1,
      699, 742, 698, -1,
      698, 742, 743, -1,
      698, 743, 697, -1,
      697, 743, 547, -1,
      697, 547, 546, -1,
      744, 745, 746, -1,
      747, 748, 749, -1,
      364, 750, 751, -1,
      752, 750, 364, -1,
      749, 748, 364, -1,
      753, 364, 748, -1,
      754, 707, 706, -1,
      707, 754, 708, -1,
      708, 754, 755, -1,
      708, 755, 709, -1,
      709, 755, 756, -1,
      709, 756, 710, -1,
      710, 756, 757, -1,
      710, 757, 711, -1,
      711, 757, 712, -1,
      712, 757, 758, -1,
      712, 758, 713, -1,
      713, 758, 714, -1,
      714, 758, 716, -1,
      714, 716, 555, -1,
      715, 752, 364, -1,
      759, 760, 747, -1,
      747, 760, 761, -1,
      747, 761, 748, -1,
      748, 761, 762, -1,
      748, 762, 753, -1,
      763, 751, 764, -1,
      764, 751, 750, -1,
      764, 750, 765, -1,
      765, 750, 752, -1,
      765, 752, 766, -1,
      715, 724, 752, -1,
      752, 724, 723, -1,
      752, 723, 766, -1,
      766, 723, 722, -1,
      766, 722, 721, -1,
      746, 763, 767, -1,
      767, 763, 764, -1,
      767, 764, 768, -1,
      768, 764, 765, -1,
      768, 765, 769, -1,
      769, 765, 766, -1,
      769, 766, 770, -1,
      770, 766, 721, -1,
      771, 772, 773, -1,
      773, 772, 744, -1,
      744, 746, 773, -1,
      773, 746, 767, -1,
      773, 767, 774, -1,
      774, 767, 768, -1,
      774, 768, 775, -1,
      775, 768, 769, -1,
      775, 769, 776, -1,
      776, 769, 770, -1,
      776, 770, 777, -1,
      745, 759, 746, -1,
      746, 759, 747, -1,
      746, 747, 763, -1,
      763, 747, 749, -1,
      763, 749, 751, -1,
      751, 749, 364, -1,
      771, 754, 778, -1,
      778, 754, 706, -1,
      778, 706, 548, -1,
      721, 720, 770, -1,
      770, 720, 719, -1,
      770, 719, 777, -1,
      777, 719, 718, -1,
      777, 718, 717, -1,
      771, 773, 754, -1,
      754, 773, 774, -1,
      754, 774, 755, -1,
      755, 774, 775, -1,
      755, 775, 756, -1,
      756, 775, 776, -1,
      756, 776, 757, -1,
      757, 776, 777, -1,
      757, 777, 758, -1,
      758, 777, 717, -1,
      758, 717, 716, -1,
      728, 729, 779, -1,
      780, 781, 782, -1,
      302, 783, 784, -1,
      785, 783, 302, -1,
      782, 781, 302, -1,
      734, 302, 781, -1,
      786, 736, 735, -1,
      736, 786, 737, -1,
      737, 786, 787, -1,
      737, 787, 738, -1,
      738, 787, 788, -1,
      738, 788, 739, -1,
      739, 788, 789, -1,
      739, 789, 740, -1,
      740, 789, 741, -1,
      741, 789, 790, -1,
      741, 790, 742, -1,
      742, 790, 743, -1,
      743, 790, 791, -1,
      743, 791, 547, -1,
      792, 785, 302, -1,
      730, 731, 780, -1,
      780, 731, 732, -1,
      780, 732, 781, -1,
      781, 732, 733, -1,
      781, 733, 734, -1,
      793, 784, 794, -1,
      794, 784, 783, -1,
      794, 783, 795, -1,
      795, 783, 785, -1,
      795, 785, 796, -1,
      792, 797, 785, -1,
      785, 797, 798, -1,
      785, 798, 796, -1,
      796, 798, 799, -1,
      796, 799, 800, -1,
      779, 793, 801, -1,
      801, 793, 794, -1,
      801, 794, 802, -1,
      802, 794, 795, -1,
      802, 795, 803, -1,
      803, 795, 796, -1,
      803, 796, 804, -1,
      804, 796, 800, -1,
      726, 727, 805, -1,
      805, 727, 728, -1,
      728, 779, 805, -1,
      805, 779, 801, -1,
      805, 801, 806, -1,
      806, 801, 802, -1,
      806, 802, 807, -1,
      807, 802, 803, -1,
      807, 803, 808, -1,
      808, 803, 804, -1,
      808, 804, 809, -1,
      729, 730, 779, -1,
      779, 730, 780, -1,
      779, 780, 793, -1,
      793, 780, 782, -1,
      793, 782, 784, -1,
      784, 782, 302, -1,
      726, 786, 725, -1,
      725, 786, 735, -1,
      725, 735, 552, -1,
      800, 810, 804, -1,
      804, 810, 811, -1,
      804, 811, 809, -1,
      809, 811, 812, -1,
      809, 812, 813, -1,
      726, 805, 786, -1,
      786, 805, 806, -1,
      786, 806, 787, -1,
      787, 806, 807, -1,
      787, 807, 788, -1,
      788, 807, 808, -1,
      788, 808, 789, -1,
      789, 808, 809, -1,
      789, 809, 790, -1,
      790, 809, 813, -1,
      790, 813, 791, -1,
      297, 364, 753, -1,
      548, 547, 778, -1,
      778, 547, 791, -1,
      778, 791, 771, -1,
      771, 791, 813, -1,
      771, 813, 772, -1,
      772, 813, 812, -1,
      772, 812, 744, -1,
      744, 812, 811, -1,
      744, 811, 745, -1,
      745, 811, 810, -1,
      745, 810, 759, -1,
      759, 810, 800, -1,
      759, 800, 760, -1,
      760, 800, 799, -1,
      760, 799, 761, -1,
      761, 799, 798, -1,
      761, 798, 762, -1,
      762, 798, 797, -1,
      762, 797, 753, -1,
      753, 797, 792, -1,
      753, 792, 297, -1,
      297, 792, 302, -1,
    ]
  }
}

Shape {
  appearance Appearance {
    material Material {
      diffuseColor 0.4510 0.4314 0.4196
      specularColor 0.0314 0.0314 0.0314
      ambientIntensity 0.2
      transparency 0.0000
      shininess 0.5
    }
  }
  geometry IndexedFaceSet {
    ccw TRUE
    solid FALSE
    coord DEF co Coordinate {
      point [
        0.008541 0.215609 0.240157,
        0.012201 0.216046 0.240157,
        0.016281 0.215517 0.240157,
        0.019108 0.214363 0.240157,
        -0.020748 0.216046 0.240157,
        -0.029390 0.216046 0.240157,
        -0.030295 0.214154 0.240157,
        -0.003600 0.187546 0.240157,
        -0.006827 0.183843 0.240157,
        0.017782 0.182198 0.240157,
        -0.009758 0.181754 0.240157,
        -0.020644 0.180500 0.240157,
        -0.023598 0.181570 0.240157,
        -0.023401 0.211730 0.240157,
        -0.004555 0.201609 0.240157,
        -0.016506 0.180037 0.240157,
        -0.009148 0.193040 0.240157,
        -0.025550 0.204735 0.240157,
        -0.009216 0.192935 0.240157,
        0.000026 0.209413 0.240157,
        0.002842 0.212612 0.240157,
        0.005550 0.214466 0.240157,
        0.021672 0.212507 0.240157,
        0.023872 0.209971 0.240157,
        0.025780 0.206650 0.240157,
        -0.026104 0.183235 0.240157,
        -0.028237 0.185502 0.240157,
        -0.030358 0.189207 0.240157,
        0.000993 0.195578 0.240157,
        0.020100 0.186663 0.240157,
        0.003902 0.201067 0.240157,
        0.021307 0.191711 0.240157,
        0.021563 0.195791 0.240157,
        0.026424 0.182198 0.240157,
        -0.031993 0.194995 0.240157,
        -0.032451 0.201181 0.240157,
        -0.031668 0.208782 0.240157,
        0.014744 0.207944 0.240157,
        0.012977 0.208124 0.240157,
        0.021189 0.199912 0.240157,
        -0.025969 0.200304 0.240157,
        -0.025639 0.196016 0.240157,
        -0.024828 0.193019 0.240157,
        0.020200 0.203017 0.240157,
        0.018903 0.205228 0.240157,
        0.017583 0.206582 0.240157,
        0.010724 0.207865 0.240157,
        0.009095 0.207244 0.240157,
        0.007630 0.206245 0.240157,
        0.006043 0.204434 0.240157,
        -0.023659 0.190900 0.240157,
        -0.022500 0.189671 0.240157,
        -0.021330 0.188889 0.240157,
        0.016331 0.207397 0.240157,
        -0.019487 0.188209 0.240157,
        -0.017158 0.187959 0.240157,
        -0.011331 0.190395 0.240157,
        -0.015024 0.188237 0.240157,
        -0.013335 0.188910 0.240157,
        0.027685 0.198854 0.240157,
        0.028045 0.195161 0.240157,
        0.027764 0.188605 0.240157,
        0.027685 0.188226 0.240157,
        0.027408 0.201689 0.240157,
        0.017986 0.166496 0.240157,
        0.022574 0.161875 0.240157,
        0.025817 0.156274 0.240157,
        0.027523 0.150302 0.240157,
        0.027685 0.148367 0.240157,
        0.025277 0.131348 0.240157,
        0.027263 0.136931 0.240157,
        0.027685 0.140775 0.240157,
        -0.022274 0.122837 0.240157,
        -0.026882 0.127386 0.240157,
        -0.016848 0.119603 0.240157,
        0.021824 0.126213 0.240157,
        0.016891 0.121831 0.240157,
        0.010994 0.118753 0.240157,
        -0.031685 0.152250 0.240157,
        -0.029776 0.157800 0.240157,
        -0.026699 0.162630 0.240157,
        -0.029874 0.132283 0.240157,
        -0.031750 0.137946 0.240157,
        -0.032451 0.145019 0.240157,
        -0.002901 0.172835 0.240157,
        0.005606 0.172033 0.240157,
        0.012504 0.169819 0.240157,
        0.004410 0.117079 0.240157,
        -0.001506 0.116661 0.240157,
        -0.010046 0.117453 0.240157,
        -0.022308 0.166872 0.240157,
        -0.016795 0.170144 0.240157,
        -0.010413 0.172140 0.240157,
        -0.012789 0.180522 0.240157,
        0.028045 0.144062 0.240157,
        -0.029390 0.216046 0.236220,
        -0.020748 0.216046 0.236220,
        -0.025969 0.200304 0.236220,
        -0.025550 0.204735 0.236220,
        -0.023401 0.211730 0.236220,
        -0.017158 0.187959 0.236220,
        -0.019487 0.188209 0.236220,
        -0.021330 0.188889 0.236220,
        -0.022500 0.189671 0.236220,
        -0.023659 0.190900 0.236220,
        -0.024828 0.193019 0.236220,
        -0.025639 0.196016 0.236220,
        -0.004555 0.201609 0.236220,
        -0.009148 0.193040 0.236220,
        -0.009216 0.192935 0.236220,
        -0.011331 0.190395 0.236220,
        -0.013335 0.188910 0.236220,
        -0.015024 0.188237 0.236220,
        0.012201 0.216046 0.236220,
        0.008541 0.215609 0.236220,
        0.005550 0.214466 0.236220,
        0.002842 0.212612 0.236220,
        0.000026 0.209413 0.236220,
        0.028045 0.195161 0.236220,
        0.027408 0.201689 0.236220,
        0.025780 0.206650 0.236220,
        0.023872 0.209971 0.236220,
        0.021672 0.212507 0.236220,
        0.019108 0.214363 0.236220,
        0.016281 0.215517 0.236220,
        0.027764 0.188605 0.236220,
        0.026424 0.182198 0.236220,
        0.017782 0.182198 0.236220,
        0.021563 0.195791 0.236220,
        0.021307 0.191711 0.236220,
        0.020100 0.186663 0.236220,
        0.012977 0.208124 0.236220,
        0.014744 0.207944 0.236220,
        0.016331 0.207397 0.236220,
        0.017583 0.206582 0.236220,
        0.018903 0.205228 0.236220,
        0.020200 0.203017 0.236220,
        0.021189 0.199912 0.236220,
        0.000993 0.195578 0.236220,
        0.003902 0.201067 0.236220,
        0.006043 0.204434 0.236220,
        0.007630 0.206245 0.236220,
        0.009095 0.207244 0.236220,
        0.010724 0.207865 0.236220,
        -0.016506 0.180037 0.236220,
        -0.012789 0.180522 0.236220,
        -0.009758 0.181754 0.236220,
        -0.006827 0.183843 0.236220,
        -0.003600 0.187546 0.236220,
        -0.032451 0.201181 0.236220,
        -0.031993 0.194995 0.236220,
        -0.030358 0.189207 0.236220,
        -0.028237 0.185502 0.236220,
        -0.026104 0.183235 0.236220,
        -0.023598 0.181570 0.236220,
        -0.020644 0.180500 0.236220,
        -0.030295 0.214154 0.236220,
        -0.031668 0.208782 0.236220,
        -0.002901 0.172835 0.236220,
        -0.010413 0.172140 0.236220,
        -0.016795 0.170144 0.236220,
        -0.022308 0.166872 0.236220,
        -0.026699 0.162630 0.236220,
        -0.029776 0.157800 0.236220,
        -0.031685 0.152250 0.236220,
        -0.032451 0.145019 0.236220,
        0.028045 0.144062 0.236220,
        0.027523 0.150302 0.236220,
        0.025817 0.156274 0.236220,
        0.022574 0.161875 0.236220,
        0.017986 0.166496 0.236220,
        0.012504 0.169819 0.236220,
        0.005606 0.172033 0.236220,
        -0.001506 0.116661 0.236220,
        0.004410 0.117079 0.236220,
        0.010994 0.118753 0.236220,
        0.016891 0.121831 0.236220,
        0.021824 0.126213 0.236220,
        0.025277 0.131348 0.236220,
        0.027263 0.136931 0.236220,
        -0.031750 0.137946 0.236220,
        -0.029874 0.132283 0.236220,
        -0.026882 0.127386 0.236220,
        -0.022274 0.122837 0.236220,
        -0.016848 0.119603 0.236220,
        -0.010046 0.117453 0.236220,
        -0.002259 0.164913 0.236220,
        -0.009063 0.164277 0.236220,
        -0.014394 0.162594 0.236220,
        -0.018648 0.160066 0.236220,
        -0.021956 0.156883 0.236220,
        -0.024172 0.153409 0.236220,
        -0.025551 0.149290 0.236220,
        -0.025969 0.144996 0.236220,
        -0.025413 0.139687 0.236220,
        -0.024016 0.135594 0.236220,
        -0.021810 0.132144 0.236220,
        -0.019036 0.129419 0.236220,
        -0.015261 0.127095 0.236220,
        -0.009654 0.125262 0.236220,
        -0.002372 0.124583 0.236220,
        0.004607 0.125167 0.236220,
        0.009965 0.126685 0.236220,
        0.014364 0.129138 0.236220,
        0.017437 0.132030 0.236220,
        0.019594 0.135316 0.236220,
        0.020981 0.139216 0.236220,
        0.021563 0.144501 0.236220,
        0.020937 0.149780 0.236220,
        0.019431 0.153746 0.236220,
        0.016994 0.157287 0.236220,
        0.013130 0.160689 0.236220,
        0.008506 0.163108 0.236220,
        0.002103 0.164661 0.236220,
        -0.002259 0.164913 0.240157,
        0.002103 0.164661 0.240157,
        0.008506 0.163108 0.240157,
        0.013130 0.160689 0.240157,
        0.016994 0.157287 0.240157,
        0.019431 0.153746 0.240157,
        0.020937 0.149780 0.240157,
        0.021563 0.144501 0.240157,
        0.020981 0.139216 0.240157,
        0.019594 0.135316 0.240157,
        0.017437 0.132030 0.240157,
        0.014364 0.129138 0.240157,
        0.009965 0.126685 0.240157,
        0.004607 0.125167 0.240157,
        -0.002372 0.124583 0.240157,
        -0.009654 0.125262 0.240157,
        -0.015261 0.127095 0.240157,
        -0.019036 0.129419 0.240157,
        -0.021810 0.132144 0.240157,
        -0.024016 0.135594 0.240157,
        -0.025413 0.139687 0.240157,
        -0.025969 0.144996 0.240157,
        -0.025551 0.149290 0.240157,
        -0.024172 0.153409 0.240157,
        -0.021956 0.156883 0.240157,
        -0.018648 0.160066 0.240157,
        -0.014394 0.162594 0.240157,
        -0.009063 0.164277 0.240157,
      ]
    }
    coordIndex [
      95, 96, 5, -1,
      5, 96, 4, -1,
      97, 40, 17, -1,
      97, 17, 98, -1,
      98, 17, 13, -1,
      98, 13, 99, -1,
      99, 13, 4, -1,
      99, 4, 96, -1,
      100, 55, 54, -1,
      100, 54, 101, -1,
      101, 54, 52, -1,
      101, 52, 102, -1,
      102, 52, 51, -1,
      102, 51, 103, -1,
      103, 51, 50, -1,
      103, 50, 104, -1,
      104, 50, 42, -1,
      104, 42, 105, -1,
      105, 42, 41, -1,
      105, 41, 106, -1,
      106, 41, 40, -1,
      106, 40, 97, -1,
      107, 14, 16, -1,
      107, 16, 108, -1,
      108, 16, 18, -1,
      108, 18, 109, -1,
      109, 18, 56, -1,
      109, 56, 110, -1,
      110, 56, 58, -1,
      110, 58, 111, -1,
      111, 58, 57, -1,
      111, 57, 112, -1,
      112, 57, 55, -1,
      112, 55, 100, -1,
      113, 1, 0, -1,
      113, 0, 114, -1,
      114, 0, 21, -1,
      114, 21, 115, -1,
      115, 21, 20, -1,
      115, 20, 116, -1,
      116, 20, 19, -1,
      116, 19, 117, -1,
      117, 19, 14, -1,
      117, 14, 107, -1,
      118, 60, 119, -1,
      119, 60, 59, -1,
      59, 63, 119, -1,
      119, 63, 24, -1,
      119, 24, 120, -1,
      120, 24, 23, -1,
      120, 23, 121, -1,
      121, 23, 22, -1,
      121, 22, 122, -1,
      122, 22, 3, -1,
      122, 3, 123, -1,
      123, 3, 2, -1,
      123, 2, 124, -1,
      124, 2, 1, -1,
      124, 1, 113, -1,
      60, 118, 125, -1,
      126, 33, 62, -1,
      126, 62, 125, -1,
      125, 62, 61, -1,
      125, 61, 60, -1,
      126, 127, 33, -1,
      33, 127, 9, -1,
      128, 32, 31, -1,
      128, 31, 129, -1,
      129, 31, 29, -1,
      129, 29, 130, -1,
      130, 29, 9, -1,
      130, 9, 127, -1,
      131, 38, 37, -1,
      131, 37, 132, -1,
      132, 37, 53, -1,
      132, 53, 133, -1,
      133, 53, 45, -1,
      133, 45, 134, -1,
      134, 45, 44, -1,
      134, 44, 135, -1,
      135, 44, 43, -1,
      135, 43, 136, -1,
      136, 43, 39, -1,
      136, 39, 137, -1,
      137, 39, 32, -1,
      137, 32, 128, -1,
      138, 28, 30, -1,
      138, 30, 139, -1,
      139, 30, 49, -1,
      139, 49, 140, -1,
      140, 49, 48, -1,
      140, 48, 141, -1,
      141, 48, 47, -1,
      141, 47, 142, -1,
      142, 47, 46, -1,
      142, 46, 143, -1,
      143, 46, 38, -1,
      143, 38, 131, -1,
      144, 15, 93, -1,
      144, 93, 145, -1,
      145, 93, 10, -1,
      145, 10, 146, -1,
      146, 10, 8, -1,
      146, 8, 147, -1,
      147, 8, 7, -1,
      147, 7, 148, -1,
      148, 7, 28, -1,
      148, 28, 138, -1,
      149, 35, 34, -1,
      149, 34, 150, -1,
      150, 34, 27, -1,
      150, 27, 151, -1,
      151, 27, 26, -1,
      151, 26, 152, -1,
      152, 26, 25, -1,
      152, 25, 153, -1,
      153, 25, 12, -1,
      153, 12, 154, -1,
      154, 12, 11, -1,
      154, 11, 155, -1,
      155, 11, 15, -1,
      155, 15, 144, -1,
      95, 5, 6, -1,
      95, 6, 156, -1,
      156, 6, 36, -1,
      156, 36, 157, -1,
      157, 36, 35, -1,
      157, 35, 149, -1,
      96, 95, 99, -1,
      99, 95, 156, -1,
      99, 156, 98, -1,
      98, 156, 157, -1,
      98, 157, 97, -1,
      97, 157, 149, -1,
      97, 149, 106, -1,
      106, 149, 150, -1,
      106, 150, 105, -1,
      105, 150, 151, -1,
      105, 151, 104, -1,
      104, 151, 152, -1,
      104, 152, 103, -1,
      103, 152, 153, -1,
      103, 153, 102, -1,
      102, 153, 154, -1,
      102, 154, 101, -1,
      101, 154, 155, -1,
      101, 155, 100, -1,
      100, 155, 144, -1,
      100, 144, 112, -1,
      112, 144, 145, -1,
      112, 145, 111, -1,
      111, 145, 146, -1,
      111, 146, 110, -1,
      110, 146, 147, -1,
      110, 147, 109, -1,
      109, 147, 148, -1,
      109, 148, 108, -1,
      108, 148, 138, -1,
      108, 138, 107, -1,
      107, 138, 139, -1,
      107, 139, 117, -1,
      117, 139, 140, -1,
      117, 140, 116, -1,
      116, 140, 141, -1,
      116, 141, 115, -1,
      115, 141, 142, -1,
      115, 142, 114, -1,
      114, 142, 143, -1,
      114, 143, 113, -1,
      113, 143, 131, -1,
      113, 131, 124, -1,
      124, 131, 132, -1,
      124, 132, 123, -1,
      123, 132, 133, -1,
      123, 133, 122, -1,
      122, 133, 134, -1,
      122, 134, 121, -1,
      121, 134, 135, -1,
      121, 135, 120, -1,
      120, 135, 136, -1,
      120, 136, 119, -1,
      119, 136, 137, -1,
      119, 137, 118, -1,
      118, 137, 128, -1,
      118, 128, 125, -1,
      125, 128, 129, -1,
      125, 129, 126, -1,
      126, 129, 130, -1,
      126, 130, 127, -1,
      158, 84, 92, -1,
      158, 92, 159, -1,
      159, 92, 91, -1,
      159, 91, 160, -1,
      160, 91, 90, -1,
      160, 90, 161, -1,
      161, 90, 80, -1,
      161, 80, 162, -1,
      162, 80, 79, -1,
      162, 79, 163, -1,
      163, 79, 78, -1,
      163, 78, 164, -1,
      164, 78, 83, -1,
      164, 83, 165, -1,
      94, 68, 166, -1,
      166, 68, 167, -1,
      68, 67, 167, -1,
      167, 67, 66, -1,
      167, 66, 168, -1,
      168, 66, 65, -1,
      168, 65, 169, -1,
      169, 65, 64, -1,
      169, 64, 170, -1,
      170, 64, 86, -1,
      170, 86, 171, -1,
      171, 86, 85, -1,
      171, 85, 172, -1,
      172, 85, 84, -1,
      172, 84, 158, -1,
      173, 88, 87, -1,
      173, 87, 174, -1,
      174, 87, 77, -1,
      174, 77, 175, -1,
      175, 77, 76, -1,
      175, 76, 176, -1,
      176, 76, 75, -1,
      176, 75, 177, -1,
      177, 75, 69, -1,
      177, 69, 178, -1,
      178, 69, 70, -1,
      178, 70, 179, -1,
      179, 70, 166, -1,
      166, 70, 71, -1,
      166, 71, 94, -1,
      165, 83, 82, -1,
      165, 82, 180, -1,
      180, 82, 81, -1,
      180, 81, 181, -1,
      181, 81, 73, -1,
      181, 73, 182, -1,
      182, 73, 72, -1,
      182, 72, 183, -1,
      183, 72, 74, -1,
      183, 74, 184, -1,
      184, 74, 89, -1,
      184, 89, 185, -1,
      185, 89, 88, -1,
      185, 88, 173, -1,
      186, 158, 187, -1,
      187, 158, 159, -1,
      187, 159, 188, -1,
      188, 159, 160, -1,
      188, 160, 189, -1,
      189, 160, 161, -1,
      189, 161, 190, -1,
      190, 161, 162, -1,
      190, 162, 191, -1,
      191, 162, 163, -1,
      191, 163, 192, -1,
      192, 163, 164, -1,
      192, 164, 193, -1,
      193, 164, 165, -1,
      193, 165, 194, -1,
      194, 165, 180, -1,
      194, 180, 195, -1,
      195, 180, 181, -1,
      195, 181, 196, -1,
      196, 181, 182, -1,
      196, 182, 197, -1,
      197, 182, 183, -1,
      197, 183, 198, -1,
      198, 183, 184, -1,
      198, 184, 199, -1,
      199, 184, 185, -1,
      199, 185, 200, -1,
      200, 185, 173, -1,
      200, 173, 201, -1,
      201, 173, 174, -1,
      201, 174, 202, -1,
      202, 174, 175, -1,
      202, 175, 203, -1,
      203, 175, 176, -1,
      203, 176, 204, -1,
      204, 176, 177, -1,
      204, 177, 205, -1,
      205, 177, 178, -1,
      205, 178, 206, -1,
      206, 178, 179, -1,
      206, 179, 207, -1,
      207, 179, 166, -1,
      207, 166, 208, -1,
      208, 166, 167, -1,
      208, 167, 209, -1,
      209, 167, 168, -1,
      209, 168, 210, -1,
      210, 168, 169, -1,
      210, 169, 211, -1,
      211, 169, 170, -1,
      211, 170, 212, -1,
      212, 170, 171, -1,
      212, 171, 213, -1,
      213, 171, 172, -1,
      213, 172, 186, -1,
      186, 172, 158, -1,
      186, 214, 215, -1,
      186, 215, 213, -1,
      213, 215, 216, -1,
      213, 216, 212, -1,
      212, 216, 217, -1,
      212, 217, 211, -1,
      211, 217, 218, -1,
      211, 218, 210, -1,
      210, 218, 219, -1,
      210, 219, 209, -1,
      209, 219, 220, -1,
      209, 220, 208, -1,
      208, 220, 221, -1,
      208, 221, 207, -1,
      207, 221, 222, -1,
      207, 222, 206, -1,
      206, 222, 223, -1,
      206, 223, 205, -1,
      205, 223, 224, -1,
      205, 224, 204, -1,
      204, 224, 225, -1,
      204, 225, 203, -1,
      203, 225, 226, -1,
      203, 226, 202, -1,
      202, 226, 227, -1,
      202, 227, 201, -1,
      201, 227, 228, -1,
      201, 228, 200, -1,
      200, 228, 229, -1,
      200, 229, 199, -1,
      199, 229, 230, -1,
      199, 230, 198, -1,
      198, 230, 231, -1,
      198, 231, 197, -1,
      197, 231, 232, -1,
      197, 232, 196, -1,
      196, 232, 233, -1,
      196, 233, 195, -1,
      195, 233, 234, -1,
      195, 234, 194, -1,
      194, 234, 235, -1,
      194, 235, 193, -1,
      193, 235, 236, -1,
      193, 236, 192, -1,
      192, 236, 237, -1,
      192, 237, 191, -1,
      191, 237, 238, -1,
      191, 238, 190, -1,
      190, 238, 239, -1,
      190, 239, 189, -1,
      189, 239, 240, -1,
      189, 240, 188, -1,
      188, 240, 241, -1,
      188, 241, 187, -1,
      187, 241, 214, -1,
      187, 214, 186, -1,
    ]
  }
}

Shape {
  appearance Appearance {
    material Material {
      diffuseColor 0.2510 0.2510 0.2510
      specularColor 0.0745 0.0745 0.0745
      ambientIntensity 0.2
      transparency 0.0000
      shininess 0.5
    }
  }
  geometry IndexedFaceSet {
    ccw TRUE
    solid FALSE
    coord DEF co Coordinate {
      point [
        -0.002259 0.164913 0.240157,
        0.002103 0.164661 0.240157,
        0.008506 0.163108 0.240157,
        0.013130 0.160689 0.240157,
        0.016994 0.157287 0.240157,
        0.019431 0.153746 0.240157,
        0.020937 0.149780 0.240157,
        0.021563 0.144501 0.240157,
        0.020981 0.139216 0.240157,
        0.019594 0.135316 0.240157,
        0.017437 0.132030 0.240157,
        0.014364 0.129138 0.240157,
        0.009965 0.126685 0.240157,
        0.004607 0.125167 0.240157,
        -0.002372 0.124583 0.240157,
        -0.009654 0.125262 0.240157,
        -0.015261 0.127095 0.240157,
        -0.019036 0.129419 0.240157,
        -0.021810 0.132144 0.240157,
        -0.024016 0.135594 0.240157,
        -0.025413 0.139687 0.240157,
        -0.025969 0.144996 0.240157,
        -0.025551 0.149290 0.240157,
        -0.024172 0.153409 0.240157,
        -0.021956 0.156883 0.240157,
        -0.018648 0.160066 0.240157,
        -0.014394 0.162594 0.240157,
        -0.009063 0.164277 0.240157,
      ]
    }
    coordIndex [
      13, 1, 14, -1,
      14, 1, 0, -1,
      14, 0, 15, -1,
      15, 0, 16, -1,
      5, 1, 6, -1,
      6, 1, 7, -1,
      26, 25, 22, -1,
      22, 25, 24, -1,
      22, 24, 23, -1,
      19, 18, 0, -1,
      0, 18, 17, -1,
      0, 17, 16, -1,
      5, 4, 1, -1,
      1, 4, 3, -1,
      1, 3, 2, -1,
      26, 22, 27, -1,
      27, 22, 21, -1,
      27, 21, 0, -1,
      0, 21, 20, -1,
      0, 20, 19, -1,
      13, 12, 1, -1,
      1, 12, 11, -1,
      1, 11, 10, -1,
      10, 9, 1, -1,
      1, 9, 8, -1,
      1, 8, 7, -1,
    ]
  }
}

Shape {
  appearance Appearance {
    material Material {
      diffuseColor 0.4510 0.4314 0.4196
      specularColor 0.0314 0.0314 0.0314
      ambientIntensity 0.2
      transparency 0.0000
      shininess 0.5
    }
  }
  geometry IndexedFaceSet {
    ccw TRUE
    solid FALSE
    coord DEF co Coordinate {
      point [
        -0.022908 0.028078 0.240157,
        -0.025173 0.022168 0.240157,
        -0.025969 0.015891 0.240157,
        0.025704 -0.049702 0.240157,
        0.027571 -0.044902 0.240157,
        0.026475 -0.048309 0.240157,
        -0.025879 -0.048880 0.240157,
        -0.028808 -0.045854 0.240157,
        -0.001003 -0.050055 0.240157,
        -0.004564 -0.051939 0.240157,
        -0.009312 -0.053106 0.240157,
        0.005249 -0.040743 0.240157,
        0.004027 -0.044260 0.240157,
        0.019222 -0.049702 0.240157,
        0.001850 -0.047510 0.240157,
        -0.005703 -0.015133 0.240157,
        0.003894 -0.015887 0.240157,
        0.012224 -0.018191 0.240157,
        0.018817 -0.021843 0.240157,
        0.022992 -0.025666 0.240157,
        0.025740 -0.029722 0.240157,
        0.027497 -0.034603 0.240157,
        -0.012601 -0.053302 0.240157,
        -0.017941 -0.052741 0.240157,
        -0.022226 -0.051241 0.240157,
        -0.031947 -0.029898 0.240157,
        -0.030667 -0.026318 0.240157,
        -0.028726 -0.023327 0.240157,
        -0.025903 -0.020604 0.240157,
        -0.021662 -0.018048 0.240157,
        -0.014989 -0.015946 0.240157,
        -0.002698 -0.022593 0.240157,
        -0.002698 -0.022785 0.240157,
        0.003579 -0.023048 0.240157,
        0.000670 -0.024950 0.240157,
        0.010374 -0.024836 0.240157,
        0.002955 -0.027328 0.240157,
        0.014797 -0.027210 0.240157,
        0.004572 -0.030137 0.240157,
        0.018017 -0.030080 0.240157,
        0.005464 -0.033234 0.240157,
        0.019998 -0.032997 0.240157,
        0.005719 -0.036311 0.240157,
        0.020970 -0.044939 0.240157,
        0.021563 -0.039900 0.240157,
        0.021133 -0.036094 0.240157,
        -0.030846 -0.042455 0.240157,
        -0.032099 -0.038419 0.240157,
        -0.032451 -0.034465 0.240157,
        0.027685 -0.036368 0.240157,
        0.028045 -0.039754 0.240157,
        0.027685 -0.043668 0.240157,
        0.020843 0.069129 0.240157,
        0.020843 0.086413 0.240157,
        -0.031731 0.086413 0.240157,
        0.027324 0.069129 0.240157,
        -0.031731 0.094335 0.240157,
        0.020843 0.094335 0.240157,
        0.020843 0.110900 0.240157,
        0.027324 0.110900 0.240157,
        -0.005804 0.040322 0.240157,
        -0.011565 0.040322 0.240157,
        -0.005804 0.062647 0.240157,
        -0.011565 0.062647 0.240157,
        0.003772 0.008824 0.240157,
        0.002413 0.004219 0.240157,
        0.020843 -0.002889 0.240157,
        0.000113 0.000252 0.240157,
        -0.002443 -0.002349 0.240157,
        -0.005335 -0.004151 0.240157,
        -0.013343 -0.005770 0.240157,
        -0.018322 -0.005223 0.240157,
        -0.022162 -0.003835 0.240157,
        -0.025756 -0.001406 0.240157,
        -0.028734 0.001964 0.240157,
        -0.030144 0.028078 0.240157,
        -0.030925 0.026404 0.240157,
        -0.032027 0.021976 0.240157,
        -0.004892 0.006622 0.240157,
        -0.004119 0.007909 0.240157,
        -0.002853 0.011333 0.240157,
        -0.002210 0.016753 0.240157,
        0.004279 0.014687 0.240157,
        0.020843 0.018907 0.240157,
        0.004054 0.020156 0.240157,
        -0.025594 0.011983 0.240157,
        -0.016081 0.002324 0.240157,
        -0.013827 0.002152 0.240157,
        -0.010797 0.002498 0.240157,
        -0.002203 0.017298 0.240157,
        -0.002314 0.022335 0.240157,
        -0.002698 0.027358 0.240157,
        0.027324 0.025153 0.240157,
        0.027324 -0.002889 0.240157,
        -0.008722 -0.005294 0.240157,
        -0.008538 0.003338 0.240157,
        -0.006512 0.004755 0.240157,
        -0.024573 0.008882 0.240157,
        -0.022914 0.006247 0.240157,
        -0.018624 0.003032 0.240157,
        -0.021022 0.004407 0.240157,
        -0.030831 0.005949 0.240157,
        -0.032235 0.011746 0.240157,
        -0.032451 0.015576 0.240157,
        0.027324 0.069129 0.236220,
        0.020843 0.069129 0.236220,
        0.020843 0.086413 0.236220,
        -0.031731 0.086413 0.236220,
        -0.031731 0.094335 0.236220,
        0.020843 0.094335 0.236220,
        0.020843 0.110900 0.236220,
        0.027324 0.110900 0.236220,
        -0.005804 0.040322 0.236220,
        -0.011565 0.040322 0.236220,
        -0.011565 0.062647 0.236220,
        -0.005804 0.062647 0.236220,
        -0.013343 -0.005770 0.236220,
        -0.008722 -0.005294 0.236220,
        -0.005335 -0.004151 0.236220,
        -0.002443 -0.002349 0.236220,
        0.000113 0.000252 0.236220,
        0.002413 0.004219 0.236220,
        0.003772 0.008824 0.236220,
        0.004279 0.014687 0.236220,
        -0.032451 0.015576 0.236220,
        -0.032235 0.011746 0.236220,
        -0.030831 0.005949 0.236220,
        -0.028734 0.001964 0.236220,
        -0.025756 -0.001406 0.236220,
        -0.022162 -0.003835 0.236220,
        -0.018322 -0.005223 0.236220,
        -0.030144 0.028078 0.236220,
        -0.030925 0.026404 0.236220,
        -0.032027 0.021976 0.236220,
        -0.022908 0.028078 0.236220,
        -0.025969 0.015891 0.236220,
        -0.025173 0.022168 0.236220,
        -0.013827 0.002152 0.236220,
        -0.016081 0.002324 0.236220,
        -0.018624 0.003032 0.236220,
        -0.021022 0.004407 0.236220,
        -0.022914 0.006247 0.236220,
        -0.024573 0.008882 0.236220,
        -0.025594 0.011983 0.236220,
        -0.002203 0.017298 0.236220,
        -0.002210 0.016753 0.236220,
        -0.002853 0.011333 0.236220,
        -0.004119 0.007909 0.236220,
        -0.004892 0.006622 0.236220,
        -0.006512 0.004755 0.236220,
        -0.008538 0.003338 0.236220,
        -0.010797 0.002498 0.236220,
        -0.002698 0.027358 0.236220,
        -0.002314 0.022335 0.236220,
        0.027324 0.025153 0.236220,
        0.027324 -0.002889 0.236220,
        0.020843 -0.002889 0.236220,
        0.020843 0.018907 0.236220,
        0.004054 0.020156 0.236220,
        0.025704 -0.049702 0.236220,
        0.019222 -0.049702 0.236220,
        0.021563 -0.039900 0.236220,
        0.020970 -0.044939 0.236220,
        -0.002698 -0.022593 0.236220,
        0.003579 -0.023048 0.236220,
        0.010374 -0.024836 0.236220,
        0.014797 -0.027210 0.236220,
        0.018017 -0.030080 0.236220,
        0.019998 -0.032997 0.236220,
        0.021133 -0.036094 0.236220,
        -0.002698 -0.022785 0.236220,
        0.005719 -0.036311 0.236220,
        0.005464 -0.033234 0.236220,
        0.004572 -0.030137 0.236220,
        0.002955 -0.027328 0.236220,
        0.000670 -0.024950 0.236220,
        -0.012601 -0.053302 0.236220,
        -0.009312 -0.053106 0.236220,
        -0.004564 -0.051939 0.236220,
        -0.001003 -0.050055 0.236220,
        0.001850 -0.047510 0.236220,
        0.004027 -0.044260 0.236220,
        0.005249 -0.040743 0.236220,
        -0.032451 -0.034465 0.236220,
        -0.032099 -0.038419 0.236220,
        -0.030846 -0.042455 0.236220,
        -0.028808 -0.045854 0.236220,
        -0.025879 -0.048880 0.236220,
        -0.022226 -0.051241 0.236220,
        -0.017941 -0.052741 0.236220,
        -0.005703 -0.015133 0.236220,
        -0.014989 -0.015946 0.236220,
        -0.021662 -0.018048 0.236220,
        -0.025903 -0.020604 0.236220,
        -0.028726 -0.023327 0.236220,
        -0.030667 -0.026318 0.236220,
        -0.031947 -0.029898 0.236220,
        0.028045 -0.039754 0.236220,
        0.027497 -0.034603 0.236220,
        0.025740 -0.029722 0.236220,
        0.022992 -0.025666 0.236220,
        0.018817 -0.021843 0.236220,
        0.012224 -0.018191 0.236220,
        0.003894 -0.015887 0.236220,
        0.027571 -0.044902 0.236220,
        0.026475 -0.048309 0.236220,
        -0.012094 -0.023055 0.236220,
        -0.010493 -0.023147 0.236220,
        -0.007793 -0.023832 0.236220,
        -0.005583 -0.025007 0.236220,
        -0.003328 -0.027007 0.236220,
        -0.001922 -0.029092 0.236220,
        -0.001089 -0.031393 0.236220,
        -0.000763 -0.034330 0.236220,
        -0.000846 -0.035938 0.236220,
        -0.001348 -0.038337 0.236220,
        -0.002210 -0.040267 0.236220,
        -0.003463 -0.041912 0.236220,
        -0.004751 -0.043031 0.236220,
        -0.006920 -0.044237 0.236220,
        -0.009757 -0.045069 0.236220,
        -0.013400 -0.045380 0.236220,
        -0.016416 -0.045128 0.236220,
        -0.019180 -0.044337 0.236220,
        -0.021554 -0.043046 0.236220,
        -0.023525 -0.041269 0.236220,
        -0.024857 -0.039314 0.236220,
        -0.025627 -0.037254 0.236220,
        -0.025969 -0.034409 0.236220,
        -0.025782 -0.032320 0.236220,
        -0.025123 -0.030155 0.236220,
        -0.024030 -0.028276 0.236220,
        -0.022407 -0.026572 0.236220,
        -0.019506 -0.024678 0.236220,
        -0.016152 -0.023493 0.236220,
        -0.012094 -0.023055 0.240157,
        -0.010493 -0.023147 0.240157,
        -0.007793 -0.023832 0.240157,
        -0.005583 -0.025007 0.240157,
        -0.003328 -0.027007 0.240157,
        -0.001922 -0.029092 0.240157,
        -0.001089 -0.031393 0.240157,
        -0.000763 -0.034330 0.240157,
        -0.000846 -0.035938 0.240157,
        -0.001348 -0.038337 0.240157,
        -0.002210 -0.040267 0.240157,
        -0.003463 -0.041912 0.240157,
        -0.004751 -0.043031 0.240157,
        -0.006920 -0.044237 0.240157,
        -0.009757 -0.045069 0.240157,
        -0.013400 -0.045380 0.240157,
        -0.016416 -0.045128 0.240157,
        -0.019180 -0.044337 0.240157,
        -0.021554 -0.043046 0.240157,
        -0.023525 -0.041269 0.240157,
        -0.024857 -0.039314 0.240157,
        -0.025627 -0.037254 0.240157,
        -0.025969 -0.034409 0.240157,
        -0.025782 -0.032320 0.240157,
        -0.025123 -0.030155 0.240157,
        -0.024030 -0.028276 0.240157,
        -0.022407 -0.026572 0.240157,
        -0.019506 -0.024678 0.240157,
        -0.016152 -0.023493 0.240157,
      ]
    }
    coordIndex [
      104, 105, 55, -1,
      55, 105, 52, -1,
      105, 106, 52, -1,
      52, 106, 53, -1,
      106, 107, 53, -1,
      53, 107, 54, -1,
      107, 108, 54, -1,
      54, 108, 56, -1,
      108, 109, 56, -1,
      56, 109, 57, -1,
      109, 110, 57, -1,
      57, 110, 58, -1,
      110, 111, 58, -1,
      58, 111, 59, -1,
      111, 104, 59, -1,
      59, 104, 55, -1,
      104, 111, 109, -1,
      109, 111, 110, -1,
      105, 104, 106, -1,
      106, 104, 109, -1,
      106, 109, 107, -1,
      107, 109, 108, -1,
      112, 113, 60, -1,
      60, 113, 61, -1,
      113, 114, 61, -1,
      61, 114, 63, -1,
      114, 115, 63, -1,
      63, 115, 62, -1,
      115, 112, 62, -1,
      62, 112, 60, -1,
      115, 114, 112, -1,
      112, 114, 113, -1,
      116, 70, 94, -1,
      116, 94, 117, -1,
      117, 94, 69, -1,
      117, 69, 118, -1,
      118, 69, 68, -1,
      118, 68, 119, -1,
      119, 68, 67, -1,
      119, 67, 120, -1,
      120, 67, 65, -1,
      120, 65, 121, -1,
      121, 65, 64, -1,
      121, 64, 122, -1,
      122, 64, 82, -1,
      122, 82, 123, -1,
      124, 103, 102, -1,
      124, 102, 125, -1,
      125, 102, 101, -1,
      125, 101, 126, -1,
      126, 101, 74, -1,
      126, 74, 127, -1,
      127, 74, 73, -1,
      127, 73, 128, -1,
      128, 73, 72, -1,
      128, 72, 129, -1,
      129, 72, 71, -1,
      129, 71, 130, -1,
      130, 71, 70, -1,
      130, 70, 116, -1,
      131, 75, 76, -1,
      131, 76, 132, -1,
      132, 76, 77, -1,
      132, 77, 133, -1,
      133, 77, 103, -1,
      133, 103, 124, -1,
      131, 134, 75, -1,
      75, 134, 0, -1,
      135, 2, 1, -1,
      135, 1, 136, -1,
      136, 1, 0, -1,
      136, 0, 134, -1,
      137, 87, 86, -1,
      137, 86, 138, -1,
      138, 86, 99, -1,
      138, 99, 139, -1,
      139, 99, 100, -1,
      139, 100, 140, -1,
      140, 100, 98, -1,
      140, 98, 141, -1,
      141, 98, 97, -1,
      141, 97, 142, -1,
      142, 97, 85, -1,
      142, 85, 143, -1,
      143, 85, 2, -1,
      143, 2, 135, -1,
      144, 89, 81, -1,
      144, 81, 145, -1,
      145, 81, 80, -1,
      145, 80, 146, -1,
      146, 80, 79, -1,
      146, 79, 147, -1,
      147, 79, 78, -1,
      147, 78, 148, -1,
      148, 78, 96, -1,
      148, 96, 149, -1,
      149, 96, 95, -1,
      149, 95, 150, -1,
      150, 95, 88, -1,
      150, 88, 151, -1,
      151, 88, 87, -1,
      151, 87, 137, -1,
      152, 91, 90, -1,
      152, 90, 153, -1,
      153, 90, 89, -1,
      153, 89, 144, -1,
      152, 154, 91, -1,
      91, 154, 92, -1,
      154, 155, 92, -1,
      92, 155, 93, -1,
      155, 156, 93, -1,
      93, 156, 66, -1,
      156, 157, 66, -1,
      66, 157, 83, -1,
      157, 158, 83, -1,
      83, 158, 84, -1,
      158, 123, 84, -1,
      84, 123, 82, -1,
      156, 155, 157, -1,
      157, 155, 154, -1,
      157, 154, 158, -1,
      154, 152, 158, -1,
      158, 152, 153, -1,
      158, 153, 123, -1,
      153, 144, 123, -1,
      123, 144, 145, -1,
      123, 145, 122, -1,
      122, 145, 146, -1,
      122, 146, 121, -1,
      121, 146, 147, -1,
      121, 147, 120, -1,
      120, 147, 148, -1,
      120, 148, 119, -1,
      119, 148, 149, -1,
      119, 149, 118, -1,
      118, 149, 150, -1,
      118, 150, 117, -1,
      117, 150, 151, -1,
      117, 151, 116, -1,
      116, 151, 137, -1,
      116, 137, 130, -1,
      130, 137, 138, -1,
      130, 138, 129, -1,
      129, 138, 139, -1,
      129, 139, 128, -1,
      128, 139, 140, -1,
      128, 140, 127, -1,
      127, 140, 141, -1,
      127, 141, 126, -1,
      126, 141, 142, -1,
      126, 142, 125, -1,
      125, 142, 143, -1,
      125, 143, 124, -1,
      124, 143, 135, -1,
      124, 135, 133, -1,
      133, 135, 136, -1,
      133, 136, 132, -1,
      132, 136, 134, -1,
      132, 134, 131, -1,
      159, 160, 3, -1,
      3, 160, 13, -1,
      161, 44, 43, -1,
      161, 43, 162, -1,
      162, 43, 13, -1,
      162, 13, 160, -1,
      163, 31, 33, -1,
      163, 33, 164, -1,
      164, 33, 35, -1,
      164, 35, 165, -1,
      165, 35, 37, -1,
      165, 37, 166, -1,
      166, 37, 39, -1,
      166, 39, 167, -1,
      167, 39, 41, -1,
      167, 41, 168, -1,
      168, 41, 45, -1,
      168, 45, 169, -1,
      169, 45, 44, -1,
      169, 44, 161, -1,
      163, 170, 31, -1,
      31, 170, 32, -1,
      171, 42, 40, -1,
      171, 40, 172, -1,
      172, 40, 38, -1,
      172, 38, 173, -1,
      173, 38, 36, -1,
      173, 36, 174, -1,
      174, 36, 34, -1,
      174, 34, 175, -1,
      175, 34, 32, -1,
      175, 32, 170, -1,
      176, 22, 10, -1,
      176, 10, 177, -1,
      177, 10, 9, -1,
      177, 9, 178, -1,
      178, 9, 8, -1,
      178, 8, 179, -1,
      179, 8, 14, -1,
      179, 14, 180, -1,
      180, 14, 12, -1,
      180, 12, 181, -1,
      181, 12, 11, -1,
      181, 11, 182, -1,
      182, 11, 42, -1,
      182, 42, 171, -1,
      183, 48, 47, -1,
      183, 47, 184, -1,
      184, 47, 46, -1,
      184, 46, 185, -1,
      185, 46, 7, -1,
      185, 7, 186, -1,
      186, 7, 6, -1,
      186, 6, 187, -1,
      187, 6, 24, -1,
      187, 24, 188, -1,
      188, 24, 23, -1,
      188, 23, 189, -1,
      189, 23, 22, -1,
      189, 22, 176, -1,
      190, 15, 30, -1,
      190, 30, 191, -1,
      191, 30, 29, -1,
      191, 29, 192, -1,
      192, 29, 28, -1,
      192, 28, 193, -1,
      193, 28, 27, -1,
      193, 27, 194, -1,
      194, 27, 26, -1,
      194, 26, 195, -1,
      195, 26, 25, -1,
      195, 25, 196, -1,
      196, 25, 48, -1,
      196, 48, 183, -1,
      50, 49, 197, -1,
      197, 49, 198, -1,
      49, 21, 198, -1,
      198, 21, 20, -1,
      198, 20, 199, -1,
      199, 20, 19, -1,
      199, 19, 200, -1,
      200, 19, 18, -1,
      200, 18, 201, -1,
      201, 18, 17, -1,
      201, 17, 202, -1,
      202, 17, 16, -1,
      202, 16, 203, -1,
      203, 16, 15, -1,
      203, 15, 190, -1,
      50, 197, 51, -1,
      51, 197, 204, -1,
      51, 204, 4, -1,
      4, 204, 205, -1,
      4, 205, 5, -1,
      5, 205, 159, -1,
      5, 159, 3, -1,
      190, 163, 164, -1,
      160, 159, 205, -1,
      190, 191, 163, -1,
      163, 191, 206, -1,
      163, 206, 170, -1,
      170, 206, 207, -1,
      160, 205, 162, -1,
      162, 205, 204, -1,
      162, 204, 161, -1,
      161, 204, 197, -1,
      161, 197, 169, -1,
      169, 197, 198, -1,
      169, 198, 168, -1,
      168, 198, 199, -1,
      168, 199, 167, -1,
      167, 199, 200, -1,
      167, 200, 166, -1,
      166, 200, 201, -1,
      166, 201, 165, -1,
      165, 201, 202, -1,
      165, 202, 164, -1,
      164, 202, 203, -1,
      164, 203, 190, -1,
      207, 208, 170, -1,
      170, 208, 209, -1,
      170, 209, 175, -1,
      175, 209, 210, -1,
      175, 210, 174, -1,
      174, 210, 211, -1,
      174, 211, 173, -1,
      173, 211, 212, -1,
      173, 212, 172, -1,
      172, 212, 213, -1,
      172, 213, 171, -1,
      171, 213, 214, -1,
      171, 214, 182, -1,
      182, 214, 215, -1,
      182, 215, 181, -1,
      181, 215, 216, -1,
      181, 216, 180, -1,
      180, 216, 217, -1,
      180, 217, 179, -1,
      179, 217, 218, -1,
      179, 218, 178, -1,
      178, 218, 219, -1,
      178, 219, 177, -1,
      177, 219, 220, -1,
      177, 220, 176, -1,
      176, 220, 221, -1,
      176, 221, 189, -1,
      189, 221, 222, -1,
      189, 222, 188, -1,
      188, 222, 223, -1,
      188, 223, 187, -1,
      187, 223, 224, -1,
      187, 224, 186, -1,
      186, 224, 225, -1,
      186, 225, 185, -1,
      185, 225, 226, -1,
      185, 226, 184, -1,
      184, 226, 227, -1,
      184, 227, 183, -1,
      183, 227, 228, -1,
      183, 228, 196, -1,
      196, 228, 229, -1,
      196, 229, 195, -1,
      195, 229, 230, -1,
      195, 230, 194, -1,
      194, 230, 231, -1,
      194, 231, 193, -1,
      193, 231, 232, -1,
      193, 232, 192, -1,
      192, 232, 233, -1,
      192, 233, 191, -1,
      191, 233, 234, -1,
      191, 234, 206, -1,
      206, 235, 236, -1,
      206, 236, 207, -1,
      207, 236, 237, -1,
      207, 237, 208, -1,
      208, 237, 238, -1,
      208, 238, 209, -1,
      209, 238, 239, -1,
      209, 239, 210, -1,
      210, 239, 240, -1,
      210, 240, 211, -1,
      211, 240, 241, -1,
      211, 241, 212, -1,
      212, 241, 242, -1,
      212, 242, 213, -1,
      213, 242, 243, -1,
      213, 243, 214, -1,
      214, 243, 244, -1,
      214, 244, 215, -1,
      215, 244, 245, -1,
      215, 245, 216, -1,
      216, 245, 246, -1,
      216, 246, 217, -1,
      217, 246, 247, -1,
      217, 247, 218, -1,
      218, 247, 248, -1,
      218, 248, 219, -1,
      219, 248, 249, -1,
      219, 249, 220, -1,
      220, 249, 250, -1,
      220, 250, 221, -1,
      221, 250, 251, -1,
      221, 251, 222, -1,
      222, 251, 252, -1,
      222, 252, 223, -1,
      223, 252, 253, -1,
      223, 253, 224, -1,
      224, 253, 254, -1,
      224, 254, 225, -1,
      225, 254, 255, -1,
      225, 255, 226, -1,
      226, 255, 256, -1,
      226, 256, 227, -1,
      227, 256, 257, -1,
      227, 257, 228, -1,
      228, 257, 258, -1,
      228, 258, 229, -1,
      229, 258, 259, -1,
      229, 259, 230, -1,
      230, 259, 260, -1,
      230, 260, 231, -1,
      231, 260, 261, -1,
      231, 261, 232, -1,
      232, 261, 262, -1,
      232, 262, 233, -1,
      233, 262, 263, -1,
      233, 263, 234, -1,
      234, 263, 235, -1,
      234, 235, 206, -1,
    ]
  }
}

Shape {
  appearance Appearance {
    material Material {
      diffuseColor 0.2510 0.2510 0.2510
      specularColor 0.0745 0.0745 0.0745
      ambientIntensity 0.2
      transparency 0.0000
      shininess 0.5
    }
  }
  geometry IndexedFaceSet {
    ccw TRUE
    solid FALSE
    coord DEF co Coordinate {
      point [
        -0.012094 -0.023055 0.240157,
        -0.010493 -0.023147 0.240157,
        -0.007793 -0.023832 0.240157,
        -0.005583 -0.025007 0.240157,
        -0.003328 -0.027007 0.240157,
        -0.001922 -0.029092 0.240157,
        -0.001089 -0.031393 0.240157,
        -0.000763 -0.034330 0.240157,
        -0.000846 -0.035938 0.240157,
        -0.001348 -0.038337 0.240157,
        -0.002210 -0.040267 0.240157,
        -0.003463 -0.041912 0.240157,
        -0.004751 -0.043031 0.240157,
        -0.006920 -0.044237 0.240157,
        -0.009757 -0.045069 0.240157,
        -0.013400 -0.045380 0.240157,
        -0.016416 -0.045128 0.240157,
        -0.019180 -0.044337 0.240157,
        -0.021554 -0.043046 0.240157,
        -0.023525 -0.041269 0.240157,
        -0.024857 -0.039314 0.240157,
        -0.025627 -0.037254 0.240157,
        -0.025969 -0.034409 0.240157,
        -0.025782 -0.032320 0.240157,
        -0.025123 -0.030155 0.240157,
        -0.024030 -0.028276 0.240157,
        -0.022407 -0.026572 0.240157,
        -0.019506 -0.024678 0.240157,
        -0.016152 -0.023493 0.240157,
      ]
    }
    coordIndex [
      23, 8, 7, -1,
      1, 0, 7, -1,
      22, 16, 23, -1,
      23, 16, 15, -1,
      23, 15, 14, -1,
      1, 7, 2, -1,
      5, 4, 3, -1,
      14, 13, 23, -1,
      23, 13, 12, -1,
      23, 12, 11, -1,
      11, 10, 23, -1,
      23, 10, 9, -1,
      23, 9, 8, -1,
      0, 28, 7, -1,
      7, 28, 27, -1,
      7, 27, 26, -1,
      26, 25, 7, -1,
      7, 25, 24, -1,
      7, 24, 23, -1,
      2, 7, 3, -1,
      3, 7, 6, -1,
      3, 6, 5, -1,
      20, 19, 21, -1,
      21, 19, 18, -1,
      21, 18, 22, -1,
      22, 18, 17, -1,
      22, 17, 16, -1,
    ]
  }
}

Shape {
  appearance Appearance {
    material Material {
      diffuseColor 0.4510 0.4314 0.4196
      specularColor 0.0314 0.0314 0.0314
      ambientIntensity 0.2
      transparency 0.0000
      shininess 0.5
    }
  }
  geometry IndexedFaceSet {
    ccw TRUE
    solid FALSE
    coord DEF co Coordinate {
      point [
        0.017062 -0.064105 0.240157,
        0.023544 -0.064105 0.240157,
        0.027685 -0.073460 0.240157,
        0.026261 -0.068666 0.240157,
        -0.024270 -0.066793 0.240157,
        -0.004363 -0.072601 0.240157,
        -0.004363 -0.067706 0.240157,
        -0.029390 -0.061944 0.240157,
        -0.025683 -0.071785 0.240157,
        -0.025969 -0.075493 0.240157,
        -0.004770 -0.078187 0.240157,
        -0.025622 -0.079386 0.240157,
        -0.022739 -0.094703 0.240157,
        -0.025985 -0.092443 0.240157,
        -0.028747 -0.089248 0.240157,
        -0.030759 -0.085412 0.240157,
        -0.021468 -0.061944 0.240157,
        0.002118 -0.067706 0.240157,
        0.019335 -0.067383 0.240157,
        0.002118 -0.072354 0.240157,
        0.021034 -0.071542 0.240157,
        0.002488 -0.077194 0.240157,
        0.011964 -0.086424 0.240157,
        0.012223 -0.086431 0.240157,
        -0.015256 -0.088591 0.240157,
        -0.012590 -0.088320 0.240157,
        -0.010572 -0.087632 0.240157,
        -0.003174 -0.089984 0.240157,
        -0.005373 -0.092785 0.240157,
        -0.007806 -0.094681 0.240157,
        -0.010447 -0.095869 0.240157,
        -0.024688 -0.082412 0.240157,
        -0.023473 -0.084537 0.240157,
        -0.021861 -0.086294 0.240157,
        0.027685 -0.081451 0.240157,
        0.027594 -0.082404 0.240157,
        0.026400 -0.086206 0.240157,
        0.024637 -0.089170 0.240157,
        0.022350 -0.091543 0.240157,
        0.019959 -0.093076 0.240157,
        0.017174 -0.094038 0.240157,
        0.014057 -0.094353 0.240157,
        0.010309 -0.093979 0.240157,
        0.007256 -0.092965 0.240157,
        0.004719 -0.091375 0.240157,
        -0.000639 -0.082290 0.240157,
        -0.000785 -0.082290 0.240157,
        -0.000251 -0.083595 0.240157,
        -0.001682 -0.086653 0.240157,
        0.001703 -0.087885 0.240157,
        0.003652 -0.090406 0.240157,
        -0.032174 -0.079826 0.240157,
        -0.032451 -0.075493 0.240157,
        -0.031814 -0.068506 0.240157,
        -0.030179 -0.063426 0.240157,
        -0.008793 -0.086490 0.240157,
        -0.007315 -0.084920 0.240157,
        -0.005953 -0.082490 0.240157,
        0.003368 -0.080515 0.240157,
        0.004628 -0.082878 0.240157,
        0.005942 -0.084344 0.240157,
        0.007450 -0.085382 0.240157,
        0.009285 -0.086076 0.240157,
        0.020034 -0.082616 0.240157,
        0.020935 -0.080533 0.240157,
        0.014654 -0.086220 0.240157,
        0.021522 -0.077112 0.240157,
        0.021563 -0.075684 0.240157,
        -0.013398 -0.096457 0.240157,
        -0.014795 -0.096513 0.240157,
        -0.019360 -0.095973 0.240157,
        -0.020128 -0.087485 0.240157,
        -0.018049 -0.088261 0.240157,
        0.019287 -0.083680 0.240157,
        0.016557 -0.085658 0.240157,
        0.018039 -0.084835 0.240157,
        0.028045 -0.077643 0.240157,
        0.027702 -0.073518 0.240157,
        0.028045 -0.164346 0.240157,
        0.027685 -0.160960 0.240157,
        0.005249 -0.165335 0.240157,
        0.004027 -0.168852 0.240157,
        0.019222 -0.174293 0.240157,
        0.027685 -0.168259 0.240157,
        0.027571 -0.169494 0.240157,
        0.026475 -0.172901 0.240157,
        0.001850 -0.172102 0.240157,
        -0.001003 -0.174647 0.240157,
        -0.004564 -0.176531 0.240157,
        -0.017941 -0.177333 0.240157,
        -0.022226 -0.175833 0.240157,
        -0.025879 -0.173471 0.240157,
        -0.028808 -0.170446 0.240157,
        0.003894 -0.140478 0.240157,
        0.012224 -0.142783 0.240157,
        0.018817 -0.146435 0.240157,
        -0.012601 -0.177894 0.240157,
        -0.009312 -0.177698 0.240157,
        0.022992 -0.150258 0.240157,
        0.025740 -0.154314 0.240157,
        0.027497 -0.159195 0.240157,
        0.025704 -0.174293 0.240157,
        -0.030846 -0.167047 0.240157,
        -0.032099 -0.163011 0.240157,
        -0.032451 -0.159057 0.240157,
        -0.031947 -0.154490 0.240157,
        -0.030667 -0.150910 0.240157,
        -0.028726 -0.147919 0.240157,
        -0.025903 -0.145196 0.240157,
        -0.002698 -0.147185 0.240157,
        -0.002698 -0.147376 0.240157,
        0.003579 -0.147640 0.240157,
        0.000670 -0.149542 0.240157,
        0.010374 -0.149428 0.240157,
        0.002955 -0.151919 0.240157,
        0.014797 -0.151802 0.240157,
        0.004572 -0.154729 0.240157,
        0.018017 -0.154671 0.240157,
        0.005464 -0.157826 0.240157,
        0.019998 -0.157589 0.240157,
        0.005719 -0.160902 0.240157,
        0.020970 -0.169531 0.240157,
        0.021563 -0.164492 0.240157,
        0.021133 -0.160686 0.240157,
        -0.021662 -0.142640 0.240157,
        -0.014989 -0.140538 0.240157,
        -0.005703 -0.139724 0.240157,
        -0.005804 -0.129642 0.240157,
        -0.011565 -0.129642 0.240157,
        -0.005804 -0.107316 0.240157,
        -0.011565 -0.107316 0.240157,
        -0.029390 -0.061944 0.236220,
        -0.021468 -0.061944 0.236220,
        -0.025969 -0.075493 0.236220,
        -0.025683 -0.071785 0.236220,
        -0.024270 -0.066793 0.236220,
        -0.015256 -0.088591 0.236220,
        -0.018049 -0.088261 0.236220,
        -0.020128 -0.087485 0.236220,
        -0.021861 -0.086294 0.236220,
        -0.023473 -0.084537 0.236220,
        -0.024688 -0.082412 0.236220,
        -0.025622 -0.079386 0.236220,
        -0.004363 -0.072601 0.236220,
        -0.004770 -0.078187 0.236220,
        -0.005953 -0.082490 0.236220,
        -0.007315 -0.084920 0.236220,
        -0.008793 -0.086490 0.236220,
        -0.010572 -0.087632 0.236220,
        -0.012590 -0.088320 0.236220,
        -0.004363 -0.067706 0.236220,
        0.002118 -0.067706 0.236220,
        0.002118 -0.072354 0.236220,
        0.012223 -0.086431 0.236220,
        0.011964 -0.086424 0.236220,
        0.009285 -0.086076 0.236220,
        0.007450 -0.085382 0.236220,
        0.005942 -0.084344 0.236220,
        0.004628 -0.082878 0.236220,
        0.003368 -0.080515 0.236220,
        0.002488 -0.077194 0.236220,
        0.021563 -0.075684 0.236220,
        0.021522 -0.077112 0.236220,
        0.020935 -0.080533 0.236220,
        0.020034 -0.082616 0.236220,
        0.019287 -0.083680 0.236220,
        0.018039 -0.084835 0.236220,
        0.016557 -0.085658 0.236220,
        0.014654 -0.086220 0.236220,
        0.017062 -0.064105 0.236220,
        0.019335 -0.067383 0.236220,
        0.021034 -0.071542 0.236220,
        0.023544 -0.064105 0.236220,
        0.026261 -0.068666 0.236220,
        0.028045 -0.077643 0.236220,
        0.027702 -0.073518 0.236220,
        0.027594 -0.082404 0.236220,
        0.026400 -0.086206 0.236220,
        0.024637 -0.089170 0.236220,
        0.022350 -0.091543 0.236220,
        0.019959 -0.093076 0.236220,
        0.017174 -0.094038 0.236220,
        0.014057 -0.094353 0.236220,
        -0.000639 -0.082290 0.236220,
        -0.000251 -0.083595 0.236220,
        0.001703 -0.087885 0.236220,
        0.003652 -0.090406 0.236220,
        0.004719 -0.091375 0.236220,
        0.007256 -0.092965 0.236220,
        0.010309 -0.093979 0.236220,
        -0.000785 -0.082290 0.236220,
        -0.014795 -0.096513 0.236220,
        -0.013398 -0.096457 0.236220,
        -0.010447 -0.095869 0.236220,
        -0.007806 -0.094681 0.236220,
        -0.005373 -0.092785 0.236220,
        -0.003174 -0.089984 0.236220,
        -0.001682 -0.086653 0.236220,
        -0.032451 -0.075493 0.236220,
        -0.032174 -0.079826 0.236220,
        -0.030759 -0.085412 0.236220,
        -0.028747 -0.089248 0.236220,
        -0.025985 -0.092443 0.236220,
        -0.022739 -0.094703 0.236220,
        -0.019360 -0.095973 0.236220,
        -0.030179 -0.063426 0.236220,
        -0.031814 -0.068506 0.236220,
        -0.005804 -0.129642 0.236220,
        -0.011565 -0.129642 0.236220,
        -0.011565 -0.107316 0.236220,
        -0.005804 -0.107316 0.236220,
        0.025704 -0.174293 0.236220,
        0.019222 -0.174293 0.236220,
        0.021563 -0.164492 0.236220,
        0.020970 -0.169531 0.236220,
        -0.002698 -0.147185 0.236220,
        0.003579 -0.147640 0.236220,
        0.010374 -0.149428 0.236220,
        0.014797 -0.151802 0.236220,
        0.018017 -0.154671 0.236220,
        0.019998 -0.157589 0.236220,
        0.021133 -0.160686 0.236220,
        -0.002698 -0.147376 0.236220,
        0.005719 -0.160902 0.236220,
        0.005464 -0.157826 0.236220,
        0.004572 -0.154729 0.236220,
        0.002955 -0.151919 0.236220,
        0.000670 -0.149542 0.236220,
        -0.012601 -0.177894 0.236220,
        -0.009312 -0.177698 0.236220,
        -0.004564 -0.176531 0.236220,
        -0.001003 -0.174647 0.236220,
        0.001850 -0.172102 0.236220,
        0.004027 -0.168852 0.236220,
        0.005249 -0.165335 0.236220,
        -0.032451 -0.159057 0.236220,
        -0.032099 -0.163011 0.236220,
        -0.030846 -0.167047 0.236220,
        -0.028808 -0.170446 0.236220,
        -0.025879 -0.173471 0.236220,
        -0.022226 -0.175833 0.236220,
        -0.017941 -0.177333 0.236220,
        -0.005703 -0.139724 0.236220,
        -0.014989 -0.140538 0.236220,
        -0.021662 -0.142640 0.236220,
        -0.025903 -0.145196 0.236220,
        -0.028726 -0.147919 0.236220,
        -0.030667 -0.150910 0.236220,
        -0.031947 -0.154490 0.236220,
        0.028045 -0.164346 0.236220,
        0.027497 -0.159195 0.236220,
        0.025740 -0.154314 0.236220,
        0.022992 -0.150258 0.236220,
        0.018817 -0.146435 0.236220,
        0.012224 -0.142783 0.236220,
        0.003894 -0.140478 0.236220,
        0.027571 -0.169494 0.236220,
        0.026475 -0.172901 0.236220,
        -0.012094 -0.147646 0.236220,
        -0.010493 -0.147739 0.236220,
        -0.007793 -0.148424 0.236220,
        -0.005583 -0.149600 0.236220,
        -0.003328 -0.151599 0.236220,
        -0.001922 -0.153684 0.236220,
        -0.001089 -0.155984 0.236220,
        -0.000763 -0.158922 0.236220,
        -0.000846 -0.160530 0.236220,
        -0.001348 -0.162930 0.236220,
        -0.002210 -0.164859 0.236220,
        -0.003463 -0.166504 0.236220,
        -0.004751 -0.167623 0.236220,
        -0.006920 -0.168830 0.236220,
        -0.009757 -0.169661 0.236220,
        -0.013400 -0.169972 0.236220,
        -0.016416 -0.169720 0.236220,
        -0.019180 -0.168928 0.236220,
        -0.021554 -0.167637 0.236220,
        -0.023525 -0.165860 0.236220,
        -0.024857 -0.163906 0.236220,
        -0.025627 -0.161846 0.236220,
        -0.025969 -0.159001 0.236220,
        -0.025782 -0.156913 0.236220,
        -0.025123 -0.154747 0.236220,
        -0.024030 -0.152868 0.236220,
        -0.022407 -0.151164 0.236220,
        -0.019506 -0.149270 0.236220,
        -0.016152 -0.148084 0.236220,
        -0.012094 -0.147646 0.240157,
        -0.010493 -0.147739 0.240157,
        -0.007793 -0.148424 0.240157,
        -0.005583 -0.149600 0.240157,
        -0.003328 -0.151599 0.240157,
        -0.001922 -0.153684 0.240157,
        -0.001089 -0.155984 0.240157,
        -0.000763 -0.158922 0.240157,
        -0.000846 -0.160530 0.240157,
        -0.001348 -0.162930 0.240157,
        -0.002210 -0.164859 0.240157,
        -0.003463 -0.166504 0.240157,
        -0.004751 -0.167623 0.240157,
        -0.006920 -0.168830 0.240157,
        -0.009757 -0.169661 0.240157,
        -0.013400 -0.169972 0.240157,
        -0.016416 -0.169720 0.240157,
        -0.019180 -0.168928 0.240157,
        -0.021554 -0.167637 0.240157,
        -0.023525 -0.165860 0.240157,
        -0.024857 -0.163906 0.240157,
        -0.025627 -0.161846 0.240157,
        -0.025969 -0.159001 0.240157,
        -0.025782 -0.156913 0.240157,
        -0.025123 -0.154747 0.240157,
        -0.024030 -0.152868 0.240157,
        -0.022407 -0.151164 0.240157,
        -0.019506 -0.149270 0.240157,
        -0.016152 -0.148084 0.240157,
      ]
    }
    coordIndex [
      131, 132, 7, -1,
      7, 132, 16, -1,
      133, 9, 8, -1,
      133, 8, 134, -1,
      134, 8, 4, -1,
      134, 4, 135, -1,
      135, 4, 16, -1,
      135, 16, 132, -1,
      136, 24, 72, -1,
      136, 72, 137, -1,
      137, 72, 71, -1,
      137, 71, 138, -1,
      138, 71, 33, -1,
      138, 33, 139, -1,
      139, 33, 32, -1,
      139, 32, 140, -1,
      140, 32, 31, -1,
      140, 31, 141, -1,
      141, 31, 11, -1,
      141, 11, 142, -1,
      142, 11, 9, -1,
      142, 9, 133, -1,
      143, 5, 10, -1,
      143, 10, 144, -1,
      144, 10, 57, -1,
      144, 57, 145, -1,
      145, 57, 56, -1,
      145, 56, 146, -1,
      146, 56, 55, -1,
      146, 55, 147, -1,
      147, 55, 26, -1,
      147, 26, 148, -1,
      148, 26, 25, -1,
      148, 25, 149, -1,
      149, 25, 24, -1,
      149, 24, 136, -1,
      143, 150, 5, -1,
      5, 150, 6, -1,
      150, 151, 6, -1,
      6, 151, 17, -1,
      151, 152, 17, -1,
      17, 152, 19, -1,
      153, 23, 22, -1,
      153, 22, 154, -1,
      154, 22, 62, -1,
      154, 62, 155, -1,
      155, 62, 61, -1,
      155, 61, 156, -1,
      156, 61, 60, -1,
      156, 60, 157, -1,
      157, 60, 59, -1,
      157, 59, 158, -1,
      158, 59, 58, -1,
      158, 58, 159, -1,
      159, 58, 21, -1,
      159, 21, 160, -1,
      160, 21, 19, -1,
      160, 19, 152, -1,
      161, 67, 66, -1,
      161, 66, 162, -1,
      162, 66, 64, -1,
      162, 64, 163, -1,
      163, 64, 63, -1,
      163, 63, 164, -1,
      164, 63, 73, -1,
      164, 73, 165, -1,
      165, 73, 75, -1,
      165, 75, 166, -1,
      166, 75, 74, -1,
      166, 74, 167, -1,
      167, 74, 65, -1,
      167, 65, 168, -1,
      168, 65, 23, -1,
      168, 23, 153, -1,
      169, 0, 18, -1,
      169, 18, 170, -1,
      170, 18, 20, -1,
      170, 20, 171, -1,
      171, 20, 67, -1,
      171, 67, 161, -1,
      169, 172, 0, -1,
      0, 172, 1, -1,
      1, 172, 173, -1,
      174, 76, 77, -1,
      174, 77, 175, -1,
      175, 77, 2, -1,
      175, 2, 173, -1,
      173, 2, 3, -1,
      173, 3, 1, -1,
      76, 174, 34, -1,
      34, 174, 176, -1,
      34, 176, 35, -1,
      35, 176, 177, -1,
      35, 177, 36, -1,
      36, 177, 178, -1,
      36, 178, 37, -1,
      37, 178, 179, -1,
      37, 179, 38, -1,
      38, 179, 180, -1,
      38, 180, 39, -1,
      39, 180, 181, -1,
      39, 181, 40, -1,
      40, 181, 182, -1,
      40, 182, 41, -1,
      183, 45, 47, -1,
      183, 47, 184, -1,
      184, 47, 49, -1,
      184, 49, 185, -1,
      185, 49, 50, -1,
      185, 50, 186, -1,
      186, 50, 44, -1,
      186, 44, 187, -1,
      187, 44, 43, -1,
      187, 43, 188, -1,
      188, 43, 42, -1,
      188, 42, 189, -1,
      189, 42, 41, -1,
      189, 41, 182, -1,
      183, 190, 45, -1,
      45, 190, 46, -1,
      191, 69, 68, -1,
      191, 68, 192, -1,
      192, 68, 30, -1,
      192, 30, 193, -1,
      193, 30, 29, -1,
      193, 29, 194, -1,
      194, 29, 28, -1,
      194, 28, 195, -1,
      195, 28, 27, -1,
      195, 27, 196, -1,
      196, 27, 48, -1,
      196, 48, 197, -1,
      197, 48, 46, -1,
      197, 46, 190, -1,
      198, 52, 51, -1,
      198, 51, 199, -1,
      199, 51, 15, -1,
      199, 15, 200, -1,
      200, 15, 14, -1,
      200, 14, 201, -1,
      201, 14, 13, -1,
      201, 13, 202, -1,
      202, 13, 12, -1,
      202, 12, 203, -1,
      203, 12, 70, -1,
      203, 70, 204, -1,
      204, 70, 69, -1,
      204, 69, 191, -1,
      131, 7, 54, -1,
      131, 54, 205, -1,
      205, 54, 53, -1,
      205, 53, 206, -1,
      206, 53, 52, -1,
      206, 52, 198, -1,
      151, 150, 152, -1,
      152, 150, 143, -1,
      152, 143, 160, -1,
      160, 143, 144, -1,
      132, 131, 135, -1,
      135, 131, 205, -1,
      135, 205, 134, -1,
      134, 205, 206, -1,
      134, 206, 133, -1,
      133, 206, 198, -1,
      133, 198, 142, -1,
      142, 198, 199, -1,
      142, 199, 141, -1,
      141, 199, 200, -1,
      141, 200, 140, -1,
      140, 200, 201, -1,
      140, 201, 139, -1,
      139, 201, 202, -1,
      139, 202, 138, -1,
      138, 202, 203, -1,
      138, 203, 137, -1,
      137, 203, 204, -1,
      137, 204, 136, -1,
      204, 191, 136, -1,
      136, 191, 192, -1,
      136, 192, 149, -1,
      149, 192, 193, -1,
      149, 193, 148, -1,
      148, 193, 194, -1,
      148, 194, 147, -1,
      147, 194, 195, -1,
      147, 195, 146, -1,
      146, 195, 196, -1,
      146, 196, 145, -1,
      145, 196, 197, -1,
      145, 197, 144, -1,
      144, 197, 190, -1,
      144, 190, 160, -1,
      160, 190, 183, -1,
      160, 183, 159, -1,
      159, 183, 184, -1,
      159, 184, 158, -1,
      158, 184, 185, -1,
      158, 185, 157, -1,
      157, 185, 186, -1,
      157, 186, 156, -1,
      156, 186, 187, -1,
      156, 187, 155, -1,
      155, 187, 188, -1,
      155, 188, 154, -1,
      154, 188, 189, -1,
      154, 189, 153, -1,
      153, 189, 182, -1,
      153, 182, 168, -1,
      168, 182, 181, -1,
      168, 181, 167, -1,
      167, 181, 180, -1,
      167, 180, 166, -1,
      166, 180, 179, -1,
      166, 179, 165, -1,
      165, 179, 178, -1,
      165, 178, 164, -1,
      164, 178, 177, -1,
      164, 177, 163, -1,
      163, 177, 176, -1,
      163, 176, 162, -1,
      162, 176, 174, -1,
      162, 174, 161, -1,
      161, 174, 175, -1,
      161, 175, 171, -1,
      171, 175, 173, -1,
      171, 173, 170, -1,
      170, 173, 172, -1,
      170, 172, 169, -1,
      207, 208, 127, -1,
      127, 208, 128, -1,
      208, 209, 128, -1,
      128, 209, 130, -1,
      209, 210, 130, -1,
      130, 210, 129, -1,
      210, 207, 129, -1,
      129, 207, 127, -1,
      210, 209, 207, -1,
      207, 209, 208, -1,
      211, 212, 101, -1,
      101, 212, 82, -1,
      213, 122, 121, -1,
      213, 121, 214, -1,
      214, 121, 82, -1,
      214, 82, 212, -1,
      215, 109, 111, -1,
      215, 111, 216, -1,
      216, 111, 113, -1,
      216, 113, 217, -1,
      217, 113, 115, -1,
      217, 115, 218, -1,
      218, 115, 117, -1,
      218, 117, 219, -1,
      219, 117, 119, -1,
      219, 119, 220, -1,
      220, 119, 123, -1,
      220, 123, 221, -1,
      221, 123, 122, -1,
      221, 122, 213, -1,
      215, 222, 109, -1,
      109, 222, 110, -1,
      223, 120, 118, -1,
      223, 118, 224, -1,
      224, 118, 116, -1,
      224, 116, 225, -1,
      225, 116, 114, -1,
      225, 114, 226, -1,
      226, 114, 112, -1,
      226, 112, 227, -1,
      227, 112, 110, -1,
      227, 110, 222, -1,
      228, 96, 97, -1,
      228, 97, 229, -1,
      229, 97, 88, -1,
      229, 88, 230, -1,
      230, 88, 87, -1,
      230, 87, 231, -1,
      231, 87, 86, -1,
      231, 86, 232, -1,
      232, 86, 81, -1,
      232, 81, 233, -1,
      233, 81, 80, -1,
      233, 80, 234, -1,
      234, 80, 120, -1,
      234, 120, 223, -1,
      235, 104, 103, -1,
      235, 103, 236, -1,
      236, 103, 102, -1,
      236, 102, 237, -1,
      237, 102, 92, -1,
      237, 92, 238, -1,
      238, 92, 91, -1,
      238, 91, 239, -1,
      239, 91, 90, -1,
      239, 90, 240, -1,
      240, 90, 89, -1,
      240, 89, 241, -1,
      241, 89, 96, -1,
      241, 96, 228, -1,
      242, 126, 125, -1,
      242, 125, 243, -1,
      243, 125, 124, -1,
      243, 124, 244, -1,
      244, 124, 108, -1,
      244, 108, 245, -1,
      245, 108, 107, -1,
      245, 107, 246, -1,
      246, 107, 106, -1,
      246, 106, 247, -1,
      247, 106, 105, -1,
      247, 105, 248, -1,
      248, 105, 104, -1,
      248, 104, 235, -1,
      78, 79, 249, -1,
      249, 79, 250, -1,
      79, 100, 250, -1,
      250, 100, 99, -1,
      250, 99, 251, -1,
      251, 99, 98, -1,
      251, 98, 252, -1,
      252, 98, 95, -1,
      252, 95, 253, -1,
      253, 95, 94, -1,
      253, 94, 254, -1,
      254, 94, 93, -1,
      254, 93, 255, -1,
      255, 93, 126, -1,
      255, 126, 242, -1,
      78, 249, 83, -1,
      83, 249, 256, -1,
      83, 256, 84, -1,
      84, 256, 257, -1,
      84, 257, 85, -1,
      85, 257, 211, -1,
      85, 211, 101, -1,
      242, 215, 216, -1,
      212, 211, 257, -1,
      242, 243, 215, -1,
      215, 243, 258, -1,
      215, 258, 222, -1,
      222, 258, 259, -1,
      212, 257, 214, -1,
      214, 257, 256, -1,
      214, 256, 213, -1,
      213, 256, 249, -1,
      213, 249, 221, -1,
      221, 249, 250, -1,
      221, 250, 220, -1,
      220, 250, 251, -1,
      220, 251, 219, -1,
      219, 251, 252, -1,
      219, 252, 218, -1,
      218, 252, 253, -1,
      218, 253, 217, -1,
      217, 253, 254, -1,
      217, 254, 216, -1,
      216, 254, 255, -1,
      216, 255, 242, -1,
      259, 260, 222, -1,
      222, 260, 261, -1,
      222, 261, 227, -1,
      227, 261, 262, -1,
      227, 262, 226, -1,
      226, 262, 263, -1,
      226, 263, 225, -1,
      225, 263, 264, -1,
      225, 264, 224, -1,
      224, 264, 265, -1,
      224, 265, 223, -1,
      223, 265, 266, -1,
      223, 266, 234, -1,
      234, 266, 267, -1,
      234, 267, 233, -1,
      233, 267, 268, -1,
      233, 268, 232, -1,
      232, 268, 269, -1,
      232, 269, 231, -1,
      231, 269, 270, -1,
      231, 270, 230, -1,
      230, 270, 271, -1,
      230, 271, 229, -1,
      229, 271, 272, -1,
      229, 272, 228, -1,
      228, 272, 273, -1,
      228, 273, 241, -1,
      241, 273, 274, -1,
      241, 274, 240, -1,
      240, 274, 275, -1,
      240, 275, 239, -1,
      239, 275, 276, -1,
      239, 276, 238, -1,
      238, 276, 277, -1,
      238, 277, 237, -1,
      237, 277, 278, -1,
      237, 278, 236, -1,
      236, 278, 279, -1,
      236, 279, 235, -1,
      235, 279, 280, -1,
      235, 280, 248, -1,
      248, 280, 281, -1,
      248, 281, 247, -1,
      247, 281, 282, -1,
      247, 282, 246, -1,
      246, 282, 283, -1,
      246, 283, 245, -1,
      245, 283, 284, -1,
      245, 284, 244, -1,
      244, 284, 285, -1,
      244, 285, 243, -1,
      243, 285, 286, -1,
      243, 286, 258, -1,
      258, 287, 288, -1,
      258, 288, 259, -1,
      259, 288, 289, -1,
      259, 289, 260, -1,
      260, 289, 290, -1,
      260, 290, 261, -1,
      261, 290, 291, -1,
      261, 291, 262, -1,
      262, 291, 292, -1,
      262, 292, 263, -1,
      263, 292, 293, -1,
      263, 293, 264, -1,
      264, 293, 294, -1,
      264, 294, 265, -1,
      265, 294, 295, -1,
      265, 295, 266, -1,
      266, 295, 296, -1,
      266, 296, 267, -1,
      267, 296, 297, -1,
      267, 297, 268, -1,
      268, 297, 298, -1,
      268, 298, 269, -1,
      269, 298, 299, -1,
      269, 299, 270, -1,
      270, 299, 300, -1,
      270, 300, 271, -1,
      271, 300, 301, -1,
      271, 301, 272, -1,
      272, 301, 302, -1,
      272, 302, 273, -1,
      273, 302, 303, -1,
      273, 303, 274, -1,
      274, 303, 304, -1,
      274, 304, 275, -1,
      275, 304, 305, -1,
      275, 305, 276, -1,
      276, 305, 306, -1,
      276, 306, 277, -1,
      277, 306, 307, -1,
      277, 307, 278, -1,
      278, 307, 308, -1,
      278, 308, 279, -1,
      279, 308, 309, -1,
      279, 309, 280, -1,
      280, 309, 310, -1,
      280, 310, 281, -1,
      281, 310, 311, -1,
      281, 311, 282, -1,
      282, 311, 312, -1,
      282, 312, 283, -1,
      283, 312, 313, -1,
      283, 313, 284, -1,
      284, 313, 314, -1,
      284, 314, 285, -1,
      285, 314, 315, -1,
      285, 315, 286, -1,
      286, 315, 287, -1,
      286, 287, 258, -1,
    ]
  }
}

Shape {
  appearance Appearance {
    material Material {
      diffuseColor 0.2510 0.2510 0.2510
      specularColor 0.0745 0.0745 0.0745
      ambientIntensity 0.2
      transparency 0.0000
      shininess 0.5
    }
  }
  geometry IndexedFaceSet {
    ccw TRUE
    solid FALSE
    coord DEF co Coordinate {
      point [
        -0.012094 -0.147646 0.240157,
        -0.010493 -0.147739 0.240157,
        -0.007793 -0.148424 0.240157,
        -0.005583 -0.149600 0.240157,
        -0.003328 -0.151599 0.240157,
        -0.001922 -0.153684 0.240157,
        -0.001089 -0.155984 0.240157,
        -0.000763 -0.158922 0.240157,
        -0.000846 -0.160530 0.240157,
        -0.001348 -0.162930 0.240157,
        -0.002210 -0.164859 0.240157,
        -0.003463 -0.166504 0.240157,
        -0.004751 -0.167623 0.240157,
        -0.006920 -0.168830 0.240157,
        -0.009757 -0.169661 0.240157,
        -0.013400 -0.169972 0.240157,
        -0.016416 -0.169720 0.240157,
        -0.019180 -0.168928 0.240157,
        -0.021554 -0.167637 0.240157,
        -0.023525 -0.165860 0.240157,
        -0.024857 -0.163906 0.240157,
        -0.025627 -0.161846 0.240157,
        -0.025969 -0.159001 0.240157,
        -0.025782 -0.156913 0.240157,
        -0.025123 -0.154747 0.240157,
        -0.024030 -0.152868 0.240157,
        -0.022407 -0.151164 0.240157,
        -0.019506 -0.149270 0.240157,
        -0.016152 -0.148084 0.240157,
      ]
    }
    coordIndex [
      23, 8, 7, -1,
      1, 0, 7, -1,
      22, 16, 23, -1,
      23, 16, 15, -1,
      23, 15, 14, -1,
      1, 7, 2, -1,
      5, 4, 3, -1,
      14, 13, 23, -1,
      23, 13, 12, -1,
      23, 12, 11, -1,
      11, 10, 23, -1,
      23, 10, 9, -1,
      23, 9, 8, -1,
      0, 28, 7, -1,
      7, 28, 27, -1,
      7, 27, 26, -1,
      26, 25, 7, -1,
      7, 25, 24, -1,
      7, 24, 23, -1,
      2, 7, 3, -1,
      3, 7, 6, -1,
      3, 6, 5, -1,
      20, 19, 21, -1,
      21, 19, 18, -1,
      21, 18, 22, -1,
      22, 18, 17, -1,
      22, 17, 16, -1,
    ]
  }
}

Shape {
  appearance Appearance {
    material Material {
      diffuseColor 0.4510 0.4314 0.4196
      specularColor 0.0314 0.0314 0.0314
      ambientIntensity 0.2
      transparency 0.0000
      shininess 0.5
    }
  }
  geometry IndexedFaceSet {
    ccw TRUE
    solid FALSE
    coord DEF co Coordinate {
      point [
        -0.009405 -0.204159 0.240157,
        -0.009405 -0.196619 0.240157,
        -0.031731 -0.196619 0.240157,
        0.004674 -0.224857 0.240157,
        0.000874 -0.223458 0.240157,
        -0.002654 -0.221052 0.240157,
        0.027324 -0.205396 0.240157,
        0.026841 -0.211151 0.240157,
        0.025525 -0.215651 0.240157,
        0.023575 -0.219123 0.240157,
        0.021667 -0.221282 0.240157,
        0.018709 -0.223407 0.240157,
        0.015396 -0.224709 0.240157,
        0.010686 -0.225402 0.240157,
        0.009646 -0.225426 0.240157,
        -0.005784 -0.217529 0.240157,
        -0.008050 -0.213189 0.240157,
        -0.009202 -0.208528 0.240157,
        -0.031731 -0.188697 0.240157,
        0.027324 -0.188697 0.240157,
        -0.009405 -0.204159 0.236220,
        -0.009405 -0.196619 0.236220,
        -0.031731 -0.196619 0.236220,
        -0.031731 -0.188697 0.236220,
        0.027324 -0.188697 0.236220,
        0.027324 -0.205396 0.236220,
        0.009646 -0.225426 0.236220,
        0.010686 -0.225402 0.236220,
        0.015396 -0.224709 0.236220,
        0.018709 -0.223407 0.236220,
        0.021667 -0.221282 0.236220,
        0.023575 -0.219123 0.236220,
        0.025525 -0.215651 0.236220,
        0.026841 -0.211151 0.236220,
        -0.009202 -0.208528 0.236220,
        -0.008050 -0.213189 0.236220,
        -0.005784 -0.217529 0.236220,
        -0.002654 -0.221052 0.236220,
        0.000874 -0.223458 0.236220,
        0.004674 -0.224857 0.236220,
        -0.001769 -0.210612 0.236220,
        -0.002603 -0.207535 0.236220,
        -0.002923 -0.203540 0.236220,
        -0.002923 -0.196619 0.236220,
        0.020843 -0.196619 0.236220,
        -0.000527 -0.212954 0.236220,
        0.001165 -0.214853 0.236220,
        0.003217 -0.216222 0.236220,
        0.005524 -0.217070 0.236220,
        0.009091 -0.217499 0.236220,
        0.009343 -0.217504 0.236220,
        0.012333 -0.217252 0.236220,
        0.014724 -0.216530 0.236220,
        0.016591 -0.215467 0.236220,
        0.018020 -0.214141 0.236220,
        0.019015 -0.212708 0.236220,
        0.020127 -0.210041 0.236220,
        0.020807 -0.205683 0.236220,
        0.020843 -0.204260 0.236220,
        0.020843 -0.204260 0.240157,
        0.020843 -0.196619 0.240157,
        0.020807 -0.205683 0.240157,
        0.020127 -0.210041 0.240157,
        0.019015 -0.212708 0.240157,
        0.018020 -0.214141 0.240157,
        0.016591 -0.215467 0.240157,
        0.014724 -0.216530 0.240157,
        0.012333 -0.217252 0.240157,
        0.009343 -0.217504 0.240157,
        0.009091 -0.217499 0.240157,
        0.005524 -0.217070 0.240157,
        0.003217 -0.216222 0.240157,
        0.001165 -0.214853 0.240157,
        -0.000527 -0.212954 0.240157,
        -0.001769 -0.210612 0.240157,
        -0.002603 -0.207535 0.240157,
        -0.002923 -0.203540 0.240157,
        -0.002923 -0.196619 0.240157,
      ]
    }
    coordIndex [
      20, 21, 0, -1,
      0, 21, 1, -1,
      21, 22, 1, -1,
      1, 22, 2, -1,
      22, 23, 2, -1,
      2, 23, 18, -1,
      23, 24, 18, -1,
      18, 24, 19, -1,
      24, 25, 19, -1,
      19, 25, 6, -1,
      26, 14, 13, -1,
      26, 13, 27, -1,
      27, 13, 12, -1,
      27, 12, 28, -1,
      28, 12, 11, -1,
      28, 11, 29, -1,
      29, 11, 10, -1,
      29, 10, 30, -1,
      30, 10, 9, -1,
      30, 9, 31, -1,
      31, 9, 8, -1,
      31, 8, 32, -1,
      32, 8, 7, -1,
      32, 7, 33, -1,
      33, 7, 6, -1,
      33, 6, 25, -1,
      20, 0, 17, -1,
      20, 17, 34, -1,
      34, 17, 16, -1,
      34, 16, 35, -1,
      35, 16, 15, -1,
      35, 15, 36, -1,
      36, 15, 5, -1,
      36, 5, 37, -1,
      37, 5, 4, -1,
      37, 4, 38, -1,
      38, 4, 3, -1,
      38, 3, 39, -1,
      39, 3, 14, -1,
      39, 14, 26, -1,
      40, 41, 21, -1,
      21, 41, 42, -1,
      21, 42, 43, -1,
      22, 21, 23, -1,
      23, 21, 43, -1,
      23, 43, 24, -1,
      24, 43, 44, -1,
      24, 44, 25, -1,
      40, 21, 45, -1,
      45, 21, 20, -1,
      45, 20, 34, -1,
      34, 35, 45, -1,
      45, 35, 36, -1,
      45, 36, 46, -1,
      46, 36, 37, -1,
      46, 37, 47, -1,
      47, 37, 38, -1,
      47, 38, 48, -1,
      48, 38, 39, -1,
      48, 39, 49, -1,
      49, 39, 26, -1,
      49, 26, 50, -1,
      50, 26, 27, -1,
      50, 27, 51, -1,
      51, 27, 28, -1,
      51, 28, 52, -1,
      52, 28, 29, -1,
      52, 29, 53, -1,
      53, 29, 30, -1,
      53, 30, 54, -1,
      54, 30, 31, -1,
      54, 31, 55, -1,
      55, 31, 32, -1,
      55, 32, 56, -1,
      56, 32, 33, -1,
      56, 33, 57, -1,
      57, 33, 25, -1,
      57, 25, 58, -1,
      58, 25, 44, -1,
      58, 44, 59, -1,
      59, 44, 60, -1,
      58, 59, 61, -1,
      58, 61, 57, -1,
      57, 61, 62, -1,
      57, 62, 56, -1,
      56, 62, 63, -1,
      56, 63, 55, -1,
      55, 63, 64, -1,
      55, 64, 54, -1,
      54, 64, 65, -1,
      54, 65, 53, -1,
      53, 65, 66, -1,
      53, 66, 52, -1,
      52, 66, 67, -1,
      52, 67, 51, -1,
      51, 67, 68, -1,
      51, 68, 50, -1,
      50, 68, 69, -1,
      50, 69, 49, -1,
      49, 69, 70, -1,
      49, 70, 48, -1,
      48, 70, 71, -1,
      48, 71, 47, -1,
      47, 71, 72, -1,
      47, 72, 46, -1,
      46, 72, 73, -1,
      46, 73, 45, -1,
      45, 73, 74, -1,
      45, 74, 40, -1,
      40, 74, 75, -1,
      40, 75, 41, -1,
      41, 75, 76, -1,
      41, 76, 42, -1,
      43, 42, 77, -1,
      77, 42, 76, -1,
      44, 43, 60, -1,
      60, 43, 77, -1,
    ]
  }
}

Shape {
  appearance Appearance {
    material Material {
      diffuseColor 0.2510 0.2510 0.2510
      specularColor 0.0745 0.0745 0.0745
      ambientIntensity 0.2
      transparency 0.0000
      shininess 0.5
    }
  }
  geometry IndexedFaceSet {
    ccw TRUE
    solid FALSE
    coord DEF co Coordinate {
      point [
        0.020843 -0.204260 0.240157,
        0.020843 -0.196619 0.240157,
        0.020807 -0.205683 0.240157,
        0.020127 -0.210041 0.240157,
        0.019015 -0.212708 0.240157,
        0.018020 -0.214141 0.240157,
        0.016591 -0.215467 0.240157,
        0.014724 -0.216530 0.240157,
        0.012333 -0.217252 0.240157,
        0.009343 -0.217504 0.240157,
        0.009091 -0.217499 0.240157,
        0.005524 -0.217070 0.240157,
        0.003217 -0.216222 0.240157,
        0.001165 -0.214853 0.240157,
        -0.000527 -0.212954 0.240157,
        -0.001769 -0.210612 0.240157,
        -0.002603 -0.207535 0.240157,
        -0.002923 -0.203540 0.240157,
        -0.002923 -0.196619 0.240157,
      ]
    }
    coordIndex [
      1, 18, 0, -1,
      0, 18, 17, -1,
      17, 16, 0, -1,
      0, 16, 15, -1,
      0, 15, 14, -1,
      11, 10, 0, -1,
      0, 10, 9, -1,
      0, 9, 2, -1,
      2, 9, 8, -1,
      2, 8, 3, -1,
      3, 8, 4, -1,
      14, 13, 0, -1,
      0, 13, 12, -1,
      0, 12, 11, -1,
      4, 8, 5, -1,
      5, 8, 7, -1,
      5, 7, 6, -1,
    ]
  }
}

Shape {
  appearance Appearance {
    material Material {
      diffuseColor 1.0000 1.0000 1.0000
      specularColor 0.8784 0.8784 0.8784
      ambientIntensity 0.2
      transparency 0.0000
      shininess 0.5
    }
  }
  geometry IndexedFaceSet {
    ccw TRUE
    solid FALSE
    coord DEF co Coordinate {
      point [
        -0.006539 0.091035 0.003937,
        -0.046899 0.096796 0.003937,
        -0.046899 0.156331 0.003937,
        -0.024813 0.148364 0.003937,
        -0.024813 0.115836 0.003937,
        0.031841 0.126564 0.003937,
        0.031841 0.137126 0.003937,
        0.023199 -0.019394 0.003937,
        -0.002728 -0.019394 0.003937,
        0.023199 0.010374 0.003937,
        -0.002728 0.008454 0.003937,
        -0.011370 0.008454 0.003937,
        -0.011370 -0.019394 0.003937,
        -0.038257 -0.019394 0.003937,
        -0.046899 0.012294 0.003937,
        -0.046899 -0.029956 0.003937,
        0.031841 -0.029956 0.003937,
        -0.046899 0.049069 0.003937,
        0.031841 0.049879 0.003937,
        0.031841 0.027658 0.003937,
        -0.046899 0.108319 0.003937,
        -0.046899 0.167854 0.003937,
        -0.038257 0.012294 0.003937,
        -0.046899 0.027658 0.003937,
        -0.047859 -0.066986 0.003937,
        -0.034176 -0.045320 0.003937,
        -0.042818 -0.045320 0.003937,
        0.031841 0.010374 0.003937,
        -0.046264 -0.053713 0.003937,
        0.024159 -0.063760 0.003937,
        -0.034957 -0.046731 0.003937,
        0.022916 -0.054189 0.003937,
        0.019118 -0.045320 0.003937,
        0.029681 -0.045320 0.003937,
        0.023291 -0.071513 0.003937,
        0.021172 -0.077376 0.003937,
        0.017431 -0.082954 0.003937,
        0.012156 -0.087688 0.003937,
        0.006066 -0.090901 0.003937,
        -0.002459 -0.092984 0.003937,
        -0.008369 -0.093333 0.003937,
        -0.016887 -0.092537 0.003937,
        -0.039217 -0.065530 0.003937,
        -0.038057 -0.055078 0.003937,
        -0.046899 -0.150947 0.003937,
        0.031841 -0.150947 0.003937,
        0.031841 -0.140385 0.003937,
        0.032802 -0.063850 0.003937,
        0.032151 -0.054424 0.003937,
        -0.046899 -0.110617 0.003937,
        -0.038257 -0.110617 0.003937,
        -0.038257 -0.140385 0.003937,
        -0.009014 -0.103895 0.003937,
        0.031841 0.137126 0.007874,
        -0.046899 0.167854 0.007874,
        -0.046899 0.156331 0.007874,
        -0.024813 0.148364 0.007874,
        -0.024813 0.115836 0.007874,
        -0.046899 0.108319 0.007874,
        -0.046899 0.096796 0.007874,
        0.031841 0.126564 0.007874,
        -0.016171 0.118492 0.007874,
        0.016717 0.130240 0.007874,
        0.019448 0.130998 0.007874,
        0.022239 0.131500 0.007874,
        0.022239 0.131755 0.007874,
        0.019457 0.132269 0.007874,
        -0.016171 0.144823 0.007874,
        0.016717 0.132970 0.007874,
        -0.016171 0.118492 0.003937,
        -0.016171 0.144823 0.003937,
        0.016717 0.130240 0.003937,
        0.019448 0.130998 0.003937,
        0.022239 0.131500 0.003937,
        0.022239 0.131755 0.003937,
        0.019457 0.132269 0.003937,
        0.016717 0.132970 0.003937,
        -0.046899 0.049069 0.007874,
        -0.046899 0.027658 0.007874,
        0.031841 0.027658 0.007874,
        0.031841 0.049879 0.007874,
        -0.006539 0.091035 0.007874,
        0.002813 0.090093 0.003937,
        0.002813 0.090093 0.007874,
        0.010544 0.087519 0.003937,
        0.010544 0.087519 0.007874,
        0.017121 0.083406 0.003937,
        0.017121 0.083406 0.007874,
        0.022974 0.077459 0.003937,
        0.022974 0.077459 0.007874,
        0.027831 0.069548 0.003937,
        0.027831 0.069548 0.007874,
        0.030892 0.060023 0.003937,
        0.030892 0.060023 0.007874,
        -0.045892 0.059630 0.003937,
        -0.045892 0.059630 0.007874,
        -0.042995 0.068682 0.003937,
        -0.042995 0.068682 0.007874,
        -0.038121 0.076681 0.003937,
        -0.038121 0.076681 0.007874,
        -0.031794 0.083041 0.003937,
        -0.031794 0.083041 0.007874,
        -0.024673 0.087406 0.003937,
        -0.024673 0.087406 0.007874,
        -0.016217 0.090113 0.003937,
        -0.016217 0.090113 0.007874,
        -0.006763 0.080472 0.007874,
        0.001072 0.079804 0.007874,
        0.007369 0.077932 0.007874,
        0.012181 0.075212 0.007874,
        0.016237 0.071383 0.007874,
        0.019947 0.065626 0.007874,
        0.022216 0.059120 0.007874,
        0.023199 0.049834 0.007874,
        0.023199 0.038221 0.007874,
        -0.038257 0.038221 0.007874,
        -0.038257 0.049399 0.007874,
        -0.037486 0.057693 0.007874,
        -0.035382 0.064407 0.007874,
        -0.032235 0.069693 0.007874,
        -0.027884 0.074091 0.007874,
        -0.022423 0.077446 0.007874,
        -0.016228 0.079502 0.007874,
        0.023199 0.049834 0.003937,
        0.023199 0.038221 0.003937,
        0.022216 0.059120 0.003937,
        0.019947 0.065626 0.003937,
        0.016237 0.071383 0.003937,
        0.012181 0.075212 0.003937,
        0.007369 0.077932 0.003937,
        0.001072 0.079804 0.003937,
        -0.006763 0.080472 0.003937,
        -0.016228 0.079502 0.003937,
        -0.022423 0.077446 0.003937,
        -0.027884 0.074091 0.003937,
        -0.032235 0.069693 0.003937,
        -0.035382 0.064407 0.003937,
        -0.037486 0.057693 0.003937,
        -0.038257 0.049399 0.003937,
        -0.038257 0.038221 0.003937,
        -0.038257 0.012294 0.007874,
        -0.046899 0.012294 0.007874,
        -0.046899 -0.029956 0.007874,
        0.031841 -0.029956 0.007874,
        0.031841 0.010374 0.007874,
        0.023199 0.010374 0.007874,
        0.023199 -0.019394 0.007874,
        -0.002728 -0.019394 0.007874,
        -0.002728 0.008454 0.007874,
        -0.011370 0.008454 0.007874,
        -0.011370 -0.019394 0.007874,
        -0.038257 -0.019394 0.007874,
        -0.034176 -0.045320 0.007874,
        -0.042818 -0.045320 0.007874,
        -0.046264 -0.053713 0.007874,
        -0.047859 -0.066986 0.007874,
        -0.047821 -0.064790 0.003937,
        -0.047821 -0.064790 0.007874,
        -0.047379 -0.061645 0.003937,
        -0.047379 -0.071862 0.003937,
        -0.046946 -0.076255 0.007874,
        -0.046946 -0.076255 0.003937,
        -0.044337 -0.084102 0.007874,
        -0.044337 -0.084102 0.003937,
        -0.040275 -0.090541 0.007874,
        -0.040275 -0.090541 0.003937,
        -0.034053 -0.096497 0.007874,
        -0.034053 -0.096497 0.003937,
        -0.026570 -0.100722 0.007874,
        -0.026570 -0.100722 0.003937,
        -0.018245 -0.103114 0.007874,
        -0.018245 -0.103114 0.003937,
        -0.009014 -0.103895 0.007874,
        0.032802 -0.063850 0.007874,
        0.031848 -0.073359 0.003937,
        0.031848 -0.073359 0.007874,
        0.028870 -0.082139 0.003937,
        0.028870 -0.082139 0.007874,
        0.023610 -0.090128 0.003937,
        0.023610 -0.090128 0.007874,
        0.017713 -0.095725 0.003937,
        0.017713 -0.095725 0.007874,
        0.010203 -0.100158 0.003937,
        0.010203 -0.100158 0.007874,
        0.000928 -0.103016 0.003937,
        0.000928 -0.103016 0.007874,
        0.029681 -0.045320 0.007874,
        0.032151 -0.054424 0.007874,
        0.019118 -0.045320 0.007874,
        0.024159 -0.063760 0.007874,
        0.022916 -0.054189 0.007874,
        -0.008369 -0.093333 0.007874,
        -0.002459 -0.092984 0.007874,
        0.006066 -0.090901 0.007874,
        0.012156 -0.087688 0.007874,
        0.017431 -0.082954 0.007874,
        0.021172 -0.077376 0.007874,
        0.023291 -0.071513 0.007874,
        -0.039217 -0.065530 0.007874,
        -0.038373 -0.072958 0.003937,
        -0.038373 -0.072958 0.007874,
        -0.036210 -0.078750 0.003937,
        -0.036210 -0.078750 0.007874,
        -0.032896 -0.083575 0.003937,
        -0.032896 -0.083575 0.007874,
        -0.029167 -0.087096 0.003937,
        -0.029167 -0.087096 0.007874,
        -0.023707 -0.090378 0.003937,
        -0.023707 -0.090378 0.007874,
        -0.016887 -0.092537 0.007874,
        -0.034957 -0.046731 0.007874,
        -0.038057 -0.055078 0.007874,
        -0.038257 -0.110617 0.007874,
        -0.046899 -0.110617 0.007874,
        -0.046899 -0.150947 0.007874,
        0.031841 -0.150947 0.007874,
        0.031841 -0.140385 0.007874,
        -0.038257 -0.140385 0.007874,
      ]
    }
    coordIndex [
      53, 54, 6, -1,
      6, 54, 21, -1,
      54, 55, 21, -1,
      21, 55, 2, -1,
      55, 56, 2, -1,
      2, 56, 3, -1,
      56, 57, 3, -1,
      3, 57, 4, -1,
      57, 58, 4, -1,
      4, 58, 20, -1,
      58, 59, 20, -1,
      20, 59, 1, -1,
      59, 60, 1, -1,
      1, 60, 5, -1,
      60, 53, 5, -1,
      5, 53, 6, -1,
      61, 62, 60, -1,
      59, 58, 57, -1,
      62, 63, 60, -1,
      60, 63, 64, -1,
      60, 64, 53, -1,
      53, 64, 65, -1,
      53, 65, 66, -1,
      60, 59, 61, -1,
      61, 59, 57, -1,
      61, 57, 67, -1,
      67, 57, 56, -1,
      66, 68, 53, -1,
      53, 68, 67, -1,
      53, 67, 54, -1,
      54, 67, 56, -1,
      54, 56, 55, -1,
      61, 67, 69, -1,
      69, 67, 70, -1,
      62, 61, 71, -1,
      71, 61, 69, -1,
      62, 71, 72, -1,
      62, 72, 63, -1,
      63, 72, 73, -1,
      63, 73, 64, -1,
      65, 64, 74, -1,
      74, 64, 73, -1,
      65, 74, 75, -1,
      65, 75, 66, -1,
      66, 75, 76, -1,
      66, 76, 68, -1,
      67, 68, 70, -1,
      70, 68, 76, -1,
      77, 78, 17, -1,
      17, 78, 23, -1,
      78, 79, 23, -1,
      23, 79, 19, -1,
      79, 80, 19, -1,
      19, 80, 18, -1,
      81, 0, 82, -1,
      81, 82, 83, -1,
      83, 82, 84, -1,
      83, 84, 85, -1,
      85, 84, 86, -1,
      85, 86, 87, -1,
      87, 86, 88, -1,
      87, 88, 89, -1,
      89, 88, 90, -1,
      89, 90, 91, -1,
      91, 90, 92, -1,
      91, 92, 93, -1,
      93, 92, 18, -1,
      93, 18, 80, -1,
      77, 17, 94, -1,
      77, 94, 95, -1,
      95, 94, 96, -1,
      95, 96, 97, -1,
      97, 96, 98, -1,
      97, 98, 99, -1,
      99, 98, 100, -1,
      99, 100, 101, -1,
      101, 100, 102, -1,
      101, 102, 103, -1,
      103, 102, 104, -1,
      103, 104, 105, -1,
      105, 104, 0, -1,
      105, 0, 81, -1,
      106, 81, 107, -1,
      107, 81, 83, -1,
      107, 83, 108, -1,
      108, 83, 85, -1,
      108, 85, 109, -1,
      109, 85, 87, -1,
      109, 87, 110, -1,
      110, 87, 89, -1,
      110, 89, 111, -1,
      111, 89, 91, -1,
      111, 91, 112, -1,
      112, 91, 93, -1,
      112, 93, 113, -1,
      113, 93, 80, -1,
      113, 80, 114, -1,
      114, 80, 79, -1,
      114, 79, 115, -1,
      115, 79, 78, -1,
      115, 78, 116, -1,
      116, 78, 77, -1,
      116, 77, 117, -1,
      117, 77, 95, -1,
      117, 95, 118, -1,
      118, 95, 97, -1,
      118, 97, 119, -1,
      119, 97, 99, -1,
      119, 99, 120, -1,
      120, 99, 101, -1,
      120, 101, 121, -1,
      121, 101, 103, -1,
      121, 103, 122, -1,
      122, 103, 105, -1,
      122, 105, 106, -1,
      106, 105, 81, -1,
      113, 114, 123, -1,
      123, 114, 124, -1,
      113, 123, 125, -1,
      113, 125, 112, -1,
      112, 125, 126, -1,
      112, 126, 111, -1,
      111, 126, 127, -1,
      111, 127, 110, -1,
      110, 127, 128, -1,
      110, 128, 109, -1,
      109, 128, 129, -1,
      109, 129, 108, -1,
      108, 129, 130, -1,
      108, 130, 107, -1,
      107, 130, 131, -1,
      107, 131, 106, -1,
      106, 131, 132, -1,
      106, 132, 122, -1,
      122, 132, 133, -1,
      122, 133, 121, -1,
      121, 133, 134, -1,
      121, 134, 120, -1,
      120, 134, 135, -1,
      120, 135, 119, -1,
      119, 135, 136, -1,
      119, 136, 118, -1,
      118, 136, 137, -1,
      118, 137, 117, -1,
      117, 137, 138, -1,
      117, 138, 116, -1,
      115, 116, 139, -1,
      139, 116, 138, -1,
      114, 115, 124, -1,
      124, 115, 139, -1,
      140, 141, 22, -1,
      22, 141, 14, -1,
      141, 142, 14, -1,
      14, 142, 15, -1,
      142, 143, 15, -1,
      15, 143, 16, -1,
      143, 144, 16, -1,
      16, 144, 27, -1,
      144, 145, 27, -1,
      27, 145, 9, -1,
      145, 146, 9, -1,
      9, 146, 7, -1,
      146, 147, 7, -1,
      7, 147, 8, -1,
      147, 148, 8, -1,
      8, 148, 10, -1,
      148, 149, 10, -1,
      10, 149, 11, -1,
      149, 150, 11, -1,
      11, 150, 12, -1,
      150, 151, 12, -1,
      12, 151, 13, -1,
      151, 140, 13, -1,
      13, 140, 22, -1,
      142, 141, 140, -1,
      140, 151, 142, -1,
      142, 151, 150, -1,
      142, 150, 143, -1,
      145, 144, 146, -1,
      146, 144, 143, -1,
      146, 143, 147, -1,
      147, 143, 150, -1,
      147, 150, 148, -1,
      148, 150, 149, -1,
      152, 153, 25, -1,
      25, 153, 26, -1,
      26, 153, 154, -1,
      155, 24, 156, -1,
      155, 156, 157, -1,
      157, 156, 158, -1,
      157, 158, 154, -1,
      154, 158, 28, -1,
      154, 28, 26, -1,
      24, 155, 159, -1,
      159, 155, 160, -1,
      159, 160, 161, -1,
      161, 160, 162, -1,
      161, 162, 163, -1,
      163, 162, 164, -1,
      163, 164, 165, -1,
      165, 164, 166, -1,
      165, 166, 167, -1,
      167, 166, 168, -1,
      167, 168, 169, -1,
      169, 168, 170, -1,
      169, 170, 171, -1,
      171, 170, 172, -1,
      171, 172, 52, -1,
      173, 47, 174, -1,
      173, 174, 175, -1,
      175, 174, 176, -1,
      175, 176, 177, -1,
      177, 176, 178, -1,
      177, 178, 179, -1,
      179, 178, 180, -1,
      179, 180, 181, -1,
      181, 180, 182, -1,
      181, 182, 183, -1,
      183, 182, 184, -1,
      183, 184, 185, -1,
      185, 184, 52, -1,
      185, 52, 172, -1,
      186, 33, 48, -1,
      186, 48, 187, -1,
      187, 48, 47, -1,
      187, 47, 173, -1,
      186, 188, 33, -1,
      33, 188, 32, -1,
      189, 29, 31, -1,
      189, 31, 190, -1,
      190, 31, 32, -1,
      190, 32, 188, -1,
      191, 40, 39, -1,
      191, 39, 192, -1,
      192, 39, 38, -1,
      192, 38, 193, -1,
      193, 38, 37, -1,
      193, 37, 194, -1,
      194, 37, 36, -1,
      194, 36, 195, -1,
      195, 36, 35, -1,
      195, 35, 196, -1,
      196, 35, 34, -1,
      196, 34, 197, -1,
      197, 34, 29, -1,
      197, 29, 189, -1,
      198, 42, 199, -1,
      198, 199, 200, -1,
      200, 199, 201, -1,
      200, 201, 202, -1,
      202, 201, 203, -1,
      202, 203, 204, -1,
      204, 203, 205, -1,
      204, 205, 206, -1,
      206, 205, 207, -1,
      206, 207, 208, -1,
      208, 207, 41, -1,
      208, 41, 209, -1,
      209, 41, 40, -1,
      209, 40, 191, -1,
      152, 25, 30, -1,
      152, 30, 210, -1,
      210, 30, 43, -1,
      210, 43, 211, -1,
      211, 43, 42, -1,
      211, 42, 198, -1,
      200, 155, 198, -1,
      198, 155, 157, -1,
      198, 157, 211, -1,
      211, 157, 154, -1,
      211, 154, 210, -1,
      210, 154, 153, -1,
      210, 153, 152, -1,
      188, 186, 190, -1,
      190, 186, 187, -1,
      190, 187, 189, -1,
      189, 187, 173, -1,
      189, 173, 197, -1,
      197, 173, 175, -1,
      197, 175, 196, -1,
      196, 175, 177, -1,
      196, 177, 195, -1,
      195, 177, 179, -1,
      195, 179, 194, -1,
      194, 179, 181, -1,
      194, 181, 193, -1,
      193, 181, 183, -1,
      193, 183, 192, -1,
      192, 183, 185, -1,
      192, 185, 191, -1,
      191, 185, 172, -1,
      191, 172, 209, -1,
      209, 172, 170, -1,
      209, 170, 208, -1,
      208, 170, 168, -1,
      208, 168, 206, -1,
      206, 168, 166, -1,
      206, 166, 204, -1,
      204, 166, 164, -1,
      204, 164, 202, -1,
      202, 164, 162, -1,
      202, 162, 200, -1,
      200, 162, 160, -1,
      200, 160, 155, -1,
      212, 213, 50, -1,
      50, 213, 49, -1,
      213, 214, 49, -1,
      49, 214, 44, -1,
      214, 215, 44, -1,
      44, 215, 45, -1,
      215, 216, 45, -1,
      45, 216, 46, -1,
      216, 217, 46, -1,
      46, 217, 51, -1,
      217, 212, 51, -1,
      51, 212, 50, -1,
      216, 215, 217, -1,
      217, 215, 214, -1,
      217, 214, 212, -1,
      212, 214, 213, -1,
    ]
  }
}

Shape {
  appearance Appearance {
    material Material {
      diffuseColor 0.2510 0.2510 0.2510
      specularColor 0.0745 0.0745 0.0745
      ambientIntensity 0.2
      transparency 0.0000
      shininess 0.5
    }
  }
  geometry IndexedFaceSet {
    ccw TRUE
    solid FALSE
    coord DEF co Coordinate {
      point [
        -0.016171 0.118492 0.003937,
        -0.016171 0.144823 0.003937,
        0.016717 0.130240 0.003937,
        0.019448 0.130998 0.003937,
        0.022239 0.131500 0.003937,
        0.022239 0.131755 0.003937,
        0.019457 0.132269 0.003937,
        0.016717 0.132970 0.003937,
        0.023199 0.049834 0.003937,
        0.023199 0.038221 0.003937,
        0.022216 0.059120 0.003937,
        0.019947 0.065626 0.003937,
        0.016237 0.071383 0.003937,
        0.012181 0.075212 0.003937,
        0.007369 0.077932 0.003937,
        0.001072 0.079804 0.003937,
        -0.006763 0.080472 0.003937,
        -0.016228 0.079502 0.003937,
        -0.022423 0.077446 0.003937,
        -0.027884 0.074091 0.003937,
        -0.032235 0.069693 0.003937,
        -0.035382 0.064407 0.003937,
        -0.037486 0.057693 0.003937,
        -0.038257 0.049399 0.003937,
        -0.038257 0.038221 0.003937,
      ]
    }
    coordIndex [
      0, 1, 2, -1,
      2, 1, 7, -1,
      2, 7, 3, -1,
      3, 7, 6, -1,
      3, 6, 4, -1,
      4, 6, 5, -1,
      8, 9, 24, -1,
      17, 16, 8, -1,
      17, 8, 18, -1,
      16, 15, 8, -1,
      8, 15, 14, -1,
      8, 14, 10, -1,
      24, 23, 8, -1,
      8, 23, 22, -1,
      8, 22, 21, -1,
      13, 12, 14, -1,
      14, 12, 11, -1,
      14, 11, 10, -1,
      21, 20, 8, -1,
      8, 20, 19, -1,
      8, 19, 18, -1,
    ]
  }
}

Shape {
  appearance Appearance {
    material Material {
      diffuseColor 1.0000 1.0000 1.0000
      specularColor 0.8784 0.8784 0.8784
      ambientIntensity 0.2
      transparency 0.0000
      shininess 0.5
    }
  }
  geometry IndexedFaceSet {
    ccw TRUE
    solid FALSE
    coord DEF co Coordinate {
      point [
        0.196850 -0.028083 0.003937,
        0.236220 -0.028083 0.003937,
        0.196850 0.247507 0.003937,
        0.236220 0.168767 0.003937,
        0.236220 0.050657 0.003937,
        0.196850 0.168767 0.003937,
        0.196850 0.050657 0.003937,
        0.236220 0.247507 0.003937,
        -0.236220 -0.028083 0.003937,
        -0.196850 -0.028083 0.003937,
        -0.196850 0.050657 0.003937,
        -0.236220 0.050657 0.003937,
        -0.236220 0.168767 0.003937,
        -0.196850 0.168767 0.003937,
        -0.196850 0.247507 0.003937,
        -0.236220 0.247507 0.003937,
        -0.236220 -0.224933 0.003937,
        -0.196850 -0.224933 0.003937,
        -0.196850 -0.146193 0.003937,
        -0.236220 -0.146193 0.003937,
        0.236220 -0.146193 0.003937,
        0.196850 -0.146193 0.003937,
        0.236220 -0.224933 0.003937,
        0.196850 -0.224933 0.003937,
        0.236220 -0.028083 0.078740,
        0.236220 -0.146193 0.078740,
        0.236220 -0.224933 0.078740,
        0.236220 0.050657 0.078740,
        0.236220 0.247507 0.078740,
        0.236220 0.168767 0.078740,
        -0.236220 -0.224933 0.078740,
        -0.236220 -0.146193 0.078740,
        -0.236220 0.247507 0.078740,
        -0.236220 0.168767 0.078740,
        -0.236220 -0.028083 0.078740,
        -0.236220 0.050657 0.078740,
        -0.196850 0.168767 0.000000,
        -0.196850 0.247507 0.000000,
        -0.314961 0.168767 0.078740,
        -0.314961 0.168767 0.000000,
        -0.314961 0.247507 0.000000,
        -0.314961 0.247507 0.078740,
        0.196850 0.247507 0.000000,
        0.196850 0.168767 0.000000,
        0.314961 0.168767 0.000000,
        0.314961 0.168767 0.078740,
        0.314961 0.247507 0.078740,
        0.314961 0.247507 0.000000,
        -0.196850 -0.028083 0.000000,
        -0.196850 0.050657 0.000000,
        -0.314961 0.050657 0.000000,
        -0.314961 0.050657 0.078740,
        -0.314961 -0.028083 0.078740,
        -0.314961 -0.028083 0.000000,
        -0.196850 -0.224933 0.000000,
        -0.196850 -0.146193 0.000000,
        -0.314961 -0.224933 0.078740,
        -0.314961 -0.224933 0.000000,
        -0.314961 -0.146193 0.000000,
        -0.314961 -0.146193 0.078740,
        0.196850 -0.146193 0.000000,
        0.196850 -0.224933 0.000000,
        0.314961 -0.146193 0.078740,
        0.314961 -0.146193 0.000000,
        0.314961 -0.224933 0.000000,
        0.314961 -0.224933 0.078740,
        0.196850 0.050657 0.000000,
        0.196850 -0.028083 0.000000,
        0.314961 -0.028083 0.000000,
        0.314961 -0.028083 0.078740,
        0.314961 0.050657 0.078740,
        0.314961 0.050657 0.000000,
      ]
    }
    coordIndex [
      13, 36, 14, -1,
      14, 36, 37, -1,
      36, 13, 12, -1,
      33, 38, 12, -1,
      12, 38, 39, -1,
      12, 39, 36, -1,
      14, 37, 15, -1,
      15, 37, 40, -1,
      15, 40, 32, -1,
      32, 40, 41, -1,
      41, 38, 32, -1,
      32, 38, 33, -1,
      38, 41, 39, -1,
      39, 41, 40, -1,
      37, 36, 40, -1,
      40, 36, 39, -1,
      2, 42, 5, -1,
      5, 42, 43, -1,
      5, 43, 3, -1,
      3, 43, 44, -1,
      3, 44, 29, -1,
      29, 44, 45, -1,
      42, 2, 7, -1,
      28, 46, 7, -1,
      7, 46, 47, -1,
      7, 47, 42, -1,
      45, 46, 29, -1,
      29, 46, 28, -1,
      46, 45, 47, -1,
      47, 45, 44, -1,
      47, 44, 42, -1,
      42, 44, 43, -1,
      9, 48, 10, -1,
      10, 48, 49, -1,
      10, 49, 11, -1,
      11, 49, 50, -1,
      11, 50, 35, -1,
      35, 50, 51, -1,
      48, 9, 8, -1,
      34, 52, 8, -1,
      8, 52, 53, -1,
      8, 53, 48, -1,
      35, 51, 34, -1,
      34, 51, 52, -1,
      52, 51, 53, -1,
      53, 51, 50, -1,
      53, 50, 48, -1,
      48, 50, 49, -1,
      17, 54, 18, -1,
      18, 54, 55, -1,
      54, 17, 16, -1,
      30, 56, 16, -1,
      16, 56, 57, -1,
      16, 57, 54, -1,
      18, 55, 19, -1,
      19, 55, 58, -1,
      19, 58, 31, -1,
      31, 58, 59, -1,
      59, 56, 31, -1,
      31, 56, 30, -1,
      56, 59, 57, -1,
      57, 59, 58, -1,
      55, 54, 58, -1,
      58, 54, 57, -1,
      21, 60, 23, -1,
      23, 60, 61, -1,
      60, 21, 20, -1,
      25, 62, 20, -1,
      20, 62, 63, -1,
      20, 63, 60, -1,
      23, 61, 22, -1,
      22, 61, 64, -1,
      22, 64, 26, -1,
      26, 64, 65, -1,
      26, 65, 25, -1,
      25, 65, 62, -1,
      62, 65, 63, -1,
      63, 65, 64, -1,
      61, 60, 64, -1,
      64, 60, 63, -1,
      6, 66, 0, -1,
      0, 66, 67, -1,
      0, 67, 1, -1,
      1, 67, 68, -1,
      1, 68, 24, -1,
      24, 68, 69, -1,
      66, 6, 4, -1,
      27, 70, 4, -1,
      4, 70, 71, -1,
      4, 71, 66, -1,
      69, 70, 24, -1,
      24, 70, 27, -1,
      70, 69, 71, -1,
      71, 69, 68, -1,
      71, 68, 66, -1,
      66, 68, 67, -1,
    ]
  }
}
