#VRML V2.0 utf8

Shape {
  appearance Appearance {
    material Material {
      diffuseColor 0.2510 0.2510 0.2510
      specularColor 0.1255 0.1255 0.1255
      ambientIntensity 0.2
      transparency 0.0000
      shininess 0.5
    }
  }
  geometry IndexedFaceSet {
    ccw TRUE
    solid FALSE
    coord DEF co Coordinate {
      point [
        -0.281464 -0.219813 0.287402,
        -0.281464 -0.008000 0.287402,
        -0.283864 -0.008000 0.287402,
        -0.237982 -0.323926 0.287402,
        -0.238998 -0.324035 0.287402,
        -0.229287 -0.324035 0.287402,
        -0.268626 -0.220198 0.287402,
        -0.265508 -0.219813 0.287402,
        -0.258261 -0.260278 0.287402,
        -0.260831 -0.260524 0.287402,
        -0.247585 -0.260524 0.287402,
        -0.520319 -0.275917 0.287402,
        -0.519671 -0.272261 0.287402,
        -0.590551 -0.272261 0.287402,
        -0.355991 -0.252124 0.287402,
        -0.348515 -0.258874 0.287402,
        -0.322399 -0.219813 0.287402,
        -0.322399 -0.260524 0.287402,
        -0.395037 -0.215676 0.287402,
        -0.388883 -0.219813 0.287402,
        -0.382343 -0.224211 0.287402,
        -0.372998 -0.234999 0.287402,
        -0.366972 -0.246698 0.287402,
        -0.364344 -0.247630 0.287402,
        -0.409322 -0.210642 0.287402,
        -0.322399 -0.008000 0.287402,
        -0.421055 -0.209409 0.287402,
        -0.517437 -0.008000 0.287402,
        -0.435164 -0.211151 0.287402,
        -0.448287 -0.216219 0.287402,
        -0.517437 -0.219813 0.287402,
        -0.485537 -0.233861 0.287402,
        -0.474283 -0.232465 0.287402,
        -0.518424 -0.265217 0.287402,
        -0.517437 -0.262981 0.287402,
        -0.517437 -0.260524 0.287402,
        -0.516352 -0.260524 0.287402,
        -0.513896 -0.254960 0.287402,
        -0.507017 -0.246128 0.287402,
        -0.454087 -0.219813 0.287402,
        -0.455212 -0.220510 0.287402,
        -0.461901 -0.226239 0.287402,
        -0.471009 -0.232643 0.287402,
        -0.467736 -0.233035 0.287402,
        -0.505126 -0.244337 0.287402,
        -0.496078 -0.237965 0.287402,
        -0.590551 -0.260524 0.287402,
        -0.517437 -0.293841 0.287402,
        -0.518998 -0.289804 0.287402,
        -0.590551 -0.324035 0.287402,
        -0.520395 -0.278578 0.287402,
        -0.517437 -0.324035 0.287402,
        -0.508440 -0.309604 0.287402,
        -0.514901 -0.300396 0.287402,
        -0.485669 -0.323267 0.287402,
        -0.489312 -0.322174 0.287402,
        -0.499594 -0.317154 0.287402,
        -0.473035 -0.338782 0.287402,
        -0.478599 -0.334580 0.287402,
        -0.517437 -0.339893 0.287402,
        -0.482828 -0.329353 0.287402,
        -0.485310 -0.324035 0.287402,
        -0.458628 -0.342622 0.287402,
        -0.517437 -0.393701 0.287402,
        -0.451758 -0.341779 0.287402,
        -0.322399 -0.393701 0.287402,
        -0.446839 -0.339893 0.287402,
        -0.459751 -0.342601 0.287402,
        -0.466470 -0.341546 0.287402,
        -0.470396 -0.339893 0.287402,
        -0.431947 -0.324035 0.287402,
        -0.431957 -0.324080 0.287402,
        -0.322399 -0.339893 0.287402,
        -0.435311 -0.330434 0.287402,
        -0.439736 -0.335405 0.287402,
        -0.445408 -0.339345 0.287402,
        -0.437279 -0.295087 0.287402,
        -0.399137 -0.275162 0.287402,
        -0.442237 -0.290569 0.287402,
        -0.448274 -0.287328 0.287402,
        -0.392759 -0.323757 0.287402,
        -0.394674 -0.323228 0.287402,
        -0.396656 -0.322103 0.287402,
        -0.398212 -0.320621 0.287402,
        -0.356573 -0.281837 0.287402,
        -0.357895 -0.276366 0.287402,
        -0.360093 -0.272261 0.287402,
        -0.501757 -0.272261 0.287402,
        -0.397102 -0.308257 0.287402,
        -0.395315 -0.307089 0.287402,
        -0.390313 -0.290248 0.287402,
        -0.393338 -0.306394 0.287402,
        -0.344371 -0.304379 0.287402,
        -0.349324 -0.311027 0.287402,
        -0.322399 -0.324035 0.287402,
        -0.350688 -0.312436 0.287402,
        -0.358268 -0.318333 0.287402,
        -0.500217 -0.289046 0.287402,
        -0.496621 -0.295223 0.287402,
        -0.482222 -0.298052 0.287402,
        -0.491500 -0.300444 0.287402,
        -0.485384 -0.304195 0.287402,
        -0.339788 -0.275920 0.287402,
        -0.338793 -0.283986 0.287402,
        -0.322399 -0.272261 0.287402,
        -0.338856 -0.286233 0.287402,
        -0.340489 -0.295533 0.287402,
        -0.367069 -0.322260 0.287402,
        -0.375227 -0.323836 0.287402,
        -0.392021 -0.323836 0.287402,
        -0.471687 -0.288639 0.287402,
        -0.477511 -0.292677 0.287402,
        -0.502463 -0.278008 0.287402,
        -0.502175 -0.282041 0.287402,
        -0.465398 -0.286240 0.287402,
        -0.458628 -0.285409 0.287402,
        -0.455143 -0.285617 0.287402,
        -0.400276 -0.315012 0.287402,
        -0.400220 -0.314022 0.287402,
        -0.430163 -0.311311 0.287402,
        -0.399681 -0.311846 0.287402,
        -0.398611 -0.309880 0.287402,
        -0.391452 -0.306188 0.287402,
        -0.391175 -0.306208 0.287402,
        -0.390321 -0.306397 0.287402,
        -0.399386 -0.318806 0.287402,
        -0.400070 -0.316863 0.287402,
        -0.430310 -0.317049 0.287402,
        -0.430163 -0.314158 0.287402,
        -0.362207 -0.299314 0.287402,
        -0.359079 -0.294872 0.287402,
        -0.357120 -0.289798 0.287402,
        -0.356441 -0.284270 0.287402,
        -0.389744 -0.306472 0.287402,
        -0.376935 -0.306472 0.287402,
        -0.371872 -0.305508 0.287402,
        -0.366844 -0.303192 0.287402,
        -0.362628 -0.299764 0.287402,
        -0.380920 -0.262068 0.287402,
        -0.499185 -0.264789 0.287402,
        -0.501619 -0.271139 0.287402,
        -0.378643 -0.262068 0.287402,
        -0.360530 -0.271446 0.287402,
        -0.363861 -0.267720 0.287402,
        -0.368278 -0.264641 0.287402,
        -0.373247 -0.262731 0.287402,
        -0.496222 -0.260524 0.287402,
        -0.458912 -0.253813 0.287402,
        -0.461038 -0.252656 0.287402,
        -0.381167 -0.260524 0.287402,
        -0.381475 -0.258589 0.287402,
        -0.384787 -0.248962 0.287402,
        -0.390348 -0.240559 0.287402,
        -0.395339 -0.235663 0.287402,
        -0.403502 -0.230433 0.287402,
        -0.467423 -0.250346 0.287402,
        -0.473998 -0.249544 0.287402,
        -0.476889 -0.249691 0.287402,
        -0.448140 -0.237146 0.287402,
        -0.420770 -0.226488 0.287402,
        -0.440595 -0.231633 0.287402,
        -0.431305 -0.227852 0.287402,
        -0.412533 -0.227348 0.287402,
        -0.454535 -0.244765 0.287402,
        -0.483920 -0.251338 0.287402,
        -0.490275 -0.254691 0.287402,
        -0.495245 -0.259117 0.287402,
        -0.347411 -0.260524 0.287402,
        -0.342970 -0.267153 0.287402,
        -0.341116 -0.272261 0.287402,
        -0.155128 -0.249235 0.287402,
        -0.169818 -0.249235 0.287402,
        -0.151044 -0.260186 0.287402,
        -0.169818 -0.260524 0.287402,
        -0.145334 -0.260186 0.287402,
        0.590551 -0.260524 0.287402,
        0.590551 -0.219813 0.287402,
        -0.160582 -0.220151 0.287402,
        -0.169818 -0.219813 0.287402,
        -0.171798 -0.249235 0.287402,
        -0.175646 -0.260186 0.287402,
        -0.182467 -0.260524 0.287402,
        -0.181357 -0.260186 0.287402,
        -0.182467 -0.219813 0.287402,
        -0.169818 -0.229891 0.287402,
        -0.166108 -0.220151 0.287402,
        -0.229287 -0.242154 0.287402,
        -0.240099 -0.242154 0.287402,
        -0.229287 -0.255621 0.287402,
        -0.240099 -0.255621 0.287402,
        -0.219954 -0.219813 0.287402,
        -0.229287 -0.219813 0.287402,
        -0.224646 -0.220151 0.287402,
        -0.229287 -0.220151 0.287402,
        -0.224646 -0.224756 0.287402,
        -0.223735 -0.255621 0.287402,
        -0.219954 -0.260524 0.287402,
        -0.223735 -0.260186 0.287402,
        -0.229287 -0.260524 0.287402,
        -0.225782 -0.242154 0.287402,
        -0.225782 -0.237569 0.287402,
        -0.229287 -0.237569 0.287402,
        -0.229287 -0.224756 0.287402,
        -0.240099 -0.224756 0.287402,
        -0.240099 -0.237569 0.287402,
        -0.245267 -0.220151 0.287402,
        -0.247585 -0.219813 0.287402,
        -0.245267 -0.260186 0.287402,
        -0.253280 -0.221113 0.287402,
        -0.257419 -0.219906 0.287402,
        -0.258544 -0.219813 0.287402,
        -0.229287 -0.260186 0.287402,
        -0.253280 -0.226517 0.287402,
        -0.253963 -0.258868 0.287402,
        -0.261720 -0.256184 0.287402,
        -0.257196 -0.255336 0.287402,
        -0.253280 -0.253575 0.287402,
        -0.253280 -0.258528 0.287402,
        -0.275851 -0.249333 0.287402,
        -0.273902 -0.252039 0.287402,
        -0.273136 -0.252798 0.287402,
        -0.270526 -0.254653 0.287402,
        -0.267679 -0.255761 0.287402,
        -0.263617 -0.256256 0.287402,
        -0.257787 -0.224731 0.287402,
        -0.274130 -0.229151 0.287402,
        -0.253726 -0.226276 0.287402,
        -0.276003 -0.231994 0.287402,
        -0.277280 -0.235553 0.287402,
        -0.262716 -0.224142 0.287402,
        -0.264257 -0.224204 0.287402,
        -0.273625 -0.228583 0.287402,
        -0.267741 -0.224872 0.287402,
        -0.270891 -0.226328 0.287402,
        -0.277831 -0.240619 0.287402,
        -0.277787 -0.242101 0.287402,
        -0.277146 -0.246106 0.287402,
        -0.262767 -0.219476 0.287402,
        -0.247585 -0.008000 0.287402,
        -0.262639 -0.219476 0.287402,
        -0.281464 -0.231709 0.287402,
        -0.280378 -0.229167 0.287402,
        -0.277473 -0.225370 0.287402,
        -0.276539 -0.224475 0.287402,
        -0.272799 -0.221835 0.287402,
        -0.283185 -0.238843 0.287402,
        -0.282279 -0.233615 0.287402,
        -0.283864 -0.219813 0.287402,
        -0.281464 -0.250061 0.287402,
        -0.282602 -0.246900 0.287402,
        -0.283864 -0.260524 0.287402,
        -0.283255 -0.240926 0.287402,
        -0.271111 -0.259856 0.287402,
        -0.274891 -0.258076 0.287402,
        -0.281464 -0.260524 0.287402,
        -0.278118 -0.255396 0.287402,
        -0.278750 -0.254688 0.287402,
        -0.281056 -0.251196 0.287402,
        -0.267863 -0.260524 0.287402,
        -0.281464 -0.272261 0.287402,
        -0.266770 -0.260748 0.287402,
        -0.264363 -0.260861 0.287402,
        -0.247585 -0.272261 0.287402,
        -0.184662 -0.246877 0.287402,
        -0.186630 -0.251020 0.287402,
        -0.189616 -0.254578 0.287402,
        -0.197833 -0.219813 0.287402,
        -0.197833 -0.221120 0.287402,
        -0.193812 -0.222589 0.287402,
        -0.197833 -0.259106 0.287402,
        -0.197833 -0.260524 0.287402,
        -0.194241 -0.257807 0.287402,
        -0.190322 -0.255206 0.287402,
        -0.189616 -0.225452 0.287402,
        -0.188251 -0.226781 0.287402,
        -0.185761 -0.230257 0.287402,
        -0.184265 -0.234062 0.287402,
        -0.183578 -0.239657 0.287402,
        -0.183696 -0.242186 0.287402,
        -0.204752 -0.220151 0.287402,
        -0.198644 -0.220825 0.287402,
        -0.198911 -0.259496 0.287402,
        -0.205161 -0.260186 0.287402,
        -0.216172 -0.260186 0.287402,
        -0.216172 -0.220151 0.287402,
        -0.277653 -0.310071 0.287402,
        -0.276880 -0.301981 0.287402,
        -0.278654 -0.311508 0.287402,
        -0.279341 -0.313277 0.287402,
        -0.261713 -0.323697 0.287402,
        -0.267822 -0.324037 0.287402,
        -0.256698 -0.323697 0.287402,
        -0.247585 -0.324035 0.287402,
        -0.273848 -0.323959 0.287402,
        -0.275728 -0.323192 0.287402,
        -0.281464 -0.324035 0.287402,
        -0.278872 -0.319905 0.287402,
        -0.279457 -0.318180 0.287402,
        -0.276880 -0.297109 0.287402,
        -0.275895 -0.296537 0.287402,
        -0.261713 -0.319276 0.287402,
        -0.261846 -0.319276 0.287402,
        -0.263016 -0.320959 0.287402,
        -0.261935 -0.295348 0.287402,
        -0.249071 -0.299400 0.287402,
        -0.248135 -0.298045 0.287402,
        -0.276117 -0.308739 0.287402,
        -0.273981 -0.307644 0.287402,
        -0.273387 -0.299791 0.287402,
        -0.270187 -0.306709 0.287402,
        -0.270245 -0.298782 0.287402,
        -0.264651 -0.322522 0.287402,
        -0.265823 -0.323267 0.287402,
        -0.277217 -0.322121 0.287402,
        -0.277975 -0.321320 0.287402,
        -0.272175 -0.295080 0.287402,
        -0.267035 -0.294448 0.287402,
        -0.264060 -0.294712 0.287402,
        -0.261713 -0.305522 0.287402,
        -0.261852 -0.303523 0.287402,
        -0.262352 -0.301647 0.287402,
        -0.279673 -0.316042 0.287402,
        -0.279659 -0.315443 0.287402,
        -0.260262 -0.296294 0.287402,
        -0.258920 -0.297566 0.287402,
        -0.249672 -0.301014 0.287402,
        -0.257890 -0.299176 0.287402,
        -0.257099 -0.301441 0.287402,
        -0.262925 -0.300583 0.287402,
        -0.263665 -0.299754 0.287402,
        -0.264533 -0.299162 0.287402,
        -0.265657 -0.298736 0.287402,
        -0.267506 -0.298522 0.287402,
        -0.247630 -0.308201 0.287402,
        -0.249903 -0.317516 0.287402,
        -0.247585 -0.308230 0.287402,
        -0.248101 -0.318644 0.287402,
        -0.247585 -0.318846 0.287402,
        -0.248450 -0.307343 0.287402,
        -0.249104 -0.306297 0.287402,
        -0.256698 -0.305296 0.287402,
        -0.249657 -0.304765 0.287402,
        -0.249872 -0.302820 0.287402,
        -0.270606 -0.324372 0.287402,
        -0.271520 -0.324344 0.287402,
        -0.281464 -0.339893 0.287402,
        -0.273381 -0.324036 0.287402,
        -0.249903 -0.322694 0.287402,
        -0.247585 -0.323511 0.287402,
        -0.246407 -0.323926 0.287402,
        -0.245369 -0.324035 0.287402,
        -0.242146 -0.324372 0.287402,
        -0.247585 -0.339893 0.287402,
        -0.231963 -0.295718 0.287402,
        -0.231963 -0.300589 0.287402,
        -0.246659 -0.296720 0.287402,
        -0.245466 -0.295985 0.287402,
        -0.230828 -0.317924 0.287402,
        -0.231441 -0.319514 0.287402,
        -0.232373 -0.320837 0.287402,
        -0.247585 -0.297552 0.287402,
        -0.242789 -0.294940 0.287402,
        -0.238738 -0.294448 0.287402,
        -0.229287 -0.272261 0.287402,
        -0.235220 -0.294761 0.287402,
        -0.232270 -0.311191 0.287402,
        -0.231346 -0.312550 0.287402,
        -0.230806 -0.314024 0.287402,
        -0.230592 -0.315919 0.287402,
        -0.233815 -0.322100 0.287402,
        -0.235256 -0.322959 0.287402,
        -0.239229 -0.298522 0.287402,
        -0.240714 -0.298633 0.287402,
        -0.244704 -0.302370 0.287402,
        -0.242055 -0.298988 0.287402,
        -0.243180 -0.299586 0.287402,
        -0.244659 -0.303037 0.287402,
        -0.244460 -0.303816 0.287402,
        -0.244098 -0.304492 0.287402,
        -0.243609 -0.305030 0.287402,
        -0.241841 -0.306135 0.287402,
        -0.235712 -0.298951 0.287402,
        -0.238738 -0.307487 0.287402,
        -0.232876 -0.300054 0.287402,
        -0.236796 -0.308272 0.287402,
        -0.233466 -0.310124 0.287402,
        -0.243936 -0.300255 0.287402,
        -0.244366 -0.300893 0.287402,
        -0.244614 -0.301570 0.287402,
        -0.244965 -0.319870 0.287402,
        -0.242279 -0.311130 0.287402,
        -0.245268 -0.309760 0.287402,
        -0.241655 -0.320279 0.287402,
        -0.241433 -0.320278 0.287402,
        -0.238986 -0.312509 0.287402,
        -0.238863 -0.319989 0.287402,
        -0.235739 -0.316410 0.287402,
        -0.235789 -0.315787 0.287402,
        -0.237569 -0.319516 0.287402,
        -0.237111 -0.319238 0.287402,
        -0.236536 -0.318728 0.287402,
        -0.236098 -0.318080 0.287402,
        -0.235843 -0.317367 0.287402,
        -0.236017 -0.315004 0.287402,
        -0.236404 -0.314339 0.287402,
        -0.237029 -0.313688 0.287402,
        -0.205734 -0.295104 0.287402,
        -0.200535 -0.295104 0.287402,
        -0.197833 -0.272261 0.287402,
        -0.214904 -0.316594 0.287402,
        -0.214289 -0.318948 0.287402,
        -0.214156 -0.318948 0.287402,
        -0.219954 -0.272261 0.287402,
        -0.219954 -0.302066 0.287402,
        -0.213542 -0.316635 0.287402,
        -0.213926 -0.317969 0.287402,
        -0.219954 -0.324035 0.287402,
        -0.219954 -0.315526 0.287402,
        -0.227982 -0.295104 0.287402,
        -0.222374 -0.295104 0.287402,
        -0.216766 -0.323635 0.287402,
        -0.216935 -0.324035 0.287402,
        -0.218966 -0.328834 0.287402,
        -0.229287 -0.339893 0.287402,
        -0.226949 -0.336755 0.287402,
        -0.226949 -0.332293 0.287402,
        -0.220907 -0.331704 0.287402,
        -0.219973 -0.330670 0.287402,
        -0.219954 -0.330635 0.287402,
        -0.225836 -0.332651 0.287402,
        -0.224104 -0.332867 0.287402,
        -0.219954 -0.336280 0.287402,
        -0.221769 -0.336950 0.287402,
        -0.219954 -0.339893 0.287402,
        -0.223715 -0.337165 0.287402,
        -0.225470 -0.337060 0.287402,
        -0.222802 -0.332707 0.287402,
        -0.221714 -0.332272 0.287402,
        -0.213511 -0.328016 0.287402,
        -0.215275 -0.331642 0.287402,
        -0.197833 -0.339893 0.287402,
        -0.211942 -0.324035 0.287402,
        -0.217420 -0.334448 0.287402,
        -0.218026 -0.335012 0.287402,
        -0.219782 -0.336216 0.287402,
        -0.182467 -0.305665 0.287402,
        -0.189963 -0.305665 0.287402,
        -0.182467 -0.319133 0.287402,
        -0.189963 -0.319133 0.287402,
        -0.174510 -0.283662 0.287402,
        -0.174510 -0.288267 0.287402,
        -0.169818 -0.272261 0.287402,
        -0.173600 -0.319133 0.287402,
        -0.169818 -0.324035 0.287402,
        -0.173600 -0.323697 0.287402,
        -0.182467 -0.324035 0.287402,
        -0.175646 -0.305665 0.287402,
        -0.175646 -0.301080 0.287402,
        -0.182467 -0.301080 0.287402,
        -0.182467 -0.288267 0.287402,
        -0.189963 -0.288267 0.287402,
        -0.189963 -0.301080 0.287402,
        -0.182467 -0.323697 0.287402,
        -0.195131 -0.323697 0.287402,
        -0.197833 -0.324035 0.287402,
        -0.195131 -0.283662 0.287402,
        -0.182467 -0.283662 0.287402,
        -0.182467 -0.272261 0.287402,
        -0.322399 0.393701 0.287402,
        -0.283864 0.393701 0.287402,
        -0.281464 0.393701 0.287402,
        -0.247585 0.393701 0.287402,
        -0.229287 -0.008000 0.287402,
        -0.229287 0.393701 0.287402,
        -0.219954 -0.008000 0.287402,
        -0.219954 0.393701 0.287402,
        -0.197833 -0.008000 0.287402,
        -0.197833 0.393701 0.287402,
        -0.182467 -0.008000 0.287402,
        -0.182467 0.393701 0.287402,
        -0.169818 -0.008000 0.287402,
        -0.169818 0.393701 0.287402,
        0.590551 -0.008000 0.287402,
        0.590551 0.393701 0.287402,
        -0.382484 0.259406 0.287402,
        -0.384733 0.242325 0.287402,
        -0.391326 0.226407 0.287402,
        -0.401814 0.212739 0.287402,
        -0.415483 0.202251 0.287402,
        -0.431400 0.195658 0.287402,
        -0.448481 0.193409 0.287402,
        -0.465563 0.195658 0.287402,
        -0.505637 0.292405 0.287402,
        -0.495149 0.306073 0.287402,
        -0.517437 0.393701 0.287402,
        -0.481480 0.316561 0.287402,
        -0.481480 0.202251 0.287402,
        -0.495149 0.212739 0.287402,
        -0.505637 0.226407 0.287402,
        -0.512230 0.242325 0.287402,
        -0.514479 0.259406 0.287402,
        -0.512230 0.276487 0.287402,
        -0.415483 0.316561 0.287402,
        -0.401814 0.306073 0.287402,
        -0.391326 0.292405 0.287402,
        -0.384733 0.276487 0.287402,
        -0.465563 0.323155 0.287402,
        -0.448481 0.325404 0.287402,
        -0.431400 0.323155 0.287402,
        -0.284893 -0.255621 0.287402,
        -0.284893 -0.260186 0.287402,
        -0.306005 -0.260186 0.287402,
        -0.306005 -0.220151 0.287402,
        -0.300837 -0.220151 0.287402,
        -0.300837 -0.255621 0.287402,
        -0.590551 0.393701 0.287402,
        -0.590551 -0.008000 0.287402,
        -0.590551 -0.219813 0.287402,
        -0.283864 -0.272261 0.287402,
        -0.125511 -0.323697 0.287402,
        -0.131221 -0.323697 0.287402,
        0.590551 -0.272261 0.287402,
        -0.110446 -0.283662 0.287402,
        0.590551 -0.324035 0.287402,
        -0.095198 -0.323697 0.287402,
        -0.100909 -0.323697 0.287402,
        -0.104992 -0.312747 0.287402,
        -0.121663 -0.312747 0.287402,
        -0.115973 -0.283662 0.287402,
        -0.134130 -0.297573 0.287402,
        -0.133442 -0.303168 0.287402,
        -0.133560 -0.305697 0.287402,
        -0.134526 -0.310388 0.287402,
        -0.136494 -0.314531 0.287402,
        -0.139480 -0.318089 0.287402,
        -0.140186 -0.318717 0.287402,
        -0.144106 -0.321318 0.287402,
        -0.166037 -0.283662 0.287402,
        -0.166037 -0.323697 0.287402,
        -0.155025 -0.323697 0.287402,
        -0.148776 -0.323007 0.287402,
        -0.139480 -0.288963 0.287402,
        -0.138116 -0.290293 0.287402,
        -0.135625 -0.293769 0.287402,
        -0.154616 -0.283662 0.287402,
        -0.148509 -0.284336 0.287402,
        -0.143676 -0.286100 0.287402,
        -0.283864 -0.324035 0.287402,
        -0.306005 -0.323697 0.287402,
        -0.284473 -0.323697 0.287402,
        -0.284473 -0.319133 0.287402,
        -0.285384 -0.288267 0.287402,
        -0.306005 -0.283662 0.287402,
        -0.285384 -0.283662 0.287402,
        -0.300837 -0.305665 0.287402,
        -0.300837 -0.319133 0.287402,
        -0.286520 -0.305665 0.287402,
        -0.286520 -0.301080 0.287402,
        -0.300837 -0.301080 0.287402,
        -0.300837 -0.288267 0.287402,
        -0.182467 -0.339893 0.287402,
        -0.169818 -0.339893 0.287402,
        0.590551 -0.339893 0.287402,
        -0.283864 -0.339893 0.287402,
        -0.283864 -0.393701 0.287402,
        -0.281464 -0.393701 0.287402,
        -0.247585 -0.393701 0.287402,
        -0.229287 -0.393701 0.287402,
        -0.219954 -0.393701 0.287402,
        -0.197833 -0.393701 0.287402,
        -0.182467 -0.393701 0.287402,
        -0.169818 -0.393701 0.287402,
        0.590551 -0.393701 0.287402,
        -0.590551 -0.339893 0.287402,
        -0.590551 -0.393701 0.287402,
        -0.590551 -0.393701 0.000000,
        -0.590551 -0.344488 0.000000,
        -0.446457 -0.344488 0.000000,
        0.344488 -0.320866 0.000000,
        0.590551 -0.393701 0.000000,
        -0.344488 -0.320866 0.000000,
        -0.446457 -0.246063 0.000000,
        -0.344488 0.242126 0.000000,
        -0.590551 0.344488 0.000000,
        -0.590551 0.393701 0.000000,
        -0.446457 0.344488 0.000000,
        0.590551 0.393701 0.000000,
        -0.446457 -0.049213 0.000000,
        -0.590551 -0.049213 0.000000,
        -0.590551 0.049213 0.000000,
        0.590551 0.344488 0.000000,
        0.446457 0.344488 0.000000,
        0.344488 0.320866 0.000000,
        0.446457 0.246063 0.000000,
        0.446457 -0.049213 0.000000,
        0.446457 -0.147638 0.000000,
        -0.446457 0.049213 0.000000,
        -0.446457 0.147638 0.000000,
        0.446457 0.049213 0.000000,
        0.590551 0.049213 0.000000,
        0.590551 -0.049213 0.000000,
        -0.446457 -0.147638 0.000000,
        -0.590551 -0.147638 0.000000,
        -0.590551 -0.246063 0.000000,
        -0.590551 0.147638 0.000000,
        -0.590551 0.246063 0.000000,
        -0.446457 0.246063 0.000000,
        -0.265748 0.320866 0.000000,
        0.446457 0.147638 0.000000,
        0.590551 0.147638 0.000000,
        0.590551 0.246063 0.000000,
        0.590551 -0.344488 0.000000,
        0.446457 -0.344488 0.000000,
        0.446457 -0.246063 0.000000,
        0.590551 -0.246063 0.000000,
        0.590551 -0.147638 0.000000,
        -0.590551 0.049213 0.070866,
        -0.590551 0.246063 0.070866,
        -0.590551 0.344488 0.070866,
        -0.590551 -0.147638 0.070866,
        -0.590551 -0.246063 0.070866,
        -0.590551 -0.049213 0.070866,
        -0.590551 0.147638 0.070866,
        -0.590551 -0.344488 0.070866,
        0.590551 -0.344488 0.070866,
        0.590551 -0.246063 0.070866,
        0.590551 0.049213 0.070866,
        0.590551 0.147638 0.070866,
        0.590551 -0.049213 0.070866,
        0.590551 -0.147638 0.070866,
        0.590551 0.344488 0.070866,
        0.590551 0.246063 0.070866,
      ]
    }
    coordIndex [
      0, 1, 2, -1,
      3, 4, 5, -1,
      6, 7, 0, -1,
      8, 9, 10, -1,
      11, 12, 13, -1,
      14, 15, 16, -1,
      16, 15, 17, -1,
      18, 19, 16, -1,
      16, 19, 20, -1,
      16, 20, 21, -1,
      21, 22, 16, -1,
      16, 22, 23, -1,
      16, 23, 14, -1,
      24, 25, 26, -1,
      26, 25, 27, -1,
      26, 27, 28, -1,
      28, 27, 29, -1,
      30, 31, 32, -1,
      33, 34, 35, -1,
      35, 34, 36, -1,
      35, 36, 30, -1,
      30, 36, 37, -1,
      30, 37, 38, -1,
      29, 27, 39, -1,
      39, 27, 30, -1,
      39, 30, 40, -1,
      40, 30, 32, -1,
      40, 32, 41, -1,
      41, 32, 42, -1,
      41, 42, 43, -1,
      38, 44, 30, -1,
      30, 44, 45, -1,
      30, 45, 31, -1,
      13, 12, 46, -1,
      47, 48, 49, -1,
      49, 48, 13, -1,
      13, 48, 50, -1,
      13, 50, 11, -1,
      51, 52, 53, -1,
      54, 55, 51, -1,
      51, 55, 56, -1,
      51, 56, 52, -1,
      57, 58, 59, -1,
      59, 58, 60, -1,
      59, 60, 51, -1,
      51, 60, 61, -1,
      51, 61, 54, -1,
      62, 63, 64, -1,
      64, 63, 65, -1,
      64, 65, 66, -1,
      62, 67, 63, -1,
      63, 67, 68, -1,
      63, 68, 59, -1,
      59, 68, 69, -1,
      59, 69, 57, -1,
      70, 71, 72, -1,
      72, 71, 73, -1,
      73, 74, 72, -1,
      72, 74, 75, -1,
      72, 75, 66, -1,
      76, 77, 78, -1,
      78, 77, 79, -1,
      80, 81, 70, -1,
      70, 81, 82, -1,
      70, 82, 83, -1,
      84, 85, 77, -1,
      77, 85, 86, -1,
      77, 86, 87, -1,
      88, 89, 90, -1,
      90, 89, 91, -1,
      92, 93, 94, -1,
      94, 93, 95, -1,
      94, 95, 96, -1,
      97, 98, 99, -1,
      99, 98, 100, -1,
      99, 100, 101, -1,
      102, 103, 104, -1,
      104, 103, 105, -1,
      104, 105, 94, -1,
      94, 105, 106, -1,
      94, 106, 92, -1,
      96, 107, 94, -1,
      94, 107, 108, -1,
      94, 108, 70, -1,
      70, 108, 109, -1,
      70, 109, 80, -1,
      110, 87, 111, -1,
      111, 87, 112, -1,
      111, 112, 99, -1,
      99, 112, 113, -1,
      99, 113, 97, -1,
      110, 114, 87, -1,
      87, 114, 115, -1,
      87, 115, 77, -1,
      77, 115, 116, -1,
      77, 116, 79, -1,
      117, 118, 119, -1,
      119, 118, 120, -1,
      119, 120, 90, -1,
      90, 120, 121, -1,
      90, 121, 88, -1,
      91, 122, 90, -1,
      90, 122, 123, -1,
      90, 123, 124, -1,
      83, 125, 70, -1,
      70, 125, 126, -1,
      70, 126, 127, -1,
      127, 126, 117, -1,
      127, 117, 128, -1,
      128, 117, 119, -1,
      129, 130, 90, -1,
      90, 130, 131, -1,
      90, 131, 77, -1,
      77, 131, 132, -1,
      77, 132, 84, -1,
      124, 133, 90, -1,
      90, 133, 134, -1,
      90, 134, 135, -1,
      135, 136, 90, -1,
      90, 136, 137, -1,
      90, 137, 129, -1,
      138, 139, 140, -1,
      140, 87, 138, -1,
      138, 87, 86, -1,
      138, 86, 141, -1,
      141, 86, 142, -1,
      142, 143, 141, -1,
      141, 143, 144, -1,
      141, 144, 145, -1,
      146, 147, 148, -1,
      139, 138, 146, -1,
      146, 138, 149, -1,
      146, 149, 147, -1,
      147, 149, 150, -1,
      147, 150, 151, -1,
      151, 152, 147, -1,
      147, 152, 153, -1,
      147, 153, 154, -1,
      148, 155, 146, -1,
      146, 155, 156, -1,
      146, 156, 157, -1,
      158, 159, 160, -1,
      160, 159, 161, -1,
      154, 162, 147, -1,
      147, 162, 159, -1,
      147, 159, 163, -1,
      163, 159, 158, -1,
      164, 165, 157, -1,
      157, 165, 166, -1,
      157, 166, 146, -1,
      15, 167, 17, -1,
      17, 167, 168, -1,
      17, 168, 104, -1,
      104, 168, 169, -1,
      104, 169, 102, -1,
      170, 171, 172, -1,
      172, 171, 173, -1,
      172, 173, 174, -1,
      175, 176, 177, -1,
      177, 176, 178, -1,
      171, 179, 173, -1,
      173, 179, 180, -1,
      173, 180, 181, -1,
      181, 180, 182, -1,
      181, 182, 183, -1,
      183, 182, 184, -1,
      183, 184, 178, -1,
      178, 184, 185, -1,
      178, 185, 177, -1,
      186, 187, 188, -1,
      188, 187, 189, -1,
      190, 191, 192, -1,
      192, 191, 193, -1,
      192, 194, 190, -1,
      190, 194, 195, -1,
      190, 195, 196, -1,
      196, 195, 197, -1,
      196, 197, 198, -1,
      186, 188, 199, -1,
      199, 188, 195, -1,
      199, 195, 200, -1,
      200, 195, 194, -1,
      200, 194, 201, -1,
      194, 202, 201, -1,
      201, 202, 203, -1,
      201, 203, 204, -1,
      193, 191, 205, -1,
      205, 191, 206, -1,
      205, 206, 207, -1,
      208, 206, 209, -1,
      209, 206, 210, -1,
      197, 211, 198, -1,
      198, 211, 207, -1,
      198, 207, 10, -1,
      10, 207, 206, -1,
      10, 206, 212, -1,
      212, 206, 208, -1,
      8, 10, 213, -1,
      214, 215, 212, -1,
      212, 215, 216, -1,
      212, 216, 10, -1,
      10, 216, 217, -1,
      10, 217, 213, -1,
      218, 219, 212, -1,
      212, 219, 220, -1,
      212, 220, 221, -1,
      221, 222, 212, -1,
      212, 222, 223, -1,
      212, 223, 214, -1,
      224, 225, 226, -1,
      226, 225, 227, -1,
      226, 227, 228, -1,
      224, 229, 225, -1,
      225, 229, 230, -1,
      225, 230, 231, -1,
      231, 230, 232, -1,
      231, 232, 233, -1,
      228, 234, 226, -1,
      226, 234, 235, -1,
      226, 235, 212, -1,
      212, 235, 236, -1,
      212, 236, 218, -1,
      0, 7, 1, -1,
      1, 7, 237, -1,
      1, 237, 238, -1,
      238, 237, 239, -1,
      238, 239, 210, -1,
      240, 241, 0, -1,
      0, 241, 242, -1,
      242, 243, 0, -1,
      0, 243, 244, -1,
      0, 244, 6, -1,
      245, 246, 247, -1,
      248, 249, 250, -1,
      250, 249, 251, -1,
      245, 247, 251, -1,
      252, 253, 254, -1,
      253, 255, 254, -1,
      254, 255, 256, -1,
      254, 256, 257, -1,
      252, 254, 258, -1,
      258, 254, 259, -1,
      258, 259, 260, -1,
      260, 259, 261, -1,
      261, 259, 262, -1,
      261, 262, 9, -1,
      263, 264, 181, -1,
      181, 264, 265, -1,
      266, 267, 183, -1,
      183, 267, 268, -1,
      269, 270, 271, -1,
      271, 270, 181, -1,
      271, 181, 272, -1,
      272, 181, 265, -1,
      268, 273, 183, -1,
      183, 273, 274, -1,
      183, 274, 275, -1,
      275, 276, 183, -1,
      183, 276, 277, -1,
      183, 277, 181, -1,
      181, 277, 278, -1,
      181, 278, 263, -1,
      190, 279, 266, -1,
      266, 279, 280, -1,
      266, 280, 267, -1,
      269, 281, 270, -1,
      270, 281, 282, -1,
      270, 282, 196, -1,
      196, 282, 283, -1,
      196, 283, 190, -1,
      190, 283, 284, -1,
      190, 284, 279, -1,
      285, 286, 287, -1,
      287, 286, 288, -1,
      289, 290, 291, -1,
      291, 290, 292, -1,
      293, 294, 295, -1,
      295, 296, 297, -1,
      259, 298, 299, -1,
      300, 301, 289, -1,
      289, 301, 302, -1,
      303, 304, 305, -1,
      285, 306, 286, -1,
      286, 306, 307, -1,
      286, 307, 308, -1,
      308, 307, 309, -1,
      308, 309, 310, -1,
      302, 311, 289, -1,
      289, 311, 312, -1,
      289, 312, 290, -1,
      294, 313, 295, -1,
      295, 313, 314, -1,
      295, 314, 296, -1,
      299, 315, 259, -1,
      259, 315, 316, -1,
      259, 316, 317, -1,
      318, 319, 309, -1,
      309, 319, 320, -1,
      297, 321, 295, -1,
      295, 321, 322, -1,
      295, 322, 259, -1,
      259, 322, 288, -1,
      259, 288, 298, -1,
      298, 288, 286, -1,
      303, 323, 304, -1,
      304, 323, 324, -1,
      304, 324, 325, -1,
      325, 324, 326, -1,
      325, 326, 327, -1,
      320, 328, 309, -1,
      309, 328, 329, -1,
      309, 329, 330, -1,
      330, 331, 309, -1,
      309, 331, 332, -1,
      309, 332, 310, -1,
      333, 334, 335, -1,
      335, 334, 336, -1,
      335, 336, 337, -1,
      338, 339, 340, -1,
      340, 339, 341, -1,
      340, 341, 327, -1,
      327, 341, 342, -1,
      327, 342, 325, -1,
      343, 344, 345, -1,
      345, 344, 346, -1,
      333, 338, 334, -1,
      334, 338, 340, -1,
      334, 340, 347, -1,
      347, 340, 291, -1,
      347, 291, 348, -1,
      348, 291, 292, -1,
      348, 292, 349, -1,
      349, 292, 350, -1,
      351, 350, 352, -1,
      352, 350, 292, -1,
      352, 292, 345, -1,
      345, 292, 290, -1,
      345, 290, 343, -1,
      353, 354, 5, -1,
      355, 356, 262, -1,
      357, 358, 5, -1,
      5, 358, 359, -1,
      317, 303, 259, -1,
      259, 303, 305, -1,
      259, 305, 262, -1,
      262, 305, 360, -1,
      262, 360, 355, -1,
      356, 361, 262, -1,
      262, 361, 362, -1,
      262, 362, 363, -1,
      363, 362, 364, -1,
      363, 364, 353, -1,
      365, 366, 354, -1,
      354, 366, 367, -1,
      354, 367, 5, -1,
      5, 367, 368, -1,
      5, 368, 357, -1,
      359, 369, 5, -1,
      5, 369, 370, -1,
      5, 370, 3, -1,
      371, 372, 373, -1,
      373, 372, 374, -1,
      373, 374, 375, -1,
      373, 376, 371, -1,
      371, 376, 377, -1,
      371, 377, 378, -1,
      378, 379, 371, -1,
      371, 379, 380, -1,
      371, 380, 381, -1,
      381, 380, 382, -1,
      381, 382, 383, -1,
      383, 382, 384, -1,
      383, 384, 354, -1,
      354, 384, 385, -1,
      354, 385, 365, -1,
      386, 387, 375, -1,
      375, 387, 388, -1,
      375, 388, 373, -1,
      389, 390, 337, -1,
      337, 390, 391, -1,
      337, 391, 335, -1,
      389, 392, 390, -1,
      390, 392, 393, -1,
      390, 393, 394, -1,
      394, 393, 395, -1,
      394, 396, 397, -1,
      395, 398, 394, -1,
      394, 398, 399, -1,
      394, 399, 400, -1,
      400, 401, 394, -1,
      394, 401, 402, -1,
      394, 402, 396, -1,
      397, 403, 394, -1,
      394, 403, 404, -1,
      394, 404, 405, -1,
      406, 407, 408, -1,
      409, 410, 411, -1,
      408, 412, 406, -1,
      406, 412, 413, -1,
      406, 413, 414, -1,
      414, 413, 409, -1,
      414, 409, 415, -1,
      415, 409, 411, -1,
      416, 417, 5, -1,
      5, 417, 418, -1,
      353, 5, 363, -1,
      363, 5, 418, -1,
      363, 418, 412, -1,
      412, 418, 419, -1,
      412, 419, 413, -1,
      420, 417, 421, -1,
      421, 417, 416, -1,
      421, 416, 422, -1,
      423, 424, 425, -1,
      426, 427, 416, -1,
      416, 427, 428, -1,
      416, 428, 422, -1,
      351, 352, 4, -1,
      4, 352, 423, -1,
      4, 423, 5, -1,
      5, 423, 425, -1,
      5, 425, 416, -1,
      416, 425, 429, -1,
      416, 429, 430, -1,
      431, 432, 433, -1,
      433, 432, 434, -1,
      433, 434, 423, -1,
      423, 434, 435, -1,
      423, 435, 424, -1,
      430, 436, 416, -1,
      416, 436, 437, -1,
      416, 437, 426, -1,
      438, 439, 440, -1,
      438, 440, 441, -1,
      439, 442, 440, -1,
      440, 442, 443, -1,
      440, 443, 433, -1,
      433, 443, 444, -1,
      433, 444, 431, -1,
      445, 446, 447, -1,
      447, 446, 448, -1,
      449, 450, 451, -1,
      451, 450, 452, -1,
      451, 452, 453, -1,
      453, 452, 454, -1,
      453, 454, 455, -1,
      445, 447, 456, -1,
      456, 447, 452, -1,
      456, 452, 457, -1,
      457, 452, 450, -1,
      457, 450, 458, -1,
      450, 459, 458, -1,
      458, 459, 460, -1,
      458, 460, 461, -1,
      454, 462, 455, -1,
      455, 462, 463, -1,
      455, 463, 464, -1,
      464, 463, 465, -1,
      449, 451, 466, -1,
      466, 451, 467, -1,
      466, 467, 465, -1,
      465, 467, 408, -1,
      465, 408, 464, -1,
      464, 408, 407, -1,
      464, 407, 441, -1,
      468, 2, 469, -1,
      469, 2, 1, -1,
      469, 1, 470, -1,
      470, 1, 238, -1,
      470, 238, 471, -1,
      471, 238, 472, -1,
      471, 472, 473, -1,
      473, 472, 474, -1,
      473, 474, 475, -1,
      475, 474, 476, -1,
      475, 476, 477, -1,
      477, 476, 478, -1,
      477, 478, 479, -1,
      479, 478, 480, -1,
      479, 480, 481, -1,
      481, 480, 482, -1,
      481, 482, 483, -1,
      484, 485, 25, -1,
      25, 485, 486, -1,
      25, 486, 487, -1,
      487, 488, 25, -1,
      25, 488, 489, -1,
      25, 489, 27, -1,
      27, 489, 490, -1,
      27, 490, 491, -1,
      492, 493, 494, -1,
      494, 493, 495, -1,
      491, 496, 27, -1,
      27, 496, 497, -1,
      27, 497, 498, -1,
      498, 499, 27, -1,
      27, 499, 500, -1,
      27, 500, 494, -1,
      494, 500, 501, -1,
      494, 501, 492, -1,
      502, 503, 468, -1,
      468, 503, 504, -1,
      468, 504, 505, -1,
      495, 506, 494, -1,
      494, 506, 507, -1,
      494, 507, 468, -1,
      468, 507, 508, -1,
      468, 508, 502, -1,
      210, 206, 238, -1,
      238, 206, 191, -1,
      238, 191, 472, -1,
      472, 191, 190, -1,
      472, 190, 474, -1,
      474, 190, 266, -1,
      474, 266, 476, -1,
      476, 266, 183, -1,
      476, 183, 478, -1,
      478, 183, 178, -1,
      478, 178, 480, -1,
      480, 178, 176, -1,
      480, 176, 482, -1,
      505, 484, 468, -1,
      468, 484, 25, -1,
      468, 25, 2, -1,
      2, 25, 247, -1,
      2, 247, 0, -1,
      0, 247, 246, -1,
      0, 246, 240, -1,
      251, 247, 250, -1,
      250, 247, 509, -1,
      250, 509, 510, -1,
      17, 511, 16, -1,
      16, 511, 512, -1,
      16, 512, 513, -1,
      514, 509, 513, -1,
      513, 509, 247, -1,
      513, 247, 16, -1,
      16, 247, 25, -1,
      16, 25, 18, -1,
      18, 25, 24, -1,
      494, 515, 27, -1,
      27, 515, 516, -1,
      27, 516, 30, -1,
      30, 516, 517, -1,
      30, 517, 35, -1,
      35, 517, 46, -1,
      35, 46, 33, -1,
      33, 46, 12, -1,
      9, 262, 10, -1,
      10, 262, 363, -1,
      10, 363, 198, -1,
      198, 363, 412, -1,
      198, 412, 196, -1,
      196, 412, 408, -1,
      196, 408, 270, -1,
      270, 408, 467, -1,
      270, 467, 181, -1,
      181, 467, 451, -1,
      181, 451, 173, -1,
      510, 511, 250, -1,
      250, 511, 17, -1,
      250, 17, 518, -1,
      518, 17, 104, -1,
      519, 520, 453, -1,
      521, 522, 523, -1,
      523, 522, 524, -1,
      523, 524, 453, -1,
      453, 524, 525, -1,
      453, 525, 519, -1,
      519, 525, 526, -1,
      519, 526, 527, -1,
      177, 174, 175, -1,
      175, 174, 173, -1,
      175, 173, 521, -1,
      521, 173, 451, -1,
      521, 451, 522, -1,
      522, 451, 528, -1,
      529, 530, 528, -1,
      528, 530, 531, -1,
      528, 531, 520, -1,
      520, 531, 532, -1,
      520, 532, 533, -1,
      533, 534, 520, -1,
      520, 534, 535, -1,
      520, 535, 536, -1,
      537, 451, 538, -1,
      538, 451, 453, -1,
      538, 453, 539, -1,
      539, 453, 520, -1,
      539, 520, 540, -1,
      540, 520, 536, -1,
      541, 542, 528, -1,
      528, 542, 543, -1,
      528, 543, 529, -1,
      537, 544, 451, -1,
      451, 544, 545, -1,
      451, 545, 528, -1,
      528, 545, 546, -1,
      528, 546, 541, -1,
      257, 248, 254, -1,
      254, 248, 250, -1,
      254, 250, 259, -1,
      259, 250, 518, -1,
      259, 518, 295, -1,
      295, 518, 547, -1,
      94, 547, 548, -1,
      548, 547, 549, -1,
      549, 547, 550, -1,
      550, 547, 518, -1,
      550, 518, 551, -1,
      94, 548, 104, -1,
      104, 548, 552, -1,
      104, 552, 518, -1,
      518, 552, 553, -1,
      518, 553, 551, -1,
      554, 555, 556, -1,
      556, 555, 550, -1,
      556, 550, 557, -1,
      557, 550, 551, -1,
      557, 551, 558, -1,
      558, 551, 559, -1,
      441, 440, 464, -1,
      464, 440, 560, -1,
      464, 560, 455, -1,
      455, 560, 561, -1,
      455, 561, 453, -1,
      453, 561, 562, -1,
      453, 562, 523, -1,
      70, 72, 94, -1,
      94, 72, 563, -1,
      94, 563, 547, -1,
      547, 563, 345, -1,
      547, 345, 295, -1,
      295, 345, 346, -1,
      295, 346, 293, -1,
      66, 65, 72, -1,
      72, 65, 564, -1,
      72, 564, 563, -1,
      563, 564, 565, -1,
      563, 565, 345, -1,
      345, 565, 566, -1,
      345, 566, 352, -1,
      352, 566, 567, -1,
      352, 567, 423, -1,
      423, 567, 568, -1,
      423, 568, 433, -1,
      433, 568, 569, -1,
      433, 569, 440, -1,
      440, 569, 570, -1,
      440, 570, 560, -1,
      560, 570, 571, -1,
      560, 571, 561, -1,
      561, 571, 572, -1,
      561, 572, 562, -1,
      53, 47, 51, -1,
      51, 47, 49, -1,
      51, 49, 59, -1,
      59, 49, 573, -1,
      59, 573, 63, -1,
      63, 573, 574, -1,
      575, 576, 577, -1,
      578, 579, 580, -1,
      580, 579, 575, -1,
      575, 577, 580, -1,
      580, 577, 581, -1,
      580, 581, 582, -1,
      583, 584, 585, -1,
      585, 584, 586, -1,
      587, 588, 589, -1,
      586, 590, 591, -1,
      578, 592, 593, -1,
      593, 592, 591, -1,
      594, 595, 578, -1,
      596, 597, 582, -1,
      598, 599, 600, -1,
      589, 596, 587, -1,
      587, 596, 582, -1,
      587, 582, 601, -1,
      601, 582, 581, -1,
      601, 581, 602, -1,
      602, 581, 603, -1,
      604, 605, 606, -1,
      591, 592, 586, -1,
      586, 592, 607, -1,
      586, 607, 585, -1,
      585, 607, 582, -1,
      585, 582, 606, -1,
      606, 582, 597, -1,
      606, 597, 604, -1,
      600, 594, 598, -1,
      598, 594, 578, -1,
      598, 578, 608, -1,
      608, 578, 593, -1,
      608, 593, 609, -1,
      609, 593, 610, -1,
      611, 579, 612, -1,
      612, 579, 578, -1,
      612, 578, 613, -1,
      613, 578, 595, -1,
      613, 595, 614, -1,
      614, 595, 615, -1,
      616, 589, 588, -1,
      617, 515, 618, -1,
      618, 515, 584, -1,
      618, 584, 583, -1,
      602, 603, 619, -1,
      619, 603, 620, -1,
      588, 621, 616, -1,
      616, 621, 515, -1,
      616, 515, 622, -1,
      622, 515, 617, -1,
      622, 617, 604, -1,
      604, 617, 605, -1,
      576, 575, 623, -1,
      623, 575, 574, -1,
      623, 574, 620, -1,
      620, 574, 515, -1,
      620, 515, 619, -1,
      619, 515, 621, -1,
      579, 611, 624, -1,
      625, 483, 624, -1,
      624, 483, 572, -1,
      624, 572, 579, -1,
      626, 627, 483, -1,
      628, 600, 599, -1,
      599, 626, 628, -1,
      628, 626, 483, -1,
      628, 483, 629, -1,
      629, 483, 625, -1,
      629, 625, 615, -1,
      615, 625, 614, -1,
      590, 586, 630, -1,
      630, 586, 483, -1,
      630, 483, 631, -1,
      631, 483, 627, -1,
      631, 627, 610, -1,
      610, 627, 609, -1,
      515, 483, 584, -1,
      584, 483, 586, -1,
      572, 574, 579, -1,
      579, 574, 575, -1,
    ]
  }
}

Shape {
  appearance Appearance {
    material Material {
      diffuseColor 1.0000 1.0000 1.0000
      specularColor 0.5020 0.5020 0.5020
      ambientIntensity 0.2
      transparency 0.0000
      shininess 0.5
    }
  }
  geometry IndexedFaceSet {
    ccw TRUE
    solid FALSE
    coord DEF co Coordinate {
      point [
        -0.382484 0.259406 0.287402,
        -0.384733 0.242325 0.287402,
        -0.391326 0.226407 0.287402,
        -0.401814 0.212739 0.287402,
        -0.415483 0.202251 0.287402,
        -0.431400 0.195658 0.287402,
        -0.448481 0.193409 0.287402,
        -0.465563 0.195658 0.287402,
        -0.505637 0.292405 0.287402,
        -0.495149 0.306073 0.287402,
        -0.481480 0.316561 0.287402,
        -0.481480 0.202251 0.287402,
        -0.495149 0.212739 0.287402,
        -0.505637 0.226407 0.287402,
        -0.512230 0.242325 0.287402,
        -0.514479 0.259406 0.287402,
        -0.512230 0.276487 0.287402,
        -0.415483 0.316561 0.287402,
        -0.401814 0.306073 0.287402,
        -0.391326 0.292405 0.287402,
        -0.384733 0.276487 0.287402,
        -0.465563 0.323155 0.287402,
        -0.448481 0.325404 0.287402,
        -0.431400 0.323155 0.287402,
        -0.382484 0.259406 0.283465,
        -0.384733 0.276487 0.283465,
        -0.391326 0.292405 0.283465,
        -0.401814 0.306073 0.283465,
        -0.415483 0.316561 0.283465,
        -0.431400 0.323155 0.283465,
        -0.448481 0.325404 0.283465,
        -0.465563 0.323155 0.283465,
        -0.481480 0.316561 0.283465,
        -0.495149 0.306073 0.283465,
        -0.505637 0.292405 0.283465,
        -0.512230 0.276487 0.283465,
        -0.514479 0.259406 0.283465,
        -0.512230 0.242325 0.283465,
        -0.505637 0.226407 0.283465,
        -0.495149 0.212739 0.283465,
        -0.481480 0.202251 0.283465,
        -0.465563 0.195658 0.283465,
        -0.448481 0.193409 0.283465,
        -0.431400 0.195658 0.283465,
        -0.415483 0.202251 0.283465,
        -0.401814 0.212739 0.283465,
        -0.391326 0.226407 0.283465,
        -0.384733 0.242325 0.283465,
        -0.448481 0.259406 0.283465,
      ]
    }
    coordIndex [
      24, 0, 25, -1,
      25, 0, 20, -1,
      25, 20, 26, -1,
      26, 20, 19, -1,
      26, 19, 27, -1,
      27, 19, 18, -1,
      27, 18, 28, -1,
      28, 18, 17, -1,
      28, 17, 29, -1,
      29, 17, 23, -1,
      29, 23, 30, -1,
      30, 23, 22, -1,
      30, 22, 31, -1,
      31, 22, 21, -1,
      31, 21, 32, -1,
      32, 21, 10, -1,
      32, 10, 33, -1,
      33, 10, 9, -1,
      33, 9, 34, -1,
      34, 9, 8, -1,
      34, 8, 35, -1,
      35, 8, 16, -1,
      35, 16, 36, -1,
      36, 16, 15, -1,
      36, 15, 37, -1,
      37, 15, 14, -1,
      37, 14, 38, -1,
      38, 14, 13, -1,
      38, 13, 39, -1,
      39, 13, 12, -1,
      39, 12, 40, -1,
      40, 12, 11, -1,
      40, 11, 41, -1,
      41, 11, 7, -1,
      41, 7, 42, -1,
      42, 7, 6, -1,
      42, 6, 43, -1,
      43, 6, 5, -1,
      43, 5, 44, -1,
      44, 5, 4, -1,
      44, 4, 45, -1,
      45, 4, 3, -1,
      45, 3, 46, -1,
      46, 3, 2, -1,
      46, 2, 47, -1,
      47, 2, 1, -1,
      47, 1, 24, -1,
      24, 1, 0, -1,
      46, 47, 48, -1,
      48, 47, 24, -1,
      48, 24, 25, -1,
      43, 44, 48, -1,
      48, 44, 45, -1,
      48, 45, 46, -1,
      40, 41, 48, -1,
      48, 41, 42, -1,
      48, 42, 43, -1,
      37, 38, 48, -1,
      48, 38, 39, -1,
      48, 39, 40, -1,
      34, 35, 48, -1,
      48, 35, 36, -1,
      48, 36, 37, -1,
      31, 32, 48, -1,
      48, 32, 33, -1,
      48, 33, 34, -1,
      28, 29, 48, -1,
      48, 29, 30, -1,
      48, 30, 31, -1,
      25, 26, 48, -1,
      48, 26, 27, -1,
      48, 27, 28, -1,
    ]
  }
}

Shape {
  appearance Appearance {
    material Material {
      diffuseColor 0.7529 0.7529 0.7529
      specularColor 0.3765 0.3765 0.3765
      ambientIntensity 0.2
      transparency 0.0000
      shininess 0.5
    }
  }
  geometry IndexedFaceSet {
    ccw TRUE
    solid FALSE
    coord DEF co Coordinate {
      point [
        -0.590551 -0.344488 0.000000,
        -0.446457 -0.344488 0.000000,
        0.344488 -0.320866 0.000000,
        -0.344488 -0.320866 0.000000,
        -0.446457 -0.246063 0.000000,
        -0.344488 0.242126 0.000000,
        -0.590551 0.344488 0.000000,
        -0.446457 0.344488 0.000000,
        -0.446457 -0.049213 0.000000,
        -0.590551 -0.049213 0.000000,
        -0.590551 0.049213 0.000000,
        0.590551 0.344488 0.000000,
        0.446457 0.344488 0.000000,
        0.344488 0.320866 0.000000,
        0.446457 0.246063 0.000000,
        0.446457 -0.049213 0.000000,
        0.446457 -0.147638 0.000000,
        -0.446457 0.049213 0.000000,
        -0.446457 0.147638 0.000000,
        0.446457 0.049213 0.000000,
        0.590551 0.049213 0.000000,
        0.590551 -0.049213 0.000000,
        -0.446457 -0.147638 0.000000,
        -0.590551 -0.147638 0.000000,
        -0.590551 -0.246063 0.000000,
        -0.590551 0.147638 0.000000,
        -0.590551 0.246063 0.000000,
        -0.446457 0.246063 0.000000,
        -0.265748 0.320866 0.000000,
        0.446457 0.147638 0.000000,
        0.590551 0.147638 0.000000,
        0.590551 0.246063 0.000000,
        0.590551 -0.344488 0.000000,
        0.446457 -0.344488 0.000000,
        0.446457 -0.246063 0.000000,
        0.590551 -0.246063 0.000000,
        0.590551 -0.147638 0.000000,
        -0.590551 0.049213 0.070866,
        -0.590551 0.246063 0.070866,
        -0.590551 0.344488 0.070866,
        -0.590551 -0.147638 0.070866,
        -0.590551 -0.246063 0.070866,
        -0.590551 -0.049213 0.070866,
        -0.590551 0.147638 0.070866,
        -0.590551 -0.344488 0.070866,
        0.590551 -0.344488 0.070866,
        0.590551 -0.246063 0.070866,
        0.590551 0.049213 0.070866,
        0.590551 0.147638 0.070866,
        0.590551 -0.049213 0.070866,
        0.590551 -0.147638 0.070866,
        0.590551 0.344488 0.070866,
        0.590551 0.246063 0.070866,
        0.594488 -0.344488 0.070866,
        0.594488 -0.246063 0.070866,
        0.594488 -0.246063 -0.007874,
        0.446457 -0.246063 -0.007874,
        0.446457 -0.344488 -0.007874,
        0.594488 -0.344488 -0.007874,
        0.594488 -0.147638 0.070866,
        0.594488 -0.049213 0.070866,
        0.594488 -0.049213 -0.007874,
        0.446457 -0.049213 -0.007874,
        0.446457 -0.147638 -0.007874,
        0.594488 -0.147638 -0.007874,
        0.594488 0.049213 0.070866,
        0.594488 0.147638 0.070866,
        0.594488 0.147638 -0.007874,
        0.446457 0.147638 -0.007874,
        0.446457 0.049213 -0.007874,
        0.594488 0.049213 -0.007874,
        0.594488 0.246063 0.070866,
        0.594488 0.344488 0.070866,
        0.594488 0.344488 -0.007874,
        0.446457 0.344488 -0.007874,
        0.446457 0.246063 -0.007874,
        0.594488 0.246063 -0.007874,
        -0.594488 -0.246063 0.070866,
        -0.594488 -0.344488 0.070866,
        -0.594488 -0.344488 -0.007874,
        -0.446457 -0.344488 -0.007874,
        -0.446457 -0.246063 -0.007874,
        -0.594488 -0.246063 -0.007874,
        -0.594488 -0.049213 0.070866,
        -0.594488 -0.147638 0.070866,
        -0.594488 -0.147638 -0.007874,
        -0.446457 -0.147638 -0.007874,
        -0.446457 -0.049213 -0.007874,
        -0.594488 -0.049213 -0.007874,
        -0.594488 0.147638 0.070866,
        -0.594488 0.049213 0.070866,
        -0.594488 0.049213 -0.007874,
        -0.446457 0.049213 -0.007874,
        -0.446457 0.147638 -0.007874,
        -0.594488 0.147638 -0.007874,
        -0.594488 0.344488 0.070866,
        -0.594488 0.246063 0.070866,
        -0.594488 0.246063 -0.007874,
        -0.446457 0.246063 -0.007874,
        -0.446457 0.344488 -0.007874,
        -0.594488 0.344488 -0.007874,
        0.344488 -0.320866 -0.007874,
        0.344488 0.320866 -0.007874,
        -0.344488 -0.320866 -0.007874,
        -0.344488 0.242126 -0.007874,
        -0.265748 0.320866 -0.007874,
      ]
    }
    coordIndex [
      45, 53, 46, -1,
      46, 53, 54, -1,
      46, 54, 35, -1,
      35, 54, 55, -1,
      35, 55, 34, -1,
      34, 55, 56, -1,
      56, 57, 34, -1,
      34, 57, 33, -1,
      33, 57, 32, -1,
      32, 57, 58, -1,
      32, 58, 45, -1,
      45, 58, 53, -1,
      55, 54, 58, -1,
      58, 54, 53, -1,
      57, 56, 58, -1,
      58, 56, 55, -1,
      50, 59, 49, -1,
      49, 59, 60, -1,
      49, 60, 21, -1,
      21, 60, 61, -1,
      21, 61, 15, -1,
      15, 61, 62, -1,
      62, 63, 15, -1,
      15, 63, 16, -1,
      16, 63, 36, -1,
      36, 63, 64, -1,
      36, 64, 50, -1,
      50, 64, 59, -1,
      61, 60, 64, -1,
      64, 60, 59, -1,
      63, 62, 64, -1,
      64, 62, 61, -1,
      47, 65, 48, -1,
      48, 65, 66, -1,
      48, 66, 30, -1,
      30, 66, 67, -1,
      30, 67, 29, -1,
      29, 67, 68, -1,
      68, 69, 29, -1,
      29, 69, 19, -1,
      19, 69, 20, -1,
      20, 69, 70, -1,
      20, 70, 47, -1,
      47, 70, 65, -1,
      67, 66, 70, -1,
      70, 66, 65, -1,
      69, 68, 70, -1,
      70, 68, 67, -1,
      52, 71, 51, -1,
      51, 71, 72, -1,
      51, 72, 11, -1,
      11, 72, 73, -1,
      11, 73, 12, -1,
      12, 73, 74, -1,
      74, 75, 12, -1,
      12, 75, 14, -1,
      14, 75, 31, -1,
      31, 75, 76, -1,
      31, 76, 52, -1,
      52, 76, 71, -1,
      73, 72, 76, -1,
      76, 72, 71, -1,
      75, 74, 76, -1,
      76, 74, 73, -1,
      41, 77, 44, -1,
      44, 77, 78, -1,
      44, 78, 0, -1,
      0, 78, 79, -1,
      0, 79, 1, -1,
      1, 79, 80, -1,
      1, 80, 4, -1,
      4, 80, 81, -1,
      4, 81, 24, -1,
      24, 81, 82, -1,
      24, 82, 41, -1,
      41, 82, 77, -1,
      79, 78, 82, -1,
      82, 78, 77, -1,
      81, 80, 82, -1,
      82, 80, 79, -1,
      42, 83, 40, -1,
      40, 83, 84, -1,
      40, 84, 23, -1,
      23, 84, 85, -1,
      23, 85, 22, -1,
      22, 85, 86, -1,
      22, 86, 8, -1,
      8, 86, 87, -1,
      8, 87, 9, -1,
      9, 87, 88, -1,
      9, 88, 42, -1,
      42, 88, 83, -1,
      85, 84, 88, -1,
      88, 84, 83, -1,
      87, 86, 88, -1,
      88, 86, 85, -1,
      43, 89, 37, -1,
      37, 89, 90, -1,
      37, 90, 10, -1,
      10, 90, 91, -1,
      10, 91, 17, -1,
      17, 91, 92, -1,
      17, 92, 18, -1,
      18, 92, 93, -1,
      18, 93, 25, -1,
      25, 93, 94, -1,
      25, 94, 43, -1,
      43, 94, 89, -1,
      91, 90, 94, -1,
      94, 90, 89, -1,
      93, 92, 94, -1,
      94, 92, 91, -1,
      39, 95, 38, -1,
      38, 95, 96, -1,
      38, 96, 26, -1,
      26, 96, 97, -1,
      26, 97, 27, -1,
      27, 97, 98, -1,
      27, 98, 7, -1,
      7, 98, 99, -1,
      7, 99, 6, -1,
      6, 99, 100, -1,
      6, 100, 39, -1,
      39, 100, 95, -1,
      97, 96, 100, -1,
      100, 96, 95, -1,
      99, 98, 100, -1,
      100, 98, 97, -1,
      101, 102, 2, -1,
      2, 102, 13, -1,
      103, 101, 3, -1,
      3, 101, 2, -1,
      104, 103, 5, -1,
      5, 103, 3, -1,
      105, 104, 28, -1,
      28, 104, 5, -1,
      102, 105, 13, -1,
      13, 105, 28, -1,
      103, 104, 101, -1,
      101, 104, 105, -1,
      101, 105, 102, -1,
    ]
  }
}

Shape {
  appearance Appearance {
    material Material {
      diffuseColor 1.0000 1.0000 1.0000
      specularColor 0.5020 0.5020 0.5020
      ambientIntensity 0.2
      transparency 0.0000
      shininess 0.5
    }
  }
  geometry IndexedFaceSet {
    ccw TRUE
    solid FALSE
    coord DEF co Coordinate {
      point [
        -0.268626 -0.220198 0.287402,
        -0.265508 -0.219813 0.287402,
        -0.258261 -0.260278 0.287402,
        -0.260831 -0.260524 0.287402,
        -0.229287 -0.242154 0.287402,
        -0.240099 -0.242154 0.287402,
        -0.229287 -0.255621 0.287402,
        -0.240099 -0.255621 0.287402,
        -0.224646 -0.220151 0.287402,
        -0.229287 -0.220151 0.287402,
        -0.224646 -0.224756 0.287402,
        -0.223735 -0.255621 0.287402,
        -0.223735 -0.260186 0.287402,
        -0.225782 -0.242154 0.287402,
        -0.225782 -0.237569 0.287402,
        -0.229287 -0.237569 0.287402,
        -0.229287 -0.224756 0.287402,
        -0.240099 -0.224756 0.287402,
        -0.240099 -0.237569 0.287402,
        -0.245267 -0.220151 0.287402,
        -0.245267 -0.260186 0.287402,
        -0.253280 -0.221113 0.287402,
        -0.257419 -0.219906 0.287402,
        -0.258544 -0.219813 0.287402,
        -0.229287 -0.260186 0.287402,
        -0.253280 -0.226517 0.287402,
        -0.253963 -0.258868 0.287402,
        -0.261720 -0.256184 0.287402,
        -0.257196 -0.255336 0.287402,
        -0.253280 -0.253575 0.287402,
        -0.253280 -0.258528 0.287402,
        -0.275851 -0.249333 0.287402,
        -0.273902 -0.252039 0.287402,
        -0.273136 -0.252798 0.287402,
        -0.270526 -0.254653 0.287402,
        -0.267679 -0.255761 0.287402,
        -0.263617 -0.256256 0.287402,
        -0.257787 -0.224731 0.287402,
        -0.274130 -0.229151 0.287402,
        -0.253726 -0.226276 0.287402,
        -0.276003 -0.231994 0.287402,
        -0.277280 -0.235553 0.287402,
        -0.262716 -0.224142 0.287402,
        -0.264257 -0.224204 0.287402,
        -0.273625 -0.228583 0.287402,
        -0.267741 -0.224872 0.287402,
        -0.270891 -0.226328 0.287402,
        -0.277831 -0.240619 0.287402,
        -0.277787 -0.242101 0.287402,
        -0.277146 -0.246106 0.287402,
        -0.262767 -0.219476 0.287402,
        -0.262639 -0.219476 0.287402,
        -0.281464 -0.231709 0.287402,
        -0.280378 -0.229167 0.287402,
        -0.277473 -0.225370 0.287402,
        -0.276539 -0.224475 0.287402,
        -0.272799 -0.221835 0.287402,
        -0.283185 -0.238843 0.287402,
        -0.282279 -0.233615 0.287402,
        -0.281464 -0.250061 0.287402,
        -0.282602 -0.246900 0.287402,
        -0.283255 -0.240926 0.287402,
        -0.271111 -0.259856 0.287402,
        -0.274891 -0.258076 0.287402,
        -0.278118 -0.255396 0.287402,
        -0.278750 -0.254688 0.287402,
        -0.281056 -0.251196 0.287402,
        -0.267863 -0.260524 0.287402,
        -0.266770 -0.260748 0.287402,
        -0.264363 -0.260861 0.287402,
        -0.184662 -0.246877 0.287402,
        -0.186630 -0.251020 0.287402,
        -0.189616 -0.254578 0.287402,
        -0.197833 -0.221120 0.287402,
        -0.193812 -0.222589 0.287402,
        -0.197833 -0.259106 0.287402,
        -0.194241 -0.257807 0.287402,
        -0.190322 -0.255206 0.287402,
        -0.189616 -0.225452 0.287402,
        -0.188251 -0.226781 0.287402,
        -0.185761 -0.230257 0.287402,
        -0.184265 -0.234062 0.287402,
        -0.183578 -0.239657 0.287402,
        -0.183696 -0.242186 0.287402,
        -0.204752 -0.220151 0.287402,
        -0.198644 -0.220825 0.287402,
        -0.198911 -0.259496 0.287402,
        -0.205161 -0.260186 0.287402,
        -0.216172 -0.260186 0.287402,
        -0.216172 -0.220151 0.287402,
        -0.284893 -0.255621 0.287402,
        -0.284893 -0.260186 0.287402,
        -0.306005 -0.260186 0.287402,
        -0.306005 -0.220151 0.287402,
        -0.300837 -0.220151 0.287402,
        -0.300837 -0.255621 0.287402,
        -0.284893 -0.255621 0.291339,
        -0.284893 -0.260186 0.291339,
        -0.300837 -0.255621 0.291339,
        -0.300837 -0.220151 0.291339,
        -0.306005 -0.220151 0.291339,
        -0.306005 -0.260186 0.291339,
        -0.264363 -0.260861 0.291339,
        -0.258261 -0.260278 0.291339,
        -0.253963 -0.258868 0.291339,
        -0.253280 -0.258528 0.291339,
        -0.253280 -0.253575 0.291339,
        -0.257196 -0.255336 0.291339,
        -0.261720 -0.256184 0.291339,
        -0.263617 -0.256256 0.291339,
        -0.267679 -0.255761 0.291339,
        -0.270526 -0.254653 0.291339,
        -0.273136 -0.252798 0.291339,
        -0.273902 -0.252039 0.291339,
        -0.275851 -0.249333 0.291339,
        -0.277146 -0.246106 0.291339,
        -0.277787 -0.242101 0.291339,
        -0.277831 -0.240619 0.291339,
        -0.277280 -0.235553 0.291339,
        -0.276003 -0.231994 0.291339,
        -0.274130 -0.229151 0.291339,
        -0.273625 -0.228583 0.291339,
        -0.270891 -0.226328 0.291339,
        -0.267741 -0.224872 0.291339,
        -0.264257 -0.224204 0.291339,
        -0.262716 -0.224142 0.291339,
        -0.257787 -0.224731 0.291339,
        -0.253726 -0.226276 0.291339,
        -0.253280 -0.226517 0.291339,
        -0.253280 -0.221113 0.291339,
        -0.262767 -0.219476 0.291339,
        -0.262639 -0.219476 0.291339,
        -0.257419 -0.219906 0.291339,
        -0.268626 -0.220198 0.291339,
        -0.272799 -0.221835 0.291339,
        -0.276539 -0.224475 0.291339,
        -0.277473 -0.225370 0.291339,
        -0.280378 -0.229167 0.291339,
        -0.282279 -0.233615 0.291339,
        -0.283185 -0.238843 0.291339,
        -0.283255 -0.240926 0.291339,
        -0.282602 -0.246900 0.291339,
        -0.281056 -0.251196 0.291339,
        -0.278750 -0.254688 0.291339,
        -0.278118 -0.255396 0.291339,
        -0.266770 -0.260748 0.291339,
        -0.274891 -0.258076 0.291339,
        -0.271111 -0.259856 0.291339,
        -0.223735 -0.255621 0.291339,
        -0.223735 -0.260186 0.291339,
        -0.240099 -0.255621 0.291339,
        -0.240099 -0.242154 0.291339,
        -0.225782 -0.242154 0.291339,
        -0.225782 -0.237569 0.291339,
        -0.240099 -0.237569 0.291339,
        -0.240099 -0.224756 0.291339,
        -0.224646 -0.224756 0.291339,
        -0.224646 -0.220151 0.291339,
        -0.245267 -0.220151 0.291339,
        -0.245267 -0.260186 0.291339,
        -0.205191 -0.255621 0.291339,
        -0.205161 -0.260186 0.291339,
        -0.200106 -0.255074 0.291339,
        -0.198911 -0.259496 0.291339,
        -0.196681 -0.253853 0.291339,
        -0.194241 -0.257807 0.291339,
        -0.194030 -0.252117 0.291339,
        -0.190322 -0.255206 0.291339,
        -0.193289 -0.251446 0.291339,
        -0.189616 -0.254578 0.291339,
        -0.191298 -0.248975 0.291339,
        -0.186630 -0.251020 0.291339,
        -0.189920 -0.246002 0.291339,
        -0.184662 -0.246877 0.291339,
        -0.189144 -0.242334 0.291339,
        -0.183696 -0.242186 0.291339,
        -0.189012 -0.239800 0.291339,
        -0.183578 -0.239657 0.291339,
        -0.189505 -0.235193 0.291339,
        -0.184265 -0.234062 0.291339,
        -0.190583 -0.232160 0.291339,
        -0.185761 -0.230257 0.291339,
        -0.192085 -0.229856 0.291339,
        -0.188251 -0.226781 0.291339,
        -0.193402 -0.228522 0.291339,
        -0.189616 -0.225452 0.291339,
        -0.196324 -0.226580 0.291339,
        -0.193812 -0.222589 0.291339,
        -0.199796 -0.225326 0.291339,
        -0.198644 -0.220825 0.291339,
        -0.204956 -0.224756 0.291339,
        -0.204752 -0.220151 0.291339,
        -0.211004 -0.224756 0.291339,
        -0.216172 -0.220151 0.291339,
        -0.211004 -0.255621 0.291339,
        -0.216172 -0.260186 0.291339,
        -0.204956 -0.224756 0.287402,
        -0.211004 -0.224756 0.287402,
        -0.211004 -0.255621 0.287402,
        -0.205191 -0.255621 0.287402,
        -0.193289 -0.251446 0.287402,
        -0.194030 -0.252117 0.287402,
        -0.196681 -0.253853 0.287402,
        -0.200106 -0.255074 0.287402,
        -0.189012 -0.239800 0.287402,
        -0.189144 -0.242334 0.287402,
        -0.189920 -0.246002 0.287402,
        -0.191298 -0.248975 0.287402,
        -0.193402 -0.228522 0.287402,
        -0.192085 -0.229856 0.287402,
        -0.190583 -0.232160 0.287402,
        -0.189505 -0.235193 0.287402,
        -0.199796 -0.225326 0.287402,
        -0.196324 -0.226580 0.287402,
      ]
    }
    coordIndex [
      96, 97, 90, -1,
      90, 97, 91, -1,
      98, 96, 95, -1,
      95, 96, 90, -1,
      99, 98, 94, -1,
      94, 98, 95, -1,
      100, 99, 93, -1,
      93, 99, 94, -1,
      101, 100, 92, -1,
      92, 100, 93, -1,
      97, 101, 91, -1,
      91, 101, 92, -1,
      99, 100, 98, -1,
      98, 100, 101, -1,
      98, 101, 96, -1,
      96, 101, 97, -1,
      102, 69, 103, -1,
      103, 69, 3, -1,
      3, 2, 103, -1,
      103, 2, 26, -1,
      103, 26, 104, -1,
      104, 26, 30, -1,
      104, 30, 105, -1,
      106, 105, 29, -1,
      29, 105, 30, -1,
      106, 29, 28, -1,
      106, 28, 107, -1,
      107, 28, 27, -1,
      107, 27, 108, -1,
      108, 27, 36, -1,
      108, 36, 109, -1,
      109, 36, 35, -1,
      109, 35, 110, -1,
      110, 35, 34, -1,
      110, 34, 111, -1,
      111, 34, 33, -1,
      111, 33, 112, -1,
      112, 33, 32, -1,
      112, 32, 113, -1,
      113, 32, 31, -1,
      113, 31, 114, -1,
      114, 31, 49, -1,
      114, 49, 115, -1,
      115, 49, 48, -1,
      115, 48, 116, -1,
      116, 48, 47, -1,
      116, 47, 117, -1,
      117, 47, 41, -1,
      117, 41, 118, -1,
      118, 41, 40, -1,
      118, 40, 119, -1,
      119, 40, 38, -1,
      119, 38, 120, -1,
      120, 38, 44, -1,
      120, 44, 121, -1,
      121, 44, 46, -1,
      121, 46, 122, -1,
      122, 46, 45, -1,
      122, 45, 123, -1,
      123, 45, 43, -1,
      123, 43, 124, -1,
      124, 43, 42, -1,
      124, 42, 125, -1,
      125, 42, 37, -1,
      125, 37, 126, -1,
      126, 37, 39, -1,
      126, 39, 127, -1,
      127, 39, 25, -1,
      127, 25, 128, -1,
      129, 128, 21, -1,
      21, 128, 25, -1,
      50, 130, 131, -1,
      129, 21, 22, -1,
      129, 22, 132, -1,
      132, 22, 23, -1,
      132, 23, 131, -1,
      131, 23, 51, -1,
      131, 51, 50, -1,
      130, 50, 1, -1,
      130, 1, 133, -1,
      1, 0, 133, -1,
      133, 0, 56, -1,
      133, 56, 134, -1,
      134, 56, 55, -1,
      134, 55, 135, -1,
      135, 55, 54, -1,
      135, 54, 136, -1,
      136, 54, 53, -1,
      136, 53, 137, -1,
      137, 53, 52, -1,
      137, 52, 138, -1,
      52, 58, 138, -1,
      138, 58, 57, -1,
      138, 57, 139, -1,
      139, 57, 61, -1,
      139, 61, 140, -1,
      140, 61, 60, -1,
      140, 60, 141, -1,
      141, 60, 59, -1,
      141, 59, 142, -1,
      59, 66, 142, -1,
      142, 66, 65, -1,
      142, 65, 143, -1,
      143, 65, 64, -1,
      143, 64, 144, -1,
      69, 102, 145, -1,
      144, 64, 63, -1,
      144, 63, 146, -1,
      146, 63, 62, -1,
      146, 62, 147, -1,
      147, 62, 67, -1,
      147, 67, 145, -1,
      145, 67, 68, -1,
      145, 68, 69, -1,
      127, 128, 129, -1,
      118, 119, 137, -1,
      127, 129, 126, -1,
      126, 129, 132, -1,
      126, 132, 125, -1,
      125, 132, 131, -1,
      125, 131, 124, -1,
      124, 131, 130, -1,
      124, 130, 123, -1,
      123, 130, 133, -1,
      123, 133, 122, -1,
      105, 106, 104, -1,
      104, 106, 107, -1,
      104, 107, 103, -1,
      103, 107, 108, -1,
      103, 108, 102, -1,
      102, 108, 109, -1,
      102, 109, 145, -1,
      145, 109, 110, -1,
      145, 110, 147, -1,
      147, 110, 111, -1,
      147, 111, 146, -1,
      146, 111, 112, -1,
      146, 112, 144, -1,
      144, 112, 113, -1,
      144, 113, 143, -1,
      143, 113, 114, -1,
      143, 114, 142, -1,
      137, 119, 136, -1,
      133, 134, 122, -1,
      122, 134, 135, -1,
      122, 135, 121, -1,
      121, 135, 136, -1,
      121, 136, 120, -1,
      120, 136, 119, -1,
      140, 117, 139, -1,
      139, 117, 118, -1,
      139, 118, 138, -1,
      138, 118, 137, -1,
      142, 114, 141, -1,
      141, 114, 115, -1,
      141, 115, 140, -1,
      140, 115, 116, -1,
      140, 116, 117, -1,
      148, 149, 11, -1,
      11, 149, 12, -1,
      7, 150, 6, -1,
      6, 150, 148, -1,
      6, 148, 11, -1,
      151, 150, 5, -1,
      5, 150, 7, -1,
      151, 5, 152, -1,
      152, 5, 4, -1,
      152, 4, 13, -1,
      153, 152, 14, -1,
      14, 152, 13, -1,
      18, 154, 15, -1,
      15, 154, 153, -1,
      15, 153, 14, -1,
      155, 154, 17, -1,
      17, 154, 18, -1,
      155, 17, 156, -1,
      156, 17, 16, -1,
      156, 16, 10, -1,
      157, 156, 8, -1,
      8, 156, 10, -1,
      19, 158, 9, -1,
      9, 158, 157, -1,
      9, 157, 8, -1,
      159, 158, 20, -1,
      20, 158, 19, -1,
      159, 20, 149, -1,
      149, 20, 24, -1,
      149, 24, 12, -1,
      159, 149, 148, -1,
      148, 150, 159, -1,
      159, 150, 151, -1,
      159, 151, 158, -1,
      156, 157, 155, -1,
      155, 157, 158, -1,
      155, 158, 154, -1,
      154, 158, 151, -1,
      154, 151, 153, -1,
      153, 151, 152, -1,
      160, 161, 162, -1,
      162, 161, 163, -1,
      162, 163, 164, -1,
      164, 163, 165, -1,
      164, 165, 166, -1,
      166, 165, 167, -1,
      166, 167, 168, -1,
      168, 167, 169, -1,
      168, 169, 170, -1,
      170, 169, 171, -1,
      170, 171, 172, -1,
      172, 171, 173, -1,
      172, 173, 174, -1,
      174, 173, 175, -1,
      174, 175, 176, -1,
      176, 175, 177, -1,
      176, 177, 178, -1,
      178, 177, 179, -1,
      178, 179, 180, -1,
      180, 179, 181, -1,
      180, 181, 182, -1,
      182, 181, 183, -1,
      182, 183, 184, -1,
      184, 183, 185, -1,
      184, 185, 186, -1,
      186, 185, 187, -1,
      186, 187, 188, -1,
      188, 187, 189, -1,
      188, 189, 190, -1,
      190, 189, 191, -1,
      190, 191, 192, -1,
      192, 191, 193, -1,
      192, 193, 194, -1,
      194, 193, 195, -1,
      194, 195, 160, -1,
      160, 195, 161, -1,
      161, 195, 87, -1,
      87, 195, 88, -1,
      161, 87, 86, -1,
      161, 86, 163, -1,
      163, 86, 75, -1,
      163, 75, 165, -1,
      75, 76, 165, -1,
      165, 76, 77, -1,
      165, 77, 167, -1,
      167, 77, 72, -1,
      167, 72, 169, -1,
      169, 72, 71, -1,
      169, 71, 171, -1,
      171, 71, 70, -1,
      171, 70, 173, -1,
      173, 70, 83, -1,
      173, 83, 175, -1,
      175, 83, 82, -1,
      175, 82, 177, -1,
      177, 82, 81, -1,
      177, 81, 179, -1,
      179, 81, 80, -1,
      179, 80, 181, -1,
      181, 80, 79, -1,
      181, 79, 183, -1,
      183, 79, 78, -1,
      183, 78, 185, -1,
      84, 191, 189, -1,
      185, 78, 74, -1,
      185, 74, 187, -1,
      187, 74, 73, -1,
      187, 73, 189, -1,
      189, 73, 85, -1,
      189, 85, 84, -1,
      193, 191, 89, -1,
      89, 191, 84, -1,
      195, 193, 88, -1,
      88, 193, 89, -1,
      190, 192, 196, -1,
      196, 192, 197, -1,
      192, 194, 197, -1,
      197, 194, 198, -1,
      194, 160, 198, -1,
      198, 160, 199, -1,
      168, 200, 201, -1,
      168, 201, 166, -1,
      166, 201, 202, -1,
      166, 202, 164, -1,
      164, 202, 203, -1,
      164, 203, 162, -1,
      162, 203, 199, -1,
      162, 199, 160, -1,
      176, 204, 205, -1,
      176, 205, 174, -1,
      174, 205, 206, -1,
      174, 206, 172, -1,
      172, 206, 207, -1,
      172, 207, 170, -1,
      170, 207, 200, -1,
      170, 200, 168, -1,
      184, 208, 209, -1,
      184, 209, 182, -1,
      182, 209, 210, -1,
      182, 210, 180, -1,
      180, 210, 211, -1,
      180, 211, 178, -1,
      178, 211, 204, -1,
      178, 204, 176, -1,
      190, 196, 212, -1,
      190, 212, 188, -1,
      188, 212, 213, -1,
      188, 213, 186, -1,
      186, 213, 208, -1,
      186, 208, 184, -1,
    ]
  }
}

Shape {
  appearance Appearance {
    material Material {
      diffuseColor 0.2510 0.2510 0.2510
      specularColor 0.1255 0.1255 0.1255
      ambientIntensity 0.2
      transparency 0.0000
      shininess 0.5
    }
  }
  geometry IndexedFaceSet {
    ccw TRUE
    solid FALSE
    coord DEF co Coordinate {
      point [
        -0.204956 -0.224756 0.287402,
        -0.211004 -0.224756 0.287402,
        -0.211004 -0.255621 0.287402,
        -0.205191 -0.255621 0.287402,
        -0.193289 -0.251446 0.287402,
        -0.194030 -0.252117 0.287402,
        -0.196681 -0.253853 0.287402,
        -0.200106 -0.255074 0.287402,
        -0.189012 -0.239800 0.287402,
        -0.189144 -0.242334 0.287402,
        -0.189920 -0.246002 0.287402,
        -0.191298 -0.248975 0.287402,
        -0.193402 -0.228522 0.287402,
        -0.192085 -0.229856 0.287402,
        -0.190583 -0.232160 0.287402,
        -0.189505 -0.235193 0.287402,
        -0.199796 -0.225326 0.287402,
        -0.196324 -0.226580 0.287402,
      ]
    }
    coordIndex [
      1, 2, 0, -1,
      0, 2, 3, -1,
      0, 3, 7, -1,
      7, 6, 0, -1,
      0, 6, 5, -1,
      0, 5, 4, -1,
      4, 11, 0, -1,
      0, 11, 10, -1,
      0, 10, 9, -1,
      9, 8, 0, -1,
      0, 8, 15, -1,
      0, 15, 14, -1,
      14, 13, 0, -1,
      0, 13, 12, -1,
      0, 12, 16, -1,
      16, 12, 17, -1,
    ]
  }
}

Shape {
  appearance Appearance {
    material Material {
      diffuseColor 1.0000 1.0000 1.0000
      specularColor 0.5020 0.5020 0.5020
      ambientIntensity 0.2
      transparency 0.0000
      shininess 0.5
    }
  }
  geometry IndexedFaceSet {
    ccw TRUE
    solid FALSE
    coord DEF co Coordinate {
      point [
        -0.155128 -0.249235 0.287402,
        -0.169818 -0.249235 0.287402,
        -0.151044 -0.260186 0.287402,
        -0.145334 -0.260186 0.287402,
        -0.160582 -0.220151 0.287402,
        -0.171798 -0.249235 0.287402,
        -0.175646 -0.260186 0.287402,
        -0.181357 -0.260186 0.287402,
        -0.169818 -0.229891 0.287402,
        -0.166108 -0.220151 0.287402,
        -0.170161 -0.244712 0.291339,
        -0.171798 -0.249235 0.291339,
        -0.156724 -0.244712 0.291339,
        -0.155128 -0.249235 0.291339,
        -0.164174 -0.228072 0.291339,
        -0.166108 -0.220151 0.291339,
        -0.181357 -0.260186 0.291339,
        -0.175646 -0.260186 0.291339,
        -0.163828 -0.226877 0.291339,
        -0.163519 -0.225268 0.291339,
        -0.160582 -0.220151 0.291339,
        -0.163396 -0.225268 0.291339,
        -0.163073 -0.226961 0.291339,
        -0.162772 -0.228072 0.291339,
        -0.145334 -0.260186 0.291339,
        -0.151044 -0.260186 0.291339,
        -0.170161 -0.244712 0.287402,
        -0.156724 -0.244712 0.287402,
        -0.162772 -0.228072 0.287402,
        -0.163396 -0.225268 0.287402,
        -0.163073 -0.226961 0.287402,
        -0.163519 -0.225268 0.287402,
        -0.164174 -0.228072 0.287402,
        -0.163828 -0.226877 0.287402,
      ]
    }
    coordIndex [
      10, 11, 12, -1,
      12, 11, 13, -1,
      14, 15, 10, -1,
      10, 15, 16, -1,
      10, 16, 11, -1,
      11, 16, 17, -1,
      14, 18, 15, -1,
      15, 18, 19, -1,
      15, 19, 20, -1,
      20, 19, 21, -1,
      20, 21, 22, -1,
      22, 23, 20, -1,
      20, 23, 12, -1,
      20, 12, 24, -1,
      24, 12, 13, -1,
      24, 13, 25, -1,
      20, 24, 4, -1,
      4, 24, 3, -1,
      15, 20, 9, -1,
      9, 20, 4, -1,
      7, 16, 8, -1,
      8, 16, 15, -1,
      8, 15, 9, -1,
      17, 16, 6, -1,
      6, 16, 7, -1,
      11, 17, 5, -1,
      5, 17, 6, -1,
      0, 13, 1, -1,
      1, 13, 11, -1,
      1, 11, 5, -1,
      25, 13, 2, -1,
      2, 13, 0, -1,
      24, 25, 3, -1,
      3, 25, 2, -1,
      10, 12, 26, -1,
      26, 12, 27, -1,
      12, 23, 27, -1,
      27, 23, 28, -1,
      21, 29, 30, -1,
      21, 30, 22, -1,
      22, 30, 28, -1,
      22, 28, 23, -1,
      21, 19, 29, -1,
      29, 19, 31, -1,
      14, 32, 33, -1,
      14, 33, 18, -1,
      18, 33, 31, -1,
      18, 31, 19, -1,
      14, 10, 32, -1,
      32, 10, 26, -1,
    ]
  }
}

Shape {
  appearance Appearance {
    material Material {
      diffuseColor 0.2510 0.2510 0.2510
      specularColor 0.1255 0.1255 0.1255
      ambientIntensity 0.2
      transparency 0.0000
      shininess 0.5
    }
  }
  geometry IndexedFaceSet {
    ccw TRUE
    solid FALSE
    coord DEF co Coordinate {
      point [
        -0.170161 -0.244712 0.287402,
        -0.156724 -0.244712 0.287402,
        -0.162772 -0.228072 0.287402,
        -0.163396 -0.225268 0.287402,
        -0.163073 -0.226961 0.287402,
        -0.163519 -0.225268 0.287402,
        -0.164174 -0.228072 0.287402,
        -0.163828 -0.226877 0.287402,
      ]
    }
    coordIndex [
      3, 5, 4, -1,
      4, 5, 7, -1,
      4, 7, 2, -1,
      2, 7, 6, -1,
      2, 6, 1, -1,
      1, 6, 0, -1,
    ]
  }
}

Shape {
  appearance Appearance {
    material Material {
      diffuseColor 1.0000 1.0000 1.0000
      specularColor 0.5020 0.5020 0.5020
      ambientIntensity 0.2
      transparency 0.0000
      shininess 0.5
    }
  }
  geometry IndexedFaceSet {
    ccw TRUE
    solid FALSE
    coord DEF co Coordinate {
      point [
        -0.277653 -0.310071 0.287402,
        -0.276880 -0.301981 0.287402,
        -0.278654 -0.311508 0.287402,
        -0.279341 -0.313277 0.287402,
        -0.261713 -0.323697 0.287402,
        -0.267822 -0.324037 0.287402,
        -0.256698 -0.323697 0.287402,
        -0.273848 -0.323959 0.287402,
        -0.275728 -0.323192 0.287402,
        -0.278872 -0.319905 0.287402,
        -0.279457 -0.318180 0.287402,
        -0.276880 -0.297109 0.287402,
        -0.275895 -0.296537 0.287402,
        -0.261713 -0.319276 0.287402,
        -0.261846 -0.319276 0.287402,
        -0.263016 -0.320959 0.287402,
        -0.261935 -0.295348 0.287402,
        -0.276117 -0.308739 0.287402,
        -0.273981 -0.307644 0.287402,
        -0.273387 -0.299791 0.287402,
        -0.270187 -0.306709 0.287402,
        -0.270245 -0.298782 0.287402,
        -0.264651 -0.322522 0.287402,
        -0.265823 -0.323267 0.287402,
        -0.277217 -0.322121 0.287402,
        -0.277975 -0.321320 0.287402,
        -0.272175 -0.295080 0.287402,
        -0.267035 -0.294448 0.287402,
        -0.264060 -0.294712 0.287402,
        -0.261713 -0.305522 0.287402,
        -0.261852 -0.303523 0.287402,
        -0.262352 -0.301647 0.287402,
        -0.279673 -0.316042 0.287402,
        -0.279659 -0.315443 0.287402,
        -0.260262 -0.296294 0.287402,
        -0.258920 -0.297566 0.287402,
        -0.257890 -0.299176 0.287402,
        -0.257099 -0.301441 0.287402,
        -0.262925 -0.300583 0.287402,
        -0.263665 -0.299754 0.287402,
        -0.264533 -0.299162 0.287402,
        -0.265657 -0.298736 0.287402,
        -0.267506 -0.298522 0.287402,
        -0.256698 -0.305296 0.287402,
        -0.270606 -0.324372 0.287402,
        -0.271520 -0.324344 0.287402,
        -0.273381 -0.324036 0.287402,
        -0.306005 -0.323697 0.287402,
        -0.284473 -0.323697 0.287402,
        -0.284473 -0.319133 0.287402,
        -0.285384 -0.288267 0.287402,
        -0.306005 -0.283662 0.287402,
        -0.285384 -0.283662 0.287402,
        -0.300837 -0.305665 0.287402,
        -0.300837 -0.319133 0.287402,
        -0.286520 -0.305665 0.287402,
        -0.286520 -0.301080 0.287402,
        -0.300837 -0.301080 0.287402,
        -0.300837 -0.288267 0.287402,
        -0.284473 -0.319133 0.291339,
        -0.284473 -0.323697 0.291339,
        -0.300837 -0.319133 0.291339,
        -0.300837 -0.305665 0.291339,
        -0.286520 -0.305665 0.291339,
        -0.286520 -0.301080 0.291339,
        -0.300837 -0.301080 0.291339,
        -0.300837 -0.288267 0.291339,
        -0.285384 -0.288267 0.291339,
        -0.285384 -0.283662 0.291339,
        -0.306005 -0.283662 0.291339,
        -0.306005 -0.323697 0.291339,
        -0.261713 -0.323697 0.291339,
        -0.256698 -0.323697 0.291339,
        -0.261713 -0.319276 0.291339,
        -0.256698 -0.305296 0.291339,
        -0.261713 -0.305522 0.291339,
        -0.272580 -0.311494 0.291339,
        -0.271376 -0.310930 0.291339,
        -0.268406 -0.310250 0.291339,
        -0.261713 -0.309349 0.291339,
        -0.261713 -0.312092 0.291339,
        -0.261846 -0.319276 0.291339,
        -0.264479 -0.318529 0.291339,
        -0.263016 -0.320959 0.291339,
        -0.265893 -0.319488 0.291339,
        -0.261718 -0.312421 0.291339,
        -0.262040 -0.314659 0.291339,
        -0.262775 -0.316448 0.291339,
        -0.263862 -0.317925 0.291339,
        -0.274130 -0.317695 0.291339,
        -0.277975 -0.321320 0.291339,
        -0.273560 -0.318540 0.291339,
        -0.277217 -0.322121 0.291339,
        -0.273134 -0.318969 0.291339,
        -0.275728 -0.323192 0.291339,
        -0.272135 -0.319651 0.291339,
        -0.273848 -0.323959 0.291339,
        -0.271000 -0.320067 0.291339,
        -0.271520 -0.324344 0.291339,
        -0.269306 -0.320258 0.291339,
        -0.261852 -0.303523 0.291339,
        -0.257099 -0.301441 0.291339,
        -0.262352 -0.301647 0.291339,
        -0.257890 -0.299176 0.291339,
        -0.262925 -0.300583 0.291339,
        -0.258920 -0.297566 0.291339,
        -0.263665 -0.299754 0.291339,
        -0.260262 -0.296294 0.291339,
        -0.264533 -0.299162 0.291339,
        -0.261935 -0.295348 0.291339,
        -0.265657 -0.298736 0.291339,
        -0.264060 -0.294712 0.291339,
        -0.267506 -0.298522 0.291339,
        -0.267035 -0.294448 0.291339,
        -0.270245 -0.298782 0.291339,
        -0.272175 -0.295080 0.291339,
        -0.273387 -0.299791 0.291339,
        -0.275895 -0.296537 0.291339,
        -0.276880 -0.301981 0.291339,
        -0.276880 -0.297109 0.291339,
        -0.270606 -0.324372 0.291339,
        -0.267822 -0.324037 0.291339,
        -0.267412 -0.320044 0.291339,
        -0.265823 -0.323267 0.291339,
        -0.264651 -0.322522 0.291339,
        -0.274544 -0.314837 0.291339,
        -0.279659 -0.315443 0.291339,
        -0.274587 -0.315633 0.291339,
        -0.279673 -0.316042 0.291339,
        -0.274460 -0.316784 0.291339,
        -0.279457 -0.318180 0.291339,
        -0.278872 -0.319905 0.291339,
        -0.270187 -0.306709 0.291339,
        -0.273981 -0.307644 0.291339,
        -0.273257 -0.312010 0.291339,
        -0.276117 -0.308739 0.291339,
        -0.273857 -0.312753 0.291339,
        -0.277653 -0.310071 0.291339,
        -0.274297 -0.313688 0.291339,
        -0.278654 -0.311508 0.291339,
        -0.279341 -0.313277 0.291339,
        -0.273257 -0.312010 0.287402,
        -0.272580 -0.311494 0.287402,
        -0.271376 -0.310930 0.287402,
        -0.268406 -0.310250 0.287402,
        -0.274587 -0.315633 0.287402,
        -0.274544 -0.314837 0.287402,
        -0.274297 -0.313688 0.287402,
        -0.273857 -0.312753 0.287402,
        -0.273134 -0.318969 0.287402,
        -0.273560 -0.318540 0.287402,
        -0.274130 -0.317695 0.287402,
        -0.274460 -0.316784 0.287402,
        -0.269306 -0.320258 0.287402,
        -0.271000 -0.320067 0.287402,
        -0.272135 -0.319651 0.287402,
        -0.263862 -0.317925 0.287402,
        -0.264479 -0.318529 0.287402,
        -0.265893 -0.319488 0.287402,
        -0.267412 -0.320044 0.287402,
        -0.261713 -0.312092 0.287402,
        -0.261718 -0.312421 0.287402,
        -0.262040 -0.314659 0.287402,
        -0.262775 -0.316448 0.287402,
        -0.261713 -0.309349 0.287402,
      ]
    }
    coordIndex [
      59, 60, 49, -1,
      49, 60, 48, -1,
      61, 59, 54, -1,
      54, 59, 49, -1,
      62, 61, 53, -1,
      53, 61, 54, -1,
      63, 62, 55, -1,
      55, 62, 53, -1,
      64, 63, 56, -1,
      56, 63, 55, -1,
      65, 64, 57, -1,
      57, 64, 56, -1,
      66, 65, 58, -1,
      58, 65, 57, -1,
      67, 66, 50, -1,
      50, 66, 58, -1,
      68, 67, 52, -1,
      52, 67, 50, -1,
      69, 68, 51, -1,
      51, 68, 52, -1,
      70, 69, 47, -1,
      47, 69, 51, -1,
      60, 70, 48, -1,
      48, 70, 47, -1,
      70, 60, 59, -1,
      59, 61, 70, -1,
      70, 61, 62, -1,
      70, 62, 69, -1,
      67, 68, 66, -1,
      66, 68, 69, -1,
      66, 69, 65, -1,
      65, 69, 62, -1,
      65, 62, 64, -1,
      64, 62, 63, -1,
      71, 72, 73, -1,
      73, 72, 74, -1,
      75, 76, 77, -1,
      78, 79, 74, -1,
      74, 79, 80, -1,
      81, 82, 83, -1,
      83, 82, 84, -1,
      80, 85, 74, -1,
      74, 85, 86, -1,
      74, 86, 73, -1,
      73, 86, 87, -1,
      73, 87, 81, -1,
      81, 87, 88, -1,
      81, 88, 82, -1,
      89, 90, 91, -1,
      91, 90, 92, -1,
      91, 92, 93, -1,
      93, 92, 94, -1,
      93, 94, 95, -1,
      95, 94, 96, -1,
      95, 96, 97, -1,
      97, 96, 98, -1,
      97, 98, 99, -1,
      77, 78, 75, -1,
      75, 78, 74, -1,
      75, 74, 100, -1,
      100, 74, 101, -1,
      100, 101, 102, -1,
      102, 101, 103, -1,
      102, 103, 104, -1,
      104, 103, 105, -1,
      104, 105, 106, -1,
      106, 105, 107, -1,
      106, 107, 108, -1,
      108, 107, 109, -1,
      108, 109, 110, -1,
      110, 109, 111, -1,
      110, 111, 112, -1,
      112, 111, 113, -1,
      112, 113, 114, -1,
      114, 113, 115, -1,
      114, 115, 116, -1,
      116, 115, 117, -1,
      116, 117, 118, -1,
      118, 117, 119, -1,
      98, 120, 99, -1,
      99, 120, 121, -1,
      99, 121, 122, -1,
      122, 121, 123, -1,
      122, 123, 84, -1,
      84, 123, 124, -1,
      84, 124, 83, -1,
      125, 126, 127, -1,
      127, 126, 128, -1,
      127, 128, 129, -1,
      129, 128, 130, -1,
      129, 130, 89, -1,
      89, 130, 131, -1,
      89, 131, 90, -1,
      75, 132, 76, -1,
      76, 132, 133, -1,
      76, 133, 134, -1,
      134, 133, 135, -1,
      134, 135, 136, -1,
      136, 135, 137, -1,
      136, 137, 138, -1,
      138, 137, 139, -1,
      138, 139, 125, -1,
      125, 139, 140, -1,
      125, 140, 126, -1,
      113, 27, 26, -1,
      113, 26, 115, -1,
      115, 26, 12, -1,
      115, 12, 117, -1,
      117, 12, 11, -1,
      117, 11, 119, -1,
      118, 119, 1, -1,
      1, 119, 11, -1,
      118, 1, 19, -1,
      118, 19, 116, -1,
      116, 19, 21, -1,
      116, 21, 114, -1,
      114, 21, 42, -1,
      114, 42, 112, -1,
      112, 42, 41, -1,
      112, 41, 110, -1,
      110, 41, 40, -1,
      110, 40, 108, -1,
      108, 40, 39, -1,
      108, 39, 106, -1,
      106, 39, 38, -1,
      106, 38, 104, -1,
      104, 38, 31, -1,
      104, 31, 102, -1,
      102, 31, 30, -1,
      102, 30, 100, -1,
      100, 30, 29, -1,
      100, 29, 75, -1,
      132, 75, 20, -1,
      20, 75, 29, -1,
      132, 20, 18, -1,
      132, 18, 133, -1,
      133, 18, 17, -1,
      133, 17, 135, -1,
      135, 17, 0, -1,
      135, 0, 137, -1,
      137, 0, 2, -1,
      137, 2, 139, -1,
      139, 2, 3, -1,
      139, 3, 140, -1,
      140, 3, 33, -1,
      140, 33, 126, -1,
      126, 33, 32, -1,
      126, 32, 128, -1,
      128, 32, 10, -1,
      128, 10, 130, -1,
      130, 10, 9, -1,
      130, 9, 131, -1,
      131, 9, 25, -1,
      131, 25, 90, -1,
      90, 25, 24, -1,
      90, 24, 92, -1,
      44, 120, 98, -1,
      92, 24, 8, -1,
      92, 8, 94, -1,
      94, 8, 7, -1,
      94, 7, 96, -1,
      96, 7, 46, -1,
      96, 46, 98, -1,
      98, 46, 45, -1,
      98, 45, 44, -1,
      120, 44, 5, -1,
      120, 5, 121, -1,
      121, 5, 23, -1,
      121, 23, 123, -1,
      123, 23, 22, -1,
      123, 22, 124, -1,
      124, 22, 15, -1,
      124, 15, 83, -1,
      83, 15, 14, -1,
      83, 14, 81, -1,
      73, 81, 13, -1,
      13, 81, 14, -1,
      71, 73, 4, -1,
      4, 73, 13, -1,
      72, 71, 6, -1,
      6, 71, 4, -1,
      74, 72, 43, -1,
      43, 72, 6, -1,
      74, 43, 37, -1,
      74, 37, 101, -1,
      101, 37, 36, -1,
      101, 36, 103, -1,
      103, 36, 35, -1,
      103, 35, 105, -1,
      105, 35, 34, -1,
      105, 34, 107, -1,
      107, 34, 16, -1,
      107, 16, 109, -1,
      109, 16, 28, -1,
      109, 28, 111, -1,
      111, 28, 27, -1,
      111, 27, 113, -1,
      134, 141, 142, -1,
      134, 142, 76, -1,
      76, 142, 143, -1,
      76, 143, 77, -1,
      77, 143, 144, -1,
      77, 144, 78, -1,
      127, 145, 146, -1,
      127, 146, 125, -1,
      125, 146, 147, -1,
      125, 147, 138, -1,
      138, 147, 148, -1,
      138, 148, 136, -1,
      136, 148, 141, -1,
      136, 141, 134, -1,
      93, 149, 150, -1,
      93, 150, 91, -1,
      91, 150, 151, -1,
      91, 151, 89, -1,
      89, 151, 152, -1,
      89, 152, 129, -1,
      129, 152, 145, -1,
      129, 145, 127, -1,
      99, 153, 154, -1,
      99, 154, 97, -1,
      97, 154, 155, -1,
      97, 155, 95, -1,
      95, 155, 149, -1,
      95, 149, 93, -1,
      88, 156, 157, -1,
      88, 157, 82, -1,
      82, 157, 158, -1,
      82, 158, 84, -1,
      84, 158, 159, -1,
      84, 159, 122, -1,
      122, 159, 153, -1,
      122, 153, 99, -1,
      80, 160, 161, -1,
      80, 161, 85, -1,
      85, 161, 162, -1,
      85, 162, 86, -1,
      86, 162, 163, -1,
      86, 163, 87, -1,
      87, 163, 156, -1,
      87, 156, 88, -1,
      80, 79, 160, -1,
      160, 79, 164, -1,
      79, 78, 164, -1,
      164, 78, 144, -1,
    ]
  }
}

Shape {
  appearance Appearance {
    material Material {
      diffuseColor 0.2510 0.2510 0.2510
      specularColor 0.1255 0.1255 0.1255
      ambientIntensity 0.2
      transparency 0.0000
      shininess 0.5
    }
  }
  geometry IndexedFaceSet {
    ccw TRUE
    solid FALSE
    coord DEF co Coordinate {
      point [
        -0.273257 -0.312010 0.287402,
        -0.272580 -0.311494 0.287402,
        -0.271376 -0.310930 0.287402,
        -0.268406 -0.310250 0.287402,
        -0.274587 -0.315633 0.287402,
        -0.274544 -0.314837 0.287402,
        -0.274297 -0.313688 0.287402,
        -0.273857 -0.312753 0.287402,
        -0.273134 -0.318969 0.287402,
        -0.273560 -0.318540 0.287402,
        -0.274130 -0.317695 0.287402,
        -0.274460 -0.316784 0.287402,
        -0.269306 -0.320258 0.287402,
        -0.271000 -0.320067 0.287402,
        -0.272135 -0.319651 0.287402,
        -0.263862 -0.317925 0.287402,
        -0.264479 -0.318529 0.287402,
        -0.265893 -0.319488 0.287402,
        -0.267412 -0.320044 0.287402,
        -0.261713 -0.312092 0.287402,
        -0.261718 -0.312421 0.287402,
        -0.262040 -0.314659 0.287402,
        -0.262775 -0.316448 0.287402,
        -0.261713 -0.309349 0.287402,
      ]
    }
    coordIndex [
      23, 3, 19, -1,
      19, 3, 2, -1,
      2, 1, 19, -1,
      19, 1, 0, -1,
      19, 0, 20, -1,
      20, 0, 21, -1,
      21, 0, 7, -1,
      21, 7, 22, -1,
      9, 8, 16, -1,
      9, 16, 10, -1,
      17, 16, 18, -1,
      18, 16, 12, -1,
      7, 6, 22, -1,
      22, 6, 5, -1,
      22, 5, 15, -1,
      15, 5, 4, -1,
      15, 4, 16, -1,
      16, 4, 11, -1,
      16, 11, 10, -1,
      8, 14, 16, -1,
      16, 14, 13, -1,
      16, 13, 12, -1,
    ]
  }
}

Shape {
  appearance Appearance {
    material Material {
      diffuseColor 1.0000 1.0000 1.0000
      specularColor 0.5020 0.5020 0.5020
      ambientIntensity 0.2
      transparency 0.0000
      shininess 0.5
    }
  }
  geometry IndexedFaceSet {
    ccw TRUE
    solid FALSE
    coord DEF co Coordinate {
      point [
        -0.237982 -0.323926 0.287402,
        -0.238998 -0.324035 0.287402,
        -0.249071 -0.299400 0.287402,
        -0.248135 -0.298045 0.287402,
        -0.249672 -0.301014 0.287402,
        -0.247630 -0.308201 0.287402,
        -0.249903 -0.317516 0.287402,
        -0.247585 -0.308230 0.287402,
        -0.248101 -0.318644 0.287402,
        -0.247585 -0.318846 0.287402,
        -0.248450 -0.307343 0.287402,
        -0.249104 -0.306297 0.287402,
        -0.249657 -0.304765 0.287402,
        -0.249872 -0.302820 0.287402,
        -0.249903 -0.322694 0.287402,
        -0.247585 -0.323511 0.287402,
        -0.246407 -0.323926 0.287402,
        -0.245369 -0.324035 0.287402,
        -0.242146 -0.324372 0.287402,
        -0.231963 -0.295718 0.287402,
        -0.231963 -0.300589 0.287402,
        -0.246659 -0.296720 0.287402,
        -0.245466 -0.295985 0.287402,
        -0.230828 -0.317924 0.287402,
        -0.231441 -0.319514 0.287402,
        -0.232373 -0.320837 0.287402,
        -0.247585 -0.297552 0.287402,
        -0.242789 -0.294940 0.287402,
        -0.238738 -0.294448 0.287402,
        -0.235220 -0.294761 0.287402,
        -0.232270 -0.311191 0.287402,
        -0.231346 -0.312550 0.287402,
        -0.230806 -0.314024 0.287402,
        -0.230592 -0.315919 0.287402,
        -0.233815 -0.322100 0.287402,
        -0.235256 -0.322959 0.287402,
        -0.239229 -0.298522 0.287402,
        -0.240714 -0.298633 0.287402,
        -0.244704 -0.302370 0.287402,
        -0.242055 -0.298988 0.287402,
        -0.243180 -0.299586 0.287402,
        -0.244659 -0.303037 0.287402,
        -0.244460 -0.303816 0.287402,
        -0.244098 -0.304492 0.287402,
        -0.243609 -0.305030 0.287402,
        -0.241841 -0.306135 0.287402,
        -0.235712 -0.298951 0.287402,
        -0.238738 -0.307487 0.287402,
        -0.232876 -0.300054 0.287402,
        -0.236796 -0.308272 0.287402,
        -0.233466 -0.310124 0.287402,
        -0.243936 -0.300255 0.287402,
        -0.244366 -0.300893 0.287402,
        -0.244614 -0.301570 0.287402,
        -0.244965 -0.319870 0.287402,
        -0.242279 -0.311130 0.287402,
        -0.245268 -0.309760 0.287402,
        -0.241655 -0.320279 0.287402,
        -0.241433 -0.320278 0.287402,
        -0.238986 -0.312509 0.287402,
        -0.238863 -0.319989 0.287402,
        -0.235739 -0.316410 0.287402,
        -0.235789 -0.315787 0.287402,
        -0.237569 -0.319516 0.287402,
        -0.237111 -0.319238 0.287402,
        -0.236536 -0.318728 0.287402,
        -0.236098 -0.318080 0.287402,
        -0.235843 -0.317367 0.287402,
        -0.236017 -0.315004 0.287402,
        -0.236404 -0.314339 0.287402,
        -0.237029 -0.313688 0.287402,
        -0.205734 -0.295104 0.287402,
        -0.200535 -0.295104 0.287402,
        -0.214904 -0.316594 0.287402,
        -0.214289 -0.318948 0.287402,
        -0.214156 -0.318948 0.287402,
        -0.219954 -0.302066 0.287402,
        -0.213542 -0.316635 0.287402,
        -0.213926 -0.317969 0.287402,
        -0.219954 -0.315526 0.287402,
        -0.227982 -0.295104 0.287402,
        -0.222374 -0.295104 0.287402,
        -0.216766 -0.323635 0.287402,
        -0.216935 -0.324035 0.287402,
        -0.218966 -0.328834 0.287402,
        -0.226949 -0.336755 0.287402,
        -0.226949 -0.332293 0.287402,
        -0.220907 -0.331704 0.287402,
        -0.219973 -0.330670 0.287402,
        -0.219954 -0.330635 0.287402,
        -0.225836 -0.332651 0.287402,
        -0.224104 -0.332867 0.287402,
        -0.219954 -0.336280 0.287402,
        -0.221769 -0.336950 0.287402,
        -0.223715 -0.337165 0.287402,
        -0.225470 -0.337060 0.287402,
        -0.222802 -0.332707 0.287402,
        -0.221714 -0.332272 0.287402,
        -0.213511 -0.328016 0.287402,
        -0.215275 -0.331642 0.287402,
        -0.211942 -0.324035 0.287402,
        -0.217420 -0.334448 0.287402,
        -0.218026 -0.335012 0.287402,
        -0.219782 -0.336216 0.287402,
        -0.182467 -0.305665 0.287402,
        -0.189963 -0.305665 0.287402,
        -0.182467 -0.319133 0.287402,
        -0.189963 -0.319133 0.287402,
        -0.174510 -0.283662 0.287402,
        -0.174510 -0.288267 0.287402,
        -0.173600 -0.319133 0.287402,
        -0.173600 -0.323697 0.287402,
        -0.175646 -0.305665 0.287402,
        -0.175646 -0.301080 0.287402,
        -0.182467 -0.301080 0.287402,
        -0.182467 -0.288267 0.287402,
        -0.189963 -0.288267 0.287402,
        -0.189963 -0.301080 0.287402,
        -0.182467 -0.323697 0.287402,
        -0.195131 -0.323697 0.287402,
        -0.195131 -0.283662 0.287402,
        -0.182467 -0.283662 0.287402,
        -0.134130 -0.297573 0.287402,
        -0.133442 -0.303168 0.287402,
        -0.133560 -0.305697 0.287402,
        -0.134526 -0.310388 0.287402,
        -0.136494 -0.314531 0.287402,
        -0.139480 -0.318089 0.287402,
        -0.140186 -0.318717 0.287402,
        -0.144106 -0.321318 0.287402,
        -0.166037 -0.283662 0.287402,
        -0.166037 -0.323697 0.287402,
        -0.155025 -0.323697 0.287402,
        -0.148776 -0.323007 0.287402,
        -0.139480 -0.288963 0.287402,
        -0.138116 -0.290293 0.287402,
        -0.135625 -0.293769 0.287402,
        -0.154616 -0.283662 0.287402,
        -0.148509 -0.284336 0.287402,
        -0.143676 -0.286100 0.287402,
        -0.249903 -0.317516 0.291339,
        -0.248101 -0.318644 0.291339,
        -0.241655 -0.320279 0.291339,
        -0.244965 -0.319870 0.291339,
        -0.249903 -0.322694 0.291339,
        -0.246407 -0.323926 0.291339,
        -0.242146 -0.324372 0.291339,
        -0.237982 -0.323926 0.291339,
        -0.235256 -0.322959 0.291339,
        -0.233815 -0.322100 0.291339,
        -0.232373 -0.320837 0.291339,
        -0.231441 -0.319514 0.291339,
        -0.230828 -0.317924 0.291339,
        -0.230592 -0.315919 0.291339,
        -0.230806 -0.314024 0.291339,
        -0.231346 -0.312550 0.291339,
        -0.232270 -0.311191 0.291339,
        -0.233466 -0.310124 0.291339,
        -0.236796 -0.308272 0.291339,
        -0.238738 -0.307487 0.291339,
        -0.241841 -0.306135 0.291339,
        -0.243609 -0.305030 0.291339,
        -0.244098 -0.304492 0.291339,
        -0.244460 -0.303816 0.291339,
        -0.244659 -0.303037 0.291339,
        -0.244704 -0.302370 0.291339,
        -0.244614 -0.301570 0.291339,
        -0.244366 -0.300893 0.291339,
        -0.243936 -0.300255 0.291339,
        -0.243180 -0.299586 0.291339,
        -0.242055 -0.298988 0.291339,
        -0.240714 -0.298633 0.291339,
        -0.239229 -0.298522 0.291339,
        -0.235712 -0.298951 0.291339,
        -0.232876 -0.300054 0.291339,
        -0.231963 -0.300589 0.291339,
        -0.231963 -0.295718 0.291339,
        -0.235220 -0.294761 0.291339,
        -0.238738 -0.294448 0.291339,
        -0.242789 -0.294940 0.291339,
        -0.245466 -0.295985 0.291339,
        -0.246659 -0.296720 0.291339,
        -0.248135 -0.298045 0.291339,
        -0.249071 -0.299400 0.291339,
        -0.249672 -0.301014 0.291339,
        -0.249872 -0.302820 0.291339,
        -0.249657 -0.304765 0.291339,
        -0.249104 -0.306297 0.291339,
        -0.248450 -0.307343 0.291339,
        -0.242279 -0.311130 0.291339,
        -0.245268 -0.309760 0.291339,
        -0.247630 -0.308201 0.291339,
        -0.238986 -0.312509 0.291339,
        -0.237029 -0.313688 0.291339,
        -0.236404 -0.314339 0.291339,
        -0.236017 -0.315004 0.291339,
        -0.235789 -0.315787 0.291339,
        -0.235739 -0.316410 0.291339,
        -0.235843 -0.317367 0.291339,
        -0.236098 -0.318080 0.291339,
        -0.236536 -0.318728 0.291339,
        -0.237111 -0.319238 0.291339,
        -0.237569 -0.319516 0.291339,
        -0.238863 -0.319989 0.291339,
        -0.241433 -0.320278 0.291339,
        -0.205734 -0.295104 0.291339,
        -0.200535 -0.295104 0.291339,
        -0.213542 -0.316635 0.291339,
        -0.213926 -0.317969 0.291339,
        -0.214156 -0.318948 0.291339,
        -0.214289 -0.318948 0.291339,
        -0.214904 -0.316594 0.291339,
        -0.222374 -0.295104 0.291339,
        -0.227982 -0.295104 0.291339,
        -0.216766 -0.323635 0.291339,
        -0.218966 -0.328834 0.291339,
        -0.219973 -0.330670 0.291339,
        -0.220907 -0.331704 0.291339,
        -0.221714 -0.332272 0.291339,
        -0.222802 -0.332707 0.291339,
        -0.224104 -0.332867 0.291339,
        -0.225836 -0.332651 0.291339,
        -0.226949 -0.332293 0.291339,
        -0.226949 -0.336755 0.291339,
        -0.225470 -0.337060 0.291339,
        -0.223715 -0.337165 0.291339,
        -0.221769 -0.336950 0.291339,
        -0.219782 -0.336216 0.291339,
        -0.218026 -0.335012 0.291339,
        -0.217420 -0.334448 0.291339,
        -0.215275 -0.331642 0.291339,
        -0.213511 -0.328016 0.291339,
        -0.173600 -0.319133 0.291339,
        -0.173600 -0.323697 0.291339,
        -0.189963 -0.319133 0.291339,
        -0.189963 -0.305665 0.291339,
        -0.175646 -0.305665 0.291339,
        -0.175646 -0.301080 0.291339,
        -0.189963 -0.301080 0.291339,
        -0.189963 -0.288267 0.291339,
        -0.174510 -0.288267 0.291339,
        -0.174510 -0.283662 0.291339,
        -0.195131 -0.283662 0.291339,
        -0.195131 -0.323697 0.291339,
        -0.155056 -0.319133 0.291339,
        -0.155025 -0.323697 0.291339,
        -0.149971 -0.318585 0.291339,
        -0.148776 -0.323007 0.291339,
        -0.146546 -0.317364 0.291339,
        -0.144106 -0.321318 0.291339,
        -0.143894 -0.315628 0.291339,
        -0.140186 -0.318717 0.291339,
        -0.143154 -0.314957 0.291339,
        -0.139480 -0.318089 0.291339,
        -0.141163 -0.312486 0.291339,
        -0.136494 -0.314531 0.291339,
        -0.139785 -0.309513 0.291339,
        -0.134526 -0.310388 0.291339,
        -0.139008 -0.305845 0.291339,
        -0.133560 -0.305697 0.291339,
        -0.138876 -0.303311 0.291339,
        -0.133442 -0.303168 0.291339,
        -0.139370 -0.298704 0.291339,
        -0.134130 -0.297573 0.291339,
        -0.140447 -0.295672 0.291339,
        -0.135625 -0.293769 0.291339,
        -0.141950 -0.293367 0.291339,
        -0.138116 -0.290293 0.291339,
        -0.143267 -0.292033 0.291339,
        -0.139480 -0.288963 0.291339,
        -0.146189 -0.290091 0.291339,
        -0.143676 -0.286100 0.291339,
        -0.149661 -0.288837 0.291339,
        -0.148509 -0.284336 0.291339,
        -0.154820 -0.288267 0.291339,
        -0.154616 -0.283662 0.291339,
        -0.160869 -0.288267 0.291339,
        -0.166037 -0.283662 0.291339,
        -0.160869 -0.319133 0.291339,
        -0.166037 -0.323697 0.291339,
        -0.154820 -0.288267 0.287402,
        -0.160869 -0.288267 0.287402,
        -0.160869 -0.319133 0.287402,
        -0.155056 -0.319133 0.287402,
        -0.143154 -0.314957 0.287402,
        -0.143894 -0.315628 0.287402,
        -0.146546 -0.317364 0.287402,
        -0.149971 -0.318585 0.287402,
        -0.138876 -0.303311 0.287402,
        -0.139008 -0.305845 0.287402,
        -0.139785 -0.309513 0.287402,
        -0.141163 -0.312486 0.287402,
        -0.143267 -0.292033 0.287402,
        -0.141950 -0.293367 0.287402,
        -0.140447 -0.295672 0.287402,
        -0.139370 -0.298704 0.287402,
        -0.149661 -0.288837 0.287402,
        -0.146189 -0.290091 0.287402,
      ]
    }
    coordIndex [
      6, 140, 141, -1,
      142, 57, 54, -1,
      142, 54, 143, -1,
      143, 54, 9, -1,
      143, 9, 141, -1,
      141, 9, 8, -1,
      141, 8, 6, -1,
      144, 140, 14, -1,
      14, 140, 6, -1,
      14, 15, 144, -1,
      144, 15, 145, -1,
      18, 146, 17, -1,
      17, 146, 145, -1,
      17, 145, 16, -1,
      16, 145, 15, -1,
      18, 1, 146, -1,
      146, 1, 147, -1,
      1, 0, 147, -1,
      147, 0, 35, -1,
      147, 35, 148, -1,
      148, 35, 34, -1,
      148, 34, 149, -1,
      149, 34, 25, -1,
      149, 25, 150, -1,
      150, 25, 24, -1,
      150, 24, 151, -1,
      151, 24, 23, -1,
      151, 23, 152, -1,
      152, 23, 33, -1,
      152, 33, 153, -1,
      153, 33, 32, -1,
      153, 32, 154, -1,
      154, 32, 31, -1,
      154, 31, 155, -1,
      155, 31, 30, -1,
      155, 30, 156, -1,
      156, 30, 50, -1,
      156, 50, 157, -1,
      157, 50, 49, -1,
      157, 49, 158, -1,
      158, 49, 47, -1,
      158, 47, 159, -1,
      159, 47, 45, -1,
      159, 45, 160, -1,
      160, 45, 44, -1,
      160, 44, 161, -1,
      161, 44, 43, -1,
      161, 43, 162, -1,
      162, 43, 42, -1,
      162, 42, 163, -1,
      163, 42, 41, -1,
      163, 41, 164, -1,
      164, 41, 38, -1,
      164, 38, 165, -1,
      165, 38, 53, -1,
      165, 53, 166, -1,
      166, 53, 52, -1,
      166, 52, 167, -1,
      167, 52, 51, -1,
      167, 51, 168, -1,
      168, 51, 40, -1,
      168, 40, 169, -1,
      169, 40, 39, -1,
      169, 39, 170, -1,
      170, 39, 37, -1,
      170, 37, 171, -1,
      171, 37, 36, -1,
      171, 36, 172, -1,
      172, 36, 46, -1,
      172, 46, 173, -1,
      173, 46, 48, -1,
      173, 48, 174, -1,
      174, 48, 20, -1,
      174, 20, 175, -1,
      176, 175, 19, -1,
      19, 175, 20, -1,
      176, 19, 29, -1,
      176, 29, 177, -1,
      177, 29, 28, -1,
      177, 28, 178, -1,
      178, 28, 27, -1,
      178, 27, 179, -1,
      179, 27, 22, -1,
      179, 22, 180, -1,
      180, 22, 21, -1,
      180, 21, 181, -1,
      21, 26, 181, -1,
      181, 26, 182, -1,
      26, 3, 182, -1,
      182, 3, 2, -1,
      182, 2, 183, -1,
      183, 2, 4, -1,
      183, 4, 184, -1,
      184, 4, 13, -1,
      184, 13, 185, -1,
      185, 13, 12, -1,
      185, 12, 186, -1,
      186, 12, 11, -1,
      186, 11, 187, -1,
      187, 11, 10, -1,
      187, 10, 188, -1,
      55, 189, 190, -1,
      188, 10, 5, -1,
      188, 5, 191, -1,
      191, 5, 7, -1,
      191, 7, 190, -1,
      190, 7, 56, -1,
      190, 56, 55, -1,
      189, 55, 59, -1,
      189, 59, 192, -1,
      192, 59, 70, -1,
      192, 70, 193, -1,
      193, 70, 69, -1,
      193, 69, 194, -1,
      194, 69, 68, -1,
      194, 68, 195, -1,
      195, 68, 62, -1,
      195, 62, 196, -1,
      196, 62, 61, -1,
      196, 61, 197, -1,
      197, 61, 67, -1,
      197, 67, 198, -1,
      198, 67, 66, -1,
      198, 66, 199, -1,
      199, 66, 65, -1,
      199, 65, 200, -1,
      200, 65, 64, -1,
      200, 64, 201, -1,
      201, 64, 63, -1,
      201, 63, 202, -1,
      202, 63, 60, -1,
      202, 60, 203, -1,
      203, 60, 58, -1,
      203, 58, 204, -1,
      204, 58, 57, -1,
      204, 57, 142, -1,
      168, 169, 180, -1,
      180, 169, 179, -1,
      199, 150, 151, -1,
      192, 159, 189, -1,
      189, 159, 160, -1,
      199, 151, 198, -1,
      198, 151, 152, -1,
      198, 152, 197, -1,
      197, 152, 153, -1,
      197, 153, 196, -1,
      196, 153, 154, -1,
      196, 154, 195, -1,
      195, 154, 155, -1,
      195, 155, 194, -1,
      194, 155, 156, -1,
      194, 156, 193, -1,
      193, 156, 157, -1,
      193, 157, 192, -1,
      192, 157, 158, -1,
      192, 158, 159, -1,
      150, 199, 149, -1,
      149, 199, 200, -1,
      149, 200, 148, -1,
      146, 142, 145, -1,
      145, 142, 143, -1,
      145, 143, 144, -1,
      144, 143, 141, -1,
      144, 141, 140, -1,
      169, 170, 179, -1,
      179, 170, 171, -1,
      179, 171, 178, -1,
      178, 171, 172, -1,
      178, 172, 177, -1,
      177, 172, 173, -1,
      177, 173, 176, -1,
      176, 173, 174, -1,
      176, 174, 175, -1,
      200, 201, 148, -1,
      148, 201, 202, -1,
      148, 202, 147, -1,
      147, 202, 203, -1,
      147, 203, 146, -1,
      146, 203, 204, -1,
      146, 204, 142, -1,
      180, 181, 168, -1,
      168, 181, 182, -1,
      168, 182, 167, -1,
      167, 182, 183, -1,
      167, 183, 166, -1,
      166, 183, 184, -1,
      166, 184, 165, -1,
      165, 184, 185, -1,
      165, 185, 164, -1,
      164, 185, 186, -1,
      164, 186, 163, -1,
      163, 186, 187, -1,
      163, 187, 162, -1,
      162, 187, 188, -1,
      162, 188, 161, -1,
      161, 188, 191, -1,
      161, 191, 160, -1,
      160, 191, 190, -1,
      160, 190, 189, -1,
      205, 206, 71, -1,
      71, 206, 72, -1,
      207, 205, 77, -1,
      77, 205, 71, -1,
      207, 77, 78, -1,
      207, 78, 208, -1,
      208, 78, 75, -1,
      208, 75, 209, -1,
      210, 209, 74, -1,
      74, 209, 75, -1,
      211, 210, 73, -1,
      73, 210, 74, -1,
      211, 73, 212, -1,
      212, 73, 76, -1,
      212, 76, 81, -1,
      213, 212, 80, -1,
      80, 212, 81, -1,
      213, 80, 214, -1,
      214, 80, 79, -1,
      214, 79, 82, -1,
      84, 215, 83, -1,
      83, 215, 214, -1,
      83, 214, 82, -1,
      84, 89, 215, -1,
      215, 89, 216, -1,
      89, 88, 216, -1,
      216, 88, 87, -1,
      216, 87, 217, -1,
      217, 87, 97, -1,
      217, 97, 218, -1,
      218, 97, 96, -1,
      218, 96, 219, -1,
      219, 96, 91, -1,
      219, 91, 220, -1,
      220, 91, 90, -1,
      220, 90, 221, -1,
      221, 90, 86, -1,
      221, 86, 222, -1,
      223, 222, 85, -1,
      85, 222, 86, -1,
      223, 85, 95, -1,
      223, 95, 224, -1,
      224, 95, 94, -1,
      224, 94, 225, -1,
      225, 94, 93, -1,
      225, 93, 226, -1,
      226, 93, 92, -1,
      226, 92, 227, -1,
      92, 103, 227, -1,
      227, 103, 102, -1,
      227, 102, 228, -1,
      228, 102, 101, -1,
      228, 101, 229, -1,
      229, 101, 99, -1,
      229, 99, 230, -1,
      230, 99, 98, -1,
      230, 98, 231, -1,
      72, 206, 100, -1,
      100, 206, 231, -1,
      100, 231, 98, -1,
      208, 209, 231, -1,
      206, 205, 231, -1,
      231, 205, 207, -1,
      231, 207, 208, -1,
      212, 213, 211, -1,
      211, 213, 214, -1,
      211, 214, 210, -1,
      222, 223, 221, -1,
      221, 223, 224, -1,
      221, 224, 220, -1,
      220, 224, 225, -1,
      220, 225, 219, -1,
      219, 225, 226, -1,
      219, 226, 218, -1,
      218, 226, 227, -1,
      218, 227, 217, -1,
      217, 227, 228, -1,
      217, 228, 216, -1,
      216, 228, 229, -1,
      216, 229, 215, -1,
      215, 229, 230, -1,
      215, 230, 214, -1,
      214, 230, 231, -1,
      214, 231, 210, -1,
      210, 231, 209, -1,
      232, 233, 110, -1,
      110, 233, 111, -1,
      232, 110, 234, -1,
      234, 110, 106, -1,
      234, 106, 107, -1,
      235, 234, 105, -1,
      105, 234, 107, -1,
      235, 105, 236, -1,
      236, 105, 104, -1,
      236, 104, 112, -1,
      237, 236, 113, -1,
      113, 236, 112, -1,
      117, 238, 114, -1,
      114, 238, 237, -1,
      114, 237, 113, -1,
      239, 238, 116, -1,
      116, 238, 117, -1,
      109, 240, 115, -1,
      115, 240, 239, -1,
      115, 239, 116, -1,
      241, 240, 108, -1,
      108, 240, 109, -1,
      120, 242, 121, -1,
      121, 242, 241, -1,
      121, 241, 108, -1,
      243, 242, 119, -1,
      119, 242, 120, -1,
      243, 119, 233, -1,
      233, 119, 118, -1,
      233, 118, 111, -1,
      243, 233, 232, -1,
      232, 234, 243, -1,
      243, 234, 235, -1,
      243, 235, 242, -1,
      240, 241, 239, -1,
      239, 241, 242, -1,
      239, 242, 238, -1,
      238, 242, 235, -1,
      238, 235, 237, -1,
      237, 235, 236, -1,
      244, 245, 246, -1,
      246, 245, 247, -1,
      246, 247, 248, -1,
      248, 247, 249, -1,
      248, 249, 250, -1,
      250, 249, 251, -1,
      250, 251, 252, -1,
      252, 251, 253, -1,
      252, 253, 254, -1,
      254, 253, 255, -1,
      254, 255, 256, -1,
      256, 255, 257, -1,
      256, 257, 258, -1,
      258, 257, 259, -1,
      258, 259, 260, -1,
      260, 259, 261, -1,
      260, 261, 262, -1,
      262, 261, 263, -1,
      262, 263, 264, -1,
      264, 263, 265, -1,
      264, 265, 266, -1,
      266, 265, 267, -1,
      266, 267, 268, -1,
      268, 267, 269, -1,
      268, 269, 270, -1,
      270, 269, 271, -1,
      270, 271, 272, -1,
      272, 271, 273, -1,
      272, 273, 274, -1,
      274, 273, 275, -1,
      274, 275, 276, -1,
      276, 275, 277, -1,
      276, 277, 278, -1,
      278, 277, 279, -1,
      278, 279, 244, -1,
      244, 279, 245, -1,
      245, 279, 132, -1,
      132, 279, 131, -1,
      245, 132, 133, -1,
      245, 133, 247, -1,
      247, 133, 129, -1,
      247, 129, 249, -1,
      249, 129, 128, -1,
      249, 128, 251, -1,
      251, 128, 127, -1,
      251, 127, 253, -1,
      253, 127, 126, -1,
      253, 126, 255, -1,
      255, 126, 125, -1,
      255, 125, 257, -1,
      257, 125, 124, -1,
      257, 124, 259, -1,
      259, 124, 123, -1,
      259, 123, 261, -1,
      261, 123, 122, -1,
      261, 122, 263, -1,
      263, 122, 136, -1,
      263, 136, 265, -1,
      265, 136, 135, -1,
      265, 135, 267, -1,
      267, 135, 134, -1,
      267, 134, 269, -1,
      269, 134, 139, -1,
      269, 139, 271, -1,
      271, 139, 138, -1,
      271, 138, 273, -1,
      273, 138, 137, -1,
      273, 137, 275, -1,
      277, 275, 130, -1,
      130, 275, 137, -1,
      279, 277, 131, -1,
      131, 277, 130, -1,
      274, 276, 280, -1,
      280, 276, 281, -1,
      276, 278, 281, -1,
      281, 278, 282, -1,
      278, 244, 282, -1,
      282, 244, 283, -1,
      252, 284, 285, -1,
      252, 285, 250, -1,
      250, 285, 286, -1,
      250, 286, 248, -1,
      248, 286, 287, -1,
      248, 287, 246, -1,
      246, 287, 283, -1,
      246, 283, 244, -1,
      260, 288, 289, -1,
      260, 289, 258, -1,
      258, 289, 290, -1,
      258, 290, 256, -1,
      256, 290, 291, -1,
      256, 291, 254, -1,
      254, 291, 284, -1,
      254, 284, 252, -1,
      268, 292, 293, -1,
      268, 293, 266, -1,
      266, 293, 294, -1,
      266, 294, 264, -1,
      264, 294, 295, -1,
      264, 295, 262, -1,
      262, 295, 288, -1,
      262, 288, 260, -1,
      274, 280, 296, -1,
      274, 296, 272, -1,
      272, 296, 297, -1,
      272, 297, 270, -1,
      270, 297, 292, -1,
      270, 292, 268, -1,
    ]
  }
}

Shape {
  appearance Appearance {
    material Material {
      diffuseColor 0.2510 0.2510 0.2510
      specularColor 0.1255 0.1255 0.1255
      ambientIntensity 0.2
      transparency 0.0000
      shininess 0.5
    }
  }
  geometry IndexedFaceSet {
    ccw TRUE
    solid FALSE
    coord DEF co Coordinate {
      point [
        -0.154820 -0.288267 0.287402,
        -0.160869 -0.288267 0.287402,
        -0.160869 -0.319133 0.287402,
        -0.155056 -0.319133 0.287402,
        -0.143154 -0.314957 0.287402,
        -0.143894 -0.315628 0.287402,
        -0.146546 -0.317364 0.287402,
        -0.149971 -0.318585 0.287402,
        -0.138876 -0.303311 0.287402,
        -0.139008 -0.305845 0.287402,
        -0.139785 -0.309513 0.287402,
        -0.141163 -0.312486 0.287402,
        -0.143267 -0.292033 0.287402,
        -0.141950 -0.293367 0.287402,
        -0.140447 -0.295672 0.287402,
        -0.139370 -0.298704 0.287402,
        -0.149661 -0.288837 0.287402,
        -0.146189 -0.290091 0.287402,
      ]
    }
    coordIndex [
      1, 2, 0, -1,
      0, 2, 3, -1,
      0, 3, 7, -1,
      7, 6, 0, -1,
      0, 6, 5, -1,
      0, 5, 4, -1,
      4, 11, 0, -1,
      0, 11, 10, -1,
      0, 10, 9, -1,
      9, 8, 0, -1,
      0, 8, 15, -1,
      0, 15, 14, -1,
      14, 13, 0, -1,
      0, 13, 12, -1,
      0, 12, 16, -1,
      16, 12, 17, -1,
    ]
  }
}

Shape {
  appearance Appearance {
    material Material {
      diffuseColor 1.0000 1.0000 1.0000
      specularColor 0.5020 0.5020 0.5020
      ambientIntensity 0.2
      transparency 0.0000
      shininess 0.5
    }
  }
  geometry IndexedFaceSet {
    ccw TRUE
    solid FALSE
    coord DEF co Coordinate {
      point [
        -0.125511 -0.323697 0.287402,
        -0.131221 -0.323697 0.287402,
        -0.110446 -0.283662 0.287402,
        -0.095198 -0.323697 0.287402,
        -0.100909 -0.323697 0.287402,
        -0.104992 -0.312747 0.287402,
        -0.121663 -0.312747 0.287402,
        -0.115973 -0.283662 0.287402,
        -0.120026 -0.308223 0.291339,
        -0.121663 -0.312747 0.291339,
        -0.106589 -0.308223 0.291339,
        -0.104992 -0.312747 0.291339,
        -0.114039 -0.291583 0.291339,
        -0.115973 -0.283662 0.291339,
        -0.131221 -0.323697 0.291339,
        -0.125511 -0.323697 0.291339,
        -0.113692 -0.290388 0.291339,
        -0.113384 -0.288779 0.291339,
        -0.110446 -0.283662 0.291339,
        -0.113261 -0.288779 0.291339,
        -0.112937 -0.290473 0.291339,
        -0.112637 -0.291583 0.291339,
        -0.095198 -0.323697 0.291339,
        -0.100909 -0.323697 0.291339,
        -0.120026 -0.308223 0.287402,
        -0.106589 -0.308223 0.287402,
        -0.112637 -0.291583 0.287402,
        -0.113261 -0.288779 0.287402,
        -0.112937 -0.290473 0.287402,
        -0.113384 -0.288779 0.287402,
        -0.114039 -0.291583 0.287402,
        -0.113692 -0.290388 0.287402,
      ]
    }
    coordIndex [
      8, 9, 10, -1,
      10, 9, 11, -1,
      12, 13, 8, -1,
      8, 13, 14, -1,
      8, 14, 9, -1,
      9, 14, 15, -1,
      12, 16, 13, -1,
      13, 16, 17, -1,
      13, 17, 18, -1,
      18, 17, 19, -1,
      18, 19, 20, -1,
      20, 21, 18, -1,
      18, 21, 10, -1,
      18, 10, 22, -1,
      22, 10, 11, -1,
      22, 11, 23, -1,
      18, 22, 2, -1,
      2, 22, 3, -1,
      13, 18, 7, -1,
      7, 18, 2, -1,
      14, 13, 1, -1,
      1, 13, 7, -1,
      15, 14, 0, -1,
      0, 14, 1, -1,
      9, 15, 6, -1,
      6, 15, 0, -1,
      11, 9, 5, -1,
      5, 9, 6, -1,
      23, 11, 4, -1,
      4, 11, 5, -1,
      22, 23, 3, -1,
      3, 23, 4, -1,
      8, 10, 24, -1,
      24, 10, 25, -1,
      10, 21, 25, -1,
      25, 21, 26, -1,
      19, 27, 28, -1,
      19, 28, 20, -1,
      20, 28, 26, -1,
      20, 26, 21, -1,
      19, 17, 27, -1,
      27, 17, 29, -1,
      12, 30, 31, -1,
      12, 31, 16, -1,
      16, 31, 29, -1,
      16, 29, 17, -1,
      12, 8, 30, -1,
      30, 8, 24, -1,
    ]
  }
}

Shape {
  appearance Appearance {
    material Material {
      diffuseColor 0.2510 0.2510 0.2510
      specularColor 0.1255 0.1255 0.1255
      ambientIntensity 0.2
      transparency 0.0000
      shininess 0.5
    }
  }
  geometry IndexedFaceSet {
    ccw TRUE
    solid FALSE
    coord DEF co Coordinate {
      point [
        -0.120026 -0.308223 0.287402,
        -0.106589 -0.308223 0.287402,
        -0.112637 -0.291583 0.287402,
        -0.113261 -0.288779 0.287402,
        -0.112937 -0.290473 0.287402,
        -0.113384 -0.288779 0.287402,
        -0.114039 -0.291583 0.287402,
        -0.113692 -0.290388 0.287402,
      ]
    }
    coordIndex [
      3, 5, 4, -1,
      4, 5, 7, -1,
      4, 7, 2, -1,
      2, 7, 6, -1,
      2, 6, 1, -1,
      1, 6, 0, -1,
    ]
  }
}

Shape {
  appearance Appearance {
    material Material {
      diffuseColor 1.0000 1.0000 1.0000
      specularColor 0.5020 0.5020 0.5020
      ambientIntensity 0.2
      transparency 0.0000
      shininess 0.5
    }
  }
  geometry IndexedFaceSet {
    ccw TRUE
    solid FALSE
    coord DEF co Coordinate {
      point [
        -0.520319 -0.275917 0.287402,
        -0.519671 -0.272261 0.287402,
        -0.355991 -0.252124 0.287402,
        -0.348515 -0.258874 0.287402,
        -0.395037 -0.215676 0.287402,
        -0.388883 -0.219813 0.287402,
        -0.382343 -0.224211 0.287402,
        -0.372998 -0.234999 0.287402,
        -0.366972 -0.246698 0.287402,
        -0.364344 -0.247630 0.287402,
        -0.409322 -0.210642 0.287402,
        -0.421055 -0.209409 0.287402,
        -0.435164 -0.211151 0.287402,
        -0.448287 -0.216219 0.287402,
        -0.485537 -0.233861 0.287402,
        -0.474283 -0.232465 0.287402,
        -0.518424 -0.265217 0.287402,
        -0.517437 -0.262981 0.287402,
        -0.516352 -0.260524 0.287402,
        -0.513896 -0.254960 0.287402,
        -0.507017 -0.246128 0.287402,
        -0.454087 -0.219813 0.287402,
        -0.455212 -0.220510 0.287402,
        -0.461901 -0.226239 0.287402,
        -0.471009 -0.232643 0.287402,
        -0.467736 -0.233035 0.287402,
        -0.505126 -0.244337 0.287402,
        -0.496078 -0.237965 0.287402,
        -0.517437 -0.293841 0.287402,
        -0.518998 -0.289804 0.287402,
        -0.520395 -0.278578 0.287402,
        -0.508440 -0.309604 0.287402,
        -0.514901 -0.300396 0.287402,
        -0.485669 -0.323267 0.287402,
        -0.489312 -0.322174 0.287402,
        -0.499594 -0.317154 0.287402,
        -0.473035 -0.338782 0.287402,
        -0.478599 -0.334580 0.287402,
        -0.482828 -0.329353 0.287402,
        -0.485310 -0.324035 0.287402,
        -0.458628 -0.342622 0.287402,
        -0.451758 -0.341779 0.287402,
        -0.446839 -0.339893 0.287402,
        -0.459751 -0.342601 0.287402,
        -0.466470 -0.341546 0.287402,
        -0.470396 -0.339893 0.287402,
        -0.431947 -0.324035 0.287402,
        -0.431957 -0.324080 0.287402,
        -0.435311 -0.330434 0.287402,
        -0.439736 -0.335405 0.287402,
        -0.445408 -0.339345 0.287402,
        -0.437279 -0.295087 0.287402,
        -0.399137 -0.275162 0.287402,
        -0.442237 -0.290569 0.287402,
        -0.448274 -0.287328 0.287402,
        -0.392759 -0.323757 0.287402,
        -0.394674 -0.323228 0.287402,
        -0.396656 -0.322103 0.287402,
        -0.398212 -0.320621 0.287402,
        -0.356573 -0.281837 0.287402,
        -0.357895 -0.276366 0.287402,
        -0.360093 -0.272261 0.287402,
        -0.501757 -0.272261 0.287402,
        -0.397102 -0.308257 0.287402,
        -0.395315 -0.307089 0.287402,
        -0.390313 -0.290248 0.287402,
        -0.393338 -0.306394 0.287402,
        -0.344371 -0.304379 0.287402,
        -0.349324 -0.311027 0.287402,
        -0.350688 -0.312436 0.287402,
        -0.358268 -0.318333 0.287402,
        -0.500217 -0.289046 0.287402,
        -0.496621 -0.295223 0.287402,
        -0.482222 -0.298052 0.287402,
        -0.491500 -0.300444 0.287402,
        -0.485384 -0.304195 0.287402,
        -0.339788 -0.275920 0.287402,
        -0.338793 -0.283986 0.287402,
        -0.338856 -0.286233 0.287402,
        -0.340489 -0.295533 0.287402,
        -0.367069 -0.322260 0.287402,
        -0.375227 -0.323836 0.287402,
        -0.392021 -0.323836 0.287402,
        -0.471687 -0.288639 0.287402,
        -0.477511 -0.292677 0.287402,
        -0.502463 -0.278008 0.287402,
        -0.502175 -0.282041 0.287402,
        -0.465398 -0.286240 0.287402,
        -0.458628 -0.285409 0.287402,
        -0.455143 -0.285617 0.287402,
        -0.400276 -0.315012 0.287402,
        -0.400220 -0.314022 0.287402,
        -0.430163 -0.311311 0.287402,
        -0.399681 -0.311846 0.287402,
        -0.398611 -0.309880 0.287402,
        -0.391452 -0.306188 0.287402,
        -0.391175 -0.306208 0.287402,
        -0.390321 -0.306397 0.287402,
        -0.399386 -0.318806 0.287402,
        -0.400070 -0.316863 0.287402,
        -0.430310 -0.317049 0.287402,
        -0.430163 -0.314158 0.287402,
        -0.362207 -0.299314 0.287402,
        -0.359079 -0.294872 0.287402,
        -0.357120 -0.289798 0.287402,
        -0.356441 -0.284270 0.287402,
        -0.389744 -0.306472 0.287402,
        -0.376935 -0.306472 0.287402,
        -0.371872 -0.305508 0.287402,
        -0.366844 -0.303192 0.287402,
        -0.362628 -0.299764 0.287402,
        -0.380920 -0.262068 0.287402,
        -0.499185 -0.264789 0.287402,
        -0.501619 -0.271139 0.287402,
        -0.378643 -0.262068 0.287402,
        -0.360530 -0.271446 0.287402,
        -0.363861 -0.267720 0.287402,
        -0.368278 -0.264641 0.287402,
        -0.373247 -0.262731 0.287402,
        -0.496222 -0.260524 0.287402,
        -0.458912 -0.253813 0.287402,
        -0.461038 -0.252656 0.287402,
        -0.381167 -0.260524 0.287402,
        -0.381475 -0.258589 0.287402,
        -0.384787 -0.248962 0.287402,
        -0.390348 -0.240559 0.287402,
        -0.395339 -0.235663 0.287402,
        -0.403502 -0.230433 0.287402,
        -0.467423 -0.250346 0.287402,
        -0.473998 -0.249544 0.287402,
        -0.476889 -0.249691 0.287402,
        -0.448140 -0.237146 0.287402,
        -0.420770 -0.226488 0.287402,
        -0.440595 -0.231633 0.287402,
        -0.431305 -0.227852 0.287402,
        -0.412533 -0.227348 0.287402,
        -0.454535 -0.244765 0.287402,
        -0.483920 -0.251338 0.287402,
        -0.490275 -0.254691 0.287402,
        -0.495245 -0.259117 0.287402,
        -0.347411 -0.260524 0.287402,
        -0.342970 -0.267153 0.287402,
        -0.341116 -0.272261 0.287402,
        -0.482828 -0.329353 0.291339,
        -0.478599 -0.334580 0.291339,
        -0.485384 -0.304195 0.291339,
        -0.490275 -0.254691 0.291339,
        -0.483920 -0.251338 0.291339,
        -0.485537 -0.233861 0.291339,
        -0.430163 -0.314158 0.291339,
        -0.430163 -0.311311 0.291339,
        -0.454309 -0.304347 0.291339,
        -0.456993 -0.303510 0.291339,
        -0.380920 -0.262068 0.291339,
        -0.366972 -0.246698 0.291339,
        -0.381475 -0.258589 0.291339,
        -0.384787 -0.248962 0.291339,
        -0.474283 -0.232465 0.291339,
        -0.450038 -0.307775 0.291339,
        -0.448707 -0.310061 0.291339,
        -0.430310 -0.317049 0.291339,
        -0.390313 -0.290248 0.291339,
        -0.399137 -0.275162 0.291339,
        -0.437279 -0.295087 0.291339,
        -0.458912 -0.303341 0.291339,
        -0.461604 -0.303675 0.291339,
        -0.465398 -0.286240 0.291339,
        -0.464096 -0.304634 0.291339,
        -0.471687 -0.288639 0.291339,
        -0.466334 -0.306196 0.291339,
        -0.477511 -0.292677 0.291339,
        -0.467717 -0.307685 0.291339,
        -0.482222 -0.298052 0.291339,
        -0.469128 -0.310086 0.291339,
        -0.469892 -0.312789 0.291339,
        -0.448274 -0.287328 0.291339,
        -0.455143 -0.285617 0.291339,
        -0.458628 -0.285409 0.291339,
        -0.451950 -0.305805 0.291339,
        -0.466377 -0.322650 0.291339,
        -0.464122 -0.324238 0.291339,
        -0.473035 -0.338782 0.291339,
        -0.461500 -0.325236 0.291339,
        -0.440595 -0.231633 0.291339,
        -0.455212 -0.220510 0.291339,
        -0.448140 -0.237146 0.291339,
        -0.461901 -0.226239 0.291339,
        -0.454535 -0.244765 0.291339,
        -0.467736 -0.233035 0.291339,
        -0.458912 -0.253813 0.291339,
        -0.491500 -0.300444 0.291339,
        -0.489312 -0.322174 0.291339,
        -0.485669 -0.323267 0.291339,
        -0.476889 -0.249691 0.291339,
        -0.473998 -0.249544 0.291339,
        -0.471009 -0.232643 0.291339,
        -0.467423 -0.250346 0.291339,
        -0.461038 -0.252656 0.291339,
        -0.442237 -0.290569 0.291339,
        -0.378643 -0.262068 0.291339,
        -0.373247 -0.262731 0.291339,
        -0.364344 -0.247630 0.291339,
        -0.368278 -0.264641 0.291339,
        -0.355991 -0.252124 0.291339,
        -0.363861 -0.267720 0.291339,
        -0.348515 -0.258874 0.291339,
        -0.360530 -0.271446 0.291339,
        -0.342970 -0.267153 0.291339,
        -0.357895 -0.276366 0.291339,
        -0.339788 -0.275920 0.291339,
        -0.356573 -0.281837 0.291339,
        -0.338793 -0.283986 0.291339,
        -0.356441 -0.284270 0.291339,
        -0.338856 -0.286233 0.291339,
        -0.357120 -0.289798 0.291339,
        -0.392759 -0.323757 0.291339,
        -0.392021 -0.323836 0.291339,
        -0.389744 -0.306472 0.291339,
        -0.390348 -0.240559 0.291339,
        -0.372998 -0.234999 0.291339,
        -0.395339 -0.235663 0.291339,
        -0.382343 -0.224211 0.291339,
        -0.403502 -0.230433 0.291339,
        -0.395037 -0.215676 0.291339,
        -0.412533 -0.227348 0.291339,
        -0.409322 -0.210642 0.291339,
        -0.420770 -0.226488 0.291339,
        -0.421055 -0.209409 0.291339,
        -0.431305 -0.227852 0.291339,
        -0.435164 -0.211151 0.291339,
        -0.448287 -0.216219 0.291339,
        -0.501619 -0.271139 0.291339,
        -0.520319 -0.275917 0.291339,
        -0.502463 -0.278008 0.291339,
        -0.520395 -0.278578 0.291339,
        -0.502175 -0.282041 0.291339,
        -0.518998 -0.289804 0.291339,
        -0.500217 -0.289046 0.291339,
        -0.514901 -0.300396 0.291339,
        -0.496621 -0.295223 0.291339,
        -0.508440 -0.309604 0.291339,
        -0.499594 -0.317154 0.291339,
        -0.468172 -0.320567 0.291339,
        -0.469361 -0.318206 0.291339,
        -0.469957 -0.315566 0.291339,
        -0.376935 -0.306472 0.291339,
        -0.375227 -0.323836 0.291339,
        -0.371872 -0.305508 0.291339,
        -0.367069 -0.322260 0.291339,
        -0.366844 -0.303192 0.291339,
        -0.358268 -0.318333 0.291339,
        -0.362628 -0.299764 0.291339,
        -0.350688 -0.312436 0.291339,
        -0.362207 -0.299314 0.291339,
        -0.349324 -0.311027 0.291339,
        -0.359079 -0.294872 0.291339,
        -0.344371 -0.304379 0.291339,
        -0.340489 -0.295533 0.291339,
        -0.496078 -0.237965 0.291339,
        -0.505126 -0.244337 0.291339,
        -0.495245 -0.259117 0.291339,
        -0.507017 -0.246128 0.291339,
        -0.499185 -0.264789 0.291339,
        -0.513896 -0.254960 0.291339,
        -0.518424 -0.265217 0.291339,
        -0.447954 -0.312650 0.291339,
        -0.447853 -0.315408 0.291339,
        -0.431957 -0.324080 0.291339,
        -0.448456 -0.318160 0.291339,
        -0.435311 -0.330434 0.291339,
        -0.449717 -0.320649 0.291339,
        -0.439736 -0.335405 0.291339,
        -0.451527 -0.322726 0.291339,
        -0.445408 -0.339345 0.291339,
        -0.453705 -0.324250 0.291339,
        -0.451758 -0.341779 0.291339,
        -0.456181 -0.325207 0.291339,
        -0.458628 -0.342622 0.291339,
        -0.458912 -0.325544 0.291339,
        -0.459751 -0.342601 0.291339,
        -0.466470 -0.341546 0.291339,
        -0.400070 -0.316863 0.291339,
        -0.399386 -0.318806 0.291339,
        -0.391175 -0.306208 0.291339,
        -0.398212 -0.320621 0.291339,
        -0.396656 -0.322103 0.291339,
        -0.400276 -0.315012 0.291339,
        -0.391452 -0.306188 0.291339,
        -0.400220 -0.314022 0.291339,
        -0.393338 -0.306394 0.291339,
        -0.395315 -0.307089 0.291339,
        -0.390321 -0.306397 0.291339,
        -0.394674 -0.323228 0.291339,
        -0.397102 -0.308257 0.291339,
        -0.398611 -0.309880 0.291339,
        -0.399681 -0.311846 0.291339,
        -0.458912 -0.303341 0.287402,
        -0.456993 -0.303510 0.287402,
        -0.454309 -0.304347 0.287402,
        -0.451950 -0.305805 0.287402,
        -0.450038 -0.307775 0.287402,
        -0.448707 -0.310061 0.287402,
        -0.447954 -0.312650 0.287402,
        -0.447853 -0.315408 0.287402,
        -0.448456 -0.318160 0.287402,
        -0.449717 -0.320649 0.287402,
        -0.451527 -0.322726 0.287402,
        -0.453705 -0.324250 0.287402,
        -0.456181 -0.325207 0.287402,
        -0.458912 -0.325544 0.287402,
        -0.461500 -0.325236 0.287402,
        -0.464122 -0.324238 0.287402,
        -0.466377 -0.322650 0.287402,
        -0.468172 -0.320567 0.287402,
        -0.469361 -0.318206 0.287402,
        -0.469957 -0.315566 0.287402,
        -0.469892 -0.312789 0.287402,
        -0.469128 -0.310086 0.287402,
        -0.467717 -0.307685 0.287402,
        -0.466334 -0.306196 0.287402,
        -0.464096 -0.304634 0.287402,
        -0.461604 -0.303675 0.287402,
      ]
    }
    coordIndex [
      143, 144, 145, -1,
      146, 147, 148, -1,
      149, 150, 151, -1,
      151, 150, 152, -1,
      153, 154, 155, -1,
      155, 154, 156, -1,
      148, 147, 157, -1,
      158, 159, 160, -1,
      161, 162, 150, -1,
      150, 162, 163, -1,
      150, 163, 152, -1,
      152, 163, 164, -1,
      165, 166, 167, -1,
      167, 166, 168, -1,
      167, 168, 169, -1,
      169, 168, 170, -1,
      169, 170, 171, -1,
      171, 170, 172, -1,
      171, 172, 173, -1,
      173, 172, 145, -1,
      173, 145, 174, -1,
      175, 176, 165, -1,
      165, 176, 177, -1,
      165, 177, 166, -1,
      149, 151, 160, -1,
      160, 151, 178, -1,
      160, 178, 158, -1,
      179, 144, 180, -1,
      180, 144, 181, -1,
      180, 181, 182, -1,
      183, 184, 185, -1,
      185, 184, 186, -1,
      185, 186, 187, -1,
      187, 186, 188, -1,
      187, 188, 189, -1,
      190, 191, 145, -1,
      145, 191, 192, -1,
      145, 192, 143, -1,
      147, 193, 157, -1,
      157, 193, 194, -1,
      157, 194, 195, -1,
      195, 194, 196, -1,
      195, 196, 188, -1,
      188, 196, 197, -1,
      188, 197, 189, -1,
      164, 163, 165, -1,
      165, 163, 198, -1,
      165, 198, 175, -1,
      153, 199, 154, -1,
      154, 199, 200, -1,
      154, 200, 201, -1,
      201, 200, 202, -1,
      201, 202, 203, -1,
      203, 202, 204, -1,
      203, 204, 205, -1,
      205, 204, 206, -1,
      205, 206, 207, -1,
      207, 206, 208, -1,
      207, 208, 209, -1,
      209, 208, 210, -1,
      209, 210, 211, -1,
      211, 210, 212, -1,
      211, 212, 213, -1,
      213, 212, 214, -1,
      215, 216, 217, -1,
      156, 154, 218, -1,
      218, 154, 219, -1,
      218, 219, 220, -1,
      220, 219, 221, -1,
      220, 221, 222, -1,
      222, 221, 223, -1,
      222, 223, 224, -1,
      224, 223, 225, -1,
      224, 225, 226, -1,
      226, 225, 227, -1,
      226, 227, 228, -1,
      228, 227, 229, -1,
      228, 229, 183, -1,
      183, 229, 230, -1,
      183, 230, 184, -1,
      231, 232, 233, -1,
      233, 232, 234, -1,
      233, 234, 235, -1,
      235, 234, 236, -1,
      235, 236, 237, -1,
      237, 236, 238, -1,
      237, 238, 239, -1,
      239, 238, 240, -1,
      239, 240, 190, -1,
      190, 240, 241, -1,
      190, 241, 191, -1,
      179, 242, 144, -1,
      144, 242, 243, -1,
      144, 243, 145, -1,
      145, 243, 244, -1,
      145, 244, 174, -1,
      217, 216, 245, -1,
      245, 216, 246, -1,
      245, 246, 247, -1,
      247, 246, 248, -1,
      247, 248, 249, -1,
      249, 248, 250, -1,
      249, 250, 251, -1,
      251, 250, 252, -1,
      251, 252, 253, -1,
      253, 252, 254, -1,
      253, 254, 255, -1,
      255, 254, 256, -1,
      255, 256, 214, -1,
      214, 256, 257, -1,
      214, 257, 213, -1,
      148, 258, 146, -1,
      146, 258, 259, -1,
      146, 259, 260, -1,
      260, 259, 261, -1,
      260, 261, 262, -1,
      262, 261, 263, -1,
      262, 263, 231, -1,
      231, 263, 264, -1,
      231, 264, 232, -1,
      159, 265, 160, -1,
      160, 265, 266, -1,
      160, 266, 267, -1,
      267, 266, 268, -1,
      267, 268, 269, -1,
      269, 268, 270, -1,
      269, 270, 271, -1,
      271, 270, 272, -1,
      271, 272, 273, -1,
      273, 272, 274, -1,
      273, 274, 275, -1,
      275, 274, 276, -1,
      275, 276, 277, -1,
      277, 276, 278, -1,
      277, 278, 279, -1,
      279, 278, 182, -1,
      279, 182, 280, -1,
      280, 182, 181, -1,
      281, 282, 283, -1,
      283, 282, 284, -1,
      283, 284, 285, -1,
      281, 283, 286, -1,
      286, 283, 287, -1,
      286, 287, 288, -1,
      288, 287, 289, -1,
      288, 289, 290, -1,
      217, 291, 215, -1,
      215, 291, 283, -1,
      215, 283, 292, -1,
      292, 283, 285, -1,
      290, 293, 288, -1,
      288, 293, 294, -1,
      288, 294, 295, -1,
      211, 77, 76, -1,
      211, 76, 209, -1,
      209, 76, 142, -1,
      209, 142, 207, -1,
      142, 141, 207, -1,
      207, 141, 140, -1,
      207, 140, 205, -1,
      140, 3, 205, -1,
      205, 3, 2, -1,
      205, 2, 203, -1,
      203, 2, 9, -1,
      203, 9, 201, -1,
      201, 9, 8, -1,
      201, 8, 154, -1,
      154, 8, 7, -1,
      154, 7, 219, -1,
      219, 7, 6, -1,
      219, 6, 221, -1,
      221, 6, 223, -1,
      223, 6, 5, -1,
      5, 4, 223, -1,
      223, 4, 10, -1,
      223, 10, 225, -1,
      225, 10, 11, -1,
      225, 11, 227, -1,
      22, 184, 21, -1,
      21, 184, 230, -1,
      21, 230, 13, -1,
      13, 230, 229, -1,
      13, 229, 12, -1,
      12, 229, 227, -1,
      12, 227, 11, -1,
      184, 22, 23, -1,
      184, 23, 186, -1,
      186, 23, 25, -1,
      186, 25, 188, -1,
      188, 25, 24, -1,
      188, 24, 195, -1,
      195, 24, 15, -1,
      195, 15, 157, -1,
      157, 15, 14, -1,
      157, 14, 148, -1,
      148, 14, 27, -1,
      148, 27, 258, -1,
      258, 27, 26, -1,
      258, 26, 259, -1,
      259, 26, 20, -1,
      259, 20, 261, -1,
      261, 20, 19, -1,
      18, 264, 19, -1,
      19, 264, 263, -1,
      19, 263, 261, -1,
      18, 17, 264, -1,
      264, 17, 16, -1,
      264, 16, 232, -1,
      232, 16, 1, -1,
      1, 0, 232, -1,
      232, 0, 30, -1,
      232, 30, 234, -1,
      31, 240, 238, -1,
      234, 30, 29, -1,
      234, 29, 236, -1,
      236, 29, 28, -1,
      236, 28, 238, -1,
      238, 28, 32, -1,
      238, 32, 31, -1,
      240, 31, 35, -1,
      240, 35, 241, -1,
      241, 35, 34, -1,
      241, 34, 191, -1,
      191, 34, 33, -1,
      191, 33, 192, -1,
      192, 33, 39, -1,
      192, 39, 143, -1,
      39, 38, 143, -1,
      143, 38, 37, -1,
      143, 37, 144, -1,
      144, 37, 36, -1,
      144, 36, 181, -1,
      181, 36, 45, -1,
      181, 45, 280, -1,
      45, 44, 280, -1,
      280, 44, 43, -1,
      280, 43, 279, -1,
      279, 43, 40, -1,
      279, 40, 277, -1,
      101, 149, 160, -1,
      277, 40, 41, -1,
      277, 41, 275, -1,
      275, 41, 42, -1,
      275, 42, 273, -1,
      42, 50, 273, -1,
      273, 50, 49, -1,
      273, 49, 271, -1,
      271, 49, 48, -1,
      271, 48, 269, -1,
      269, 48, 47, -1,
      269, 47, 267, -1,
      267, 47, 46, -1,
      267, 46, 160, -1,
      160, 46, 100, -1,
      160, 100, 101, -1,
      150, 149, 92, -1,
      92, 149, 101, -1,
      161, 150, 65, -1,
      65, 150, 92, -1,
      162, 161, 52, -1,
      52, 161, 65, -1,
      163, 162, 51, -1,
      51, 162, 52, -1,
      163, 51, 53, -1,
      163, 53, 198, -1,
      198, 53, 54, -1,
      198, 54, 175, -1,
      175, 54, 89, -1,
      175, 89, 176, -1,
      176, 89, 88, -1,
      176, 88, 177, -1,
      177, 88, 87, -1,
      177, 87, 166, -1,
      166, 87, 83, -1,
      166, 83, 168, -1,
      168, 83, 84, -1,
      168, 84, 170, -1,
      170, 84, 73, -1,
      170, 73, 172, -1,
      172, 73, 75, -1,
      172, 75, 145, -1,
      145, 75, 74, -1,
      145, 74, 190, -1,
      190, 74, 72, -1,
      190, 72, 239, -1,
      239, 72, 71, -1,
      239, 71, 237, -1,
      237, 71, 86, -1,
      237, 86, 235, -1,
      235, 86, 85, -1,
      235, 85, 233, -1,
      85, 62, 233, -1,
      233, 62, 231, -1,
      62, 113, 231, -1,
      231, 113, 112, -1,
      231, 112, 262, -1,
      262, 112, 119, -1,
      262, 119, 260, -1,
      119, 139, 260, -1,
      260, 139, 138, -1,
      260, 138, 146, -1,
      146, 138, 137, -1,
      146, 137, 147, -1,
      147, 137, 130, -1,
      147, 130, 193, -1,
      193, 130, 129, -1,
      193, 129, 194, -1,
      194, 129, 128, -1,
      194, 128, 196, -1,
      196, 128, 121, -1,
      196, 121, 197, -1,
      197, 121, 120, -1,
      197, 120, 189, -1,
      189, 120, 136, -1,
      189, 136, 187, -1,
      187, 136, 131, -1,
      187, 131, 185, -1,
      185, 131, 133, -1,
      185, 133, 183, -1,
      183, 133, 134, -1,
      183, 134, 228, -1,
      228, 134, 132, -1,
      228, 132, 226, -1,
      111, 153, 122, -1,
      122, 153, 155, -1,
      122, 155, 123, -1,
      123, 155, 156, -1,
      123, 156, 124, -1,
      124, 156, 218, -1,
      124, 218, 125, -1,
      125, 218, 220, -1,
      125, 220, 126, -1,
      126, 220, 222, -1,
      126, 222, 127, -1,
      127, 222, 224, -1,
      127, 224, 135, -1,
      135, 224, 226, -1,
      135, 226, 132, -1,
      199, 153, 114, -1,
      114, 153, 111, -1,
      199, 114, 118, -1,
      199, 118, 200, -1,
      200, 118, 117, -1,
      200, 117, 202, -1,
      202, 117, 116, -1,
      202, 116, 204, -1,
      204, 116, 115, -1,
      204, 115, 206, -1,
      206, 115, 61, -1,
      206, 61, 208, -1,
      61, 60, 208, -1,
      208, 60, 59, -1,
      208, 59, 210, -1,
      210, 59, 105, -1,
      210, 105, 212, -1,
      212, 105, 104, -1,
      212, 104, 214, -1,
      214, 104, 103, -1,
      214, 103, 255, -1,
      255, 103, 102, -1,
      255, 102, 253, -1,
      253, 102, 110, -1,
      253, 110, 251, -1,
      251, 110, 109, -1,
      251, 109, 249, -1,
      249, 109, 108, -1,
      249, 108, 247, -1,
      247, 108, 107, -1,
      247, 107, 245, -1,
      217, 245, 106, -1,
      106, 245, 107, -1,
      217, 106, 97, -1,
      217, 97, 291, -1,
      291, 97, 96, -1,
      291, 96, 283, -1,
      283, 96, 95, -1,
      283, 95, 287, -1,
      287, 95, 66, -1,
      287, 66, 289, -1,
      289, 66, 64, -1,
      289, 64, 290, -1,
      290, 64, 63, -1,
      290, 63, 293, -1,
      293, 63, 94, -1,
      293, 94, 294, -1,
      294, 94, 93, -1,
      294, 93, 295, -1,
      295, 93, 91, -1,
      295, 91, 288, -1,
      288, 91, 90, -1,
      288, 90, 286, -1,
      286, 90, 99, -1,
      286, 99, 281, -1,
      281, 99, 98, -1,
      281, 98, 282, -1,
      282, 98, 58, -1,
      282, 58, 284, -1,
      284, 58, 57, -1,
      284, 57, 285, -1,
      285, 57, 56, -1,
      285, 56, 292, -1,
      292, 56, 55, -1,
      292, 55, 215, -1,
      215, 55, 82, -1,
      215, 82, 216, -1,
      246, 216, 81, -1,
      81, 216, 82, -1,
      246, 81, 80, -1,
      246, 80, 248, -1,
      248, 80, 70, -1,
      248, 70, 250, -1,
      250, 70, 69, -1,
      250, 69, 252, -1,
      252, 69, 68, -1,
      252, 68, 254, -1,
      254, 68, 67, -1,
      254, 67, 256, -1,
      256, 67, 79, -1,
      256, 79, 257, -1,
      257, 79, 78, -1,
      257, 78, 213, -1,
      213, 78, 77, -1,
      213, 77, 211, -1,
      164, 296, 297, -1,
      164, 297, 152, -1,
      152, 297, 298, -1,
      152, 298, 151, -1,
      151, 298, 299, -1,
      151, 299, 178, -1,
      178, 299, 300, -1,
      178, 300, 158, -1,
      158, 300, 301, -1,
      158, 301, 159, -1,
      159, 301, 302, -1,
      159, 302, 265, -1,
      265, 302, 303, -1,
      265, 303, 266, -1,
      266, 303, 304, -1,
      266, 304, 268, -1,
      268, 304, 305, -1,
      268, 305, 270, -1,
      270, 305, 306, -1,
      270, 306, 272, -1,
      272, 306, 307, -1,
      272, 307, 274, -1,
      274, 307, 308, -1,
      274, 308, 276, -1,
      276, 308, 309, -1,
      276, 309, 278, -1,
      278, 309, 310, -1,
      278, 310, 182, -1,
      182, 310, 311, -1,
      182, 311, 180, -1,
      180, 311, 312, -1,
      180, 312, 179, -1,
      179, 312, 313, -1,
      179, 313, 242, -1,
      242, 313, 314, -1,
      242, 314, 243, -1,
      243, 314, 315, -1,
      243, 315, 244, -1,
      244, 315, 316, -1,
      244, 316, 174, -1,
      174, 316, 317, -1,
      174, 317, 173, -1,
      173, 317, 318, -1,
      173, 318, 171, -1,
      171, 318, 319, -1,
      171, 319, 169, -1,
      169, 319, 320, -1,
      169, 320, 167, -1,
      167, 320, 321, -1,
      167, 321, 165, -1,
      165, 321, 296, -1,
      165, 296, 164, -1,
    ]
  }
}

Shape {
  appearance Appearance {
    material Material {
      diffuseColor 0.2510 0.2510 0.2510
      specularColor 0.1255 0.1255 0.1255
      ambientIntensity 0.2
      transparency 0.0000
      shininess 0.5
    }
  }
  geometry IndexedFaceSet {
    ccw TRUE
    solid FALSE
    coord DEF co Coordinate {
      point [
        -0.458912 -0.303341 0.287402,
        -0.456993 -0.303510 0.287402,
        -0.454309 -0.304347 0.287402,
        -0.451950 -0.305805 0.287402,
        -0.450038 -0.307775 0.287402,
        -0.448707 -0.310061 0.287402,
        -0.447954 -0.312650 0.287402,
        -0.447853 -0.315408 0.287402,
        -0.448456 -0.318160 0.287402,
        -0.449717 -0.320649 0.287402,
        -0.451527 -0.322726 0.287402,
        -0.453705 -0.324250 0.287402,
        -0.456181 -0.325207 0.287402,
        -0.458912 -0.325544 0.287402,
        -0.461500 -0.325236 0.287402,
        -0.464122 -0.324238 0.287402,
        -0.466377 -0.322650 0.287402,
        -0.468172 -0.320567 0.287402,
        -0.469361 -0.318206 0.287402,
        -0.469957 -0.315566 0.287402,
        -0.469892 -0.312789 0.287402,
        -0.469128 -0.310086 0.287402,
        -0.467717 -0.307685 0.287402,
        -0.466334 -0.306196 0.287402,
        -0.464096 -0.304634 0.287402,
        -0.461604 -0.303675 0.287402,
      ]
    }
    coordIndex [
      13, 23, 22, -1,
      0, 13, 1, -1,
      1, 13, 12, -1,
      0, 25, 13, -1,
      13, 25, 24, -1,
      13, 24, 23, -1,
      10, 4, 3, -1,
      18, 17, 22, -1,
      22, 17, 16, -1,
      12, 11, 1, -1,
      1, 11, 10, -1,
      1, 10, 2, -1,
      2, 10, 3, -1,
      21, 20, 22, -1,
      22, 20, 19, -1,
      22, 19, 18, -1,
      16, 15, 22, -1,
      22, 15, 14, -1,
      22, 14, 13, -1,
      8, 7, 9, -1,
      9, 7, 6, -1,
      9, 6, 10, -1,
      10, 6, 5, -1,
      10, 5, 4, -1,
    ]
  }
}
