#VRML V2.0 utf8

Shape {
  appearance Appearance {
    material Material {
      diffuseColor 0.8510 0.8510 0.8510
      specularColor 0.4235 0.4235 0.4235
      ambientIntensity 0.2
      transparency 0.0000
      shininess 0.5
    }
  }
  geometry IndexedFaceSet {
    ccw TRUE
    solid FALSE
    coord DEF co Coordinate {
      point [
        -1.830709 0.216535 0.078740,
        -1.830709 0.216535 -0.039370,
        -1.830709 -0.216535 0.078740,
        -1.830709 -0.216535 -0.039370,
        -0.255906 0.216535 0.078740,
        -0.255906 0.216535 -0.039370,
        -0.255906 -0.216535 0.078740,
        -0.255906 -0.216535 -0.039370,
      ]
    }
    coordIndex [
      0, 1, 2, -1,
      2, 1, 3, -1,
      4, 5, 0, -1,
      0, 5, 1, -1,
      6, 7, 4, -1,
      4, 7, 5, -1,
      2, 3, 6, -1,
      6, 3, 7, -1,
      5, 7, 1, -1,
      1, 7, 3, -1,
      6, 4, 2, -1,
      2, 4, 0, -1,
    ]
  }
}

Shape {
  appearance Appearance {
    material Material {
      diffuseColor 0.2235 0.2235 0.2235
      specularColor 0.1137 0.1137 0.1137
      ambientIntensity 0.2
      transparency 0.0000
      shininess 0.5
    }
  }
  geometry IndexedFaceSet {
    ccw TRUE
    solid FALSE
    coord DEF co Coordinate {
      point [
        0.076324 -0.517480 0.000000,
        0.076324 -0.530443 0.000000,
        0.064802 -0.537285 0.000000,
        0.088915 -0.535612 0.000000,
        0.100849 -0.537285 0.000000,
        1.633858 1.633858 0.000000,
        1.633858 0.255906 0.000000,
        0.064802 1.633858 0.000000,
        0.118110 0.255906 0.000000,
        0.089628 -0.431842 0.000000,
        0.078441 -0.518652 0.000000,
        0.103984 -0.429977 0.000000,
        0.115614 -0.431283 0.000000,
        0.076324 -0.437539 0.000000,
        0.076324 -0.421695 0.000000,
        0.118110 -0.255906 0.000000,
        0.124455 -0.434474 0.000000,
        0.132630 -0.439943 0.000000,
        0.139762 -0.447817 0.000000,
        0.148343 -0.478770 0.000000,
        0.147147 -0.491556 0.000000,
        0.143938 -0.501715 0.000000,
        0.117656 -0.523806 0.000000,
        0.106640 -0.525041 0.000000,
        0.126262 -0.520637 0.000000,
        0.133511 -0.515752 0.000000,
        0.139053 -0.509905 0.000000,
        0.090962 -0.523301 0.000000,
        0.134826 -0.532555 0.000000,
        0.174270 -0.536565 0.000000,
        0.123378 -0.536496 0.000000,
        0.115769 -0.537285 0.000000,
        0.144631 -0.456936 0.000000,
        0.147780 -0.469580 0.000000,
        0.157954 -0.449563 0.000000,
        0.151031 -0.438520 0.000000,
        0.218921 -0.418454 0.000000,
        0.234765 -0.418454 0.000000,
        1.633858 -0.255906 0.000000,
        0.234765 -0.536565 0.000000,
        1.633858 -0.537285 0.000000,
        0.144327 -0.526488 0.000000,
        0.153198 -0.517148 0.000000,
        0.174270 -0.523601 0.000000,
        0.159490 -0.505918 0.000000,
        0.218921 -0.523601 0.000000,
        0.140368 -0.428265 0.000000,
        0.129149 -0.421807 0.000000,
        0.115982 -0.417982 0.000000,
        0.163045 -0.493416 0.000000,
        0.164187 -0.479737 0.000000,
        0.162488 -0.462946 0.000000,
        0.104119 -0.417014 0.000000,
        0.089980 -0.417989 0.000000,
        0.064802 -1.633858 0.000000,
        0.105593 -0.537949 0.000000,
        1.633858 -1.633858 0.000000,
        0.108823 -0.538005 0.000000,
        0.053279 -0.536565 0.000000,
        0.053279 -0.418454 0.000000,
        -0.136850 -0.536565 0.000000,
        -0.122310 -0.504193 0.000000,
        -0.115537 -0.514757 0.000000,
        -0.007217 -0.431417 0.000000,
        0.037435 -0.431417 0.000000,
        0.037435 -0.470307 0.000000,
        -1.633858 0.255906 0.000000,
        -1.633858 0.925197 0.000000,
        -0.118110 0.255906 0.000000,
        -0.925197 1.633858 0.000000,
        -0.118110 -0.255906 0.000000,
        -0.007217 -0.418454 0.000000,
        -0.181502 -0.418454 0.000000,
        -0.197346 -0.418454 0.000000,
        -0.033143 -0.418454 0.000000,
        -0.004336 -0.470307 0.000000,
        -0.033143 -0.536565 0.000000,
        -0.004336 -0.483271 0.000000,
        -0.105815 -0.524065 0.000000,
        -0.093483 -0.531232 0.000000,
        -0.079873 -0.535289 0.000000,
        0.037435 -0.483271 0.000000,
        0.037435 -0.523601 0.000000,
        -0.010098 -0.523601 0.000000,
        -0.010098 -0.536565 0.000000,
        -0.066474 -0.418454 0.000000,
        -0.083538 -0.420278 0.000000,
        -0.118688 -0.443116 0.000000,
        -0.124177 -0.453273 0.000000,
        -0.127350 -0.464910 0.000000,
        -0.128208 -0.476024 0.000000,
        -0.126550 -0.491830 0.000000,
        -0.226153 -0.536565 0.000000,
        -0.243437 -0.536565 0.000000,
        -1.633858 -0.537285 0.000000,
        -1.633858 -0.255906 0.000000,
        -0.065259 -0.536565 0.000000,
        -0.097357 -0.425131 0.000000,
        -0.110213 -0.433746 0.000000,
        -0.110336 -0.433854 0.000000,
        -0.214202 -0.503436 0.000000,
        -0.165410 -0.503436 0.000000,
        -0.154135 -0.536565 0.000000,
        -1.633858 -0.925197 0.000000,
        -0.925197 -1.633858 0.000000,
      ]
    }
    coordIndex [
      0, 1, 2, -1,
      2, 1, 3, -1,
      2, 3, 4, -1,
      5, 6, 7, -1,
      7, 6, 8, -1,
      0, 9, 10, -1,
      10, 9, 11, -1,
      10, 11, 12, -1,
      13, 7, 14, -1,
      14, 7, 8, -1,
      14, 8, 15, -1,
      12, 16, 10, -1,
      10, 16, 17, -1,
      10, 17, 18, -1,
      19, 20, 10, -1,
      10, 20, 21, -1,
      22, 23, 24, -1,
      24, 23, 25, -1,
      21, 26, 10, -1,
      10, 26, 25, -1,
      10, 25, 27, -1,
      27, 25, 23, -1,
      28, 29, 30, -1,
      30, 29, 31, -1,
      18, 32, 10, -1,
      10, 32, 33, -1,
      10, 33, 19, -1,
      34, 35, 36, -1,
      36, 35, 15, -1,
      36, 15, 37, -1,
      37, 15, 38, -1,
      37, 38, 39, -1,
      39, 38, 40, -1,
      28, 41, 29, -1,
      29, 41, 42, -1,
      29, 42, 43, -1,
      43, 42, 44, -1,
      43, 44, 45, -1,
      35, 46, 15, -1,
      15, 46, 47, -1,
      15, 47, 48, -1,
      44, 49, 45, -1,
      45, 49, 50, -1,
      45, 50, 36, -1,
      36, 50, 51, -1,
      36, 51, 34, -1,
      48, 52, 15, -1,
      15, 52, 53, -1,
      15, 53, 14, -1,
      54, 55, 56, -1,
      56, 55, 57, -1,
      56, 57, 40, -1,
      40, 57, 31, -1,
      40, 31, 39, -1,
      39, 31, 29, -1,
      58, 59, 2, -1,
      2, 59, 7, -1,
      2, 7, 0, -1,
      0, 7, 13, -1,
      0, 13, 9, -1,
      60, 61, 62, -1,
      63, 64, 65, -1,
      66, 67, 68, -1,
      68, 67, 69, -1,
      69, 7, 68, -1,
      68, 7, 59, -1,
      68, 59, 70, -1,
      70, 59, 71, -1,
      70, 71, 63, -1,
      70, 72, 73, -1,
      74, 75, 76, -1,
      76, 75, 77, -1,
      62, 78, 60, -1,
      60, 78, 79, -1,
      60, 79, 80, -1,
      81, 82, 77, -1,
      77, 82, 83, -1,
      77, 83, 76, -1,
      76, 83, 84, -1,
      65, 75, 63, -1,
      63, 75, 74, -1,
      63, 74, 70, -1,
      70, 74, 85, -1,
      70, 85, 86, -1,
      72, 87, 88, -1,
      88, 89, 72, -1,
      72, 89, 90, -1,
      72, 90, 60, -1,
      60, 90, 91, -1,
      60, 91, 61, -1,
      92, 2, 93, -1,
      93, 2, 94, -1,
      93, 94, 73, -1,
      73, 94, 95, -1,
      73, 95, 70, -1,
      96, 76, 2, -1,
      2, 76, 84, -1,
      2, 84, 58, -1,
      86, 97, 70, -1,
      70, 97, 98, -1,
      70, 98, 72, -1,
      72, 98, 99, -1,
      72, 99, 87, -1,
      100, 101, 92, -1,
      92, 101, 102, -1,
      92, 102, 2, -1,
      2, 102, 60, -1,
      2, 60, 96, -1,
      96, 60, 80, -1,
      103, 94, 104, -1,
      104, 94, 2, -1,
      104, 2, 54, -1,
      54, 2, 4, -1,
      54, 4, 55, -1,
    ]
  }
}

Shape {
  appearance Appearance {
    material Material {
      diffuseColor 0.8510 0.8510 0.8510
      specularColor 0.4235 0.4235 0.4235
      ambientIntensity 0.2
      transparency 0.0000
      shininess 0.5
    }
  }
  geometry IndexedFaceSet {
    ccw TRUE
    solid FALSE
    coord DEF co Coordinate {
      point [
        0.610697 1.235234 3.937008,
        0.488629 1.288408 3.937008,
        -1.352281 0.264742 3.937008,
        0.732934 -1.166859 3.937008,
        0.732934 1.166859 3.937008,
        0.727063 -1.170527 3.937008,
        0.727063 1.170527 3.937008,
        0.610697 -1.235234 3.937008,
        0.488629 -1.288408 3.937008,
        -1.371520 0.132992 3.937008,
        -1.377953 0.000000 3.937008,
        -0.669662 -1.204287 3.937008,
        -0.550306 -1.263296 3.937008,
        -0.425811 -1.310511 3.937008,
        -0.297341 -1.345490 3.937008,
        -0.166094 -1.367906 3.937008,
        -0.033296 -1.377550 3.937008,
        0.099812 -1.374333 3.937008,
        0.361998 1.329553 3.937008,
        0.231988 1.358284 3.937008,
        0.099812 1.374333 3.937008,
        0.231988 -1.358284 3.937008,
        0.361998 -1.329553 3.937008,
        -0.888562 1.053191 3.937008,
        -0.550306 1.263296 3.937008,
        -0.782767 1.134033 3.937008,
        -0.669662 1.204287 3.937008,
        -1.276225 0.519619 3.937008,
        -1.220117 0.640367 3.937008,
        -1.152617 0.755135 3.937008,
        -1.320417 0.394020 3.937008,
        -0.425811 1.310511 3.937008,
        -0.297341 1.345490 3.937008,
        -0.986061 0.962516 3.937008,
        -1.074354 0.862854 3.937008,
        -1.371520 -0.132992 3.937008,
        -1.352281 -0.264742 3.937008,
        -1.320417 -0.394020 3.937008,
        -0.986061 -0.962516 3.937008,
        -1.074354 -0.862854 3.937008,
        -1.152617 -0.755135 3.937008,
        -0.888562 -1.053191 3.937008,
        -0.782767 -1.134033 3.937008,
        -0.033296 1.377550 3.937008,
        -0.166094 1.367906 3.937008,
        -1.276225 -0.519619 3.937008,
        -1.220117 -0.640367 3.937008,
        -1.574803 0.000000 0.393701,
        -1.560135 -0.214436 0.393701,
        -1.567452 -0.151991 0.847114,
        -1.516405 -0.424877 0.393701,
        -1.545465 -0.302562 0.847114,
        -1.558370 -0.214178 0.847114,
        -1.443213 -0.626839 0.847114,
        -1.458543 -0.593850 0.847114,
        -1.444427 -0.627403 0.393701,
        -1.509048 -0.450308 0.847114,
        -1.515379 -0.424624 0.847114,
        -1.394419 -0.731848 0.847114,
        -1.345543 -0.818243 0.393701,
        -1.344104 -0.817396 0.847114,
        -1.317276 -0.863012 0.847114,
        -1.221593 -0.993839 0.393701,
        -1.227833 -0.986119 0.847114,
        -1.074887 -1.150923 0.393701,
        -1.126928 -1.100018 0.847114,
        -1.221257 -0.993542 0.847114,
        -0.908158 -1.286567 0.393701,
        -1.015500 -1.203647 0.847114,
        -1.073637 -1.149579 0.847114,
        -0.723822 -1.396848 0.847114,
        -0.765328 -1.376328 0.847114,
        -0.724512 -1.398244 0.393701,
        -0.894590 -1.296037 0.847114,
        -0.907725 -1.286000 0.847114,
        -0.628920 -1.443767 0.847114,
        -0.527369 -1.483876 0.393701,
        -0.526841 -1.482481 0.847114,
        -0.486641 -1.497727 0.847114,
        -0.320403 -1.541865 0.393701,
        -0.339818 -1.537702 0.847114,
        -0.107469 -1.571132 0.393701,
        -0.189822 -1.563321 0.847114,
        -0.320263 -1.541043 0.847114,
        0.107469 -1.571132 0.393701,
        -0.038053 -1.574343 0.847114,
        -0.107336 -1.569311 0.847114,
        0.320033 -1.540191 0.847114,
        0.265129 -1.552324 0.847114,
        0.320403 -1.541865 0.393701,
        0.114070 -1.570667 0.847114,
        0.107461 -1.570826 0.847114,
        0.413713 -1.519489 0.847114,
        0.527369 -1.483876 0.393701,
        0.526983 -1.482685 0.847114,
        0.558433 -1.472467 0.847114,
        0.724512 -1.398244 0.393701,
        0.697939 -1.411696 0.847114,
        0.908158 -1.286567 0.393701,
        0.830930 -1.337745 0.847114,
        0.723949 -1.397233 0.847114,
        1.074775 -1.150813 0.847114,
        1.072466 -1.153179 0.847114,
        1.074887 -1.150923 0.393701,
        0.956161 -1.251304 0.847114,
        0.907163 -1.285125 0.847114,
        1.178757 -1.044288 0.847114,
        1.221593 -0.993839 0.393701,
        1.220183 -0.992707 0.847114,
        1.274043 -0.925646 0.847114,
        1.345543 -0.818243 0.393701,
        1.344748 -0.817722 0.847114,
        1.357433 -0.798362 0.847114,
        1.444427 -0.627403 0.393701,
        1.428148 -0.663624 0.847114,
        1.516405 -0.424877 0.393701,
        1.485530 -0.522689 0.847114,
        1.443114 -0.626869 0.847114,
        1.559554 -0.214379 0.847114,
        1.558278 -0.227542 0.847114,
        1.560135 -0.214436 0.393701,
        1.529042 -0.376875 0.847114,
        1.514856 -0.424415 0.847114,
        1.572964 -0.076084 0.847114,
        1.574803 0.000000 0.393701,
        1.572964 0.000000 0.847114,
        1.572964 0.076084 0.847114,
        1.560135 0.214436 0.393701,
        1.559554 0.214379 0.847114,
        1.558278 0.227542 0.847114,
        1.516405 0.424877 0.393701,
        1.529042 0.376875 0.847114,
        1.444427 0.627403 0.393701,
        1.485530 0.522689 0.847114,
        1.514856 0.424415 0.847114,
        1.344748 0.817722 0.847114,
        1.357433 0.798362 0.847114,
        1.345543 0.818243 0.393701,
        1.428148 0.663624 0.847114,
        1.443114 0.626869 0.847114,
        1.274043 0.925646 0.847114,
        1.221593 0.993839 0.393701,
        1.220183 0.992707 0.847114,
        1.178757 1.044288 0.847114,
        1.074887 1.150923 0.393701,
        1.074775 1.150813 0.847114,
        1.072466 1.153179 0.847114,
        0.908158 1.286567 0.393701,
        0.956161 1.251304 0.847114,
        0.724512 1.398244 0.393701,
        0.830930 1.337745 0.847114,
        0.907163 1.285125 0.847114,
        0.526983 1.482685 0.847114,
        0.558433 1.472467 0.847114,
        0.527369 1.483876 0.393701,
        0.697939 1.411696 0.847114,
        0.723949 1.397233 0.847114,
        0.413713 1.519489 0.847114,
        0.320403 1.541865 0.393701,
        0.320033 1.540191 0.847114,
        0.265129 1.552324 0.847114,
        0.107469 1.571132 0.393701,
        0.114070 1.570667 0.847114,
        -0.107469 1.571132 0.393701,
        -0.038053 1.574343 0.847114,
        0.107461 1.570826 0.847114,
        -0.320403 1.541865 0.393701,
        -0.189822 1.563321 0.847114,
        -0.107336 1.569311 0.847114,
        -0.526841 1.482481 0.847114,
        -0.486641 1.497727 0.847114,
        -0.527369 1.483876 0.393701,
        -0.339818 1.537702 0.847114,
        -0.320263 1.541043 0.847114,
        -0.628920 1.443767 0.847114,
        -0.724512 1.398244 0.393701,
        -0.723822 1.396848 0.847114,
        -0.765328 1.376328 0.847114,
        -0.908158 1.286567 0.393701,
        -0.894590 1.296037 0.847114,
        -1.074887 1.150923 0.393701,
        -1.015500 1.203647 0.847114,
        -0.907725 1.286000 0.847114,
        -1.221593 0.993839 0.393701,
        -1.126928 1.100018 0.847114,
        -1.073637 1.149579 0.847114,
        -1.344104 0.817396 0.847114,
        -1.317276 0.863012 0.847114,
        -1.345543 0.818243 0.393701,
        -1.227833 0.986119 0.847114,
        -1.221257 0.993542 0.847114,
        -1.394419 0.731848 0.847114,
        -1.444427 0.627403 0.393701,
        -1.443213 0.626839 0.847114,
        -1.458543 0.593850 0.847114,
        -1.516405 0.424877 0.393701,
        -1.509048 0.450308 0.847114,
        -1.560135 0.214436 0.393701,
        -1.545465 0.302562 0.847114,
        -1.515379 0.424624 0.847114,
        -1.574803 0.000000 0.847114,
        -1.567452 0.151991 0.847114,
        -1.558370 0.214178 0.847114,
      ]
    }
    coordIndex [
      0, 1, 2, -1,
      3, 4, 5, -1,
      5, 4, 6, -1,
      5, 6, 7, -1,
      7, 6, 8, -1,
      0, 2, 6, -1,
      6, 2, 9, -1,
      6, 9, 10, -1,
      11, 12, 6, -1,
      6, 12, 13, -1,
      6, 13, 14, -1,
      14, 15, 6, -1,
      6, 15, 16, -1,
      6, 16, 17, -1,
      1, 18, 2, -1,
      2, 18, 19, -1,
      2, 19, 20, -1,
      17, 21, 6, -1,
      6, 21, 22, -1,
      6, 22, 8, -1,
      23, 24, 25, -1,
      25, 24, 26, -1,
      27, 24, 28, -1,
      28, 24, 29, -1,
      27, 30, 24, -1,
      24, 30, 2, -1,
      24, 2, 31, -1,
      31, 2, 32, -1,
      23, 33, 24, -1,
      24, 33, 34, -1,
      24, 34, 29, -1,
      10, 35, 6, -1,
      6, 35, 36, -1,
      6, 36, 37, -1,
      38, 6, 39, -1,
      39, 6, 40, -1,
      38, 41, 6, -1,
      6, 41, 42, -1,
      6, 42, 11, -1,
      20, 43, 2, -1,
      2, 43, 44, -1,
      2, 44, 32, -1,
      37, 45, 6, -1,
      6, 45, 46, -1,
      6, 46, 40, -1,
      47, 48, 49, -1,
      50, 51, 48, -1,
      48, 51, 52, -1,
      48, 52, 49, -1,
      53, 54, 55, -1,
      55, 54, 56, -1,
      55, 56, 50, -1,
      50, 56, 57, -1,
      50, 57, 51, -1,
      53, 55, 58, -1,
      58, 55, 59, -1,
      58, 59, 60, -1,
      60, 59, 61, -1,
      61, 59, 62, -1,
      61, 62, 63, -1,
      64, 65, 62, -1,
      62, 65, 66, -1,
      62, 66, 63, -1,
      67, 68, 64, -1,
      64, 68, 69, -1,
      64, 69, 65, -1,
      70, 71, 72, -1,
      72, 71, 73, -1,
      72, 73, 67, -1,
      67, 73, 74, -1,
      67, 74, 68, -1,
      70, 72, 75, -1,
      75, 72, 76, -1,
      75, 76, 77, -1,
      77, 76, 78, -1,
      78, 76, 79, -1,
      78, 79, 80, -1,
      81, 82, 79, -1,
      79, 82, 83, -1,
      79, 83, 80, -1,
      84, 85, 81, -1,
      81, 85, 86, -1,
      81, 86, 82, -1,
      87, 88, 89, -1,
      89, 88, 90, -1,
      89, 90, 84, -1,
      84, 90, 91, -1,
      84, 91, 85, -1,
      87, 89, 92, -1,
      92, 89, 93, -1,
      92, 93, 94, -1,
      94, 93, 95, -1,
      95, 93, 96, -1,
      95, 96, 97, -1,
      98, 99, 96, -1,
      96, 99, 100, -1,
      96, 100, 97, -1,
      101, 102, 103, -1,
      103, 102, 104, -1,
      103, 104, 98, -1,
      98, 104, 105, -1,
      98, 105, 99, -1,
      101, 103, 106, -1,
      106, 103, 107, -1,
      106, 107, 108, -1,
      108, 107, 109, -1,
      109, 107, 110, -1,
      109, 110, 111, -1,
      111, 110, 112, -1,
      112, 110, 113, -1,
      112, 113, 114, -1,
      115, 116, 113, -1,
      113, 116, 117, -1,
      113, 117, 114, -1,
      118, 119, 120, -1,
      120, 119, 121, -1,
      120, 121, 115, -1,
      115, 121, 122, -1,
      115, 122, 116, -1,
      118, 120, 123, -1,
      123, 120, 124, -1,
      123, 124, 125, -1,
      125, 124, 126, -1,
      126, 124, 127, -1,
      126, 127, 128, -1,
      128, 127, 129, -1,
      129, 127, 130, -1,
      129, 130, 131, -1,
      132, 133, 130, -1,
      130, 133, 134, -1,
      130, 134, 131, -1,
      135, 136, 137, -1,
      137, 136, 138, -1,
      137, 138, 132, -1,
      132, 138, 139, -1,
      132, 139, 133, -1,
      135, 137, 140, -1,
      140, 137, 141, -1,
      140, 141, 142, -1,
      142, 141, 143, -1,
      143, 141, 144, -1,
      143, 144, 145, -1,
      145, 144, 146, -1,
      146, 144, 147, -1,
      146, 147, 148, -1,
      149, 150, 147, -1,
      147, 150, 151, -1,
      147, 151, 148, -1,
      152, 153, 154, -1,
      154, 153, 155, -1,
      154, 155, 149, -1,
      149, 155, 156, -1,
      149, 156, 150, -1,
      152, 154, 157, -1,
      157, 154, 158, -1,
      157, 158, 159, -1,
      159, 158, 160, -1,
      160, 158, 161, -1,
      160, 161, 162, -1,
      163, 164, 161, -1,
      161, 164, 165, -1,
      161, 165, 162, -1,
      166, 167, 163, -1,
      163, 167, 168, -1,
      163, 168, 164, -1,
      169, 170, 171, -1,
      171, 170, 172, -1,
      171, 172, 166, -1,
      166, 172, 173, -1,
      166, 173, 167, -1,
      169, 171, 174, -1,
      174, 171, 175, -1,
      174, 175, 176, -1,
      176, 175, 177, -1,
      177, 175, 178, -1,
      177, 178, 179, -1,
      180, 181, 178, -1,
      178, 181, 182, -1,
      178, 182, 179, -1,
      183, 184, 180, -1,
      180, 184, 185, -1,
      180, 185, 181, -1,
      186, 187, 188, -1,
      188, 187, 189, -1,
      188, 189, 183, -1,
      183, 189, 190, -1,
      183, 190, 184, -1,
      186, 188, 191, -1,
      191, 188, 192, -1,
      191, 192, 193, -1,
      193, 192, 194, -1,
      194, 192, 195, -1,
      194, 195, 196, -1,
      197, 198, 195, -1,
      195, 198, 199, -1,
      195, 199, 196, -1,
      49, 200, 47, -1,
      47, 200, 201, -1,
      47, 201, 197, -1,
      197, 201, 202, -1,
      197, 202, 198, -1,
    ]
  }
}

Shape {
  appearance Appearance {
    material Material {
      diffuseColor 0.2235 0.2235 0.2235
      specularColor 0.1137 0.1137 0.1137
      ambientIntensity 0.2
      transparency 0.0000
      shininess 0.5
    }
  }
  geometry IndexedFaceSet {
    ccw TRUE
    solid FALSE
    coord DEF co Coordinate {
      point [
        1.633858 1.633858 0.000000,
        1.633858 0.255906 0.000000,
        0.064802 1.633858 0.000000,
        0.118110 0.255906 0.000000,
        0.118110 -0.255906 0.000000,
        1.633858 -0.255906 0.000000,
        1.633858 -0.537285 0.000000,
        0.064802 -1.633858 0.000000,
        1.633858 -1.633858 0.000000,
        -1.633858 0.255906 0.000000,
        -1.633858 0.925197 0.000000,
        -0.118110 0.255906 0.000000,
        -0.925197 1.633858 0.000000,
        -0.118110 -0.255906 0.000000,
        -1.633858 -0.537285 0.000000,
        -1.633858 -0.255906 0.000000,
        -1.633858 -0.925197 0.000000,
        -0.925197 -1.633858 0.000000,
        -1.574803 0.000000 0.393701,
        -1.560135 -0.214436 0.393701,
        -1.516405 -0.424877 0.393701,
        -1.444427 -0.627403 0.393701,
        -1.345543 -0.818243 0.393701,
        -1.221593 -0.993839 0.393701,
        -1.074887 -1.150923 0.393701,
        -0.908158 -1.286567 0.393701,
        -0.724512 -1.398244 0.393701,
        -0.527369 -1.483876 0.393701,
        -0.320403 -1.541865 0.393701,
        -0.107469 -1.571132 0.393701,
        0.107469 -1.571132 0.393701,
        0.320403 -1.541865 0.393701,
        0.527369 -1.483876 0.393701,
        0.724512 -1.398244 0.393701,
        0.908158 -1.286567 0.393701,
        1.074887 -1.150923 0.393701,
        1.221593 -0.993839 0.393701,
        1.345543 -0.818243 0.393701,
        1.444427 -0.627403 0.393701,
        1.516405 -0.424877 0.393701,
        1.560135 -0.214436 0.393701,
        1.574803 0.000000 0.393701,
        1.560135 0.214436 0.393701,
        1.516405 0.424877 0.393701,
        1.444427 0.627403 0.393701,
        1.345543 0.818243 0.393701,
        1.221593 0.993839 0.393701,
        1.074887 1.150923 0.393701,
        0.908158 1.286567 0.393701,
        0.724512 1.398244 0.393701,
        0.527369 1.483876 0.393701,
        0.320403 1.541865 0.393701,
        0.107469 1.571132 0.393701,
        -0.107469 1.571132 0.393701,
        -0.320403 1.541865 0.393701,
        -0.527369 1.483876 0.393701,
        -0.724512 1.398244 0.393701,
        -0.908158 1.286567 0.393701,
        -1.074887 1.150923 0.393701,
        -1.221593 0.993839 0.393701,
        -1.345543 0.818243 0.393701,
        -1.444427 0.627403 0.393701,
        -1.516405 0.424877 0.393701,
        -1.560135 0.214436 0.393701,
        0.393701 1.534960 0.393701,
        0.393701 1.633858 0.393701,
        -0.393701 -1.534960 0.393701,
        -0.393701 -1.633858 0.393701,
        0.393701 -1.633858 0.393701,
        -0.393701 1.633858 0.393701,
        -0.393701 1.534960 0.393701,
        0.594625 1.468851 0.393701,
        0.784954 1.376572 0.393701,
        0.961298 1.259765 0.393701,
        1.120514 1.120514 0.393701,
        1.259765 0.961298 0.393701,
        1.376572 0.784954 0.393701,
        1.468851 0.594625 0.393701,
        1.534960 0.393701 0.393701,
        1.633858 0.393701 0.393701,
        1.633858 -0.393701 0.393701,
        1.534960 -0.393701 0.393701,
        1.468851 -0.594625 0.393701,
        1.376572 -0.784954 0.393701,
        1.259765 -0.961298 0.393701,
        1.120514 -1.120514 0.393701,
        0.961298 -1.259765 0.393701,
        0.784954 -1.376572 0.393701,
        0.594625 -1.468851 0.393701,
        0.393701 -1.534960 0.393701,
        -0.594625 -1.468851 0.393701,
        -0.784954 -1.376572 0.393701,
        -0.961298 -1.259765 0.393701,
        -1.120514 -1.120514 0.393701,
        -1.259765 -0.961298 0.393701,
        -1.376572 -0.784954 0.393701,
        -1.468851 -0.594625 0.393701,
        -1.534960 -0.393701 0.393701,
        -1.633858 -0.393701 0.393701,
        -1.633858 0.393701 0.393701,
        -1.534960 0.393701 0.393701,
        -1.468851 0.594625 0.393701,
        -1.376572 0.784954 0.393701,
        -1.259765 0.961298 0.393701,
        -1.120514 1.120514 0.393701,
        -0.961298 1.259765 0.393701,
        -0.784954 1.376572 0.393701,
        -0.594625 1.468851 0.393701,
        1.633858 0.255906 0.078740,
        1.633858 1.633858 0.984252,
        1.633858 0.393701 0.984252,
        1.633858 -0.393701 0.984252,
        1.633858 -1.633858 0.984252,
        1.633858 -0.255906 0.078740,
        0.393701 1.633858 0.984252,
        -0.925197 1.633858 0.708661,
        -0.393701 1.633858 0.708661,
        0.393701 1.534960 0.984252,
        0.594625 1.468851 0.984252,
        0.784954 1.376572 0.984252,
        0.961298 1.259765 0.984252,
        1.120514 1.120514 0.984252,
        1.259765 0.961298 0.984252,
        1.534960 0.393701 0.984252,
        1.468851 0.594625 0.984252,
        1.376572 0.784954 0.984252,
        -1.633858 0.925197 0.708661,
        -1.633858 -0.925197 0.708661,
        -1.633858 -0.393701 0.708661,
        -1.633858 0.393701 0.708661,
        -1.633858 0.255906 0.078740,
        -1.633858 -0.255906 0.078740,
        -0.925197 -1.633858 0.708661,
        0.393701 -1.633858 0.984252,
        -0.393701 -1.633858 0.708661,
        1.534960 -0.393701 0.984252,
        1.468851 -0.594625 0.984252,
        1.376572 -0.784954 0.984252,
        1.259765 -0.961298 0.984252,
        1.120514 -1.120514 0.984252,
        0.393701 -1.534960 0.984252,
        0.594625 -1.468851 0.984252,
        0.961298 -1.259765 0.984252,
        0.784954 -1.376572 0.984252,
        -0.393701 1.534960 0.708661,
        -0.594625 1.468851 0.708661,
        -0.784954 1.376572 0.708661,
        -0.961298 1.259765 0.708661,
        -1.120514 1.120514 0.708661,
        -1.259765 0.961298 0.708661,
        -1.376572 0.784954 0.708661,
        -1.468851 0.594625 0.708661,
        -1.534960 0.393701 0.708661,
        -0.393701 -1.534960 0.708661,
        -1.534960 -0.393701 0.708661,
        -1.468851 -0.594625 0.708661,
        -1.376572 -0.784954 0.708661,
        -1.259765 -0.961298 0.708661,
        -1.120514 -1.120514 0.708661,
        -0.961298 -1.259765 0.708661,
        -0.784954 -1.376572 0.708661,
        -0.594625 -1.468851 0.708661,
        -0.118110 -0.255906 0.078740,
        -0.118110 0.255906 0.078740,
        0.118110 0.255906 0.078740,
        0.118110 -0.255906 0.078740,
      ]
    }
    coordIndex [
      52, 64, 65, -1,
      66, 67, 29, -1,
      29, 67, 68, -1,
      52, 65, 53, -1,
      53, 65, 69, -1,
      53, 69, 70, -1,
      52, 51, 64, -1,
      64, 51, 50, -1,
      64, 50, 71, -1,
      71, 50, 49, -1,
      71, 49, 72, -1,
      72, 49, 48, -1,
      72, 48, 73, -1,
      73, 48, 47, -1,
      73, 47, 74, -1,
      74, 47, 46, -1,
      74, 46, 75, -1,
      75, 46, 45, -1,
      75, 45, 76, -1,
      76, 45, 44, -1,
      76, 44, 77, -1,
      77, 44, 78, -1,
      44, 43, 78, -1,
      78, 43, 42, -1,
      78, 42, 79, -1,
      79, 42, 41, -1,
      79, 41, 80, -1,
      80, 41, 40, -1,
      80, 40, 81, -1,
      81, 40, 39, -1,
      81, 39, 82, -1,
      82, 39, 38, -1,
      82, 38, 83, -1,
      83, 38, 37, -1,
      83, 37, 84, -1,
      84, 37, 36, -1,
      84, 36, 85, -1,
      85, 36, 35, -1,
      85, 35, 86, -1,
      86, 35, 34, -1,
      86, 34, 87, -1,
      87, 34, 33, -1,
      87, 33, 88, -1,
      88, 33, 32, -1,
      88, 32, 89, -1,
      89, 32, 31, -1,
      89, 31, 68, -1,
      68, 31, 30, -1,
      68, 30, 29, -1,
      29, 28, 66, -1,
      66, 28, 27, -1,
      66, 27, 90, -1,
      90, 27, 26, -1,
      90, 26, 91, -1,
      91, 26, 25, -1,
      91, 25, 92, -1,
      92, 25, 24, -1,
      92, 24, 93, -1,
      93, 24, 23, -1,
      93, 23, 94, -1,
      94, 23, 22, -1,
      94, 22, 95, -1,
      95, 22, 21, -1,
      95, 21, 96, -1,
      96, 21, 20, -1,
      96, 20, 97, -1,
      97, 20, 19, -1,
      97, 19, 98, -1,
      98, 19, 18, -1,
      98, 18, 99, -1,
      99, 18, 63, -1,
      99, 63, 100, -1,
      100, 63, 62, -1,
      100, 62, 101, -1,
      101, 62, 61, -1,
      101, 61, 102, -1,
      102, 61, 60, -1,
      102, 60, 103, -1,
      103, 60, 59, -1,
      103, 59, 104, -1,
      104, 59, 58, -1,
      104, 58, 105, -1,
      105, 58, 57, -1,
      105, 57, 106, -1,
      106, 57, 56, -1,
      106, 56, 107, -1,
      107, 56, 55, -1,
      107, 55, 70, -1,
      70, 55, 54, -1,
      70, 54, 53, -1,
      108, 1, 0, -1,
      109, 110, 79, -1,
      111, 112, 80, -1,
      80, 112, 8, -1,
      80, 8, 6, -1,
      0, 109, 108, -1,
      108, 109, 79, -1,
      108, 79, 113, -1,
      113, 79, 80, -1,
      113, 80, 5, -1,
      5, 80, 6, -1,
      65, 114, 109, -1,
      115, 116, 12, -1,
      12, 116, 69, -1,
      12, 69, 2, -1,
      2, 69, 65, -1,
      2, 65, 0, -1,
      0, 65, 109, -1,
      114, 117, 109, -1,
      109, 117, 118, -1,
      109, 118, 119, -1,
      119, 120, 109, -1,
      109, 120, 121, -1,
      109, 121, 122, -1,
      123, 110, 124, -1,
      124, 110, 109, -1,
      124, 109, 125, -1,
      125, 109, 122, -1,
      115, 12, 126, -1,
      126, 12, 10, -1,
      14, 16, 127, -1,
      127, 128, 98, -1,
      129, 126, 99, -1,
      99, 126, 10, -1,
      10, 9, 99, -1,
      99, 9, 130, -1,
      99, 130, 98, -1,
      98, 130, 131, -1,
      98, 131, 127, -1,
      127, 131, 15, -1,
      127, 15, 14, -1,
      127, 16, 132, -1,
      132, 16, 17, -1,
      112, 133, 8, -1,
      8, 133, 68, -1,
      134, 132, 67, -1,
      67, 132, 17, -1,
      67, 17, 68, -1,
      68, 17, 7, -1,
      68, 7, 8, -1,
      111, 135, 112, -1,
      112, 135, 136, -1,
      136, 137, 112, -1,
      112, 137, 138, -1,
      112, 138, 139, -1,
      140, 133, 141, -1,
      141, 133, 112, -1,
      139, 142, 112, -1,
      112, 142, 143, -1,
      112, 143, 141, -1,
      70, 144, 107, -1,
      107, 144, 145, -1,
      107, 145, 106, -1,
      106, 145, 146, -1,
      106, 146, 105, -1,
      105, 146, 147, -1,
      105, 147, 104, -1,
      104, 147, 148, -1,
      104, 148, 103, -1,
      103, 148, 149, -1,
      103, 149, 102, -1,
      102, 149, 150, -1,
      102, 150, 101, -1,
      101, 150, 151, -1,
      101, 151, 100, -1,
      100, 151, 152, -1,
      70, 69, 144, -1,
      144, 69, 116, -1,
      65, 64, 114, -1,
      114, 64, 117, -1,
      78, 123, 77, -1,
      77, 123, 124, -1,
      77, 124, 76, -1,
      76, 124, 125, -1,
      76, 125, 75, -1,
      75, 125, 122, -1,
      75, 122, 74, -1,
      74, 122, 121, -1,
      74, 121, 73, -1,
      73, 121, 120, -1,
      73, 120, 72, -1,
      72, 120, 119, -1,
      72, 119, 71, -1,
      71, 119, 118, -1,
      71, 118, 64, -1,
      64, 118, 117, -1,
      78, 79, 123, -1,
      123, 79, 110, -1,
      80, 81, 111, -1,
      111, 81, 135, -1,
      89, 140, 88, -1,
      88, 140, 141, -1,
      88, 141, 87, -1,
      87, 141, 143, -1,
      87, 143, 86, -1,
      86, 143, 142, -1,
      86, 142, 85, -1,
      85, 142, 139, -1,
      85, 139, 84, -1,
      84, 139, 138, -1,
      84, 138, 83, -1,
      83, 138, 137, -1,
      83, 137, 82, -1,
      82, 137, 136, -1,
      82, 136, 81, -1,
      81, 136, 135, -1,
      89, 68, 140, -1,
      140, 68, 133, -1,
      67, 66, 134, -1,
      134, 66, 153, -1,
      97, 154, 96, -1,
      96, 154, 155, -1,
      96, 155, 95, -1,
      95, 155, 156, -1,
      95, 156, 94, -1,
      94, 156, 157, -1,
      94, 157, 93, -1,
      93, 157, 158, -1,
      93, 158, 92, -1,
      92, 158, 159, -1,
      92, 159, 91, -1,
      91, 159, 160, -1,
      91, 160, 90, -1,
      90, 160, 161, -1,
      90, 161, 66, -1,
      66, 161, 153, -1,
      154, 97, 128, -1,
      128, 97, 98, -1,
      99, 100, 129, -1,
      129, 100, 152, -1,
      144, 116, 145, -1,
      145, 116, 115, -1,
      145, 115, 146, -1,
      129, 152, 126, -1,
      126, 152, 151, -1,
      126, 151, 150, -1,
      150, 149, 126, -1,
      126, 149, 148, -1,
      126, 148, 115, -1,
      115, 148, 147, -1,
      115, 147, 146, -1,
      134, 153, 132, -1,
      132, 153, 161, -1,
      154, 128, 155, -1,
      155, 128, 127, -1,
      155, 127, 156, -1,
      156, 127, 157, -1,
      161, 160, 132, -1,
      132, 160, 159, -1,
      132, 159, 127, -1,
      127, 159, 158, -1,
      127, 158, 157, -1,
      131, 162, 15, -1,
      15, 162, 13, -1,
      162, 163, 13, -1,
      13, 163, 11, -1,
      163, 130, 11, -1,
      11, 130, 9, -1,
      163, 162, 130, -1,
      130, 162, 131, -1,
      108, 164, 1, -1,
      1, 164, 3, -1,
      164, 165, 3, -1,
      3, 165, 4, -1,
      165, 113, 4, -1,
      4, 113, 5, -1,
      165, 164, 113, -1,
      113, 164, 108, -1,
    ]
  }
}

Shape {
  appearance Appearance {
    material Material {
      diffuseColor 0.8510 0.8510 0.8510
      specularColor 0.4235 0.4235 0.4235
      ambientIntensity 0.2
      transparency 0.0000
      shininess 0.5
    }
  }
  geometry IndexedFaceSet {
    ccw TRUE
    solid FALSE
    coord DEF co Coordinate {
      point [
        0.610697 1.235234 3.937008,
        0.488629 1.288408 3.937008,
        -1.352281 0.264742 3.937008,
        0.732934 -1.166859 3.937008,
        0.732934 1.166859 3.937008,
        0.727063 -1.170527 3.937008,
        0.727063 1.170527 3.937008,
        0.610697 -1.235234 3.937008,
        0.488629 -1.288408 3.937008,
        -1.371520 0.132992 3.937008,
        -1.377953 0.000000 3.937008,
        -0.669662 -1.204287 3.937008,
        -0.550306 -1.263296 3.937008,
        -0.425811 -1.310511 3.937008,
        -0.297341 -1.345490 3.937008,
        -0.166094 -1.367906 3.937008,
        -0.033296 -1.377550 3.937008,
        0.099812 -1.374333 3.937008,
        0.361998 1.329553 3.937008,
        0.231988 1.358284 3.937008,
        0.099812 1.374333 3.937008,
        0.231988 -1.358284 3.937008,
        0.361998 -1.329553 3.937008,
        -0.888562 1.053191 3.937008,
        -0.550306 1.263296 3.937008,
        -0.782767 1.134033 3.937008,
        -0.669662 1.204287 3.937008,
        -1.276225 0.519619 3.937008,
        -1.220117 0.640367 3.937008,
        -1.152617 0.755135 3.937008,
        -1.320417 0.394020 3.937008,
        -0.425811 1.310511 3.937008,
        -0.297341 1.345490 3.937008,
        -0.986061 0.962516 3.937008,
        -1.074354 0.862854 3.937008,
        -1.371520 -0.132992 3.937008,
        -1.352281 -0.264742 3.937008,
        -1.320417 -0.394020 3.937008,
        -0.986061 -0.962516 3.937008,
        -1.074354 -0.862854 3.937008,
        -1.152617 -0.755135 3.937008,
        -0.888562 -1.053191 3.937008,
        -0.782767 -1.134033 3.937008,
        -0.033296 1.377550 3.937008,
        -0.166094 1.367906 3.937008,
        -1.276225 -0.519619 3.937008,
        -1.220117 -0.640367 3.937008,
        -1.567452 -0.151991 0.847114,
        -1.545465 -0.302562 0.847114,
        -1.558370 -0.214178 0.847114,
        -1.443213 -0.626839 0.847114,
        -1.458543 -0.593850 0.847114,
        -1.509048 -0.450308 0.847114,
        -1.515379 -0.424624 0.847114,
        -1.394419 -0.731848 0.847114,
        -1.344104 -0.817396 0.847114,
        -1.317276 -0.863012 0.847114,
        -1.227833 -0.986119 0.847114,
        -1.126928 -1.100018 0.847114,
        -1.221257 -0.993542 0.847114,
        -1.015500 -1.203647 0.847114,
        -1.073637 -1.149579 0.847114,
        -0.723822 -1.396848 0.847114,
        -0.765328 -1.376328 0.847114,
        -0.894590 -1.296037 0.847114,
        -0.907725 -1.286000 0.847114,
        -0.628920 -1.443767 0.847114,
        -0.526841 -1.482481 0.847114,
        -0.486641 -1.497727 0.847114,
        -0.339818 -1.537702 0.847114,
        -0.189822 -1.563321 0.847114,
        -0.320263 -1.541043 0.847114,
        -0.038053 -1.574343 0.847114,
        -0.107336 -1.569311 0.847114,
        0.320033 -1.540191 0.847114,
        0.265129 -1.552324 0.847114,
        0.114070 -1.570667 0.847114,
        0.107461 -1.570826 0.847114,
        0.413713 -1.519489 0.847114,
        0.526983 -1.482685 0.847114,
        0.558433 -1.472467 0.847114,
        0.697939 -1.411696 0.847114,
        0.830930 -1.337745 0.847114,
        0.723949 -1.397233 0.847114,
        1.074775 -1.150813 0.847114,
        1.072466 -1.153179 0.847114,
        0.956161 -1.251304 0.847114,
        0.907163 -1.285125 0.847114,
        1.178757 -1.044288 0.847114,
        1.220183 -0.992707 0.847114,
        1.274043 -0.925646 0.847114,
        1.344748 -0.817722 0.847114,
        1.357433 -0.798362 0.847114,
        1.428148 -0.663624 0.847114,
        1.485530 -0.522689 0.847114,
        1.443114 -0.626869 0.847114,
        1.559554 -0.214379 0.847114,
        1.558278 -0.227542 0.847114,
        1.529042 -0.376875 0.847114,
        1.514856 -0.424415 0.847114,
        1.572964 -0.076084 0.847114,
        1.572964 0.000000 0.847114,
        1.572964 0.076084 0.847114,
        1.559554 0.214379 0.847114,
        1.558278 0.227542 0.847114,
        1.529042 0.376875 0.847114,
        1.485530 0.522689 0.847114,
        1.514856 0.424415 0.847114,
        1.344748 0.817722 0.847114,
        1.357433 0.798362 0.847114,
        1.428148 0.663624 0.847114,
        1.443114 0.626869 0.847114,
        1.274043 0.925646 0.847114,
        1.220183 0.992707 0.847114,
        1.178757 1.044288 0.847114,
        1.074775 1.150813 0.847114,
        1.072466 1.153179 0.847114,
        0.956161 1.251304 0.847114,
        0.830930 1.337745 0.847114,
        0.907163 1.285125 0.847114,
        0.526983 1.482685 0.847114,
        0.558433 1.472467 0.847114,
        0.697939 1.411696 0.847114,
        0.723949 1.397233 0.847114,
        0.413713 1.519489 0.847114,
        0.320033 1.540191 0.847114,
        0.265129 1.552324 0.847114,
        0.114070 1.570667 0.847114,
        -0.038053 1.574343 0.847114,
        0.107461 1.570826 0.847114,
        -0.189822 1.563321 0.847114,
        -0.107336 1.569311 0.847114,
        -0.526841 1.482481 0.847114,
        -0.486641 1.497727 0.847114,
        -0.339818 1.537702 0.847114,
        -0.320263 1.541043 0.847114,
        -0.628920 1.443767 0.847114,
        -0.723822 1.396848 0.847114,
        -0.765328 1.376328 0.847114,
        -0.894590 1.296037 0.847114,
        -1.015500 1.203647 0.847114,
        -0.907725 1.286000 0.847114,
        -1.126928 1.100018 0.847114,
        -1.073637 1.149579 0.847114,
        -1.344104 0.817396 0.847114,
        -1.317276 0.863012 0.847114,
        -1.227833 0.986119 0.847114,
        -1.221257 0.993542 0.847114,
        -1.394419 0.731848 0.847114,
        -1.443213 0.626839 0.847114,
        -1.458543 0.593850 0.847114,
        -1.509048 0.450308 0.847114,
        -1.545465 0.302562 0.847114,
        -1.515379 0.424624 0.847114,
        -1.574803 0.000000 0.847114,
        -1.567452 0.151991 0.847114,
        -1.558370 0.214178 0.847114,
        -0.179276 1.476470 1.010791,
        -0.184894 1.475510 1.010791,
        -0.181308 1.446803 1.035973,
        -0.320939 1.452274 1.010791,
        -0.330837 1.449580 1.010791,
        -0.324462 1.421561 1.035973,
        -0.459605 1.414520 1.010791,
        -0.473462 1.409265 1.010791,
        -0.464391 1.382191 1.035973,
        -0.593981 1.363558 1.010791,
        -0.611354 1.354969 1.010791,
        -0.599706 1.329084 1.035973,
        -1.064320 1.038906 1.010791,
        -1.089273 1.010740 1.010791,
        -1.068877 0.991773 1.035973,
        -1.159620 0.931334 1.010791,
        -1.184421 0.897200 1.010791,
        -1.162314 0.880419 1.035973,
        -1.244094 0.815067 1.010791,
        -1.267797 0.774765 1.010791,
        -1.244200 0.760315 1.035973,
        -1.316951 0.691189 1.010791,
        -1.338577 0.644649 1.010791,
        -1.313720 0.632654 1.035973,
        -1.377513 0.560858 1.010791,
        -1.396061 0.508143 1.010791,
        -1.370184 0.498706 1.035973,
        -1.425213 0.425291 1.010791,
        -1.439678 0.366600 1.010791,
        -1.413030 0.359802 1.035973,
        -1.459606 0.285753 1.010791,
        -1.468999 0.221424 1.010791,
        -1.441833 0.217321 1.035973,
        0.107733 -1.483407 1.010791,
        0.111128 -1.482995 1.010791,
        0.108965 -1.454042 1.035973,
        0.250400 -1.466084 1.010791,
        0.258191 -1.464363 1.010791,
        0.253200 -1.435967 1.035973,
        0.390728 -1.435073 1.010791,
        0.402654 -1.431198 1.010791,
        0.394918 -1.403621 1.035973,
        0.527409 -1.390663 1.010791,
        0.543086 -1.383834 1.010791,
        0.532711 -1.357325 1.035973,
        1.012885 -1.089113 1.010791,
        1.037575 -1.063819 1.010791,
        1.018113 -1.043819 1.035973,
        1.113270 -0.986272 1.010791,
        1.138262 -0.955154 1.010791,
        1.116984 -0.937261 1.035973,
        1.203262 -0.874221 1.010791,
        1.227635 -0.837020 1.010791,
        1.204755 -0.821388 1.035973,
        1.282020 -0.754009 1.010791,
        1.304808 -0.710588 1.010791,
        1.280552 -0.697352 1.035973,
        1.348807 -0.626756 1.010791,
        1.369020 -0.577112 1.010791,
        1.343622 -0.566384 1.035973,
        1.403001 -0.493651 1.010791,
        1.419633 -0.437915 1.010791,
        1.393339 -0.429788 1.035973,
        1.444095 -0.355937 1.010791,
        1.456147 -0.294377 1.010791,
        1.429208 -0.288921 1.035973,
        1.471707 -0.214901 1.010791,
        1.478202 -0.147922 1.010791,
        1.450874 -0.145182 1.035973,
        -0.851168 1.183902 1.247491,
        -0.729060 1.262769 1.247491,
        -0.717959 1.243542 1.215969,
        0.791097 -1.224858 1.247491,
        0.665209 -1.297539 1.247491,
        0.655081 -1.277783 1.215969,
        1.471707 0.214901 1.272674,
        1.478202 0.147922 1.272674,
        1.450874 0.145182 1.247491,
        1.444095 0.355937 1.272674,
        1.456147 0.294377 1.272674,
        1.429208 0.288921 1.247491,
        1.403001 0.493651 1.272674,
        1.419633 0.437915 1.272674,
        1.393339 0.429788 1.247491,
        1.348807 0.626756 1.272674,
        1.369020 0.577112 1.272674,
        1.343622 0.566384 1.247491,
        1.282020 0.754009 1.272674,
        1.304808 0.710588 1.272674,
        1.280552 0.697352 1.247491,
        1.203262 0.874221 1.272674,
        1.227635 0.837020 1.272674,
        1.204755 0.821388 1.247491,
        1.113270 0.986272 1.272674,
        1.138262 0.955154 1.272674,
        1.116984 0.937261 1.247491,
        1.012885 1.089113 1.272674,
        1.037575 1.063819 1.272674,
        1.018113 1.043819 1.247491,
        0.903041 1.181787 1.272674,
        0.926571 1.161935 1.272674,
        0.909122 1.140004 1.247491,
        0.784767 1.263426 1.272674,
        0.806348 1.248529 1.272674,
        0.791097 1.224858 1.247491,
        0.659165 1.333269 1.272674,
        0.678096 1.322741 1.272674,
        0.665209 1.297539 1.247491,
        -1.064320 1.038906 1.272674,
        -0.983296 1.114259 1.272674,
        -0.964817 1.093270 1.247491,
        -1.159620 0.931334 1.272674,
        -1.089273 1.010740 1.272674,
        -1.068877 0.991773 1.247491,
        -1.244094 0.815067 1.272674,
        -1.184421 0.897200 1.272674,
        -1.162314 0.880419 1.247491,
        -1.316951 0.691189 1.272674,
        -1.267797 0.774765 1.272674,
        -1.244200 0.760315 1.247491,
        -1.377513 0.560858 1.272674,
        -1.338577 0.644649 1.272674,
        -1.313720 0.632654 1.247491,
        -1.425213 0.425291 1.272674,
        -1.396061 0.508143 1.272674,
        -1.370184 0.498706 1.247491,
        -1.480371 -0.143546 1.272674,
        -1.483732 -0.074053 1.272674,
        -1.456307 -0.072681 1.247491,
        -1.459606 -0.285753 1.272674,
        -1.468999 -0.221424 1.272674,
        -1.441833 -0.217321 1.247491,
        -1.425213 -0.425291 1.272674,
        -1.439678 -0.366600 1.272674,
        -1.413030 -0.359802 1.247491,
        -1.377513 -0.560858 1.272674,
        -1.396061 -0.508143 1.272674,
        -1.370184 -0.498706 1.247491,
        -1.316951 -0.691189 1.272674,
        -1.338577 -0.644649 1.272674,
        -1.313720 -0.632654 1.247491,
        -1.244094 -0.815067 1.272674,
        -1.267797 -0.774765 1.272674,
        -1.244200 -0.760315 1.247491,
        -1.159620 -0.931334 1.272674,
        -1.184421 -0.897200 1.272674,
        -1.162314 -0.880419 1.247491,
        -1.064320 -1.038906 1.272674,
        -1.089273 -1.010740 1.272674,
        -1.068877 -0.991773 1.247491,
        -0.959083 -1.136778 1.272674,
        -0.983296 -1.114259 1.272674,
        -0.964817 -1.093270 1.247491,
        -0.844891 -1.224035 1.272674,
        -0.867539 -1.206729 1.272674,
        -0.851168 -1.183902 1.247491,
        -0.722810 -1.299865 1.272674,
        -0.743148 -1.287232 1.272674,
        -0.729060 -1.262769 1.247491,
        1.012885 -1.089113 1.272674,
        0.926571 -1.161935 1.272674,
        0.909122 -1.140004 1.247491,
        1.113270 -0.986272 1.272674,
        1.037575 -1.063819 1.272674,
        1.018113 -1.043819 1.247491,
        1.203262 -0.874221 1.272674,
        1.138262 -0.955154 1.272674,
        1.116984 -0.937261 1.247491,
        1.282020 -0.754009 1.272674,
        1.227635 -0.837020 1.272674,
        1.204755 -0.821388 1.247491,
        1.348807 -0.626756 1.272674,
        1.304808 -0.710588 1.272674,
        1.280552 -0.697352 1.247491,
        1.403001 -0.493651 1.272674,
        1.369020 -0.577112 1.272674,
        1.343622 -0.566384 1.247491,
        1.450874 -0.145182 1.247491,
        1.478202 -0.147922 1.272674,
        1.471707 -0.214901 1.272674,
        1.456147 -0.294377 1.272674,
        1.429208 -0.288921 1.247491,
        1.444095 -0.355937 1.272674,
        1.419633 -0.437915 1.272674,
        1.393339 -0.429788 1.247491,
        0.903041 -1.181787 1.272674,
        0.806348 -1.248529 1.272674,
        0.784767 -1.263426 1.272674,
        0.678096 -1.322741 1.272674,
        0.659165 -1.333269 1.272674,
        0.532711 -1.357325 1.247491,
        0.543086 -1.383834 1.272674,
        0.527409 -1.390663 1.272674,
        0.394918 -1.403621 1.247491,
        0.402654 -1.431198 1.272674,
        0.390728 -1.435073 1.272674,
        0.253200 -1.435967 1.247491,
        0.258191 -1.464363 1.272674,
        0.250400 -1.466084 1.272674,
        0.108965 -1.454042 1.247491,
        0.111128 -1.482995 1.272674,
        0.107733 -1.483407 1.272674,
        -0.036352 -1.457666 1.247491,
        -0.035939 -1.486880 1.272674,
        -0.179276 -1.476470 1.272674,
        -0.184894 -1.475510 1.272674,
        -0.181308 -1.446803 1.247491,
        -0.320939 -1.452274 1.272674,
        -0.330837 -1.449580 1.272674,
        -0.324462 -1.421561 1.247491,
        -0.459605 -1.414520 1.272674,
        -0.473462 -1.409265 1.272674,
        -0.464391 -1.382191 1.247491,
        -0.593981 -1.363558 1.272674,
        -0.611354 -1.354969 1.272674,
        -0.599706 -1.329084 1.247491,
        -1.487314 0.000000 1.272674,
        -1.456307 0.072681 1.247491,
        -1.483732 0.074053 1.272674,
        -1.480371 0.143546 1.272674,
        -1.468999 0.221424 1.272674,
        -1.441833 0.217321 1.247491,
        -1.459606 0.285753 1.272674,
        -1.439678 0.366600 1.272674,
        -1.413030 0.359802 1.247491,
        -0.959083 1.136778 1.272674,
        -0.867539 1.206729 1.272674,
        -0.844891 1.224035 1.272674,
        -0.743148 1.287232 1.272674,
        -0.722810 1.299865 1.272674,
        -0.599706 1.329084 1.247491,
        -0.611354 1.354969 1.272674,
        -0.593981 1.363558 1.272674,
        -0.464391 1.382191 1.247491,
        -0.473462 1.409265 1.272674,
        -0.459605 1.414520 1.272674,
        -0.324462 1.421561 1.247491,
        -0.330837 1.449580 1.272674,
        -0.320939 1.452274 1.272674,
        -0.181308 1.446803 1.247491,
        -0.184894 1.475510 1.272674,
        -0.179276 1.476470 1.272674,
        -0.036352 1.457666 1.247491,
        -0.035939 1.486880 1.272674,
        0.107733 1.483407 1.272674,
        0.111128 1.482995 1.272674,
        0.108965 1.454042 1.247491,
        0.250400 1.466084 1.272674,
        0.258191 1.464363 1.272674,
        0.253200 1.435967 1.247491,
        0.390728 1.435073 1.272674,
        0.402654 1.431198 1.272674,
        0.394918 1.403621 1.247491,
        0.527409 1.390663 1.272674,
        0.543086 1.383834 1.272674,
        0.532711 1.357325 1.247491,
        1.485577 0.071857 1.272674,
        1.458119 0.000000 1.247491,
        1.485577 0.000000 1.272674,
        1.485577 -0.071857 1.272674,
        0.519530 -1.323742 1.179998,
        0.524600 -1.336659 1.215969,
        -0.584868 1.296200 1.179998,
        -0.590575 1.308848 1.215969,
        0.383869 -1.364349 1.141732,
        0.385146 -1.368893 1.179998,
        0.388905 -1.382250 1.215969,
        -0.451398 1.343519 1.141732,
        -0.452902 1.347993 1.179998,
        -0.457321 1.361146 1.215969,
        0.246935 -1.400439 1.103467,
        0.246115 -1.395791 1.141732,
        0.246935 -1.400439 1.179998,
        0.249344 -1.414104 1.215969,
        -0.316434 1.386389 1.103467,
        -0.315384 1.381788 1.141732,
        -0.316434 1.386389 1.179998,
        -0.319522 1.399917 1.215969,
        0.107306 -1.431904 1.067495,
        0.106269 -1.418066 1.103467,
        0.105917 -1.413360 1.141732,
        0.106269 -1.418066 1.179998,
        0.107306 -1.431904 1.215969,
        -0.178547 1.424775 1.067495,
        -0.176822 1.411006 1.103467,
        -0.176235 1.406323 1.141732,
        -0.176822 1.411006 1.179998,
        -0.178547 1.424775 1.215969,
        -0.036352 -1.457666 1.035973,
        -0.035798 -1.435472 1.067495,
        -0.035452 -1.421600 1.103467,
        -0.035335 -1.416882 1.141732,
        -0.035452 -1.421600 1.179998,
        -0.035798 -1.435472 1.215969,
        -0.036352 1.457666 1.035973,
        -0.035798 1.435472 1.067495,
        -0.035452 1.421600 1.103467,
        -0.035335 1.416882 1.141732,
        -0.035452 1.421600 1.179998,
        -0.035798 1.435472 1.215969,
        0.791097 -1.224858 1.035973,
        0.909122 -1.140004 1.035973,
        0.895281 -1.122646 1.067495,
        -0.851168 1.183902 1.035973,
        -0.964817 1.093270 1.035973,
        -0.950127 1.076625 1.067495,
        1.458119 0.000000 1.035973,
        1.435919 0.000000 1.067495,
        1.428783 -0.142971 1.067495,
        1.422043 0.000000 1.103467,
        1.414976 -0.141590 1.103467,
        1.417323 0.000000 1.141732,
        1.410280 -0.141120 1.141732,
        1.422043 0.000000 1.179998,
        1.414976 -0.141590 1.179998,
        1.435919 0.000000 1.215969,
        1.428783 -0.142971 1.215969,
        1.407448 -0.284522 1.215969,
        1.393847 -0.281772 1.179998,
        1.389221 -0.280837 1.141732,
        1.393847 -0.281772 1.103467,
        1.407448 -0.284522 1.067495,
        1.372125 -0.423244 1.215969,
        1.358865 -0.419154 1.179998,
        1.354355 -0.417763 1.141732,
        1.358865 -0.419154 1.103467,
        1.372125 -0.423244 1.067495,
        1.323165 -0.557761 1.215969,
        1.310378 -0.552371 1.179998,
        1.306029 -0.550537 1.141732,
        1.310378 -0.552371 1.103467,
        1.323165 -0.557761 1.067495,
        1.261055 -0.686734 1.215969,
        1.248869 -0.680098 1.179998,
        1.244724 -0.677840 1.141732,
        1.248869 -0.680098 1.103467,
        1.261055 -0.686734 1.067495,
        1.174947 -0.801065 1.179998,
        1.171047 -0.798406 1.141732,
        1.174947 -0.801065 1.103467,
        1.186411 -0.808881 1.067495,
        1.085732 -0.911037 1.141732,
        1.089348 -0.914071 1.103467,
        1.099978 -0.922991 1.067495,
        0.992922 -1.017993 1.103467,
        1.002611 -1.027926 1.067495,
        0.926571 -1.161935 1.010791,
        0.659165 -1.333269 1.010791,
        0.678096 -1.322741 1.010791,
        0.665209 -1.297539 1.035973,
        0.779052 -1.206209 1.067495,
        0.886629 -1.111798 1.103467,
        0.989627 -1.014615 1.141732,
        1.089348 -0.914071 1.179998,
        1.186411 -0.808881 1.215969,
        0.784767 -1.263426 1.010791,
        0.806348 -1.248529 1.010791,
        0.903041 -1.181787 1.010791,
        0.655081 -1.277783 1.067495,
        0.771524 -1.194552 1.103467,
        0.883686 -1.108107 1.141732,
        0.992922 -1.017993 1.179998,
        1.099978 -0.922991 1.215969,
        0.524600 -1.336659 1.067495,
        0.648751 -1.265435 1.103467,
        0.768963 -1.190588 1.141732,
        0.886629 -1.111798 1.179998,
        1.002611 -1.027926 1.215969,
        0.388905 -1.382250 1.067495,
        0.519530 -1.323742 1.103467,
        0.646598 -1.261235 1.141732,
        0.771524 -1.194552 1.179998,
        0.895281 -1.122646 1.215969,
        0.249344 -1.414104 1.067495,
        0.385146 -1.368893 1.103467,
        0.517806 -1.319349 1.141732,
        0.648751 -1.265435 1.179998,
        0.779052 -1.206209 1.215969,
        -0.035939 -1.486880 1.010791,
        -0.181308 -1.446803 1.035973,
        -0.184894 -1.475510 1.010791,
        -0.179276 -1.476470 1.010791,
        -0.178547 -1.424775 1.215969,
        -0.176822 -1.411006 1.179998,
        -0.176235 -1.406323 1.141732,
        -0.176822 -1.411006 1.103467,
        -0.178547 -1.424775 1.067495,
        -0.324462 -1.421561 1.035973,
        -0.330837 -1.449580 1.010791,
        -0.320939 -1.452274 1.010791,
        -0.319522 -1.399917 1.215969,
        -0.316434 -1.386389 1.179998,
        -0.315384 -1.381788 1.141732,
        -0.316434 -1.386389 1.103467,
        -0.319522 -1.399917 1.067495,
        -0.464391 -1.382191 1.035973,
        -0.473462 -1.409265 1.010791,
        -0.459605 -1.414520 1.010791,
        -0.457321 -1.361146 1.215969,
        -0.452902 -1.347993 1.179998,
        -0.451398 -1.343519 1.141732,
        -0.452902 -1.347993 1.103467,
        -0.457321 -1.361146 1.067495,
        -0.599706 -1.329084 1.035973,
        -0.611354 -1.354969 1.010791,
        -0.593981 -1.363558 1.010791,
        -0.590575 -1.308848 1.215969,
        -0.584868 -1.296200 1.179998,
        -0.582927 -1.291898 1.141732,
        -0.584868 -1.296200 1.103467,
        -0.590575 -1.308848 1.067495,
        -0.729060 -1.262769 1.035973,
        -0.743148 -1.287232 1.010791,
        -0.722810 -1.299865 1.010791,
        -0.717959 -1.243542 1.215969,
        -0.711021 -1.231525 1.179998,
        -0.708661 -1.227438 1.141732,
        -0.711021 -1.231525 1.103467,
        -0.717959 -1.243542 1.067495,
        -0.851168 -1.183902 1.035973,
        -0.867539 -1.206729 1.010791,
        -0.844891 -1.224035 1.010791,
        -0.838208 -1.165877 1.215969,
        -0.830108 -1.154610 1.179998,
        -0.827353 -1.150778 1.141732,
        -0.830108 -1.154610 1.103467,
        -0.838208 -1.165877 1.067495,
        -0.964817 -1.093270 1.035973,
        -0.983296 -1.114259 1.010791,
        -0.959083 -1.136778 1.010791,
        -0.950127 -1.076625 1.215969,
        -0.940945 -1.066221 1.179998,
        -0.937822 -1.062682 1.141732,
        -0.940945 -1.066221 1.103467,
        -0.950127 -1.076625 1.067495,
        -1.068877 -0.991773 1.035973,
        -1.089273 -1.010740 1.010791,
        -1.064320 -1.038906 1.010791,
        -1.052603 -0.976673 1.215969,
        -1.042431 -0.967235 1.179998,
        -1.038971 -0.964024 1.141732,
        -1.042431 -0.967235 1.103467,
        -1.052603 -0.976673 1.067495,
        -1.162314 -0.880419 1.035973,
        -1.184421 -0.897200 1.010791,
        -1.159620 -0.931334 1.010791,
        -1.144617 -0.867014 1.215969,
        -1.133556 -0.858635 1.179998,
        -1.129794 -0.855786 1.141732,
        -1.133556 -0.858635 1.103467,
        -1.144617 -0.867014 1.067495,
        -1.244200 -0.760315 1.035973,
        -1.267797 -0.774765 1.010791,
        -1.244094 -0.815067 1.010791,
        -1.225256 -0.748739 1.215969,
        -1.213416 -0.741503 1.179998,
        -1.209389 -0.739042 1.141732,
        -1.213416 -0.741503 1.103467,
        -1.225256 -0.748739 1.067495,
        -1.313720 -0.632654 1.035973,
        -1.338577 -0.644649 1.010791,
        -1.316951 -0.691189 1.010791,
        -1.293718 -0.623022 1.215969,
        -1.281216 -0.617001 1.179998,
        -1.276964 -0.614954 1.141732,
        -1.281216 -0.617001 1.103467,
        -1.293718 -0.623022 1.067495,
        -1.370184 -0.498706 1.035973,
        -1.396061 -0.508143 1.010791,
        -1.377513 -0.560858 1.010791,
        -1.349322 -0.491113 1.215969,
        -1.336283 -0.486367 1.179998,
        -1.331848 -0.484753 1.141732,
        -1.336283 -0.486367 1.103467,
        -1.349322 -0.491113 1.067495,
        -1.413030 -0.359802 1.035973,
        -1.439678 -0.366600 1.010791,
        -1.425213 -0.425291 1.010791,
        -1.391516 -0.354324 1.215969,
        -1.378069 -0.350900 1.179998,
        -1.373495 -0.349735 1.141732,
        -1.378069 -0.350900 1.103467,
        -1.391516 -0.354324 1.067495,
        -1.441833 -0.217321 1.035973,
        -1.468999 -0.221424 1.010791,
        -1.459606 -0.285753 1.010791,
        -1.419881 -0.214013 1.215969,
        -1.406159 -0.211944 1.179998,
        -1.401493 -0.211241 1.141732,
        -1.406159 -0.211944 1.103467,
        -1.419881 -0.214013 1.067495,
        -1.456307 -0.072681 1.035973,
        -1.483732 -0.074053 1.010791,
        -1.480371 -0.143546 1.010791,
        -1.434133 -0.071575 1.215969,
        -1.420275 -0.070883 1.179998,
        -1.415561 -0.070648 1.141732,
        -1.420275 -0.070883 1.103467,
        -1.434133 -0.071575 1.067495,
        -1.480371 0.143546 1.010791,
        -1.483732 0.074053 1.010791,
        -1.456307 0.072681 1.035973,
        -1.487314 0.000000 1.010791,
        -1.434133 0.071575 1.215969,
        -1.420275 0.070883 1.179998,
        -1.415561 0.070648 1.141732,
        -1.420275 0.070883 1.103467,
        -1.434133 0.071575 1.067495,
        -1.419881 0.214013 1.215969,
        -1.406159 0.211944 1.179998,
        -1.401493 0.211241 1.141732,
        -1.406159 0.211944 1.103467,
        -1.419881 0.214013 1.067495,
        -1.391516 0.354324 1.215969,
        -1.378069 0.350900 1.179998,
        -1.373495 0.349735 1.141732,
        -1.378069 0.350900 1.103467,
        -1.391516 0.354324 1.067495,
        -1.349322 0.491113 1.215969,
        -1.336283 0.486367 1.179998,
        -1.331848 0.484753 1.141732,
        -1.336283 0.486367 1.103467,
        -1.349322 0.491113 1.067495,
        -1.293718 0.623022 1.215969,
        -1.281216 0.617001 1.179998,
        -1.276964 0.614954 1.141732,
        -1.281216 0.617001 1.103467,
        -1.293718 0.623022 1.067495,
        -1.213416 0.741503 1.179998,
        -1.209389 0.739042 1.141732,
        -1.213416 0.741503 1.103467,
        -1.225256 0.748739 1.067495,
        -1.129794 0.855786 1.141732,
        -1.133556 0.858635 1.103467,
        -1.144617 0.867014 1.067495,
        -1.042431 0.967235 1.103467,
        -1.052603 0.976673 1.067495,
        -0.983296 1.114259 1.010791,
        -0.722810 1.299865 1.010791,
        -0.743148 1.287232 1.010791,
        -0.729060 1.262769 1.035973,
        -0.838208 1.165877 1.067495,
        -0.940945 1.066221 1.103467,
        -1.038971 0.964024 1.141732,
        -1.133556 0.858635 1.179998,
        -1.225256 0.748739 1.215969,
        -0.844891 1.224035 1.010791,
        -0.867539 1.206729 1.010791,
        -0.959083 1.136778 1.010791,
        -0.717959 1.243542 1.067495,
        -0.830108 1.154610 1.103467,
        -0.937822 1.062682 1.141732,
        -1.042431 0.967235 1.179998,
        -1.144617 0.867014 1.215969,
        -0.590575 1.308848 1.067495,
        -0.711021 1.231525 1.103467,
        -0.827353 1.150778 1.141732,
        -0.940945 1.066221 1.179998,
        -1.052603 0.976673 1.215969,
        -0.457321 1.361146 1.067495,
        -0.584868 1.296200 1.103467,
        -0.708661 1.227438 1.141732,
        -0.830108 1.154610 1.179998,
        -0.950127 1.076625 1.215969,
        -0.319522 1.399917 1.067495,
        -0.452902 1.347993 1.103467,
        -0.582927 1.291898 1.141732,
        -0.711021 1.231525 1.179998,
        -0.838208 1.165877 1.215969,
        -0.035939 1.486880 1.010791,
        0.108965 1.454042 1.035973,
        0.111128 1.482995 1.010791,
        0.107733 1.483407 1.010791,
        0.107306 1.431904 1.215969,
        0.106269 1.418066 1.179998,
        0.105917 1.413360 1.141732,
        0.106269 1.418066 1.103467,
        0.107306 1.431904 1.067495,
        0.253200 1.435967 1.035973,
        0.258191 1.464363 1.010791,
        0.250400 1.466084 1.010791,
        0.249344 1.414104 1.215969,
        0.246935 1.400439 1.179998,
        0.246115 1.395791 1.141732,
        0.246935 1.400439 1.103467,
        0.249344 1.414104 1.067495,
        0.394918 1.403621 1.035973,
        0.402654 1.431198 1.010791,
        0.390728 1.435073 1.010791,
        0.388905 1.382250 1.215969,
        0.385146 1.368893 1.179998,
        0.383869 1.364349 1.141732,
        0.385146 1.368893 1.103467,
        0.388905 1.382250 1.067495,
        0.532711 1.357325 1.035973,
        0.543086 1.383834 1.010791,
        0.527409 1.390663 1.010791,
        0.524600 1.336659 1.215969,
        0.519530 1.323742 1.179998,
        0.517806 1.319349 1.141732,
        0.519530 1.323742 1.103467,
        0.524600 1.336659 1.067495,
        0.665209 1.297539 1.035973,
        0.678096 1.322741 1.010791,
        0.659165 1.333269 1.010791,
        0.655081 1.277783 1.215969,
        0.648751 1.265435 1.179998,
        0.646598 1.261235 1.141732,
        0.648751 1.265435 1.103467,
        0.655081 1.277783 1.067495,
        0.791097 1.224858 1.035973,
        0.806348 1.248529 1.010791,
        0.784767 1.263426 1.010791,
        0.779052 1.206209 1.215969,
        0.771524 1.194552 1.179998,
        0.768963 1.190588 1.141732,
        0.771524 1.194552 1.103467,
        0.779052 1.206209 1.067495,
        0.909122 1.140004 1.035973,
        0.926571 1.161935 1.010791,
        0.903041 1.181787 1.010791,
        0.895281 1.122646 1.215969,
        0.886629 1.111798 1.179998,
        0.883686 1.108107 1.141732,
        0.886629 1.111798 1.103467,
        0.895281 1.122646 1.067495,
        1.018113 1.043819 1.035973,
        1.037575 1.063819 1.010791,
        1.012885 1.089113 1.010791,
        1.002611 1.027926 1.215969,
        0.992922 1.017993 1.179998,
        0.989627 1.014615 1.141732,
        0.992922 1.017993 1.103467,
        1.002611 1.027926 1.067495,
        1.116984 0.937261 1.035973,
        1.138262 0.955154 1.010791,
        1.113270 0.986272 1.010791,
        1.099978 0.922991 1.215969,
        1.089348 0.914071 1.179998,
        1.085732 0.911037 1.141732,
        1.089348 0.914071 1.103467,
        1.099978 0.922991 1.067495,
        1.204755 0.821388 1.035973,
        1.227635 0.837020 1.010791,
        1.203262 0.874221 1.010791,
        1.186411 0.808881 1.215969,
        1.174947 0.801065 1.179998,
        1.171047 0.798406 1.141732,
        1.174947 0.801065 1.103467,
        1.186411 0.808881 1.067495,
        1.280552 0.697352 1.035973,
        1.304808 0.710588 1.010791,
        1.282020 0.754009 1.010791,
        1.261055 0.686734 1.215969,
        1.248869 0.680098 1.179998,
        1.244724 0.677840 1.141732,
        1.248869 0.680098 1.103467,
        1.261055 0.686734 1.067495,
        1.343622 0.566384 1.035973,
        1.369020 0.577112 1.010791,
        1.348807 0.626756 1.010791,
        1.323165 0.557761 1.215969,
        1.310378 0.552371 1.179998,
        1.306029 0.550537 1.141732,
        1.310378 0.552371 1.103467,
        1.323165 0.557761 1.067495,
        1.393339 0.429788 1.035973,
        1.419633 0.437915 1.010791,
        1.403001 0.493651 1.010791,
        1.372125 0.423244 1.215969,
        1.358865 0.419154 1.179998,
        1.354355 0.417763 1.141732,
        1.358865 0.419154 1.103467,
        1.372125 0.423244 1.067495,
        1.429208 0.288921 1.035973,
        1.456147 0.294377 1.010791,
        1.444095 0.355937 1.010791,
        1.407448 0.284522 1.215969,
        1.393847 0.281772 1.179998,
        1.389221 0.280837 1.141732,
        1.393847 0.281772 1.103467,
        1.407448 0.284522 1.067495,
        1.450874 0.145182 1.035973,
        1.478202 0.147922 1.010791,
        1.471707 0.214901 1.010791,
        1.428783 0.142971 1.215969,
        1.414976 0.141590 1.179998,
        1.410280 0.141120 1.141732,
        1.414976 0.141590 1.103467,
        1.428783 0.142971 1.067495,
        1.485577 -0.071857 1.010791,
        1.487314 0.000000 1.010791,
        1.485577 0.071857 1.010791,
        -1.567452 0.151991 3.740157,
        -1.567452 0.151991 1.436351,
        -1.574803 0.000000 3.740157,
        -1.574803 0.000000 1.436351,
        -1.567452 -0.151991 3.740157,
        -1.567452 -0.151991 1.436351,
        -1.558370 -0.214178 3.740157,
        -1.558370 -0.214178 1.436351,
        -1.545465 -0.302562 3.740157,
        -1.545465 -0.302562 1.436351,
        -1.515379 -0.424624 3.740157,
        -1.515379 -0.424624 1.436351,
        -1.509048 -0.450308 3.740157,
        -1.509048 -0.450308 1.436351,
        -1.458543 -0.593850 3.740157,
        -1.458543 -0.593850 1.436351,
        -1.443213 -0.626839 3.740157,
        -1.443213 -0.626839 1.436351,
        -1.394419 -0.731848 3.740157,
        -1.394419 -0.731848 1.436351,
        -1.344104 -0.817396 3.740157,
        -1.344104 -0.817396 1.436351,
        -1.317276 -0.863012 3.740157,
        -1.317276 -0.863012 1.436351,
        -1.227833 -0.986119 3.740157,
        -1.227833 -0.986119 1.436351,
        -1.221257 -0.993542 3.740157,
        -1.221257 -0.993542 1.436351,
        -1.126928 -1.100018 3.740157,
        -1.126928 -1.100018 1.436351,
        -1.073637 -1.149579 3.740157,
        -1.073637 -1.149579 1.436351,
        -1.015500 -1.203647 3.740157,
        -1.015500 -1.203647 1.436351,
        -0.907725 -1.286000 3.740157,
        -0.907725 -1.286000 1.436351,
        -0.894590 -1.296037 3.740157,
        -0.894590 -1.296037 1.436351,
        -0.765328 -1.376328 3.740157,
        -0.765328 -1.376328 1.436351,
        -0.723822 -1.396848 3.740157,
        -0.723822 -1.396848 1.436351,
        -0.628920 -1.443767 3.740157,
        -0.628920 -1.443767 1.436351,
        -0.526841 -1.482481 3.740157,
        -0.526841 -1.482481 1.436351,
        -0.486641 -1.497727 3.740157,
        -0.486641 -1.497727 1.436351,
        -0.339818 -1.537702 3.740157,
        -0.339818 -1.537702 1.436351,
        -0.320263 -1.541043 3.740157,
        -0.320263 -1.541043 1.436351,
        -0.189822 -1.563321 3.740157,
        -0.189822 -1.563321 1.436351,
        -0.107336 -1.569311 3.740157,
        -0.107336 -1.569311 1.436351,
        -0.038053 -1.574343 3.740157,
        -0.038053 -1.574343 1.436351,
        0.107461 -1.570826 3.740157,
        0.107461 -1.570826 1.436351,
        0.114070 -1.570667 3.740157,
        0.114070 -1.570667 1.436351,
        0.265129 -1.552324 3.740157,
        0.265129 -1.552324 1.436351,
        0.320033 -1.540191 3.740157,
        0.320033 -1.540191 1.436351,
        0.413713 -1.519489 3.740157,
        0.413713 -1.519489 1.436351,
        0.526983 -1.482685 3.740157,
        0.526983 -1.482685 1.436351,
        0.558433 -1.472467 3.740157,
        0.558433 -1.472467 1.436351,
        0.697939 -1.411696 3.740157,
        0.697939 -1.411696 1.436351,
        0.723949 -1.397233 3.740157,
        0.723949 -1.397233 1.436351,
        0.830930 -1.337745 3.740157,
        0.830930 -1.337745 1.436351,
        0.907163 -1.285125 3.740157,
        0.907163 -1.285125 1.436351,
        0.956161 -1.251304 3.740157,
        0.956161 -1.251304 1.436351,
        1.072466 -1.153179 3.740157,
        1.072466 -1.153179 1.436351,
        1.074775 -1.150813 3.740157,
        1.074775 -1.150813 1.436351,
        1.178757 -1.044288 3.740157,
        1.178757 -1.044288 1.436351,
        1.220183 -0.992707 3.740157,
        1.220183 -0.992707 1.436351,
        1.274043 -0.925646 3.740157,
        1.274043 -0.925646 1.436351,
        1.344748 -0.817722 3.740157,
        1.344748 -0.817722 1.436351,
        1.357433 -0.798362 3.740157,
        1.357433 -0.798362 1.436351,
        1.428148 -0.663624 3.740157,
        1.428148 -0.663624 1.436351,
        1.443114 -0.626869 3.740157,
        1.443114 -0.626869 1.436351,
        1.485530 -0.522689 3.740157,
        1.485530 -0.522689 1.436351,
        1.514856 -0.424415 3.740157,
        1.514856 -0.424415 1.436351,
        1.529042 -0.376875 3.740157,
        1.529042 -0.376875 1.436351,
        1.558278 -0.227542 3.740157,
        1.558278 -0.227542 1.436351,
        1.559554 -0.214379 3.740157,
        1.559554 -0.214379 1.436351,
        1.572964 -0.076084 3.740157,
        1.572964 -0.076084 1.436351,
        1.572964 0.000000 3.740157,
        1.572964 0.000000 1.436351,
        1.572964 0.076084 3.740157,
        1.572964 0.076084 1.436351,
        1.559554 0.214379 3.740157,
        1.559554 0.214379 1.436351,
        1.558278 0.227542 3.740157,
        1.558278 0.227542 1.436351,
        1.529042 0.376875 3.740157,
        1.529042 0.376875 1.436351,
        1.514856 0.424415 3.740157,
        1.514856 0.424415 1.436351,
        1.485530 0.522689 3.740157,
        1.485530 0.522689 1.436351,
        1.443114 0.626869 3.740157,
        1.443114 0.626869 1.436351,
        1.428148 0.663624 3.740157,
        1.428148 0.663624 1.436351,
        1.357433 0.798362 3.740157,
        1.357433 0.798362 1.436351,
        1.344748 0.817722 3.740157,
        1.344748 0.817722 1.436351,
        1.274043 0.925646 3.740157,
        1.274043 0.925646 1.436351,
        1.220183 0.992707 3.740157,
        1.220183 0.992707 1.436351,
        1.178757 1.044288 3.740157,
        1.178757 1.044288 1.436351,
        1.074775 1.150813 3.740157,
        1.074775 1.150813 1.436351,
        1.072466 1.153179 3.740157,
        1.072466 1.153179 1.436351,
        0.956161 1.251304 3.740157,
        0.956161 1.251304 1.436351,
        0.907163 1.285125 3.740157,
        0.907163 1.285125 1.436351,
        0.830930 1.337745 3.740157,
        0.830930 1.337745 1.436351,
        0.723949 1.397233 3.740157,
        0.723949 1.397233 1.436351,
        0.697939 1.411696 3.740157,
        0.697939 1.411696 1.436351,
        0.558433 1.472467 3.740157,
        0.558433 1.472467 1.436351,
        0.526983 1.482685 3.740157,
        0.526983 1.482685 1.436351,
        0.413713 1.519489 3.740157,
        0.413713 1.519489 1.436351,
        0.320033 1.540191 3.740157,
        0.320033 1.540191 1.436351,
        0.265129 1.552324 3.740157,
        0.265129 1.552324 1.436351,
        0.114070 1.570667 3.740157,
        0.114070 1.570667 1.436351,
        0.107461 1.570826 3.740157,
        0.107461 1.570826 1.436351,
        -0.038053 1.574343 3.740157,
        -0.038053 1.574343 1.436351,
        -0.107336 1.569311 3.740157,
        -0.107336 1.569311 1.436351,
        -0.189822 1.563321 3.740157,
        -0.189822 1.563321 1.436351,
        -0.320263 1.541043 3.740157,
        -0.320263 1.541043 1.436351,
        -0.339818 1.537702 3.740157,
        -0.339818 1.537702 1.436351,
        -0.486641 1.497727 3.740157,
        -0.486641 1.497727 1.436351,
        -0.526841 1.482481 3.740157,
        -0.526841 1.482481 1.436351,
        -0.628920 1.443767 3.740157,
        -0.628920 1.443767 1.436351,
        -0.723822 1.396848 3.740157,
        -0.723822 1.396848 1.436351,
        -0.765328 1.376328 3.740157,
        -0.765328 1.376328 1.436351,
        -0.894590 1.296037 3.740157,
        -0.894590 1.296037 1.436351,
        -0.907725 1.286000 3.740157,
        -0.907725 1.286000 1.436351,
        -1.015500 1.203647 3.740157,
        -1.015500 1.203647 1.436351,
        -1.073637 1.149579 3.740157,
        -1.073637 1.149579 1.436351,
        -1.126928 1.100018 3.740157,
        -1.126928 1.100018 1.436351,
        -1.221257 0.993542 3.740157,
        -1.221257 0.993542 1.436351,
        -1.227833 0.986119 3.740157,
        -1.227833 0.986119 1.436351,
        -1.317276 0.863012 3.740157,
        -1.317276 0.863012 1.436351,
        -1.344104 0.817396 3.740157,
        -1.344104 0.817396 1.436351,
        -1.394419 0.731848 3.740157,
        -1.394419 0.731848 1.436351,
        -1.443213 0.626839 3.740157,
        -1.443213 0.626839 1.436351,
        -1.458543 0.593850 3.740157,
        -1.458543 0.593850 1.436351,
        -1.509048 0.450308 3.740157,
        -1.509048 0.450308 1.436351,
        -1.515379 0.424624 3.740157,
        -1.515379 0.424624 1.436351,
        -1.545465 0.302562 3.740157,
        -1.545465 0.302562 1.436351,
        -1.558370 0.214178 3.740157,
        -1.558370 0.214178 1.436351,
        -1.516694 0.147069 0.979312,
        -1.495419 0.292764 0.979312,
        -1.460182 0.435726 0.979312,
        -1.411312 0.574620 0.979312,
        -1.349265 0.708149 0.979312,
        -1.274620 0.835066 0.979312,
        -1.188074 0.954186 0.979312,
        -1.090435 1.064397 0.979312,
        -0.982615 1.164670 0.979312,
        -0.865621 1.254069 0.979312,
        -0.740545 1.331759 0.979312,
        -0.608555 1.397015 0.979312,
        -0.470882 1.449227 0.979312,
        -0.328813 1.487908 0.979312,
        1.507817 -0.220174 0.979312,
        1.479528 -0.364671 0.979312,
        1.437426 -0.505764 0.979312,
        1.381902 -0.642134 0.979312,
        1.313476 -0.772509 0.979312,
        1.232786 -0.895672 0.979312,
        1.140586 -1.010471 0.979312,
        1.037737 -1.115837 0.979312,
        0.925199 -1.210783 0.979312,
        0.804022 -1.294426 0.979312,
        0.675339 -1.365982 0.979312,
        0.540350 -1.424785 0.979312,
        0.400315 -1.470285 0.979312,
        0.256544 -1.502057 0.979312,
        0.942048 -1.232834 0.939910,
        0.952580 -1.246616 0.894945,
        1.068448 -1.148859 0.894945,
        -1.539675 0.301428 0.894945,
        -1.389195 0.729106 0.894945,
        -1.223234 0.982424 0.894945,
        -0.762461 1.371172 0.894945,
        -0.338544 1.531942 0.894945,
        -0.189111 1.557465 0.894945,
        -0.037911 1.568445 0.894945,
        0.412163 1.513797 0.894945,
        0.827817 1.332733 0.894945,
        1.174341 1.040376 0.894945,
        1.269270 0.922178 0.894945,
        1.479965 0.520731 0.894945,
        1.552440 0.226689 0.894945,
        1.479965 -0.520731 0.894945,
        1.352347 -0.795371 0.894945,
        0.556341 -1.466950 0.894945,
        0.113643 -1.564782 0.894945,
        -0.037911 -1.568445 0.894945,
        -0.189111 -1.557465 0.894945,
        -0.626565 -1.438359 0.894945,
        -0.891239 -1.291182 0.894945,
        -1.389195 -0.729106 0.894945,
        -1.503395 -0.448621 0.894945,
        -1.568904 0.000000 0.894945,
        -1.561580 -0.151421 0.894945,
        -1.539675 -0.301428 0.894945,
        -1.453079 -0.591626 0.894945,
        -1.312341 -0.859779 0.894945,
        -1.223234 -0.982424 0.894945,
        -1.122706 -1.095897 0.894945,
        -1.011695 -1.199138 0.894945,
        -0.762461 -1.371172 0.894945,
        -0.484818 -1.492116 0.894945,
        -0.338544 -1.531942 0.894945,
        1.174341 -1.040376 0.894945,
        1.269270 -0.922178 0.894945,
        1.422798 -0.661138 0.894945,
        1.523314 -0.375463 0.894945,
        1.552440 -0.226689 0.894945,
        1.567071 -0.075799 0.894945,
        1.567071 0.075799 0.894945,
        1.523314 0.375463 0.894945,
        1.422798 0.661138 0.894945,
        1.352347 0.795371 0.894945,
        1.068448 1.148859 0.894945,
        0.952580 1.246616 0.894945,
        0.695325 1.406407 0.894945,
        0.556341 1.466950 0.894945,
        0.264136 1.546509 0.894945,
        0.113643 1.564782 0.894945,
        -1.011695 1.199138 0.894945,
        -1.122706 1.095897 0.894945,
        -1.000510 1.185880 0.939910,
        -1.312341 0.859779 0.894945,
        -1.453079 0.591626 0.894945,
        -1.503395 0.448621 0.894945,
        -1.561580 0.151421 0.894945,
        0.827817 -1.332733 0.894945,
        0.818665 -1.317999 0.939910,
        -0.891239 1.291182 0.894945,
        -0.881386 1.276907 0.939910,
        -0.187020 -1.540246 0.939910,
        -0.183675 -1.512697 0.979312,
        -0.328813 -1.487908 0.979312,
        -0.036821 -1.523363 0.979312,
        -0.037491 -1.551106 0.939910,
        0.112387 -1.547483 0.939910,
        0.110377 -1.519805 0.979312,
        0.112387 1.547483 0.939910,
        0.110377 1.519805 0.979312,
        0.256544 1.502057 0.979312,
        -0.036821 1.523363 0.979312,
        -0.037491 1.551106 0.939910,
        -0.187020 1.540246 0.939910,
        -0.183675 1.512697 0.979312,
        -1.516694 -0.147069 0.979312,
        -1.522653 -0.298096 0.939910,
        -1.544315 -0.149747 0.939910,
        -1.523807 0.000000 0.979312,
        -1.495419 -0.292764 0.979312,
        -1.486774 -0.443661 0.939910,
        -1.460182 -0.435726 0.979312,
        -1.437014 -0.585085 0.939910,
        -1.411312 -0.574620 0.979312,
        -1.373837 -0.721045 0.939910,
        -1.349265 -0.708149 0.979312,
        -1.297832 -0.850274 0.939910,
        -1.274620 -0.835066 0.979312,
        -1.209710 -0.971563 0.939910,
        -1.188074 -0.954186 0.979312,
        -1.110294 -1.083781 0.939910,
        -1.090435 -1.064397 0.979312,
        -1.000510 -1.185880 0.939910,
        -0.982615 -1.164670 0.979312,
        -0.881386 -1.276907 0.939910,
        -0.865621 -1.254069 0.979312,
        -0.754032 -1.356013 0.939910,
        -0.740545 -1.331759 0.979312,
        -0.619637 -1.422457 0.939910,
        -0.608555 -1.397015 0.979312,
        -0.479458 -1.475620 0.939910,
        -0.470882 -1.449227 0.979312,
        -0.334802 -1.515006 0.939910,
        0.261216 -1.529412 0.939910,
        0.264136 -1.546509 0.894945,
        0.407606 -1.497061 0.939910,
        0.412163 -1.513797 0.894945,
        0.550190 -1.450732 0.939910,
        0.687638 -1.390859 0.939910,
        0.695325 -1.406407 0.894945,
        1.056636 -1.136157 0.939910,
        1.161358 -1.028874 0.939910,
        1.255237 -0.911983 0.939910,
        1.337396 -0.786578 0.939910,
        1.407069 -0.653828 0.939910,
        1.463604 -0.514974 0.939910,
        1.506473 -0.371312 0.939910,
        1.535277 -0.224183 0.939910,
        1.549746 -0.074961 0.939910,
        1.549746 0.074961 0.939910,
        1.522028 -0.073620 0.979312,
        1.522028 0.073620 0.979312,
        1.535277 0.224183 0.939910,
        1.507817 0.220174 0.979312,
        1.506473 0.371312 0.939910,
        1.479528 0.364671 0.979312,
        1.463604 0.514974 0.939910,
        1.437426 0.505764 0.979312,
        1.407069 0.653828 0.939910,
        1.381902 0.642134 0.979312,
        1.337396 0.786578 0.939910,
        1.313476 0.772509 0.979312,
        1.255237 0.911983 0.939910,
        1.232786 0.895672 0.979312,
        1.161358 1.028874 0.939910,
        1.140586 1.010471 0.979312,
        1.056636 1.136157 0.939910,
        1.037737 1.115837 0.979312,
        0.942048 1.232834 0.939910,
        0.925199 1.210783 0.979312,
        0.818665 1.317999 0.939910,
        0.804022 1.294426 0.979312,
        0.687638 1.390859 0.939910,
        0.675339 1.365982 0.979312,
        0.550190 1.450732 0.939910,
        0.540350 1.424785 0.979312,
        0.407606 1.497061 0.939910,
        0.400315 1.470285 0.979312,
        0.261216 1.529412 0.939910,
        -0.334802 1.515006 0.939910,
        -0.479458 1.475620 0.939910,
        -0.484818 1.492116 0.894945,
        -0.619637 1.422457 0.939910,
        -0.626565 1.438359 0.894945,
        -0.754032 1.356013 0.939910,
        -1.110294 1.083781 0.939910,
        -1.209710 0.971563 0.939910,
        -1.297832 0.850274 0.939910,
        -1.373837 0.721045 0.939910,
        -1.437014 0.585085 0.939910,
        -1.486774 0.443661 0.939910,
        -1.522653 0.298096 0.939910,
        -1.544315 0.149747 0.939910,
        -1.551558 0.000000 0.939910,
        -1.389195 0.729106 1.388519,
        -1.122706 1.095897 1.388519,
        -1.011695 1.199138 1.388519,
        -0.189111 1.557465 1.388519,
        0.827817 1.332733 1.388519,
        1.174341 1.040376 1.388519,
        1.269270 0.922178 1.388519,
        1.567071 0.075799 1.388519,
        0.827817 -1.332733 1.388519,
        0.412163 -1.513797 1.388519,
        -0.037911 -1.568445 1.388519,
        -0.189111 -1.557465 1.388519,
        -1.011695 -1.199138 1.388519,
        -1.522653 0.298096 1.343555,
        -1.495419 0.292764 1.304152,
        -1.516694 0.147069 1.304152,
        -1.523807 0.000000 1.304152,
        -1.460182 0.435726 1.304152,
        -1.411312 0.574620 1.304152,
        -1.349265 0.708149 1.304152,
        -1.274620 0.835066 1.304152,
        -1.188074 0.954186 1.304152,
        -1.090435 1.064397 1.304152,
        -0.982615 1.164670 1.304152,
        -0.865621 1.254069 1.304152,
        -0.740545 1.331759 1.304152,
        -0.608555 1.397015 1.304152,
        -0.470882 1.449227 1.304152,
        -0.328813 1.487908 1.304152,
        0.110377 1.519805 1.304152,
        0.256544 1.502057 1.304152,
        0.400315 1.470285 1.304152,
        0.540350 1.424785 1.304152,
        0.675339 1.365982 1.304152,
        0.804022 1.294426 1.304152,
        1.522028 -0.073620 1.304152,
        1.507817 -0.220174 1.304152,
        1.479528 -0.364671 1.304152,
        1.437426 -0.505764 1.304152,
        1.381902 -0.642134 1.304152,
        1.313476 -0.772509 1.304152,
        1.232786 -0.895672 1.304152,
        1.140586 -1.010471 1.304152,
        1.037737 -1.115837 1.304152,
        0.925199 -1.210783 1.304152,
        0.804022 -1.294426 1.304152,
        0.675339 -1.365982 1.304152,
        0.540350 -1.424785 1.304152,
        0.400315 -1.470285 1.304152,
        0.256544 -1.502057 1.304152,
        -0.183675 -1.512697 1.304152,
        -0.328813 -1.487908 1.304152,
        -0.470882 -1.449227 1.304152,
        -0.608555 -1.397015 1.304152,
        -0.740545 -1.331759 1.304152,
        -0.865621 -1.254069 1.304152,
        -1.516694 -0.147069 1.304152,
        -1.495419 -0.292764 1.304152,
        -1.460182 -0.435726 1.304152,
        -1.411312 -0.574620 1.304152,
        -1.349265 -0.708149 1.304152,
        -1.274620 -0.835066 1.304152,
        -1.188074 -0.954186 1.304152,
        -1.090435 -1.064397 1.304152,
        -0.982615 -1.164670 1.304152,
        1.507817 0.220174 1.304152,
        1.479528 0.364671 1.304152,
        1.437426 0.505764 1.304152,
        1.381902 0.642134 1.304152,
        1.313476 0.772509 1.304152,
        1.232786 0.895672 1.304152,
        1.140586 1.010471 1.304152,
        1.037737 1.115837 1.304152,
        0.925199 1.210783 1.304152,
        -1.486774 0.443661 1.343555,
        -1.503395 0.448621 1.388519,
        -1.544315 0.149747 1.343555,
        -1.551558 0.000000 1.343555,
        -1.544315 -0.149747 1.343555,
        -1.522653 -0.298096 1.343555,
        -1.437014 -0.585085 1.343555,
        -1.373837 -0.721045 1.343555,
        -1.453079 -0.591626 1.388519,
        -1.389195 -0.729106 1.388519,
        -1.297832 -0.850274 1.343555,
        -1.312341 -0.859779 1.388519,
        -1.209710 -0.971563 1.343555,
        -1.223234 -0.982424 1.388519,
        -1.110294 -1.083781 1.343555,
        -1.000510 -1.185880 1.343555,
        -1.122706 -1.095897 1.388519,
        -0.754032 -1.356013 1.343555,
        -0.619637 -1.422457 1.343555,
        -0.762461 -1.371172 1.388519,
        -0.626565 -1.438359 1.388519,
        -0.479458 -1.475620 1.343555,
        -0.484818 -1.492116 1.388519,
        -0.334802 -1.515006 1.343555,
        -0.338544 -1.531942 1.388519,
        0.261216 -1.529412 1.343555,
        0.407606 -1.497061 1.343555,
        0.264136 -1.546509 1.388519,
        0.687638 -1.390859 1.343555,
        0.818665 -1.317999 1.343555,
        0.695325 -1.406407 1.388519,
        1.056636 -1.136157 1.343555,
        1.161358 -1.028874 1.343555,
        1.068448 -1.148859 1.388519,
        1.174341 -1.040376 1.388519,
        1.407069 -0.653828 1.343555,
        1.463604 -0.514974 1.343555,
        1.422798 -0.661138 1.388519,
        1.479965 -0.520731 1.388519,
        1.506473 -0.371312 1.343555,
        1.523314 -0.375463 1.388519,
        1.535277 -0.224183 1.343555,
        1.552440 -0.226689 1.388519,
        1.522028 0.073620 1.304152,
        1.549746 -0.074961 1.343555,
        1.549746 0.074961 1.343555,
        1.567071 -0.075799 1.388519,
        1.506473 0.371312 1.343555,
        1.463604 0.514974 1.343555,
        1.523314 0.375463 1.388519,
        1.479965 0.520731 1.388519,
        1.407069 0.653828 1.343555,
        1.422798 0.661138 1.388519,
        1.337396 0.786578 1.343555,
        1.352347 0.795371 1.388519,
        0.942048 1.232834 1.343555,
        0.818665 1.317999 1.343555,
        0.952580 1.246616 1.388519,
        0.550190 1.450732 1.343555,
        0.407606 1.497061 1.343555,
        0.556341 1.466950 1.388519,
        0.412163 1.513797 1.388519,
        0.261216 1.529412 1.343555,
        0.264136 1.546509 1.388519,
        0.112387 1.547483 1.343555,
        0.113643 1.564782 1.388519,
        -0.036821 1.523363 1.304152,
        -0.183675 1.512697 1.304152,
        -0.037491 1.551106 1.343555,
        -0.187020 1.540246 1.343555,
        -0.037911 1.568445 1.388519,
        -0.479458 1.475620 1.343555,
        -0.619637 1.422457 1.343555,
        -0.484818 1.492116 1.388519,
        -0.626565 1.438359 1.388519,
        -0.754032 1.356013 1.343555,
        -0.762461 1.371172 1.388519,
        -0.881386 1.276907 1.343555,
        -0.891239 1.291182 1.388519,
        -1.297832 0.850274 1.343555,
        -1.373837 0.721045 1.343555,
        -1.312341 0.859779 1.388519,
        -1.539675 0.301428 1.388519,
        -1.561580 0.151421 1.388519,
        -1.568904 0.000000 1.388519,
        -1.561580 -0.151421 1.388519,
        -1.539675 -0.301428 1.388519,
        -1.503395 -0.448621 1.388519,
        -1.486774 -0.443661 1.343555,
        -0.891239 -1.291182 1.388519,
        -0.881386 -1.276907 1.343555,
        -0.187020 -1.540246 1.343555,
        -0.037491 -1.551106 1.343555,
        -0.036821 -1.523363 1.304152,
        0.113643 -1.564782 1.388519,
        0.112387 -1.547483 1.343555,
        0.110377 -1.519805 1.304152,
        0.556341 -1.466950 1.388519,
        0.550190 -1.450732 1.343555,
        0.952580 -1.246616 1.388519,
        0.942048 -1.232834 1.343555,
        1.269270 -0.922178 1.388519,
        1.255237 -0.911983 1.343555,
        1.352347 -0.795371 1.388519,
        1.337396 -0.786578 1.343555,
        1.552440 0.226689 1.388519,
        1.535277 0.224183 1.343555,
        1.255237 0.911983 1.343555,
        1.161358 1.028874 1.343555,
        1.068448 1.148859 1.388519,
        1.056636 1.136157 1.343555,
        0.695325 1.406407 1.388519,
        0.687638 1.390859 1.343555,
        -0.338544 1.531942 1.388519,
        -0.334802 1.515006 1.343555,
        -1.000510 1.185880 1.343555,
        -1.110294 1.083781 1.343555,
        -1.223234 0.982424 1.388519,
        -1.209710 0.971563 1.343555,
        -1.453079 0.591626 1.388519,
        -1.437014 0.585085 1.343555,
        1.034505 0.909901 3.937008,
        1.114787 0.809941 3.937008,
        1.156006 0.839887 3.930301,
        1.250747 0.577926 3.937008,
        1.299839 0.457353 3.937008,
        1.347900 0.474264 3.930301,
        1.363589 0.198116 3.937008,
        1.376344 0.066574 3.937008,
        1.427233 0.069035 3.930301,
        1.376344 0.000000 3.937008,
        1.376344 -0.066574 3.937008,
        1.427233 -0.069035 3.930301,
        1.363589 -0.198116 3.937008,
        1.363493 -0.199099 3.937008,
        1.413907 -0.206461 3.930301,
        1.319441 -0.391665 3.937008,
        1.299839 -0.457353 3.937008,
        1.347900 -0.474264 3.930301,
        1.250747 -0.577926 3.937008,
        1.249630 -0.580671 3.937008,
        1.295834 -0.602141 3.930301,
        1.153438 -0.750945 3.937008,
        1.114787 -0.809941 3.937008,
        1.156006 -0.839887 3.930301,
        1.034505 -0.909901 3.937008,
        1.031413 -0.913752 3.937008,
        1.069548 -0.947537 3.930301,
        1.173736 1.039840 3.791106,
        1.422066 0.660797 3.791106,
        1.551641 0.226573 3.791106,
        1.566265 0.075760 3.791106,
        1.566265 -0.075760 3.791106,
        1.522530 -0.375270 3.791106,
        1.351651 -0.794961 3.791106,
        1.268616 -0.921704 3.791106,
        1.173736 -1.039840 3.791106,
        -1.502621 -0.448390 3.791106,
        -1.538882 -0.301273 3.791106,
        -1.452330 -0.591321 3.791106,
        -1.388480 -0.728730 3.791106,
        -1.311665 -0.859336 3.791106,
        -1.222604 -0.981918 3.791106,
        -1.122128 -1.095333 3.791106,
        -1.011174 -1.198520 3.791106,
        -0.890780 -1.290517 3.791106,
        -0.762069 -1.370465 3.791106,
        -0.626242 -1.437618 3.791106,
        -0.484568 -1.491348 3.791106,
        -0.338370 -1.531153 3.791106,
        -0.189013 -1.556663 3.791106,
        -0.037891 -1.567638 3.791106,
        0.113585 -1.563976 3.791106,
        0.264000 -1.545713 3.791106,
        0.411950 -1.513017 3.791106,
        0.556054 -1.466195 3.791106,
        0.694967 -1.405683 3.791106,
        0.827391 -1.332047 3.791106,
        0.952089 -1.245974 3.791106,
        1.067898 1.148267 3.791106,
        0.952089 1.245974 3.791106,
        0.827391 1.332047 3.791106,
        0.694967 1.405683 3.791106,
        0.556054 1.466195 3.791106,
        0.411950 1.513017 3.791106,
        0.264000 1.545713 3.791106,
        0.113585 1.563976 3.791106,
        -0.037891 1.567638 3.791106,
        -0.189013 1.556663 3.791106,
        -0.338370 1.531153 3.791106,
        -0.484568 1.491348 3.791106,
        -0.626242 1.437618 3.791106,
        -0.762069 1.370465 3.791106,
        -0.890780 1.290517 3.791106,
        -1.011174 1.198520 3.791106,
        -1.122128 1.095333 3.791106,
        -1.222604 0.981918 3.791106,
        -1.311665 0.859336 3.791106,
        -1.388480 0.728730 3.791106,
        -1.452330 0.591321 3.791106,
        -1.502621 0.448390 3.791106,
        -1.538882 0.301273 3.791106,
        -1.560775 0.151343 3.791106,
        -1.568096 0.000000 3.791106,
        -1.560775 -0.151343 3.791106,
        0.940149 -1.230348 3.838583,
        0.817014 -1.315342 3.838583,
        0.686251 -1.388055 3.838583,
        0.549081 -1.447807 3.838583,
        0.406784 -1.494043 3.838583,
        0.260689 -1.526328 3.838583,
        0.112160 -1.544363 3.838583,
        -0.037416 -1.547978 3.838583,
        -0.186643 -1.537141 3.838583,
        -0.334127 -1.511951 3.838583,
        -0.478491 -1.472644 3.838583,
        -0.618388 -1.419589 3.838583,
        -0.752511 -1.353278 3.838583,
        -0.879609 -1.274333 3.838583,
        -0.998493 -1.183489 3.838583,
        -1.108055 -1.081596 3.838583,
        -1.207271 -0.969604 3.838583,
        -1.295216 -0.848559 3.838583,
        -1.371067 -0.719591 3.838583,
        -1.434117 -0.583905 3.838583,
        -1.483777 -0.442767 3.838583,
        -1.519583 -0.297495 3.838583,
        -1.541202 -0.149445 3.838583,
        -1.548430 0.000000 3.838583,
        -1.541202 0.149445 3.838583,
        -1.519583 0.297495 3.838583,
        -1.483777 0.442767 3.838583,
        -1.434117 0.583905 3.838583,
        -1.371067 0.719591 3.838583,
        -1.295216 0.848559 3.838583,
        -1.207271 0.969604 3.838583,
        -1.108055 1.081596 3.838583,
        -0.998493 1.183489 3.838583,
        -0.879609 1.274333 3.838583,
        -0.752511 1.353278 3.838583,
        -0.618388 1.419589 3.838583,
        -0.478491 1.472644 3.838583,
        -0.334127 1.511951 3.838583,
        -0.186643 1.537141 3.838583,
        -0.037416 1.547978 3.838583,
        0.112160 1.544363 3.838583,
        0.260689 1.526328 3.838583,
        0.406784 1.494043 3.838583,
        0.549081 1.447807 3.838583,
        0.686251 1.388055 3.838583,
        0.817014 1.315342 3.838583,
        0.940149 1.230348 3.838583,
        1.054506 1.133867 3.838583,
        0.921155 -1.205491 3.879352,
        0.800508 -1.288768 3.879352,
        0.672387 -1.360011 3.879352,
        0.537988 -1.418557 3.879352,
        0.398566 -1.463858 3.879352,
        0.255422 -1.495491 3.879352,
        0.109894 -1.513162 3.879352,
        -0.036660 -1.516704 3.879352,
        -0.182872 -1.506085 3.879352,
        -0.327376 -1.481405 3.879352,
        -0.468824 -1.442893 3.879352,
        -0.605895 -1.390909 3.879352,
        -0.737308 -1.325938 3.879352,
        -0.861838 -1.248587 3.879352,
        -0.978320 -1.159579 3.879352,
        -1.085669 -1.059744 3.879352,
        -1.182881 -0.950015 3.879352,
        -1.269048 -0.831415 3.879352,
        -1.343367 -0.705053 3.879352,
        -1.405143 -0.572108 3.879352,
        -1.453800 -0.433822 3.879352,
        -1.488883 -0.291485 3.879352,
        -1.510065 -0.146426 3.879352,
        -1.517147 0.000000 3.879352,
        -1.510065 0.146426 3.879352,
        -1.488883 0.291485 3.879352,
        -1.453800 0.433822 3.879352,
        -1.405143 0.572108 3.879352,
        -1.343367 0.705053 3.879352,
        -1.269048 0.831415 3.879352,
        -1.182881 0.950015 3.879352,
        -1.085669 1.059744 3.879352,
        -0.978320 1.159579 3.879352,
        -0.861838 1.248587 3.879352,
        -0.737308 1.325938 3.879352,
        -0.605895 1.390909 3.879352,
        -0.468824 1.442893 3.879352,
        -0.327376 1.481405 3.879352,
        -0.182872 1.506085 3.879352,
        -0.036660 1.516704 3.879352,
        0.109894 1.513162 3.879352,
        0.255422 1.495491 3.879352,
        0.398566 1.463858 3.879352,
        0.537988 1.418557 3.879352,
        0.672387 1.360011 3.879352,
        0.800508 1.288768 3.879352,
        0.921155 1.205491 3.879352,
        1.033201 1.110959 3.879352,
        0.896402 -1.173097 3.910635,
        0.778996 -1.254136 3.910635,
        0.654318 -1.323465 3.910635,
        0.523531 -1.380437 3.910635,
        0.387856 -1.424521 3.910635,
        0.248559 -1.455304 3.910635,
        0.106941 -1.472500 3.910635,
        -0.035675 -1.475947 3.910635,
        -0.177958 -1.465613 3.910635,
        -0.318579 -1.441596 3.910635,
        -0.456226 -1.404119 3.910635,
        -0.589613 -1.353532 3.910635,
        -0.717495 -1.290307 3.910635,
        -0.838678 -1.215035 3.910635,
        -0.952031 -1.128419 3.910635,
        -1.056494 -1.031267 3.910635,
        -1.151094 -0.924486 3.910635,
        -1.234946 -0.809074 3.910635,
        -1.307268 -0.686107 3.910635,
        -1.367384 -0.556735 3.910635,
        -1.414733 -0.422164 3.910635,
        -1.448873 -0.283652 3.910635,
        -1.469486 -0.142491 3.910635,
        -1.476378 0.000000 3.910635,
        -1.469486 0.142491 3.910635,
        -1.448873 0.283652 3.910635,
        -1.414733 0.422164 3.910635,
        -1.367384 0.556735 3.910635,
        -1.307268 0.686107 3.910635,
        -1.234946 0.809074 3.910635,
        -1.151094 0.924486 3.910635,
        -1.056494 1.031267 3.910635,
        -0.952031 1.128419 3.910635,
        -0.838678 1.215035 3.910635,
        -0.717495 1.290307 3.910635,
        -0.589613 1.353532 3.910635,
        -0.456226 1.404119 3.910635,
        -0.318579 1.441596 3.910635,
        -0.177958 1.465613 3.910635,
        -0.035675 1.475947 3.910635,
        0.106941 1.472500 3.910635,
        0.248559 1.455304 3.910635,
        0.387856 1.424521 3.910635,
        0.523531 1.380437 3.910635,
        0.654318 1.323465 3.910635,
        0.778996 1.254136 3.910635,
        0.896402 1.173097 3.910635,
        1.005437 1.081105 3.910635,
        0.867575 -1.135373 3.930301,
        0.753946 -1.213806 3.930301,
        1.522530 0.375270 3.791106,
        1.479203 0.520463 3.791106,
        1.503435 0.370564 3.838583,
        1.460652 0.513936 3.838583,
        1.473061 0.363077 3.879352,
        1.431143 0.503553 3.879352,
        1.433477 0.353320 3.910635,
        1.392685 0.490021 3.910635,
        1.387380 0.341959 3.930301,
        1.351651 0.794961 3.791106,
        1.268616 0.921704 3.791106,
        1.334700 0.784992 3.838583,
        1.252706 0.910144 3.838583,
        1.307735 0.769133 3.879352,
        1.227398 0.891757 3.879352,
        1.272593 0.748464 3.910635,
        1.194415 0.867793 3.910635,
        1.231670 0.724396 3.930301,
        0.633277 -1.280906 3.930301,
        0.506695 -1.336046 3.930301,
        0.375383 -1.378712 3.930301,
        0.240566 -1.408506 3.930301,
        0.103502 -1.425148 3.930301,
        -0.034528 -1.428484 3.930301,
        -0.172235 -1.418483 3.930301,
        -0.308334 -1.395238 3.930301,
        -0.441555 -1.358966 3.930301,
        -0.570653 -1.310006 3.930301,
        -0.694422 -1.248814 3.930301,
        -0.811708 -1.175963 3.930301,
        -0.921416 -1.092132 3.930301,
        -1.022520 -0.998104 3.930301,
        -1.114078 -0.894757 3.930301,
        -1.195233 -0.783056 3.930301,
        -1.265229 -0.664044 3.930301,
        -1.323412 -0.538831 3.930301,
        -1.369239 -0.408588 3.930301,
        -1.402281 -0.274530 3.930301,
        -1.422231 -0.137909 3.930301,
        -1.428902 0.000000 3.930301,
        -1.422231 0.137909 3.930301,
        -1.402281 0.274530 3.930301,
        -1.369239 0.408588 3.930301,
        -1.323412 0.538831 3.930301,
        -1.265229 0.664044 3.930301,
        -1.195233 0.783056 3.930301,
        -1.114078 0.894757 3.930301,
        -1.022520 0.998104 3.930301,
        -0.921416 1.092132 3.930301,
        -0.811708 1.175963 3.930301,
        -0.694422 1.248814 3.930301,
        -0.570653 1.310006 3.930301,
        -0.441555 1.358966 3.930301,
        -0.308334 1.395238 3.930301,
        -0.172235 1.418483 3.930301,
        -0.034528 1.428484 3.930301,
        0.103502 1.425148 3.930301,
        0.240566 1.408506 3.930301,
        0.375383 1.378712 3.930301,
        0.506695 1.336046 3.930301,
        0.633277 1.280906 3.930301,
        0.753946 1.213806 3.930301,
        0.867575 1.135373 3.930301,
        0.973104 1.046340 3.930301,
        0.836641 -1.094891 3.937008,
        0.892059 -1.048135 3.937008,
        0.938407 -1.009031 3.937008,
        0.973104 -1.046340 3.930301,
        1.005437 -1.081105 3.910635,
        1.033201 -1.110959 3.879352,
        1.054506 -1.133867 3.838583,
        1.067898 -1.148267 3.791106,
        1.159017 -1.026799 3.838583,
        1.135601 -1.006054 3.879352,
        1.105085 -0.979020 3.910635,
        1.194415 -0.867793 3.910635,
        1.227398 -0.891757 3.879352,
        1.252706 -0.910144 3.838583,
        1.187754 -0.698567 3.937008,
        1.231670 -0.724396 3.930301,
        1.272593 -0.748464 3.910635,
        1.307735 -0.769133 3.879352,
        1.334700 -0.784992 3.838583,
        1.422066 -0.660797 3.791106,
        1.404231 -0.652510 3.838583,
        1.375862 -0.639328 3.879352,
        1.338889 -0.622147 3.910635,
        1.392685 -0.490021 3.910635,
        1.431143 -0.503553 3.879352,
        1.460652 -0.513936 3.838583,
        1.479203 -0.520463 3.791106,
        1.337912 -0.329766 3.937008,
        1.387380 -0.341959 3.930301,
        1.433477 -0.353320 3.910635,
        1.473061 -0.363077 3.879352,
        1.503435 -0.370564 3.838583,
        1.551641 -0.226573 3.791106,
        1.532181 -0.223731 3.838583,
        1.501227 -0.219211 3.879352,
        1.460885 -0.213320 3.910635,
        1.474654 -0.071329 3.910635,
        1.515375 -0.073298 3.879352,
        1.546622 -0.074810 3.838583,
        1.474654 0.071329 3.910635,
        1.515375 0.073298 3.879352,
        1.546622 0.074810 3.838583,
        1.363493 0.199099 3.937008,
        1.413907 0.206461 3.930301,
        1.460885 0.213320 3.910635,
        1.501227 0.219211 3.879352,
        1.532181 0.223731 3.838583,
        1.337912 0.329766 3.937008,
        1.319441 0.391665 3.937008,
        1.249630 0.580671 3.937008,
        1.295834 0.602141 3.930301,
        1.338889 0.622147 3.910635,
        1.375862 0.639328 3.879352,
        1.404231 0.652510 3.838583,
        1.187754 0.698567 3.937008,
        1.153438 0.750945 3.937008,
        1.031413 0.913752 3.937008,
        1.069548 0.947537 3.930301,
        1.105085 0.979020 3.910635,
        1.135601 1.006054 3.879352,
        1.159017 1.026799 3.838583,
        0.938407 1.009031 3.937008,
        0.836641 1.094891 3.937008,
        0.892059 1.048135 3.937008,
      ]
    }
    coordIndex [
      157, 158, 159, -1,
      160, 161, 162, -1,
      163, 164, 165, -1,
      166, 167, 168, -1,
      169, 170, 171, -1,
      172, 173, 174, -1,
      175, 176, 177, -1,
      178, 179, 180, -1,
      181, 182, 183, -1,
      184, 185, 186, -1,
      187, 188, 189, -1,
      190, 191, 192, -1,
      193, 194, 195, -1,
      196, 197, 198, -1,
      199, 200, 201, -1,
      202, 203, 204, -1,
      205, 206, 207, -1,
      208, 209, 210, -1,
      211, 212, 213, -1,
      214, 215, 216, -1,
      217, 218, 219, -1,
      220, 221, 222, -1,
      223, 224, 225, -1,
      226, 227, 228, -1,
      229, 230, 231, -1,
      232, 233, 234, -1,
      235, 236, 237, -1,
      238, 239, 240, -1,
      241, 242, 243, -1,
      244, 245, 246, -1,
      247, 248, 249, -1,
      250, 251, 252, -1,
      253, 254, 255, -1,
      256, 257, 258, -1,
      259, 260, 261, -1,
      262, 263, 264, -1,
      265, 266, 267, -1,
      268, 269, 270, -1,
      271, 272, 273, -1,
      274, 275, 276, -1,
      277, 278, 279, -1,
      280, 281, 282, -1,
      283, 284, 285, -1,
      286, 287, 288, -1,
      289, 290, 291, -1,
      292, 293, 294, -1,
      295, 296, 297, -1,
      298, 299, 300, -1,
      301, 302, 303, -1,
      304, 305, 306, -1,
      307, 308, 309, -1,
      310, 311, 312, -1,
      313, 314, 315, -1,
      316, 317, 318, -1,
      319, 320, 321, -1,
      322, 323, 324, -1,
      325, 326, 327, -1,
      328, 329, 330, -1,
      331, 332, 333, -1,
      334, 335, 336, -1,
      336, 337, 338, -1,
      338, 337, 339, -1,
      339, 340, 341, -1,
      341, 340, 331, -1,
      342, 343, 229, -1,
      229, 343, 344, -1,
      229, 344, 230, -1,
      230, 344, 345, -1,
      230, 345, 346, -1,
      347, 348, 349, -1,
      350, 351, 352, -1,
      353, 354, 355, -1,
      356, 357, 358, -1,
      359, 360, 361, -1,
      361, 362, 363, -1,
      363, 362, 364, -1,
      364, 365, 366, -1,
      366, 365, 367, -1,
      367, 368, 369, -1,
      369, 368, 370, -1,
      370, 371, 372, -1,
      372, 371, 313, -1,
      310, 312, 314, -1,
      307, 309, 311, -1,
      304, 306, 308, -1,
      301, 303, 305, -1,
      298, 300, 302, -1,
      295, 297, 299, -1,
      292, 294, 296, -1,
      289, 291, 293, -1,
      286, 288, 290, -1,
      283, 285, 287, -1,
      284, 373, 374, -1,
      374, 373, 375, -1,
      374, 375, 376, -1,
      376, 377, 378, -1,
      378, 377, 379, -1,
      379, 380, 381, -1,
      381, 380, 280, -1,
      382, 383, 226, -1,
      226, 383, 384, -1,
      226, 384, 227, -1,
      227, 384, 385, -1,
      227, 385, 386, -1,
      387, 388, 389, -1,
      390, 391, 392, -1,
      393, 394, 395, -1,
      396, 397, 398, -1,
      399, 400, 401, -1,
      401, 402, 403, -1,
      403, 402, 404, -1,
      404, 405, 406, -1,
      406, 405, 407, -1,
      407, 408, 409, -1,
      409, 408, 410, -1,
      410, 411, 412, -1,
      412, 411, 262, -1,
      259, 261, 263, -1,
      256, 258, 260, -1,
      253, 255, 257, -1,
      250, 252, 254, -1,
      247, 249, 251, -1,
      244, 246, 248, -1,
      241, 243, 245, -1,
      238, 240, 242, -1,
      235, 237, 239, -1,
      232, 234, 236, -1,
      233, 413, 414, -1,
      414, 413, 415, -1,
      414, 415, 416, -1,
      417, 231, 418, -1,
      418, 231, 230, -1,
      418, 230, 347, -1,
      347, 230, 346, -1,
      347, 346, 348, -1,
      419, 228, 420, -1,
      420, 228, 227, -1,
      420, 227, 387, -1,
      387, 227, 386, -1,
      387, 386, 388, -1,
      421, 417, 422, -1,
      422, 417, 418, -1,
      422, 418, 423, -1,
      423, 418, 347, -1,
      423, 347, 350, -1,
      350, 347, 349, -1,
      350, 349, 351, -1,
      424, 419, 425, -1,
      425, 419, 420, -1,
      425, 420, 426, -1,
      426, 420, 387, -1,
      426, 387, 390, -1,
      390, 387, 389, -1,
      390, 389, 391, -1,
      427, 421, 428, -1,
      428, 421, 422, -1,
      428, 422, 429, -1,
      429, 422, 423, -1,
      429, 423, 430, -1,
      430, 423, 350, -1,
      430, 350, 353, -1,
      353, 350, 352, -1,
      353, 352, 354, -1,
      431, 424, 432, -1,
      432, 424, 425, -1,
      432, 425, 433, -1,
      433, 425, 426, -1,
      433, 426, 434, -1,
      434, 426, 390, -1,
      434, 390, 393, -1,
      393, 390, 392, -1,
      393, 392, 394, -1,
      435, 427, 436, -1,
      436, 427, 428, -1,
      436, 428, 437, -1,
      437, 428, 429, -1,
      437, 429, 438, -1,
      438, 429, 430, -1,
      438, 430, 439, -1,
      439, 430, 353, -1,
      439, 353, 356, -1,
      356, 353, 355, -1,
      356, 355, 357, -1,
      440, 431, 441, -1,
      441, 431, 432, -1,
      441, 432, 442, -1,
      442, 432, 433, -1,
      442, 433, 443, -1,
      443, 433, 434, -1,
      443, 434, 444, -1,
      444, 434, 393, -1,
      444, 393, 396, -1,
      396, 393, 395, -1,
      396, 395, 397, -1,
      445, 435, 446, -1,
      446, 435, 436, -1,
      446, 436, 447, -1,
      447, 436, 437, -1,
      447, 437, 448, -1,
      448, 437, 438, -1,
      448, 438, 449, -1,
      449, 438, 439, -1,
      449, 439, 450, -1,
      450, 439, 356, -1,
      450, 356, 359, -1,
      359, 356, 358, -1,
      359, 358, 360, -1,
      451, 440, 452, -1,
      452, 440, 441, -1,
      452, 441, 453, -1,
      453, 441, 442, -1,
      453, 442, 454, -1,
      454, 442, 443, -1,
      454, 443, 455, -1,
      455, 443, 444, -1,
      455, 444, 456, -1,
      456, 444, 396, -1,
      456, 396, 399, -1,
      399, 396, 398, -1,
      399, 398, 400, -1,
      457, 458, 459, -1,
      460, 461, 462, -1,
      224, 463, 225, -1,
      225, 463, 464, -1,
      225, 464, 465, -1,
      465, 464, 466, -1,
      465, 466, 467, -1,
      467, 466, 468, -1,
      467, 468, 469, -1,
      469, 468, 470, -1,
      469, 470, 471, -1,
      471, 470, 472, -1,
      471, 472, 473, -1,
      473, 472, 414, -1,
      473, 414, 334, -1,
      334, 414, 416, -1,
      334, 416, 335, -1,
      336, 338, 334, -1,
      334, 338, 474, -1,
      334, 474, 473, -1,
      473, 474, 475, -1,
      473, 475, 471, -1,
      471, 475, 476, -1,
      471, 476, 469, -1,
      469, 476, 477, -1,
      469, 477, 467, -1,
      467, 477, 478, -1,
      467, 478, 465, -1,
      465, 478, 222, -1,
      465, 222, 225, -1,
      225, 222, 221, -1,
      225, 221, 223, -1,
      339, 341, 338, -1,
      338, 341, 479, -1,
      338, 479, 474, -1,
      474, 479, 480, -1,
      474, 480, 475, -1,
      475, 480, 481, -1,
      475, 481, 476, -1,
      476, 481, 482, -1,
      476, 482, 477, -1,
      477, 482, 483, -1,
      477, 483, 478, -1,
      478, 483, 219, -1,
      478, 219, 222, -1,
      222, 219, 218, -1,
      222, 218, 220, -1,
      331, 333, 341, -1,
      341, 333, 484, -1,
      341, 484, 479, -1,
      479, 484, 485, -1,
      479, 485, 480, -1,
      480, 485, 486, -1,
      480, 486, 481, -1,
      481, 486, 487, -1,
      481, 487, 482, -1,
      482, 487, 488, -1,
      482, 488, 483, -1,
      483, 488, 216, -1,
      483, 216, 219, -1,
      219, 216, 215, -1,
      219, 215, 217, -1,
      333, 489, 484, -1,
      484, 489, 490, -1,
      484, 490, 485, -1,
      485, 490, 491, -1,
      485, 491, 486, -1,
      486, 491, 492, -1,
      486, 492, 487, -1,
      487, 492, 493, -1,
      487, 493, 488, -1,
      488, 493, 213, -1,
      488, 213, 216, -1,
      216, 213, 212, -1,
      216, 212, 214, -1,
      489, 494, 490, -1,
      490, 494, 495, -1,
      490, 495, 491, -1,
      491, 495, 496, -1,
      491, 496, 492, -1,
      492, 496, 497, -1,
      492, 497, 493, -1,
      493, 497, 210, -1,
      493, 210, 213, -1,
      213, 210, 209, -1,
      213, 209, 211, -1,
      494, 498, 495, -1,
      495, 498, 499, -1,
      495, 499, 496, -1,
      496, 499, 500, -1,
      496, 500, 497, -1,
      497, 500, 207, -1,
      497, 207, 210, -1,
      210, 207, 206, -1,
      210, 206, 208, -1,
      498, 501, 499, -1,
      499, 501, 502, -1,
      499, 502, 500, -1,
      500, 502, 204, -1,
      500, 204, 207, -1,
      207, 204, 203, -1,
      207, 203, 205, -1,
      501, 459, 502, -1,
      502, 459, 458, -1,
      502, 458, 204, -1,
      204, 458, 503, -1,
      204, 503, 202, -1,
      504, 505, 506, -1,
      506, 505, 457, -1,
      506, 457, 507, -1,
      507, 457, 459, -1,
      507, 459, 508, -1,
      508, 459, 501, -1,
      508, 501, 509, -1,
      509, 501, 498, -1,
      509, 498, 510, -1,
      510, 498, 494, -1,
      510, 494, 511, -1,
      511, 494, 489, -1,
      511, 489, 330, -1,
      330, 489, 333, -1,
      330, 333, 328, -1,
      328, 333, 332, -1,
      505, 512, 457, -1,
      457, 512, 513, -1,
      457, 513, 458, -1,
      458, 513, 514, -1,
      458, 514, 503, -1,
      200, 504, 201, -1,
      201, 504, 506, -1,
      201, 506, 515, -1,
      515, 506, 507, -1,
      515, 507, 516, -1,
      516, 507, 508, -1,
      516, 508, 517, -1,
      517, 508, 509, -1,
      517, 509, 518, -1,
      518, 509, 510, -1,
      518, 510, 519, -1,
      519, 510, 511, -1,
      519, 511, 327, -1,
      327, 511, 330, -1,
      327, 330, 325, -1,
      325, 330, 329, -1,
      197, 199, 198, -1,
      198, 199, 201, -1,
      198, 201, 520, -1,
      520, 201, 515, -1,
      520, 515, 521, -1,
      521, 515, 516, -1,
      521, 516, 522, -1,
      522, 516, 517, -1,
      522, 517, 523, -1,
      523, 517, 518, -1,
      523, 518, 524, -1,
      524, 518, 519, -1,
      524, 519, 324, -1,
      324, 519, 327, -1,
      324, 327, 322, -1,
      322, 327, 326, -1,
      194, 196, 195, -1,
      195, 196, 198, -1,
      195, 198, 525, -1,
      525, 198, 520, -1,
      525, 520, 526, -1,
      526, 520, 521, -1,
      526, 521, 527, -1,
      527, 521, 522, -1,
      527, 522, 528, -1,
      528, 522, 523, -1,
      528, 523, 529, -1,
      529, 523, 524, -1,
      529, 524, 321, -1,
      321, 524, 324, -1,
      321, 324, 319, -1,
      319, 324, 323, -1,
      191, 193, 192, -1,
      192, 193, 195, -1,
      192, 195, 530, -1,
      530, 195, 525, -1,
      530, 525, 531, -1,
      531, 525, 526, -1,
      531, 526, 532, -1,
      532, 526, 527, -1,
      532, 527, 533, -1,
      533, 527, 528, -1,
      533, 528, 534, -1,
      534, 528, 529, -1,
      534, 529, 318, -1,
      318, 529, 321, -1,
      318, 321, 316, -1,
      316, 321, 320, -1,
      535, 190, 445, -1,
      445, 190, 192, -1,
      445, 192, 435, -1,
      435, 192, 530, -1,
      435, 530, 427, -1,
      427, 530, 531, -1,
      427, 531, 421, -1,
      421, 531, 532, -1,
      421, 532, 417, -1,
      417, 532, 533, -1,
      417, 533, 231, -1,
      231, 533, 534, -1,
      231, 534, 229, -1,
      229, 534, 318, -1,
      229, 318, 342, -1,
      342, 318, 317, -1,
      536, 537, 538, -1,
      361, 363, 359, -1,
      359, 363, 539, -1,
      359, 539, 450, -1,
      450, 539, 540, -1,
      450, 540, 449, -1,
      449, 540, 541, -1,
      449, 541, 448, -1,
      448, 541, 542, -1,
      448, 542, 447, -1,
      447, 542, 543, -1,
      447, 543, 446, -1,
      446, 543, 536, -1,
      446, 536, 445, -1,
      445, 536, 538, -1,
      445, 538, 535, -1,
      544, 545, 546, -1,
      364, 366, 363, -1,
      363, 366, 547, -1,
      363, 547, 539, -1,
      539, 547, 548, -1,
      539, 548, 540, -1,
      540, 548, 549, -1,
      540, 549, 541, -1,
      541, 549, 550, -1,
      541, 550, 542, -1,
      542, 550, 551, -1,
      542, 551, 543, -1,
      543, 551, 544, -1,
      543, 544, 536, -1,
      536, 544, 546, -1,
      536, 546, 537, -1,
      552, 553, 554, -1,
      367, 369, 366, -1,
      366, 369, 555, -1,
      366, 555, 547, -1,
      547, 555, 556, -1,
      547, 556, 548, -1,
      548, 556, 557, -1,
      548, 557, 549, -1,
      549, 557, 558, -1,
      549, 558, 550, -1,
      550, 558, 559, -1,
      550, 559, 551, -1,
      551, 559, 552, -1,
      551, 552, 544, -1,
      544, 552, 554, -1,
      544, 554, 545, -1,
      560, 561, 562, -1,
      370, 372, 369, -1,
      369, 372, 563, -1,
      369, 563, 555, -1,
      555, 563, 564, -1,
      555, 564, 556, -1,
      556, 564, 565, -1,
      556, 565, 557, -1,
      557, 565, 566, -1,
      557, 566, 558, -1,
      558, 566, 567, -1,
      558, 567, 559, -1,
      559, 567, 560, -1,
      559, 560, 552, -1,
      552, 560, 562, -1,
      552, 562, 553, -1,
      568, 569, 570, -1,
      313, 315, 372, -1,
      372, 315, 571, -1,
      372, 571, 563, -1,
      563, 571, 572, -1,
      563, 572, 564, -1,
      564, 572, 573, -1,
      564, 573, 565, -1,
      565, 573, 574, -1,
      565, 574, 566, -1,
      566, 574, 575, -1,
      566, 575, 567, -1,
      567, 575, 568, -1,
      567, 568, 560, -1,
      560, 568, 570, -1,
      560, 570, 561, -1,
      576, 577, 578, -1,
      314, 312, 315, -1,
      315, 312, 579, -1,
      315, 579, 571, -1,
      571, 579, 580, -1,
      571, 580, 572, -1,
      572, 580, 581, -1,
      572, 581, 573, -1,
      573, 581, 582, -1,
      573, 582, 574, -1,
      574, 582, 583, -1,
      574, 583, 575, -1,
      575, 583, 576, -1,
      575, 576, 568, -1,
      568, 576, 578, -1,
      568, 578, 569, -1,
      584, 585, 586, -1,
      311, 309, 312, -1,
      312, 309, 587, -1,
      312, 587, 579, -1,
      579, 587, 588, -1,
      579, 588, 580, -1,
      580, 588, 589, -1,
      580, 589, 581, -1,
      581, 589, 590, -1,
      581, 590, 582, -1,
      582, 590, 591, -1,
      582, 591, 583, -1,
      583, 591, 584, -1,
      583, 584, 576, -1,
      576, 584, 586, -1,
      576, 586, 577, -1,
      592, 593, 594, -1,
      308, 306, 309, -1,
      309, 306, 595, -1,
      309, 595, 587, -1,
      587, 595, 596, -1,
      587, 596, 588, -1,
      588, 596, 597, -1,
      588, 597, 589, -1,
      589, 597, 598, -1,
      589, 598, 590, -1,
      590, 598, 599, -1,
      590, 599, 591, -1,
      591, 599, 592, -1,
      591, 592, 584, -1,
      584, 592, 594, -1,
      584, 594, 585, -1,
      600, 601, 602, -1,
      305, 303, 306, -1,
      306, 303, 603, -1,
      306, 603, 595, -1,
      595, 603, 604, -1,
      595, 604, 596, -1,
      596, 604, 605, -1,
      596, 605, 597, -1,
      597, 605, 606, -1,
      597, 606, 598, -1,
      598, 606, 607, -1,
      598, 607, 599, -1,
      599, 607, 600, -1,
      599, 600, 592, -1,
      592, 600, 602, -1,
      592, 602, 593, -1,
      608, 609, 610, -1,
      302, 300, 303, -1,
      303, 300, 611, -1,
      303, 611, 603, -1,
      603, 611, 612, -1,
      603, 612, 604, -1,
      604, 612, 613, -1,
      604, 613, 605, -1,
      605, 613, 614, -1,
      605, 614, 606, -1,
      606, 614, 615, -1,
      606, 615, 607, -1,
      607, 615, 608, -1,
      607, 608, 600, -1,
      600, 608, 610, -1,
      600, 610, 601, -1,
      616, 617, 618, -1,
      299, 297, 300, -1,
      300, 297, 619, -1,
      300, 619, 611, -1,
      611, 619, 620, -1,
      611, 620, 612, -1,
      612, 620, 621, -1,
      612, 621, 613, -1,
      613, 621, 622, -1,
      613, 622, 614, -1,
      614, 622, 623, -1,
      614, 623, 615, -1,
      615, 623, 616, -1,
      615, 616, 608, -1,
      608, 616, 618, -1,
      608, 618, 609, -1,
      624, 625, 626, -1,
      296, 294, 297, -1,
      297, 294, 627, -1,
      297, 627, 619, -1,
      619, 627, 628, -1,
      619, 628, 620, -1,
      620, 628, 629, -1,
      620, 629, 621, -1,
      621, 629, 630, -1,
      621, 630, 622, -1,
      622, 630, 631, -1,
      622, 631, 623, -1,
      623, 631, 624, -1,
      623, 624, 616, -1,
      616, 624, 626, -1,
      616, 626, 617, -1,
      632, 633, 634, -1,
      293, 291, 294, -1,
      294, 291, 635, -1,
      294, 635, 627, -1,
      627, 635, 636, -1,
      627, 636, 628, -1,
      628, 636, 637, -1,
      628, 637, 629, -1,
      629, 637, 638, -1,
      629, 638, 630, -1,
      630, 638, 639, -1,
      630, 639, 631, -1,
      631, 639, 632, -1,
      631, 632, 624, -1,
      624, 632, 634, -1,
      624, 634, 625, -1,
      640, 641, 642, -1,
      290, 288, 291, -1,
      291, 288, 643, -1,
      291, 643, 635, -1,
      635, 643, 644, -1,
      635, 644, 636, -1,
      636, 644, 645, -1,
      636, 645, 637, -1,
      637, 645, 646, -1,
      637, 646, 638, -1,
      638, 646, 647, -1,
      638, 647, 639, -1,
      639, 647, 640, -1,
      639, 640, 632, -1,
      632, 640, 642, -1,
      632, 642, 633, -1,
      648, 649, 650, -1,
      287, 285, 288, -1,
      288, 285, 651, -1,
      288, 651, 643, -1,
      643, 651, 652, -1,
      643, 652, 644, -1,
      644, 652, 653, -1,
      644, 653, 645, -1,
      645, 653, 654, -1,
      645, 654, 646, -1,
      646, 654, 655, -1,
      646, 655, 647, -1,
      647, 655, 648, -1,
      647, 648, 640, -1,
      640, 648, 650, -1,
      640, 650, 641, -1,
      656, 657, 658, -1,
      658, 657, 659, -1,
      284, 374, 285, -1,
      285, 374, 660, -1,
      285, 660, 651, -1,
      651, 660, 661, -1,
      651, 661, 652, -1,
      652, 661, 662, -1,
      652, 662, 653, -1,
      653, 662, 663, -1,
      653, 663, 654, -1,
      654, 663, 664, -1,
      654, 664, 655, -1,
      655, 664, 658, -1,
      655, 658, 648, -1,
      648, 658, 659, -1,
      648, 659, 649, -1,
      376, 378, 374, -1,
      374, 378, 665, -1,
      374, 665, 660, -1,
      660, 665, 666, -1,
      660, 666, 661, -1,
      661, 666, 667, -1,
      661, 667, 662, -1,
      662, 667, 668, -1,
      662, 668, 663, -1,
      663, 668, 669, -1,
      663, 669, 664, -1,
      664, 669, 189, -1,
      664, 189, 658, -1,
      658, 189, 188, -1,
      658, 188, 656, -1,
      379, 381, 378, -1,
      378, 381, 670, -1,
      378, 670, 665, -1,
      665, 670, 671, -1,
      665, 671, 666, -1,
      666, 671, 672, -1,
      666, 672, 667, -1,
      667, 672, 673, -1,
      667, 673, 668, -1,
      668, 673, 674, -1,
      668, 674, 669, -1,
      669, 674, 186, -1,
      669, 186, 189, -1,
      189, 186, 185, -1,
      189, 185, 187, -1,
      280, 282, 381, -1,
      381, 282, 675, -1,
      381, 675, 670, -1,
      670, 675, 676, -1,
      670, 676, 671, -1,
      671, 676, 677, -1,
      671, 677, 672, -1,
      672, 677, 678, -1,
      672, 678, 673, -1,
      673, 678, 679, -1,
      673, 679, 674, -1,
      674, 679, 183, -1,
      674, 183, 186, -1,
      186, 183, 182, -1,
      186, 182, 184, -1,
      282, 680, 675, -1,
      675, 680, 681, -1,
      675, 681, 676, -1,
      676, 681, 682, -1,
      676, 682, 677, -1,
      677, 682, 683, -1,
      677, 683, 678, -1,
      678, 683, 684, -1,
      678, 684, 679, -1,
      679, 684, 180, -1,
      679, 180, 183, -1,
      183, 180, 179, -1,
      183, 179, 181, -1,
      680, 685, 681, -1,
      681, 685, 686, -1,
      681, 686, 682, -1,
      682, 686, 687, -1,
      682, 687, 683, -1,
      683, 687, 688, -1,
      683, 688, 684, -1,
      684, 688, 177, -1,
      684, 177, 180, -1,
      180, 177, 176, -1,
      180, 176, 178, -1,
      685, 689, 686, -1,
      686, 689, 690, -1,
      686, 690, 687, -1,
      687, 690, 691, -1,
      687, 691, 688, -1,
      688, 691, 174, -1,
      688, 174, 177, -1,
      177, 174, 173, -1,
      177, 173, 175, -1,
      689, 692, 690, -1,
      690, 692, 693, -1,
      690, 693, 691, -1,
      691, 693, 171, -1,
      691, 171, 174, -1,
      174, 171, 170, -1,
      174, 170, 172, -1,
      692, 462, 693, -1,
      693, 462, 461, -1,
      693, 461, 171, -1,
      171, 461, 694, -1,
      171, 694, 169, -1,
      695, 696, 697, -1,
      697, 696, 460, -1,
      697, 460, 698, -1,
      698, 460, 462, -1,
      698, 462, 699, -1,
      699, 462, 692, -1,
      699, 692, 700, -1,
      700, 692, 689, -1,
      700, 689, 701, -1,
      701, 689, 685, -1,
      701, 685, 702, -1,
      702, 685, 680, -1,
      702, 680, 279, -1,
      279, 680, 282, -1,
      279, 282, 277, -1,
      277, 282, 281, -1,
      696, 703, 460, -1,
      460, 703, 704, -1,
      460, 704, 461, -1,
      461, 704, 705, -1,
      461, 705, 694, -1,
      167, 695, 168, -1,
      168, 695, 697, -1,
      168, 697, 706, -1,
      706, 697, 698, -1,
      706, 698, 707, -1,
      707, 698, 699, -1,
      707, 699, 708, -1,
      708, 699, 700, -1,
      708, 700, 709, -1,
      709, 700, 701, -1,
      709, 701, 710, -1,
      710, 701, 702, -1,
      710, 702, 276, -1,
      276, 702, 279, -1,
      276, 279, 274, -1,
      274, 279, 278, -1,
      164, 166, 165, -1,
      165, 166, 168, -1,
      165, 168, 711, -1,
      711, 168, 706, -1,
      711, 706, 712, -1,
      712, 706, 707, -1,
      712, 707, 713, -1,
      713, 707, 708, -1,
      713, 708, 714, -1,
      714, 708, 709, -1,
      714, 709, 715, -1,
      715, 709, 710, -1,
      715, 710, 273, -1,
      273, 710, 276, -1,
      273, 276, 271, -1,
      271, 276, 275, -1,
      161, 163, 162, -1,
      162, 163, 165, -1,
      162, 165, 716, -1,
      716, 165, 711, -1,
      716, 711, 717, -1,
      717, 711, 712, -1,
      717, 712, 718, -1,
      718, 712, 713, -1,
      718, 713, 719, -1,
      719, 713, 714, -1,
      719, 714, 720, -1,
      720, 714, 715, -1,
      720, 715, 270, -1,
      270, 715, 273, -1,
      270, 273, 268, -1,
      268, 273, 272, -1,
      158, 160, 159, -1,
      159, 160, 162, -1,
      159, 162, 721, -1,
      721, 162, 716, -1,
      721, 716, 722, -1,
      722, 716, 717, -1,
      722, 717, 723, -1,
      723, 717, 718, -1,
      723, 718, 724, -1,
      724, 718, 719, -1,
      724, 719, 725, -1,
      725, 719, 720, -1,
      725, 720, 267, -1,
      267, 720, 270, -1,
      267, 270, 265, -1,
      265, 270, 269, -1,
      726, 157, 451, -1,
      451, 157, 159, -1,
      451, 159, 440, -1,
      440, 159, 721, -1,
      440, 721, 431, -1,
      431, 721, 722, -1,
      431, 722, 424, -1,
      424, 722, 723, -1,
      424, 723, 419, -1,
      419, 723, 724, -1,
      419, 724, 228, -1,
      228, 724, 725, -1,
      228, 725, 226, -1,
      226, 725, 267, -1,
      226, 267, 382, -1,
      382, 267, 266, -1,
      727, 728, 729, -1,
      401, 403, 399, -1,
      399, 403, 730, -1,
      399, 730, 456, -1,
      456, 730, 731, -1,
      456, 731, 455, -1,
      455, 731, 732, -1,
      455, 732, 454, -1,
      454, 732, 733, -1,
      454, 733, 453, -1,
      453, 733, 734, -1,
      453, 734, 452, -1,
      452, 734, 727, -1,
      452, 727, 451, -1,
      451, 727, 729, -1,
      451, 729, 726, -1,
      735, 736, 737, -1,
      404, 406, 403, -1,
      403, 406, 738, -1,
      403, 738, 730, -1,
      730, 738, 739, -1,
      730, 739, 731, -1,
      731, 739, 740, -1,
      731, 740, 732, -1,
      732, 740, 741, -1,
      732, 741, 733, -1,
      733, 741, 742, -1,
      733, 742, 734, -1,
      734, 742, 735, -1,
      734, 735, 727, -1,
      727, 735, 737, -1,
      727, 737, 728, -1,
      743, 744, 745, -1,
      407, 409, 406, -1,
      406, 409, 746, -1,
      406, 746, 738, -1,
      738, 746, 747, -1,
      738, 747, 739, -1,
      739, 747, 748, -1,
      739, 748, 740, -1,
      740, 748, 749, -1,
      740, 749, 741, -1,
      741, 749, 750, -1,
      741, 750, 742, -1,
      742, 750, 743, -1,
      742, 743, 735, -1,
      735, 743, 745, -1,
      735, 745, 736, -1,
      751, 752, 753, -1,
      410, 412, 409, -1,
      409, 412, 754, -1,
      409, 754, 746, -1,
      746, 754, 755, -1,
      746, 755, 747, -1,
      747, 755, 756, -1,
      747, 756, 748, -1,
      748, 756, 757, -1,
      748, 757, 749, -1,
      749, 757, 758, -1,
      749, 758, 750, -1,
      750, 758, 751, -1,
      750, 751, 743, -1,
      743, 751, 753, -1,
      743, 753, 744, -1,
      759, 760, 761, -1,
      262, 264, 412, -1,
      412, 264, 762, -1,
      412, 762, 754, -1,
      754, 762, 763, -1,
      754, 763, 755, -1,
      755, 763, 764, -1,
      755, 764, 756, -1,
      756, 764, 765, -1,
      756, 765, 757, -1,
      757, 765, 766, -1,
      757, 766, 758, -1,
      758, 766, 759, -1,
      758, 759, 751, -1,
      751, 759, 761, -1,
      751, 761, 752, -1,
      767, 768, 769, -1,
      263, 261, 264, -1,
      264, 261, 770, -1,
      264, 770, 762, -1,
      762, 770, 771, -1,
      762, 771, 763, -1,
      763, 771, 772, -1,
      763, 772, 764, -1,
      764, 772, 773, -1,
      764, 773, 765, -1,
      765, 773, 774, -1,
      765, 774, 766, -1,
      766, 774, 767, -1,
      766, 767, 759, -1,
      759, 767, 769, -1,
      759, 769, 760, -1,
      775, 776, 777, -1,
      260, 258, 261, -1,
      261, 258, 778, -1,
      261, 778, 770, -1,
      770, 778, 779, -1,
      770, 779, 771, -1,
      771, 779, 780, -1,
      771, 780, 772, -1,
      772, 780, 781, -1,
      772, 781, 773, -1,
      773, 781, 782, -1,
      773, 782, 774, -1,
      774, 782, 775, -1,
      774, 775, 767, -1,
      767, 775, 777, -1,
      767, 777, 768, -1,
      783, 784, 785, -1,
      257, 255, 258, -1,
      258, 255, 786, -1,
      258, 786, 778, -1,
      778, 786, 787, -1,
      778, 787, 779, -1,
      779, 787, 788, -1,
      779, 788, 780, -1,
      780, 788, 789, -1,
      780, 789, 781, -1,
      781, 789, 790, -1,
      781, 790, 782, -1,
      782, 790, 783, -1,
      782, 783, 775, -1,
      775, 783, 785, -1,
      775, 785, 776, -1,
      791, 792, 793, -1,
      254, 252, 255, -1,
      255, 252, 794, -1,
      255, 794, 786, -1,
      786, 794, 795, -1,
      786, 795, 787, -1,
      787, 795, 796, -1,
      787, 796, 788, -1,
      788, 796, 797, -1,
      788, 797, 789, -1,
      789, 797, 798, -1,
      789, 798, 790, -1,
      790, 798, 791, -1,
      790, 791, 783, -1,
      783, 791, 793, -1,
      783, 793, 784, -1,
      799, 800, 801, -1,
      251, 249, 252, -1,
      252, 249, 802, -1,
      252, 802, 794, -1,
      794, 802, 803, -1,
      794, 803, 795, -1,
      795, 803, 804, -1,
      795, 804, 796, -1,
      796, 804, 805, -1,
      796, 805, 797, -1,
      797, 805, 806, -1,
      797, 806, 798, -1,
      798, 806, 799, -1,
      798, 799, 791, -1,
      791, 799, 801, -1,
      791, 801, 792, -1,
      807, 808, 809, -1,
      248, 246, 249, -1,
      249, 246, 810, -1,
      249, 810, 802, -1,
      802, 810, 811, -1,
      802, 811, 803, -1,
      803, 811, 812, -1,
      803, 812, 804, -1,
      804, 812, 813, -1,
      804, 813, 805, -1,
      805, 813, 814, -1,
      805, 814, 806, -1,
      806, 814, 807, -1,
      806, 807, 799, -1,
      799, 807, 809, -1,
      799, 809, 800, -1,
      815, 816, 817, -1,
      245, 243, 246, -1,
      246, 243, 818, -1,
      246, 818, 810, -1,
      810, 818, 819, -1,
      810, 819, 811, -1,
      811, 819, 820, -1,
      811, 820, 812, -1,
      812, 820, 821, -1,
      812, 821, 813, -1,
      813, 821, 822, -1,
      813, 822, 814, -1,
      814, 822, 815, -1,
      814, 815, 807, -1,
      807, 815, 817, -1,
      807, 817, 808, -1,
      823, 824, 825, -1,
      242, 240, 243, -1,
      243, 240, 826, -1,
      243, 826, 818, -1,
      818, 826, 827, -1,
      818, 827, 819, -1,
      819, 827, 828, -1,
      819, 828, 820, -1,
      820, 828, 829, -1,
      820, 829, 821, -1,
      821, 829, 830, -1,
      821, 830, 822, -1,
      822, 830, 823, -1,
      822, 823, 815, -1,
      815, 823, 825, -1,
      815, 825, 816, -1,
      831, 832, 833, -1,
      239, 237, 240, -1,
      240, 237, 834, -1,
      240, 834, 826, -1,
      826, 834, 835, -1,
      826, 835, 827, -1,
      827, 835, 836, -1,
      827, 836, 828, -1,
      828, 836, 837, -1,
      828, 837, 829, -1,
      829, 837, 838, -1,
      829, 838, 830, -1,
      830, 838, 831, -1,
      830, 831, 823, -1,
      823, 831, 833, -1,
      823, 833, 824, -1,
      839, 840, 841, -1,
      236, 234, 237, -1,
      237, 234, 842, -1,
      237, 842, 834, -1,
      834, 842, 843, -1,
      834, 843, 835, -1,
      835, 843, 844, -1,
      835, 844, 836, -1,
      836, 844, 845, -1,
      836, 845, 837, -1,
      837, 845, 846, -1,
      837, 846, 838, -1,
      838, 846, 839, -1,
      838, 839, 831, -1,
      831, 839, 841, -1,
      831, 841, 832, -1,
      224, 847, 463, -1,
      463, 847, 848, -1,
      463, 848, 849, -1,
      233, 414, 234, -1,
      234, 414, 472, -1,
      234, 472, 842, -1,
      842, 472, 470, -1,
      842, 470, 843, -1,
      843, 470, 468, -1,
      843, 468, 844, -1,
      844, 468, 466, -1,
      844, 466, 845, -1,
      845, 466, 464, -1,
      845, 464, 846, -1,
      846, 464, 463, -1,
      846, 463, 839, -1,
      839, 463, 849, -1,
      839, 849, 840, -1,
      850, 851, 852, -1,
      852, 851, 853, -1,
      852, 853, 854, -1,
      854, 853, 855, -1,
      854, 855, 856, -1,
      856, 855, 857, -1,
      856, 857, 858, -1,
      858, 857, 859, -1,
      858, 859, 860, -1,
      860, 859, 861, -1,
      860, 861, 862, -1,
      862, 861, 863, -1,
      862, 863, 864, -1,
      864, 863, 865, -1,
      864, 865, 866, -1,
      866, 865, 867, -1,
      866, 867, 868, -1,
      868, 867, 869, -1,
      868, 869, 870, -1,
      870, 869, 871, -1,
      870, 871, 872, -1,
      872, 871, 873, -1,
      872, 873, 874, -1,
      874, 873, 875, -1,
      874, 875, 876, -1,
      876, 875, 877, -1,
      876, 877, 878, -1,
      878, 877, 879, -1,
      878, 879, 880, -1,
      880, 879, 881, -1,
      880, 881, 882, -1,
      882, 881, 883, -1,
      882, 883, 884, -1,
      884, 883, 885, -1,
      884, 885, 886, -1,
      886, 885, 887, -1,
      886, 887, 888, -1,
      888, 887, 889, -1,
      888, 889, 890, -1,
      890, 889, 891, -1,
      890, 891, 892, -1,
      892, 891, 893, -1,
      892, 893, 894, -1,
      894, 893, 895, -1,
      894, 895, 896, -1,
      896, 895, 897, -1,
      896, 897, 898, -1,
      898, 897, 899, -1,
      898, 899, 900, -1,
      900, 899, 901, -1,
      900, 901, 902, -1,
      902, 901, 903, -1,
      902, 903, 904, -1,
      904, 903, 905, -1,
      904, 905, 906, -1,
      906, 905, 907, -1,
      906, 907, 908, -1,
      908, 907, 909, -1,
      908, 909, 910, -1,
      910, 909, 911, -1,
      910, 911, 912, -1,
      912, 911, 913, -1,
      912, 913, 914, -1,
      914, 913, 915, -1,
      914, 915, 916, -1,
      916, 915, 917, -1,
      916, 917, 918, -1,
      918, 917, 919, -1,
      918, 919, 920, -1,
      920, 919, 921, -1,
      920, 921, 922, -1,
      922, 921, 923, -1,
      922, 923, 924, -1,
      924, 923, 925, -1,
      924, 925, 926, -1,
      926, 925, 927, -1,
      926, 927, 928, -1,
      928, 927, 929, -1,
      928, 929, 930, -1,
      930, 929, 931, -1,
      930, 931, 932, -1,
      932, 931, 933, -1,
      932, 933, 934, -1,
      934, 933, 935, -1,
      934, 935, 936, -1,
      936, 935, 937, -1,
      936, 937, 938, -1,
      938, 937, 939, -1,
      938, 939, 940, -1,
      940, 939, 941, -1,
      940, 941, 942, -1,
      942, 941, 943, -1,
      942, 943, 944, -1,
      944, 943, 945, -1,
      944, 945, 946, -1,
      946, 945, 947, -1,
      946, 947, 948, -1,
      948, 947, 949, -1,
      948, 949, 950, -1,
      950, 949, 951, -1,
      950, 951, 952, -1,
      952, 951, 953, -1,
      952, 953, 954, -1,
      954, 953, 955, -1,
      954, 955, 956, -1,
      956, 955, 957, -1,
      956, 957, 958, -1,
      958, 957, 959, -1,
      958, 959, 960, -1,
      960, 959, 961, -1,
      960, 961, 962, -1,
      962, 961, 963, -1,
      962, 963, 964, -1,
      964, 963, 965, -1,
      964, 965, 966, -1,
      966, 965, 967, -1,
      966, 967, 968, -1,
      968, 967, 969, -1,
      968, 969, 970, -1,
      970, 969, 971, -1,
      970, 971, 972, -1,
      972, 971, 973, -1,
      972, 973, 974, -1,
      974, 973, 975, -1,
      974, 975, 976, -1,
      976, 975, 977, -1,
      976, 977, 978, -1,
      978, 977, 979, -1,
      978, 979, 980, -1,
      980, 979, 981, -1,
      980, 981, 982, -1,
      982, 981, 983, -1,
      982, 983, 984, -1,
      984, 983, 985, -1,
      984, 985, 986, -1,
      986, 985, 987, -1,
      986, 987, 988, -1,
      988, 987, 989, -1,
      988, 989, 990, -1,
      990, 989, 991, -1,
      990, 991, 992, -1,
      992, 991, 993, -1,
      992, 993, 994, -1,
      994, 993, 995, -1,
      994, 995, 996, -1,
      996, 995, 997, -1,
      996, 997, 998, -1,
      998, 997, 999, -1,
      998, 999, 1000, -1,
      1000, 999, 1001, -1,
      1000, 1001, 1002, -1,
      1002, 1001, 1003, -1,
      1002, 1003, 1004, -1,
      1004, 1003, 1005, -1,
      1004, 1005, 1006, -1,
      1006, 1005, 1007, -1,
      1006, 1007, 1008, -1,
      1008, 1007, 1009, -1,
      1008, 1009, 1010, -1,
      1010, 1009, 1011, -1,
      1010, 1011, 1012, -1,
      1012, 1011, 1013, -1,
      1012, 1013, 1014, -1,
      1014, 1013, 1015, -1,
      1014, 1015, 1016, -1,
      1016, 1015, 1017, -1,
      1016, 1017, 1018, -1,
      1018, 1017, 1019, -1,
      1018, 1019, 1020, -1,
      1020, 1019, 1021, -1,
      1020, 1021, 1022, -1,
      1022, 1021, 1023, -1,
      1022, 1023, 1024, -1,
      1024, 1023, 1025, -1,
      1024, 1025, 1026, -1,
      1026, 1025, 1027, -1,
      1026, 1027, 1028, -1,
      1028, 1027, 1029, -1,
      1028, 1029, 1030, -1,
      1030, 1029, 1031, -1,
      1030, 1031, 1032, -1,
      1032, 1031, 1033, -1,
      1032, 1033, 1034, -1,
      1034, 1033, 1035, -1,
      1034, 1035, 1036, -1,
      1036, 1035, 1037, -1,
      1036, 1037, 1038, -1,
      1038, 1037, 1039, -1,
      1038, 1039, 1040, -1,
      1040, 1039, 1041, -1,
      1040, 1041, 1042, -1,
      1042, 1041, 1043, -1,
      1042, 1043, 1044, -1,
      1044, 1043, 1045, -1,
      1044, 1045, 1046, -1,
      1046, 1045, 1047, -1,
      1046, 1047, 1048, -1,
      1048, 1047, 1049, -1,
      1048, 1049, 1050, -1,
      1050, 1049, 1051, -1,
      1050, 1051, 1052, -1,
      1052, 1051, 1053, -1,
      1052, 1053, 1054, -1,
      1054, 1053, 1055, -1,
      1054, 1055, 1056, -1,
      1056, 1055, 1057, -1,
      1056, 1057, 1058, -1,
      1058, 1057, 1059, -1,
      1058, 1059, 1060, -1,
      1060, 1059, 1061, -1,
      1060, 1061, 1062, -1,
      1062, 1061, 1063, -1,
      1062, 1063, 1064, -1,
      1064, 1063, 1065, -1,
      1064, 1065, 1066, -1,
      1066, 1065, 1067, -1,
      1066, 1067, 1068, -1,
      1068, 1067, 1069, -1,
      1068, 1069, 850, -1,
      850, 1069, 851, -1,
      657, 656, 1070, -1,
      188, 187, 1071, -1,
      185, 184, 1072, -1,
      182, 181, 1073, -1,
      179, 178, 1074, -1,
      176, 175, 1075, -1,
      173, 172, 1076, -1,
      170, 169, 1077, -1,
      694, 705, 1078, -1,
      704, 703, 1079, -1,
      696, 695, 1080, -1,
      167, 166, 1081, -1,
      164, 163, 1082, -1,
      161, 160, 1083, -1,
      224, 223, 1084, -1,
      221, 220, 1085, -1,
      218, 217, 1086, -1,
      215, 214, 1087, -1,
      212, 211, 1088, -1,
      209, 208, 1089, -1,
      206, 205, 1090, -1,
      203, 202, 1091, -1,
      503, 514, 1092, -1,
      513, 512, 1093, -1,
      505, 504, 1094, -1,
      200, 199, 1095, -1,
      197, 196, 1096, -1,
      194, 193, 1097, -1,
      1098, 1099, 1100, -1,
      153, 152, 1101, -1,
      144, 148, 1102, -1,
      1103, 146, 145, -1,
      146, 1103, 147, -1,
      137, 138, 1104, -1,
      135, 134, 1105, -1,
      131, 130, 1106, -1,
      129, 128, 1107, -1,
      120, 124, 1108, -1,
      119, 118, 1109, -1,
      113, 114, 1110, -1,
      108, 112, 1111, -1,
      107, 106, 1112, -1,
      1113, 104, 105, -1,
      104, 1113, 103, -1,
      95, 94, 1114, -1,
      1115, 92, 93, -1,
      92, 1115, 91, -1,
      79, 80, 1116, -1,
      77, 76, 1117, -1,
      73, 72, 1118, -1,
      71, 70, 1119, -1,
      62, 66, 1120, -1,
      1121, 64, 63, -1,
      64, 1121, 65, -1,
      50, 54, 1122, -1,
      1123, 52, 51, -1,
      52, 1123, 53, -1,
      1124, 154, 47, -1,
      1125, 47, 49, -1,
      49, 48, 1126, -1,
      1126, 48, 53, -1,
      1127, 51, 50, -1,
      54, 55, 1128, -1,
      1128, 55, 56, -1,
      1128, 56, 57, -1,
      1129, 57, 59, -1,
      59, 58, 1130, -1,
      1130, 58, 61, -1,
      61, 60, 1131, -1,
      1131, 60, 65, -1,
      1132, 63, 62, -1,
      66, 67, 1133, -1,
      1133, 67, 68, -1,
      1133, 68, 69, -1,
      1134, 69, 71, -1,
      73, 1118, 70, -1,
      79, 1116, 78, -1,
      82, 87, 1099, -1,
      87, 86, 1099, -1,
      1099, 86, 85, -1,
      1099, 85, 1100, -1,
      1100, 85, 84, -1,
      84, 88, 1135, -1,
      1135, 88, 89, -1,
      89, 90, 1136, -1,
      1136, 90, 91, -1,
      1137, 93, 95, -1,
      94, 99, 1138, -1,
      1138, 99, 98, -1,
      1138, 98, 97, -1,
      1139, 97, 96, -1,
      96, 100, 1140, -1,
      1140, 100, 101, -1,
      101, 102, 1141, -1,
      1141, 102, 103, -1,
      1142, 105, 107, -1,
      106, 111, 1143, -1,
      1143, 111, 110, -1,
      1143, 110, 109, -1,
      1144, 109, 108, -1,
      113, 1110, 112, -1,
      114, 115, 1145, -1,
      1145, 115, 116, -1,
      1145, 116, 117, -1,
      1146, 117, 119, -1,
      118, 123, 1147, -1,
      1147, 123, 122, -1,
      1147, 122, 121, -1,
      1148, 121, 120, -1,
      124, 125, 1149, -1,
      1149, 125, 126, -1,
      1149, 126, 127, -1,
      1150, 127, 129, -1,
      137, 1104, 136, -1,
      141, 140, 1151, -1,
      1151, 140, 1152, -1,
      1151, 1152, 1153, -1,
      140, 143, 1152, -1,
      1152, 143, 142, -1,
      1152, 142, 147, -1,
      1154, 145, 144, -1,
      148, 149, 1155, -1,
      1155, 149, 150, -1,
      1155, 150, 151, -1,
      1156, 151, 153, -1,
      152, 156, 1157, -1,
      1157, 156, 155, -1,
      1157, 155, 154, -1,
      83, 82, 1158, -1,
      1158, 82, 1099, -1,
      1158, 1099, 1159, -1,
      1159, 1099, 1098, -1,
      1159, 1098, 1093, -1,
      139, 141, 1160, -1,
      1160, 141, 1151, -1,
      1160, 1151, 1161, -1,
      1161, 1151, 1153, -1,
      1161, 1153, 1079, -1,
      1162, 1163, 1164, -1,
      1165, 1163, 1166, -1,
      1166, 1163, 1162, -1,
      1166, 1162, 1118, -1,
      72, 77, 1118, -1,
      1118, 77, 1117, -1,
      1118, 1117, 1166, -1,
      1166, 1117, 1167, -1,
      1166, 1167, 1165, -1,
      1165, 1167, 1168, -1,
      1169, 1170, 1171, -1,
      1172, 1170, 1173, -1,
      1173, 1170, 1169, -1,
      1173, 1169, 1107, -1,
      128, 131, 1107, -1,
      1107, 131, 1106, -1,
      1107, 1106, 1173, -1,
      1173, 1106, 1174, -1,
      1173, 1174, 1172, -1,
      1172, 1174, 1175, -1,
      1176, 650, 649, -1,
      53, 1123, 1126, -1,
      1126, 1123, 1177, -1,
      1126, 1177, 1178, -1,
      1178, 1177, 1176, -1,
      1178, 1176, 1179, -1,
      1179, 1176, 649, -1,
      1179, 649, 659, -1,
      1180, 642, 641, -1,
      51, 1127, 1123, -1,
      1123, 1127, 1181, -1,
      1123, 1181, 1177, -1,
      1177, 1181, 1180, -1,
      1177, 1180, 1176, -1,
      1176, 1180, 641, -1,
      1176, 641, 650, -1,
      1182, 634, 633, -1,
      50, 1122, 1127, -1,
      1127, 1122, 1183, -1,
      1127, 1183, 1181, -1,
      1181, 1183, 1182, -1,
      1181, 1182, 1180, -1,
      1180, 1182, 633, -1,
      1180, 633, 642, -1,
      1184, 626, 625, -1,
      54, 1128, 1122, -1,
      1122, 1128, 1185, -1,
      1122, 1185, 1183, -1,
      1183, 1185, 1184, -1,
      1183, 1184, 1182, -1,
      1182, 1184, 625, -1,
      1182, 625, 634, -1,
      1186, 618, 617, -1,
      57, 1129, 1128, -1,
      1128, 1129, 1187, -1,
      1128, 1187, 1185, -1,
      1185, 1187, 1186, -1,
      1185, 1186, 1184, -1,
      1184, 1186, 617, -1,
      1184, 617, 626, -1,
      1188, 610, 609, -1,
      59, 1130, 1129, -1,
      1129, 1130, 1189, -1,
      1129, 1189, 1187, -1,
      1187, 1189, 1188, -1,
      1187, 1188, 1186, -1,
      1186, 1188, 609, -1,
      1186, 609, 618, -1,
      1190, 602, 601, -1,
      61, 1131, 1130, -1,
      1130, 1131, 1191, -1,
      1130, 1191, 1189, -1,
      1189, 1191, 1190, -1,
      1189, 1190, 1188, -1,
      1188, 1190, 601, -1,
      1188, 601, 610, -1,
      1192, 594, 593, -1,
      65, 1121, 1131, -1,
      1131, 1121, 1193, -1,
      1131, 1193, 1191, -1,
      1191, 1193, 1192, -1,
      1191, 1192, 1190, -1,
      1190, 1192, 593, -1,
      1190, 593, 602, -1,
      1194, 586, 585, -1,
      63, 1132, 1121, -1,
      1121, 1132, 1195, -1,
      1121, 1195, 1193, -1,
      1193, 1195, 1194, -1,
      1193, 1194, 1192, -1,
      1192, 1194, 585, -1,
      1192, 585, 594, -1,
      1196, 578, 577, -1,
      62, 1120, 1132, -1,
      1132, 1120, 1197, -1,
      1132, 1197, 1195, -1,
      1195, 1197, 1196, -1,
      1195, 1196, 1194, -1,
      1194, 1196, 577, -1,
      1194, 577, 586, -1,
      1198, 570, 569, -1,
      66, 1133, 1120, -1,
      1120, 1133, 1199, -1,
      1120, 1199, 1197, -1,
      1197, 1199, 1198, -1,
      1197, 1198, 1196, -1,
      1196, 1198, 569, -1,
      1196, 569, 578, -1,
      1200, 562, 561, -1,
      69, 1134, 1133, -1,
      1133, 1134, 1201, -1,
      1133, 1201, 1199, -1,
      1199, 1201, 1200, -1,
      1199, 1200, 1198, -1,
      1198, 1200, 561, -1,
      1198, 561, 570, -1,
      1202, 554, 553, -1,
      71, 1119, 1134, -1,
      1134, 1119, 1203, -1,
      1134, 1203, 1201, -1,
      1201, 1203, 1202, -1,
      1201, 1202, 1200, -1,
      1200, 1202, 553, -1,
      1200, 553, 562, -1,
      70, 1118, 1119, -1,
      1119, 1118, 1162, -1,
      1119, 1162, 1203, -1,
      1203, 1162, 1164, -1,
      1203, 1164, 1202, -1,
      1202, 1164, 545, -1,
      1202, 545, 554, -1,
      191, 190, 1168, -1,
      1168, 190, 535, -1,
      1168, 535, 1165, -1,
      1165, 535, 538, -1,
      1165, 538, 1163, -1,
      1163, 538, 537, -1,
      1163, 537, 1164, -1,
      1164, 537, 546, -1,
      1164, 546, 545, -1,
      193, 191, 1097, -1,
      1097, 191, 1168, -1,
      1097, 1168, 1204, -1,
      1204, 1168, 1167, -1,
      1204, 1167, 1205, -1,
      1205, 1167, 1117, -1,
      1205, 1117, 75, -1,
      75, 1117, 76, -1,
      196, 194, 1096, -1,
      1096, 194, 1097, -1,
      1096, 1097, 1206, -1,
      1206, 1097, 1204, -1,
      1206, 1204, 1207, -1,
      1207, 1204, 1205, -1,
      1207, 1205, 74, -1,
      74, 1205, 75, -1,
      199, 197, 1095, -1,
      1095, 197, 1096, -1,
      1095, 1096, 1208, -1,
      1208, 1096, 1206, -1,
      1208, 1206, 1116, -1,
      1116, 1206, 1207, -1,
      1116, 1207, 78, -1,
      78, 1207, 74, -1,
      504, 200, 1094, -1,
      1094, 200, 1095, -1,
      1094, 1095, 1209, -1,
      1209, 1095, 1208, -1,
      1209, 1208, 1210, -1,
      1210, 1208, 1116, -1,
      1210, 1116, 81, -1,
      81, 1116, 80, -1,
      512, 505, 1093, -1,
      1093, 505, 1094, -1,
      1093, 1094, 1159, -1,
      1159, 1094, 1209, -1,
      1159, 1209, 1158, -1,
      1158, 1209, 1210, -1,
      1158, 1210, 83, -1,
      83, 1210, 81, -1,
      84, 1135, 1100, -1,
      1100, 1135, 1211, -1,
      1100, 1211, 1098, -1,
      1098, 1211, 1092, -1,
      1098, 1092, 1093, -1,
      1093, 1092, 514, -1,
      1093, 514, 513, -1,
      89, 1136, 1135, -1,
      1135, 1136, 1212, -1,
      1135, 1212, 1211, -1,
      1211, 1212, 1091, -1,
      1211, 1091, 1092, -1,
      1092, 1091, 202, -1,
      1092, 202, 503, -1,
      91, 1115, 1136, -1,
      1136, 1115, 1213, -1,
      1136, 1213, 1212, -1,
      1212, 1213, 1090, -1,
      1212, 1090, 1091, -1,
      1091, 1090, 205, -1,
      1091, 205, 203, -1,
      93, 1137, 1115, -1,
      1115, 1137, 1214, -1,
      1115, 1214, 1213, -1,
      1213, 1214, 1089, -1,
      1213, 1089, 1090, -1,
      1090, 1089, 208, -1,
      1090, 208, 206, -1,
      95, 1114, 1137, -1,
      1137, 1114, 1215, -1,
      1137, 1215, 1214, -1,
      1214, 1215, 1088, -1,
      1214, 1088, 1089, -1,
      1089, 1088, 211, -1,
      1089, 211, 209, -1,
      94, 1138, 1114, -1,
      1114, 1138, 1216, -1,
      1114, 1216, 1215, -1,
      1215, 1216, 1087, -1,
      1215, 1087, 1088, -1,
      1088, 1087, 214, -1,
      1088, 214, 212, -1,
      97, 1139, 1138, -1,
      1138, 1139, 1217, -1,
      1138, 1217, 1216, -1,
      1216, 1217, 1086, -1,
      1216, 1086, 1087, -1,
      1087, 1086, 217, -1,
      1087, 217, 215, -1,
      96, 1140, 1139, -1,
      1139, 1140, 1218, -1,
      1139, 1218, 1217, -1,
      1217, 1218, 1085, -1,
      1217, 1085, 1086, -1,
      1086, 1085, 220, -1,
      1086, 220, 218, -1,
      101, 1141, 1140, -1,
      1140, 1141, 1219, -1,
      1140, 1219, 1218, -1,
      1218, 1219, 1084, -1,
      1218, 1084, 1085, -1,
      1085, 1084, 223, -1,
      1085, 223, 221, -1,
      103, 1113, 1141, -1,
      1141, 1113, 1220, -1,
      1141, 1220, 1219, -1,
      1219, 1220, 1221, -1,
      1219, 1221, 1084, -1,
      1084, 1221, 847, -1,
      1084, 847, 224, -1,
      1222, 849, 848, -1,
      105, 1142, 1113, -1,
      1113, 1142, 1223, -1,
      1113, 1223, 1220, -1,
      1220, 1223, 1222, -1,
      1220, 1222, 1221, -1,
      1221, 1222, 848, -1,
      1221, 848, 847, -1,
      1224, 841, 840, -1,
      107, 1112, 1142, -1,
      1142, 1112, 1225, -1,
      1142, 1225, 1223, -1,
      1223, 1225, 1224, -1,
      1223, 1224, 1222, -1,
      1222, 1224, 840, -1,
      1222, 840, 849, -1,
      1226, 833, 832, -1,
      106, 1143, 1112, -1,
      1112, 1143, 1227, -1,
      1112, 1227, 1225, -1,
      1225, 1227, 1226, -1,
      1225, 1226, 1224, -1,
      1224, 1226, 832, -1,
      1224, 832, 841, -1,
      1228, 825, 824, -1,
      109, 1144, 1143, -1,
      1143, 1144, 1229, -1,
      1143, 1229, 1227, -1,
      1227, 1229, 1228, -1,
      1227, 1228, 1226, -1,
      1226, 1228, 824, -1,
      1226, 824, 833, -1,
      1230, 817, 816, -1,
      108, 1111, 1144, -1,
      1144, 1111, 1231, -1,
      1144, 1231, 1229, -1,
      1229, 1231, 1230, -1,
      1229, 1230, 1228, -1,
      1228, 1230, 816, -1,
      1228, 816, 825, -1,
      1232, 809, 808, -1,
      112, 1110, 1111, -1,
      1111, 1110, 1233, -1,
      1111, 1233, 1231, -1,
      1231, 1233, 1232, -1,
      1231, 1232, 1230, -1,
      1230, 1232, 808, -1,
      1230, 808, 817, -1,
      1234, 801, 800, -1,
      114, 1145, 1110, -1,
      1110, 1145, 1235, -1,
      1110, 1235, 1233, -1,
      1233, 1235, 1234, -1,
      1233, 1234, 1232, -1,
      1232, 1234, 800, -1,
      1232, 800, 809, -1,
      1236, 793, 792, -1,
      117, 1146, 1145, -1,
      1145, 1146, 1237, -1,
      1145, 1237, 1235, -1,
      1235, 1237, 1236, -1,
      1235, 1236, 1234, -1,
      1234, 1236, 792, -1,
      1234, 792, 801, -1,
      1238, 785, 784, -1,
      119, 1109, 1146, -1,
      1146, 1109, 1239, -1,
      1146, 1239, 1237, -1,
      1237, 1239, 1238, -1,
      1237, 1238, 1236, -1,
      1236, 1238, 784, -1,
      1236, 784, 793, -1,
      1240, 777, 776, -1,
      118, 1147, 1109, -1,
      1109, 1147, 1241, -1,
      1109, 1241, 1239, -1,
      1239, 1241, 1240, -1,
      1239, 1240, 1238, -1,
      1238, 1240, 776, -1,
      1238, 776, 785, -1,
      1242, 769, 768, -1,
      121, 1148, 1147, -1,
      1147, 1148, 1243, -1,
      1147, 1243, 1241, -1,
      1241, 1243, 1242, -1,
      1241, 1242, 1240, -1,
      1240, 1242, 768, -1,
      1240, 768, 777, -1,
      1244, 761, 760, -1,
      120, 1108, 1148, -1,
      1148, 1108, 1245, -1,
      1148, 1245, 1243, -1,
      1243, 1245, 1244, -1,
      1243, 1244, 1242, -1,
      1242, 1244, 760, -1,
      1242, 760, 769, -1,
      1246, 753, 752, -1,
      124, 1149, 1108, -1,
      1108, 1149, 1247, -1,
      1108, 1247, 1245, -1,
      1245, 1247, 1246, -1,
      1245, 1246, 1244, -1,
      1244, 1246, 752, -1,
      1244, 752, 761, -1,
      1248, 745, 744, -1,
      127, 1150, 1149, -1,
      1149, 1150, 1249, -1,
      1149, 1249, 1247, -1,
      1247, 1249, 1248, -1,
      1247, 1248, 1246, -1,
      1246, 1248, 744, -1,
      1246, 744, 753, -1,
      129, 1107, 1150, -1,
      1150, 1107, 1169, -1,
      1150, 1169, 1249, -1,
      1249, 1169, 1171, -1,
      1249, 1171, 1248, -1,
      1248, 1171, 736, -1,
      1248, 736, 745, -1,
      158, 157, 1175, -1,
      1175, 157, 726, -1,
      1175, 726, 1172, -1,
      1172, 726, 729, -1,
      1172, 729, 1170, -1,
      1170, 729, 728, -1,
      1170, 728, 1171, -1,
      1171, 728, 737, -1,
      1171, 737, 736, -1,
      160, 158, 1083, -1,
      1083, 158, 1175, -1,
      1083, 1175, 1250, -1,
      1250, 1175, 1174, -1,
      1250, 1174, 1105, -1,
      1105, 1174, 1106, -1,
      1105, 1106, 135, -1,
      135, 1106, 130, -1,
      163, 161, 1082, -1,
      1082, 161, 1083, -1,
      1082, 1083, 1251, -1,
      1251, 1083, 1250, -1,
      1251, 1250, 1252, -1,
      1252, 1250, 1105, -1,
      1252, 1105, 133, -1,
      133, 1105, 134, -1,
      166, 164, 1081, -1,
      1081, 164, 1082, -1,
      1081, 1082, 1253, -1,
      1253, 1082, 1251, -1,
      1253, 1251, 1254, -1,
      1254, 1251, 1252, -1,
      1254, 1252, 132, -1,
      132, 1252, 133, -1,
      695, 167, 1080, -1,
      1080, 167, 1081, -1,
      1080, 1081, 1255, -1,
      1255, 1081, 1253, -1,
      1255, 1253, 1104, -1,
      1104, 1253, 1254, -1,
      1104, 1254, 136, -1,
      136, 1254, 132, -1,
      703, 696, 1079, -1,
      1079, 696, 1080, -1,
      1079, 1080, 1161, -1,
      1161, 1080, 1255, -1,
      1161, 1255, 1160, -1,
      1160, 1255, 1104, -1,
      1160, 1104, 139, -1,
      139, 1104, 138, -1,
      147, 1103, 1152, -1,
      1152, 1103, 1256, -1,
      1152, 1256, 1153, -1,
      1153, 1256, 1078, -1,
      1153, 1078, 1079, -1,
      1079, 1078, 705, -1,
      1079, 705, 704, -1,
      145, 1154, 1103, -1,
      1103, 1154, 1257, -1,
      1103, 1257, 1256, -1,
      1256, 1257, 1077, -1,
      1256, 1077, 1078, -1,
      1078, 1077, 169, -1,
      1078, 169, 694, -1,
      144, 1102, 1154, -1,
      1154, 1102, 1258, -1,
      1154, 1258, 1257, -1,
      1257, 1258, 1076, -1,
      1257, 1076, 1077, -1,
      1077, 1076, 172, -1,
      1077, 172, 170, -1,
      148, 1155, 1102, -1,
      1102, 1155, 1259, -1,
      1102, 1259, 1258, -1,
      1258, 1259, 1075, -1,
      1258, 1075, 1076, -1,
      1076, 1075, 175, -1,
      1076, 175, 173, -1,
      151, 1156, 1155, -1,
      1155, 1156, 1260, -1,
      1155, 1260, 1259, -1,
      1259, 1260, 1074, -1,
      1259, 1074, 1075, -1,
      1075, 1074, 178, -1,
      1075, 178, 176, -1,
      153, 1101, 1156, -1,
      1156, 1101, 1261, -1,
      1156, 1261, 1260, -1,
      1260, 1261, 1073, -1,
      1260, 1073, 1074, -1,
      1074, 1073, 181, -1,
      1074, 181, 179, -1,
      152, 1157, 1101, -1,
      1101, 1157, 1262, -1,
      1101, 1262, 1261, -1,
      1261, 1262, 1072, -1,
      1261, 1072, 1073, -1,
      1073, 1072, 184, -1,
      1073, 184, 182, -1,
      154, 1124, 1157, -1,
      1157, 1124, 1263, -1,
      1157, 1263, 1262, -1,
      1262, 1263, 1071, -1,
      1262, 1071, 1072, -1,
      1072, 1071, 187, -1,
      1072, 187, 185, -1,
      47, 1125, 1124, -1,
      1124, 1125, 1264, -1,
      1124, 1264, 1263, -1,
      1263, 1264, 1070, -1,
      1263, 1070, 1071, -1,
      1071, 1070, 656, -1,
      1071, 656, 188, -1,
      49, 1126, 1125, -1,
      1125, 1126, 1178, -1,
      1125, 1178, 1264, -1,
      1264, 1178, 1179, -1,
      1264, 1179, 1070, -1,
      1070, 1179, 659, -1,
      1070, 659, 657, -1,
      1059, 1057, 1265, -1,
      1049, 1047, 1266, -1,
      1045, 1043, 1267, -1,
      1025, 1023, 1268, -1,
      1001, 999, 1269, -1,
      991, 989, 1270, -1,
      987, 985, 1271, -1,
      967, 965, 1272, -1,
      929, 927, 1273, -1,
      919, 917, 1274, -1,
      909, 907, 1275, -1,
      905, 903, 1276, -1,
      885, 883, 1277, -1,
      1278, 1279, 1280, -1,
      375, 373, 1281, -1,
      281, 280, 1282, -1,
      278, 277, 1283, -1,
      275, 274, 1284, -1,
      272, 271, 1285, -1,
      269, 268, 1286, -1,
      266, 265, 1287, -1,
      383, 382, 1288, -1,
      385, 384, 1289, -1,
      388, 386, 1290, -1,
      391, 389, 1291, -1,
      394, 392, 1292, -1,
      397, 395, 1293, -1,
      402, 401, 1294, -1,
      405, 404, 1295, -1,
      408, 407, 1296, -1,
      411, 410, 1297, -1,
      263, 262, 1298, -1,
      260, 259, 1299, -1,
      335, 416, 1300, -1,
      337, 336, 1301, -1,
      340, 339, 1302, -1,
      332, 331, 1303, -1,
      329, 328, 1304, -1,
      326, 325, 1305, -1,
      323, 322, 1306, -1,
      320, 319, 1307, -1,
      317, 316, 1308, -1,
      343, 342, 1309, -1,
      345, 344, 1310, -1,
      348, 346, 1311, -1,
      351, 349, 1312, -1,
      354, 352, 1313, -1,
      357, 355, 1314, -1,
      362, 361, 1315, -1,
      365, 364, 1316, -1,
      368, 367, 1317, -1,
      371, 370, 1318, -1,
      314, 313, 1319, -1,
      311, 310, 1320, -1,
      1281, 373, 1321, -1,
      373, 284, 1321, -1,
      1321, 284, 283, -1,
      1321, 283, 1322, -1,
      1322, 283, 287, -1,
      286, 290, 1323, -1,
      289, 293, 1324, -1,
      292, 296, 1325, -1,
      295, 299, 1326, -1,
      298, 302, 1327, -1,
      301, 305, 1328, -1,
      304, 308, 1329, -1,
      311, 1320, 307, -1,
      413, 233, 1330, -1,
      232, 236, 1331, -1,
      235, 239, 1332, -1,
      238, 242, 1333, -1,
      241, 245, 1334, -1,
      244, 248, 1335, -1,
      247, 251, 1336, -1,
      250, 254, 1337, -1,
      253, 257, 1338, -1,
      260, 1299, 256, -1,
      380, 379, 1279, -1,
      1279, 379, 377, -1,
      1279, 377, 1280, -1,
      1280, 377, 376, -1,
      1280, 376, 375, -1,
      280, 380, 1282, -1,
      1282, 380, 1279, -1,
      1282, 1279, 1339, -1,
      1339, 1279, 1278, -1,
      1339, 1278, 1340, -1,
      1341, 1281, 1342, -1,
      1342, 1281, 1321, -1,
      1342, 1321, 1343, -1,
      1343, 1321, 1322, -1,
      1343, 1322, 1344, -1,
      293, 292, 1324, -1,
      1324, 292, 1325, -1,
      1324, 1325, 1345, -1,
      1345, 1325, 1346, -1,
      1345, 1346, 1347, -1,
      1347, 1346, 1348, -1,
      296, 295, 1325, -1,
      1325, 295, 1326, -1,
      1325, 1326, 1346, -1,
      1346, 1326, 1349, -1,
      1346, 1349, 1348, -1,
      1348, 1349, 1350, -1,
      299, 298, 1326, -1,
      1326, 298, 1327, -1,
      1326, 1327, 1349, -1,
      1349, 1327, 1351, -1,
      1349, 1351, 1350, -1,
      1350, 1351, 1352, -1,
      305, 304, 1328, -1,
      1328, 304, 1329, -1,
      1328, 1329, 1353, -1,
      1353, 1329, 1354, -1,
      1353, 1354, 1355, -1,
      1355, 1354, 1277, -1,
      313, 371, 1319, -1,
      1319, 371, 1318, -1,
      1319, 1318, 1356, -1,
      1356, 1318, 1357, -1,
      1356, 1357, 1358, -1,
      1358, 1357, 1359, -1,
      370, 368, 1318, -1,
      1318, 368, 1317, -1,
      1318, 1317, 1357, -1,
      1357, 1317, 1360, -1,
      1357, 1360, 1359, -1,
      1359, 1360, 1361, -1,
      367, 365, 1317, -1,
      1317, 365, 1316, -1,
      1317, 1316, 1360, -1,
      1360, 1316, 1362, -1,
      1360, 1362, 1361, -1,
      1361, 1362, 1363, -1,
      355, 354, 1314, -1,
      1314, 354, 1313, -1,
      1314, 1313, 1364, -1,
      1364, 1313, 1365, -1,
      1364, 1365, 1366, -1,
      1366, 1365, 1274, -1,
      346, 345, 1311, -1,
      1311, 345, 1310, -1,
      1311, 1310, 1367, -1,
      1367, 1310, 1368, -1,
      1367, 1368, 1369, -1,
      1369, 1368, 1273, -1,
      316, 320, 1308, -1,
      1308, 320, 1307, -1,
      1308, 1307, 1370, -1,
      1370, 1307, 1371, -1,
      1370, 1371, 1372, -1,
      1372, 1371, 1373, -1,
      328, 332, 1304, -1,
      1304, 332, 1303, -1,
      1304, 1303, 1374, -1,
      1374, 1303, 1375, -1,
      1374, 1375, 1376, -1,
      1376, 1375, 1377, -1,
      331, 340, 1303, -1,
      1303, 340, 1302, -1,
      1303, 1302, 1375, -1,
      1375, 1302, 1378, -1,
      1375, 1378, 1377, -1,
      1377, 1378, 1379, -1,
      339, 337, 1302, -1,
      1302, 337, 1301, -1,
      1302, 1301, 1378, -1,
      1378, 1301, 1380, -1,
      1378, 1380, 1379, -1,
      1379, 1380, 1381, -1,
      416, 415, 1300, -1,
      1300, 415, 1382, -1,
      1300, 1382, 1383, -1,
      1383, 1382, 1384, -1,
      1383, 1384, 1385, -1,
      1385, 1384, 1272, -1,
      236, 235, 1331, -1,
      1331, 235, 1332, -1,
      1331, 1332, 1386, -1,
      1386, 1332, 1387, -1,
      1386, 1387, 1388, -1,
      1388, 1387, 1389, -1,
      239, 238, 1332, -1,
      1332, 238, 1333, -1,
      1332, 1333, 1387, -1,
      1387, 1333, 1390, -1,
      1387, 1390, 1389, -1,
      1389, 1390, 1391, -1,
      242, 241, 1333, -1,
      1333, 241, 1334, -1,
      1333, 1334, 1390, -1,
      1390, 1334, 1392, -1,
      1390, 1392, 1391, -1,
      1391, 1392, 1393, -1,
      257, 256, 1338, -1,
      1338, 256, 1299, -1,
      1338, 1299, 1394, -1,
      1394, 1299, 1395, -1,
      1394, 1395, 1396, -1,
      1396, 1395, 1269, -1,
      410, 408, 1297, -1,
      1297, 408, 1296, -1,
      1297, 1296, 1397, -1,
      1397, 1296, 1398, -1,
      1397, 1398, 1399, -1,
      1399, 1398, 1400, -1,
      407, 405, 1296, -1,
      1296, 405, 1295, -1,
      1296, 1295, 1398, -1,
      1398, 1295, 1401, -1,
      1398, 1401, 1400, -1,
      1400, 1401, 1402, -1,
      404, 402, 1295, -1,
      1295, 402, 1294, -1,
      1295, 1294, 1401, -1,
      1401, 1294, 1403, -1,
      1401, 1403, 1402, -1,
      1402, 1403, 1404, -1,
      400, 398, 1405, -1,
      1405, 398, 1406, -1,
      1405, 1406, 1407, -1,
      1407, 1406, 1408, -1,
      1407, 1408, 1409, -1,
      1409, 1408, 1268, -1,
      392, 391, 1292, -1,
      1292, 391, 1291, -1,
      1292, 1291, 1410, -1,
      1410, 1291, 1411, -1,
      1410, 1411, 1412, -1,
      1412, 1411, 1413, -1,
      389, 388, 1291, -1,
      1291, 388, 1290, -1,
      1291, 1290, 1411, -1,
      1411, 1290, 1414, -1,
      1411, 1414, 1413, -1,
      1413, 1414, 1415, -1,
      386, 385, 1290, -1,
      1290, 385, 1289, -1,
      1290, 1289, 1414, -1,
      1414, 1289, 1416, -1,
      1414, 1416, 1415, -1,
      1415, 1416, 1417, -1,
      271, 275, 1285, -1,
      1285, 275, 1284, -1,
      1285, 1284, 1418, -1,
      1418, 1284, 1419, -1,
      1418, 1419, 1420, -1,
      1420, 1419, 1265, -1,
      1421, 1341, 1422, -1,
      1422, 1341, 1342, -1,
      1422, 1342, 1423, -1,
      1423, 1342, 1343, -1,
      1423, 1343, 1424, -1,
      1424, 1343, 1344, -1,
      1424, 1344, 1425, -1,
      857, 1424, 859, -1,
      859, 1424, 1425, -1,
      859, 1425, 861, -1,
      863, 861, 1426, -1,
      1426, 861, 1425, -1,
      1426, 1425, 1427, -1,
      1427, 1425, 1344, -1,
      1427, 1344, 1323, -1,
      1323, 1344, 1322, -1,
      1323, 1322, 286, -1,
      286, 1322, 287, -1,
      290, 289, 1323, -1,
      1323, 289, 1324, -1,
      1323, 1324, 1427, -1,
      1427, 1324, 1345, -1,
      1427, 1345, 1426, -1,
      1426, 1345, 1347, -1,
      1426, 1347, 863, -1,
      863, 1347, 865, -1,
      877, 875, 1352, -1,
      1352, 875, 873, -1,
      1352, 873, 1350, -1,
      1350, 873, 871, -1,
      1350, 871, 1348, -1,
      1348, 871, 869, -1,
      1348, 869, 1347, -1,
      1347, 869, 867, -1,
      1347, 867, 865, -1,
      879, 877, 1355, -1,
      1355, 877, 1352, -1,
      1355, 1352, 1353, -1,
      1353, 1352, 1351, -1,
      1353, 1351, 1328, -1,
      1328, 1351, 1327, -1,
      1328, 1327, 301, -1,
      301, 1327, 302, -1,
      1277, 883, 1355, -1,
      1355, 883, 881, -1,
      1355, 881, 879, -1,
      887, 885, 1428, -1,
      1428, 885, 1277, -1,
      1428, 1277, 1429, -1,
      1429, 1277, 1354, -1,
      1429, 1354, 1320, -1,
      1320, 1354, 1329, -1,
      1320, 1329, 307, -1,
      307, 1329, 308, -1,
      310, 314, 1320, -1,
      1320, 314, 1319, -1,
      1320, 1319, 1429, -1,
      1429, 1319, 1356, -1,
      1429, 1356, 1428, -1,
      1428, 1356, 1358, -1,
      1428, 1358, 887, -1,
      887, 1358, 889, -1,
      901, 899, 1363, -1,
      1363, 899, 897, -1,
      1363, 897, 1361, -1,
      1361, 897, 895, -1,
      1361, 895, 1359, -1,
      1359, 895, 893, -1,
      1359, 893, 1358, -1,
      1358, 893, 891, -1,
      1358, 891, 889, -1,
      903, 901, 1276, -1,
      1276, 901, 1363, -1,
      1276, 1363, 1430, -1,
      1430, 1363, 1362, -1,
      1430, 1362, 1315, -1,
      1315, 1362, 1316, -1,
      1315, 1316, 362, -1,
      362, 1316, 364, -1,
      907, 905, 1275, -1,
      1275, 905, 1276, -1,
      1275, 1276, 1431, -1,
      1431, 1276, 1430, -1,
      1431, 1430, 1432, -1,
      1432, 1430, 1315, -1,
      1432, 1315, 360, -1,
      360, 1315, 361, -1,
      911, 909, 1433, -1,
      1433, 909, 1275, -1,
      1433, 1275, 1434, -1,
      1434, 1275, 1431, -1,
      1434, 1431, 1435, -1,
      1435, 1431, 1432, -1,
      1435, 1432, 358, -1,
      358, 1432, 360, -1,
      358, 357, 1435, -1,
      1435, 357, 1314, -1,
      1435, 1314, 1434, -1,
      1434, 1314, 1364, -1,
      1434, 1364, 1433, -1,
      1433, 1364, 1366, -1,
      1433, 1366, 911, -1,
      911, 1366, 913, -1,
      1274, 917, 1366, -1,
      1366, 917, 915, -1,
      1366, 915, 913, -1,
      921, 919, 1436, -1,
      1436, 919, 1274, -1,
      1436, 1274, 1437, -1,
      1437, 1274, 1365, -1,
      1437, 1365, 1312, -1,
      1312, 1365, 1313, -1,
      1312, 1313, 351, -1,
      351, 1313, 352, -1,
      349, 348, 1312, -1,
      1312, 348, 1311, -1,
      1312, 1311, 1437, -1,
      1437, 1311, 1367, -1,
      1437, 1367, 1436, -1,
      1436, 1367, 1369, -1,
      1436, 1369, 921, -1,
      921, 1369, 923, -1,
      1273, 927, 1369, -1,
      1369, 927, 925, -1,
      1369, 925, 923, -1,
      931, 929, 1438, -1,
      1438, 929, 1273, -1,
      1438, 1273, 1439, -1,
      1439, 1273, 1368, -1,
      1439, 1368, 1309, -1,
      1309, 1368, 1310, -1,
      1309, 1310, 343, -1,
      343, 1310, 344, -1,
      342, 317, 1309, -1,
      1309, 317, 1308, -1,
      1309, 1308, 1439, -1,
      1439, 1308, 1370, -1,
      1439, 1370, 1438, -1,
      1438, 1370, 1372, -1,
      1438, 1372, 931, -1,
      931, 1372, 933, -1,
      943, 941, 1440, -1,
      1440, 941, 1373, -1,
      1440, 1373, 1441, -1,
      1441, 1373, 1371, -1,
      1441, 1371, 1306, -1,
      1306, 1371, 1307, -1,
      1306, 1307, 323, -1,
      323, 1307, 319, -1,
      941, 939, 1373, -1,
      1373, 939, 937, -1,
      1373, 937, 1372, -1,
      1372, 937, 935, -1,
      1372, 935, 933, -1,
      945, 943, 1442, -1,
      1442, 943, 1440, -1,
      1442, 1440, 1443, -1,
      1443, 1440, 1441, -1,
      1443, 1441, 1305, -1,
      1305, 1441, 1306, -1,
      1305, 1306, 326, -1,
      326, 1306, 322, -1,
      325, 329, 1305, -1,
      1305, 329, 1304, -1,
      1305, 1304, 1443, -1,
      1443, 1304, 1374, -1,
      1443, 1374, 1442, -1,
      1442, 1374, 1376, -1,
      1442, 1376, 945, -1,
      945, 1376, 947, -1,
      959, 957, 1381, -1,
      1381, 957, 955, -1,
      1381, 955, 1379, -1,
      1379, 955, 953, -1,
      1379, 953, 1377, -1,
      1377, 953, 951, -1,
      1377, 951, 1376, -1,
      1376, 951, 949, -1,
      1376, 949, 947, -1,
      961, 959, 1385, -1,
      1385, 959, 1381, -1,
      1385, 1381, 1383, -1,
      1383, 1381, 1380, -1,
      1383, 1380, 1300, -1,
      1300, 1380, 1301, -1,
      1300, 1301, 335, -1,
      335, 1301, 336, -1,
      1272, 965, 1385, -1,
      1385, 965, 963, -1,
      1385, 963, 961, -1,
      969, 967, 1444, -1,
      1444, 967, 1272, -1,
      1444, 1272, 1445, -1,
      1445, 1272, 1384, -1,
      1445, 1384, 1330, -1,
      1330, 1384, 1382, -1,
      1330, 1382, 413, -1,
      413, 1382, 415, -1,
      233, 232, 1330, -1,
      1330, 232, 1331, -1,
      1330, 1331, 1445, -1,
      1445, 1331, 1386, -1,
      1445, 1386, 1444, -1,
      1444, 1386, 1388, -1,
      1444, 1388, 969, -1,
      969, 1388, 971, -1,
      983, 981, 1393, -1,
      1393, 981, 979, -1,
      1393, 979, 1391, -1,
      1391, 979, 977, -1,
      1391, 977, 1389, -1,
      1389, 977, 975, -1,
      1389, 975, 1388, -1,
      1388, 975, 973, -1,
      1388, 973, 971, -1,
      985, 983, 1271, -1,
      1271, 983, 1393, -1,
      1271, 1393, 1446, -1,
      1446, 1393, 1392, -1,
      1446, 1392, 1335, -1,
      1335, 1392, 1334, -1,
      1335, 1334, 244, -1,
      244, 1334, 245, -1,
      989, 987, 1270, -1,
      1270, 987, 1271, -1,
      1270, 1271, 1447, -1,
      1447, 1271, 1446, -1,
      1447, 1446, 1336, -1,
      1336, 1446, 1335, -1,
      1336, 1335, 247, -1,
      247, 1335, 248, -1,
      993, 991, 1448, -1,
      1448, 991, 1270, -1,
      1448, 1270, 1449, -1,
      1449, 1270, 1447, -1,
      1449, 1447, 1337, -1,
      1337, 1447, 1336, -1,
      1337, 1336, 250, -1,
      250, 1336, 251, -1,
      254, 253, 1337, -1,
      1337, 253, 1338, -1,
      1337, 1338, 1449, -1,
      1449, 1338, 1394, -1,
      1449, 1394, 1448, -1,
      1448, 1394, 1396, -1,
      1448, 1396, 993, -1,
      993, 1396, 995, -1,
      1269, 999, 1396, -1,
      1396, 999, 997, -1,
      1396, 997, 995, -1,
      1003, 1001, 1450, -1,
      1450, 1001, 1269, -1,
      1450, 1269, 1451, -1,
      1451, 1269, 1395, -1,
      1451, 1395, 1298, -1,
      1298, 1395, 1299, -1,
      1298, 1299, 263, -1,
      263, 1299, 259, -1,
      262, 411, 1298, -1,
      1298, 411, 1297, -1,
      1298, 1297, 1451, -1,
      1451, 1297, 1397, -1,
      1451, 1397, 1450, -1,
      1450, 1397, 1399, -1,
      1450, 1399, 1003, -1,
      1003, 1399, 1005, -1,
      1017, 1015, 1404, -1,
      1404, 1015, 1013, -1,
      1404, 1013, 1402, -1,
      1402, 1013, 1011, -1,
      1402, 1011, 1400, -1,
      1400, 1011, 1009, -1,
      1400, 1009, 1399, -1,
      1399, 1009, 1007, -1,
      1399, 1007, 1005, -1,
      1019, 1017, 1409, -1,
      1409, 1017, 1404, -1,
      1409, 1404, 1407, -1,
      1407, 1404, 1403, -1,
      1407, 1403, 1405, -1,
      1405, 1403, 1294, -1,
      1405, 1294, 400, -1,
      400, 1294, 401, -1,
      1268, 1023, 1409, -1,
      1409, 1023, 1021, -1,
      1409, 1021, 1019, -1,
      1027, 1025, 1452, -1,
      1452, 1025, 1268, -1,
      1452, 1268, 1453, -1,
      1453, 1268, 1408, -1,
      1453, 1408, 1293, -1,
      1293, 1408, 1406, -1,
      1293, 1406, 397, -1,
      397, 1406, 398, -1,
      395, 394, 1293, -1,
      1293, 394, 1292, -1,
      1293, 1292, 1453, -1,
      1453, 1292, 1410, -1,
      1453, 1410, 1452, -1,
      1452, 1410, 1412, -1,
      1452, 1412, 1027, -1,
      1027, 1412, 1029, -1,
      1041, 1039, 1417, -1,
      1417, 1039, 1037, -1,
      1417, 1037, 1415, -1,
      1415, 1037, 1035, -1,
      1415, 1035, 1413, -1,
      1413, 1035, 1033, -1,
      1413, 1033, 1412, -1,
      1412, 1033, 1031, -1,
      1412, 1031, 1029, -1,
      1043, 1041, 1267, -1,
      1267, 1041, 1417, -1,
      1267, 1417, 1454, -1,
      1454, 1417, 1416, -1,
      1454, 1416, 1288, -1,
      1288, 1416, 1289, -1,
      1288, 1289, 383, -1,
      383, 1289, 384, -1,
      1047, 1045, 1266, -1,
      1266, 1045, 1267, -1,
      1266, 1267, 1455, -1,
      1455, 1267, 1454, -1,
      1455, 1454, 1287, -1,
      1287, 1454, 1288, -1,
      1287, 1288, 266, -1,
      266, 1288, 382, -1,
      1051, 1049, 1456, -1,
      1456, 1049, 1266, -1,
      1456, 1266, 1457, -1,
      1457, 1266, 1455, -1,
      1457, 1455, 1286, -1,
      1286, 1455, 1287, -1,
      1286, 1287, 269, -1,
      269, 1287, 265, -1,
      268, 272, 1286, -1,
      1286, 272, 1285, -1,
      1286, 1285, 1457, -1,
      1457, 1285, 1418, -1,
      1457, 1418, 1456, -1,
      1456, 1418, 1420, -1,
      1456, 1420, 1051, -1,
      1051, 1420, 1053, -1,
      1265, 1057, 1420, -1,
      1420, 1057, 1055, -1,
      1420, 1055, 1053, -1,
      1061, 1059, 1458, -1,
      1458, 1059, 1265, -1,
      1458, 1265, 1459, -1,
      1459, 1265, 1419, -1,
      1459, 1419, 1283, -1,
      1283, 1419, 1284, -1,
      1283, 1284, 278, -1,
      278, 1284, 274, -1,
      277, 281, 1283, -1,
      1283, 281, 1282, -1,
      1283, 1282, 1459, -1,
      1459, 1282, 1339, -1,
      1459, 1339, 1458, -1,
      1458, 1339, 1340, -1,
      1458, 1340, 1061, -1,
      1061, 1340, 1063, -1,
      375, 1281, 1280, -1,
      1280, 1281, 1341, -1,
      1280, 1341, 1278, -1,
      1278, 1341, 1421, -1,
      1278, 1421, 1340, -1,
      1340, 1421, 1065, -1,
      1340, 1065, 1063, -1,
      857, 855, 1424, -1,
      1424, 855, 853, -1,
      1424, 853, 1423, -1,
      1423, 853, 851, -1,
      1423, 851, 1422, -1,
      1422, 851, 1069, -1,
      1422, 1069, 1421, -1,
      1421, 1069, 1067, -1,
      1421, 1067, 1065, -1,
      1460, 1461, 1462, -1,
      1463, 1464, 1465, -1,
      1466, 1467, 1468, -1,
      1469, 1470, 1471, -1,
      1472, 1473, 1474, -1,
      1475, 1476, 1477, -1,
      1478, 1479, 1480, -1,
      1481, 1482, 1483, -1,
      1484, 1485, 1486, -1,
      986, 988, 1487, -1,
      976, 978, 1488, -1,
      966, 968, 1489, -1,
      962, 964, 1490, -1,
      958, 960, 1491, -1,
      952, 954, 1492, -1,
      942, 944, 1493, -1,
      938, 940, 1494, -1,
      934, 936, 1495, -1,
      860, 1496, 1497, -1,
      860, 862, 1496, -1,
      1496, 862, 864, -1,
      1496, 864, 1498, -1,
      1498, 864, 866, -1,
      1498, 866, 1499, -1,
      1499, 866, 868, -1,
      1499, 868, 1500, -1,
      1500, 868, 870, -1,
      870, 872, 1500, -1,
      1500, 872, 874, -1,
      1500, 874, 1501, -1,
      1501, 874, 876, -1,
      1501, 876, 1502, -1,
      876, 878, 1502, -1,
      1502, 878, 880, -1,
      1502, 880, 1503, -1,
      880, 882, 1503, -1,
      1503, 882, 884, -1,
      1503, 884, 1504, -1,
      884, 886, 1504, -1,
      1504, 886, 888, -1,
      1504, 888, 1505, -1,
      1505, 888, 890, -1,
      1505, 890, 1506, -1,
      1506, 890, 892, -1,
      1506, 892, 1507, -1,
      1507, 892, 894, -1,
      894, 896, 1507, -1,
      1507, 896, 898, -1,
      1507, 898, 1508, -1,
      1508, 898, 900, -1,
      1508, 900, 1509, -1,
      1509, 900, 902, -1,
      1509, 902, 1510, -1,
      1510, 902, 904, -1,
      904, 906, 1510, -1,
      1510, 906, 908, -1,
      1510, 908, 1511, -1,
      908, 910, 1511, -1,
      1511, 910, 912, -1,
      1511, 912, 1512, -1,
      1512, 912, 914, -1,
      1512, 914, 1513, -1,
      1513, 914, 916, -1,
      1513, 916, 1514, -1,
      1514, 916, 918, -1,
      918, 920, 1514, -1,
      1514, 920, 922, -1,
      1514, 922, 1515, -1,
      1515, 922, 924, -1,
      1515, 924, 1516, -1,
      1516, 924, 926, -1,
      1516, 926, 1517, -1,
      1517, 926, 928, -1,
      1517, 928, 930, -1,
      952, 1492, 950, -1,
      976, 1488, 974, -1,
      986, 1487, 984, -1,
      990, 992, 1518, -1,
      1518, 992, 994, -1,
      1518, 994, 1519, -1,
      1519, 994, 996, -1,
      1519, 996, 1520, -1,
      996, 998, 1520, -1,
      1520, 998, 1000, -1,
      1520, 1000, 1521, -1,
      1000, 1002, 1521, -1,
      1521, 1002, 1004, -1,
      1521, 1004, 1522, -1,
      1522, 1004, 1006, -1,
      1522, 1006, 1523, -1,
      1523, 1006, 1008, -1,
      1523, 1008, 1524, -1,
      1524, 1008, 1010, -1,
      1010, 1012, 1524, -1,
      1524, 1012, 1014, -1,
      1524, 1014, 1525, -1,
      1525, 1014, 1016, -1,
      1525, 1016, 1526, -1,
      1016, 1018, 1526, -1,
      1526, 1018, 1020, -1,
      1526, 1020, 1527, -1,
      1020, 1022, 1527, -1,
      1527, 1022, 1024, -1,
      1527, 1024, 1528, -1,
      1024, 1026, 1528, -1,
      1528, 1026, 1028, -1,
      1528, 1028, 1529, -1,
      1529, 1028, 1030, -1,
      1529, 1030, 1530, -1,
      1530, 1030, 1032, -1,
      1530, 1032, 1531, -1,
      1531, 1032, 1034, -1,
      1034, 1036, 1531, -1,
      1531, 1036, 1038, -1,
      1531, 1038, 1532, -1,
      1532, 1038, 1040, -1,
      1532, 1040, 1533, -1,
      1533, 1040, 1042, -1,
      1533, 1042, 1534, -1,
      1534, 1042, 1044, -1,
      1044, 1046, 1534, -1,
      1534, 1046, 1048, -1,
      1534, 1048, 1535, -1,
      1048, 1050, 1535, -1,
      1535, 1050, 1052, -1,
      1535, 1052, 1536, -1,
      1536, 1052, 1054, -1,
      1536, 1054, 1537, -1,
      1537, 1054, 1056, -1,
      1537, 1056, 1538, -1,
      1538, 1056, 1058, -1,
      1058, 1060, 1538, -1,
      1538, 1060, 1062, -1,
      1538, 1062, 1539, -1,
      1539, 1062, 1064, -1,
      1539, 1064, 1540, -1,
      1540, 1064, 1066, -1,
      1540, 1066, 1541, -1,
      1541, 1066, 1068, -1,
      1068, 850, 1541, -1,
      1541, 850, 852, -1,
      1541, 852, 1542, -1,
      1542, 852, 854, -1,
      1542, 854, 1543, -1,
      1543, 854, 856, -1,
      1543, 856, 1497, -1,
      1497, 856, 858, -1,
      1497, 858, 860, -1,
      1517, 1544, 1545, -1,
      1517, 1545, 1516, -1,
      1516, 1545, 1546, -1,
      1516, 1546, 1515, -1,
      1515, 1546, 1547, -1,
      1515, 1547, 1514, -1,
      1514, 1547, 1548, -1,
      1514, 1548, 1513, -1,
      1513, 1548, 1549, -1,
      1513, 1549, 1512, -1,
      1512, 1549, 1550, -1,
      1512, 1550, 1511, -1,
      1511, 1550, 1551, -1,
      1511, 1551, 1510, -1,
      1510, 1551, 1552, -1,
      1510, 1552, 1509, -1,
      1509, 1552, 1553, -1,
      1509, 1553, 1508, -1,
      1508, 1553, 1554, -1,
      1508, 1554, 1507, -1,
      1507, 1554, 1555, -1,
      1507, 1555, 1506, -1,
      1506, 1555, 1556, -1,
      1506, 1556, 1505, -1,
      1505, 1556, 1557, -1,
      1505, 1557, 1504, -1,
      1504, 1557, 1558, -1,
      1504, 1558, 1503, -1,
      1503, 1558, 1559, -1,
      1503, 1559, 1502, -1,
      1502, 1559, 1560, -1,
      1502, 1560, 1501, -1,
      1501, 1560, 1561, -1,
      1501, 1561, 1500, -1,
      1500, 1561, 1562, -1,
      1500, 1562, 1499, -1,
      1499, 1562, 1563, -1,
      1499, 1563, 1498, -1,
      1498, 1563, 1564, -1,
      1498, 1564, 1496, -1,
      1496, 1564, 1565, -1,
      1496, 1565, 1497, -1,
      1497, 1565, 1566, -1,
      1497, 1566, 1543, -1,
      1543, 1566, 1567, -1,
      1543, 1567, 1542, -1,
      1542, 1567, 1568, -1,
      1542, 1568, 1541, -1,
      1541, 1568, 1569, -1,
      1541, 1569, 1540, -1,
      1540, 1569, 1570, -1,
      1540, 1570, 1539, -1,
      1539, 1570, 1571, -1,
      1539, 1571, 1538, -1,
      1538, 1571, 1572, -1,
      1538, 1572, 1537, -1,
      1537, 1572, 1573, -1,
      1537, 1573, 1536, -1,
      1536, 1573, 1574, -1,
      1536, 1574, 1535, -1,
      1535, 1574, 1575, -1,
      1535, 1575, 1534, -1,
      1534, 1575, 1576, -1,
      1534, 1576, 1533, -1,
      1533, 1576, 1577, -1,
      1533, 1577, 1532, -1,
      1532, 1577, 1578, -1,
      1532, 1578, 1531, -1,
      1531, 1578, 1579, -1,
      1531, 1579, 1530, -1,
      1530, 1579, 1580, -1,
      1530, 1580, 1529, -1,
      1529, 1580, 1581, -1,
      1529, 1581, 1528, -1,
      1528, 1581, 1582, -1,
      1528, 1582, 1527, -1,
      1527, 1582, 1583, -1,
      1527, 1583, 1526, -1,
      1526, 1583, 1584, -1,
      1526, 1584, 1525, -1,
      1525, 1584, 1585, -1,
      1525, 1585, 1524, -1,
      1524, 1585, 1586, -1,
      1524, 1586, 1523, -1,
      1523, 1586, 1587, -1,
      1523, 1587, 1522, -1,
      1522, 1587, 1588, -1,
      1522, 1588, 1521, -1,
      1521, 1588, 1589, -1,
      1521, 1589, 1520, -1,
      1520, 1589, 1590, -1,
      1520, 1590, 1519, -1,
      1519, 1590, 1591, -1,
      1519, 1591, 1518, -1,
      1544, 1592, 1593, -1,
      1544, 1593, 1545, -1,
      1545, 1593, 1594, -1,
      1545, 1594, 1546, -1,
      1546, 1594, 1595, -1,
      1546, 1595, 1547, -1,
      1547, 1595, 1596, -1,
      1547, 1596, 1548, -1,
      1548, 1596, 1597, -1,
      1548, 1597, 1549, -1,
      1549, 1597, 1598, -1,
      1549, 1598, 1550, -1,
      1550, 1598, 1599, -1,
      1550, 1599, 1551, -1,
      1551, 1599, 1600, -1,
      1551, 1600, 1552, -1,
      1552, 1600, 1601, -1,
      1552, 1601, 1553, -1,
      1553, 1601, 1602, -1,
      1553, 1602, 1554, -1,
      1554, 1602, 1603, -1,
      1554, 1603, 1555, -1,
      1555, 1603, 1604, -1,
      1555, 1604, 1556, -1,
      1556, 1604, 1605, -1,
      1556, 1605, 1557, -1,
      1557, 1605, 1606, -1,
      1557, 1606, 1558, -1,
      1558, 1606, 1607, -1,
      1558, 1607, 1559, -1,
      1559, 1607, 1608, -1,
      1559, 1608, 1560, -1,
      1560, 1608, 1609, -1,
      1560, 1609, 1561, -1,
      1561, 1609, 1610, -1,
      1561, 1610, 1562, -1,
      1562, 1610, 1611, -1,
      1562, 1611, 1563, -1,
      1563, 1611, 1612, -1,
      1563, 1612, 1564, -1,
      1564, 1612, 1613, -1,
      1564, 1613, 1565, -1,
      1565, 1613, 1614, -1,
      1565, 1614, 1566, -1,
      1566, 1614, 1615, -1,
      1566, 1615, 1567, -1,
      1567, 1615, 1616, -1,
      1567, 1616, 1568, -1,
      1568, 1616, 1617, -1,
      1568, 1617, 1569, -1,
      1569, 1617, 1618, -1,
      1569, 1618, 1570, -1,
      1570, 1618, 1619, -1,
      1570, 1619, 1571, -1,
      1571, 1619, 1620, -1,
      1571, 1620, 1572, -1,
      1572, 1620, 1621, -1,
      1572, 1621, 1573, -1,
      1573, 1621, 1622, -1,
      1573, 1622, 1574, -1,
      1574, 1622, 1623, -1,
      1574, 1623, 1575, -1,
      1575, 1623, 1624, -1,
      1575, 1624, 1576, -1,
      1576, 1624, 1625, -1,
      1576, 1625, 1577, -1,
      1577, 1625, 1626, -1,
      1577, 1626, 1578, -1,
      1578, 1626, 1627, -1,
      1578, 1627, 1579, -1,
      1579, 1627, 1628, -1,
      1579, 1628, 1580, -1,
      1580, 1628, 1629, -1,
      1580, 1629, 1581, -1,
      1581, 1629, 1630, -1,
      1581, 1630, 1582, -1,
      1582, 1630, 1631, -1,
      1582, 1631, 1583, -1,
      1583, 1631, 1632, -1,
      1583, 1632, 1584, -1,
      1584, 1632, 1633, -1,
      1584, 1633, 1585, -1,
      1585, 1633, 1634, -1,
      1585, 1634, 1586, -1,
      1586, 1634, 1635, -1,
      1586, 1635, 1587, -1,
      1587, 1635, 1636, -1,
      1587, 1636, 1588, -1,
      1588, 1636, 1637, -1,
      1588, 1637, 1589, -1,
      1589, 1637, 1638, -1,
      1589, 1638, 1590, -1,
      1590, 1638, 1639, -1,
      1590, 1639, 1591, -1,
      1592, 1640, 1641, -1,
      1592, 1641, 1593, -1,
      1593, 1641, 1642, -1,
      1593, 1642, 1594, -1,
      1594, 1642, 1643, -1,
      1594, 1643, 1595, -1,
      1595, 1643, 1644, -1,
      1595, 1644, 1596, -1,
      1596, 1644, 1645, -1,
      1596, 1645, 1597, -1,
      1597, 1645, 1646, -1,
      1597, 1646, 1598, -1,
      1598, 1646, 1647, -1,
      1598, 1647, 1599, -1,
      1599, 1647, 1648, -1,
      1599, 1648, 1600, -1,
      1600, 1648, 1649, -1,
      1600, 1649, 1601, -1,
      1601, 1649, 1650, -1,
      1601, 1650, 1602, -1,
      1602, 1650, 1651, -1,
      1602, 1651, 1603, -1,
      1603, 1651, 1652, -1,
      1603, 1652, 1604, -1,
      1604, 1652, 1653, -1,
      1604, 1653, 1605, -1,
      1605, 1653, 1654, -1,
      1605, 1654, 1606, -1,
      1606, 1654, 1655, -1,
      1606, 1655, 1607, -1,
      1607, 1655, 1656, -1,
      1607, 1656, 1608, -1,
      1608, 1656, 1657, -1,
      1608, 1657, 1609, -1,
      1609, 1657, 1658, -1,
      1609, 1658, 1610, -1,
      1610, 1658, 1659, -1,
      1610, 1659, 1611, -1,
      1611, 1659, 1660, -1,
      1611, 1660, 1612, -1,
      1612, 1660, 1661, -1,
      1612, 1661, 1613, -1,
      1613, 1661, 1662, -1,
      1613, 1662, 1614, -1,
      1614, 1662, 1663, -1,
      1614, 1663, 1615, -1,
      1615, 1663, 1664, -1,
      1615, 1664, 1616, -1,
      1616, 1664, 1665, -1,
      1616, 1665, 1617, -1,
      1617, 1665, 1666, -1,
      1617, 1666, 1618, -1,
      1618, 1666, 1667, -1,
      1618, 1667, 1619, -1,
      1619, 1667, 1668, -1,
      1619, 1668, 1620, -1,
      1620, 1668, 1669, -1,
      1620, 1669, 1621, -1,
      1621, 1669, 1670, -1,
      1621, 1670, 1622, -1,
      1622, 1670, 1671, -1,
      1622, 1671, 1623, -1,
      1623, 1671, 1672, -1,
      1623, 1672, 1624, -1,
      1624, 1672, 1673, -1,
      1624, 1673, 1625, -1,
      1625, 1673, 1674, -1,
      1625, 1674, 1626, -1,
      1626, 1674, 1675, -1,
      1626, 1675, 1627, -1,
      1627, 1675, 1676, -1,
      1627, 1676, 1628, -1,
      1628, 1676, 1677, -1,
      1628, 1677, 1629, -1,
      1629, 1677, 1678, -1,
      1629, 1678, 1630, -1,
      1630, 1678, 1679, -1,
      1630, 1679, 1631, -1,
      1631, 1679, 1680, -1,
      1631, 1680, 1632, -1,
      1632, 1680, 1681, -1,
      1632, 1681, 1633, -1,
      1633, 1681, 1682, -1,
      1633, 1682, 1634, -1,
      1634, 1682, 1683, -1,
      1634, 1683, 1635, -1,
      1635, 1683, 1684, -1,
      1635, 1684, 1636, -1,
      1636, 1684, 1685, -1,
      1636, 1685, 1637, -1,
      1637, 1685, 1686, -1,
      1637, 1686, 1638, -1,
      1638, 1686, 1687, -1,
      1638, 1687, 1639, -1,
      1640, 1688, 1689, -1,
      970, 972, 1690, -1,
      1690, 972, 1691, -1,
      1690, 1691, 1692, -1,
      1692, 1691, 1693, -1,
      1692, 1693, 1694, -1,
      1694, 1693, 1695, -1,
      1694, 1695, 1696, -1,
      1696, 1695, 1697, -1,
      1696, 1697, 1698, -1,
      1698, 1697, 1465, -1,
      980, 982, 1699, -1,
      1699, 982, 1700, -1,
      1699, 1700, 1701, -1,
      1701, 1700, 1702, -1,
      1701, 1702, 1703, -1,
      1703, 1702, 1704, -1,
      1703, 1704, 1705, -1,
      1705, 1704, 1706, -1,
      1705, 1706, 1707, -1,
      1707, 1706, 1462, -1,
      1640, 1689, 1641, -1,
      1641, 1689, 1708, -1,
      1641, 1708, 1642, -1,
      1642, 1708, 1709, -1,
      1642, 1709, 1643, -1,
      1643, 1709, 1710, -1,
      1643, 1710, 1644, -1,
      1644, 1710, 1711, -1,
      1644, 1711, 1645, -1,
      1645, 1711, 1712, -1,
      1645, 1712, 1646, -1,
      1646, 1712, 1713, -1,
      1646, 1713, 1647, -1,
      1647, 1713, 1714, -1,
      1647, 1714, 1648, -1,
      1648, 1714, 1715, -1,
      1648, 1715, 1649, -1,
      1649, 1715, 1716, -1,
      1649, 1716, 1650, -1,
      1650, 1716, 1717, -1,
      1650, 1717, 1651, -1,
      1651, 1717, 1718, -1,
      1651, 1718, 1652, -1,
      1652, 1718, 1719, -1,
      1652, 1719, 1653, -1,
      1653, 1719, 1720, -1,
      1653, 1720, 1654, -1,
      1654, 1720, 1721, -1,
      1654, 1721, 1655, -1,
      1655, 1721, 1722, -1,
      1655, 1722, 1656, -1,
      1656, 1722, 1723, -1,
      1656, 1723, 1657, -1,
      1657, 1723, 1724, -1,
      1657, 1724, 1658, -1,
      1658, 1724, 1725, -1,
      1658, 1725, 1659, -1,
      1659, 1725, 1726, -1,
      1659, 1726, 1660, -1,
      1660, 1726, 1727, -1,
      1660, 1727, 1661, -1,
      1661, 1727, 1728, -1,
      1661, 1728, 1662, -1,
      1662, 1728, 1729, -1,
      1662, 1729, 1663, -1,
      1663, 1729, 1730, -1,
      1663, 1730, 1664, -1,
      1664, 1730, 1731, -1,
      1664, 1731, 1665, -1,
      1665, 1731, 1732, -1,
      1665, 1732, 1666, -1,
      1666, 1732, 1733, -1,
      1666, 1733, 1667, -1,
      1667, 1733, 1734, -1,
      1667, 1734, 1668, -1,
      1668, 1734, 1735, -1,
      1668, 1735, 1669, -1,
      1669, 1735, 1736, -1,
      1669, 1736, 1670, -1,
      1670, 1736, 1737, -1,
      1670, 1737, 1671, -1,
      1671, 1737, 1738, -1,
      1671, 1738, 1672, -1,
      1672, 1738, 1739, -1,
      1672, 1739, 1673, -1,
      1673, 1739, 1740, -1,
      1673, 1740, 1674, -1,
      1674, 1740, 1741, -1,
      1674, 1741, 1675, -1,
      1675, 1741, 1742, -1,
      1675, 1742, 1676, -1,
      1676, 1742, 1743, -1,
      1676, 1743, 1677, -1,
      1677, 1743, 1744, -1,
      1677, 1744, 1678, -1,
      1678, 1744, 1745, -1,
      1678, 1745, 1679, -1,
      1679, 1745, 1746, -1,
      1679, 1746, 1680, -1,
      1680, 1746, 1747, -1,
      1680, 1747, 1681, -1,
      1681, 1747, 1748, -1,
      1681, 1748, 1682, -1,
      1682, 1748, 1749, -1,
      1682, 1749, 1683, -1,
      1683, 1749, 1750, -1,
      1683, 1750, 1684, -1,
      1684, 1750, 1751, -1,
      1684, 1751, 1685, -1,
      1685, 1751, 1752, -1,
      1685, 1752, 1686, -1,
      1686, 1752, 1753, -1,
      1686, 1753, 1687, -1,
      3, 1689, 1754, -1,
      1754, 1689, 1688, -1,
      1754, 1688, 1755, -1,
      1756, 1755, 1757, -1,
      1757, 1755, 1688, -1,
      1757, 1688, 1758, -1,
      1758, 1688, 1640, -1,
      1758, 1640, 1759, -1,
      1759, 1640, 1592, -1,
      1759, 1592, 1760, -1,
      1760, 1592, 1544, -1,
      1760, 1544, 1761, -1,
      1761, 1544, 1517, -1,
      1761, 1517, 932, -1,
      932, 1517, 930, -1,
      932, 934, 1761, -1,
      1761, 934, 1495, -1,
      1761, 1495, 1760, -1,
      1760, 1495, 1762, -1,
      1760, 1762, 1759, -1,
      1759, 1762, 1763, -1,
      1759, 1763, 1758, -1,
      1758, 1763, 1764, -1,
      1758, 1764, 1757, -1,
      1757, 1764, 1486, -1,
      1757, 1486, 1756, -1,
      1756, 1486, 1485, -1,
      1482, 1484, 1483, -1,
      1483, 1484, 1486, -1,
      1483, 1486, 1765, -1,
      1765, 1486, 1764, -1,
      1765, 1764, 1766, -1,
      1766, 1764, 1763, -1,
      1766, 1763, 1767, -1,
      1767, 1763, 1762, -1,
      1767, 1762, 1494, -1,
      1494, 1762, 1495, -1,
      1494, 1495, 938, -1,
      938, 1495, 936, -1,
      1768, 1481, 1769, -1,
      1769, 1481, 1483, -1,
      1769, 1483, 1770, -1,
      1770, 1483, 1765, -1,
      1770, 1765, 1771, -1,
      1771, 1765, 1766, -1,
      1771, 1766, 1772, -1,
      1772, 1766, 1767, -1,
      1772, 1767, 1493, -1,
      1493, 1767, 1494, -1,
      1493, 1494, 942, -1,
      942, 1494, 940, -1,
      944, 946, 1493, -1,
      1493, 946, 1773, -1,
      1493, 1773, 1772, -1,
      1772, 1773, 1774, -1,
      1772, 1774, 1771, -1,
      1771, 1774, 1775, -1,
      1771, 1775, 1770, -1,
      1770, 1775, 1776, -1,
      1770, 1776, 1769, -1,
      1769, 1776, 1480, -1,
      1769, 1480, 1768, -1,
      1768, 1480, 1479, -1,
      1476, 1478, 1477, -1,
      1477, 1478, 1480, -1,
      1477, 1480, 1777, -1,
      1777, 1480, 1776, -1,
      1777, 1776, 1778, -1,
      1778, 1776, 1775, -1,
      1778, 1775, 1779, -1,
      1779, 1775, 1774, -1,
      1779, 1774, 1780, -1,
      1780, 1774, 1773, -1,
      1780, 1773, 948, -1,
      948, 1773, 946, -1,
      1781, 1475, 1782, -1,
      1782, 1475, 1477, -1,
      1782, 1477, 1783, -1,
      1783, 1477, 1777, -1,
      1783, 1777, 1784, -1,
      1784, 1777, 1778, -1,
      1784, 1778, 1785, -1,
      1785, 1778, 1779, -1,
      1785, 1779, 1492, -1,
      1492, 1779, 1780, -1,
      1492, 1780, 950, -1,
      950, 1780, 948, -1,
      954, 956, 1492, -1,
      1492, 956, 1786, -1,
      1492, 1786, 1785, -1,
      1785, 1786, 1787, -1,
      1785, 1787, 1784, -1,
      1784, 1787, 1788, -1,
      1784, 1788, 1783, -1,
      1783, 1788, 1789, -1,
      1783, 1789, 1782, -1,
      1782, 1789, 1474, -1,
      1782, 1474, 1781, -1,
      1781, 1474, 1473, -1,
      1470, 1472, 1471, -1,
      1471, 1472, 1474, -1,
      1471, 1474, 1790, -1,
      1790, 1474, 1789, -1,
      1790, 1789, 1791, -1,
      1791, 1789, 1788, -1,
      1791, 1788, 1792, -1,
      1792, 1788, 1787, -1,
      1792, 1787, 1491, -1,
      1491, 1787, 1786, -1,
      1491, 1786, 958, -1,
      958, 1786, 956, -1,
      1467, 1469, 1468, -1,
      1468, 1469, 1471, -1,
      1468, 1471, 1793, -1,
      1793, 1471, 1790, -1,
      1793, 1790, 1794, -1,
      1794, 1790, 1791, -1,
      1794, 1791, 1795, -1,
      1795, 1791, 1792, -1,
      1795, 1792, 1490, -1,
      1490, 1792, 1491, -1,
      1490, 1491, 962, -1,
      962, 1491, 960, -1,
      1796, 1466, 1797, -1,
      1797, 1466, 1468, -1,
      1797, 1468, 1798, -1,
      1798, 1468, 1793, -1,
      1798, 1793, 1799, -1,
      1799, 1793, 1794, -1,
      1799, 1794, 1800, -1,
      1800, 1794, 1795, -1,
      1800, 1795, 1489, -1,
      1489, 1795, 1490, -1,
      1489, 1490, 966, -1,
      966, 1490, 964, -1,
      968, 970, 1489, -1,
      1489, 970, 1690, -1,
      1489, 1690, 1800, -1,
      1800, 1690, 1692, -1,
      1800, 1692, 1799, -1,
      1799, 1692, 1694, -1,
      1799, 1694, 1798, -1,
      1798, 1694, 1696, -1,
      1798, 1696, 1797, -1,
      1797, 1696, 1698, -1,
      1797, 1698, 1796, -1,
      1796, 1698, 1801, -1,
      1465, 1464, 1698, -1,
      1698, 1464, 1802, -1,
      1698, 1802, 1801, -1,
      1803, 1463, 1804, -1,
      1804, 1463, 1465, -1,
      1804, 1465, 1805, -1,
      1805, 1465, 1697, -1,
      1805, 1697, 1806, -1,
      1806, 1697, 1695, -1,
      1806, 1695, 1807, -1,
      1807, 1695, 1693, -1,
      1807, 1693, 1488, -1,
      1488, 1693, 1691, -1,
      1488, 1691, 974, -1,
      974, 1691, 972, -1,
      978, 980, 1488, -1,
      1488, 980, 1699, -1,
      1488, 1699, 1807, -1,
      1807, 1699, 1701, -1,
      1807, 1701, 1806, -1,
      1806, 1701, 1703, -1,
      1806, 1703, 1805, -1,
      1805, 1703, 1705, -1,
      1805, 1705, 1804, -1,
      1804, 1705, 1707, -1,
      1804, 1707, 1803, -1,
      1803, 1707, 1808, -1,
      1462, 1461, 1707, -1,
      1707, 1461, 1809, -1,
      1707, 1809, 1808, -1,
      1810, 1460, 1811, -1,
      1811, 1460, 1462, -1,
      1811, 1462, 1812, -1,
      1812, 1462, 1706, -1,
      1812, 1706, 1813, -1,
      1813, 1706, 1704, -1,
      1813, 1704, 1814, -1,
      1814, 1704, 1702, -1,
      1814, 1702, 1487, -1,
      1487, 1702, 1700, -1,
      1487, 1700, 984, -1,
      984, 1700, 982, -1,
      988, 990, 1487, -1,
      1487, 990, 1518, -1,
      1487, 1518, 1814, -1,
      1814, 1518, 1591, -1,
      1814, 1591, 1813, -1,
      1813, 1591, 1639, -1,
      1813, 1639, 1812, -1,
      1812, 1639, 1687, -1,
      1812, 1687, 1811, -1,
      1811, 1687, 1753, -1,
      1811, 1753, 1810, -1,
      1810, 1753, 1815, -1,
      3, 5, 1689, -1,
      1689, 5, 7, -1,
      1689, 7, 1708, -1,
      1708, 7, 8, -1,
      1708, 8, 1709, -1,
      1709, 8, 22, -1,
      1709, 22, 1710, -1,
      1710, 22, 21, -1,
      1710, 21, 1711, -1,
      1711, 21, 17, -1,
      1711, 17, 1712, -1,
      1712, 17, 16, -1,
      1712, 16, 1713, -1,
      1713, 16, 15, -1,
      1713, 15, 1714, -1,
      1714, 15, 14, -1,
      1714, 14, 1715, -1,
      1715, 14, 13, -1,
      1715, 13, 1716, -1,
      1716, 13, 12, -1,
      1716, 12, 1717, -1,
      1717, 12, 11, -1,
      1717, 11, 1718, -1,
      1718, 11, 42, -1,
      1718, 42, 1719, -1,
      1719, 42, 41, -1,
      1719, 41, 1720, -1,
      1720, 41, 38, -1,
      1720, 38, 1721, -1,
      1721, 38, 39, -1,
      1721, 39, 1722, -1,
      1722, 39, 40, -1,
      1722, 40, 1723, -1,
      1723, 40, 46, -1,
      1723, 46, 1724, -1,
      1724, 46, 45, -1,
      1724, 45, 1725, -1,
      1725, 45, 37, -1,
      1725, 37, 1726, -1,
      1726, 37, 36, -1,
      1726, 36, 1727, -1,
      1727, 36, 35, -1,
      1727, 35, 1728, -1,
      1728, 35, 10, -1,
      1728, 10, 1729, -1,
      1729, 10, 9, -1,
      1729, 9, 1730, -1,
      1730, 9, 2, -1,
      1730, 2, 1731, -1,
      1731, 2, 30, -1,
      1731, 30, 1732, -1,
      1732, 30, 27, -1,
      1732, 27, 1733, -1,
      1733, 27, 28, -1,
      1733, 28, 1734, -1,
      1734, 28, 29, -1,
      1734, 29, 1735, -1,
      1735, 29, 34, -1,
      1735, 34, 1736, -1,
      1736, 34, 33, -1,
      1736, 33, 1737, -1,
      1737, 33, 23, -1,
      1737, 23, 1738, -1,
      1738, 23, 25, -1,
      1738, 25, 1739, -1,
      1739, 25, 26, -1,
      1739, 26, 1740, -1,
      1740, 26, 24, -1,
      1740, 24, 1741, -1,
      1741, 24, 31, -1,
      1741, 31, 1742, -1,
      1742, 31, 32, -1,
      1742, 32, 1743, -1,
      1743, 32, 44, -1,
      1743, 44, 1744, -1,
      1744, 44, 43, -1,
      1744, 43, 1745, -1,
      1745, 43, 20, -1,
      1745, 20, 1746, -1,
      1746, 20, 19, -1,
      1746, 19, 1747, -1,
      1747, 19, 18, -1,
      1747, 18, 1748, -1,
      1748, 18, 1, -1,
      1748, 1, 1749, -1,
      1749, 1, 0, -1,
      1749, 0, 1750, -1,
      1750, 0, 6, -1,
      1750, 6, 1751, -1,
      1751, 6, 4, -1,
      1751, 4, 1752, -1,
      1752, 4, 1816, -1,
      1752, 1816, 1753, -1,
      1753, 1816, 1817, -1,
      1753, 1817, 1815, -1,
    ]
  }
}

Shape {
  appearance Appearance {
    material Material {
      diffuseColor 0.2235 0.2235 0.2235
      specularColor 0.1137 0.1137 0.1137
      ambientIntensity 0.2
      transparency 0.0000
      shininess 0.5
    }
  }
  geometry IndexedFaceSet {
    ccw TRUE
    solid FALSE
    coord DEF co Coordinate {
      point [
        0.732934 -1.166859 3.937008,
        0.732934 1.166859 3.937008,
        1.034505 0.909901 3.937008,
        1.114787 0.809941 3.937008,
        1.250747 0.577926 3.937008,
        1.299839 0.457353 3.937008,
        1.363589 0.198116 3.937008,
        1.376344 0.066574 3.937008,
        1.376344 0.000000 3.937008,
        1.376344 -0.066574 3.937008,
        1.363589 -0.198116 3.937008,
        1.363493 -0.199099 3.937008,
        1.319441 -0.391665 3.937008,
        1.299839 -0.457353 3.937008,
        1.250747 -0.577926 3.937008,
        1.249630 -0.580671 3.937008,
        1.153438 -0.750945 3.937008,
        1.114787 -0.809941 3.937008,
        1.034505 -0.909901 3.937008,
        1.031413 -0.913752 3.937008,
        0.836641 -1.094891 3.937008,
        0.892059 -1.048135 3.937008,
        0.938407 -1.009031 3.937008,
        1.187754 -0.698567 3.937008,
        1.337912 -0.329766 3.937008,
        1.363493 0.199099 3.937008,
        1.337912 0.329766 3.937008,
        1.319441 0.391665 3.937008,
        1.249630 0.580671 3.937008,
        1.187754 0.698567 3.937008,
        1.153438 0.750945 3.937008,
        1.031413 0.913752 3.937008,
        0.938407 1.009031 3.937008,
        0.836641 1.094891 3.937008,
        0.892059 1.048135 3.937008,
        0.893089 -1.049355 3.937402,
        0.732934 -1.166859 3.937402,
        1.034685 -0.910045 3.937402,
        1.154779 -0.751824 3.937402,
        1.250877 -0.577979 3.937402,
        1.320981 -0.392124 3.937402,
        1.363635 -0.198120 3.937402,
        1.363635 0.198120 3.937402,
        1.377953 0.000000 3.937402,
        1.250877 0.577979 3.937402,
        1.320981 0.392124 3.937402,
        1.034685 0.910045 3.937402,
        1.154779 0.751824 3.937402,
        0.732934 1.166859 3.937402,
        0.893089 1.049355 3.937402,
      ]
    }
    coordIndex [
      21, 35, 20, -1,
      20, 35, 36, -1,
      20, 36, 0, -1,
      21, 22, 35, -1,
      35, 22, 19, -1,
      35, 19, 37, -1,
      16, 38, 17, -1,
      17, 38, 37, -1,
      17, 37, 18, -1,
      18, 37, 19, -1,
      16, 23, 38, -1,
      38, 23, 15, -1,
      38, 15, 39, -1,
      12, 40, 13, -1,
      13, 40, 39, -1,
      13, 39, 14, -1,
      14, 39, 15, -1,
      12, 24, 40, -1,
      40, 24, 11, -1,
      40, 11, 41, -1,
      6, 42, 43, -1,
      6, 43, 7, -1,
      11, 10, 41, -1,
      41, 10, 9, -1,
      41, 9, 43, -1,
      43, 9, 8, -1,
      43, 8, 7, -1,
      4, 44, 45, -1,
      4, 45, 5, -1,
      6, 25, 42, -1,
      42, 25, 26, -1,
      42, 26, 45, -1,
      45, 26, 27, -1,
      45, 27, 5, -1,
      2, 46, 47, -1,
      2, 47, 3, -1,
      4, 28, 44, -1,
      44, 28, 29, -1,
      44, 29, 47, -1,
      47, 29, 30, -1,
      47, 30, 3, -1,
      1, 48, 49, -1,
      1, 49, 33, -1,
      2, 31, 46, -1,
      46, 31, 32, -1,
      46, 32, 49, -1,
      49, 32, 34, -1,
      49, 34, 33, -1,
      36, 48, 0, -1,
      0, 48, 1, -1,
      48, 36, 35, -1,
      44, 47, 38, -1,
      38, 47, 46, -1,
      35, 37, 48, -1,
      48, 37, 38, -1,
      48, 38, 49, -1,
      49, 38, 46, -1,
      39, 40, 41, -1,
      41, 43, 39, -1,
      39, 43, 42, -1,
      39, 42, 38, -1,
      38, 42, 45, -1,
      38, 45, 44, -1,
    ]
  }
}

Shape {
  appearance Appearance {
    material Material {
      diffuseColor 0.8510 0.8510 0.8510
      specularColor 0.4235 0.4235 0.4235
      ambientIntensity 0.2
      transparency 0.0000
      shininess 0.5
    }
  }
  geometry IndexedFaceSet {
    ccw TRUE
    solid FALSE
    coord DEF co Coordinate {
      point [
        0.076324 -0.517480 0.000000,
        0.076324 -0.530443 0.000000,
        0.088915 -0.535612 0.000000,
        0.100849 -0.537285 0.000000,
        0.089628 -0.431842 0.000000,
        0.078441 -0.518652 0.000000,
        0.103984 -0.429977 0.000000,
        0.115614 -0.431283 0.000000,
        0.076324 -0.437539 0.000000,
        0.076324 -0.421695 0.000000,
        0.124455 -0.434474 0.000000,
        0.132630 -0.439943 0.000000,
        0.139762 -0.447817 0.000000,
        0.148343 -0.478770 0.000000,
        0.147147 -0.491556 0.000000,
        0.143938 -0.501715 0.000000,
        0.117656 -0.523806 0.000000,
        0.106640 -0.525041 0.000000,
        0.126262 -0.520637 0.000000,
        0.133511 -0.515752 0.000000,
        0.139053 -0.509905 0.000000,
        0.090962 -0.523301 0.000000,
        0.134826 -0.532555 0.000000,
        0.174270 -0.536565 0.000000,
        0.123378 -0.536496 0.000000,
        0.115769 -0.537285 0.000000,
        0.144631 -0.456936 0.000000,
        0.147780 -0.469580 0.000000,
        0.157954 -0.449563 0.000000,
        0.151031 -0.438520 0.000000,
        0.218921 -0.418454 0.000000,
        0.234765 -0.418454 0.000000,
        0.234765 -0.536565 0.000000,
        0.144327 -0.526488 0.000000,
        0.153198 -0.517148 0.000000,
        0.174270 -0.523601 0.000000,
        0.159490 -0.505918 0.000000,
        0.218921 -0.523601 0.000000,
        0.140368 -0.428265 0.000000,
        0.129149 -0.421807 0.000000,
        0.115982 -0.417982 0.000000,
        0.163045 -0.493416 0.000000,
        0.164187 -0.479737 0.000000,
        0.162488 -0.462946 0.000000,
        0.104119 -0.417014 0.000000,
        0.089980 -0.417989 0.000000,
        0.105593 -0.537949 0.000000,
        0.108823 -0.538005 0.000000,
        0.053279 -0.536565 0.000000,
        0.053279 -0.418454 0.000000,
        -0.136850 -0.536565 0.000000,
        -0.122310 -0.504193 0.000000,
        -0.115537 -0.514757 0.000000,
        -0.007217 -0.431417 0.000000,
        0.037435 -0.431417 0.000000,
        0.037435 -0.470307 0.000000,
        -0.007217 -0.418454 0.000000,
        -0.181502 -0.418454 0.000000,
        -0.197346 -0.418454 0.000000,
        -0.033143 -0.418454 0.000000,
        -0.004336 -0.470307 0.000000,
        -0.033143 -0.536565 0.000000,
        -0.004336 -0.483271 0.000000,
        -0.105815 -0.524065 0.000000,
        -0.093483 -0.531232 0.000000,
        -0.079873 -0.535289 0.000000,
        0.037435 -0.483271 0.000000,
        0.037435 -0.523601 0.000000,
        -0.010098 -0.523601 0.000000,
        -0.010098 -0.536565 0.000000,
        -0.066474 -0.418454 0.000000,
        -0.083538 -0.420278 0.000000,
        -0.118688 -0.443116 0.000000,
        -0.124177 -0.453273 0.000000,
        -0.127350 -0.464910 0.000000,
        -0.128208 -0.476024 0.000000,
        -0.126550 -0.491830 0.000000,
        -0.226153 -0.536565 0.000000,
        -0.243437 -0.536565 0.000000,
        -0.065259 -0.536565 0.000000,
        -0.097357 -0.425131 0.000000,
        -0.110213 -0.433746 0.000000,
        -0.110336 -0.433854 0.000000,
        -0.214202 -0.503436 0.000000,
        -0.165410 -0.503436 0.000000,
        -0.154135 -0.536565 0.000000,
        -0.197346 -0.418454 0.003937,
        -0.243437 -0.536565 0.003937,
        -0.226153 -0.536565 0.003937,
        -0.214202 -0.503436 0.003937,
        -0.165410 -0.503436 0.003937,
        -0.154135 -0.536565 0.003937,
        -0.136850 -0.536565 0.003937,
        -0.181502 -0.418454 0.003937,
        -0.169393 -0.490472 0.003937,
        -0.208891 -0.490472 0.003937,
        -0.187015 -0.441140 0.003937,
        -0.188152 -0.437044 0.003937,
        -0.188906 -0.432858 0.003937,
        -0.189289 -0.432858 0.003937,
        -0.190059 -0.437031 0.003937,
        -0.191111 -0.441140 0.003937,
        -0.169393 -0.490472 0.000000,
        -0.208891 -0.490472 0.000000,
        -0.187015 -0.441140 0.000000,
        -0.188152 -0.437044 0.000000,
        -0.188906 -0.432858 0.000000,
        -0.189289 -0.432858 0.000000,
        -0.190059 -0.437031 0.000000,
        -0.191111 -0.441140 0.000000,
        -0.065259 -0.536565 0.003937,
        -0.033143 -0.536565 0.003937,
        -0.033143 -0.418454 0.003937,
        -0.066474 -0.418454 0.003937,
        -0.128208 -0.476024 0.003937,
        -0.127350 -0.464910 0.003937,
        -0.124177 -0.453273 0.003937,
        -0.118688 -0.443116 0.003937,
        -0.110336 -0.433854 0.003937,
        -0.110213 -0.433746 0.003937,
        -0.097357 -0.425131 0.003937,
        -0.083538 -0.420278 0.003937,
        -0.079873 -0.535289 0.003937,
        -0.093483 -0.531232 0.003937,
        -0.105815 -0.524065 0.003937,
        -0.115537 -0.514757 0.003937,
        -0.122310 -0.504193 0.003937,
        -0.126550 -0.491830 0.003937,
        -0.104500 -0.447980 0.003937,
        -0.098763 -0.441889 0.003937,
        -0.090136 -0.436315 0.003937,
        -0.080387 -0.432904 0.003937,
        -0.066407 -0.431417 0.003937,
        -0.048987 -0.431417 0.003937,
        -0.048987 -0.523601 0.003937,
        -0.065754 -0.523601 0.003937,
        -0.078215 -0.522441 0.003937,
        -0.088154 -0.519339 0.003937,
        -0.096209 -0.514556 0.003937,
        -0.102833 -0.508013 0.003937,
        -0.107815 -0.499869 0.003937,
        -0.111280 -0.488767 0.003937,
        -0.112364 -0.476361 0.003937,
        -0.111360 -0.464607 0.003937,
        -0.108603 -0.455265 0.003937,
        -0.066407 -0.431417 0.000000,
        -0.048987 -0.431417 0.000000,
        -0.080387 -0.432904 0.000000,
        -0.090136 -0.436315 0.000000,
        -0.098763 -0.441889 0.000000,
        -0.104500 -0.447980 0.000000,
        -0.108603 -0.455265 0.000000,
        -0.111360 -0.464607 0.000000,
        -0.112364 -0.476361 0.000000,
        -0.111280 -0.488767 0.000000,
        -0.107815 -0.499869 0.000000,
        -0.102833 -0.508013 0.000000,
        -0.096209 -0.514556 0.000000,
        -0.088154 -0.519339 0.000000,
        -0.078215 -0.522441 0.000000,
        -0.065754 -0.523601 0.000000,
        -0.048987 -0.523601 0.000000,
        -0.010098 -0.523601 0.003937,
        -0.010098 -0.536565 0.003937,
        0.053279 -0.536565 0.003937,
        0.053279 -0.418454 0.003937,
        -0.007217 -0.418454 0.003937,
        -0.007217 -0.431417 0.003937,
        0.037435 -0.431417 0.003937,
        0.037435 -0.470307 0.003937,
        -0.004336 -0.470307 0.003937,
        -0.004336 -0.483271 0.003937,
        0.037435 -0.483271 0.003937,
        0.037435 -0.523601 0.003937,
        0.076324 -0.517480 0.003937,
        0.076324 -0.530443 0.003937,
        0.088915 -0.535612 0.003937,
        0.108823 -0.538005 0.003937,
        0.105593 -0.537949 0.003937,
        0.164187 -0.479737 0.003937,
        0.163045 -0.493416 0.003937,
        0.159490 -0.505918 0.003937,
        0.153198 -0.517148 0.003937,
        0.144327 -0.526488 0.003937,
        0.134826 -0.532555 0.003937,
        0.123378 -0.536496 0.003937,
        0.104119 -0.417014 0.003937,
        0.115982 -0.417982 0.003937,
        0.129149 -0.421807 0.003937,
        0.140368 -0.428265 0.003937,
        0.151031 -0.438520 0.003937,
        0.157954 -0.449563 0.003937,
        0.162488 -0.462946 0.003937,
        0.076324 -0.421695 0.003937,
        0.089980 -0.417989 0.003937,
        0.076324 -0.437539 0.003937,
        0.103984 -0.429977 0.003937,
        0.089628 -0.431842 0.003937,
        0.148343 -0.478770 0.003937,
        0.147780 -0.469580 0.003937,
        0.144631 -0.456936 0.003937,
        0.139762 -0.447817 0.003937,
        0.132630 -0.439943 0.003937,
        0.124455 -0.434474 0.003937,
        0.115614 -0.431283 0.003937,
        0.106640 -0.525041 0.003937,
        0.117656 -0.523806 0.003937,
        0.126262 -0.520637 0.003937,
        0.133511 -0.515752 0.003937,
        0.139053 -0.509905 0.003937,
        0.143938 -0.501715 0.003937,
        0.147147 -0.491556 0.003937,
        0.078441 -0.518652 0.003937,
        0.090962 -0.523301 0.003937,
        0.174270 -0.523601 0.003937,
        0.174270 -0.536565 0.003937,
        0.234765 -0.536565 0.003937,
        0.234765 -0.418454 0.003937,
        0.218921 -0.418454 0.003937,
        0.218921 -0.523601 0.003937,
      ]
    }
    coordIndex [
      86, 87, 58, -1,
      58, 87, 78, -1,
      87, 88, 78, -1,
      78, 88, 77, -1,
      88, 89, 77, -1,
      77, 89, 83, -1,
      89, 90, 83, -1,
      83, 90, 84, -1,
      90, 91, 84, -1,
      84, 91, 85, -1,
      91, 92, 85, -1,
      85, 92, 50, -1,
      92, 93, 50, -1,
      50, 93, 57, -1,
      93, 86, 57, -1,
      57, 86, 58, -1,
      94, 90, 95, -1,
      95, 90, 89, -1,
      96, 93, 94, -1,
      94, 93, 92, -1,
      94, 92, 90, -1,
      90, 92, 91, -1,
      96, 97, 93, -1,
      93, 97, 98, -1,
      93, 98, 86, -1,
      86, 98, 99, -1,
      86, 99, 100, -1,
      100, 101, 86, -1,
      86, 101, 95, -1,
      86, 95, 87, -1,
      87, 95, 89, -1,
      87, 89, 88, -1,
      94, 95, 102, -1,
      102, 95, 103, -1,
      96, 94, 104, -1,
      104, 94, 102, -1,
      96, 104, 105, -1,
      96, 105, 97, -1,
      97, 105, 106, -1,
      97, 106, 98, -1,
      99, 98, 107, -1,
      107, 98, 106, -1,
      99, 107, 108, -1,
      99, 108, 100, -1,
      100, 108, 109, -1,
      100, 109, 101, -1,
      95, 101, 103, -1,
      103, 101, 109, -1,
      110, 111, 79, -1,
      79, 111, 61, -1,
      111, 112, 61, -1,
      61, 112, 59, -1,
      112, 113, 59, -1,
      59, 113, 70, -1,
      114, 75, 74, -1,
      114, 74, 115, -1,
      115, 74, 73, -1,
      115, 73, 116, -1,
      116, 73, 72, -1,
      116, 72, 117, -1,
      117, 72, 82, -1,
      117, 82, 118, -1,
      118, 82, 81, -1,
      118, 81, 119, -1,
      119, 81, 80, -1,
      119, 80, 120, -1,
      120, 80, 71, -1,
      120, 71, 121, -1,
      121, 71, 70, -1,
      121, 70, 113, -1,
      110, 79, 65, -1,
      110, 65, 122, -1,
      122, 65, 64, -1,
      122, 64, 123, -1,
      123, 64, 63, -1,
      123, 63, 124, -1,
      124, 63, 52, -1,
      124, 52, 125, -1,
      125, 52, 51, -1,
      125, 51, 126, -1,
      126, 51, 76, -1,
      126, 76, 127, -1,
      127, 76, 75, -1,
      127, 75, 114, -1,
      116, 117, 128, -1,
      128, 117, 118, -1,
      128, 118, 129, -1,
      129, 118, 119, -1,
      129, 119, 130, -1,
      130, 119, 120, -1,
      130, 120, 131, -1,
      131, 120, 121, -1,
      131, 121, 132, -1,
      132, 121, 113, -1,
      132, 113, 133, -1,
      133, 113, 112, -1,
      133, 112, 134, -1,
      134, 112, 111, -1,
      134, 111, 135, -1,
      135, 111, 110, -1,
      135, 110, 136, -1,
      136, 110, 122, -1,
      136, 122, 137, -1,
      137, 122, 123, -1,
      137, 123, 138, -1,
      138, 123, 124, -1,
      138, 124, 139, -1,
      139, 124, 125, -1,
      139, 125, 140, -1,
      140, 125, 126, -1,
      140, 126, 141, -1,
      141, 126, 127, -1,
      141, 127, 142, -1,
      142, 127, 114, -1,
      142, 114, 143, -1,
      143, 114, 115, -1,
      143, 115, 144, -1,
      144, 115, 116, -1,
      144, 116, 128, -1,
      132, 133, 145, -1,
      145, 133, 146, -1,
      132, 145, 147, -1,
      132, 147, 131, -1,
      131, 147, 148, -1,
      131, 148, 130, -1,
      130, 148, 149, -1,
      130, 149, 129, -1,
      129, 149, 150, -1,
      129, 150, 128, -1,
      128, 150, 151, -1,
      128, 151, 144, -1,
      144, 151, 152, -1,
      144, 152, 143, -1,
      143, 152, 153, -1,
      143, 153, 142, -1,
      142, 153, 154, -1,
      142, 154, 141, -1,
      141, 154, 155, -1,
      141, 155, 140, -1,
      140, 155, 156, -1,
      140, 156, 139, -1,
      139, 156, 157, -1,
      139, 157, 138, -1,
      138, 157, 158, -1,
      138, 158, 137, -1,
      137, 158, 159, -1,
      137, 159, 136, -1,
      136, 159, 160, -1,
      136, 160, 135, -1,
      134, 135, 161, -1,
      161, 135, 160, -1,
      133, 134, 146, -1,
      146, 134, 161, -1,
      162, 163, 68, -1,
      68, 163, 69, -1,
      163, 164, 69, -1,
      69, 164, 48, -1,
      164, 165, 48, -1,
      48, 165, 49, -1,
      165, 166, 49, -1,
      49, 166, 56, -1,
      166, 167, 56, -1,
      56, 167, 53, -1,
      167, 168, 53, -1,
      53, 168, 54, -1,
      168, 169, 54, -1,
      54, 169, 55, -1,
      169, 170, 55, -1,
      55, 170, 60, -1,
      170, 171, 60, -1,
      60, 171, 62, -1,
      171, 172, 62, -1,
      62, 172, 66, -1,
      172, 173, 66, -1,
      66, 173, 67, -1,
      173, 162, 67, -1,
      67, 162, 68, -1,
      164, 163, 162, -1,
      162, 173, 164, -1,
      164, 173, 172, -1,
      164, 172, 165, -1,
      167, 166, 168, -1,
      168, 166, 165, -1,
      168, 165, 169, -1,
      169, 165, 172, -1,
      169, 172, 170, -1,
      170, 172, 171, -1,
      174, 175, 0, -1,
      0, 175, 1, -1,
      1, 175, 176, -1,
      177, 47, 46, -1,
      177, 46, 178, -1,
      178, 46, 3, -1,
      178, 3, 176, -1,
      176, 3, 2, -1,
      176, 2, 1, -1,
      179, 42, 41, -1,
      179, 41, 180, -1,
      180, 41, 36, -1,
      180, 36, 181, -1,
      181, 36, 34, -1,
      181, 34, 182, -1,
      182, 34, 33, -1,
      182, 33, 183, -1,
      183, 33, 22, -1,
      183, 22, 184, -1,
      184, 22, 24, -1,
      184, 24, 185, -1,
      185, 24, 177, -1,
      177, 24, 25, -1,
      177, 25, 47, -1,
      186, 44, 40, -1,
      186, 40, 187, -1,
      187, 40, 39, -1,
      187, 39, 188, -1,
      188, 39, 38, -1,
      188, 38, 189, -1,
      189, 38, 29, -1,
      189, 29, 190, -1,
      190, 29, 28, -1,
      190, 28, 191, -1,
      191, 28, 43, -1,
      191, 43, 192, -1,
      192, 43, 42, -1,
      192, 42, 179, -1,
      193, 9, 45, -1,
      193, 45, 194, -1,
      194, 45, 44, -1,
      194, 44, 186, -1,
      193, 195, 9, -1,
      9, 195, 8, -1,
      196, 6, 4, -1,
      196, 4, 197, -1,
      197, 4, 8, -1,
      197, 8, 195, -1,
      198, 13, 27, -1,
      198, 27, 199, -1,
      199, 27, 26, -1,
      199, 26, 200, -1,
      200, 26, 12, -1,
      200, 12, 201, -1,
      201, 12, 11, -1,
      201, 11, 202, -1,
      202, 11, 10, -1,
      202, 10, 203, -1,
      203, 10, 7, -1,
      203, 7, 204, -1,
      204, 7, 6, -1,
      204, 6, 196, -1,
      205, 17, 16, -1,
      205, 16, 206, -1,
      206, 16, 18, -1,
      206, 18, 207, -1,
      207, 18, 19, -1,
      207, 19, 208, -1,
      208, 19, 20, -1,
      208, 20, 209, -1,
      209, 20, 15, -1,
      209, 15, 210, -1,
      210, 15, 14, -1,
      210, 14, 211, -1,
      211, 14, 13, -1,
      211, 13, 198, -1,
      174, 0, 5, -1,
      174, 5, 212, -1,
      212, 5, 21, -1,
      212, 21, 213, -1,
      213, 21, 17, -1,
      213, 17, 205, -1,
      206, 177, 205, -1,
      205, 177, 178, -1,
      205, 178, 213, -1,
      213, 178, 176, -1,
      213, 176, 212, -1,
      212, 176, 175, -1,
      212, 175, 174, -1,
      195, 193, 197, -1,
      197, 193, 194, -1,
      197, 194, 196, -1,
      196, 194, 186, -1,
      196, 186, 204, -1,
      204, 186, 187, -1,
      204, 187, 203, -1,
      203, 187, 188, -1,
      203, 188, 202, -1,
      202, 188, 189, -1,
      202, 189, 201, -1,
      201, 189, 190, -1,
      201, 190, 200, -1,
      200, 190, 191, -1,
      200, 191, 199, -1,
      199, 191, 192, -1,
      199, 192, 198, -1,
      198, 192, 179, -1,
      198, 179, 211, -1,
      211, 179, 180, -1,
      211, 180, 210, -1,
      210, 180, 181, -1,
      210, 181, 209, -1,
      209, 181, 182, -1,
      209, 182, 208, -1,
      208, 182, 183, -1,
      208, 183, 207, -1,
      207, 183, 184, -1,
      207, 184, 206, -1,
      206, 184, 185, -1,
      206, 185, 177, -1,
      214, 215, 35, -1,
      35, 215, 23, -1,
      215, 216, 23, -1,
      23, 216, 32, -1,
      216, 217, 32, -1,
      32, 217, 31, -1,
      217, 218, 31, -1,
      31, 218, 30, -1,
      218, 219, 30, -1,
      30, 219, 37, -1,
      219, 214, 37, -1,
      37, 214, 35, -1,
      218, 217, 219, -1,
      219, 217, 216, -1,
      219, 216, 214, -1,
      214, 216, 215, -1,
    ]
  }
}

Shape {
  appearance Appearance {
    material Material {
      diffuseColor 0.2235 0.2235 0.2235
      specularColor 0.1137 0.1137 0.1137
      ambientIntensity 0.2
      transparency 0.0000
      shininess 0.5
    }
  }
  geometry IndexedFaceSet {
    ccw TRUE
    solid FALSE
    coord DEF co Coordinate {
      point [
        -0.169393 -0.490472 0.000000,
        -0.208891 -0.490472 0.000000,
        -0.187015 -0.441140 0.000000,
        -0.188152 -0.437044 0.000000,
        -0.188906 -0.432858 0.000000,
        -0.189289 -0.432858 0.000000,
        -0.190059 -0.437031 0.000000,
        -0.191111 -0.441140 0.000000,
        -0.066407 -0.431417 0.000000,
        -0.048987 -0.431417 0.000000,
        -0.080387 -0.432904 0.000000,
        -0.090136 -0.436315 0.000000,
        -0.098763 -0.441889 0.000000,
        -0.104500 -0.447980 0.000000,
        -0.108603 -0.455265 0.000000,
        -0.111360 -0.464607 0.000000,
        -0.112364 -0.476361 0.000000,
        -0.111280 -0.488767 0.000000,
        -0.107815 -0.499869 0.000000,
        -0.102833 -0.508013 0.000000,
        -0.096209 -0.514556 0.000000,
        -0.088154 -0.519339 0.000000,
        -0.078215 -0.522441 0.000000,
        -0.065754 -0.523601 0.000000,
        -0.048987 -0.523601 0.000000,
      ]
    }
    coordIndex [
      0, 1, 2, -1,
      2, 1, 7, -1,
      2, 7, 3, -1,
      3, 7, 6, -1,
      3, 6, 4, -1,
      4, 6, 5, -1,
      9, 24, 8, -1,
      8, 24, 23, -1,
      8, 23, 22, -1,
      16, 15, 8, -1,
      8, 15, 14, -1,
      8, 14, 10, -1,
      22, 21, 8, -1,
      8, 21, 20, -1,
      8, 20, 19, -1,
      19, 18, 8, -1,
      8, 18, 17, -1,
      8, 17, 16, -1,
      13, 12, 14, -1,
      14, 12, 11, -1,
      14, 11, 10, -1,
    ]
  }
}

Shape {
  appearance Appearance {
    material Material {
      diffuseColor 0.8510 0.8510 0.8510
      specularColor 0.4235 0.4235 0.4235
      ambientIntensity 0.2
      transparency 0.0000
      shininess 0.5
    }
  }
  geometry IndexedFaceSet {
    ccw TRUE
    solid FALSE
    coord DEF co Coordinate {
      point [
        1.830709 0.216535 0.078740,
        1.830709 0.216535 -0.039370,
        0.255906 0.216535 0.078740,
        0.255906 0.216535 -0.039370,
        1.830709 -0.216535 0.078740,
        1.830709 -0.216535 -0.039370,
        0.255906 -0.216535 0.078740,
        0.255906 -0.216535 -0.039370,
      ]
    }
    coordIndex [
      0, 1, 2, -1,
      2, 1, 3, -1,
      4, 5, 0, -1,
      0, 5, 1, -1,
      6, 7, 4, -1,
      4, 7, 5, -1,
      2, 3, 6, -1,
      6, 3, 7, -1,
      5, 7, 1, -1,
      1, 7, 3, -1,
      6, 4, 2, -1,
      2, 4, 0, -1,
    ]
  }
}
