#VRML V2.0 utf8

Shape {
  appearance Appearance {
    material Material {
      diffuseColor 0.3490 0.3490 0.3490
      specularColor 0.0235 0.0235 0.0235
      ambientIntensity 0.2
      transparency 0.0000
      shininess 0.5
    }
  }
  geometry IndexedFaceSet {
    ccw TRUE
    solid FALSE
    coord DEF co Coordinate {
      point [
        1.391350 1.835756 1.496063,
        1.391350 1.750622 1.496063,
        1.429619 1.750622 1.496063,
        1.705815 -2.283465 1.496063,
        1.795788 -2.283465 1.496063,
        1.795788 1.548356 1.496063,
        1.542324 1.586708 1.496063,
        1.539670 1.586420 1.496063,
        1.563080 1.586420 1.496063,
        -2.125984 -2.283465 1.496063,
        1.339598 -2.283465 1.496063,
        -2.322835 -2.086614 1.496063,
        1.439285 1.760359 1.496063,
        1.437847 1.764081 1.496063,
        1.437847 1.738856 1.496063,
        1.795788 1.738856 1.496063,
        1.764581 1.739667 1.496063,
        1.750875 1.739667 1.496063,
        1.741074 1.765949 1.496063,
        1.705815 1.765949 1.496063,
        1.705815 1.738856 1.496063,
        1.727983 1.835756 1.496063,
        1.795788 1.836567 1.496063,
        1.705815 1.836567 1.496063,
        1.701062 1.765949 1.496063,
        1.691826 1.739667 1.496063,
        1.675455 1.738856 1.496063,
        1.678120 1.739667 1.496063,
        1.675455 1.836567 1.496063,
        1.705815 1.812379 1.496063,
        1.714719 1.835756 1.496063,
        1.501391 1.753642 1.496063,
        1.501391 1.822289 1.496063,
        1.493376 1.825070 1.496063,
        1.486147 1.749349 1.496063,
        1.496861 1.751552 1.496063,
        1.446577 1.785528 1.496063,
        1.446567 1.786631 1.496063,
        1.482846 1.826177 1.496063,
        1.479321 1.826043 1.496063,
        1.470932 1.824471 1.496063,
        1.454961 1.813562 1.496063,
        1.450598 1.806598 1.496063,
        1.447674 1.797825 1.496063,
        1.448120 1.773802 1.496063,
        1.451168 1.765996 1.496063,
        1.455999 1.759219 1.496063,
        1.464424 1.752776 1.496063,
        1.471323 1.750186 1.496063,
        1.480685 1.749099 1.496063,
        1.463356 1.821013 1.496063,
        1.456662 1.815517 1.496063,
        1.458092 1.757166 1.496063,
        1.503267 1.821639 1.496063,
        1.505493 1.755534 1.496063,
        1.505493 1.820478 1.496063,
        1.519162 1.738856 1.496063,
        1.519162 1.836567 1.496063,
        1.492385 1.836567 1.496063,
        1.496550 1.836159 1.496063,
        1.501391 1.836567 1.496063,
        1.501391 1.834691 1.496063,
        1.505493 1.833447 1.496063,
        1.484232 1.837365 1.496063,
        1.501391 2.283465 1.496063,
        1.482723 1.837377 1.496063,
        1.437847 2.283465 1.496063,
        1.475992 1.836567 1.496063,
        1.458885 1.831842 1.496063,
        1.468943 1.835718 1.496063,
        1.437847 1.836567 1.496063,
        1.441157 1.815283 1.496063,
        1.447427 1.823229 1.496063,
        1.449583 1.825300 1.496063,
        1.432087 1.836567 1.496063,
        1.436313 1.804805 1.496063,
        1.437847 1.808124 1.496063,
        1.435399 1.770422 1.496063,
        1.432087 1.738856 1.496063,
        1.433549 1.785894 1.496063,
        1.433853 1.792569 1.496063,
        1.462099 1.740659 1.496063,
        1.453110 1.745063 1.496063,
        1.445880 1.751162 1.496063,
        1.444992 1.752133 1.496063,
        1.470286 1.738856 1.496063,
        1.437847 1.710683 1.496063,
        1.472395 1.738392 1.496063,
        1.478892 1.738046 1.496063,
        1.501391 1.710683 1.496063,
        1.487370 1.738856 1.496063,
        1.505493 1.743646 1.496063,
        1.503854 1.742829 1.496063,
        1.501391 1.738856 1.496063,
        1.501391 1.742022 1.496063,
        1.493537 1.739446 1.496063,
        1.645059 1.683320 1.496063,
        1.675455 1.683320 1.496063,
        1.675455 1.710683 1.496063,
        1.675455 1.586420 1.496063,
        1.675455 1.587230 1.496063,
        1.645059 1.587230 1.496063,
        1.597604 1.604276 1.496063,
        1.599077 1.598627 1.496063,
        1.599396 1.598627 1.496063,
        1.632089 1.655859 1.496063,
        1.585481 1.710683 1.496063,
        1.619611 1.655859 1.496063,
        1.585481 1.639147 1.496063,
        1.600870 1.604178 1.496063,
        1.599949 1.600979 1.496063,
        1.566212 1.655859 1.496063,
        1.563080 1.710683 1.496063,
        1.585481 1.606841 1.496063,
        1.579673 1.655859 1.496063,
        1.585481 1.586420 1.496063,
        1.592728 1.586420 1.496063,
        1.593133 1.587378 1.496063,
        1.585481 1.570562 1.496063,
        1.585498 1.570580 1.496063,
        1.587852 1.574900 1.496063,
        1.563080 1.548356 1.496063,
        1.568693 1.555888 1.496063,
        1.568693 1.566598 1.496063,
        1.575522 1.565222 1.496063,
        1.578411 1.565546 1.496063,
        1.585481 1.557051 1.496063,
        1.581317 1.555465 1.496063,
        1.585481 1.548356 1.496063,
        1.576455 1.554906 1.496063,
        1.573798 1.555001 1.496063,
        1.581047 1.566534 1.496063,
        1.583256 1.568068 1.496063,
        1.600944 1.576865 1.496063,
        1.595495 1.566254 1.496063,
        1.675455 1.548356 1.496063,
        1.604711 1.586420 1.496063,
        1.591091 1.560964 1.496063,
        1.590270 1.560212 1.496063,
        1.586067 1.557274 1.496063,
        2.125984 -2.283465 1.496063,
        2.322835 -2.086614 1.496063,
        2.103874 -2.283465 1.496063,
        2.103874 1.548356 1.496063,
        2.176933 -2.276757 1.496063,
        2.224409 -2.257092 1.496063,
        2.316127 -2.137563 1.496063,
        2.265178 -2.225808 1.496063,
        2.296462 -2.185039 1.496063,
        1.339598 1.548356 1.496063,
        1.040909 1.548356 1.496063,
        1.029195 1.543851 1.496063,
        1.012629 1.541807 1.496063,
        1.010036 1.541854 1.496063,
        -2.176933 -2.276757 1.496063,
        -2.322835 1.548356 1.496063,
        0.984377 1.548356 1.496063,
        0.993904 1.544360 1.496063,
        -2.296462 -2.185039 1.496063,
        -2.265178 -2.225808 1.496063,
        -2.224409 -2.257092 1.496063,
        -2.316127 -2.137563 1.496063,
        1.037520 1.845233 1.496063,
        1.069023 1.857378 1.496063,
        1.339598 2.283465 1.496063,
        1.102809 1.861538 1.496063,
        1.131126 1.858546 1.496063,
        -2.125984 2.283465 1.496063,
        -2.176933 2.276757 1.496063,
        -2.322835 2.086614 1.496063,
        -2.265178 2.225808 1.496063,
        -2.296462 2.185039 1.496063,
        -2.316127 2.137563 1.496063,
        -2.224409 2.257092 1.496063,
        2.316127 2.137563 1.496063,
        2.296462 2.185039 1.496063,
        2.103874 1.836567 1.496063,
        2.265178 2.225808 1.496063,
        2.224409 2.257092 1.496063,
        2.176933 2.276757 1.496063,
        1.555920 1.617246 1.496063,
        1.558167 1.613930 1.496063,
        1.556657 1.642693 1.496063,
        1.521385 1.651978 1.496063,
        1.524526 1.653891 1.496063,
        1.519162 1.710683 1.496063,
        1.557898 1.597248 1.496063,
        1.555655 1.594073 1.496063,
        1.559451 1.610382 1.496063,
        1.559949 1.605898 1.496063,
        1.559376 1.601062 1.496063,
        1.531021 1.656340 1.496063,
        1.540397 1.657431 1.496063,
        1.556657 1.654385 1.496063,
        1.547873 1.656850 1.496063,
        1.552211 1.591062 1.496063,
        1.548839 1.589045 1.496063,
        1.539218 1.647654 1.496063,
        1.535655 1.647387 1.496063,
        1.526077 1.638419 1.496063,
        1.532435 1.646535 1.496063,
        1.529737 1.645100 1.496063,
        1.526186 1.636818 1.496063,
        1.526664 1.634948 1.496063,
        1.527531 1.633324 1.496063,
        1.528705 1.632033 1.496063,
        1.532948 1.629380 1.496063,
        1.547819 1.646582 1.496063,
        1.540397 1.626138 1.496063,
        1.554606 1.643903 1.496063,
        1.545057 1.624252 1.496063,
        1.553051 1.619806 1.496063,
        1.527920 1.643495 1.496063,
        1.526889 1.641963 1.496063,
        1.526294 1.640339 1.496063,
        1.513672 1.637338 1.496063,
        1.514147 1.641642 1.496063,
        1.515517 1.628990 1.496063,
        1.514190 1.632665 1.496063,
        1.513599 1.602066 1.496063,
        1.515581 1.645517 1.496063,
        1.517817 1.648770 1.496063,
        1.519162 1.649980 1.496063,
        1.519162 1.598903 1.496063,
        1.519162 1.624352 1.496063,
        1.517596 1.599535 1.496063,
        1.519056 1.624422 1.496063,
        1.517087 1.626481 1.496063,
        1.525109 1.596504 1.496063,
        1.531898 1.617393 1.496063,
        1.524724 1.620681 1.496063,
        1.533396 1.595434 1.496063,
        1.533928 1.595437 1.496063,
        1.539801 1.614083 1.496063,
        1.540098 1.596129 1.496063,
        1.547594 1.604719 1.496063,
        1.547476 1.606216 1.496063,
        1.543204 1.597266 1.496063,
        1.544301 1.597931 1.496063,
        1.545682 1.599157 1.496063,
        1.546733 1.600711 1.496063,
        1.547344 1.602423 1.496063,
        1.546929 1.608095 1.496063,
        1.545998 1.609691 1.496063,
        1.544499 1.611253 1.496063,
        1.524570 1.586420 1.496063,
        1.521885 1.586704 1.496063,
        1.519162 1.586420 1.496063,
        1.519162 1.587668 1.496063,
        1.501391 1.586420 1.496063,
        1.513599 1.589637 1.496063,
        1.532217 1.585609 1.496063,
        1.519162 1.548356 1.496063,
        1.571156 1.565791 1.496063,
        1.446765 1.619670 1.496063,
        1.448852 1.639352 1.496063,
        1.444229 1.615768 1.496063,
        1.442737 1.611387 1.496063,
        1.497289 1.587230 1.496063,
        1.485253 1.587230 1.496063,
        1.496191 1.641209 1.496063,
        1.497289 1.631394 1.496063,
        1.450346 1.622902 1.496063,
        1.455289 1.625555 1.496063,
        1.456833 1.644422 1.496063,
        1.464915 1.628004 1.496063,
        1.475428 1.647228 1.496063,
        1.471351 1.647654 1.496063,
        1.464361 1.646947 1.496063,
        1.452094 1.588185 1.496063,
        1.448041 1.591013 1.496063,
        1.437847 1.586420 1.496063,
        1.446695 1.592377 1.496063,
        1.444194 1.596076 1.496063,
        1.485023 1.655141 1.496063,
        1.488969 1.652826 1.496063,
        1.485253 1.597841 1.496063,
        1.484934 1.597841 1.496063,
        1.483059 1.594987 1.496063,
        1.479258 1.590894 1.496063,
        1.442738 1.600147 1.496063,
        1.442146 1.605603 1.496063,
        1.448852 1.651044 1.496063,
        1.480020 1.656718 1.496063,
        1.491720 1.650231 1.496063,
        1.494239 1.646462 1.496063,
        1.485253 1.630854 1.496063,
        1.484835 1.636176 1.496063,
        1.483591 1.640461 1.496063,
        1.482176 1.642940 1.496063,
        1.480357 1.644875 1.496063,
        1.478220 1.646252 1.496063,
        1.452657 1.653155 1.496063,
        1.461855 1.656326 1.496063,
        1.472481 1.657431 1.496063,
        1.470457 1.586420 1.496063,
        1.470114 1.586296 1.496063,
        1.501391 1.548356 1.496063,
        1.437847 1.548356 1.496063,
        1.463908 1.585609 1.496063,
        1.456928 1.586420 1.496063,
        1.456708 1.586445 1.496063,
        1.256268 1.760843 1.496063,
        1.274804 1.745176 1.496063,
        1.339598 1.836567 1.496063,
        1.339598 1.738856 1.496063,
        1.165397 1.846426 1.496063,
        1.180043 1.836567 1.496063,
        1.195723 1.826012 1.496063,
        1.218403 1.799747 1.496063,
        1.232615 1.772041 1.496063,
        1.235934 1.770925 1.496063,
        1.023528 1.836567 1.496063,
        -2.322835 1.836567 1.496063,
        1.020827 1.834894 1.496063,
        0.948127 1.802872 1.496063,
        0.975054 1.806200 1.496063,
        1.004772 1.821144 1.496063,
        0.982910 1.805773 1.496063,
        0.990767 1.804833 1.496063,
        0.896487 1.773407 1.496063,
        0.901091 1.777765 1.496063,
        0.922820 1.793043 1.496063,
        -2.322835 1.738856 1.496063,
        -2.322835 1.710683 1.496063,
        0.866109 1.710683 1.496063,
        0.869151 1.727733 1.496063,
        0.874079 1.738856 1.496063,
        0.880049 1.752331 1.496063,
        0.939068 1.590855 1.496063,
        0.914379 1.602885 1.496063,
        -2.322835 1.586420 1.496063,
        0.893071 1.621056 1.496063,
        0.877484 1.643304 1.496063,
        0.867690 1.668737 1.496063,
        0.864377 1.695524 1.496063,
        0.864569 1.702056 1.496063,
        0.947726 1.588263 1.496063,
        0.948589 1.586420 1.496063,
        0.954598 1.573572 1.496063,
        0.964767 1.561039 1.496063,
        0.978137 1.550974 1.496063,
        1.339598 1.586420 1.496063,
        1.076632 1.586420 1.496063,
        1.076547 1.586062 1.496063,
        1.068445 1.570850 1.496063,
        1.058034 1.559187 1.496063,
        1.044430 1.549711 1.496063,
        1.297115 1.704882 1.496063,
        1.300250 1.682543 1.496063,
        1.339598 1.710683 1.496063,
        1.163879 1.626723 1.496063,
        1.168567 1.628575 1.496063,
        1.176594 1.667513 1.496063,
        1.274972 1.617641 1.496063,
        1.256396 1.601913 1.496063,
        1.063868 1.655899 1.496063,
        1.155415 1.703722 1.496063,
        1.051906 1.666786 1.496063,
        1.037404 1.674550 1.496063,
        1.159678 1.623746 1.496063,
        1.288546 1.636555 1.496063,
        1.257548 1.687935 1.496063,
        1.254317 1.701051 1.496063,
        1.249106 1.710683 1.496063,
        0.909120 1.710683 1.496063,
        1.297122 1.658186 1.496063,
        1.173861 1.629254 1.496063,
        1.174526 1.629206 1.496063,
        1.176575 1.628752 1.496063,
        0.913170 1.669560 1.496063,
        0.921255 1.655814 1.496063,
        0.955941 1.648695 1.496063,
        0.933499 1.643224 1.496063,
        0.948409 1.634037 1.496063,
        0.981194 1.671328 1.496063,
        0.967230 1.661616 1.496063,
        0.907418 1.696890 1.496063,
        0.908249 1.686270 1.496063,
        0.996282 1.677108 1.496063,
        1.012629 1.679127 1.496063,
        1.020910 1.678638 1.496063,
        1.152682 1.608076 1.496063,
        1.152856 1.610772 1.496063,
        1.080947 1.616957 1.496063,
        1.154228 1.615972 1.496063,
        1.156855 1.620633 1.496063,
        1.244010 1.645708 1.496063,
        1.251532 1.656361 1.496063,
        1.256246 1.668534 1.496063,
        1.257893 1.681860 1.496063,
        1.168646 1.587517 1.496063,
        1.164127 1.589296 1.496063,
        1.159696 1.592446 1.496063,
        1.158108 1.594063 1.496063,
        1.155130 1.598354 1.496063,
        1.153330 1.602987 1.496063,
        1.080568 1.602922 1.496063,
        1.080947 1.610125 1.496063,
        1.235553 1.591709 1.496063,
        1.212802 1.586897 1.496063,
        1.172494 1.586897 1.496063,
        1.177960 1.628571 1.496063,
        1.208703 1.628571 1.496063,
        1.221032 1.630942 1.496063,
        1.233079 1.636542 1.496063,
        1.243169 1.644804 1.496063,
        1.199139 1.735148 1.496063,
        0.915322 1.728691 1.496063,
        0.909463 1.713457 1.496063,
        1.204604 1.735148 1.496063,
        1.247946 1.712825 1.496063,
        1.240139 1.721533 1.496063,
        1.229547 1.728940 1.496063,
        1.217625 1.733539 1.496063,
        1.184359 1.776274 1.496063,
        1.168930 1.794667 1.496063,
        1.011946 1.754961 1.496063,
        1.167302 1.796148 1.496063,
        1.148111 1.809476 1.496063,
        1.022394 1.776589 1.496063,
        0.922403 1.738856 1.496063,
        1.007182 1.757571 1.496063,
        1.198322 1.738856 1.496063,
        1.194924 1.754273 1.496063,
        0.991867 1.763197 1.496063,
        0.975737 1.765209 1.496063,
        0.968533 1.764829 1.496063,
        1.037721 1.794892 1.496063,
        1.126689 1.817691 1.496063,
        1.056004 1.808251 1.496063,
        1.103493 1.820546 1.496063,
        1.078319 1.817301 1.496063,
        0.951674 1.760808 1.496063,
        0.936461 1.752706 1.496063,
        0.924798 1.742295 1.496063,
        1.279343 1.738856 1.496063,
        1.288756 1.725746 1.496063,
        1.294791 1.710683 1.496063,
        1.696739 1.587230 1.496063,
        1.705815 1.586420 1.496063,
        1.696739 1.598185 1.496063,
        1.705815 1.710683 1.496063,
        1.694552 1.683320 1.496063,
        1.694552 1.672267 1.496063,
        1.657463 1.630510 1.496063,
        1.657463 1.598185 1.496063,
        1.675455 1.630510 1.496063,
        1.675455 1.598185 1.496063,
        1.691826 1.630510 1.496063,
        1.691826 1.641514 1.496063,
        1.657463 1.672267 1.496063,
        1.657463 1.641514 1.496063,
        1.675455 1.672267 1.496063,
        1.675455 1.641514 1.496063,
        1.585481 1.836567 1.496063,
        1.563080 1.836567 1.496063,
        1.574220 1.835756 1.496063,
        1.563080 1.835756 1.496063,
        1.537130 1.782946 1.496063,
        1.537130 1.750622 1.496063,
        1.563080 1.782946 1.496063,
        1.563080 1.750622 1.496063,
        1.571493 1.782946 1.496063,
        1.576406 1.750622 1.496063,
        1.571493 1.793950 1.496063,
        1.574220 1.824703 1.496063,
        1.563080 1.793950 1.496063,
        1.563080 1.824703 1.496063,
        1.537130 1.793950 1.496063,
        1.537130 1.824703 1.496063,
        1.585481 1.738856 1.496063,
        1.576406 1.739667 1.496063,
        1.563080 1.738856 1.496063,
        1.563080 1.739667 1.496063,
        1.524726 1.739667 1.496063,
        1.524726 1.835756 1.496063,
        1.705815 1.548356 1.496063,
        1.675455 -2.283465 1.496063,
        1.585481 -2.283465 1.496063,
        1.563080 -2.283465 1.496063,
        1.519162 -2.283465 1.496063,
        1.501391 -2.283465 1.496063,
        1.437847 -2.283465 1.496063,
        1.474994 1.588059 1.496063,
        2.103874 1.586420 1.496063,
        1.795788 1.586420 1.496063,
        1.378946 1.683320 1.496063,
        1.378946 1.587230 1.496063,
        1.432087 1.586420 1.496063,
        1.432087 1.548356 1.496063,
        1.432087 -2.283465 1.496063,
        1.428440 1.683320 1.496063,
        1.432087 1.710683 1.496063,
        1.428440 1.672267 1.496063,
        1.430626 1.598185 1.496063,
        1.430626 1.587230 1.496063,
        1.391350 1.630510 1.496063,
        1.391350 1.598185 1.496063,
        1.425713 1.630510 1.496063,
        1.425713 1.641514 1.496063,
        1.391350 1.641514 1.496063,
        1.391350 1.672267 1.496063,
        1.714891 1.587230 1.496063,
        1.790136 1.618060 1.496063,
        1.785156 1.608260 1.496063,
        1.757478 1.589174 1.496063,
        1.741320 1.587230 1.496063,
        1.788023 1.658801 1.496063,
        1.791555 1.649614 1.496063,
        1.795788 1.710683 1.496063,
        1.793123 1.636503 1.496063,
        1.792697 1.629113 1.496063,
        1.778631 1.600691 1.496063,
        1.768462 1.593424 1.496063,
        1.758749 1.681249 1.496063,
        1.770111 1.676638 1.496063,
        1.714891 1.683320 1.496063,
        1.742303 1.683320 1.496063,
        1.744267 1.683294 1.496063,
        1.778631 1.670596 1.496063,
        1.782093 1.667201 1.496063,
        1.812159 1.587230 1.496063,
        1.798453 1.587230 1.496063,
        1.871208 1.587230 1.496063,
        1.861407 1.613512 1.496063,
        1.821395 1.613512 1.496063,
        1.835052 1.683320 1.496063,
        1.848315 1.683320 1.496063,
        1.378946 1.739667 1.496063,
        1.378946 1.835756 1.496063,
        1.429619 1.739667 1.496063,
        1.667690 1.811237 1.496063,
        1.671222 1.802051 1.496063,
        1.672790 1.788940 1.496063,
        1.672364 1.781549 1.496063,
        1.669803 1.770496 1.496063,
        1.664823 1.760696 1.496063,
        1.658298 1.753127 1.496063,
        1.648129 1.745860 1.496063,
        1.638417 1.833685 1.496063,
        1.649778 1.829074 1.496063,
        1.621970 1.835756 1.496063,
        1.623934 1.835730 1.496063,
        1.637145 1.741611 1.496063,
        1.620987 1.739667 1.496063,
        1.594558 1.739667 1.496063,
        1.594558 1.835756 1.496063,
        1.658298 1.823033 1.496063,
        1.661760 1.819637 1.496063,
        1.884914 1.587230 1.496063,
        2.103874 1.710683 1.496063,
        2.103874 1.738856 1.496063,
        2.322835 1.548356 1.496063,
        2.322835 1.586420 1.496063,
        2.322835 1.710683 1.496063,
        2.322835 1.738856 1.496063,
        2.322835 1.836567 1.496063,
        2.322835 2.086614 1.496063,
        1.432087 2.283465 1.496063,
        2.125984 2.283465 1.496063,
        2.103874 2.283465 1.496063,
        1.795788 2.283465 1.496063,
        1.705815 2.283465 1.496063,
        1.675455 2.283465 1.496063,
        1.585481 2.283465 1.496063,
        1.563080 2.283465 1.496063,
        1.519162 2.283465 1.496063,
        -2.519685 1.062992 0.098425,
        -2.519685 0.787402 0.098425,
        -2.519685 0.787402 0.905512,
        -2.519685 2.086614 0.000000,
        -2.519685 1.062992 0.000000,
        -2.519685 2.086614 1.299213,
        -2.519685 -0.787402 0.905512,
        -2.519685 -2.086614 1.299213,
        -2.519685 -1.062992 0.000000,
        -2.519685 -2.086614 0.000000,
        -2.519685 -1.062992 0.098425,
        -2.519685 -0.787402 0.098425,
        2.519685 2.086614 0.000000,
        2.519685 1.062992 0.000000,
        1.692913 1.062992 0.000000,
        -1.692913 1.062992 0.000000,
        2.125984 2.480315 0.000000,
        -2.125984 2.480315 0.000000,
        -2.227881 2.466900 0.000000,
        2.506270 2.188511 0.000000,
        -1.692913 -1.062992 0.000000,
        1.692913 -1.062992 0.000000,
        2.519685 -1.062992 0.000000,
        -2.125984 -2.480315 0.000000,
        2.519685 -2.086614 0.000000,
        2.322835 -2.427569 0.000000,
        2.227881 -2.466900 0.000000,
        2.125984 -2.480315 0.000000,
        -2.506270 2.188511 0.000000,
        -2.466939 2.283465 0.000000,
        -2.322835 2.427569 0.000000,
        -2.404373 2.365003 0.000000,
        2.227881 2.466900 0.000000,
        2.322835 2.427569 0.000000,
        2.404373 2.365003 0.000000,
        2.466939 2.283465 0.000000,
        -2.322835 -2.427569 0.000000,
        -2.404373 -2.365003 0.000000,
        -2.466939 -2.283465 0.000000,
        -2.506270 -2.188511 0.000000,
        2.404373 -2.365003 0.000000,
        2.506270 -2.188511 0.000000,
        2.466939 -2.283465 0.000000,
        -2.227881 -2.466900 0.000000,
        2.519685 -2.086614 1.299213,
        2.519685 -1.062992 0.098425,
        2.519685 0.787402 0.905512,
        2.519685 2.086614 1.299213,
        2.519685 -0.787402 0.905512,
        2.519685 -0.787402 0.098425,
        2.519685 1.062992 0.098425,
        2.519685 0.787402 0.098425,
        2.125984 2.480315 1.299213,
        -2.125984 2.480315 1.299213,
        -2.125984 -2.480315 1.299213,
        2.125984 -2.480315 1.299213,
        -2.227881 2.466900 1.299213,
        -2.322835 2.427569 1.299213,
        -2.404373 2.365003 1.299213,
        -2.466939 2.283465 1.299213,
        -2.506270 2.188511 1.299213,
        -2.506270 -2.188511 1.299213,
        -2.466939 -2.283465 1.299213,
        -2.404373 -2.365003 1.299213,
        -2.322835 -2.427569 1.299213,
        -2.227881 -2.466900 1.299213,
        2.227881 -2.466900 1.299213,
        2.322835 -2.427569 1.299213,
        2.404373 -2.365003 1.299213,
        2.466939 -2.283465 1.299213,
        2.506270 -2.188511 1.299213,
        2.506270 2.188511 1.299213,
        2.466939 2.283465 1.299213,
        2.404373 2.365003 1.299213,
        2.322835 2.427569 1.299213,
        2.227881 2.466900 1.299213,
        1.692913 1.062992 0.098425,
        1.692913 -1.062992 0.098425,
        1.870079 -0.787402 0.098425,
        1.870079 0.787402 0.098425,
        -1.692913 -1.062992 0.098425,
        -1.692913 1.062992 0.098425,
        -1.870079 0.787402 0.098425,
        -1.870079 -0.787402 0.098425,
      ]
    }
    coordIndex [
      0, 1, 2, -1,
      3, 4, 5, -1,
      6, 7, 8, -1,
      9, 10, 11, -1,
      12, 13, 14, -1,
      15, 16, 17, -1,
      18, 19, 17, -1,
      17, 19, 20, -1,
      17, 20, 15, -1,
      16, 15, 21, -1,
      21, 15, 22, -1,
      21, 22, 23, -1,
      19, 24, 20, -1,
      20, 24, 25, -1,
      20, 25, 26, -1,
      26, 25, 27, -1,
      26, 27, 28, -1,
      28, 27, 29, -1,
      28, 29, 23, -1,
      23, 29, 30, -1,
      23, 30, 21, -1,
      31, 32, 33, -1,
      34, 35, 36, -1,
      36, 35, 31, -1,
      36, 31, 37, -1,
      33, 38, 31, -1,
      31, 38, 39, -1,
      31, 39, 40, -1,
      41, 42, 31, -1,
      31, 42, 43, -1,
      31, 43, 37, -1,
      44, 45, 46, -1,
      47, 48, 36, -1,
      36, 48, 49, -1,
      36, 49, 34, -1,
      40, 50, 31, -1,
      31, 50, 51, -1,
      31, 51, 41, -1,
      44, 46, 36, -1,
      36, 46, 52, -1,
      36, 52, 47, -1,
      32, 31, 53, -1,
      53, 31, 54, -1,
      53, 54, 55, -1,
      55, 54, 56, -1,
      55, 56, 57, -1,
      58, 59, 60, -1,
      60, 59, 61, -1,
      60, 61, 57, -1,
      57, 61, 62, -1,
      57, 62, 55, -1,
      63, 64, 65, -1,
      65, 64, 66, -1,
      65, 66, 67, -1,
      68, 69, 70, -1,
      71, 72, 70, -1,
      70, 72, 73, -1,
      70, 73, 68, -1,
      74, 75, 70, -1,
      70, 75, 76, -1,
      70, 76, 71, -1,
      13, 77, 78, -1,
      78, 77, 79, -1,
      78, 79, 74, -1,
      74, 79, 80, -1,
      74, 80, 75, -1,
      81, 82, 14, -1,
      82, 83, 14, -1,
      14, 83, 84, -1,
      14, 84, 12, -1,
      81, 14, 85, -1,
      85, 14, 86, -1,
      85, 86, 87, -1,
      87, 86, 88, -1,
      88, 86, 89, -1,
      88, 89, 90, -1,
      54, 91, 56, -1,
      56, 91, 92, -1,
      56, 92, 93, -1,
      93, 92, 94, -1,
      93, 94, 95, -1,
      96, 97, 98, -1,
      99, 100, 101, -1,
      102, 103, 104, -1,
      105, 106, 107, -1,
      107, 106, 108, -1,
      107, 108, 109, -1,
      109, 108, 102, -1,
      109, 102, 110, -1,
      110, 102, 104, -1,
      111, 112, 8, -1,
      111, 8, 113, -1,
      112, 111, 106, -1,
      106, 111, 114, -1,
      106, 114, 108, -1,
      8, 115, 113, -1,
      113, 115, 116, -1,
      113, 116, 117, -1,
      118, 119, 115, -1,
      115, 119, 120, -1,
      115, 120, 116, -1,
      121, 122, 123, -1,
      115, 124, 125, -1,
      126, 127, 128, -1,
      128, 127, 129, -1,
      128, 129, 121, -1,
      121, 129, 130, -1,
      121, 130, 122, -1,
      125, 131, 115, -1,
      115, 131, 132, -1,
      115, 132, 118, -1,
      133, 134, 135, -1,
      133, 135, 136, -1,
      134, 137, 135, -1,
      135, 137, 138, -1,
      135, 138, 128, -1,
      128, 138, 139, -1,
      128, 139, 126, -1,
      140, 141, 142, -1,
      142, 141, 143, -1,
      142, 143, 4, -1,
      140, 144, 141, -1,
      141, 144, 145, -1,
      141, 145, 146, -1,
      146, 145, 147, -1,
      146, 147, 148, -1,
      10, 149, 150, -1,
      150, 151, 10, -1,
      10, 151, 152, -1,
      10, 152, 153, -1,
      9, 11, 154, -1,
      155, 11, 156, -1,
      156, 11, 10, -1,
      156, 10, 157, -1,
      157, 10, 153, -1,
      158, 159, 160, -1,
      154, 11, 160, -1,
      160, 11, 161, -1,
      160, 161, 158, -1,
      162, 163, 164, -1,
      164, 163, 165, -1,
      164, 165, 166, -1,
      167, 168, 169, -1,
      170, 171, 172, -1,
      169, 168, 172, -1,
      172, 168, 173, -1,
      172, 173, 170, -1,
      174, 175, 176, -1,
      175, 177, 176, -1,
      176, 177, 178, -1,
      176, 178, 179, -1,
      180, 181, 182, -1,
      183, 184, 185, -1,
      8, 186, 187, -1,
      188, 189, 8, -1,
      8, 189, 190, -1,
      8, 190, 186, -1,
      184, 191, 185, -1,
      185, 191, 192, -1,
      185, 192, 112, -1,
      181, 188, 182, -1,
      182, 188, 8, -1,
      182, 8, 193, -1,
      193, 8, 112, -1,
      193, 112, 194, -1,
      194, 112, 192, -1,
      187, 195, 8, -1,
      8, 195, 196, -1,
      8, 196, 6, -1,
      197, 198, 199, -1,
      199, 198, 200, -1,
      199, 200, 201, -1,
      199, 202, 197, -1,
      197, 202, 203, -1,
      197, 203, 204, -1,
      204, 205, 197, -1,
      197, 205, 206, -1,
      197, 206, 207, -1,
      207, 206, 208, -1,
      207, 208, 209, -1,
      209, 208, 210, -1,
      209, 210, 182, -1,
      182, 210, 211, -1,
      182, 211, 180, -1,
      212, 213, 201, -1,
      201, 213, 214, -1,
      201, 214, 199, -1,
      215, 216, 89, -1,
      217, 218, 219, -1,
      216, 220, 89, -1,
      89, 220, 221, -1,
      89, 221, 185, -1,
      185, 221, 222, -1,
      185, 222, 183, -1,
      223, 224, 225, -1,
      225, 224, 226, -1,
      225, 226, 219, -1,
      219, 226, 227, -1,
      219, 227, 217, -1,
      228, 229, 223, -1,
      223, 229, 230, -1,
      223, 230, 224, -1,
      228, 231, 229, -1,
      229, 231, 232, -1,
      229, 232, 233, -1,
      233, 232, 234, -1,
      233, 235, 236, -1,
      234, 237, 233, -1,
      233, 237, 238, -1,
      233, 238, 239, -1,
      239, 240, 233, -1,
      233, 240, 241, -1,
      233, 241, 235, -1,
      236, 242, 233, -1,
      233, 242, 243, -1,
      233, 243, 244, -1,
      245, 246, 247, -1,
      247, 246, 248, -1,
      247, 248, 249, -1,
      249, 248, 250, -1,
      249, 250, 219, -1,
      251, 252, 7, -1,
      7, 252, 121, -1,
      7, 121, 8, -1,
      8, 121, 123, -1,
      8, 123, 115, -1,
      115, 123, 253, -1,
      115, 253, 124, -1,
      254, 255, 256, -1,
      256, 255, 257, -1,
      249, 258, 259, -1,
      89, 260, 261, -1,
      254, 262, 255, -1,
      255, 262, 263, -1,
      255, 263, 264, -1,
      264, 263, 265, -1,
      266, 267, 265, -1,
      265, 267, 268, -1,
      265, 268, 264, -1,
      218, 215, 219, -1,
      219, 215, 89, -1,
      219, 89, 249, -1,
      249, 89, 261, -1,
      249, 261, 258, -1,
      269, 270, 271, -1,
      271, 270, 272, -1,
      271, 272, 273, -1,
      274, 275, 89, -1,
      276, 277, 259, -1,
      259, 277, 278, -1,
      259, 278, 279, -1,
      273, 280, 271, -1,
      271, 280, 281, -1,
      271, 281, 86, -1,
      86, 281, 257, -1,
      86, 257, 282, -1,
      282, 257, 255, -1,
      274, 89, 283, -1,
      275, 284, 89, -1,
      89, 284, 285, -1,
      89, 285, 260, -1,
      286, 287, 265, -1,
      265, 287, 288, -1,
      265, 288, 289, -1,
      289, 290, 265, -1,
      265, 290, 291, -1,
      265, 291, 266, -1,
      282, 292, 86, -1,
      86, 292, 293, -1,
      86, 293, 89, -1,
      89, 293, 294, -1,
      89, 294, 283, -1,
      295, 296, 297, -1,
      297, 296, 298, -1,
      296, 299, 298, -1,
      298, 299, 300, -1,
      298, 300, 271, -1,
      271, 300, 301, -1,
      271, 301, 269, -1,
      302, 303, 304, -1,
      304, 303, 305, -1,
      306, 307, 304, -1,
      304, 307, 308, -1,
      304, 308, 309, -1,
      309, 310, 304, -1,
      304, 310, 311, -1,
      304, 311, 302, -1,
      164, 167, 162, -1,
      162, 167, 169, -1,
      162, 169, 312, -1,
      312, 169, 313, -1,
      312, 313, 314, -1,
      313, 315, 314, -1,
      314, 315, 316, -1,
      314, 316, 317, -1,
      317, 316, 318, -1,
      317, 318, 319, -1,
      320, 321, 313, -1,
      313, 321, 322, -1,
      313, 322, 315, -1,
      323, 324, 325, -1,
      325, 326, 323, -1,
      323, 326, 327, -1,
      323, 327, 313, -1,
      313, 327, 328, -1,
      313, 328, 320, -1,
      329, 330, 331, -1,
      331, 330, 332, -1,
      331, 332, 333, -1,
      333, 334, 331, -1,
      331, 334, 335, -1,
      331, 335, 324, -1,
      324, 335, 336, -1,
      324, 336, 325, -1,
      337, 329, 338, -1,
      338, 329, 331, -1,
      338, 331, 339, -1,
      339, 331, 340, -1,
      155, 156, 331, -1,
      331, 156, 341, -1,
      331, 341, 340, -1,
      342, 343, 149, -1,
      149, 343, 344, -1,
      149, 344, 345, -1,
      345, 346, 149, -1,
      149, 346, 347, -1,
      149, 347, 150, -1,
      348, 349, 350, -1,
      351, 352, 353, -1,
      354, 355, 342, -1,
      356, 357, 358, -1,
      358, 357, 359, -1,
      351, 353, 360, -1,
      354, 342, 361, -1,
      362, 363, 357, -1,
      357, 363, 364, -1,
      357, 364, 365, -1,
      350, 349, 342, -1,
      342, 349, 366, -1,
      342, 366, 361, -1,
      352, 367, 353, -1,
      353, 367, 368, -1,
      353, 368, 369, -1,
      370, 371, 372, -1,
      372, 371, 373, -1,
      372, 373, 374, -1,
      375, 365, 376, -1,
      376, 365, 377, -1,
      376, 377, 372, -1,
      372, 377, 378, -1,
      372, 378, 370, -1,
      375, 379, 365, -1,
      365, 379, 380, -1,
      365, 380, 357, -1,
      357, 380, 381, -1,
      357, 381, 359, -1,
      382, 383, 384, -1,
      384, 383, 385, -1,
      384, 385, 353, -1,
      353, 385, 386, -1,
      353, 386, 360, -1,
      387, 388, 353, -1,
      353, 388, 389, -1,
      353, 389, 357, -1,
      357, 389, 390, -1,
      357, 390, 362, -1,
      391, 392, 343, -1,
      343, 392, 393, -1,
      343, 393, 394, -1,
      394, 395, 343, -1,
      343, 395, 396, -1,
      343, 396, 397, -1,
      397, 396, 382, -1,
      397, 382, 398, -1,
      398, 382, 384, -1,
      355, 399, 342, -1,
      342, 399, 400, -1,
      342, 400, 343, -1,
      343, 400, 401, -1,
      343, 401, 391, -1,
      369, 402, 353, -1,
      353, 402, 403, -1,
      353, 403, 404, -1,
      404, 405, 353, -1,
      353, 405, 406, -1,
      353, 406, 387, -1,
      407, 408, 409, -1,
      409, 365, 407, -1,
      407, 365, 364, -1,
      407, 364, 410, -1,
      410, 364, 411, -1,
      411, 412, 410, -1,
      410, 412, 413, -1,
      410, 413, 414, -1,
      415, 416, 417, -1,
      416, 418, 417, -1,
      417, 418, 419, -1,
      417, 419, 420, -1,
      421, 417, 422, -1,
      408, 407, 421, -1,
      421, 407, 423, -1,
      421, 423, 417, -1,
      417, 423, 424, -1,
      417, 424, 415, -1,
      422, 425, 421, -1,
      421, 425, 426, -1,
      421, 426, 427, -1,
      420, 419, 428, -1,
      428, 419, 429, -1,
      428, 429, 430, -1,
      430, 429, 431, -1,
      430, 431, 432, -1,
      433, 434, 427, -1,
      427, 434, 435, -1,
      427, 435, 421, -1,
      303, 436, 305, -1,
      305, 436, 437, -1,
      305, 437, 350, -1,
      350, 437, 438, -1,
      350, 438, 348, -1,
      100, 99, 439, -1,
      439, 99, 440, -1,
      439, 440, 441, -1,
      98, 97, 442, -1,
      442, 97, 443, -1,
      442, 443, 444, -1,
      445, 446, 447, -1,
      447, 446, 448, -1,
      447, 448, 449, -1,
      449, 448, 441, -1,
      449, 441, 450, -1,
      451, 452, 453, -1,
      453, 452, 454, -1,
      453, 454, 444, -1,
      455, 456, 457, -1,
      457, 456, 458, -1,
      459, 460, 461, -1,
      461, 460, 462, -1,
      461, 462, 463, -1,
      463, 462, 464, -1,
      463, 464, 465, -1,
      465, 464, 466, -1,
      465, 466, 467, -1,
      467, 466, 468, -1,
      467, 468, 469, -1,
      469, 468, 470, -1,
      457, 466, 455, -1,
      455, 466, 464, -1,
      455, 464, 471, -1,
      471, 464, 472, -1,
      471, 472, 473, -1,
      473, 472, 474, -1,
      473, 474, 475, -1,
      458, 456, 476, -1,
      476, 456, 57, -1,
      476, 57, 475, -1,
      475, 57, 56, -1,
      475, 56, 473, -1,
      3, 477, 478, -1,
      478, 477, 135, -1,
      478, 135, 479, -1,
      479, 135, 128, -1,
      479, 128, 480, -1,
      480, 128, 121, -1,
      480, 121, 481, -1,
      481, 121, 252, -1,
      481, 252, 482, -1,
      482, 252, 297, -1,
      482, 297, 483, -1,
      483, 297, 298, -1,
      251, 245, 252, -1,
      252, 245, 247, -1,
      252, 247, 297, -1,
      297, 247, 249, -1,
      297, 249, 295, -1,
      295, 249, 259, -1,
      295, 259, 484, -1,
      484, 259, 279, -1,
      477, 440, 135, -1,
      135, 440, 99, -1,
      135, 99, 136, -1,
      136, 99, 101, -1,
      136, 101, 105, -1,
      105, 101, 96, -1,
      105, 96, 106, -1,
      106, 96, 98, -1,
      4, 143, 5, -1,
      5, 143, 485, -1,
      5, 485, 486, -1,
      487, 350, 488, -1,
      488, 350, 342, -1,
      488, 342, 489, -1,
      489, 342, 149, -1,
      489, 149, 490, -1,
      490, 149, 10, -1,
      490, 10, 491, -1,
      487, 492, 493, -1,
      492, 494, 493, -1,
      493, 494, 495, -1,
      493, 495, 489, -1,
      489, 495, 496, -1,
      489, 496, 488, -1,
      497, 498, 499, -1,
      499, 498, 495, -1,
      499, 495, 500, -1,
      500, 495, 494, -1,
      500, 494, 501, -1,
      501, 494, 502, -1,
      454, 450, 444, -1,
      444, 450, 441, -1,
      444, 441, 442, -1,
      442, 441, 440, -1,
      442, 440, 503, -1,
      486, 504, 505, -1,
      486, 506, 507, -1,
      508, 509, 510, -1,
      510, 509, 511, -1,
      510, 511, 486, -1,
      486, 511, 512, -1,
      486, 512, 504, -1,
      505, 513, 486, -1,
      486, 513, 514, -1,
      486, 514, 506, -1,
      3, 5, 477, -1,
      477, 5, 486, -1,
      477, 486, 440, -1,
      440, 486, 507, -1,
      440, 507, 503, -1,
      510, 515, 516, -1,
      503, 517, 442, -1,
      442, 517, 518, -1,
      442, 518, 510, -1,
      510, 518, 519, -1,
      510, 519, 515, -1,
      516, 520, 510, -1,
      510, 520, 521, -1,
      510, 521, 508, -1,
      522, 523, 486, -1,
      524, 525, 526, -1,
      486, 523, 510, -1,
      510, 523, 527, -1,
      510, 527, 528, -1,
      13, 78, 14, -1,
      14, 78, 493, -1,
      14, 493, 86, -1,
      86, 493, 489, -1,
      86, 489, 271, -1,
      271, 489, 490, -1,
      271, 490, 298, -1,
      298, 490, 491, -1,
      298, 491, 483, -1,
      510, 15, 442, -1,
      442, 15, 20, -1,
      442, 20, 98, -1,
      98, 20, 26, -1,
      98, 26, 106, -1,
      106, 26, 471, -1,
      106, 471, 112, -1,
      112, 471, 473, -1,
      112, 473, 185, -1,
      185, 473, 56, -1,
      185, 56, 89, -1,
      89, 56, 93, -1,
      89, 93, 90, -1,
      90, 93, 95, -1,
      487, 493, 350, -1,
      350, 493, 78, -1,
      350, 78, 305, -1,
      305, 78, 529, -1,
      305, 529, 304, -1,
      529, 530, 304, -1,
      304, 530, 0, -1,
      304, 0, 74, -1,
      74, 0, 2, -1,
      74, 2, 78, -1,
      78, 2, 531, -1,
      78, 531, 529, -1,
      532, 533, 28, -1,
      28, 533, 534, -1,
      28, 534, 26, -1,
      26, 534, 535, -1,
      26, 535, 536, -1,
      536, 537, 26, -1,
      26, 537, 538, -1,
      26, 538, 539, -1,
      28, 540, 541, -1,
      455, 542, 28, -1,
      28, 542, 543, -1,
      28, 543, 540, -1,
      539, 544, 26, -1,
      26, 544, 545, -1,
      26, 545, 471, -1,
      471, 545, 546, -1,
      471, 546, 455, -1,
      455, 546, 547, -1,
      455, 547, 542, -1,
      541, 548, 28, -1,
      28, 548, 549, -1,
      28, 549, 532, -1,
      526, 522, 524, -1,
      524, 522, 486, -1,
      524, 486, 550, -1,
      550, 486, 485, -1,
      550, 485, 528, -1,
      528, 485, 551, -1,
      528, 551, 510, -1,
      510, 551, 552, -1,
      510, 552, 15, -1,
      15, 552, 176, -1,
      15, 176, 22, -1,
      141, 553, 143, -1,
      143, 553, 554, -1,
      143, 554, 485, -1,
      485, 554, 555, -1,
      485, 555, 551, -1,
      551, 555, 556, -1,
      551, 556, 552, -1,
      552, 556, 557, -1,
      552, 557, 176, -1,
      176, 557, 558, -1,
      176, 558, 174, -1,
      69, 67, 70, -1,
      70, 67, 66, -1,
      70, 66, 74, -1,
      74, 66, 559, -1,
      74, 559, 304, -1,
      304, 559, 164, -1,
      304, 164, 306, -1,
      306, 164, 166, -1,
      179, 560, 176, -1,
      176, 560, 561, -1,
      176, 561, 22, -1,
      22, 561, 562, -1,
      22, 562, 23, -1,
      23, 562, 563, -1,
      23, 563, 28, -1,
      28, 563, 564, -1,
      28, 564, 455, -1,
      455, 564, 565, -1,
      455, 565, 456, -1,
      456, 565, 566, -1,
      456, 566, 57, -1,
      57, 566, 567, -1,
      57, 567, 60, -1,
      60, 567, 64, -1,
      60, 64, 58, -1,
      58, 64, 63, -1,
      568, 569, 570, -1,
      571, 572, 573, -1,
      573, 572, 568, -1,
      568, 570, 573, -1,
      573, 570, 574, -1,
      573, 574, 575, -1,
      576, 577, 578, -1,
      578, 577, 575, -1,
      578, 575, 579, -1,
      579, 575, 574, -1,
      580, 581, 582, -1,
      583, 572, 584, -1,
      584, 572, 571, -1,
      584, 571, 585, -1,
      585, 571, 586, -1,
      580, 582, 587, -1,
      577, 576, 588, -1,
      583, 582, 588, -1,
      588, 582, 589, -1,
      589, 590, 591, -1,
      591, 590, 592, -1,
      593, 594, 592, -1,
      592, 594, 595, -1,
      592, 595, 591, -1,
      571, 596, 586, -1,
      586, 596, 597, -1,
      586, 597, 598, -1,
      598, 597, 599, -1,
      583, 584, 582, -1,
      582, 584, 600, -1,
      582, 600, 601, -1,
      601, 602, 582, -1,
      582, 602, 603, -1,
      582, 603, 587, -1,
      604, 605, 588, -1,
      605, 606, 588, -1,
      588, 606, 607, -1,
      588, 607, 577, -1,
      593, 592, 608, -1,
      608, 592, 609, -1,
      608, 609, 610, -1,
      589, 591, 588, -1,
      588, 591, 611, -1,
      588, 611, 604, -1,
      592, 590, 612, -1,
      612, 590, 613, -1,
      614, 615, 616, -1,
      616, 615, 612, -1,
      616, 612, 617, -1,
      617, 612, 613, -1,
      581, 580, 618, -1,
      618, 580, 615, -1,
      618, 615, 619, -1,
      619, 615, 614, -1,
      620, 584, 621, -1,
      621, 584, 585, -1,
      622, 591, 623, -1,
      623, 591, 595, -1,
      621, 585, 586, -1,
      621, 586, 624, -1,
      624, 586, 598, -1,
      624, 598, 625, -1,
      625, 598, 599, -1,
      625, 599, 626, -1,
      626, 599, 597, -1,
      626, 597, 627, -1,
      627, 597, 596, -1,
      627, 596, 628, -1,
      628, 596, 571, -1,
      628, 571, 573, -1,
      575, 577, 607, -1,
      575, 607, 629, -1,
      629, 607, 606, -1,
      629, 606, 630, -1,
      630, 606, 605, -1,
      630, 605, 631, -1,
      631, 605, 604, -1,
      631, 604, 632, -1,
      632, 604, 611, -1,
      632, 611, 633, -1,
      633, 611, 591, -1,
      633, 591, 622, -1,
      623, 595, 594, -1,
      623, 594, 634, -1,
      634, 594, 593, -1,
      634, 593, 635, -1,
      635, 593, 608, -1,
      635, 608, 636, -1,
      636, 608, 610, -1,
      636, 610, 637, -1,
      637, 610, 609, -1,
      637, 609, 638, -1,
      638, 609, 592, -1,
      638, 592, 612, -1,
      615, 580, 587, -1,
      615, 587, 639, -1,
      639, 587, 603, -1,
      639, 603, 640, -1,
      640, 603, 602, -1,
      640, 602, 641, -1,
      641, 602, 601, -1,
      641, 601, 642, -1,
      642, 601, 600, -1,
      642, 600, 643, -1,
      643, 600, 584, -1,
      643, 584, 620, -1,
      11, 575, 629, -1,
      11, 629, 161, -1,
      161, 629, 630, -1,
      161, 630, 158, -1,
      158, 630, 631, -1,
      158, 631, 159, -1,
      159, 631, 632, -1,
      159, 632, 160, -1,
      160, 632, 633, -1,
      160, 633, 154, -1,
      154, 633, 622, -1,
      154, 622, 9, -1,
      623, 140, 622, -1,
      622, 140, 9, -1,
      169, 573, 11, -1,
      11, 573, 575, -1,
      140, 623, 634, -1,
      140, 634, 144, -1,
      144, 634, 635, -1,
      144, 635, 145, -1,
      145, 635, 636, -1,
      145, 636, 147, -1,
      147, 636, 637, -1,
      147, 637, 148, -1,
      148, 637, 638, -1,
      148, 638, 146, -1,
      146, 638, 612, -1,
      146, 612, 141, -1,
      167, 621, 624, -1,
      167, 624, 168, -1,
      168, 624, 625, -1,
      168, 625, 173, -1,
      173, 625, 626, -1,
      173, 626, 170, -1,
      170, 626, 627, -1,
      170, 627, 171, -1,
      171, 627, 628, -1,
      171, 628, 172, -1,
      172, 628, 573, -1,
      172, 573, 169, -1,
      615, 558, 612, -1,
      612, 558, 141, -1,
      560, 620, 167, -1,
      167, 620, 621, -1,
      558, 615, 639, -1,
      558, 639, 174, -1,
      174, 639, 640, -1,
      174, 640, 175, -1,
      175, 640, 641, -1,
      175, 641, 177, -1,
      177, 641, 642, -1,
      177, 642, 178, -1,
      178, 642, 643, -1,
      178, 643, 179, -1,
      179, 643, 620, -1,
      179, 620, 560, -1,
      618, 644, 581, -1,
      581, 644, 582, -1,
      644, 645, 582, -1,
      582, 645, 589, -1,
      645, 613, 589, -1,
      589, 613, 590, -1,
      617, 613, 646, -1,
      646, 613, 645, -1,
      646, 645, 647, -1,
      647, 645, 644, -1,
      647, 644, 619, -1,
      619, 644, 618, -1,
      578, 648, 576, -1,
      576, 648, 588, -1,
      648, 649, 588, -1,
      588, 649, 583, -1,
      649, 568, 583, -1,
      583, 568, 572, -1,
      569, 568, 650, -1,
      650, 568, 649, -1,
      650, 649, 651, -1,
      651, 649, 648, -1,
      651, 648, 579, -1,
      579, 648, 578, -1,
    ]
  }
}

Shape {
  appearance Appearance {
    material Material {
      diffuseColor 0.6667 0.6667 0.6667
      specularColor 0.4667 0.4667 0.4667
      ambientIntensity 0.2
      transparency 0.0000
      shininess 0.5
    }
  }
  geometry IndexedFaceSet {
    ccw TRUE
    solid FALSE
    coord DEF co Coordinate {
      point [
        -2.519685 0.787402 0.098425,
        -2.519685 0.787402 0.905512,
        -2.519685 -0.787402 0.905512,
        -2.519685 -0.787402 0.098425,
        2.519685 0.787402 0.905512,
        2.519685 -0.787402 0.905512,
        2.519685 -0.787402 0.098425,
        2.519685 0.787402 0.098425,
        1.870079 -0.787402 0.098425,
        1.870079 0.787402 0.098425,
        -1.870079 0.787402 0.098425,
        -1.870079 -0.787402 0.098425,
        -2.657480 -0.787402 0.717728,
        -2.564846 -0.787402 0.884729,
        -1.870079 -0.787402 -0.039370,
        -2.559055 -0.787402 -0.039370,
        -2.584530 -0.787402 -0.036016,
        -2.608268 -0.787402 -0.026183,
        -2.654126 -0.787402 0.033581,
        -2.644294 -0.787402 0.009843,
        -2.628652 -0.787402 -0.010542,
        -2.603360 -0.787402 0.853295,
        -2.632771 -0.787402 0.813215,
        -2.651203 -0.787402 0.767044,
        -2.657480 -0.787402 0.059055,
        -2.632771 0.787402 0.813215,
        -2.603360 0.787402 0.853295,
        -2.564846 0.787402 0.884729,
        -1.870079 0.787402 -0.039370,
        -2.559055 0.787402 -0.039370,
        -2.628652 0.787402 -0.010542,
        -2.644294 0.787402 0.009843,
        -2.584530 0.787402 -0.036016,
        -2.608268 0.787402 -0.026183,
        -2.654126 0.787402 0.033581,
        -2.657480 0.787402 0.059055,
        -2.657480 0.787402 0.717728,
        -2.651203 0.787402 0.767044,
        1.870079 -0.787402 -0.039370,
        2.559055 -0.787402 -0.039370,
        2.628652 -0.787402 -0.010542,
        2.644294 -0.787402 0.009843,
        2.603360 -0.787402 0.853295,
        2.564846 -0.787402 0.884729,
        2.632771 -0.787402 0.813215,
        2.651203 -0.787402 0.767044,
        2.584530 -0.787402 -0.036016,
        2.608268 -0.787402 -0.026183,
        2.654126 -0.787402 0.033581,
        2.657480 -0.787402 0.059055,
        2.657480 -0.787402 0.717728,
        1.870079 0.787402 -0.039370,
        2.559055 0.787402 -0.039370,
        2.584530 0.787402 -0.036016,
        2.608268 0.787402 -0.026183,
        2.603360 0.787402 0.853295,
        2.632771 0.787402 0.813215,
        2.564846 0.787402 0.884729,
        2.654126 0.787402 0.033581,
        2.644294 0.787402 0.009843,
        2.628652 0.787402 -0.010542,
        2.651203 0.787402 0.767044,
        2.657480 0.787402 0.717728,
        2.657480 0.787402 0.059055,
      ]
    }
    coordIndex [
      12, 2, 13, -1,
      14, 11, 15, -1,
      15, 11, 3, -1,
      15, 3, 16, -1,
      16, 3, 17, -1,
      18, 19, 3, -1,
      3, 19, 20, -1,
      3, 20, 17, -1,
      13, 21, 12, -1,
      12, 21, 22, -1,
      12, 22, 23, -1,
      2, 12, 3, -1,
      3, 12, 24, -1,
      3, 24, 18, -1,
      25, 26, 27, -1,
      10, 28, 0, -1,
      0, 28, 29, -1,
      0, 30, 31, -1,
      29, 32, 0, -1,
      0, 32, 33, -1,
      0, 33, 30, -1,
      31, 34, 0, -1,
      0, 34, 35, -1,
      0, 35, 1, -1,
      1, 35, 36, -1,
      1, 36, 27, -1,
      27, 36, 37, -1,
      27, 37, 25, -1,
      14, 15, 28, -1,
      28, 15, 29, -1,
      11, 14, 10, -1,
      10, 14, 28, -1,
      36, 35, 12, -1,
      12, 35, 24, -1,
      24, 35, 34, -1,
      24, 34, 18, -1,
      18, 34, 31, -1,
      18, 31, 19, -1,
      19, 31, 30, -1,
      19, 30, 20, -1,
      20, 30, 33, -1,
      20, 33, 17, -1,
      17, 33, 32, -1,
      17, 32, 16, -1,
      16, 32, 29, -1,
      16, 29, 15, -1,
      2, 1, 27, -1,
      2, 27, 13, -1,
      13, 27, 26, -1,
      13, 26, 21, -1,
      21, 26, 25, -1,
      21, 25, 22, -1,
      22, 25, 37, -1,
      22, 37, 23, -1,
      23, 37, 36, -1,
      23, 36, 12, -1,
      8, 38, 6, -1,
      6, 38, 39, -1,
      6, 40, 41, -1,
      42, 43, 44, -1,
      44, 43, 5, -1,
      44, 5, 45, -1,
      39, 46, 6, -1,
      6, 46, 47, -1,
      6, 47, 40, -1,
      41, 48, 6, -1,
      6, 48, 49, -1,
      6, 49, 5, -1,
      5, 49, 50, -1,
      5, 50, 45, -1,
      51, 9, 52, -1,
      52, 9, 7, -1,
      52, 7, 53, -1,
      53, 7, 54, -1,
      55, 56, 57, -1,
      57, 56, 4, -1,
      58, 59, 7, -1,
      7, 59, 60, -1,
      7, 60, 54, -1,
      56, 61, 4, -1,
      4, 61, 62, -1,
      4, 62, 7, -1,
      7, 62, 63, -1,
      7, 63, 58, -1,
      39, 38, 52, -1,
      52, 38, 51, -1,
      39, 52, 53, -1,
      39, 53, 46, -1,
      46, 53, 54, -1,
      46, 54, 47, -1,
      47, 54, 60, -1,
      47, 60, 40, -1,
      40, 60, 59, -1,
      40, 59, 41, -1,
      41, 59, 58, -1,
      41, 58, 48, -1,
      48, 58, 63, -1,
      48, 63, 49, -1,
      50, 49, 62, -1,
      62, 49, 63, -1,
      51, 38, 9, -1,
      9, 38, 8, -1,
      50, 62, 61, -1,
      50, 61, 45, -1,
      45, 61, 56, -1,
      45, 56, 44, -1,
      44, 56, 55, -1,
      44, 55, 42, -1,
      42, 55, 57, -1,
      42, 57, 43, -1,
      43, 57, 4, -1,
      43, 4, 5, -1,
    ]
  }
}

Shape {
  appearance Appearance {
    material Material {
      diffuseColor 1.0000 1.0000 1.0000
      specularColor 0.5020 0.5020 0.5020
      ambientIntensity 0.2
      transparency 0.0000
      shininess 0.5
    }
  }
  geometry IndexedFaceSet {
    ccw TRUE
    solid FALSE
    coord DEF co Coordinate {
      point [
        1.714891 1.587230 1.496063,
        1.790136 1.618060 1.496063,
        1.785156 1.608260 1.496063,
        1.757478 1.589174 1.496063,
        1.741320 1.587230 1.496063,
        1.788023 1.658801 1.496063,
        1.791555 1.649614 1.496063,
        1.793123 1.636503 1.496063,
        1.792697 1.629113 1.496063,
        1.778631 1.600691 1.496063,
        1.768462 1.593424 1.496063,
        1.758749 1.681249 1.496063,
        1.770111 1.676638 1.496063,
        1.714891 1.683320 1.496063,
        1.742303 1.683320 1.496063,
        1.744267 1.683294 1.496063,
        1.778631 1.670596 1.496063,
        1.782093 1.667201 1.496063,
        1.754069 1.670928 1.500000,
        1.744267 1.683294 1.500000,
        1.741811 1.672267 1.500000,
        1.742303 1.683320 1.500000,
        1.727295 1.672267 1.500000,
        1.714891 1.683320 1.500000,
        1.727295 1.598185 1.500000,
        1.714891 1.587230 1.500000,
        1.741246 1.598185 1.500000,
        1.741320 1.587230 1.500000,
        1.752533 1.599293 1.500000,
        1.757478 1.589174 1.500000,
        1.760997 1.602102 1.500000,
        1.768462 1.593424 1.500000,
        1.767503 1.606157 1.500000,
        1.778631 1.600691 1.500000,
        1.769813 1.608207 1.500000,
        1.774832 1.614530 1.500000,
        1.785156 1.608260 1.500000,
        1.778054 1.621750 1.500000,
        1.790136 1.618060 1.500000,
        1.779826 1.630696 1.500000,
        1.792697 1.629113 1.500000,
        1.780080 1.636159 1.500000,
        1.793123 1.636503 1.500000,
        1.778976 1.646870 1.500000,
        1.791555 1.649614 1.500000,
        1.776433 1.654244 1.500000,
        1.788023 1.658801 1.500000,
        1.772868 1.659829 1.500000,
        1.782093 1.667201 1.500000,
        1.769543 1.663227 1.500000,
        1.778631 1.670596 1.500000,
        1.762424 1.667941 1.500000,
        1.770111 1.676638 1.500000,
        1.758749 1.681249 1.500000,
        1.769543 1.663227 1.496063,
        1.772868 1.659829 1.496063,
        1.776433 1.654244 1.496063,
        1.778976 1.646870 1.496063,
        1.780080 1.636159 1.496063,
        1.741811 1.672267 1.496063,
        1.754069 1.670928 1.496063,
        1.762424 1.667941 1.496063,
        1.727295 1.672267 1.496063,
        1.727295 1.598185 1.496063,
        1.741246 1.598185 1.496063,
        1.769813 1.608207 1.496063,
        1.767503 1.606157 1.496063,
        1.760997 1.602102 1.496063,
        1.752533 1.599293 1.496063,
        1.779826 1.630696 1.496063,
        1.778054 1.621750 1.496063,
        1.774832 1.614530 1.496063,
      ]
    }
    coordIndex [
      18, 19, 20, -1,
      20, 19, 21, -1,
      20, 21, 22, -1,
      22, 21, 23, -1,
      22, 23, 24, -1,
      24, 23, 25, -1,
      24, 25, 26, -1,
      26, 25, 27, -1,
      26, 27, 28, -1,
      28, 27, 29, -1,
      28, 29, 30, -1,
      30, 29, 31, -1,
      30, 31, 32, -1,
      32, 31, 33, -1,
      32, 33, 34, -1,
      34, 33, 35, -1,
      35, 33, 36, -1,
      35, 36, 37, -1,
      37, 36, 38, -1,
      37, 38, 39, -1,
      39, 38, 40, -1,
      39, 40, 41, -1,
      41, 40, 42, -1,
      41, 42, 43, -1,
      43, 42, 44, -1,
      43, 44, 45, -1,
      45, 44, 46, -1,
      45, 46, 47, -1,
      47, 46, 48, -1,
      47, 48, 49, -1,
      49, 48, 50, -1,
      49, 50, 51, -1,
      51, 50, 52, -1,
      51, 52, 18, -1,
      18, 52, 53, -1,
      18, 53, 19, -1,
      33, 9, 2, -1,
      33, 2, 36, -1,
      36, 2, 1, -1,
      36, 1, 38, -1,
      38, 1, 8, -1,
      38, 8, 40, -1,
      40, 8, 7, -1,
      40, 7, 42, -1,
      42, 7, 6, -1,
      42, 6, 44, -1,
      44, 6, 5, -1,
      44, 5, 46, -1,
      46, 5, 17, -1,
      46, 17, 48, -1,
      48, 17, 16, -1,
      48, 16, 50, -1,
      50, 16, 12, -1,
      50, 12, 52, -1,
      52, 12, 11, -1,
      52, 11, 53, -1,
      53, 11, 15, -1,
      53, 15, 19, -1,
      19, 15, 14, -1,
      19, 14, 21, -1,
      23, 21, 13, -1,
      13, 21, 14, -1,
      25, 23, 0, -1,
      0, 23, 13, -1,
      27, 25, 4, -1,
      4, 25, 0, -1,
      27, 4, 3, -1,
      27, 3, 29, -1,
      29, 3, 10, -1,
      29, 10, 31, -1,
      31, 10, 9, -1,
      31, 9, 33, -1,
      49, 54, 55, -1,
      49, 55, 47, -1,
      47, 55, 56, -1,
      47, 56, 45, -1,
      45, 56, 57, -1,
      45, 57, 43, -1,
      43, 57, 58, -1,
      43, 58, 41, -1,
      20, 59, 60, -1,
      20, 60, 18, -1,
      18, 60, 61, -1,
      18, 61, 51, -1,
      51, 61, 54, -1,
      51, 54, 49, -1,
      20, 22, 59, -1,
      59, 22, 62, -1,
      22, 24, 62, -1,
      62, 24, 63, -1,
      24, 26, 63, -1,
      63, 26, 64, -1,
      34, 65, 66, -1,
      34, 66, 32, -1,
      32, 66, 67, -1,
      32, 67, 30, -1,
      30, 67, 68, -1,
      30, 68, 28, -1,
      28, 68, 64, -1,
      28, 64, 26, -1,
      41, 58, 69, -1,
      41, 69, 39, -1,
      39, 69, 70, -1,
      39, 70, 37, -1,
      37, 70, 71, -1,
      37, 71, 35, -1,
      35, 71, 65, -1,
      35, 65, 34, -1,
    ]
  }
}

Shape {
  appearance Appearance {
    material Material {
      diffuseColor 0.3490 0.3490 0.3490
      specularColor 0.0235 0.0235 0.0235
      ambientIntensity 0.2
      transparency 0.0000
      shininess 0.5
    }
  }
  geometry IndexedFaceSet {
    ccw TRUE
    solid FALSE
    coord DEF co Coordinate {
      point [
        1.769543 1.663227 1.496063,
        1.772868 1.659829 1.496063,
        1.776433 1.654244 1.496063,
        1.778976 1.646870 1.496063,
        1.780080 1.636159 1.496063,
        1.741811 1.672267 1.496063,
        1.754069 1.670928 1.496063,
        1.762424 1.667941 1.496063,
        1.727295 1.672267 1.496063,
        1.727295 1.598185 1.496063,
        1.741246 1.598185 1.496063,
        1.769813 1.608207 1.496063,
        1.767503 1.606157 1.496063,
        1.760997 1.602102 1.496063,
        1.752533 1.599293 1.496063,
        1.779826 1.630696 1.496063,
        1.778054 1.621750 1.496063,
        1.774832 1.614530 1.496063,
      ]
    }
    coordIndex [
      8, 9, 5, -1,
      5, 9, 10, -1,
      10, 4, 3, -1,
      3, 2, 10, -1,
      10, 2, 1, -1,
      10, 1, 0, -1,
      4, 10, 15, -1,
      15, 10, 14, -1,
      15, 14, 13, -1,
      13, 12, 15, -1,
      15, 12, 11, -1,
      15, 11, 16, -1,
      16, 11, 17, -1,
      0, 7, 10, -1,
      10, 7, 6, -1,
      10, 6, 5, -1,
    ]
  }
}

Shape {
  appearance Appearance {
    material Material {
      diffuseColor 1.0000 1.0000 1.0000
      specularColor 0.5020 0.5020 0.5020
      ambientIntensity 0.2
      transparency 0.0000
      shininess 0.5
    }
  }
  geometry IndexedFaceSet {
    ccw TRUE
    solid FALSE
    coord DEF co Coordinate {
      point [
        1.542324 1.586708 1.496063,
        1.539670 1.586420 1.496063,
        1.597604 1.604276 1.496063,
        1.599077 1.598627 1.496063,
        1.599396 1.598627 1.496063,
        1.632089 1.655859 1.496063,
        1.619611 1.655859 1.496063,
        1.585481 1.639147 1.496063,
        1.600870 1.604178 1.496063,
        1.599949 1.600979 1.496063,
        1.566212 1.655859 1.496063,
        1.585481 1.606841 1.496063,
        1.579673 1.655859 1.496063,
        1.592728 1.586420 1.496063,
        1.593133 1.587378 1.496063,
        1.585481 1.570562 1.496063,
        1.585498 1.570580 1.496063,
        1.587852 1.574900 1.496063,
        1.568693 1.555888 1.496063,
        1.568693 1.566598 1.496063,
        1.575522 1.565222 1.496063,
        1.578411 1.565546 1.496063,
        1.585481 1.557051 1.496063,
        1.581317 1.555465 1.496063,
        1.576455 1.554906 1.496063,
        1.573798 1.555001 1.496063,
        1.581047 1.566534 1.496063,
        1.583256 1.568068 1.496063,
        1.600944 1.576865 1.496063,
        1.595495 1.566254 1.496063,
        1.604711 1.586420 1.496063,
        1.591091 1.560964 1.496063,
        1.590270 1.560212 1.496063,
        1.586067 1.557274 1.496063,
        1.555920 1.617246 1.496063,
        1.558167 1.613930 1.496063,
        1.556657 1.642693 1.496063,
        1.521385 1.651978 1.496063,
        1.524526 1.653891 1.496063,
        1.557898 1.597248 1.496063,
        1.555655 1.594073 1.496063,
        1.559451 1.610382 1.496063,
        1.559949 1.605898 1.496063,
        1.559376 1.601062 1.496063,
        1.531021 1.656340 1.496063,
        1.540397 1.657431 1.496063,
        1.556657 1.654385 1.496063,
        1.547873 1.656850 1.496063,
        1.552211 1.591062 1.496063,
        1.548839 1.589045 1.496063,
        1.539218 1.647654 1.496063,
        1.535655 1.647387 1.496063,
        1.526077 1.638419 1.496063,
        1.532435 1.646535 1.496063,
        1.529737 1.645100 1.496063,
        1.526186 1.636818 1.496063,
        1.526664 1.634948 1.496063,
        1.527531 1.633324 1.496063,
        1.528705 1.632033 1.496063,
        1.532948 1.629380 1.496063,
        1.547819 1.646582 1.496063,
        1.540397 1.626138 1.496063,
        1.554606 1.643903 1.496063,
        1.545057 1.624252 1.496063,
        1.553051 1.619806 1.496063,
        1.527920 1.643495 1.496063,
        1.526889 1.641963 1.496063,
        1.526294 1.640339 1.496063,
        1.513672 1.637338 1.496063,
        1.514147 1.641642 1.496063,
        1.515517 1.628990 1.496063,
        1.514190 1.632665 1.496063,
        1.513599 1.602066 1.496063,
        1.515581 1.645517 1.496063,
        1.517817 1.648770 1.496063,
        1.519162 1.649980 1.496063,
        1.519162 1.598903 1.496063,
        1.519162 1.624352 1.496063,
        1.517596 1.599535 1.496063,
        1.519056 1.624422 1.496063,
        1.517087 1.626481 1.496063,
        1.525109 1.596504 1.496063,
        1.531898 1.617393 1.496063,
        1.524724 1.620681 1.496063,
        1.533396 1.595434 1.496063,
        1.533928 1.595437 1.496063,
        1.539801 1.614083 1.496063,
        1.540098 1.596129 1.496063,
        1.547594 1.604719 1.496063,
        1.547476 1.606216 1.496063,
        1.543204 1.597266 1.496063,
        1.544301 1.597931 1.496063,
        1.545682 1.599157 1.496063,
        1.546733 1.600711 1.496063,
        1.547344 1.602423 1.496063,
        1.546929 1.608095 1.496063,
        1.545998 1.609691 1.496063,
        1.544499 1.611253 1.496063,
        1.524570 1.586420 1.496063,
        1.521885 1.586704 1.496063,
        1.519162 1.587668 1.496063,
        1.513599 1.589637 1.496063,
        1.532217 1.585609 1.496063,
        1.571156 1.565791 1.496063,
        1.446765 1.619670 1.496063,
        1.448852 1.639352 1.496063,
        1.444229 1.615768 1.496063,
        1.442737 1.611387 1.496063,
        1.497289 1.587230 1.496063,
        1.485253 1.587230 1.496063,
        1.496191 1.641209 1.496063,
        1.497289 1.631394 1.496063,
        1.450346 1.622902 1.496063,
        1.455289 1.625555 1.496063,
        1.456833 1.644422 1.496063,
        1.464915 1.628004 1.496063,
        1.475428 1.647228 1.496063,
        1.471351 1.647654 1.496063,
        1.464361 1.646947 1.496063,
        1.452094 1.588185 1.496063,
        1.448041 1.591013 1.496063,
        1.446695 1.592377 1.496063,
        1.444194 1.596076 1.496063,
        1.485023 1.655141 1.496063,
        1.488969 1.652826 1.496063,
        1.485253 1.597841 1.496063,
        1.484934 1.597841 1.496063,
        1.483059 1.594987 1.496063,
        1.479258 1.590894 1.496063,
        1.442738 1.600147 1.496063,
        1.442146 1.605603 1.496063,
        1.448852 1.651044 1.496063,
        1.480020 1.656718 1.496063,
        1.491720 1.650231 1.496063,
        1.494239 1.646462 1.496063,
        1.485253 1.630854 1.496063,
        1.484835 1.636176 1.496063,
        1.483591 1.640461 1.496063,
        1.482176 1.642940 1.496063,
        1.480357 1.644875 1.496063,
        1.478220 1.646252 1.496063,
        1.452657 1.653155 1.496063,
        1.461855 1.656326 1.496063,
        1.472481 1.657431 1.496063,
        1.470457 1.586420 1.496063,
        1.470114 1.586296 1.496063,
        1.463908 1.585609 1.496063,
        1.456928 1.586420 1.496063,
        1.456708 1.586445 1.496063,
        1.474994 1.588059 1.496063,
        1.600870 1.604178 1.500000,
        1.599949 1.600979 1.500000,
        1.599396 1.598627 1.500000,
        1.599077 1.598627 1.500000,
        1.597604 1.604276 1.500000,
        1.579673 1.655859 1.500000,
        1.566212 1.655859 1.500000,
        1.593133 1.587378 1.500000,
        1.587852 1.574900 1.500000,
        1.585498 1.570580 1.500000,
        1.583256 1.568068 1.500000,
        1.581047 1.566534 1.500000,
        1.578411 1.565546 1.500000,
        1.575522 1.565222 1.500000,
        1.571156 1.565791 1.500000,
        1.568693 1.566598 1.500000,
        1.568693 1.555888 1.500000,
        1.573798 1.555001 1.500000,
        1.576455 1.554906 1.500000,
        1.581317 1.555465 1.500000,
        1.586067 1.557274 1.500000,
        1.590270 1.560212 1.500000,
        1.591091 1.560964 1.500000,
        1.595495 1.566254 1.500000,
        1.600944 1.576865 1.500000,
        1.632089 1.655859 1.500000,
        1.619611 1.655859 1.500000,
        1.532217 1.585609 1.500000,
        1.542324 1.586708 1.500000,
        1.548839 1.589045 1.500000,
        1.552211 1.591062 1.500000,
        1.555655 1.594073 1.500000,
        1.557898 1.597248 1.500000,
        1.559376 1.601062 1.500000,
        1.559949 1.605898 1.500000,
        1.559451 1.610382 1.500000,
        1.558167 1.613930 1.500000,
        1.555920 1.617246 1.500000,
        1.553051 1.619806 1.500000,
        1.545057 1.624252 1.500000,
        1.540397 1.626138 1.500000,
        1.532948 1.629380 1.500000,
        1.528705 1.632033 1.500000,
        1.527531 1.633324 1.500000,
        1.526664 1.634948 1.500000,
        1.526186 1.636818 1.500000,
        1.526077 1.638419 1.500000,
        1.526294 1.640339 1.500000,
        1.526889 1.641963 1.500000,
        1.527920 1.643495 1.500000,
        1.529737 1.645100 1.500000,
        1.532435 1.646535 1.500000,
        1.535655 1.647387 1.500000,
        1.539218 1.647654 1.500000,
        1.547819 1.646582 1.500000,
        1.554606 1.643903 1.500000,
        1.556657 1.642693 1.500000,
        1.556657 1.654385 1.500000,
        1.547873 1.656850 1.500000,
        1.540397 1.657431 1.500000,
        1.531021 1.656340 1.500000,
        1.524526 1.653891 1.500000,
        1.521385 1.651978 1.500000,
        1.517817 1.648770 1.500000,
        1.515581 1.645517 1.500000,
        1.514147 1.641642 1.500000,
        1.513672 1.637338 1.500000,
        1.514190 1.632665 1.500000,
        1.515517 1.628990 1.500000,
        1.517087 1.626481 1.500000,
        1.531898 1.617393 1.500000,
        1.524724 1.620681 1.500000,
        1.519056 1.624422 1.500000,
        1.539801 1.614083 1.500000,
        1.544499 1.611253 1.500000,
        1.545998 1.609691 1.500000,
        1.546929 1.608095 1.500000,
        1.547476 1.606216 1.500000,
        1.547594 1.604719 1.500000,
        1.547344 1.602423 1.500000,
        1.546733 1.600711 1.500000,
        1.545682 1.599157 1.500000,
        1.544301 1.597931 1.500000,
        1.543204 1.597266 1.500000,
        1.540098 1.596129 1.500000,
        1.533928 1.595437 1.500000,
        1.533396 1.595434 1.500000,
        1.513599 1.602066 1.500000,
        1.517596 1.599535 1.500000,
        1.525109 1.596504 1.500000,
        1.513599 1.589637 1.500000,
        1.521885 1.586704 1.500000,
        1.485253 1.587230 1.500000,
        1.497289 1.587230 1.500000,
        1.485253 1.597841 1.500000,
        1.497289 1.631394 1.500000,
        1.485253 1.630854 1.500000,
        1.459179 1.616525 1.500000,
        1.462075 1.617878 1.500000,
        1.469189 1.619506 1.500000,
        1.485253 1.621667 1.500000,
        1.485253 1.615084 1.500000,
        1.484835 1.636176 1.500000,
        1.496191 1.641209 1.500000,
        1.483591 1.640461 1.500000,
        1.494239 1.646462 1.500000,
        1.482176 1.642940 1.500000,
        1.491720 1.650231 1.500000,
        1.480357 1.644875 1.500000,
        1.488969 1.652826 1.500000,
        1.478220 1.646252 1.500000,
        1.485023 1.655141 1.500000,
        1.475428 1.647228 1.500000,
        1.480020 1.656718 1.500000,
        1.471351 1.647654 1.500000,
        1.472481 1.657431 1.500000,
        1.464361 1.646947 1.500000,
        1.461855 1.656326 1.500000,
        1.456833 1.644422 1.500000,
        1.452657 1.653155 1.500000,
        1.448852 1.639352 1.500000,
        1.448852 1.651044 1.500000,
        1.485242 1.614286 1.500000,
        1.484467 1.608915 1.500000,
        1.482702 1.604621 1.500000,
        1.484934 1.597841 1.500000,
        1.480095 1.601083 1.500000,
        1.483059 1.594987 1.500000,
        1.478586 1.599609 1.500000,
        1.479258 1.590894 1.500000,
        1.475185 1.597314 1.500000,
        1.474994 1.588059 1.500000,
        1.471533 1.595987 1.500000,
        1.470114 1.586296 1.500000,
        1.467028 1.595483 1.500000,
        1.463908 1.585609 1.500000,
        1.462963 1.595941 1.500000,
        1.456708 1.586445 1.500000,
        1.460240 1.596940 1.500000,
        1.452094 1.588185 1.500000,
        1.457841 1.598578 1.500000,
        1.448041 1.591013 1.500000,
        1.456818 1.599607 1.500000,
        1.464915 1.628004 1.500000,
        1.455289 1.625555 1.500000,
        1.457546 1.615281 1.500000,
        1.450346 1.622902 1.500000,
        1.456106 1.613497 1.500000,
        1.446765 1.619670 1.500000,
        1.455050 1.611252 1.500000,
        1.444229 1.615768 1.500000,
        1.454456 1.608496 1.500000,
        1.442737 1.611387 1.500000,
        1.454354 1.606586 1.500000,
        1.442146 1.605603 1.500000,
        1.454659 1.603822 1.500000,
        1.442738 1.600147 1.500000,
        1.455450 1.601636 1.500000,
        1.444194 1.596076 1.500000,
        1.446695 1.592377 1.500000,
        1.480095 1.601083 1.496063,
        1.478586 1.599609 1.496063,
        1.475185 1.597314 1.496063,
        1.471533 1.595987 1.496063,
        1.467028 1.595483 1.496063,
        1.485253 1.615084 1.496063,
        1.485242 1.614286 1.496063,
        1.484467 1.608915 1.496063,
        1.482702 1.604621 1.496063,
        1.485253 1.621667 1.496063,
        1.469189 1.619506 1.496063,
        1.457546 1.615281 1.496063,
        1.459179 1.616525 1.496063,
        1.462075 1.617878 1.496063,
        1.454354 1.606586 1.496063,
        1.454456 1.608496 1.496063,
        1.455050 1.611252 1.496063,
        1.456106 1.613497 1.496063,
        1.457841 1.598578 1.496063,
        1.456818 1.599607 1.496063,
        1.455450 1.601636 1.496063,
        1.454659 1.603822 1.496063,
        1.462963 1.595941 1.496063,
        1.460240 1.596940 1.496063,
      ]
    }
    coordIndex [
      150, 8, 9, -1,
      150, 9, 151, -1,
      151, 9, 4, -1,
      151, 4, 152, -1,
      153, 152, 3, -1,
      3, 152, 4, -1,
      154, 153, 2, -1,
      2, 153, 3, -1,
      12, 155, 7, -1,
      7, 155, 154, -1,
      7, 154, 2, -1,
      156, 155, 10, -1,
      10, 155, 12, -1,
      14, 157, 11, -1,
      11, 157, 156, -1,
      11, 156, 10, -1,
      17, 158, 13, -1,
      13, 158, 157, -1,
      13, 157, 14, -1,
      158, 17, 16, -1,
      158, 16, 159, -1,
      159, 16, 15, -1,
      159, 15, 160, -1,
      15, 27, 160, -1,
      160, 27, 26, -1,
      160, 26, 161, -1,
      161, 26, 21, -1,
      161, 21, 162, -1,
      162, 21, 20, -1,
      162, 20, 163, -1,
      163, 20, 103, -1,
      163, 103, 164, -1,
      164, 103, 19, -1,
      164, 19, 165, -1,
      166, 165, 18, -1,
      18, 165, 19, -1,
      166, 18, 25, -1,
      166, 25, 167, -1,
      167, 25, 24, -1,
      167, 24, 168, -1,
      168, 24, 23, -1,
      168, 23, 169, -1,
      169, 23, 22, -1,
      169, 22, 170, -1,
      22, 33, 170, -1,
      170, 33, 32, -1,
      170, 32, 171, -1,
      171, 32, 31, -1,
      171, 31, 172, -1,
      172, 31, 29, -1,
      172, 29, 173, -1,
      173, 29, 28, -1,
      173, 28, 174, -1,
      5, 175, 30, -1,
      30, 175, 174, -1,
      30, 174, 28, -1,
      176, 175, 6, -1,
      6, 175, 5, -1,
      150, 176, 8, -1,
      8, 176, 6, -1,
      151, 152, 174, -1,
      175, 176, 174, -1,
      174, 176, 150, -1,
      174, 150, 151, -1,
      155, 156, 154, -1,
      154, 156, 157, -1,
      154, 157, 153, -1,
      173, 159, 172, -1,
      172, 159, 160, -1,
      165, 166, 164, -1,
      164, 166, 167, -1,
      164, 167, 163, -1,
      163, 167, 168, -1,
      163, 168, 162, -1,
      162, 168, 169, -1,
      162, 169, 161, -1,
      161, 169, 170, -1,
      161, 170, 160, -1,
      160, 170, 171, -1,
      160, 171, 172, -1,
      152, 153, 174, -1,
      174, 153, 157, -1,
      174, 157, 173, -1,
      173, 157, 158, -1,
      173, 158, 159, -1,
      177, 102, 178, -1,
      178, 102, 1, -1,
      1, 0, 178, -1,
      178, 0, 49, -1,
      178, 49, 179, -1,
      179, 49, 48, -1,
      179, 48, 180, -1,
      180, 48, 40, -1,
      180, 40, 181, -1,
      181, 40, 39, -1,
      181, 39, 182, -1,
      182, 39, 43, -1,
      182, 43, 183, -1,
      183, 43, 42, -1,
      183, 42, 184, -1,
      184, 42, 41, -1,
      184, 41, 185, -1,
      185, 41, 35, -1,
      185, 35, 186, -1,
      186, 35, 34, -1,
      186, 34, 187, -1,
      187, 34, 64, -1,
      187, 64, 188, -1,
      188, 64, 63, -1,
      188, 63, 189, -1,
      189, 63, 61, -1,
      189, 61, 190, -1,
      190, 61, 59, -1,
      190, 59, 191, -1,
      191, 59, 58, -1,
      191, 58, 192, -1,
      192, 58, 57, -1,
      192, 57, 193, -1,
      193, 57, 56, -1,
      193, 56, 194, -1,
      194, 56, 55, -1,
      194, 55, 195, -1,
      195, 55, 52, -1,
      195, 52, 196, -1,
      196, 52, 67, -1,
      196, 67, 197, -1,
      197, 67, 66, -1,
      197, 66, 198, -1,
      198, 66, 65, -1,
      198, 65, 199, -1,
      199, 65, 54, -1,
      199, 54, 200, -1,
      200, 54, 53, -1,
      200, 53, 201, -1,
      201, 53, 51, -1,
      201, 51, 202, -1,
      202, 51, 50, -1,
      202, 50, 203, -1,
      203, 50, 60, -1,
      203, 60, 204, -1,
      204, 60, 62, -1,
      204, 62, 205, -1,
      205, 62, 36, -1,
      205, 36, 206, -1,
      207, 206, 46, -1,
      46, 206, 36, -1,
      207, 46, 47, -1,
      207, 47, 208, -1,
      208, 47, 45, -1,
      208, 45, 209, -1,
      209, 45, 44, -1,
      209, 44, 210, -1,
      210, 44, 38, -1,
      210, 38, 211, -1,
      211, 38, 37, -1,
      211, 37, 212, -1,
      37, 75, 212, -1,
      212, 75, 213, -1,
      75, 74, 213, -1,
      213, 74, 73, -1,
      213, 73, 214, -1,
      214, 73, 69, -1,
      214, 69, 215, -1,
      215, 69, 68, -1,
      215, 68, 216, -1,
      216, 68, 71, -1,
      216, 71, 217, -1,
      217, 71, 70, -1,
      217, 70, 218, -1,
      218, 70, 80, -1,
      218, 80, 219, -1,
      82, 220, 221, -1,
      219, 80, 79, -1,
      219, 79, 222, -1,
      222, 79, 77, -1,
      222, 77, 221, -1,
      221, 77, 83, -1,
      221, 83, 82, -1,
      220, 82, 86, -1,
      220, 86, 223, -1,
      223, 86, 97, -1,
      223, 97, 224, -1,
      224, 97, 96, -1,
      224, 96, 225, -1,
      225, 96, 95, -1,
      225, 95, 226, -1,
      226, 95, 89, -1,
      226, 89, 227, -1,
      227, 89, 88, -1,
      227, 88, 228, -1,
      228, 88, 94, -1,
      228, 94, 229, -1,
      229, 94, 93, -1,
      229, 93, 230, -1,
      230, 93, 92, -1,
      230, 92, 231, -1,
      231, 92, 91, -1,
      231, 91, 232, -1,
      232, 91, 90, -1,
      232, 90, 233, -1,
      233, 90, 87, -1,
      233, 87, 234, -1,
      234, 87, 85, -1,
      234, 85, 235, -1,
      235, 85, 84, -1,
      235, 84, 236, -1,
      72, 237, 238, -1,
      236, 84, 81, -1,
      236, 81, 239, -1,
      239, 81, 76, -1,
      239, 76, 238, -1,
      238, 76, 78, -1,
      238, 78, 72, -1,
      240, 237, 101, -1,
      101, 237, 72, -1,
      240, 101, 241, -1,
      241, 101, 100, -1,
      102, 177, 98, -1,
      98, 177, 241, -1,
      98, 241, 99, -1,
      99, 241, 100, -1,
      199, 200, 211, -1,
      211, 200, 210, -1,
      223, 190, 220, -1,
      220, 190, 191, -1,
      177, 236, 241, -1,
      241, 236, 239, -1,
      241, 239, 240, -1,
      240, 239, 238, -1,
      240, 238, 237, -1,
      200, 201, 210, -1,
      210, 201, 202, -1,
      210, 202, 209, -1,
      209, 202, 203, -1,
      209, 203, 208, -1,
      208, 203, 204, -1,
      208, 204, 207, -1,
      207, 204, 205, -1,
      207, 205, 206, -1,
      179, 180, 231, -1,
      231, 180, 181, -1,
      231, 181, 230, -1,
      230, 181, 182, -1,
      230, 182, 229, -1,
      229, 182, 183, -1,
      229, 183, 228, -1,
      228, 183, 184, -1,
      228, 184, 227, -1,
      227, 184, 185, -1,
      227, 185, 226, -1,
      226, 185, 186, -1,
      226, 186, 225, -1,
      225, 186, 187, -1,
      225, 187, 224, -1,
      224, 187, 188, -1,
      224, 188, 223, -1,
      223, 188, 189, -1,
      223, 189, 190, -1,
      231, 232, 179, -1,
      179, 232, 233, -1,
      179, 233, 178, -1,
      178, 233, 234, -1,
      178, 234, 177, -1,
      177, 234, 235, -1,
      177, 235, 236, -1,
      211, 212, 199, -1,
      199, 212, 213, -1,
      199, 213, 198, -1,
      198, 213, 214, -1,
      198, 214, 197, -1,
      197, 214, 215, -1,
      197, 215, 196, -1,
      196, 215, 216, -1,
      196, 216, 195, -1,
      195, 216, 217, -1,
      195, 217, 194, -1,
      194, 217, 218, -1,
      194, 218, 193, -1,
      193, 218, 219, -1,
      193, 219, 192, -1,
      192, 219, 222, -1,
      192, 222, 191, -1,
      191, 222, 221, -1,
      191, 221, 220, -1,
      242, 243, 244, -1,
      244, 243, 245, -1,
      246, 247, 248, -1,
      249, 250, 245, -1,
      245, 250, 251, -1,
      248, 249, 246, -1,
      246, 249, 245, -1,
      246, 245, 252, -1,
      252, 245, 253, -1,
      252, 253, 254, -1,
      254, 253, 255, -1,
      254, 255, 256, -1,
      256, 255, 257, -1,
      256, 257, 258, -1,
      258, 257, 259, -1,
      258, 259, 260, -1,
      260, 259, 261, -1,
      260, 261, 262, -1,
      262, 261, 263, -1,
      262, 263, 264, -1,
      264, 263, 265, -1,
      264, 265, 266, -1,
      266, 265, 267, -1,
      266, 267, 268, -1,
      268, 267, 269, -1,
      268, 269, 270, -1,
      270, 269, 271, -1,
      251, 272, 245, -1,
      245, 272, 273, -1,
      245, 273, 244, -1,
      244, 273, 274, -1,
      244, 274, 275, -1,
      275, 274, 276, -1,
      275, 276, 277, -1,
      277, 276, 278, -1,
      277, 278, 279, -1,
      279, 278, 280, -1,
      279, 280, 281, -1,
      281, 280, 282, -1,
      281, 282, 283, -1,
      283, 282, 284, -1,
      283, 284, 285, -1,
      285, 284, 286, -1,
      285, 286, 287, -1,
      287, 286, 288, -1,
      287, 288, 289, -1,
      289, 288, 290, -1,
      289, 290, 291, -1,
      291, 290, 292, -1,
      246, 293, 247, -1,
      247, 293, 294, -1,
      247, 294, 295, -1,
      295, 294, 296, -1,
      295, 296, 297, -1,
      297, 296, 298, -1,
      297, 298, 299, -1,
      299, 298, 300, -1,
      299, 300, 301, -1,
      301, 300, 302, -1,
      301, 302, 303, -1,
      303, 302, 304, -1,
      303, 304, 305, -1,
      305, 304, 306, -1,
      305, 306, 307, -1,
      307, 306, 308, -1,
      307, 308, 292, -1,
      292, 308, 309, -1,
      292, 309, 291, -1,
      264, 117, 116, -1,
      264, 116, 262, -1,
      262, 116, 140, -1,
      262, 140, 260, -1,
      260, 140, 139, -1,
      260, 139, 258, -1,
      258, 139, 138, -1,
      258, 138, 256, -1,
      256, 138, 137, -1,
      256, 137, 254, -1,
      254, 137, 136, -1,
      254, 136, 252, -1,
      252, 136, 135, -1,
      252, 135, 246, -1,
      293, 246, 115, -1,
      115, 246, 135, -1,
      293, 115, 113, -1,
      293, 113, 294, -1,
      294, 113, 112, -1,
      294, 112, 296, -1,
      296, 112, 104, -1,
      296, 104, 298, -1,
      298, 104, 106, -1,
      298, 106, 300, -1,
      300, 106, 107, -1,
      300, 107, 302, -1,
      302, 107, 130, -1,
      302, 130, 304, -1,
      304, 130, 129, -1,
      304, 129, 306, -1,
      306, 129, 122, -1,
      306, 122, 308, -1,
      308, 122, 121, -1,
      308, 121, 309, -1,
      309, 121, 120, -1,
      309, 120, 291, -1,
      146, 285, 147, -1,
      147, 285, 287, -1,
      147, 287, 148, -1,
      148, 287, 289, -1,
      148, 289, 119, -1,
      119, 289, 291, -1,
      119, 291, 120, -1,
      285, 146, 145, -1,
      285, 145, 283, -1,
      283, 145, 144, -1,
      283, 144, 281, -1,
      144, 149, 281, -1,
      281, 149, 128, -1,
      281, 128, 279, -1,
      279, 128, 127, -1,
      279, 127, 277, -1,
      277, 127, 126, -1,
      277, 126, 275, -1,
      244, 275, 125, -1,
      125, 275, 126, -1,
      242, 244, 109, -1,
      109, 244, 125, -1,
      243, 242, 108, -1,
      108, 242, 109, -1,
      245, 243, 111, -1,
      111, 243, 108, -1,
      245, 111, 110, -1,
      245, 110, 253, -1,
      253, 110, 134, -1,
      253, 134, 255, -1,
      255, 134, 133, -1,
      255, 133, 257, -1,
      257, 133, 124, -1,
      257, 124, 259, -1,
      259, 124, 123, -1,
      259, 123, 261, -1,
      261, 123, 132, -1,
      261, 132, 263, -1,
      263, 132, 143, -1,
      263, 143, 265, -1,
      265, 143, 142, -1,
      265, 142, 267, -1,
      267, 142, 141, -1,
      267, 141, 269, -1,
      269, 141, 131, -1,
      269, 131, 271, -1,
      270, 271, 105, -1,
      105, 271, 131, -1,
      270, 105, 114, -1,
      270, 114, 268, -1,
      268, 114, 118, -1,
      268, 118, 266, -1,
      266, 118, 117, -1,
      266, 117, 264, -1,
      276, 310, 311, -1,
      276, 311, 278, -1,
      278, 311, 312, -1,
      278, 312, 280, -1,
      280, 312, 313, -1,
      280, 313, 282, -1,
      282, 313, 314, -1,
      282, 314, 284, -1,
      251, 315, 316, -1,
      251, 316, 272, -1,
      272, 316, 317, -1,
      272, 317, 273, -1,
      273, 317, 318, -1,
      273, 318, 274, -1,
      274, 318, 310, -1,
      274, 310, 276, -1,
      251, 250, 315, -1,
      315, 250, 319, -1,
      250, 249, 319, -1,
      319, 249, 320, -1,
      295, 321, 322, -1,
      295, 322, 247, -1,
      247, 322, 323, -1,
      247, 323, 248, -1,
      248, 323, 320, -1,
      248, 320, 249, -1,
      303, 324, 325, -1,
      303, 325, 301, -1,
      301, 325, 326, -1,
      301, 326, 299, -1,
      299, 326, 327, -1,
      299, 327, 297, -1,
      297, 327, 321, -1,
      297, 321, 295, -1,
      290, 328, 329, -1,
      290, 329, 292, -1,
      292, 329, 330, -1,
      292, 330, 307, -1,
      307, 330, 331, -1,
      307, 331, 305, -1,
      305, 331, 324, -1,
      305, 324, 303, -1,
      284, 314, 332, -1,
      284, 332, 286, -1,
      286, 332, 333, -1,
      286, 333, 288, -1,
      288, 333, 328, -1,
      288, 328, 290, -1,
    ]
  }
}

Shape {
  appearance Appearance {
    material Material {
      diffuseColor 0.3490 0.3490 0.3490
      specularColor 0.0235 0.0235 0.0235
      ambientIntensity 0.2
      transparency 0.0000
      shininess 0.5
    }
  }
  geometry IndexedFaceSet {
    ccw TRUE
    solid FALSE
    coord DEF co Coordinate {
      point [
        1.480095 1.601083 1.496063,
        1.478586 1.599609 1.496063,
        1.475185 1.597314 1.496063,
        1.471533 1.595987 1.496063,
        1.467028 1.595483 1.496063,
        1.485253 1.615084 1.496063,
        1.485242 1.614286 1.496063,
        1.484467 1.608915 1.496063,
        1.482702 1.604621 1.496063,
        1.485253 1.621667 1.496063,
        1.469189 1.619506 1.496063,
        1.457546 1.615281 1.496063,
        1.459179 1.616525 1.496063,
        1.462075 1.617878 1.496063,
        1.454354 1.606586 1.496063,
        1.454456 1.608496 1.496063,
        1.455050 1.611252 1.496063,
        1.456106 1.613497 1.496063,
        1.457841 1.598578 1.496063,
        1.456818 1.599607 1.496063,
        1.455450 1.601636 1.496063,
        1.454659 1.603822 1.496063,
        1.462963 1.595941 1.496063,
        1.460240 1.596940 1.496063,
      ]
    }
    coordIndex [
      9, 10, 5, -1,
      5, 10, 13, -1,
      13, 12, 5, -1,
      5, 12, 11, -1,
      5, 11, 6, -1,
      6, 11, 7, -1,
      7, 11, 17, -1,
      7, 17, 8, -1,
      19, 18, 1, -1,
      19, 1, 20, -1,
      2, 1, 3, -1,
      3, 1, 4, -1,
      17, 16, 8, -1,
      8, 16, 15, -1,
      8, 15, 0, -1,
      0, 15, 14, -1,
      0, 14, 1, -1,
      1, 14, 21, -1,
      1, 21, 20, -1,
      18, 23, 1, -1,
      1, 23, 22, -1,
      1, 22, 4, -1,
    ]
  }
}

Shape {
  appearance Appearance {
    material Material {
      diffuseColor 1.0000 1.0000 1.0000
      specularColor 0.5020 0.5020 0.5020
      ambientIntensity 0.2
      transparency 0.0000
      shininess 0.5
    }
  }
  geometry IndexedFaceSet {
    ccw TRUE
    solid FALSE
    coord DEF co Coordinate {
      point [
        1.040909 1.548356 1.496063,
        1.029195 1.543851 1.496063,
        1.012629 1.541807 1.496063,
        1.010036 1.541854 1.496063,
        0.984377 1.548356 1.496063,
        0.993904 1.544360 1.496063,
        1.037520 1.845233 1.496063,
        1.069023 1.857378 1.496063,
        1.102809 1.861538 1.496063,
        1.131126 1.858546 1.496063,
        1.256268 1.760843 1.496063,
        1.274804 1.745176 1.496063,
        1.165397 1.846426 1.496063,
        1.180043 1.836567 1.496063,
        1.195723 1.826012 1.496063,
        1.218403 1.799747 1.496063,
        1.232615 1.772041 1.496063,
        1.235934 1.770925 1.496063,
        1.023528 1.836567 1.496063,
        1.020827 1.834894 1.496063,
        0.948127 1.802872 1.496063,
        0.975054 1.806200 1.496063,
        1.004772 1.821144 1.496063,
        0.982910 1.805773 1.496063,
        0.990767 1.804833 1.496063,
        0.896487 1.773407 1.496063,
        0.901091 1.777765 1.496063,
        0.922820 1.793043 1.496063,
        0.866109 1.710683 1.496063,
        0.869151 1.727733 1.496063,
        0.874079 1.738856 1.496063,
        0.880049 1.752331 1.496063,
        0.939068 1.590855 1.496063,
        0.914379 1.602885 1.496063,
        0.893071 1.621056 1.496063,
        0.877484 1.643304 1.496063,
        0.867690 1.668737 1.496063,
        0.864377 1.695524 1.496063,
        0.864569 1.702056 1.496063,
        0.947726 1.588263 1.496063,
        0.948589 1.586420 1.496063,
        0.954598 1.573572 1.496063,
        0.964767 1.561039 1.496063,
        0.978137 1.550974 1.496063,
        1.076632 1.586420 1.496063,
        1.076547 1.586062 1.496063,
        1.068445 1.570850 1.496063,
        1.058034 1.559187 1.496063,
        1.044430 1.549711 1.496063,
        1.297115 1.704882 1.496063,
        1.300250 1.682543 1.496063,
        1.163879 1.626723 1.496063,
        1.168567 1.628575 1.496063,
        1.176594 1.667513 1.496063,
        1.274972 1.617641 1.496063,
        1.256396 1.601913 1.496063,
        1.063868 1.655899 1.496063,
        1.155415 1.703722 1.496063,
        1.051906 1.666786 1.496063,
        1.037404 1.674550 1.496063,
        1.159678 1.623746 1.496063,
        1.288546 1.636555 1.496063,
        1.257548 1.687935 1.496063,
        1.254317 1.701051 1.496063,
        1.249106 1.710683 1.496063,
        0.909120 1.710683 1.496063,
        1.297122 1.658186 1.496063,
        1.173861 1.629254 1.496063,
        1.174526 1.629206 1.496063,
        1.176575 1.628752 1.496063,
        0.913170 1.669560 1.496063,
        0.921255 1.655814 1.496063,
        0.955941 1.648695 1.496063,
        0.933499 1.643224 1.496063,
        0.948409 1.634037 1.496063,
        0.981194 1.671328 1.496063,
        0.967230 1.661616 1.496063,
        0.907418 1.696890 1.496063,
        0.908249 1.686270 1.496063,
        0.996282 1.677108 1.496063,
        1.012629 1.679127 1.496063,
        1.020910 1.678638 1.496063,
        1.152682 1.608076 1.496063,
        1.152856 1.610772 1.496063,
        1.080947 1.616957 1.496063,
        1.154228 1.615972 1.496063,
        1.156855 1.620633 1.496063,
        1.244010 1.645708 1.496063,
        1.251532 1.656361 1.496063,
        1.256246 1.668534 1.496063,
        1.257893 1.681860 1.496063,
        1.168646 1.587517 1.496063,
        1.164127 1.589296 1.496063,
        1.159696 1.592446 1.496063,
        1.158108 1.594063 1.496063,
        1.155130 1.598354 1.496063,
        1.153330 1.602987 1.496063,
        1.080568 1.602922 1.496063,
        1.080947 1.610125 1.496063,
        1.235553 1.591709 1.496063,
        1.212802 1.586897 1.496063,
        1.172494 1.586897 1.496063,
        1.177960 1.628571 1.496063,
        1.208703 1.628571 1.496063,
        1.221032 1.630942 1.496063,
        1.233079 1.636542 1.496063,
        1.243169 1.644804 1.496063,
        1.199139 1.735148 1.496063,
        0.915322 1.728691 1.496063,
        0.909463 1.713457 1.496063,
        1.204604 1.735148 1.496063,
        1.247946 1.712825 1.496063,
        1.240139 1.721533 1.496063,
        1.229547 1.728940 1.496063,
        1.217625 1.733539 1.496063,
        1.184359 1.776274 1.496063,
        1.168930 1.794667 1.496063,
        1.011946 1.754961 1.496063,
        1.167302 1.796148 1.496063,
        1.148111 1.809476 1.496063,
        1.022394 1.776589 1.496063,
        0.922403 1.738856 1.496063,
        1.007182 1.757571 1.496063,
        1.198322 1.738856 1.496063,
        1.194924 1.754273 1.496063,
        0.991867 1.763197 1.496063,
        0.975737 1.765209 1.496063,
        0.968533 1.764829 1.496063,
        1.037721 1.794892 1.496063,
        1.126689 1.817691 1.496063,
        1.056004 1.808251 1.496063,
        1.103493 1.820546 1.496063,
        1.078319 1.817301 1.496063,
        0.951674 1.760808 1.496063,
        0.936461 1.752706 1.496063,
        0.924798 1.742295 1.496063,
        1.279343 1.738856 1.496063,
        1.288756 1.725746 1.496063,
        1.294791 1.710683 1.496063,
        0.954598 1.573572 1.500000,
        0.964767 1.561039 1.500000,
        0.948409 1.634037 1.500000,
        0.936461 1.752706 1.500000,
        0.951674 1.760808 1.500000,
        0.948127 1.802872 1.500000,
        0.990767 1.804833 1.500000,
        1.011946 1.754961 1.500000,
        1.022394 1.776589 1.500000,
        0.933499 1.643224 1.500000,
        0.939068 1.590855 1.500000,
        0.947726 1.588263 1.500000,
        0.975054 1.806200 1.500000,
        1.017633 1.635468 1.500000,
        1.023978 1.633197 1.500000,
        1.080947 1.616957 1.500000,
        1.029474 1.629487 1.500000,
        1.033875 1.624575 1.500000,
        1.176594 1.667513 1.500000,
        1.155415 1.703722 1.500000,
        1.063868 1.655899 1.500000,
        1.011946 1.636086 1.500000,
        1.005264 1.635229 1.500000,
        0.996282 1.677108 1.500000,
        0.999298 1.632874 1.500000,
        0.981194 1.671328 1.500000,
        0.993957 1.629076 1.500000,
        0.967230 1.661616 1.500000,
        0.991256 1.626220 1.500000,
        0.955941 1.648695 1.500000,
        0.987725 1.620570 1.500000,
        0.985711 1.614140 1.500000,
        0.985372 1.607481 1.500000,
        1.037404 1.674550 1.500000,
        1.020910 1.678638 1.500000,
        1.012629 1.679127 1.500000,
        1.036843 1.618966 1.500000,
        1.038402 1.612631 1.500000,
        1.080947 1.610125 1.500000,
        1.038413 1.606380 1.500000,
        1.080568 1.602922 1.500000,
        1.199139 1.735148 1.500000,
        1.204604 1.735148 1.500000,
        1.232615 1.772041 1.500000,
        1.217625 1.733539 1.500000,
        1.235934 1.770925 1.500000,
        1.229547 1.728940 1.500000,
        1.256268 1.760843 1.500000,
        1.274804 1.745176 1.500000,
        1.004772 1.821144 1.500000,
        1.037721 1.794892 1.500000,
        1.020827 1.834894 1.500000,
        1.056004 1.808251 1.500000,
        1.037520 1.845233 1.500000,
        0.968533 1.764829 1.500000,
        0.975737 1.765209 1.500000,
        0.982910 1.805773 1.500000,
        0.991867 1.763197 1.500000,
        1.007182 1.757571 1.500000,
        1.051906 1.666786 1.500000,
        1.274972 1.617641 1.500000,
        1.243169 1.644804 1.500000,
        1.256396 1.601913 1.500000,
        1.233079 1.636542 1.500000,
        1.235553 1.591709 1.500000,
        1.221032 1.630942 1.500000,
        1.212802 1.586897 1.500000,
        1.208703 1.628571 1.500000,
        1.172494 1.586897 1.500000,
        1.177960 1.628571 1.500000,
        1.168646 1.587517 1.500000,
        0.986637 1.601074 1.500000,
        0.989341 1.595331 1.500000,
        1.240139 1.721533 1.500000,
        1.247946 1.712825 1.500000,
        1.288756 1.725746 1.500000,
        1.254317 1.701051 1.500000,
        1.297115 1.704882 1.500000,
        1.257548 1.687935 1.500000,
        1.300250 1.682543 1.500000,
        1.257893 1.681860 1.500000,
        1.297122 1.658186 1.500000,
        1.256246 1.668534 1.500000,
        1.288546 1.636555 1.500000,
        1.251532 1.656361 1.500000,
        1.244010 1.645708 1.500000,
        1.195723 1.826012 1.500000,
        1.168930 1.794667 1.500000,
        1.218403 1.799747 1.500000,
        1.184359 1.776274 1.500000,
        1.194924 1.754273 1.500000,
        0.909463 1.713457 1.500000,
        0.864569 1.702056 1.500000,
        0.907418 1.696890 1.500000,
        0.864377 1.695524 1.500000,
        0.908249 1.686270 1.500000,
        0.867690 1.668737 1.500000,
        0.913170 1.669560 1.500000,
        0.877484 1.643304 1.500000,
        0.921255 1.655814 1.500000,
        0.893071 1.621056 1.500000,
        0.914379 1.602885 1.500000,
        1.076547 1.586062 1.500000,
        1.036781 1.599823 1.500000,
        1.068445 1.570850 1.500000,
        1.033604 1.593955 1.500000,
        1.058034 1.559187 1.500000,
        1.029896 1.589766 1.500000,
        1.044430 1.549711 1.500000,
        1.024706 1.586044 1.500000,
        1.029195 1.543851 1.500000,
        1.018789 1.583680 1.500000,
        1.012629 1.541807 1.500000,
        1.011946 1.582798 1.500000,
        1.010036 1.541854 1.500000,
        1.010781 1.582823 1.500000,
        0.993904 1.544360 1.500000,
        1.004648 1.583823 1.500000,
        0.978137 1.550974 1.500000,
        0.998472 1.586475 1.500000,
        0.993243 1.590483 1.500000,
        1.069023 1.857378 1.500000,
        1.078319 1.817301 1.500000,
        1.102809 1.861538 1.500000,
        1.103493 1.820546 1.500000,
        1.131126 1.858546 1.500000,
        1.126689 1.817691 1.500000,
        1.165397 1.846426 1.500000,
        1.148111 1.809476 1.500000,
        1.167302 1.796148 1.500000,
        0.922820 1.793043 1.500000,
        0.901091 1.777765 1.500000,
        0.924798 1.742295 1.500000,
        0.896487 1.773407 1.500000,
        0.915322 1.728691 1.500000,
        0.880049 1.752331 1.500000,
        0.869151 1.727733 1.500000,
        1.174526 1.629206 1.500000,
        1.158108 1.594063 1.500000,
        1.159696 1.592446 1.500000,
        1.176575 1.628752 1.500000,
        1.164127 1.589296 1.500000,
        1.152682 1.608076 1.500000,
        1.153330 1.602987 1.500000,
        1.155130 1.598354 1.500000,
        1.168567 1.628575 1.500000,
        1.163879 1.626723 1.500000,
        1.152856 1.610772 1.500000,
        1.159678 1.623746 1.500000,
        1.156855 1.620633 1.500000,
        1.154228 1.615972 1.500000,
        1.173861 1.629254 1.500000,
        1.011946 1.636086 1.496063,
        1.017633 1.635468 1.496063,
        1.023978 1.633197 1.496063,
        1.029474 1.629487 1.496063,
        1.033875 1.624575 1.496063,
        1.036843 1.618966 1.496063,
        1.038402 1.612631 1.496063,
        1.038413 1.606380 1.496063,
        1.036781 1.599823 1.496063,
        1.033604 1.593955 1.496063,
        1.029896 1.589766 1.496063,
        1.024706 1.586044 1.496063,
        1.018789 1.583680 1.496063,
        1.011946 1.582798 1.496063,
        1.010781 1.582823 1.496063,
        1.004648 1.583823 1.496063,
        0.998472 1.586475 1.496063,
        0.993243 1.590483 1.496063,
        0.989341 1.595331 1.496063,
        0.986637 1.601074 1.496063,
        0.985372 1.607481 1.496063,
        0.985711 1.614140 1.496063,
        0.987725 1.620570 1.496063,
        0.991256 1.626220 1.496063,
        0.993957 1.629076 1.496063,
        0.999298 1.632874 1.496063,
        1.005264 1.635229 1.496063,
      ]
    }
    coordIndex [
      139, 140, 141, -1,
      142, 143, 144, -1,
      145, 146, 147, -1,
      148, 149, 141, -1,
      141, 149, 150, -1,
      141, 150, 139, -1,
      144, 143, 151, -1,
      152, 153, 154, -1,
      154, 153, 155, -1,
      154, 155, 156, -1,
      157, 158, 154, -1,
      154, 158, 159, -1,
      154, 159, 152, -1,
      152, 159, 160, -1,
      161, 162, 163, -1,
      163, 162, 164, -1,
      163, 164, 165, -1,
      165, 164, 166, -1,
      165, 166, 167, -1,
      167, 166, 168, -1,
      167, 168, 169, -1,
      169, 168, 141, -1,
      169, 141, 170, -1,
      170, 141, 171, -1,
      172, 173, 161, -1,
      161, 173, 174, -1,
      161, 174, 162, -1,
      156, 175, 154, -1,
      154, 175, 176, -1,
      154, 176, 177, -1,
      177, 176, 178, -1,
      177, 178, 179, -1,
      180, 181, 182, -1,
      182, 181, 183, -1,
      182, 183, 184, -1,
      184, 183, 185, -1,
      184, 185, 186, -1,
      186, 185, 187, -1,
      145, 147, 188, -1,
      188, 147, 189, -1,
      188, 189, 190, -1,
      190, 189, 191, -1,
      190, 191, 192, -1,
      143, 193, 151, -1,
      151, 193, 194, -1,
      151, 194, 195, -1,
      195, 194, 196, -1,
      195, 196, 145, -1,
      145, 196, 197, -1,
      145, 197, 146, -1,
      160, 159, 161, -1,
      161, 159, 198, -1,
      161, 198, 172, -1,
      199, 200, 201, -1,
      201, 200, 202, -1,
      201, 202, 203, -1,
      203, 202, 204, -1,
      203, 204, 205, -1,
      205, 204, 206, -1,
      205, 206, 207, -1,
      207, 206, 208, -1,
      207, 208, 209, -1,
      171, 141, 210, -1,
      210, 141, 140, -1,
      210, 140, 211, -1,
      185, 212, 187, -1,
      187, 212, 213, -1,
      187, 213, 214, -1,
      214, 213, 215, -1,
      214, 215, 216, -1,
      216, 215, 217, -1,
      216, 217, 218, -1,
      218, 217, 219, -1,
      218, 219, 220, -1,
      220, 219, 221, -1,
      220, 221, 222, -1,
      222, 221, 223, -1,
      222, 223, 199, -1,
      199, 223, 224, -1,
      199, 224, 200, -1,
      225, 226, 227, -1,
      227, 226, 228, -1,
      227, 228, 182, -1,
      182, 228, 229, -1,
      182, 229, 180, -1,
      230, 231, 232, -1,
      232, 231, 233, -1,
      232, 233, 234, -1,
      234, 233, 235, -1,
      234, 235, 236, -1,
      236, 235, 237, -1,
      236, 237, 238, -1,
      238, 237, 239, -1,
      238, 239, 148, -1,
      148, 239, 240, -1,
      148, 240, 149, -1,
      179, 178, 241, -1,
      241, 178, 242, -1,
      241, 242, 243, -1,
      243, 242, 244, -1,
      243, 244, 245, -1,
      245, 244, 246, -1,
      245, 246, 247, -1,
      247, 246, 248, -1,
      247, 248, 249, -1,
      249, 248, 250, -1,
      249, 250, 251, -1,
      251, 250, 252, -1,
      251, 252, 253, -1,
      253, 252, 254, -1,
      253, 254, 255, -1,
      255, 254, 256, -1,
      255, 256, 257, -1,
      257, 256, 258, -1,
      257, 258, 140, -1,
      140, 258, 259, -1,
      140, 259, 211, -1,
      192, 191, 260, -1,
      260, 191, 261, -1,
      260, 261, 262, -1,
      262, 261, 263, -1,
      262, 263, 264, -1,
      264, 263, 265, -1,
      264, 265, 266, -1,
      266, 265, 267, -1,
      266, 267, 225, -1,
      225, 267, 268, -1,
      225, 268, 226, -1,
      144, 269, 142, -1,
      142, 269, 270, -1,
      142, 270, 271, -1,
      271, 270, 272, -1,
      271, 272, 273, -1,
      273, 272, 274, -1,
      273, 274, 230, -1,
      230, 274, 275, -1,
      230, 275, 231, -1,
      276, 277, 278, -1,
      208, 279, 209, -1,
      209, 279, 276, -1,
      209, 276, 280, -1,
      280, 276, 278, -1,
      281, 282, 276, -1,
      276, 282, 283, -1,
      276, 283, 277, -1,
      284, 285, 286, -1,
      285, 287, 286, -1,
      286, 287, 288, -1,
      286, 288, 289, -1,
      281, 276, 286, -1,
      286, 276, 290, -1,
      286, 290, 284, -1,
      136, 187, 137, -1,
      137, 187, 214, -1,
      137, 214, 138, -1,
      138, 214, 216, -1,
      138, 216, 49, -1,
      49, 216, 218, -1,
      49, 218, 50, -1,
      136, 11, 187, -1,
      187, 11, 10, -1,
      187, 10, 186, -1,
      186, 10, 17, -1,
      186, 17, 184, -1,
      184, 17, 16, -1,
      184, 16, 182, -1,
      182, 16, 15, -1,
      182, 15, 227, -1,
      227, 15, 14, -1,
      227, 14, 225, -1,
      266, 225, 13, -1,
      13, 225, 14, -1,
      13, 12, 266, -1,
      266, 12, 9, -1,
      266, 9, 264, -1,
      264, 9, 8, -1,
      264, 8, 262, -1,
      262, 8, 7, -1,
      262, 7, 260, -1,
      260, 7, 6, -1,
      260, 6, 192, -1,
      192, 6, 190, -1,
      190, 6, 18, -1,
      190, 18, 19, -1,
      190, 19, 22, -1,
      190, 22, 188, -1,
      188, 22, 24, -1,
      188, 24, 145, -1,
      145, 24, 23, -1,
      145, 23, 195, -1,
      195, 23, 21, -1,
      195, 21, 151, -1,
      151, 21, 20, -1,
      151, 20, 144, -1,
      144, 20, 27, -1,
      144, 27, 269, -1,
      269, 27, 26, -1,
      269, 26, 270, -1,
      270, 26, 25, -1,
      270, 25, 272, -1,
      28, 231, 29, -1,
      29, 231, 275, -1,
      29, 275, 30, -1,
      30, 275, 274, -1,
      30, 274, 31, -1,
      31, 274, 272, -1,
      31, 272, 25, -1,
      28, 38, 231, -1,
      231, 38, 37, -1,
      231, 37, 233, -1,
      233, 37, 36, -1,
      233, 36, 235, -1,
      235, 36, 35, -1,
      235, 35, 237, -1,
      237, 35, 34, -1,
      237, 34, 239, -1,
      239, 34, 33, -1,
      239, 33, 240, -1,
      240, 33, 32, -1,
      240, 32, 149, -1,
      149, 32, 39, -1,
      149, 39, 150, -1,
      150, 39, 40, -1,
      150, 40, 139, -1,
      40, 41, 139, -1,
      139, 41, 42, -1,
      139, 42, 140, -1,
      140, 42, 43, -1,
      140, 43, 257, -1,
      257, 43, 4, -1,
      257, 4, 255, -1,
      4, 5, 255, -1,
      255, 5, 3, -1,
      255, 3, 253, -1,
      253, 3, 2, -1,
      253, 2, 251, -1,
      98, 177, 179, -1,
      251, 2, 1, -1,
      0, 247, 1, -1,
      1, 247, 249, -1,
      1, 249, 251, -1,
      0, 48, 247, -1,
      247, 48, 47, -1,
      247, 47, 245, -1,
      245, 47, 46, -1,
      245, 46, 243, -1,
      243, 46, 45, -1,
      243, 45, 241, -1,
      241, 45, 44, -1,
      241, 44, 179, -1,
      179, 44, 97, -1,
      179, 97, 98, -1,
      154, 177, 84, -1,
      84, 177, 98, -1,
      157, 154, 53, -1,
      53, 154, 84, -1,
      158, 157, 57, -1,
      57, 157, 53, -1,
      159, 158, 56, -1,
      56, 158, 57, -1,
      159, 56, 58, -1,
      159, 58, 198, -1,
      198, 58, 59, -1,
      198, 59, 172, -1,
      172, 59, 81, -1,
      172, 81, 173, -1,
      173, 81, 80, -1,
      173, 80, 174, -1,
      174, 80, 79, -1,
      174, 79, 162, -1,
      162, 79, 75, -1,
      162, 75, 164, -1,
      164, 75, 76, -1,
      164, 76, 166, -1,
      166, 76, 72, -1,
      166, 72, 168, -1,
      168, 72, 74, -1,
      168, 74, 141, -1,
      141, 74, 73, -1,
      141, 73, 148, -1,
      148, 73, 71, -1,
      148, 71, 238, -1,
      238, 71, 70, -1,
      238, 70, 236, -1,
      236, 70, 78, -1,
      236, 78, 234, -1,
      234, 78, 77, -1,
      234, 77, 232, -1,
      230, 232, 77, -1,
      77, 65, 230, -1,
      230, 65, 109, -1,
      230, 109, 108, -1,
      121, 271, 108, -1,
      108, 271, 273, -1,
      108, 273, 230, -1,
      121, 135, 271, -1,
      271, 135, 134, -1,
      271, 134, 142, -1,
      142, 134, 133, -1,
      142, 133, 143, -1,
      143, 133, 127, -1,
      143, 127, 193, -1,
      193, 127, 126, -1,
      193, 126, 194, -1,
      194, 126, 125, -1,
      194, 125, 196, -1,
      196, 125, 122, -1,
      196, 122, 197, -1,
      197, 122, 117, -1,
      197, 117, 146, -1,
      146, 117, 120, -1,
      146, 120, 147, -1,
      147, 120, 128, -1,
      147, 128, 189, -1,
      189, 128, 130, -1,
      189, 130, 191, -1,
      191, 130, 132, -1,
      191, 132, 261, -1,
      261, 132, 131, -1,
      261, 131, 263, -1,
      263, 131, 129, -1,
      263, 129, 265, -1,
      265, 129, 119, -1,
      265, 119, 267, -1,
      267, 119, 118, -1,
      267, 118, 268, -1,
      268, 118, 116, -1,
      268, 116, 226, -1,
      226, 116, 115, -1,
      226, 115, 228, -1,
      228, 115, 124, -1,
      228, 124, 229, -1,
      229, 124, 180, -1,
      180, 124, 123, -1,
      180, 123, 107, -1,
      181, 180, 110, -1,
      110, 180, 107, -1,
      181, 110, 114, -1,
      181, 114, 183, -1,
      183, 114, 113, -1,
      183, 113, 185, -1,
      185, 113, 112, -1,
      185, 112, 212, -1,
      212, 112, 111, -1,
      212, 111, 213, -1,
      213, 111, 64, -1,
      213, 64, 215, -1,
      64, 63, 215, -1,
      215, 63, 62, -1,
      215, 62, 217, -1,
      217, 62, 90, -1,
      217, 90, 219, -1,
      219, 90, 89, -1,
      219, 89, 221, -1,
      221, 89, 88, -1,
      221, 88, 223, -1,
      223, 88, 87, -1,
      223, 87, 224, -1,
      224, 87, 106, -1,
      224, 106, 200, -1,
      200, 106, 105, -1,
      200, 105, 202, -1,
      202, 105, 104, -1,
      202, 104, 204, -1,
      204, 104, 103, -1,
      204, 103, 206, -1,
      208, 206, 102, -1,
      102, 206, 103, -1,
      208, 102, 69, -1,
      208, 69, 279, -1,
      279, 69, 68, -1,
      279, 68, 276, -1,
      276, 68, 67, -1,
      276, 67, 290, -1,
      290, 67, 52, -1,
      290, 52, 284, -1,
      284, 52, 51, -1,
      284, 51, 285, -1,
      285, 51, 60, -1,
      285, 60, 287, -1,
      287, 60, 86, -1,
      287, 86, 288, -1,
      288, 86, 85, -1,
      288, 85, 289, -1,
      289, 85, 83, -1,
      289, 83, 286, -1,
      286, 83, 82, -1,
      286, 82, 281, -1,
      281, 82, 96, -1,
      281, 96, 282, -1,
      282, 96, 95, -1,
      282, 95, 283, -1,
      283, 95, 94, -1,
      283, 94, 277, -1,
      277, 94, 93, -1,
      277, 93, 278, -1,
      278, 93, 92, -1,
      278, 92, 280, -1,
      280, 92, 91, -1,
      280, 91, 209, -1,
      209, 91, 101, -1,
      209, 101, 207, -1,
      205, 207, 100, -1,
      100, 207, 101, -1,
      205, 100, 99, -1,
      205, 99, 203, -1,
      203, 99, 55, -1,
      203, 55, 201, -1,
      201, 55, 54, -1,
      201, 54, 199, -1,
      199, 54, 61, -1,
      199, 61, 222, -1,
      222, 61, 66, -1,
      222, 66, 220, -1,
      220, 66, 50, -1,
      220, 50, 218, -1,
      160, 291, 292, -1,
      160, 292, 152, -1,
      152, 292, 293, -1,
      152, 293, 153, -1,
      153, 293, 294, -1,
      153, 294, 155, -1,
      155, 294, 295, -1,
      155, 295, 156, -1,
      156, 295, 296, -1,
      156, 296, 175, -1,
      175, 296, 297, -1,
      175, 297, 176, -1,
      176, 297, 298, -1,
      176, 298, 178, -1,
      178, 298, 299, -1,
      178, 299, 242, -1,
      242, 299, 300, -1,
      242, 300, 244, -1,
      244, 300, 301, -1,
      244, 301, 246, -1,
      246, 301, 302, -1,
      246, 302, 248, -1,
      248, 302, 303, -1,
      248, 303, 250, -1,
      250, 303, 304, -1,
      250, 304, 252, -1,
      252, 304, 305, -1,
      252, 305, 254, -1,
      254, 305, 306, -1,
      254, 306, 256, -1,
      256, 306, 307, -1,
      256, 307, 258, -1,
      258, 307, 308, -1,
      258, 308, 259, -1,
      259, 308, 309, -1,
      259, 309, 211, -1,
      211, 309, 310, -1,
      211, 310, 210, -1,
      210, 310, 311, -1,
      210, 311, 171, -1,
      171, 311, 312, -1,
      171, 312, 170, -1,
      170, 312, 313, -1,
      170, 313, 169, -1,
      169, 313, 314, -1,
      169, 314, 167, -1,
      167, 314, 315, -1,
      167, 315, 165, -1,
      165, 315, 316, -1,
      165, 316, 163, -1,
      163, 316, 317, -1,
      163, 317, 161, -1,
      161, 317, 291, -1,
      161, 291, 160, -1,
    ]
  }
}

Shape {
  appearance Appearance {
    material Material {
      diffuseColor 0.3490 0.3490 0.3490
      specularColor 0.0235 0.0235 0.0235
      ambientIntensity 0.2
      transparency 0.0000
      shininess 0.5
    }
  }
  geometry IndexedFaceSet {
    ccw TRUE
    solid FALSE
    coord DEF co Coordinate {
      point [
        1.011946 1.636086 1.496063,
        1.017633 1.635468 1.496063,
        1.023978 1.633197 1.496063,
        1.029474 1.629487 1.496063,
        1.033875 1.624575 1.496063,
        1.036843 1.618966 1.496063,
        1.038402 1.612631 1.496063,
        1.038413 1.606380 1.496063,
        1.036781 1.599823 1.496063,
        1.033604 1.593955 1.496063,
        1.029896 1.589766 1.496063,
        1.024706 1.586044 1.496063,
        1.018789 1.583680 1.496063,
        1.011946 1.582798 1.496063,
        1.010781 1.582823 1.496063,
        1.004648 1.583823 1.496063,
        0.998472 1.586475 1.496063,
        0.993243 1.590483 1.496063,
        0.989341 1.595331 1.496063,
        0.986637 1.601074 1.496063,
        0.985372 1.607481 1.496063,
        0.985711 1.614140 1.496063,
        0.987725 1.620570 1.496063,
        0.991256 1.626220 1.496063,
        0.993957 1.629076 1.496063,
        0.999298 1.632874 1.496063,
        1.005264 1.635229 1.496063,
      ]
    }
    coordIndex [
      14, 24, 23, -1,
      12, 11, 1, -1,
      0, 26, 14, -1,
      14, 26, 25, -1,
      14, 25, 24, -1,
      19, 18, 23, -1,
      23, 18, 17, -1,
      0, 14, 1, -1,
      1, 14, 13, -1,
      1, 13, 12, -1,
      22, 21, 23, -1,
      23, 21, 20, -1,
      23, 20, 19, -1,
      17, 16, 23, -1,
      23, 16, 15, -1,
      23, 15, 14, -1,
      11, 10, 1, -1,
      1, 10, 9, -1,
      1, 9, 8, -1,
      8, 7, 1, -1,
      1, 7, 6, -1,
      1, 6, 5, -1,
      5, 4, 1, -1,
      1, 4, 3, -1,
      1, 3, 2, -1,
    ]
  }
}

Shape {
  appearance Appearance {
    material Material {
      diffuseColor 1.0000 1.0000 1.0000
      specularColor 0.5020 0.5020 0.5020
      ambientIntensity 0.2
      transparency 0.0000
      shininess 0.5
    }
  }
  geometry IndexedFaceSet {
    ccw TRUE
    solid FALSE
    coord DEF co Coordinate {
      point [
        1.667690 1.811237 1.496063,
        1.671222 1.802051 1.496063,
        1.672790 1.788940 1.496063,
        1.672364 1.781549 1.496063,
        1.669803 1.770496 1.496063,
        1.664823 1.760696 1.496063,
        1.658298 1.753127 1.496063,
        1.648129 1.745860 1.496063,
        1.638417 1.833685 1.496063,
        1.649778 1.829074 1.496063,
        1.621970 1.835756 1.496063,
        1.623934 1.835730 1.496063,
        1.637145 1.741611 1.496063,
        1.620987 1.739667 1.496063,
        1.594558 1.739667 1.496063,
        1.594558 1.835756 1.496063,
        1.658298 1.823033 1.496063,
        1.661760 1.819637 1.496063,
        1.633736 1.823365 1.500000,
        1.623934 1.835730 1.500000,
        1.621478 1.824703 1.500000,
        1.621970 1.835756 1.500000,
        1.606962 1.824703 1.500000,
        1.594558 1.835756 1.500000,
        1.606962 1.750622 1.500000,
        1.594558 1.739667 1.500000,
        1.620913 1.750622 1.500000,
        1.620987 1.739667 1.500000,
        1.632200 1.751729 1.500000,
        1.637145 1.741611 1.500000,
        1.640664 1.754539 1.500000,
        1.648129 1.745860 1.500000,
        1.647170 1.758593 1.500000,
        1.658298 1.753127 1.500000,
        1.649480 1.760643 1.500000,
        1.654499 1.766967 1.500000,
        1.664823 1.760696 1.500000,
        1.657721 1.774187 1.500000,
        1.669803 1.770496 1.500000,
        1.659493 1.783132 1.500000,
        1.672364 1.781549 1.500000,
        1.659747 1.788596 1.500000,
        1.672790 1.788940 1.500000,
        1.658643 1.799307 1.500000,
        1.671222 1.802051 1.500000,
        1.656100 1.806681 1.500000,
        1.667690 1.811237 1.500000,
        1.652535 1.812265 1.500000,
        1.661760 1.819637 1.500000,
        1.649210 1.815664 1.500000,
        1.658298 1.823033 1.500000,
        1.642091 1.820378 1.500000,
        1.649778 1.829074 1.500000,
        1.638417 1.833685 1.500000,
        1.649210 1.815664 1.496063,
        1.652535 1.812265 1.496063,
        1.656100 1.806681 1.496063,
        1.658643 1.799307 1.496063,
        1.659747 1.788596 1.496063,
        1.621478 1.824703 1.496063,
        1.633736 1.823365 1.496063,
        1.642091 1.820378 1.496063,
        1.606962 1.824703 1.496063,
        1.606962 1.750622 1.496063,
        1.620913 1.750622 1.496063,
        1.649480 1.760643 1.496063,
        1.647170 1.758593 1.496063,
        1.640664 1.754539 1.496063,
        1.632200 1.751729 1.496063,
        1.659493 1.783132 1.496063,
        1.657721 1.774187 1.496063,
        1.654499 1.766967 1.496063,
      ]
    }
    coordIndex [
      18, 19, 20, -1,
      20, 19, 21, -1,
      20, 21, 22, -1,
      22, 21, 23, -1,
      22, 23, 24, -1,
      24, 23, 25, -1,
      24, 25, 26, -1,
      26, 25, 27, -1,
      26, 27, 28, -1,
      28, 27, 29, -1,
      28, 29, 30, -1,
      30, 29, 31, -1,
      30, 31, 32, -1,
      32, 31, 33, -1,
      32, 33, 34, -1,
      34, 33, 35, -1,
      35, 33, 36, -1,
      35, 36, 37, -1,
      37, 36, 38, -1,
      37, 38, 39, -1,
      39, 38, 40, -1,
      39, 40, 41, -1,
      41, 40, 42, -1,
      41, 42, 43, -1,
      43, 42, 44, -1,
      43, 44, 45, -1,
      45, 44, 46, -1,
      45, 46, 47, -1,
      47, 46, 48, -1,
      47, 48, 49, -1,
      49, 48, 50, -1,
      49, 50, 51, -1,
      51, 50, 52, -1,
      51, 52, 18, -1,
      18, 52, 53, -1,
      18, 53, 19, -1,
      33, 6, 5, -1,
      33, 5, 36, -1,
      36, 5, 4, -1,
      36, 4, 38, -1,
      38, 4, 3, -1,
      38, 3, 40, -1,
      40, 3, 2, -1,
      40, 2, 42, -1,
      42, 2, 1, -1,
      42, 1, 44, -1,
      44, 1, 0, -1,
      44, 0, 46, -1,
      46, 0, 17, -1,
      46, 17, 48, -1,
      48, 17, 16, -1,
      48, 16, 50, -1,
      50, 16, 9, -1,
      50, 9, 52, -1,
      52, 9, 8, -1,
      52, 8, 53, -1,
      53, 8, 11, -1,
      53, 11, 19, -1,
      19, 11, 10, -1,
      19, 10, 21, -1,
      23, 21, 15, -1,
      15, 21, 10, -1,
      25, 23, 14, -1,
      14, 23, 15, -1,
      27, 25, 13, -1,
      13, 25, 14, -1,
      27, 13, 12, -1,
      27, 12, 29, -1,
      29, 12, 7, -1,
      29, 7, 31, -1,
      31, 7, 6, -1,
      31, 6, 33, -1,
      49, 54, 55, -1,
      49, 55, 47, -1,
      47, 55, 56, -1,
      47, 56, 45, -1,
      45, 56, 57, -1,
      45, 57, 43, -1,
      43, 57, 58, -1,
      43, 58, 41, -1,
      20, 59, 60, -1,
      20, 60, 18, -1,
      18, 60, 61, -1,
      18, 61, 51, -1,
      51, 61, 54, -1,
      51, 54, 49, -1,
      20, 22, 59, -1,
      59, 22, 62, -1,
      22, 24, 62, -1,
      62, 24, 63, -1,
      24, 26, 63, -1,
      63, 26, 64, -1,
      34, 65, 66, -1,
      34, 66, 32, -1,
      32, 66, 67, -1,
      32, 67, 30, -1,
      30, 67, 68, -1,
      30, 68, 28, -1,
      28, 68, 64, -1,
      28, 64, 26, -1,
      41, 58, 69, -1,
      41, 69, 39, -1,
      39, 69, 70, -1,
      39, 70, 37, -1,
      37, 70, 71, -1,
      37, 71, 35, -1,
      35, 71, 65, -1,
      35, 65, 34, -1,
    ]
  }
}

Shape {
  appearance Appearance {
    material Material {
      diffuseColor 0.3490 0.3490 0.3490
      specularColor 0.0235 0.0235 0.0235
      ambientIntensity 0.2
      transparency 0.0000
      shininess 0.5
    }
  }
  geometry IndexedFaceSet {
    ccw TRUE
    solid FALSE
    coord DEF co Coordinate {
      point [
        1.649210 1.815664 1.496063,
        1.652535 1.812265 1.496063,
        1.656100 1.806681 1.496063,
        1.658643 1.799307 1.496063,
        1.659747 1.788596 1.496063,
        1.621478 1.824703 1.496063,
        1.633736 1.823365 1.496063,
        1.642091 1.820378 1.496063,
        1.606962 1.824703 1.496063,
        1.606962 1.750622 1.496063,
        1.620913 1.750622 1.496063,
        1.649480 1.760643 1.496063,
        1.647170 1.758593 1.496063,
        1.640664 1.754539 1.496063,
        1.632200 1.751729 1.496063,
        1.659493 1.783132 1.496063,
        1.657721 1.774187 1.496063,
        1.654499 1.766967 1.496063,
      ]
    }
    coordIndex [
      8, 9, 5, -1,
      5, 9, 10, -1,
      10, 4, 3, -1,
      3, 2, 10, -1,
      10, 2, 1, -1,
      10, 1, 0, -1,
      4, 10, 15, -1,
      15, 10, 14, -1,
      15, 14, 13, -1,
      13, 12, 15, -1,
      15, 12, 11, -1,
      15, 11, 16, -1,
      16, 11, 17, -1,
      0, 7, 10, -1,
      10, 7, 6, -1,
      10, 6, 5, -1,
    ]
  }
}

Shape {
  appearance Appearance {
    material Material {
      diffuseColor 1.0000 1.0000 1.0000
      specularColor 0.5020 0.5020 0.5020
      ambientIntensity 0.2
      transparency 0.0000
      shininess 0.5
    }
  }
  geometry IndexedFaceSet {
    ccw TRUE
    solid FALSE
    coord DEF co Coordinate {
      point [
        1.439285 1.760359 1.496063,
        1.437847 1.764081 1.496063,
        1.501391 1.753642 1.496063,
        1.501391 1.822289 1.496063,
        1.493376 1.825070 1.496063,
        1.486147 1.749349 1.496063,
        1.496861 1.751552 1.496063,
        1.446577 1.785528 1.496063,
        1.446567 1.786631 1.496063,
        1.482846 1.826177 1.496063,
        1.479321 1.826043 1.496063,
        1.470932 1.824471 1.496063,
        1.454961 1.813562 1.496063,
        1.450598 1.806598 1.496063,
        1.447674 1.797825 1.496063,
        1.448120 1.773802 1.496063,
        1.451168 1.765996 1.496063,
        1.455999 1.759219 1.496063,
        1.464424 1.752776 1.496063,
        1.471323 1.750186 1.496063,
        1.480685 1.749099 1.496063,
        1.463356 1.821013 1.496063,
        1.456662 1.815517 1.496063,
        1.458092 1.757166 1.496063,
        1.503267 1.821639 1.496063,
        1.505493 1.755534 1.496063,
        1.505493 1.820478 1.496063,
        1.492385 1.836567 1.496063,
        1.496550 1.836159 1.496063,
        1.501391 1.834691 1.496063,
        1.505493 1.833447 1.496063,
        1.484232 1.837365 1.496063,
        1.482723 1.837377 1.496063,
        1.475992 1.836567 1.496063,
        1.458885 1.831842 1.496063,
        1.468943 1.835718 1.496063,
        1.441157 1.815283 1.496063,
        1.447427 1.823229 1.496063,
        1.449583 1.825300 1.496063,
        1.436313 1.804805 1.496063,
        1.437847 1.808124 1.496063,
        1.435399 1.770422 1.496063,
        1.433549 1.785894 1.496063,
        1.433853 1.792569 1.496063,
        1.462099 1.740659 1.496063,
        1.453110 1.745063 1.496063,
        1.445880 1.751162 1.496063,
        1.444992 1.752133 1.496063,
        1.470286 1.738856 1.496063,
        1.472395 1.738392 1.496063,
        1.478892 1.738046 1.496063,
        1.487370 1.738856 1.496063,
        1.505493 1.743646 1.496063,
        1.503854 1.742829 1.496063,
        1.501391 1.742022 1.496063,
        1.493537 1.739446 1.496063,
        1.812159 1.587230 1.496063,
        1.798453 1.587230 1.496063,
        1.871208 1.587230 1.496063,
        1.861407 1.613512 1.496063,
        1.821395 1.613512 1.496063,
        1.835052 1.683320 1.496063,
        1.848315 1.683320 1.496063,
        1.884914 1.587230 1.496063,
        1.480685 1.749099 1.500000,
        1.471323 1.750186 1.500000,
        1.464424 1.752776 1.500000,
        1.458092 1.757166 1.500000,
        1.455999 1.759219 1.500000,
        1.451168 1.765996 1.500000,
        1.448120 1.773802 1.500000,
        1.446577 1.785528 1.500000,
        1.446567 1.786631 1.500000,
        1.447674 1.797825 1.500000,
        1.450598 1.806598 1.500000,
        1.454961 1.813562 1.500000,
        1.456662 1.815517 1.500000,
        1.463356 1.821013 1.500000,
        1.470932 1.824471 1.500000,
        1.479321 1.826043 1.500000,
        1.482846 1.826177 1.500000,
        1.505493 1.820478 1.500000,
        1.503267 1.821639 1.500000,
        1.493376 1.825070 1.500000,
        1.505493 1.833447 1.500000,
        1.482723 1.837377 1.500000,
        1.484232 1.837365 1.500000,
        1.496550 1.836159 1.500000,
        1.468943 1.835718 1.500000,
        1.458885 1.831842 1.500000,
        1.449583 1.825300 1.500000,
        1.447427 1.823229 1.500000,
        1.436313 1.804805 1.500000,
        1.441157 1.815283 1.500000,
        1.433853 1.792569 1.500000,
        1.433549 1.785894 1.500000,
        1.439285 1.760359 1.500000,
        1.435399 1.770422 1.500000,
        1.444992 1.752133 1.500000,
        1.445880 1.751162 1.500000,
        1.478892 1.738046 1.500000,
        1.472395 1.738392 1.500000,
        1.453110 1.745063 1.500000,
        1.462099 1.740659 1.500000,
        1.493537 1.739446 1.500000,
        1.503854 1.742829 1.500000,
        1.505493 1.743646 1.500000,
        1.505493 1.755534 1.500000,
        1.496861 1.751552 1.500000,
        1.486147 1.749349 1.500000,
        1.825325 1.624369 1.500000,
        1.821395 1.613512 1.500000,
        1.857576 1.624369 1.500000,
        1.861407 1.613512 1.500000,
        1.839694 1.664308 1.500000,
        1.835052 1.683320 1.500000,
        1.798453 1.587230 1.500000,
        1.812159 1.587230 1.500000,
        1.840526 1.667176 1.500000,
        1.841266 1.671038 1.500000,
        1.848315 1.683320 1.500000,
        1.841561 1.671038 1.500000,
        1.842337 1.666973 1.500000,
        1.843059 1.664308 1.500000,
        1.884914 1.587230 1.500000,
        1.871208 1.587230 1.500000,
        1.839694 1.664308 1.496063,
        1.840526 1.667176 1.496063,
        1.841266 1.671038 1.496063,
        1.825325 1.624369 1.496063,
        1.857576 1.624369 1.496063,
        1.843059 1.664308 1.496063,
        1.841561 1.671038 1.496063,
        1.842337 1.666973 1.496063,
      ]
    }
    coordIndex [
      64, 20, 19, -1,
      64, 19, 65, -1,
      65, 19, 18, -1,
      65, 18, 66, -1,
      66, 18, 23, -1,
      66, 23, 67, -1,
      67, 23, 17, -1,
      67, 17, 68, -1,
      68, 17, 16, -1,
      68, 16, 69, -1,
      69, 16, 15, -1,
      69, 15, 70, -1,
      70, 15, 7, -1,
      70, 7, 71, -1,
      71, 7, 8, -1,
      71, 8, 72, -1,
      72, 8, 14, -1,
      72, 14, 73, -1,
      73, 14, 13, -1,
      73, 13, 74, -1,
      74, 13, 12, -1,
      74, 12, 75, -1,
      75, 12, 22, -1,
      75, 22, 76, -1,
      76, 22, 21, -1,
      76, 21, 77, -1,
      77, 21, 11, -1,
      77, 11, 78, -1,
      78, 11, 10, -1,
      78, 10, 79, -1,
      79, 10, 9, -1,
      79, 9, 80, -1,
      26, 81, 82, -1,
      80, 9, 4, -1,
      80, 4, 83, -1,
      83, 4, 3, -1,
      83, 3, 82, -1,
      82, 3, 24, -1,
      82, 24, 26, -1,
      84, 81, 30, -1,
      30, 81, 26, -1,
      32, 85, 86, -1,
      84, 30, 29, -1,
      84, 29, 87, -1,
      29, 28, 87, -1,
      87, 28, 27, -1,
      87, 27, 86, -1,
      86, 27, 31, -1,
      86, 31, 32, -1,
      85, 32, 33, -1,
      85, 33, 88, -1,
      33, 35, 88, -1,
      88, 35, 34, -1,
      88, 34, 89, -1,
      89, 34, 38, -1,
      89, 38, 90, -1,
      90, 38, 37, -1,
      90, 37, 91, -1,
      91, 37, 36, -1,
      40, 92, 36, -1,
      36, 92, 93, -1,
      36, 93, 91, -1,
      40, 39, 92, -1,
      92, 39, 43, -1,
      92, 43, 94, -1,
      94, 43, 42, -1,
      94, 42, 95, -1,
      95, 42, 41, -1,
      1, 96, 41, -1,
      41, 96, 97, -1,
      41, 97, 95, -1,
      1, 0, 96, -1,
      96, 0, 47, -1,
      96, 47, 98, -1,
      98, 47, 46, -1,
      98, 46, 99, -1,
      50, 100, 101, -1,
      99, 46, 45, -1,
      99, 45, 102, -1,
      102, 45, 44, -1,
      102, 44, 103, -1,
      103, 44, 48, -1,
      103, 48, 101, -1,
      101, 48, 49, -1,
      101, 49, 50, -1,
      104, 100, 50, -1,
      50, 51, 104, -1,
      104, 51, 55, -1,
      104, 55, 105, -1,
      105, 55, 54, -1,
      54, 53, 105, -1,
      105, 53, 52, -1,
      105, 52, 106, -1,
      107, 106, 25, -1,
      25, 106, 52, -1,
      107, 25, 2, -1,
      107, 2, 108, -1,
      2, 6, 108, -1,
      108, 6, 5, -1,
      108, 5, 109, -1,
      109, 5, 20, -1,
      109, 20, 64, -1,
      82, 81, 84, -1,
      77, 78, 88, -1,
      88, 78, 85, -1,
      73, 74, 93, -1,
      82, 84, 83, -1,
      78, 79, 85, -1,
      85, 79, 80, -1,
      85, 80, 86, -1,
      86, 80, 83, -1,
      86, 83, 87, -1,
      87, 83, 84, -1,
      106, 107, 105, -1,
      105, 107, 108, -1,
      105, 108, 104, -1,
      104, 108, 109, -1,
      104, 109, 100, -1,
      100, 109, 64, -1,
      100, 64, 101, -1,
      101, 64, 65, -1,
      101, 65, 103, -1,
      103, 65, 66, -1,
      103, 66, 102, -1,
      102, 66, 67, -1,
      102, 67, 99, -1,
      99, 67, 68, -1,
      99, 68, 98, -1,
      98, 68, 69, -1,
      98, 69, 96, -1,
      96, 69, 97, -1,
      97, 69, 70, -1,
      97, 70, 95, -1,
      93, 74, 91, -1,
      88, 89, 77, -1,
      77, 89, 90, -1,
      77, 90, 76, -1,
      76, 90, 91, -1,
      76, 91, 75, -1,
      75, 91, 74, -1,
      70, 71, 95, -1,
      95, 71, 72, -1,
      95, 72, 94, -1,
      94, 72, 73, -1,
      94, 73, 92, -1,
      92, 73, 93, -1,
      110, 111, 112, -1,
      112, 111, 113, -1,
      114, 115, 110, -1,
      110, 115, 116, -1,
      110, 116, 111, -1,
      111, 116, 117, -1,
      114, 118, 115, -1,
      115, 118, 119, -1,
      115, 119, 120, -1,
      120, 119, 121, -1,
      120, 121, 122, -1,
      122, 123, 120, -1,
      120, 123, 112, -1,
      120, 112, 124, -1,
      124, 112, 113, -1,
      124, 113, 125, -1,
      115, 120, 61, -1,
      61, 120, 62, -1,
      116, 115, 57, -1,
      57, 115, 61, -1,
      117, 116, 56, -1,
      56, 116, 57, -1,
      111, 117, 60, -1,
      60, 117, 56, -1,
      113, 111, 59, -1,
      59, 111, 60, -1,
      125, 113, 58, -1,
      58, 113, 59, -1,
      124, 125, 63, -1,
      63, 125, 58, -1,
      120, 124, 62, -1,
      62, 124, 63, -1,
      114, 126, 127, -1,
      114, 127, 118, -1,
      118, 127, 128, -1,
      118, 128, 119, -1,
      114, 110, 126, -1,
      126, 110, 129, -1,
      110, 112, 129, -1,
      129, 112, 130, -1,
      112, 123, 130, -1,
      130, 123, 131, -1,
      121, 132, 133, -1,
      121, 133, 122, -1,
      122, 133, 131, -1,
      122, 131, 123, -1,
      121, 119, 132, -1,
      132, 119, 128, -1,
    ]
  }
}

Shape {
  appearance Appearance {
    material Material {
      diffuseColor 0.3490 0.3490 0.3490
      specularColor 0.0235 0.0235 0.0235
      ambientIntensity 0.2
      transparency 0.0000
      shininess 0.5
    }
  }
  geometry IndexedFaceSet {
    ccw TRUE
    solid FALSE
    coord DEF co Coordinate {
      point [
        1.839694 1.664308 1.496063,
        1.840526 1.667176 1.496063,
        1.841266 1.671038 1.496063,
        1.825325 1.624369 1.496063,
        1.857576 1.624369 1.496063,
        1.843059 1.664308 1.496063,
        1.841561 1.671038 1.496063,
        1.842337 1.666973 1.496063,
      ]
    }
    coordIndex [
      6, 2, 7, -1,
      7, 2, 1, -1,
      7, 1, 5, -1,
      5, 1, 0, -1,
      5, 0, 4, -1,
      4, 0, 3, -1,
    ]
  }
}

Shape {
  appearance Appearance {
    material Material {
      diffuseColor 1.0000 1.0000 1.0000
      specularColor 0.5020 0.5020 0.5020
      ambientIntensity 0.2
      transparency 0.0000
      shininess 0.5
    }
  }
  geometry IndexedFaceSet {
    ccw TRUE
    solid FALSE
    coord DEF co Coordinate {
      point [
        1.764581 1.739667 1.496063,
        1.750875 1.739667 1.496063,
        1.741074 1.765949 1.496063,
        1.705815 1.765949 1.496063,
        1.727983 1.835756 1.496063,
        1.701062 1.765949 1.496063,
        1.691826 1.739667 1.496063,
        1.678120 1.739667 1.496063,
        1.705815 1.812379 1.496063,
        1.714719 1.835756 1.496063,
        1.645059 1.683320 1.496063,
        1.675455 1.683320 1.496063,
        1.675455 1.587230 1.496063,
        1.645059 1.587230 1.496063,
        1.696739 1.587230 1.496063,
        1.696739 1.598185 1.496063,
        1.694552 1.683320 1.496063,
        1.694552 1.672267 1.496063,
        1.657463 1.630510 1.496063,
        1.657463 1.598185 1.496063,
        1.675455 1.630510 1.496063,
        1.675455 1.598185 1.496063,
        1.691826 1.630510 1.496063,
        1.691826 1.641514 1.496063,
        1.657463 1.672267 1.496063,
        1.657463 1.641514 1.496063,
        1.675455 1.672267 1.496063,
        1.675455 1.641514 1.496063,
        1.378946 1.683320 1.496063,
        1.378946 1.587230 1.496063,
        1.428440 1.683320 1.496063,
        1.428440 1.672267 1.496063,
        1.430626 1.598185 1.496063,
        1.430626 1.587230 1.496063,
        1.391350 1.630510 1.496063,
        1.391350 1.598185 1.496063,
        1.425713 1.630510 1.496063,
        1.425713 1.641514 1.496063,
        1.391350 1.641514 1.496063,
        1.391350 1.672267 1.496063,
        1.657463 1.598185 1.500000,
        1.696739 1.598185 1.500000,
        1.657463 1.630510 1.500000,
        1.691826 1.630510 1.500000,
        1.691826 1.641514 1.500000,
        1.657463 1.641514 1.500000,
        1.657463 1.672267 1.500000,
        1.694552 1.672267 1.500000,
        1.694552 1.683320 1.500000,
        1.645059 1.683320 1.500000,
        1.645059 1.587230 1.500000,
        1.696739 1.587230 1.500000,
        1.391350 1.598185 1.500000,
        1.430626 1.598185 1.500000,
        1.391350 1.630510 1.500000,
        1.425713 1.630510 1.500000,
        1.425713 1.641514 1.500000,
        1.391350 1.641514 1.500000,
        1.391350 1.672267 1.500000,
        1.428440 1.672267 1.500000,
        1.428440 1.683320 1.500000,
        1.378946 1.683320 1.500000,
        1.378946 1.587230 1.500000,
        1.430626 1.587230 1.500000,
        1.704992 1.776806 1.500000,
        1.701062 1.765949 1.500000,
        1.737243 1.776806 1.500000,
        1.741074 1.765949 1.500000,
        1.719361 1.816744 1.500000,
        1.714719 1.835756 1.500000,
        1.678120 1.739667 1.500000,
        1.691826 1.739667 1.500000,
        1.720193 1.819612 1.500000,
        1.720933 1.823475 1.500000,
        1.727983 1.835756 1.500000,
        1.721228 1.823475 1.500000,
        1.722005 1.819409 1.500000,
        1.722726 1.816744 1.500000,
        1.764581 1.739667 1.500000,
        1.750875 1.739667 1.500000,
        1.719361 1.816744 1.496063,
        1.720193 1.819612 1.496063,
        1.720933 1.823475 1.496063,
        1.704992 1.776806 1.496063,
        1.737243 1.776806 1.496063,
        1.722726 1.816744 1.496063,
        1.721228 1.823475 1.496063,
        1.722005 1.819409 1.496063,
      ]
    }
    coordIndex [
      19, 40, 21, -1,
      21, 40, 41, -1,
      21, 41, 15, -1,
      42, 40, 18, -1,
      18, 40, 19, -1,
      22, 43, 20, -1,
      20, 43, 42, -1,
      20, 42, 18, -1,
      44, 43, 23, -1,
      23, 43, 22, -1,
      25, 45, 27, -1,
      27, 45, 44, -1,
      27, 44, 23, -1,
      46, 45, 24, -1,
      24, 45, 25, -1,
      17, 47, 26, -1,
      26, 47, 46, -1,
      26, 46, 24, -1,
      48, 47, 16, -1,
      16, 47, 17, -1,
      10, 49, 11, -1,
      11, 49, 48, -1,
      11, 48, 16, -1,
      50, 49, 13, -1,
      13, 49, 10, -1,
      14, 51, 12, -1,
      12, 51, 50, -1,
      12, 50, 13, -1,
      41, 51, 15, -1,
      15, 51, 14, -1,
      50, 51, 41, -1,
      41, 40, 50, -1,
      50, 40, 42, -1,
      50, 42, 49, -1,
      47, 48, 46, -1,
      46, 48, 49, -1,
      46, 49, 45, -1,
      45, 49, 42, -1,
      45, 42, 44, -1,
      44, 42, 43, -1,
      52, 53, 35, -1,
      35, 53, 32, -1,
      54, 52, 34, -1,
      34, 52, 35, -1,
      55, 54, 36, -1,
      36, 54, 34, -1,
      56, 55, 37, -1,
      37, 55, 36, -1,
      57, 56, 38, -1,
      38, 56, 37, -1,
      58, 57, 39, -1,
      39, 57, 38, -1,
      59, 58, 31, -1,
      31, 58, 39, -1,
      60, 59, 30, -1,
      30, 59, 31, -1,
      61, 60, 28, -1,
      28, 60, 30, -1,
      62, 61, 29, -1,
      29, 61, 28, -1,
      63, 62, 33, -1,
      33, 62, 29, -1,
      53, 63, 32, -1,
      32, 63, 33, -1,
      62, 63, 53, -1,
      53, 52, 62, -1,
      62, 52, 54, -1,
      62, 54, 61, -1,
      59, 60, 58, -1,
      58, 60, 61, -1,
      58, 61, 57, -1,
      57, 61, 54, -1,
      57, 54, 56, -1,
      56, 54, 55, -1,
      64, 65, 66, -1,
      66, 65, 67, -1,
      68, 69, 64, -1,
      64, 69, 70, -1,
      64, 70, 65, -1,
      65, 70, 71, -1,
      68, 72, 69, -1,
      69, 72, 73, -1,
      69, 73, 74, -1,
      74, 73, 75, -1,
      74, 75, 76, -1,
      76, 77, 74, -1,
      74, 77, 66, -1,
      74, 66, 78, -1,
      78, 66, 67, -1,
      78, 67, 79, -1,
      69, 74, 9, -1,
      9, 74, 4, -1,
      7, 70, 8, -1,
      8, 70, 69, -1,
      8, 69, 9, -1,
      71, 70, 6, -1,
      6, 70, 7, -1,
      65, 71, 5, -1,
      5, 71, 6, -1,
      2, 67, 3, -1,
      3, 67, 65, -1,
      3, 65, 5, -1,
      79, 67, 1, -1,
      1, 67, 2, -1,
      78, 79, 0, -1,
      0, 79, 1, -1,
      74, 78, 4, -1,
      4, 78, 0, -1,
      68, 80, 81, -1,
      68, 81, 72, -1,
      72, 81, 82, -1,
      72, 82, 73, -1,
      68, 64, 80, -1,
      80, 64, 83, -1,
      64, 66, 83, -1,
      83, 66, 84, -1,
      66, 77, 84, -1,
      84, 77, 85, -1,
      75, 86, 87, -1,
      75, 87, 76, -1,
      76, 87, 85, -1,
      76, 85, 77, -1,
      75, 73, 86, -1,
      86, 73, 82, -1,
    ]
  }
}

Shape {
  appearance Appearance {
    material Material {
      diffuseColor 0.3490 0.3490 0.3490
      specularColor 0.0235 0.0235 0.0235
      ambientIntensity 0.2
      transparency 0.0000
      shininess 0.5
    }
  }
  geometry IndexedFaceSet {
    ccw TRUE
    solid FALSE
    coord DEF co Coordinate {
      point [
        1.719361 1.816744 1.496063,
        1.720193 1.819612 1.496063,
        1.720933 1.823475 1.496063,
        1.704992 1.776806 1.496063,
        1.737243 1.776806 1.496063,
        1.722726 1.816744 1.496063,
        1.721228 1.823475 1.496063,
        1.722005 1.819409 1.496063,
      ]
    }
    coordIndex [
      6, 2, 7, -1,
      7, 2, 1, -1,
      7, 1, 5, -1,
      5, 1, 0, -1,
      5, 0, 4, -1,
      4, 0, 3, -1,
    ]
  }
}

Shape {
  appearance Appearance {
    material Material {
      diffuseColor 1.0000 1.0000 1.0000
      specularColor 0.5020 0.5020 0.5020
      ambientIntensity 0.2
      transparency 0.0000
      shininess 0.5
    }
  }
  geometry IndexedFaceSet {
    ccw TRUE
    solid FALSE
    coord DEF co Coordinate {
      point [
        1.391350 1.835756 1.496063,
        1.391350 1.750622 1.496063,
        1.429619 1.750622 1.496063,
        1.574220 1.835756 1.496063,
        1.563080 1.835756 1.496063,
        1.537130 1.782946 1.496063,
        1.537130 1.750622 1.496063,
        1.563080 1.782946 1.496063,
        1.563080 1.750622 1.496063,
        1.571493 1.782946 1.496063,
        1.576406 1.750622 1.496063,
        1.571493 1.793950 1.496063,
        1.574220 1.824703 1.496063,
        1.563080 1.793950 1.496063,
        1.563080 1.824703 1.496063,
        1.537130 1.793950 1.496063,
        1.537130 1.824703 1.496063,
        1.576406 1.739667 1.496063,
        1.563080 1.739667 1.496063,
        1.524726 1.739667 1.496063,
        1.524726 1.835756 1.496063,
        1.378946 1.739667 1.496063,
        1.378946 1.835756 1.496063,
        1.429619 1.739667 1.496063,
        1.537130 1.750622 1.500000,
        1.576406 1.750622 1.500000,
        1.537130 1.782946 1.500000,
        1.571493 1.782946 1.500000,
        1.571493 1.793950 1.500000,
        1.537130 1.793950 1.500000,
        1.537130 1.824703 1.500000,
        1.574220 1.824703 1.500000,
        1.574220 1.835756 1.500000,
        1.524726 1.835756 1.500000,
        1.524726 1.739667 1.500000,
        1.576406 1.739667 1.500000,
        1.391350 1.750622 1.500000,
        1.429619 1.750622 1.500000,
        1.391350 1.835756 1.500000,
        1.378946 1.835756 1.500000,
        1.378946 1.739667 1.500000,
        1.429619 1.739667 1.500000,
      ]
    }
    coordIndex [
      6, 24, 8, -1,
      8, 24, 25, -1,
      8, 25, 10, -1,
      26, 24, 5, -1,
      5, 24, 6, -1,
      26, 5, 27, -1,
      27, 5, 7, -1,
      27, 7, 9, -1,
      28, 27, 11, -1,
      11, 27, 9, -1,
      15, 29, 13, -1,
      13, 29, 28, -1,
      13, 28, 11, -1,
      30, 29, 16, -1,
      16, 29, 15, -1,
      30, 16, 31, -1,
      31, 16, 14, -1,
      31, 14, 12, -1,
      32, 31, 3, -1,
      3, 31, 12, -1,
      20, 33, 4, -1,
      4, 33, 32, -1,
      4, 32, 3, -1,
      34, 33, 19, -1,
      19, 33, 20, -1,
      17, 35, 18, -1,
      18, 35, 34, -1,
      18, 34, 19, -1,
      25, 35, 10, -1,
      10, 35, 17, -1,
      34, 35, 25, -1,
      25, 24, 34, -1,
      34, 24, 26, -1,
      34, 26, 33, -1,
      31, 32, 30, -1,
      30, 32, 33, -1,
      30, 33, 29, -1,
      29, 33, 26, -1,
      29, 26, 28, -1,
      28, 26, 27, -1,
      36, 37, 1, -1,
      1, 37, 2, -1,
      38, 36, 0, -1,
      0, 36, 1, -1,
      39, 38, 22, -1,
      22, 38, 0, -1,
      40, 39, 21, -1,
      21, 39, 22, -1,
      41, 40, 23, -1,
      23, 40, 21, -1,
      37, 41, 2, -1,
      2, 41, 23, -1,
      38, 39, 36, -1,
      36, 39, 40, -1,
      36, 40, 37, -1,
      37, 40, 41, -1,
    ]
  }
}
