#VRML V2.0 utf8

Shape {
  appearance Appearance {
    material Material {
      diffuseColor 0.5020 0.5020 0.5020
      specularColor 0.2510 0.2510 0.2510
      ambientIntensity 0.2
      transparency 0.0000
      shininess 0.5
    }
  }
  geometry IndexedFaceSet {
    ccw TRUE
    solid FALSE
    coord DEF co Coordinate {
      point [
        -2.480315 -1.082677 0.000000,
        -2.480315 -2.283465 0.000000,
        -2.480315 -1.082677 0.118110,
        -2.480315 -2.283465 1.929134,
        -2.480315 1.082677 0.118110,
        -2.480315 2.283465 1.929134,
        -2.480315 1.082677 0.000000,
        -2.480315 2.283465 0.000000,
        2.480315 2.283465 0.000000,
        2.480315 1.082677 0.000000,
        1.299213 1.082677 0.000000,
        2.283465 -2.480315 0.000000,
        -2.283465 -2.480315 0.000000,
        -2.334413 -2.473607 0.000000,
        -2.381890 -2.453942 0.000000,
        -1.299213 1.082677 0.000000,
        -1.299213 -1.082677 0.000000,
        1.299213 -1.082677 0.000000,
        -2.283465 2.480315 0.000000,
        -2.473607 2.334413 0.000000,
        -2.422659 -2.422659 0.000000,
        -2.453942 -2.381890 0.000000,
        -2.473607 -2.334413 0.000000,
        -2.453942 2.381890 0.000000,
        -2.422659 2.422659 0.000000,
        -2.334413 2.473607 0.000000,
        -2.381890 2.453942 0.000000,
        2.381890 2.453942 0.000000,
        2.422659 2.422659 0.000000,
        2.480315 -1.082677 0.000000,
        2.480315 -2.283465 0.000000,
        2.473607 -2.334413 0.000000,
        2.283465 2.480315 0.000000,
        2.334413 2.473607 0.000000,
        2.453942 2.381890 0.000000,
        2.473607 2.334413 0.000000,
        2.453942 -2.381890 0.000000,
        2.422659 -2.422659 0.000000,
        2.381890 -2.453942 0.000000,
        2.334413 -2.473607 0.000000,
        2.480315 1.082677 0.118110,
        2.480315 2.283465 1.929134,
        2.480315 -1.082677 0.118110,
        2.480315 -2.283465 1.929134,
        2.283465 2.480315 1.929134,
        -2.283465 2.480315 1.929134,
        -2.283465 -2.480315 1.929134,
        2.283465 -2.480315 1.929134,
        2.283465 2.440945 1.968504,
        -2.283465 2.440945 1.968504,
        -2.283465 -2.440945 1.968504,
        -2.324224 2.435579 1.968504,
        -2.440945 2.283465 1.968504,
        -2.362205 2.419846 1.968504,
        -2.440945 -2.283465 1.968504,
        -2.324224 -2.435579 1.968504,
        -2.419846 -2.362205 1.968504,
        -2.394820 -2.394820 1.968504,
        -2.362205 -2.419846 1.968504,
        2.324224 -2.435579 1.968504,
        2.362205 -2.419846 1.968504,
        2.440945 -2.283465 1.968504,
        2.283465 -2.440945 1.968504,
        -2.394820 2.394820 1.968504,
        -2.419846 2.362205 1.968504,
        -2.435579 2.324224 1.968504,
        -2.435579 -2.324224 1.968504,
        2.394820 -2.394820 1.968504,
        2.419846 -2.362205 1.968504,
        2.435579 -2.324224 1.968504,
        2.394820 2.394820 1.968504,
        2.362205 2.419846 1.968504,
        2.419846 2.362205 1.968504,
        2.435579 2.324224 1.968504,
        2.440945 2.283465 1.968504,
        2.324224 2.435579 1.968504,
        2.440945 -1.082677 0.078740,
        1.299213 -1.082677 0.078740,
        2.440945 1.082677 0.078740,
        1.299213 1.082677 0.078740,
        2.478974 -1.082677 0.107920,
        2.475040 -1.082677 0.098425,
        2.451135 -1.082677 0.080081,
        2.460630 -1.082677 0.084015,
        2.468784 -1.082677 0.090271,
        2.478974 1.082677 0.107920,
        2.475040 1.082677 0.098425,
        2.468784 1.082677 0.090271,
        2.460630 1.082677 0.084015,
        2.451135 1.082677 0.080081,
        -2.478974 -1.082677 0.107920,
        -2.475040 -1.082677 0.098425,
        -2.468784 -1.082677 0.090271,
        -2.460630 -1.082677 0.084015,
        -1.299213 -1.082677 0.078740,
        -2.440945 -1.082677 0.078740,
        -2.451135 -1.082677 0.080081,
        -1.299213 1.082677 0.078740,
        -2.478974 1.082677 0.107920,
        -2.475040 1.082677 0.098425,
        -2.451135 1.082677 0.080081,
        -2.460630 1.082677 0.084015,
        -2.468784 1.082677 0.090271,
        -2.440945 1.082677 0.078740,
        -2.473607 -2.334413 1.929134,
        -2.453942 -2.381890 1.929134,
        -2.422659 -2.422659 1.929134,
        -2.381890 -2.453942 1.929134,
        -2.334413 -2.473607 1.929134,
        -2.334413 2.473607 1.929134,
        -2.381890 2.453942 1.929134,
        -2.422659 2.422659 1.929134,
        -2.453942 2.381890 1.929134,
        -2.473607 2.334413 1.929134,
        2.334413 -2.473607 1.929134,
        2.381890 -2.453942 1.929134,
        2.422659 -2.422659 1.929134,
        2.453942 -2.381890 1.929134,
        2.473607 -2.334413 1.929134,
        2.473607 2.334413 1.929134,
        2.453942 2.381890 1.929134,
        2.422659 2.422659 1.929134,
        2.381890 2.453942 1.929134,
        2.334413 2.473607 1.929134,
        2.451135 -2.283465 1.967163,
        2.445421 -2.326861 1.967163,
        2.460630 -2.283465 1.963229,
        2.454593 -2.329319 1.963229,
        2.468784 -2.283465 1.956973,
        2.462469 -2.331429 1.956973,
        2.475040 -2.283465 1.948819,
        2.468513 -2.333048 1.948819,
        2.478974 -2.283465 1.939324,
        2.472312 -2.334066 1.939324,
        2.428671 -2.367300 1.967163,
        2.436894 -2.372047 1.963229,
        2.443956 -2.376124 1.956973,
        2.449374 -2.379253 1.948819,
        2.452780 -2.381219 1.939324,
        2.402025 -2.402025 1.967163,
        2.408739 -2.408739 1.963229,
        2.414505 -2.414505 1.956973,
        2.418929 -2.418929 1.948819,
        2.421710 -2.421710 1.939324,
        2.367300 -2.428671 1.967163,
        2.372047 -2.436894 1.963229,
        2.376124 -2.443956 1.956973,
        2.379253 -2.449374 1.948819,
        2.381219 -2.452780 1.939324,
        2.326861 -2.445421 1.967163,
        2.329319 -2.454593 1.963229,
        2.331429 -2.462469 1.956973,
        2.333048 -2.468513 1.948819,
        2.334066 -2.472312 1.939324,
        2.283465 -2.451135 1.967163,
        2.283465 -2.460630 1.963229,
        2.283465 -2.468784 1.956973,
        2.283465 -2.475040 1.948819,
        2.283465 -2.478974 1.939324,
        2.451135 2.283465 1.967163,
        2.460630 2.283465 1.963229,
        2.468784 2.283465 1.956973,
        2.475040 2.283465 1.948819,
        2.478974 2.283465 1.939324,
        -2.283465 -2.451135 1.967163,
        -2.283465 -2.460630 1.963229,
        -2.283465 -2.468784 1.956973,
        -2.283465 -2.475040 1.948819,
        -2.283465 -2.478974 1.939324,
        2.283465 2.451135 1.967163,
        2.326861 2.445421 1.967163,
        2.283465 2.460630 1.963229,
        2.329319 2.454593 1.963229,
        2.283465 2.468784 1.956973,
        2.331429 2.462469 1.956973,
        2.283465 2.475040 1.948819,
        2.333048 2.468513 1.948819,
        2.283465 2.478974 1.939324,
        2.334066 2.472312 1.939324,
        2.367300 2.428671 1.967163,
        2.372047 2.436894 1.963229,
        2.376124 2.443956 1.956973,
        2.379253 2.449374 1.948819,
        2.381219 2.452780 1.939324,
        2.402025 2.402025 1.967163,
        2.408739 2.408739 1.963229,
        2.414505 2.414505 1.956973,
        2.418929 2.418929 1.948819,
        2.421710 2.421710 1.939324,
        2.428671 2.367300 1.967163,
        2.436894 2.372047 1.963229,
        2.443956 2.376124 1.956973,
        2.449374 2.379253 1.948819,
        2.452780 2.381219 1.939324,
        2.445421 2.326861 1.967163,
        2.454593 2.329319 1.963229,
        2.462469 2.331429 1.956973,
        2.468513 2.333048 1.948819,
        2.472312 2.334066 1.939324,
        -2.326861 -2.445421 1.967163,
        -2.329319 -2.454593 1.963229,
        -2.331429 -2.462469 1.956973,
        -2.333048 -2.468513 1.948819,
        -2.334066 -2.472312 1.939324,
        -2.367300 -2.428671 1.967163,
        -2.372047 -2.436894 1.963229,
        -2.376124 -2.443956 1.956973,
        -2.379253 -2.449374 1.948819,
        -2.381219 -2.452780 1.939324,
        -2.402025 -2.402025 1.967163,
        -2.408739 -2.408739 1.963229,
        -2.414505 -2.414505 1.956973,
        -2.418929 -2.418929 1.948819,
        -2.421710 -2.421710 1.939324,
        -2.428671 -2.367300 1.967163,
        -2.436894 -2.372047 1.963229,
        -2.443956 -2.376124 1.956973,
        -2.449374 -2.379253 1.948819,
        -2.452780 -2.381219 1.939324,
        -2.445421 -2.326861 1.967163,
        -2.454593 -2.329319 1.963229,
        -2.462469 -2.331429 1.956973,
        -2.468513 -2.333048 1.948819,
        -2.472312 -2.334066 1.939324,
        -2.451135 -2.283465 1.967163,
        -2.460630 -2.283465 1.963229,
        -2.468784 -2.283465 1.956973,
        -2.475040 -2.283465 1.948819,
        -2.478974 -2.283465 1.939324,
        -2.283465 2.451135 1.967163,
        -2.283465 2.460630 1.963229,
        -2.283465 2.468784 1.956973,
        -2.283465 2.475040 1.948819,
        -2.283465 2.478974 1.939324,
        -2.451135 2.283465 1.967163,
        -2.460630 2.283465 1.963229,
        -2.468784 2.283465 1.956973,
        -2.475040 2.283465 1.948819,
        -2.478974 2.283465 1.939324,
        -2.445421 2.326861 1.967163,
        -2.454593 2.329319 1.963229,
        -2.462469 2.331429 1.956973,
        -2.468513 2.333048 1.948819,
        -2.472312 2.334066 1.939324,
        -2.428671 2.367300 1.967163,
        -2.436894 2.372047 1.963229,
        -2.443956 2.376124 1.956973,
        -2.449374 2.379253 1.948819,
        -2.452780 2.381219 1.939324,
        -2.402025 2.402025 1.967163,
        -2.408739 2.408739 1.963229,
        -2.414505 2.414505 1.956973,
        -2.418929 2.418929 1.948819,
        -2.421710 2.421710 1.939324,
        -2.367300 2.428671 1.967163,
        -2.372047 2.436894 1.963229,
        -2.376124 2.443956 1.956973,
        -2.379253 2.449374 1.948819,
        -2.381219 2.452780 1.939324,
        -2.326861 2.445421 1.967163,
        -2.329319 2.454593 1.963229,
        -2.331429 2.462469 1.956973,
        -2.333048 2.468513 1.948819,
        -2.334066 2.472312 1.939324,
      ]
    }
    coordIndex [
      0, 1, 2, -1,
      2, 1, 3, -1,
      2, 3, 4, -1,
      4, 3, 5, -1,
      4, 5, 6, -1,
      6, 5, 7, -1,
      8, 9, 10, -1,
      11, 12, 1, -1,
      1, 12, 13, -1,
      1, 13, 14, -1,
      15, 10, 16, -1,
      16, 10, 17, -1,
      6, 7, 18, -1,
      18, 7, 19, -1,
      20, 21, 14, -1,
      14, 21, 22, -1,
      14, 22, 1, -1,
      19, 23, 18, -1,
      18, 23, 24, -1,
      18, 24, 25, -1,
      25, 24, 26, -1,
      27, 28, 10, -1,
      29, 30, 17, -1,
      17, 30, 31, -1,
      6, 18, 15, -1,
      15, 18, 32, -1,
      15, 32, 10, -1,
      10, 32, 33, -1,
      10, 33, 27, -1,
      28, 34, 10, -1,
      10, 34, 35, -1,
      10, 35, 8, -1,
      31, 36, 17, -1,
      17, 36, 37, -1,
      17, 37, 38, -1,
      38, 39, 17, -1,
      17, 39, 11, -1,
      17, 11, 16, -1,
      16, 11, 1, -1,
      16, 1, 0, -1,
      9, 8, 40, -1,
      40, 8, 41, -1,
      40, 41, 42, -1,
      42, 41, 43, -1,
      42, 43, 29, -1,
      29, 43, 30, -1,
      44, 32, 45, -1,
      45, 32, 18, -1,
      46, 12, 47, -1,
      47, 12, 11, -1,
      48, 49, 50, -1,
      49, 51, 52, -1,
      52, 51, 53, -1,
      49, 52, 50, -1,
      50, 52, 54, -1,
      50, 54, 55, -1,
      56, 57, 58, -1,
      59, 60, 61, -1,
      48, 50, 61, -1,
      61, 50, 62, -1,
      61, 62, 59, -1,
      53, 63, 52, -1,
      52, 63, 64, -1,
      52, 64, 65, -1,
      55, 54, 58, -1,
      58, 54, 66, -1,
      58, 66, 56, -1,
      60, 67, 61, -1,
      61, 67, 68, -1,
      61, 68, 69, -1,
      70, 71, 72, -1,
      72, 71, 73, -1,
      61, 74, 48, -1,
      48, 74, 73, -1,
      48, 73, 75, -1,
      75, 73, 71, -1,
      76, 77, 78, -1,
      78, 77, 79, -1,
      42, 29, 80, -1,
      80, 29, 81, -1,
      82, 83, 29, -1,
      29, 83, 84, -1,
      29, 84, 81, -1,
      17, 77, 29, -1,
      29, 77, 76, -1,
      29, 76, 82, -1,
      9, 40, 85, -1,
      85, 86, 9, -1,
      9, 86, 87, -1,
      9, 87, 88, -1,
      79, 10, 78, -1,
      78, 10, 9, -1,
      78, 9, 89, -1,
      89, 9, 88, -1,
      79, 77, 10, -1,
      10, 77, 17, -1,
      0, 2, 90, -1,
      90, 91, 0, -1,
      0, 91, 92, -1,
      0, 92, 93, -1,
      94, 16, 95, -1,
      95, 16, 0, -1,
      95, 0, 96, -1,
      96, 0, 93, -1,
      94, 97, 16, -1,
      16, 97, 15, -1,
      4, 6, 98, -1,
      98, 6, 99, -1,
      100, 101, 6, -1,
      6, 101, 102, -1,
      6, 102, 99, -1,
      15, 97, 6, -1,
      6, 97, 103, -1,
      6, 103, 100, -1,
      103, 97, 95, -1,
      95, 97, 94, -1,
      3, 1, 22, -1,
      3, 22, 104, -1,
      104, 22, 21, -1,
      104, 21, 105, -1,
      105, 21, 20, -1,
      105, 20, 106, -1,
      106, 20, 14, -1,
      106, 14, 107, -1,
      107, 14, 13, -1,
      107, 13, 108, -1,
      108, 13, 12, -1,
      108, 12, 46, -1,
      45, 18, 25, -1,
      45, 25, 109, -1,
      109, 25, 26, -1,
      109, 26, 110, -1,
      110, 26, 24, -1,
      110, 24, 111, -1,
      111, 24, 23, -1,
      111, 23, 112, -1,
      112, 23, 19, -1,
      112, 19, 113, -1,
      113, 19, 7, -1,
      113, 7, 5, -1,
      47, 11, 39, -1,
      47, 39, 114, -1,
      114, 39, 38, -1,
      114, 38, 115, -1,
      115, 38, 37, -1,
      115, 37, 116, -1,
      116, 37, 36, -1,
      116, 36, 117, -1,
      117, 36, 31, -1,
      117, 31, 118, -1,
      118, 31, 30, -1,
      118, 30, 43, -1,
      41, 8, 35, -1,
      41, 35, 119, -1,
      119, 35, 34, -1,
      119, 34, 120, -1,
      120, 34, 28, -1,
      120, 28, 121, -1,
      121, 28, 27, -1,
      121, 27, 122, -1,
      122, 27, 33, -1,
      122, 33, 123, -1,
      123, 33, 32, -1,
      123, 32, 44, -1,
      103, 95, 96, -1,
      103, 96, 100, -1,
      100, 96, 93, -1,
      100, 93, 101, -1,
      101, 93, 92, -1,
      101, 92, 102, -1,
      102, 92, 91, -1,
      102, 91, 99, -1,
      99, 91, 90, -1,
      99, 90, 98, -1,
      98, 90, 2, -1,
      98, 2, 4, -1,
      76, 78, 89, -1,
      76, 89, 82, -1,
      82, 89, 88, -1,
      82, 88, 83, -1,
      83, 88, 87, -1,
      83, 87, 84, -1,
      84, 87, 86, -1,
      84, 86, 81, -1,
      81, 86, 85, -1,
      81, 85, 80, -1,
      80, 85, 40, -1,
      80, 40, 42, -1,
      61, 69, 124, -1,
      124, 69, 125, -1,
      124, 125, 126, -1,
      126, 125, 127, -1,
      126, 127, 128, -1,
      128, 127, 129, -1,
      128, 129, 130, -1,
      130, 129, 131, -1,
      130, 131, 132, -1,
      132, 131, 133, -1,
      132, 133, 43, -1,
      43, 133, 118, -1,
      69, 68, 125, -1,
      125, 68, 134, -1,
      125, 134, 127, -1,
      127, 134, 135, -1,
      127, 135, 129, -1,
      129, 135, 136, -1,
      129, 136, 131, -1,
      131, 136, 137, -1,
      131, 137, 133, -1,
      133, 137, 138, -1,
      133, 138, 118, -1,
      118, 138, 117, -1,
      68, 67, 134, -1,
      134, 67, 139, -1,
      134, 139, 135, -1,
      135, 139, 140, -1,
      135, 140, 136, -1,
      136, 140, 141, -1,
      136, 141, 137, -1,
      137, 141, 142, -1,
      137, 142, 138, -1,
      138, 142, 143, -1,
      138, 143, 117, -1,
      117, 143, 116, -1,
      67, 60, 139, -1,
      139, 60, 144, -1,
      139, 144, 140, -1,
      140, 144, 145, -1,
      140, 145, 141, -1,
      141, 145, 146, -1,
      141, 146, 142, -1,
      142, 146, 147, -1,
      142, 147, 143, -1,
      143, 147, 148, -1,
      143, 148, 116, -1,
      116, 148, 115, -1,
      60, 59, 144, -1,
      144, 59, 149, -1,
      144, 149, 145, -1,
      145, 149, 150, -1,
      145, 150, 146, -1,
      146, 150, 151, -1,
      146, 151, 147, -1,
      147, 151, 152, -1,
      147, 152, 148, -1,
      148, 152, 153, -1,
      148, 153, 115, -1,
      115, 153, 114, -1,
      59, 62, 149, -1,
      149, 62, 154, -1,
      149, 154, 150, -1,
      150, 154, 155, -1,
      150, 155, 151, -1,
      151, 155, 156, -1,
      151, 156, 152, -1,
      152, 156, 157, -1,
      152, 157, 153, -1,
      153, 157, 158, -1,
      153, 158, 114, -1,
      114, 158, 47, -1,
      74, 61, 124, -1,
      74, 124, 159, -1,
      159, 124, 126, -1,
      159, 126, 160, -1,
      160, 126, 128, -1,
      160, 128, 161, -1,
      161, 128, 130, -1,
      161, 130, 162, -1,
      162, 130, 132, -1,
      162, 132, 163, -1,
      163, 132, 43, -1,
      163, 43, 41, -1,
      62, 50, 164, -1,
      62, 164, 154, -1,
      154, 164, 165, -1,
      154, 165, 155, -1,
      155, 165, 166, -1,
      155, 166, 156, -1,
      156, 166, 167, -1,
      156, 167, 157, -1,
      157, 167, 168, -1,
      157, 168, 158, -1,
      158, 168, 46, -1,
      158, 46, 47, -1,
      48, 75, 169, -1,
      169, 75, 170, -1,
      169, 170, 171, -1,
      171, 170, 172, -1,
      171, 172, 173, -1,
      173, 172, 174, -1,
      173, 174, 175, -1,
      175, 174, 176, -1,
      175, 176, 177, -1,
      177, 176, 178, -1,
      177, 178, 44, -1,
      44, 178, 123, -1,
      75, 71, 170, -1,
      170, 71, 179, -1,
      170, 179, 172, -1,
      172, 179, 180, -1,
      172, 180, 174, -1,
      174, 180, 181, -1,
      174, 181, 176, -1,
      176, 181, 182, -1,
      176, 182, 178, -1,
      178, 182, 183, -1,
      178, 183, 123, -1,
      123, 183, 122, -1,
      71, 70, 179, -1,
      179, 70, 184, -1,
      179, 184, 180, -1,
      180, 184, 185, -1,
      180, 185, 181, -1,
      181, 185, 186, -1,
      181, 186, 182, -1,
      182, 186, 187, -1,
      182, 187, 183, -1,
      183, 187, 188, -1,
      183, 188, 122, -1,
      122, 188, 121, -1,
      70, 72, 184, -1,
      184, 72, 189, -1,
      184, 189, 185, -1,
      185, 189, 190, -1,
      185, 190, 186, -1,
      186, 190, 191, -1,
      186, 191, 187, -1,
      187, 191, 192, -1,
      187, 192, 188, -1,
      188, 192, 193, -1,
      188, 193, 121, -1,
      121, 193, 120, -1,
      72, 73, 189, -1,
      189, 73, 194, -1,
      189, 194, 190, -1,
      190, 194, 195, -1,
      190, 195, 191, -1,
      191, 195, 196, -1,
      191, 196, 192, -1,
      192, 196, 197, -1,
      192, 197, 193, -1,
      193, 197, 198, -1,
      193, 198, 120, -1,
      120, 198, 119, -1,
      73, 74, 194, -1,
      194, 74, 159, -1,
      194, 159, 195, -1,
      195, 159, 160, -1,
      195, 160, 196, -1,
      196, 160, 161, -1,
      196, 161, 197, -1,
      197, 161, 162, -1,
      197, 162, 198, -1,
      198, 162, 163, -1,
      198, 163, 119, -1,
      119, 163, 41, -1,
      50, 55, 164, -1,
      164, 55, 199, -1,
      164, 199, 165, -1,
      165, 199, 200, -1,
      165, 200, 166, -1,
      166, 200, 201, -1,
      166, 201, 167, -1,
      167, 201, 202, -1,
      167, 202, 168, -1,
      168, 202, 203, -1,
      168, 203, 46, -1,
      46, 203, 108, -1,
      55, 58, 199, -1,
      199, 58, 204, -1,
      199, 204, 200, -1,
      200, 204, 205, -1,
      200, 205, 201, -1,
      201, 205, 206, -1,
      201, 206, 202, -1,
      202, 206, 207, -1,
      202, 207, 203, -1,
      203, 207, 208, -1,
      203, 208, 108, -1,
      108, 208, 107, -1,
      58, 57, 204, -1,
      204, 57, 209, -1,
      204, 209, 205, -1,
      205, 209, 210, -1,
      205, 210, 206, -1,
      206, 210, 211, -1,
      206, 211, 207, -1,
      207, 211, 212, -1,
      207, 212, 208, -1,
      208, 212, 213, -1,
      208, 213, 107, -1,
      107, 213, 106, -1,
      57, 56, 209, -1,
      209, 56, 214, -1,
      209, 214, 210, -1,
      210, 214, 215, -1,
      210, 215, 211, -1,
      211, 215, 216, -1,
      211, 216, 212, -1,
      212, 216, 217, -1,
      212, 217, 213, -1,
      213, 217, 218, -1,
      213, 218, 106, -1,
      106, 218, 105, -1,
      56, 66, 214, -1,
      214, 66, 219, -1,
      214, 219, 215, -1,
      215, 219, 220, -1,
      215, 220, 216, -1,
      216, 220, 221, -1,
      216, 221, 217, -1,
      217, 221, 222, -1,
      217, 222, 218, -1,
      218, 222, 223, -1,
      218, 223, 105, -1,
      105, 223, 104, -1,
      66, 54, 219, -1,
      219, 54, 224, -1,
      219, 224, 220, -1,
      220, 224, 225, -1,
      220, 225, 221, -1,
      221, 225, 226, -1,
      221, 226, 222, -1,
      222, 226, 227, -1,
      222, 227, 223, -1,
      223, 227, 228, -1,
      223, 228, 104, -1,
      104, 228, 3, -1,
      49, 48, 169, -1,
      49, 169, 229, -1,
      229, 169, 171, -1,
      229, 171, 230, -1,
      230, 171, 173, -1,
      230, 173, 231, -1,
      231, 173, 175, -1,
      231, 175, 232, -1,
      232, 175, 177, -1,
      232, 177, 233, -1,
      233, 177, 44, -1,
      233, 44, 45, -1,
      54, 52, 234, -1,
      54, 234, 224, -1,
      224, 234, 235, -1,
      224, 235, 225, -1,
      225, 235, 236, -1,
      225, 236, 226, -1,
      226, 236, 237, -1,
      226, 237, 227, -1,
      227, 237, 238, -1,
      227, 238, 228, -1,
      228, 238, 5, -1,
      228, 5, 3, -1,
      52, 65, 234, -1,
      234, 65, 239, -1,
      234, 239, 235, -1,
      235, 239, 240, -1,
      235, 240, 236, -1,
      236, 240, 241, -1,
      236, 241, 237, -1,
      237, 241, 242, -1,
      237, 242, 238, -1,
      238, 242, 243, -1,
      238, 243, 5, -1,
      5, 243, 113, -1,
      65, 64, 239, -1,
      239, 64, 244, -1,
      239, 244, 240, -1,
      240, 244, 245, -1,
      240, 245, 241, -1,
      241, 245, 246, -1,
      241, 246, 242, -1,
      242, 246, 247, -1,
      242, 247, 243, -1,
      243, 247, 248, -1,
      243, 248, 113, -1,
      113, 248, 112, -1,
      64, 63, 244, -1,
      244, 63, 249, -1,
      244, 249, 245, -1,
      245, 249, 250, -1,
      245, 250, 246, -1,
      246, 250, 251, -1,
      246, 251, 247, -1,
      247, 251, 252, -1,
      247, 252, 248, -1,
      248, 252, 253, -1,
      248, 253, 112, -1,
      112, 253, 111, -1,
      63, 53, 249, -1,
      249, 53, 254, -1,
      249, 254, 250, -1,
      250, 254, 255, -1,
      250, 255, 251, -1,
      251, 255, 256, -1,
      251, 256, 252, -1,
      252, 256, 257, -1,
      252, 257, 253, -1,
      253, 257, 258, -1,
      253, 258, 111, -1,
      111, 258, 110, -1,
      53, 51, 254, -1,
      254, 51, 259, -1,
      254, 259, 255, -1,
      255, 259, 260, -1,
      255, 260, 256, -1,
      256, 260, 261, -1,
      256, 261, 257, -1,
      257, 261, 262, -1,
      257, 262, 258, -1,
      258, 262, 263, -1,
      258, 263, 110, -1,
      110, 263, 109, -1,
      51, 49, 259, -1,
      259, 49, 229, -1,
      259, 229, 260, -1,
      260, 229, 230, -1,
      260, 230, 261, -1,
      261, 230, 231, -1,
      261, 231, 262, -1,
      262, 231, 232, -1,
      262, 232, 263, -1,
      263, 232, 233, -1,
      263, 233, 109, -1,
      109, 233, 45, -1,
    ]
  }
}

Shape {
  appearance Appearance {
    material Material {
      diffuseColor 0.7529 0.7529 0.7529
      specularColor 0.3765 0.3765 0.3765
      ambientIntensity 0.2
      transparency 0.0000
      shininess 0.5
    }
  }
  geometry IndexedFaceSet {
    ccw TRUE
    solid FALSE
    coord DEF co Coordinate {
      point [
        1.594488 0.688976 -0.007874,
        2.460630 0.688976 -0.007874,
        1.594488 -0.688976 -0.007874,
        2.460630 -0.688976 -0.007874,
        1.594488 0.688976 0.149606,
        1.594488 -0.688976 0.149606,
        2.460630 0.688976 0.149606,
        2.460630 -0.688976 0.149606,
        2.470820 0.688976 0.150948,
        2.470820 -0.688976 0.150948,
        2.480315 0.688976 0.154881,
        2.480315 -0.688976 0.154881,
        2.488469 0.688976 0.161137,
        2.488469 -0.688976 0.161137,
        2.494725 0.688976 0.169291,
        2.494725 -0.688976 0.169291,
        2.498659 0.688976 0.178787,
        2.498659 -0.688976 0.178787,
        2.500000 0.688976 0.188976,
        2.500000 -0.688976 0.188976,
        2.500000 0.393701 0.976378,
        2.500000 0.688976 0.976378,
        2.500000 0.393701 0.740157,
        2.500000 -0.393701 0.740157,
        2.500000 -0.393701 0.976378,
        2.500000 -0.688976 0.976378,
        2.657480 -0.393701 0.818898,
        2.657480 -0.688976 0.818898,
        2.657480 -0.393701 0.740157,
        2.657480 -0.688976 0.188976,
        2.657480 0.393701 0.740157,
        2.657480 0.688976 0.188976,
        2.657480 0.393701 0.818898,
        2.657480 0.688976 0.818898,
        2.653698 -0.688976 0.150573,
        2.653698 0.688976 0.150573,
        2.642496 -0.688976 0.113645,
        2.642496 0.688976 0.113645,
        2.624305 -0.688976 0.079612,
        2.624305 0.688976 0.079612,
        2.599824 -0.688976 0.049782,
        2.599824 0.688976 0.049782,
        2.569994 -0.688976 0.025301,
        2.569994 0.688976 0.025301,
        2.535961 -0.688976 0.007110,
        2.535961 0.688976 0.007110,
        2.499033 -0.688976 -0.004092,
        2.499033 0.688976 -0.004092,
        2.535043 0.688976 0.972430,
        2.623123 0.688976 0.917085,
        2.598187 0.688976 0.942021,
        2.568328 0.688976 0.960783,
        2.641885 0.688976 0.887226,
        2.653532 0.688976 0.853940,
        2.653532 -0.688976 0.853940,
        2.535043 -0.688976 0.972430,
        2.641885 -0.688976 0.887226,
        2.623123 -0.688976 0.917085,
        2.598187 -0.688976 0.942021,
        2.568328 -0.688976 0.960783,
        2.653532 0.393701 0.853940,
        2.641885 0.393701 0.887226,
        2.623123 0.393701 0.917085,
        2.598187 0.393701 0.942021,
        2.568328 0.393701 0.960783,
        2.535043 0.393701 0.972430,
        2.535043 -0.393701 0.972430,
        2.623123 -0.393701 0.917085,
        2.641885 -0.393701 0.887226,
        2.568328 -0.393701 0.960783,
        2.598187 -0.393701 0.942021,
        2.653532 -0.393701 0.853940,
        -2.460630 0.688976 -0.007874,
        -1.594488 0.688976 -0.007874,
        -2.460630 -0.688976 -0.007874,
        -1.594488 -0.688976 -0.007874,
        -1.594488 0.688976 0.149606,
        -1.594488 -0.688976 0.149606,
        -2.460630 0.688976 0.149606,
        -2.460630 -0.688976 0.149606,
        -2.500000 0.688976 0.188976,
        -2.500000 -0.688976 0.188976,
        -2.498659 0.688976 0.178787,
        -2.498659 -0.688976 0.178787,
        -2.494725 0.688976 0.169291,
        -2.494725 -0.688976 0.169291,
        -2.488469 0.688976 0.161137,
        -2.488469 -0.688976 0.161137,
        -2.480315 0.688976 0.154881,
        -2.480315 -0.688976 0.154881,
        -2.470820 0.688976 0.150948,
        -2.470820 -0.688976 0.150948,
        -2.500000 -0.393701 0.976378,
        -2.500000 -0.688976 0.976378,
        -2.500000 -0.393701 0.740157,
        -2.500000 0.393701 0.740157,
        -2.500000 0.393701 0.976378,
        -2.500000 0.688976 0.976378,
        -2.657480 0.393701 0.818898,
        -2.657480 0.688976 0.818898,
        -2.657480 0.393701 0.740157,
        -2.657480 0.688976 0.188976,
        -2.657480 -0.393701 0.740157,
        -2.657480 -0.688976 0.188976,
        -2.657480 -0.393701 0.818898,
        -2.657480 -0.688976 0.818898,
        -2.499033 -0.688976 -0.004092,
        -2.499033 0.688976 -0.004092,
        -2.535961 -0.688976 0.007110,
        -2.535961 0.688976 0.007110,
        -2.569994 -0.688976 0.025301,
        -2.569994 0.688976 0.025301,
        -2.599824 -0.688976 0.049782,
        -2.599824 0.688976 0.049782,
        -2.624305 -0.688976 0.079612,
        -2.624305 0.688976 0.079612,
        -2.642496 -0.688976 0.113645,
        -2.642496 0.688976 0.113645,
        -2.653698 -0.688976 0.150573,
        -2.653698 0.688976 0.150573,
        -2.653532 0.688976 0.853940,
        -2.598187 0.688976 0.942021,
        -2.623123 0.688976 0.917085,
        -2.641885 0.688976 0.887226,
        -2.568328 0.688976 0.960783,
        -2.535043 0.688976 0.972430,
        -2.535043 -0.688976 0.972430,
        -2.653532 -0.688976 0.853940,
        -2.568328 -0.688976 0.960783,
        -2.598187 -0.688976 0.942021,
        -2.623123 -0.688976 0.917085,
        -2.641885 -0.688976 0.887226,
        -2.535043 0.393701 0.972430,
        -2.568328 0.393701 0.960783,
        -2.598187 0.393701 0.942021,
        -2.623123 0.393701 0.917085,
        -2.641885 0.393701 0.887226,
        -2.653532 0.393701 0.853940,
        -2.653532 -0.393701 0.853940,
        -2.598187 -0.393701 0.942021,
        -2.568328 -0.393701 0.960783,
        -2.535043 -0.393701 0.972430,
        -2.641885 -0.393701 0.887226,
        -2.623123 -0.393701 0.917085,
      ]
    }
    coordIndex [
      0, 1, 2, -1,
      2, 1, 3, -1,
      4, 0, 5, -1,
      5, 0, 2, -1,
      6, 4, 7, -1,
      7, 4, 5, -1,
      6, 7, 8, -1,
      8, 7, 9, -1,
      8, 9, 10, -1,
      10, 9, 11, -1,
      10, 11, 12, -1,
      12, 11, 13, -1,
      12, 13, 14, -1,
      14, 13, 15, -1,
      14, 15, 16, -1,
      16, 15, 17, -1,
      16, 17, 18, -1,
      18, 17, 19, -1,
      20, 21, 22, -1,
      22, 21, 18, -1,
      22, 18, 23, -1,
      23, 18, 19, -1,
      23, 19, 24, -1,
      24, 19, 25, -1,
      26, 27, 28, -1,
      28, 27, 29, -1,
      28, 29, 30, -1,
      30, 29, 31, -1,
      30, 31, 32, -1,
      32, 31, 33, -1,
      31, 29, 34, -1,
      31, 34, 35, -1,
      35, 34, 36, -1,
      35, 36, 37, -1,
      37, 36, 38, -1,
      37, 38, 39, -1,
      39, 38, 40, -1,
      39, 40, 41, -1,
      41, 40, 42, -1,
      41, 42, 43, -1,
      43, 42, 44, -1,
      43, 44, 45, -1,
      45, 44, 46, -1,
      45, 46, 47, -1,
      47, 46, 3, -1,
      47, 3, 1, -1,
      10, 12, 41, -1,
      41, 12, 39, -1,
      39, 12, 14, -1,
      39, 14, 37, -1,
      37, 14, 16, -1,
      37, 16, 35, -1,
      0, 4, 1, -1,
      1, 4, 6, -1,
      1, 6, 47, -1,
      47, 6, 8, -1,
      47, 8, 45, -1,
      45, 8, 10, -1,
      45, 10, 43, -1,
      43, 10, 41, -1,
      35, 16, 31, -1,
      31, 16, 18, -1,
      31, 18, 33, -1,
      33, 18, 21, -1,
      33, 21, 48, -1,
      49, 48, 50, -1,
      50, 48, 51, -1,
      49, 52, 48, -1,
      48, 52, 53, -1,
      48, 53, 33, -1,
      9, 44, 11, -1,
      11, 44, 42, -1,
      11, 42, 13, -1,
      13, 42, 40, -1,
      13, 40, 15, -1,
      40, 38, 15, -1,
      15, 38, 36, -1,
      15, 36, 17, -1,
      17, 36, 34, -1,
      17, 34, 19, -1,
      19, 34, 29, -1,
      19, 29, 25, -1,
      5, 2, 7, -1,
      7, 2, 3, -1,
      7, 3, 9, -1,
      9, 3, 46, -1,
      9, 46, 44, -1,
      29, 27, 25, -1,
      25, 27, 54, -1,
      25, 54, 55, -1,
      55, 54, 56, -1,
      56, 57, 55, -1,
      55, 57, 58, -1,
      55, 58, 59, -1,
      30, 32, 22, -1,
      22, 32, 60, -1,
      60, 61, 22, -1,
      22, 61, 62, -1,
      22, 62, 63, -1,
      63, 64, 22, -1,
      22, 64, 65, -1,
      22, 65, 20, -1,
      28, 30, 23, -1,
      23, 30, 22, -1,
      23, 24, 66, -1,
      23, 67, 68, -1,
      66, 69, 23, -1,
      23, 69, 70, -1,
      23, 70, 67, -1,
      68, 71, 23, -1,
      23, 71, 26, -1,
      23, 26, 28, -1,
      32, 33, 53, -1,
      32, 53, 60, -1,
      60, 53, 52, -1,
      60, 52, 61, -1,
      61, 52, 49, -1,
      61, 49, 62, -1,
      62, 49, 50, -1,
      62, 50, 63, -1,
      63, 50, 51, -1,
      63, 51, 64, -1,
      64, 51, 48, -1,
      64, 48, 65, -1,
      65, 48, 21, -1,
      65, 21, 20, -1,
      27, 26, 71, -1,
      27, 71, 54, -1,
      54, 71, 68, -1,
      54, 68, 56, -1,
      56, 68, 67, -1,
      56, 67, 57, -1,
      57, 67, 70, -1,
      57, 70, 58, -1,
      58, 70, 69, -1,
      58, 69, 59, -1,
      59, 69, 66, -1,
      59, 66, 55, -1,
      55, 66, 24, -1,
      55, 24, 25, -1,
      72, 73, 74, -1,
      74, 73, 75, -1,
      73, 76, 75, -1,
      75, 76, 77, -1,
      76, 78, 77, -1,
      77, 78, 79, -1,
      80, 81, 82, -1,
      82, 81, 83, -1,
      82, 83, 84, -1,
      84, 83, 85, -1,
      84, 85, 86, -1,
      86, 85, 87, -1,
      86, 87, 88, -1,
      88, 87, 89, -1,
      88, 89, 90, -1,
      90, 89, 91, -1,
      90, 91, 78, -1,
      78, 91, 79, -1,
      92, 93, 94, -1,
      94, 93, 81, -1,
      94, 81, 95, -1,
      95, 81, 80, -1,
      95, 80, 96, -1,
      96, 80, 97, -1,
      98, 99, 100, -1,
      100, 99, 101, -1,
      100, 101, 102, -1,
      102, 101, 103, -1,
      102, 103, 104, -1,
      104, 103, 105, -1,
      72, 74, 106, -1,
      72, 106, 107, -1,
      107, 106, 108, -1,
      107, 108, 109, -1,
      109, 108, 110, -1,
      109, 110, 111, -1,
      111, 110, 112, -1,
      111, 112, 113, -1,
      113, 112, 114, -1,
      113, 114, 115, -1,
      115, 114, 116, -1,
      115, 116, 117, -1,
      117, 116, 118, -1,
      117, 118, 119, -1,
      119, 118, 103, -1,
      119, 103, 101, -1,
      84, 117, 82, -1,
      82, 117, 119, -1,
      82, 119, 80, -1,
      80, 119, 101, -1,
      80, 101, 97, -1,
      97, 101, 99, -1,
      97, 99, 120, -1,
      90, 109, 88, -1,
      88, 109, 111, -1,
      88, 111, 86, -1,
      86, 111, 113, -1,
      86, 113, 84, -1,
      84, 113, 115, -1,
      84, 115, 117, -1,
      76, 73, 78, -1,
      78, 73, 72, -1,
      78, 72, 90, -1,
      90, 72, 107, -1,
      90, 107, 109, -1,
      121, 120, 122, -1,
      122, 120, 123, -1,
      121, 124, 120, -1,
      120, 124, 125, -1,
      120, 125, 97, -1,
      105, 103, 81, -1,
      81, 103, 83, -1,
      75, 77, 74, -1,
      74, 77, 79, -1,
      74, 79, 106, -1,
      106, 79, 91, -1,
      106, 91, 108, -1,
      108, 91, 89, -1,
      103, 118, 83, -1,
      83, 118, 116, -1,
      83, 116, 85, -1,
      85, 116, 114, -1,
      85, 114, 87, -1,
      87, 114, 112, -1,
      87, 112, 89, -1,
      89, 112, 110, -1,
      89, 110, 108, -1,
      81, 93, 105, -1,
      105, 93, 126, -1,
      105, 126, 127, -1,
      127, 126, 128, -1,
      128, 129, 127, -1,
      127, 129, 130, -1,
      127, 130, 131, -1,
      96, 132, 95, -1,
      95, 132, 133, -1,
      133, 134, 95, -1,
      95, 134, 135, -1,
      95, 135, 136, -1,
      136, 137, 95, -1,
      95, 137, 98, -1,
      95, 98, 100, -1,
      100, 102, 95, -1,
      95, 102, 94, -1,
      102, 104, 94, -1,
      94, 104, 138, -1,
      139, 140, 94, -1,
      94, 140, 141, -1,
      94, 141, 92, -1,
      138, 142, 94, -1,
      94, 142, 143, -1,
      94, 143, 139, -1,
      96, 97, 125, -1,
      96, 125, 132, -1,
      132, 125, 124, -1,
      132, 124, 133, -1,
      133, 124, 121, -1,
      133, 121, 134, -1,
      134, 121, 122, -1,
      134, 122, 135, -1,
      135, 122, 123, -1,
      135, 123, 136, -1,
      136, 123, 120, -1,
      136, 120, 137, -1,
      137, 120, 99, -1,
      137, 99, 98, -1,
      93, 92, 141, -1,
      93, 141, 126, -1,
      126, 141, 140, -1,
      126, 140, 128, -1,
      128, 140, 139, -1,
      128, 139, 129, -1,
      129, 139, 143, -1,
      129, 143, 130, -1,
      130, 143, 142, -1,
      130, 142, 131, -1,
      131, 142, 138, -1,
      131, 138, 127, -1,
      127, 138, 104, -1,
      127, 104, 105, -1,
    ]
  }
}

Shape {
  appearance Appearance {
    material Material {
      diffuseColor 0.0000 0.0000 0.0000
      specularColor 0.0000 0.0000 0.0000
      ambientIntensity 0.2
      transparency 0.0000
      shininess 0.5
    }
  }
  geometry IndexedFaceSet {
    ccw TRUE
    solid FALSE
    coord DEF co Coordinate {
      point [
        -1.203378 -2.484252 0.467076,
        -1.203378 -2.484252 0.451862,
        -1.203378 -2.480315 0.467076,
        -1.203378 -2.480315 0.451862,
        -1.256526 -2.484252 0.467076,
        -1.256526 -2.480315 0.467076,
        -1.256526 -2.484252 0.585311,
        -1.256526 -2.480315 0.585311,
        -1.273753 -2.484252 0.585311,
        -1.273753 -2.480315 0.585311,
        -1.273753 -2.484252 0.451862,
        -1.273753 -2.480315 0.451862,
        -1.134948 -2.484252 0.449610,
        -1.134948 -2.480315 0.449610,
        -1.126800 -2.480315 0.449889,
        -1.126800 -2.484252 0.449889,
        -1.119234 -2.480315 0.450720,
        -1.119234 -2.484252 0.450720,
        -1.112407 -2.480315 0.452052,
        -1.112407 -2.484252 0.452052,
        -1.106253 -2.480315 0.453841,
        -1.106253 -2.484252 0.453841,
        -1.100710 -2.480315 0.456054,
        -1.100710 -2.484252 0.456054,
        -1.098004 -2.480315 0.457388,
        -1.098004 -2.484252 0.457388,
        -1.098004 -2.484252 0.473898,
        -1.098004 -2.480315 0.473898,
        -1.103030 -2.480315 0.471174,
        -1.103030 -2.484252 0.471174,
        -1.108345 -2.480315 0.468941,
        -1.108345 -2.484252 0.468941,
        -1.113967 -2.480315 0.467197,
        -1.113967 -2.484252 0.467197,
        -1.119922 -2.480315 0.465943,
        -1.119922 -2.484252 0.465943,
        -1.126245 -2.480315 0.465192,
        -1.126245 -2.484252 0.465192,
        -1.132458 -2.480315 0.464961,
        -1.132458 -2.484252 0.464961,
        -1.138267 -2.480315 0.465241,
        -1.138267 -2.484252 0.465241,
        -1.143728 -2.480315 0.466075,
        -1.143728 -2.484252 0.466075,
        -1.148763 -2.480315 0.467426,
        -1.148763 -2.484252 0.467426,
        -1.153416 -2.480315 0.469269,
        -1.153416 -2.484252 0.469269,
        -1.157728 -2.480315 0.471592,
        -1.157728 -2.484252 0.471592,
        -1.161737 -2.480315 0.474398,
        -1.161737 -2.484252 0.474398,
        -1.165469 -2.480315 0.477706,
        -1.165469 -2.484252 0.477706,
        -1.166741 -2.480315 0.479015,
        -1.166741 -2.484252 0.479015,
        -1.169972 -2.480315 0.482916,
        -1.169972 -2.484252 0.482916,
        -1.172744 -2.480315 0.487157,
        -1.172744 -2.484252 0.487157,
        -1.175062 -2.480315 0.491741,
        -1.175062 -2.484252 0.491741,
        -1.176933 -2.480315 0.496702,
        -1.176933 -2.484252 0.496702,
        -1.178357 -2.480315 0.502080,
        -1.178357 -2.484252 0.502080,
        -1.179319 -2.480315 0.507919,
        -1.179319 -2.484252 0.507919,
        -1.179794 -2.480315 0.514269,
        -1.179794 -2.484252 0.514269,
        -1.179841 -2.480315 0.517085,
        -1.179841 -2.484252 0.517085,
        -1.179561 -2.480315 0.523994,
        -1.179561 -2.484252 0.523994,
        -1.178727 -2.480315 0.530461,
        -1.178727 -2.484252 0.530461,
        -1.177384 -2.480315 0.536369,
        -1.177384 -2.484252 0.536369,
        -1.175565 -2.480315 0.541770,
        -1.175565 -2.484252 0.541770,
        -1.173293 -2.480315 0.546716,
        -1.173293 -2.484252 0.546716,
        -1.170578 -2.480315 0.551249,
        -1.170578 -2.484252 0.551249,
        -1.167422 -2.480315 0.555407,
        -1.167422 -2.484252 0.555407,
        -1.165820 -2.480315 0.557202,
        -1.165820 -2.484252 0.557202,
        -1.161967 -2.480315 0.560856,
        -1.161967 -2.484252 0.560856,
        -1.157841 -2.480315 0.563982,
        -1.157841 -2.484252 0.563982,
        -1.153480 -2.480315 0.566569,
        -1.153480 -2.484252 0.566569,
        -1.148863 -2.480315 0.568644,
        -1.148863 -2.484252 0.568644,
        -1.143959 -2.480315 0.570225,
        -1.143959 -2.484252 0.570225,
        -1.138732 -2.480315 0.571315,
        -1.138732 -2.484252 0.571315,
        -1.133142 -2.480315 0.571903,
        -1.133142 -2.484252 0.571903,
        -1.129456 -2.480315 0.572007,
        -1.129456 -2.484252 0.572007,
        -1.123043 -2.480315 0.571725,
        -1.123043 -2.484252 0.571725,
        -1.116861 -2.480315 0.570880,
        -1.116861 -2.484252 0.570880,
        -1.110979 -2.480315 0.569495,
        -1.110979 -2.484252 0.569495,
        -1.105358 -2.480315 0.567581,
        -1.105358 -2.484252 0.567581,
        -1.099961 -2.480315 0.565138,
        -1.099961 -2.484252 0.565138,
        -1.098004 -2.480315 0.564093,
        -1.098004 -2.484252 0.564093,
        -1.098004 -2.484252 0.582104,
        -1.098004 -2.480315 0.582104,
        -1.103153 -2.480315 0.584025,
        -1.103153 -2.484252 0.584025,
        -1.108844 -2.480315 0.585541,
        -1.108844 -2.484252 0.585541,
        -1.115244 -2.480315 0.586664,
        -1.115244 -2.484252 0.586664,
        -1.122423 -2.480315 0.587353,
        -1.122423 -2.484252 0.587353,
        -1.129626 -2.480315 0.587562,
        -1.129626 -2.484252 0.587562,
        -1.136590 -2.480315 0.587281,
        -1.136590 -2.484252 0.587281,
        -1.143230 -2.480315 0.586442,
        -1.143230 -2.484252 0.586442,
        -1.149460 -2.480315 0.585075,
        -1.149460 -2.484252 0.585075,
        -1.155319 -2.480315 0.583202,
        -1.155319 -2.484252 0.583202,
        -1.160842 -2.480315 0.580835,
        -1.160842 -2.484252 0.580835,
        -1.166062 -2.480315 0.577978,
        -1.166062 -2.484252 0.577978,
        -1.171006 -2.480315 0.574621,
        -1.171006 -2.484252 0.574621,
        -1.175695 -2.480315 0.570749,
        -1.175695 -2.484252 0.570749,
        -1.178646 -2.480315 0.567913,
        -1.178646 -2.484252 0.567913,
        -1.182728 -2.480315 0.563352,
        -1.182728 -2.484252 0.563352,
        -1.186318 -2.480315 0.558485,
        -1.186318 -2.484252 0.558485,
        -1.189409 -2.480315 0.553332,
        -1.189409 -2.484252 0.553332,
        -1.192020 -2.480315 0.547872,
        -1.192020 -2.484252 0.547872,
        -1.194161 -2.480315 0.542077,
        -1.194161 -2.484252 0.542077,
        -1.195834 -2.480315 0.535915,
        -1.195834 -2.484252 0.535915,
        -1.197029 -2.480315 0.529351,
        -1.197029 -2.484252 0.529351,
        -1.197730 -2.480315 0.522344,
        -1.197730 -2.484252 0.522344,
        -1.197920 -2.480315 0.516062,
        -1.197920 -2.484252 0.516062,
        -1.197640 -2.480315 0.508572,
        -1.197640 -2.484252 0.508572,
        -1.196804 -2.480315 0.501499,
        -1.196804 -2.484252 0.501499,
        -1.195450 -2.480315 0.494958,
        -1.195450 -2.484252 0.494958,
        -1.193609 -2.480315 0.488905,
        -1.193609 -2.484252 0.488905,
        -1.191303 -2.480315 0.483296,
        -1.191303 -2.484252 0.483296,
        -1.188543 -2.480315 0.478092,
        -1.188543 -2.484252 0.478092,
        -1.185332 -2.480315 0.473259,
        -1.185332 -2.484252 0.473259,
        -1.181863 -2.480315 0.468991,
        -1.181863 -2.484252 0.468991,
        -1.180796 -2.480315 0.467826,
        -1.180796 -2.484252 0.467826,
        -1.176652 -2.480315 0.463836,
        -1.176652 -2.484252 0.463836,
        -1.172206 -2.480315 0.460345,
        -1.172206 -2.484252 0.460345,
        -1.167485 -2.480315 0.457366,
        -1.167485 -2.484252 0.457366,
        -1.162471 -2.480315 0.454875,
        -1.162471 -2.484252 0.454875,
        -1.157136 -2.480315 0.452861,
        -1.157136 -2.484252 0.452861,
        -1.151449 -2.480315 0.451319,
        -1.151449 -2.484252 0.451319,
        -1.145373 -2.480315 0.450259,
        -1.145373 -2.484252 0.450259,
        -1.138868 -2.480315 0.449698,
        -1.138868 -2.484252 0.449698,
        -0.999520 -2.484252 0.467076,
        -0.999520 -2.484252 0.451862,
        -0.999520 -2.480315 0.467076,
        -0.999520 -2.480315 0.451862,
        -1.054067 -2.484252 0.467076,
        -1.054067 -2.480315 0.467076,
        -1.054067 -2.484252 0.511969,
        -1.054067 -2.480315 0.511969,
        -1.006343 -2.484252 0.511969,
        -1.006343 -2.480315 0.511969,
        -1.006343 -2.484252 0.527251,
        -1.006343 -2.480315 0.527251,
        -1.054067 -2.484252 0.527251,
        -1.054067 -2.480315 0.527251,
        -1.054067 -2.484252 0.569960,
        -1.054067 -2.480315 0.569960,
        -1.002556 -2.484252 0.569960,
        -1.002556 -2.480315 0.569960,
        -1.002556 -2.484252 0.585311,
        -1.002556 -2.480315 0.585311,
        -1.071294 -2.484252 0.585311,
        -1.071294 -2.480315 0.585311,
        -1.071294 -2.484252 0.451862,
        -1.071294 -2.480315 0.451862,
        -0.912912 -2.484252 0.471367,
        -0.903682 -2.484252 0.458607,
        -0.908072 -2.484252 0.473628,
        -0.898137 -2.484252 0.461443,
        -0.903687 -2.484252 0.476318,
        -0.892933 -2.484252 0.464752,
        -0.899716 -2.484252 0.479432,
        -0.888045 -2.484252 0.468544,
        -0.898035 -2.484252 0.480994,
        -0.885788 -2.484252 0.470556,
        -0.894665 -2.484252 0.484654,
        -0.881526 -2.484252 0.474915,
        -0.891752 -2.484252 0.488667,
        -0.877778 -2.484252 0.479573,
        -0.889293 -2.484252 0.493032,
        -0.874560 -2.484252 0.484494,
        -0.887276 -2.484252 0.497781,
        -0.884895 -2.484252 0.532687,
        -0.868162 -2.484252 0.539705,
        -0.886236 -2.484252 0.538222,
        -0.870034 -2.484252 0.545330,
        -0.888037 -2.484252 0.543177,
        -0.872390 -2.484252 0.550578,
        -0.890269 -2.484252 0.547611,
        -0.875228 -2.484252 0.555488,
        -0.892916 -2.484252 0.551579,
        -0.878552 -2.484252 0.560089,
        -0.882380 -2.484252 0.564408,
        -0.895977 -2.484252 0.555125,
        -0.885788 -2.484252 0.567641,
        -0.898410 -2.484252 0.557407,
        -0.890730 -2.484252 0.571610,
        -0.902540 -2.484252 0.560580,
        -0.895956 -2.484252 0.575069,
        -0.907009 -2.484252 0.563290,
        -0.901446 -2.484252 0.578013,
        -0.911832 -2.484252 0.565544,
        -0.907222 -2.484252 0.580457,
        -0.917042 -2.484252 0.567347,
        -0.913311 -2.484252 0.582411,
        -0.922680 -2.484252 0.568695,
        -0.919744 -2.484252 0.583874,
        -0.928790 -2.484252 0.569571,
        -0.926555 -2.484252 0.584836,
        -0.935256 -2.484252 0.569944,
        -0.933781 -2.484252 0.585281,
        -0.936924 -2.484252 0.569960,
        -0.936241 -2.484252 0.585311,
        -0.957084 -2.484252 0.569960,
        -0.974311 -2.484252 0.585311,
        -0.957084 -2.484252 0.467076,
        -0.974311 -2.484252 0.451862,
        -0.937708 -2.484252 0.467076,
        -0.937606 -2.484252 0.451862,
        -0.930691 -2.484252 0.467358,
        -0.929963 -2.484252 0.452146,
        -0.924165 -2.484252 0.468198,
        -0.922701 -2.484252 0.452993,
        -0.918258 -2.484252 0.469548,
        -0.915927 -2.484252 0.454368,
        -0.909600 -2.484252 0.456246,
        -0.871847 -2.484252 0.489696,
        -0.869625 -2.484252 0.495202,
        -0.885699 -2.484252 0.502954,
        -0.867887 -2.484252 0.501041,
        -0.884576 -2.484252 0.508596,
        -0.866637 -2.484252 0.507246,
        -0.883928 -2.484252 0.514757,
        -0.865888 -2.484252 0.513856,
        -0.883776 -2.484252 0.519814,
        -0.865662 -2.484252 0.520292,
        -0.884057 -2.484252 0.526507,
        -0.865945 -2.484252 0.527162,
        -0.866791 -2.484252 0.533664,
        -0.902540 -2.480315 0.560580,
        -0.890730 -2.480315 0.571610,
        -0.898410 -2.480315 0.557407,
        -0.885788 -2.480315 0.567641,
        -0.895977 -2.480315 0.555125,
        -0.882380 -2.480315 0.564408,
        -0.892916 -2.480315 0.551579,
        -0.878552 -2.480315 0.560089,
        -0.890269 -2.480315 0.547611,
        -0.875228 -2.480315 0.555488,
        -0.888037 -2.480315 0.543177,
        -0.872390 -2.480315 0.550578,
        -0.886236 -2.480315 0.538222,
        -0.908072 -2.480315 0.473628,
        -0.903682 -2.480315 0.458607,
        -0.912912 -2.480315 0.471367,
        -0.909600 -2.480315 0.456246,
        -0.918258 -2.480315 0.469548,
        -0.915927 -2.480315 0.454368,
        -0.924165 -2.480315 0.468198,
        -0.922701 -2.480315 0.452993,
        -0.930691 -2.480315 0.467358,
        -0.929963 -2.480315 0.452146,
        -0.937708 -2.480315 0.467076,
        -0.937606 -2.480315 0.451862,
        -0.957084 -2.480315 0.467076,
        -0.974311 -2.480315 0.451862,
        -0.957084 -2.480315 0.569960,
        -0.974311 -2.480315 0.585311,
        -0.936924 -2.480315 0.569960,
        -0.936241 -2.480315 0.585311,
        -0.935256 -2.480315 0.569944,
        -0.933781 -2.480315 0.585281,
        -0.928790 -2.480315 0.569571,
        -0.926555 -2.480315 0.584836,
        -0.922680 -2.480315 0.568695,
        -0.919744 -2.480315 0.583874,
        -0.917042 -2.480315 0.567347,
        -0.913311 -2.480315 0.582411,
        -0.911832 -2.480315 0.565544,
        -0.907222 -2.480315 0.580457,
        -0.907009 -2.480315 0.563290,
        -0.901446 -2.480315 0.578013,
        -0.895956 -2.480315 0.575069,
        -0.885699 -2.480315 0.502954,
        -0.869625 -2.480315 0.495202,
        -0.887276 -2.480315 0.497781,
        -0.871847 -2.480315 0.489696,
        -0.889293 -2.480315 0.493032,
        -0.874560 -2.480315 0.484494,
        -0.891752 -2.480315 0.488667,
        -0.877778 -2.480315 0.479573,
        -0.894665 -2.480315 0.484654,
        -0.881526 -2.480315 0.474915,
        -0.898035 -2.480315 0.480994,
        -0.885788 -2.480315 0.470556,
        -0.899716 -2.480315 0.479432,
        -0.888045 -2.480315 0.468544,
        -0.903687 -2.480315 0.476318,
        -0.892933 -2.480315 0.464752,
        -0.898137 -2.480315 0.461443,
        -0.870034 -2.480315 0.545330,
        -0.868162 -2.480315 0.539705,
        -0.884895 -2.480315 0.532687,
        -0.866791 -2.480315 0.533664,
        -0.884057 -2.480315 0.526507,
        -0.865945 -2.480315 0.527162,
        -0.883776 -2.480315 0.519814,
        -0.865662 -2.480315 0.520292,
        -0.883928 -2.480315 0.514757,
        -0.865888 -2.480315 0.513856,
        -0.884576 -2.480315 0.508596,
        -0.866637 -2.480315 0.507246,
        -0.867887 -2.480315 0.501041,
        -0.820940 -2.484252 0.503440,
        -0.826398 -2.484252 0.488362,
        -0.776150 -2.484252 0.503440,
        -0.770828 -2.484252 0.488362,
        -0.800984 -2.484252 0.558907,
        -0.807431 -2.484252 0.585311,
        -0.858259 -2.484252 0.451862,
        -0.839224 -2.484252 0.451862,
        -0.799828 -2.484252 0.562890,
        -0.798801 -2.484252 0.568255,
        -0.789010 -2.484252 0.585311,
        -0.798391 -2.484252 0.568255,
        -0.797313 -2.484252 0.562609,
        -0.796311 -2.484252 0.558907,
        -0.738182 -2.484252 0.451862,
        -0.757217 -2.484252 0.451862,
        -0.776150 -2.480315 0.503440,
        -0.796311 -2.480315 0.558907,
        -0.789010 -2.480315 0.585311,
        -0.797313 -2.480315 0.562609,
        -0.798391 -2.480315 0.568255,
        -0.807431 -2.480315 0.585311,
        -0.798801 -2.480315 0.568255,
        -0.799828 -2.480315 0.562890,
        -0.800984 -2.480315 0.558907,
        -0.820940 -2.480315 0.503440,
        -0.858259 -2.480315 0.451862,
        -0.738182 -2.480315 0.451862,
        -0.757217 -2.480315 0.451862,
        -0.770828 -2.480315 0.488362,
        -0.839224 -2.480315 0.451862,
        -0.826398 -2.480315 0.488362,
        -1.201980 -2.484252 0.255372,
        -1.201980 -2.484252 0.240157,
        -1.201980 -2.480315 0.255372,
        -1.201980 -2.480315 0.240157,
        -1.256526 -2.484252 0.255372,
        -1.256526 -2.480315 0.255372,
        -1.256526 -2.484252 0.300265,
        -1.256526 -2.480315 0.300265,
        -1.208802 -2.484252 0.300265,
        -1.208802 -2.480315 0.300265,
        -1.208802 -2.484252 0.315547,
        -1.208802 -2.480315 0.315547,
        -1.256526 -2.484252 0.315547,
        -1.256526 -2.480315 0.315547,
        -1.256526 -2.484252 0.358256,
        -1.256526 -2.480315 0.358256,
        -1.205016 -2.484252 0.358256,
        -1.205016 -2.480315 0.358256,
        -1.205016 -2.484252 0.373607,
        -1.205016 -2.480315 0.373607,
        -1.273753 -2.484252 0.373607,
        -1.273753 -2.480315 0.373607,
        -1.273753 -2.484252 0.240157,
        -1.273753 -2.480315 0.240157,
        -1.126113 -2.484252 0.240157,
        -1.109398 -2.484252 0.240157,
        -1.126113 -2.484252 0.254894,
        -1.109398 -2.484252 0.301493,
        -1.138899 -2.484252 0.323265,
        -1.136260 -2.484252 0.322307,
        -1.129370 -2.484252 0.335597,
        -1.168647 -2.484252 0.292996,
        -1.172237 -2.484252 0.291196,
        -1.162687 -2.484252 0.280614,
        -1.164592 -2.484252 0.279115,
        -1.126052 -2.484252 0.334301,
        -1.133998 -2.484252 0.321032,
        -1.123074 -2.484252 0.332712,
        -1.132062 -2.484252 0.319452,
        -1.120404 -2.484252 0.330826,
        -1.165885 -2.484252 0.257679,
        -1.167229 -2.484252 0.259647,
        -1.181165 -2.484252 0.249181,
        -1.175315 -2.484252 0.289174,
        -1.177937 -2.484252 0.286942,
        -1.166144 -2.484252 0.277306,
        -1.164485 -2.484252 0.294553,
        -1.160394 -2.484252 0.281868,
        -1.159684 -2.484252 0.295837,
        -1.157426 -2.484252 0.283022,
        -1.154358 -2.484252 0.296785,
        -1.118015 -2.484252 0.328629,
        -1.130402 -2.484252 0.317549,
        -1.115907 -2.484252 0.326109,
        -1.129011 -2.484252 0.315314,
        -1.114052 -2.484252 0.323203,
        -1.178482 -2.484252 0.286398,
        -1.180595 -2.484252 0.283921,
        -1.167365 -2.484252 0.275237,
        -1.182350 -2.484252 0.281213,
        -1.168255 -2.484252 0.272898,
        -1.129406 -2.484252 0.264764,
        -1.126556 -2.484252 0.254894,
        -1.131154 -2.484252 0.261978,
        -1.127397 -2.484252 0.253507,
        -1.147938 -2.484252 0.251826,
        -1.144120 -2.484252 0.239729,
        -1.144670 -2.484252 0.252443,
        -1.140800 -2.484252 0.241093,
        -1.141671 -2.484252 0.253441,
        -1.137730 -2.484252 0.242808,
        -1.138907 -2.484252 0.254808,
        -1.126123 -2.484252 0.277971,
        -1.126391 -2.484252 0.274366,
        -1.127033 -2.484252 0.270932,
        -1.128038 -2.484252 0.267741,
        -1.112471 -2.484252 0.319881,
        -1.127872 -2.484252 0.312696,
        -1.111181 -2.484252 0.316089,
        -1.126994 -2.484252 0.309639,
        -1.110213 -2.484252 0.311772,
        -1.164183 -2.484252 0.255918,
        -1.172354 -2.484252 0.241583,
        -1.162148 -2.484252 0.254380,
        -1.169250 -2.484252 0.240173,
        -1.159866 -2.484252 0.253182,
        -1.165859 -2.484252 0.239094,
        -1.157319 -2.484252 0.252318,
        -1.179145 -2.484252 0.246739,
        -1.177794 -2.484252 0.245411,
        -1.175200 -2.484252 0.243329,
        -1.168822 -2.484252 0.264320,
        -1.185161 -2.484252 0.258112,
        -1.168211 -2.484252 0.261843,
        -1.184176 -2.484252 0.254833,
        -1.182840 -2.484252 0.251869,
        -1.126113 -2.484252 0.287984,
        -1.126113 -2.484252 0.300742,
        -1.148423 -2.484252 0.284982,
        -1.153639 -2.484252 0.284050,
        -1.134865 -2.484252 0.244891,
        -1.132195 -2.484252 0.247351,
        -1.136349 -2.484252 0.256544,
        -1.129708 -2.484252 0.250212,
        -1.133974 -2.484252 0.258663,
        -1.133277 -2.484252 0.259397,
        -1.109603 -2.484252 0.306866,
        -1.126400 -2.484252 0.306078,
        -1.126126 -2.484252 0.301936,
        -1.126113 -2.484252 0.278842,
        -1.162148 -2.484252 0.238351,
        -1.158078 -2.484252 0.237961,
        -1.154469 -2.484252 0.251791,
        -1.155757 -2.484252 0.237906,
        -1.151424 -2.484252 0.251620,
        -1.151612 -2.484252 0.238113,
        -1.147714 -2.484252 0.238730,
        -1.183759 -2.484252 0.278268,
        -1.184829 -2.484252 0.275057,
        -1.168815 -2.484252 0.270252,
        -1.185559 -2.484252 0.271548,
        -1.169027 -2.484252 0.267039,
        -1.133065 -2.484252 0.336595,
        -1.137185 -2.484252 0.337277,
        -1.141979 -2.484252 0.323871,
        -1.141778 -2.484252 0.337619,
        -1.145421 -2.484252 0.324075,
        -1.143852 -2.484252 0.337652,
        -1.147124 -2.484252 0.324046,
        -1.149470 -2.484252 0.337444,
        -1.151582 -2.484252 0.323687,
        -1.154860 -2.484252 0.336822,
        -1.155935 -2.484252 0.322918,
        -1.159953 -2.484252 0.335807,
        -1.160202 -2.484252 0.321734,
        -1.164775 -2.484252 0.334414,
        -1.164403 -2.484252 0.320123,
        -1.169350 -2.484252 0.332651,
        -1.168552 -2.484252 0.318064,
        -1.173699 -2.484252 0.330522,
        -1.172660 -2.484252 0.315530,
        -1.176668 -2.484252 0.328783,
        -1.176668 -2.484252 0.312545,
        -1.185934 -2.484252 0.267701,
        -1.185981 -2.484252 0.265674,
        -1.185775 -2.484252 0.261748,
        -1.172660 -2.480315 0.315530,
        -1.176668 -2.480315 0.312545,
        -1.176668 -2.480315 0.328783,
        -1.133998 -2.480315 0.321032,
        -1.123074 -2.480315 0.332712,
        -1.132062 -2.480315 0.319452,
        -1.120404 -2.480315 0.330826,
        -1.130402 -2.480315 0.317549,
        -1.127033 -2.480315 0.270932,
        -1.126391 -2.480315 0.274366,
        -1.109398 -2.480315 0.301493,
        -1.165885 -2.480315 0.257679,
        -1.181165 -2.480315 0.249181,
        -1.167229 -2.480315 0.259647,
        -1.182840 -2.480315 0.251869,
        -1.168211 -2.480315 0.261843,
        -1.118015 -2.480315 0.328629,
        -1.115907 -2.480315 0.326109,
        -1.129011 -2.480315 0.315314,
        -1.114052 -2.480315 0.323203,
        -1.127872 -2.480315 0.312696,
        -1.141979 -2.480315 0.323871,
        -1.137185 -2.480315 0.337277,
        -1.138899 -2.480315 0.323265,
        -1.133065 -2.480315 0.336595,
        -1.136260 -2.480315 0.322307,
        -1.129370 -2.480315 0.335597,
        -1.126052 -2.480315 0.334301,
        -1.128038 -2.480315 0.267741,
        -1.126113 -2.480315 0.254894,
        -1.126113 -2.480315 0.240157,
        -1.109398 -2.480315 0.240157,
        -1.164592 -2.480315 0.279115,
        -1.172237 -2.480315 0.291196,
        -1.162687 -2.480315 0.280614,
        -1.168647 -2.480315 0.292996,
        -1.160394 -2.480315 0.281868,
        -1.164485 -2.480315 0.294553,
        -1.157426 -2.480315 0.283022,
        -1.159684 -2.480315 0.295837,
        -1.153639 -2.480315 0.284050,
        -1.154358 -2.480315 0.296785,
        -1.166144 -2.480315 0.277306,
        -1.177937 -2.480315 0.286942,
        -1.175315 -2.480315 0.289174,
        -1.164183 -2.480315 0.255918,
        -1.177794 -2.480315 0.245411,
        -1.179145 -2.480315 0.246739,
        -1.162148 -2.480315 0.254380,
        -1.172354 -2.480315 0.241583,
        -1.175200 -2.480315 0.243329,
        -1.126113 -2.480315 0.287984,
        -1.109603 -2.480315 0.306866,
        -1.126113 -2.480315 0.278842,
        -1.126123 -2.480315 0.277971,
        -1.167365 -2.480315 0.275237,
        -1.180595 -2.480315 0.283921,
        -1.178482 -2.480315 0.286398,
        -1.112471 -2.480315 0.319881,
        -1.111181 -2.480315 0.316089,
        -1.126994 -2.480315 0.309639,
        -1.110213 -2.480315 0.311772,
        -1.126400 -2.480315 0.306078,
        -1.126126 -2.480315 0.301936,
        -1.184176 -2.480315 0.254833,
        -1.185161 -2.480315 0.258112,
        -1.168822 -2.480315 0.264320,
        -1.126113 -2.480315 0.300742,
        -1.148423 -2.480315 0.284982,
        -1.168552 -2.480315 0.318064,
        -1.173699 -2.480315 0.330522,
        -1.164403 -2.480315 0.320123,
        -1.169350 -2.480315 0.332651,
        -1.160202 -2.480315 0.321734,
        -1.164775 -2.480315 0.334414,
        -1.155935 -2.480315 0.322918,
        -1.159953 -2.480315 0.335807,
        -1.151582 -2.480315 0.323687,
        -1.154860 -2.480315 0.336822,
        -1.147124 -2.480315 0.324046,
        -1.149470 -2.480315 0.337444,
        -1.145421 -2.480315 0.324075,
        -1.143852 -2.480315 0.337652,
        -1.141778 -2.480315 0.337619,
        -1.168815 -2.480315 0.270252,
        -1.184829 -2.480315 0.275057,
        -1.168255 -2.480315 0.272898,
        -1.183759 -2.480315 0.278268,
        -1.182350 -2.480315 0.281213,
        -1.185775 -2.480315 0.261748,
        -1.185981 -2.480315 0.265674,
        -1.169027 -2.480315 0.267039,
        -1.185934 -2.480315 0.267701,
        -1.185559 -2.480315 0.271548,
        -1.127397 -2.480315 0.253507,
        -1.129708 -2.480315 0.250212,
        -1.136349 -2.480315 0.256544,
        -1.132195 -2.480315 0.247351,
        -1.138907 -2.480315 0.254808,
        -1.134865 -2.480315 0.244891,
        -1.141671 -2.480315 0.253441,
        -1.137730 -2.480315 0.242808,
        -1.144670 -2.480315 0.252443,
        -1.154469 -2.480315 0.251791,
        -1.158078 -2.480315 0.237961,
        -1.157319 -2.480315 0.252318,
        -1.162148 -2.480315 0.238351,
        -1.159866 -2.480315 0.253182,
        -1.165859 -2.480315 0.239094,
        -1.169250 -2.480315 0.240173,
        -1.140800 -2.480315 0.241093,
        -1.144120 -2.480315 0.239729,
        -1.147938 -2.480315 0.251826,
        -1.147714 -2.480315 0.238730,
        -1.151424 -2.480315 0.251620,
        -1.151612 -2.480315 0.238113,
        -1.155757 -2.480315 0.237906,
        -1.133974 -2.480315 0.258663,
        -1.133277 -2.480315 0.259397,
        -1.126556 -2.480315 0.254894,
        -1.131154 -2.480315 0.261978,
        -1.129406 -2.480315 0.264764,
        -1.059252 -2.484252 0.251551,
        -1.059252 -2.480315 0.251551,
        -1.063523 -2.480315 0.251749,
        -1.063523 -2.484252 0.251749,
        -1.067700 -2.480315 0.252339,
        -1.067700 -2.484252 0.252339,
        -1.071770 -2.480315 0.253317,
        -1.071770 -2.484252 0.253317,
        -1.075754 -2.480315 0.254682,
        -1.075754 -2.484252 0.254682,
        -1.079671 -2.480315 0.256443,
        -1.079671 -2.484252 0.256443,
        -1.083540 -2.480315 0.258616,
        -1.083540 -2.484252 0.258616,
        -1.086747 -2.480315 0.260762,
        -1.086747 -2.484252 0.260762,
        -1.086747 -2.484252 0.243501,
        -1.086747 -2.480315 0.243501,
        -1.082743 -2.480315 0.241722,
        -1.082743 -2.484252 0.241722,
        -1.078509 -2.480315 0.240276,
        -1.078509 -2.484252 0.240276,
        -1.074023 -2.480315 0.239166,
        -1.074023 -2.484252 0.239166,
        -1.069263 -2.480315 0.238396,
        -1.069263 -2.484252 0.238396,
        -1.064202 -2.480315 0.237980,
        -1.064202 -2.484252 0.237980,
        -1.060889 -2.480315 0.237906,
        -1.060889 -2.484252 0.237906,
        -1.055582 -2.480315 0.238101,
        -1.055582 -2.484252 0.238101,
        -1.050625 -2.480315 0.238682,
        -1.050625 -2.484252 0.238682,
        -1.046115 -2.480315 0.239616,
        -1.046115 -2.484252 0.239616,
        -1.042015 -2.480315 0.240875,
        -1.042015 -2.484252 0.240875,
        -1.038289 -2.480315 0.242441,
        -1.038289 -2.484252 0.242441,
        -1.034904 -2.480315 0.244298,
        -1.034904 -2.484252 0.244298,
        -1.033122 -2.480315 0.245479,
        -1.033122 -2.484252 0.245479,
        -1.030431 -2.480315 0.247588,
        -1.030431 -2.484252 0.247588,
        -1.028137 -2.480315 0.249889,
        -1.028137 -2.484252 0.249889,
        -1.026265 -2.480315 0.252337,
        -1.026265 -2.484252 0.252337,
        -1.024779 -2.480315 0.254938,
        -1.024779 -2.484252 0.254938,
        -1.023654 -2.480315 0.257707,
        -1.023654 -2.484252 0.257707,
        -1.022880 -2.480315 0.260667,
        -1.022880 -2.484252 0.260667,
        -1.022457 -2.480315 0.263845,
        -1.022457 -2.484252 0.263845,
        -1.022376 -2.480315 0.266083,
        -1.022376 -2.484252 0.266083,
        -1.022571 -2.480315 0.269483,
        -1.022571 -2.484252 0.269483,
        -1.023150 -2.480315 0.272653,
        -1.023150 -2.484252 0.272653,
        -1.024087 -2.480315 0.275546,
        -1.024087 -2.484252 0.275546,
        -1.025365 -2.480315 0.278199,
        -1.025365 -2.484252 0.278199,
        -1.026983 -2.480315 0.280640,
        -1.026983 -2.484252 0.280640,
        -1.027970 -2.480315 0.281844,
        -1.027970 -2.484252 0.281844,
        -1.030069 -2.480315 0.283898,
        -1.030069 -2.484252 0.283898,
        -1.032743 -2.480315 0.285963,
        -1.032743 -2.484252 0.285963,
        -1.036187 -2.480315 0.288132,
        -1.036187 -2.484252 0.288132,
        -1.040518 -2.480315 0.290402,
        -1.040518 -2.484252 0.290402,
        -1.045864 -2.480315 0.292766,
        -1.045864 -2.484252 0.292766,
        -1.049530 -2.480315 0.294193,
        -1.049530 -2.484252 0.294193,
        -1.056778 -2.480315 0.297219,
        -1.056778 -2.484252 0.297219,
        -1.061286 -2.480315 0.299432,
        -1.061286 -2.484252 0.299432,
        -1.064217 -2.480315 0.301189,
        -1.064217 -2.484252 0.301189,
        -1.065767 -2.480315 0.302380,
        -1.065767 -2.484252 0.302380,
        -1.067166 -2.480315 0.303860,
        -1.067166 -2.484252 0.303860,
        -1.068226 -2.480315 0.305565,
        -1.068226 -2.484252 0.305565,
        -1.068946 -2.480315 0.307482,
        -1.068946 -2.484252 0.307482,
        -1.069342 -2.480315 0.309657,
        -1.069342 -2.484252 0.309657,
        -1.069417 -2.480315 0.311249,
        -1.069417 -2.484252 0.311249,
        -1.069223 -2.480315 0.313406,
        -1.069223 -2.484252 0.313406,
        -1.068645 -2.480315 0.315390,
        -1.068645 -2.484252 0.315390,
        -1.067707 -2.480315 0.317174,
        -1.067707 -2.484252 0.317174,
        -1.066410 -2.480315 0.318787,
        -1.066410 -2.484252 0.318787,
        -1.064773 -2.480315 0.320215,
        -1.064773 -2.484252 0.320215,
        -1.064335 -2.480315 0.320528,
        -1.064335 -2.484252 0.320528,
        -1.062135 -2.480315 0.321839,
        -1.062135 -2.484252 0.321839,
        -1.059673 -2.480315 0.322848,
        -1.059673 -2.484252 0.322848,
        -1.056891 -2.480315 0.323567,
        -1.056891 -2.484252 0.323567,
        -1.053739 -2.480315 0.323981,
        -1.053739 -2.484252 0.323981,
        -1.051167 -2.480315 0.324075,
        -1.051167 -2.484252 0.324075,
        -1.046693 -2.480315 0.323879,
        -1.046693 -2.484252 0.323879,
        -1.042397 -2.480315 0.323294,
        -1.042397 -2.484252 0.323294,
        -1.038313 -2.480315 0.322336,
        -1.038313 -2.484252 0.322336,
        -1.034415 -2.480315 0.321014,
        -1.034415 -2.484252 0.321014,
        -1.030681 -2.480315 0.319329,
        -1.030681 -2.484252 0.319329,
        -1.026947 -2.480315 0.317184,
        -1.026947 -2.484252 0.317184,
        -1.026947 -2.484252 0.333422,
        -1.026947 -2.480315 0.333422,
        -1.031271 -2.480315 0.334988,
        -1.031271 -2.484252 0.334988,
        -1.035738 -2.480315 0.336188,
        -1.035738 -2.484252 0.336188,
        -1.040394 -2.480315 0.337033,
        -1.040394 -2.484252 0.337033,
        -1.045269 -2.480315 0.337522,
        -1.045269 -2.484252 0.337522,
        -1.049530 -2.480315 0.337652,
        -1.049530 -2.484252 0.337652,
        -1.054435 -2.480315 0.337457,
        -1.054435 -2.484252 0.337457,
        -1.059064 -2.480315 0.336874,
        -1.059064 -2.484252 0.336874,
        -1.063346 -2.480315 0.335930,
        -1.063346 -2.484252 0.335930,
        -1.067312 -2.480315 0.334645,
        -1.067312 -2.484252 0.334645,
        -1.070991 -2.480315 0.333033,
        -1.070991 -2.484252 0.333033,
        -1.074411 -2.480315 0.331098,
        -1.074411 -2.484252 0.331098,
        -1.075933 -2.480315 0.330079,
        -1.075933 -2.484252 0.330079,
        -1.078685 -2.480315 0.327864,
        -1.078685 -2.484252 0.327864,
        -1.081018 -2.480315 0.325475,
        -1.081018 -2.484252 0.325475,
        -1.082902 -2.480315 0.322969,
        -1.082902 -2.484252 0.322969,
        -1.084379 -2.480315 0.320336,
        -1.084379 -2.484252 0.320336,
        -1.085478 -2.480315 0.317562,
        -1.085478 -2.484252 0.317562,
        -1.086215 -2.480315 0.314621,
        -1.086215 -2.484252 0.314621,
        -1.086593 -2.480315 0.311485,
        -1.086593 -2.484252 0.311485,
        -1.086644 -2.480315 0.309748,
        -1.086644 -2.484252 0.309748,
        -1.086449 -2.480315 0.306269,
        -1.086449 -2.484252 0.306269,
        -1.085867 -2.480315 0.303016,
        -1.085867 -2.484252 0.303016,
        -1.084927 -2.480315 0.300046,
        -1.084927 -2.484252 0.300046,
        -1.083644 -2.480315 0.297328,
        -1.083644 -2.484252 0.297328,
        -1.082124 -2.480315 0.294965,
        -1.082124 -2.484252 0.294965,
        -1.081903 -2.480315 0.294670,
        -1.081903 -2.484252 0.294670,
        -1.080202 -2.480315 0.292758,
        -1.080202 -2.484252 0.292758,
        -1.077943 -2.480315 0.290811,
        -1.077943 -2.484252 0.290811,
        -1.074924 -2.480315 0.288715,
        -1.074924 -2.484252 0.288715,
        -1.071004 -2.480315 0.286460,
        -1.071004 -2.484252 0.286460,
        -1.066028 -2.480315 0.284041,
        -1.066028 -2.484252 0.284041,
        -1.061333 -2.480315 0.282048,
        -1.061333 -2.484252 0.282048,
        -1.054004 -2.480315 0.279123,
        -1.054004 -2.484252 0.279123,
        -1.049179 -2.480315 0.276862,
        -1.049179 -2.484252 0.276862,
        -1.045873 -2.480315 0.274987,
        -1.045873 -2.484252 0.274987,
        -1.043833 -2.480315 0.273520,
        -1.043833 -2.484252 0.273520,
        -1.042181 -2.480315 0.271891,
        -1.042181 -2.484252 0.271891,
        -1.040936 -2.480315 0.270103,
        -1.040936 -2.484252 0.270103,
        -1.040104 -2.480315 0.268200,
        -1.040104 -2.484252 0.268200,
        -1.039643 -2.480315 0.266150,
        -1.039643 -2.484252 0.266150,
        -1.039535 -2.480315 0.264446,
        -1.039535 -2.484252 0.264446,
        -1.039728 -2.480315 0.262024,
        -1.039728 -2.484252 0.262024,
        -1.040298 -2.480315 0.259872,
        -1.040298 -2.484252 0.259872,
        -1.041205 -2.480315 0.258036,
        -1.041205 -2.484252 0.258036,
        -1.042430 -2.480315 0.256461,
        -1.042430 -2.484252 0.256461,
        -1.043986 -2.480315 0.255107,
        -1.043986 -2.484252 0.255107,
        -1.045965 -2.480315 0.253926,
        -1.045965 -2.484252 0.253926,
        -1.048330 -2.480315 0.252975,
        -1.048330 -2.484252 0.252975,
        -1.051202 -2.480315 0.252239,
        -1.051202 -2.484252 0.252239,
        -1.054667 -2.480315 0.251750,
        -1.054667 -2.484252 0.251750,
        -0.939516 -2.484252 0.335469,
        -0.922187 -2.484252 0.335469,
        -0.939516 -2.480315 0.335469,
        -0.922187 -2.480315 0.335469,
        -0.965544 -2.484252 0.263696,
        -0.965544 -2.480315 0.263696,
        -0.966823 -2.480315 0.259252,
        -0.966823 -2.484252 0.259252,
        -0.967591 -2.480315 0.255986,
        -0.967591 -2.484252 0.255986,
        -0.968034 -2.484252 0.255986,
        -0.968034 -2.480315 0.255986,
        -0.970081 -2.484252 0.263832,
        -0.970081 -2.480315 0.263832,
        -0.994983 -2.484252 0.335469,
        -0.994983 -2.480315 0.335469,
        -1.013677 -2.484252 0.335469,
        -1.013677 -2.480315 0.335469,
        -0.976290 -2.484252 0.240362,
        -0.976290 -2.480315 0.240362,
        -0.983624 -2.484252 0.223033,
        -0.983624 -2.480315 0.223033,
        -0.985584 -2.480315 0.219067,
        -0.985584 -2.484252 0.219067,
        -0.987573 -2.480315 0.216127,
        -0.987573 -2.484252 0.216127,
        -0.989931 -2.480315 0.213612,
        -0.989931 -2.484252 0.213612,
        -0.992369 -2.480315 0.211813,
        -0.992369 -2.484252 0.211813,
        -0.995026 -2.480315 0.210550,
        -0.995026 -2.484252 0.210550,
        -0.997876 -2.480315 0.209816,
        -0.997876 -2.484252 0.209816,
        -1.000748 -2.480315 0.209593,
        -1.000748 -2.484252 0.209593,
        -1.004355 -2.480315 0.209874,
        -1.004355 -2.484252 0.209874,
        -1.008039 -2.480315 0.210730,
        -1.008039 -2.484252 0.210730,
        -1.010232 -2.480315 0.211503,
        -1.010232 -2.484252 0.211503,
        -1.010232 -2.484252 0.196630,
        -1.010232 -2.480315 0.196630,
        -1.006290 -2.480315 0.195755,
        -1.006290 -2.484252 0.195755,
        -1.001693 -2.480315 0.195313,
        -1.001693 -2.484252 0.195313,
        -0.999452 -2.480315 0.195265,
        -0.999452 -2.484252 0.195265,
        -0.995362 -2.480315 0.195542,
        -0.995362 -2.484252 0.195542,
        -0.991466 -2.480315 0.196367,
        -0.991466 -2.484252 0.196367,
        -0.987793 -2.480315 0.197721,
        -0.987793 -2.484252 0.197721,
        -0.984302 -2.480315 0.199605,
        -0.984302 -2.484252 0.199605,
        -0.980957 -2.480315 0.202043,
        -0.980957 -2.484252 0.202043,
        -0.977674 -2.480315 0.205144,
        -0.977674 -2.484252 0.205144,
        -0.974560 -2.480315 0.208853,
        -0.974560 -2.484252 0.208853,
        -0.971546 -2.480315 0.213299,
        -0.971546 -2.484252 0.213299,
        -0.968635 -2.480315 0.218573,
        -0.968635 -2.484252 0.218573,
        -0.965863 -2.480315 0.224713,
        -0.965863 -2.484252 0.224713,
        -0.965442 -2.480315 0.225762,
        -0.965442 -2.484252 0.225762,
        -0.832402 -2.484252 0.255372,
        -0.832402 -2.484252 0.240157,
        -0.832402 -2.480315 0.255372,
        -0.832402 -2.480315 0.240157,
        -0.886948 -2.484252 0.255372,
        -0.886948 -2.480315 0.255372,
        -0.886948 -2.484252 0.300265,
        -0.886948 -2.480315 0.300265,
        -0.839224 -2.484252 0.300265,
        -0.839224 -2.480315 0.300265,
        -0.839224 -2.484252 0.315547,
        -0.839224 -2.480315 0.315547,
        -0.886948 -2.484252 0.315547,
        -0.886948 -2.480315 0.315547,
        -0.886948 -2.484252 0.358256,
        -0.886948 -2.480315 0.358256,
        -0.835438 -2.484252 0.358256,
        -0.835438 -2.480315 0.358256,
        -0.835438 -2.484252 0.373607,
        -0.835438 -2.480315 0.373607,
        -0.904175 -2.484252 0.373607,
        -0.904175 -2.480315 0.373607,
        -0.904175 -2.484252 0.240157,
        -0.904175 -2.480315 0.240157,
        -0.745794 -2.484252 0.259663,
        -0.736563 -2.484252 0.246903,
        -0.740953 -2.484252 0.261924,
        -0.731018 -2.484252 0.249739,
        -0.736569 -2.484252 0.264614,
        -0.725815 -2.484252 0.253048,
        -0.732597 -2.484252 0.267728,
        -0.720926 -2.484252 0.256841,
        -0.730916 -2.484252 0.269290,
        -0.718670 -2.484252 0.258852,
        -0.727546 -2.484252 0.272950,
        -0.714408 -2.484252 0.263211,
        -0.724633 -2.484252 0.276963,
        -0.710659 -2.484252 0.267869,
        -0.722174 -2.484252 0.281328,
        -0.707441 -2.484252 0.272790,
        -0.720157 -2.484252 0.286078,
        -0.717777 -2.484252 0.320983,
        -0.701043 -2.484252 0.328001,
        -0.719118 -2.484252 0.326519,
        -0.702915 -2.484252 0.333626,
        -0.720919 -2.484252 0.331473,
        -0.705272 -2.484252 0.338874,
        -0.723150 -2.484252 0.335907,
        -0.708109 -2.484252 0.343784,
        -0.725797 -2.484252 0.339875,
        -0.711433 -2.484252 0.348385,
        -0.715262 -2.484252 0.352704,
        -0.728859 -2.484252 0.343421,
        -0.718670 -2.484252 0.355937,
        -0.731291 -2.484252 0.345703,
        -0.723611 -2.484252 0.359906,
        -0.735422 -2.484252 0.348876,
        -0.728837 -2.484252 0.363365,
        -0.739891 -2.484252 0.351586,
        -0.734327 -2.484252 0.366309,
        -0.744713 -2.484252 0.353840,
        -0.740104 -2.484252 0.368753,
        -0.749924 -2.484252 0.355643,
        -0.746193 -2.484252 0.370707,
        -0.755561 -2.484252 0.356991,
        -0.752626 -2.484252 0.372170,
        -0.761672 -2.484252 0.357867,
        -0.759437 -2.484252 0.373132,
        -0.768137 -2.484252 0.358241,
        -0.766663 -2.484252 0.373578,
        -0.769805 -2.484252 0.358256,
        -0.769122 -2.484252 0.373607,
        -0.789965 -2.484252 0.358256,
        -0.807193 -2.484252 0.373607,
        -0.789965 -2.484252 0.255372,
        -0.807193 -2.484252 0.240157,
        -0.770589 -2.484252 0.255372,
        -0.770487 -2.484252 0.240157,
        -0.763572 -2.484252 0.255654,
        -0.762844 -2.484252 0.240441,
        -0.757046 -2.484252 0.256494,
        -0.755582 -2.484252 0.241289,
        -0.751139 -2.484252 0.257843,
        -0.748808 -2.484252 0.242664,
        -0.742482 -2.484252 0.244542,
        -0.704729 -2.484252 0.277992,
        -0.702506 -2.484252 0.283498,
        -0.718581 -2.484252 0.291250,
        -0.700768 -2.484252 0.289337,
        -0.717457 -2.484252 0.296892,
        -0.699518 -2.484252 0.295543,
        -0.716810 -2.484252 0.303053,
        -0.698770 -2.484252 0.302152,
        -0.716657 -2.484252 0.308110,
        -0.698543 -2.484252 0.308588,
        -0.716939 -2.484252 0.314803,
        -0.698827 -2.484252 0.315457,
        -0.699672 -2.484252 0.321960,
        -0.735422 -2.480315 0.348876,
        -0.723611 -2.480315 0.359906,
        -0.731291 -2.480315 0.345703,
        -0.718670 -2.480315 0.355937,
        -0.728859 -2.480315 0.343421,
        -0.715262 -2.480315 0.352704,
        -0.725797 -2.480315 0.339875,
        -0.711433 -2.480315 0.348385,
        -0.723150 -2.480315 0.335907,
        -0.708109 -2.480315 0.343784,
        -0.720919 -2.480315 0.331473,
        -0.705272 -2.480315 0.338874,
        -0.719118 -2.480315 0.326519,
        -0.740953 -2.480315 0.261924,
        -0.736563 -2.480315 0.246903,
        -0.745794 -2.480315 0.259663,
        -0.742482 -2.480315 0.244542,
        -0.751139 -2.480315 0.257843,
        -0.748808 -2.480315 0.242664,
        -0.757046 -2.480315 0.256494,
        -0.755582 -2.480315 0.241289,
        -0.763572 -2.480315 0.255654,
        -0.762844 -2.480315 0.240441,
        -0.770589 -2.480315 0.255372,
        -0.770487 -2.480315 0.240157,
        -0.789965 -2.480315 0.255372,
        -0.807193 -2.480315 0.240157,
        -0.789965 -2.480315 0.358256,
        -0.807193 -2.480315 0.373607,
        -0.769805 -2.480315 0.358256,
        -0.769122 -2.480315 0.373607,
        -0.768137 -2.480315 0.358241,
        -0.766663 -2.480315 0.373578,
        -0.761672 -2.480315 0.357867,
        -0.759437 -2.480315 0.373132,
        -0.755561 -2.480315 0.356991,
        -0.752626 -2.480315 0.372170,
        -0.749924 -2.480315 0.355643,
        -0.746193 -2.480315 0.370707,
        -0.744713 -2.480315 0.353840,
        -0.740104 -2.480315 0.368753,
        -0.739891 -2.480315 0.351586,
        -0.734327 -2.480315 0.366309,
        -0.728837 -2.480315 0.363365,
        -0.718581 -2.480315 0.291250,
        -0.702506 -2.480315 0.283498,
        -0.720157 -2.480315 0.286078,
        -0.704729 -2.480315 0.277992,
        -0.722174 -2.480315 0.281328,
        -0.707441 -2.480315 0.272790,
        -0.724633 -2.480315 0.276963,
        -0.710659 -2.480315 0.267869,
        -0.727546 -2.480315 0.272950,
        -0.714408 -2.480315 0.263211,
        -0.730916 -2.480315 0.269290,
        -0.718670 -2.480315 0.258852,
        -0.732597 -2.480315 0.267728,
        -0.720926 -2.480315 0.256841,
        -0.736569 -2.480315 0.264614,
        -0.725815 -2.480315 0.253048,
        -0.731018 -2.480315 0.249739,
        -0.702915 -2.480315 0.333626,
        -0.701043 -2.480315 0.328001,
        -0.717777 -2.480315 0.320983,
        -0.699672 -2.480315 0.321960,
        -0.716939 -2.480315 0.314803,
        -0.698827 -2.480315 0.315457,
        -0.716657 -2.480315 0.308110,
        -0.698543 -2.480315 0.308588,
        -0.716810 -2.480315 0.303053,
        -0.698770 -2.480315 0.302152,
        -0.717457 -2.480315 0.296892,
        -0.699518 -2.480315 0.295543,
        -0.700768 -2.480315 0.289337,
        -0.653821 -2.484252 0.291736,
        -0.659280 -2.484252 0.276658,
        -0.609031 -2.484252 0.291736,
        -0.603709 -2.484252 0.276658,
        -0.633865 -2.484252 0.347204,
        -0.640313 -2.484252 0.373607,
        -0.691141 -2.484252 0.240157,
        -0.672106 -2.484252 0.240157,
        -0.632710 -2.484252 0.351186,
        -0.631682 -2.484252 0.356550,
        -0.621892 -2.484252 0.373607,
        -0.631273 -2.484252 0.356550,
        -0.630194 -2.484252 0.350905,
        -0.629192 -2.484252 0.347204,
        -0.571064 -2.484252 0.240157,
        -0.590099 -2.484252 0.240157,
        -0.609031 -2.480315 0.291736,
        -0.629192 -2.480315 0.347204,
        -0.621892 -2.480315 0.373607,
        -0.630194 -2.480315 0.350905,
        -0.631273 -2.480315 0.356550,
        -0.640313 -2.480315 0.373607,
        -0.631682 -2.480315 0.356550,
        -0.632710 -2.480315 0.351186,
        -0.633865 -2.480315 0.347204,
        -0.653821 -2.480315 0.291736,
        -0.691141 -2.480315 0.240157,
        -0.571064 -2.480315 0.240157,
        -0.590099 -2.480315 0.240157,
        -0.603709 -2.480315 0.276658,
        -0.672106 -2.480315 0.240157,
        -0.659280 -2.480315 0.276658,
        -1.848965 -2.484252 0.203782,
        -1.838593 -2.484252 0.195101,
        -1.871683 -2.484252 0.305163,
        -1.790285 -2.484252 0.476839,
        -1.783443 -2.484252 0.473102,
        -1.812857 -2.484252 0.542365,
        -1.728030 -2.484252 0.543669,
        -1.711874 -2.484252 0.552359,
        -1.741441 -2.484252 0.601762,
        -1.539322 -2.484252 0.494917,
        -1.531489 -2.484252 0.478189,
        -1.476978 -2.484252 0.496822,
        -1.526061 -2.484252 0.460564,
        -1.523469 -2.484252 0.445587,
        -1.777020 -2.484252 0.307444,
        -1.768076 -2.484252 0.304646,
        -1.748241 -2.484252 0.361487,
        -1.487473 -2.484252 0.302899,
        -1.500623 -2.484252 0.298893,
        -1.486594 -2.484252 0.242475,
        -1.872631 -2.484252 0.241593,
        -1.866821 -2.484252 0.227713,
        -1.858918 -2.484252 0.215099,
        -1.554780 -2.484252 0.351654,
        -1.584193 -2.484252 0.401941,
        -1.687613 -2.484252 0.281443,
        -1.711334 -2.484252 0.335525,
        -1.687613 -2.484252 0.271954,
        -1.738954 -2.484252 0.187722,
        -1.688395 -2.484252 0.259793,
        -1.726091 -2.484252 0.195783,
        -1.715485 -2.484252 0.204944,
        -1.791942 -2.484252 0.234997,
        -1.795594 -2.484252 0.177956,
        -1.783443 -2.484252 0.234002,
        -1.782494 -2.484252 0.177073,
        -1.774366 -2.484252 0.235117,
        -1.808231 -2.484252 0.243561,
        -1.800694 -2.484252 0.238294,
        -1.825369 -2.484252 0.187108,
        -1.810911 -2.484252 0.181327,
        -1.749417 -2.484252 0.285587,
        -1.746912 -2.484252 0.276955,
        -1.746583 -2.484252 0.267761,
        -1.748599 -2.484252 0.258591,
        -1.752809 -2.484252 0.250296,
        -1.861122 -2.484252 0.483279,
        -1.873289 -2.484252 0.539330,
        -1.891782 -2.484252 0.533227,
        -1.504493 -2.484252 0.239695,
        -1.510186 -2.484252 0.297572,
        -1.560473 -2.484252 0.239695,
        -1.552883 -2.484252 0.297572,
        -1.565205 -2.484252 0.240403,
        -1.721295 -2.484252 0.610175,
        -1.694618 -2.484252 0.558745,
        -1.700519 -2.484252 0.616220,
        -1.885372 -2.484252 0.312790,
        -1.901503 -2.484252 0.252074,
        -1.883361 -2.484252 0.244754,
        -1.875593 -2.484252 0.477539,
        -1.909459 -2.484252 0.524762,
        -1.888928 -2.484252 0.469506,
        -1.926054 -2.484252 0.514026,
        -1.900740 -2.484252 0.459463,
        -1.705442 -2.484252 0.216756,
        -1.697409 -2.484252 0.230093,
        -1.691669 -2.484252 0.244563,
        -1.820248 -2.484252 0.267129,
        -1.818230 -2.484252 0.258341,
        -1.814238 -2.484252 0.250485,
        -1.734431 -2.484252 0.354833,
        -1.760218 -2.484252 0.299781,
        -1.722055 -2.484252 0.346111,
        -1.444993 -2.484252 0.392865,
        -1.394733 -2.484252 0.423972,
        -1.450173 -2.484252 0.405609,
        -1.403289 -2.484252 0.439818,
        -1.457607 -2.484252 0.417147,
        -1.414138 -2.484252 0.454689,
        -1.466996 -2.484252 0.427094,
        -1.426931 -2.484252 0.467993,
        -1.477826 -2.484252 0.435030,
        -1.908315 -2.484252 0.334005,
        -1.948537 -2.484252 0.287135,
        -1.897650 -2.484252 0.322448,
        -1.934115 -2.484252 0.273237,
        -1.918409 -2.484252 0.261551,
        -1.854222 -2.484252 0.543019,
        -1.845893 -2.484252 0.486553,
        -1.834679 -2.484252 0.544263,
        -1.833730 -2.484252 0.487334,
        -1.823768 -2.484252 0.543670,
        -1.818950 -2.484252 0.486104,
        -1.804517 -2.484252 0.482609,
        -1.820062 -2.484252 0.276385,
        -1.817547 -2.484252 0.285406,
        -1.867450 -2.484252 0.314910,
        -1.812873 -2.484252 0.293428,
        -1.783443 -2.484252 0.308009,
        -1.797597 -2.484252 0.366556,
        -1.792378 -2.484252 0.306907,
        -1.811997 -2.484252 0.362996,
        -1.800689 -2.484252 0.303720,
        -1.763115 -2.484252 0.365831,
        -1.777565 -2.484252 0.367660,
        -1.782494 -2.484252 0.367784,
        -1.758846 -2.484252 0.243378,
        -1.766108 -2.484252 0.238302,
        -1.752780 -2.484252 0.181868,
        -1.767273 -2.484252 0.178302,
        -1.469430 -2.484252 0.247629,
        -1.453059 -2.484252 0.255119,
        -1.475379 -2.484252 0.309253,
        -1.437704 -2.484252 0.264877,
        -1.464721 -2.484252 0.317709,
        -1.423601 -2.484252 0.276808,
        -1.460396 -2.484252 0.322216,
        -1.418152 -2.484252 0.282391,
        -1.452456 -2.484252 0.333080,
        -1.760850 -2.484252 0.590994,
        -1.771109 -2.484252 0.584113,
        -1.742763 -2.484252 0.532886,
        -1.786170 -2.484252 0.571987,
        -1.755908 -2.484252 0.520159,
        -1.799916 -2.484252 0.558073,
        -1.767169 -2.484252 0.505800,
        -1.776369 -2.484252 0.490088,
        -1.485284 -2.484252 0.515861,
        -1.495808 -2.484252 0.533939,
        -1.549389 -2.484252 0.510426,
        -1.508686 -2.484252 0.551293,
        -1.561444 -2.484252 0.524386,
        -1.927061 -2.484252 0.375387,
        -1.983454 -2.484252 0.352050,
        -1.922974 -2.484252 0.360347,
        -1.977339 -2.484252 0.333431,
        -1.916435 -2.484252 0.346143,
        -1.968856 -2.484252 0.315594,
        -1.958130 -2.484252 0.298905,
        -1.753849 -2.484252 0.293212,
        -1.443098 -2.484252 0.357955,
        -1.383302 -2.484252 0.364240,
        -1.441872 -2.484252 0.371580,
        -1.383045 -2.484252 0.372528,
        -1.442275 -2.484252 0.379335,
        -1.384577 -2.484252 0.390235,
        -1.388478 -2.484252 0.407351,
        -1.406823 -2.484252 0.296494,
        -1.397602 -2.484252 0.311876,
        -1.446649 -2.484252 0.345112,
        -1.390503 -2.484252 0.328485,
        -1.385690 -2.484252 0.346046,
        -1.825787 -2.484252 0.357144,
        -1.837407 -2.484252 0.349994,
        -1.808150 -2.484252 0.298523,
        -1.849177 -2.484252 0.340043,
        -1.859315 -2.484252 0.328238,
        -1.557495 -2.484252 0.298431,
        -1.580597 -2.484252 0.249810,
        -1.577762 -2.484252 0.246965,
        -1.657252 -2.484252 0.621117,
        -1.656303 -2.484252 0.564188,
        -1.650635 -2.484252 0.621000,
        -1.638217 -2.484252 0.562955,
        -1.917963 -2.484252 0.435995,
        -1.976130 -2.484252 0.450774,
        -1.923817 -2.484252 0.422169,
        -1.982632 -2.484252 0.432294,
        -1.927383 -2.484252 0.407675,
        -1.986743 -2.484252 0.413027,
        -1.928611 -2.484252 0.392454,
        -1.988335 -2.484252 0.394541,
        -1.928572 -2.484252 0.389726,
        -1.988387 -2.484252 0.390556,
        -1.987141 -2.484252 0.371117,
        -1.515879 -2.484252 0.445587,
        -1.502430 -2.484252 0.444362,
        -1.473378 -2.484252 0.495629,
        -1.489752 -2.484252 0.440823,
        -1.457496 -2.484252 0.488935,
        -1.441491 -2.484252 0.479509,
        -1.587989 -2.484252 0.269108,
        -1.587137 -2.484252 0.262234,
        -1.584685 -2.484252 0.255790,
        -1.554649 -2.484252 0.297790,
        -1.571509 -2.484252 0.242722,
        -1.679198 -2.484252 0.619877,
        -1.676518 -2.484252 0.562711,
        -1.659087 -2.484252 0.564161,
        -1.565657 -2.484252 0.297647,
        -1.572187 -2.484252 0.295140,
        -1.587850 -2.484252 0.271951,
        -1.578055 -2.484252 0.291067,
        -1.582709 -2.484252 0.285832,
        -1.586172 -2.484252 0.279227,
        -1.940473 -2.484252 0.501946,
        -1.943793 -2.484252 0.498720,
        -1.909902 -2.484252 0.448857,
        -1.956599 -2.484252 0.484152,
        -1.967393 -2.484252 0.468148,
        -1.558576 -2.484252 0.298521,
        -1.523824 -2.484252 0.567639,
        -1.528213 -2.484252 0.571778,
        -1.573091 -2.484252 0.534868,
        -1.546263 -2.484252 0.585800,
        -1.587996 -2.484252 0.545238,
        -1.565587 -2.484252 0.597652,
        -1.603998 -2.484252 0.553433,
        -1.585972 -2.484252 0.607209,
        -1.620818 -2.484252 0.559358,
        -1.607118 -2.484252 0.614332,
        -1.628756 -2.484252 0.618943,
        -1.584193 -2.480315 0.401941,
        -1.554780 -2.480315 0.351654,
        -1.711334 -2.480315 0.335525,
        -1.687613 -2.480315 0.281443,
        -1.738954 -2.480315 0.187722,
        -1.687613 -2.480315 0.271954,
        -1.688395 -2.480315 0.259793,
        -1.726091 -2.480315 0.195783,
        -1.715485 -2.480315 0.204944,
        -1.792378 -2.480315 0.306907,
        -1.800689 -2.480315 0.303720,
        -1.871683 -2.480315 0.305163,
        -1.808150 -2.480315 0.298523,
        -1.711874 -2.480315 0.552359,
        -1.728030 -2.480315 0.543669,
        -1.760850 -2.480315 0.590994,
        -1.848965 -2.480315 0.203782,
        -1.858918 -2.480315 0.215099,
        -1.817547 -2.480315 0.285406,
        -1.866821 -2.480315 0.227713,
        -1.872631 -2.480315 0.241593,
        -1.752809 -2.480315 0.250296,
        -1.748599 -2.480315 0.258591,
        -1.746583 -2.480315 0.267761,
        -1.746912 -2.480315 0.276955,
        -1.922974 -2.480315 0.360347,
        -1.916435 -2.480315 0.346143,
        -1.968856 -2.480315 0.315594,
        -1.691669 -2.480315 0.244563,
        -1.697409 -2.480315 0.230093,
        -1.705442 -2.480315 0.216756,
        -1.783443 -2.480315 0.234002,
        -1.774366 -2.480315 0.235117,
        -1.767273 -2.480315 0.178302,
        -1.875593 -2.480315 0.477539,
        -1.891782 -2.480315 0.533227,
        -1.861122 -2.480315 0.483279,
        -1.873289 -2.480315 0.539330,
        -1.845893 -2.480315 0.486553,
        -1.854222 -2.480315 0.543019,
        -1.833730 -2.480315 0.487334,
        -1.958130 -2.480315 0.298905,
        -1.908315 -2.480315 0.334005,
        -1.948537 -2.480315 0.287135,
        -1.897650 -2.480315 0.322448,
        -1.934115 -2.480315 0.273237,
        -1.918409 -2.480315 0.261551,
        -1.885372 -2.480315 0.312790,
        -1.901503 -2.480315 0.252074,
        -1.883361 -2.480315 0.244754,
        -1.812873 -2.480315 0.293428,
        -1.549389 -2.480315 0.510426,
        -1.495808 -2.480315 0.533939,
        -1.539322 -2.480315 0.494917,
        -1.485284 -2.480315 0.515861,
        -1.531489 -2.480315 0.478189,
        -1.476978 -2.480315 0.496822,
        -1.526061 -2.480315 0.460564,
        -1.771109 -2.480315 0.584113,
        -1.742763 -2.480315 0.532886,
        -1.786170 -2.480315 0.571987,
        -1.489752 -2.480315 0.440823,
        -1.502430 -2.480315 0.444362,
        -1.820062 -2.480315 0.276385,
        -1.820248 -2.480315 0.267129,
        -1.818230 -2.480315 0.258341,
        -1.799916 -2.480315 0.558073,
        -1.755908 -2.480315 0.520159,
        -1.812857 -2.480315 0.542365,
        -1.767169 -2.480315 0.505800,
        -1.776369 -2.480315 0.490088,
        -1.446649 -2.480315 0.345112,
        -1.397602 -2.480315 0.311876,
        -1.452456 -2.480315 0.333080,
        -1.406823 -2.480315 0.296494,
        -1.460396 -2.480315 0.322216,
        -1.418152 -2.480315 0.282391,
        -1.464721 -2.480315 0.317709,
        -1.423601 -2.480315 0.276808,
        -1.475379 -2.480315 0.309253,
        -1.450173 -2.480315 0.405609,
        -1.394733 -2.480315 0.423972,
        -1.444993 -2.480315 0.392865,
        -1.388478 -2.480315 0.407351,
        -1.442275 -2.480315 0.379335,
        -1.384577 -2.480315 0.390235,
        -1.441872 -2.480315 0.371580,
        -1.515879 -2.480315 0.445587,
        -1.523469 -2.480315 0.445587,
        -1.800694 -2.480315 0.238294,
        -1.838593 -2.480315 0.195101,
        -1.808231 -2.480315 0.243561,
        -1.814238 -2.480315 0.250485,
        -1.783443 -2.480315 0.308009,
        -1.777565 -2.480315 0.367660,
        -1.777020 -2.480315 0.307444,
        -1.763115 -2.480315 0.365831,
        -1.768076 -2.480315 0.304646,
        -1.834679 -2.480315 0.544263,
        -1.823768 -2.480315 0.543670,
        -1.818950 -2.480315 0.486104,
        -1.804517 -2.480315 0.482609,
        -1.752780 -2.480315 0.181868,
        -1.766108 -2.480315 0.238302,
        -1.758846 -2.480315 0.243378,
        -1.748241 -2.480315 0.361487,
        -1.734431 -2.480315 0.354833,
        -1.760218 -2.480315 0.299781,
        -1.722055 -2.480315 0.346111,
        -1.753849 -2.480315 0.293212,
        -1.749417 -2.480315 0.285587,
        -1.825787 -2.480315 0.357144,
        -1.811997 -2.480315 0.362996,
        -1.790285 -2.480315 0.476839,
        -1.783443 -2.480315 0.473102,
        -1.577762 -2.480315 0.246965,
        -1.580597 -2.480315 0.249810,
        -1.557495 -2.480315 0.298431,
        -1.584685 -2.480315 0.255790,
        -1.383045 -2.480315 0.372528,
        -1.383302 -2.480315 0.364240,
        -1.443098 -2.480315 0.357955,
        -1.385690 -2.480315 0.346046,
        -1.390503 -2.480315 0.328485,
        -1.473378 -2.480315 0.495629,
        -1.457496 -2.480315 0.488935,
        -1.477826 -2.480315 0.435030,
        -1.441491 -2.480315 0.479509,
        -1.466996 -2.480315 0.427094,
        -1.426931 -2.480315 0.467993,
        -1.457607 -2.480315 0.417147,
        -1.414138 -2.480315 0.454689,
        -1.403289 -2.480315 0.439818,
        -1.782494 -2.480315 0.177073,
        -1.795594 -2.480315 0.177956,
        -1.791942 -2.480315 0.234997,
        -1.810911 -2.480315 0.181327,
        -1.825369 -2.480315 0.187108,
        -1.859315 -2.480315 0.328238,
        -1.849177 -2.480315 0.340043,
        -1.837407 -2.480315 0.349994,
        -1.797597 -2.480315 0.366556,
        -1.782494 -2.480315 0.367784,
        -1.923817 -2.480315 0.422169,
        -1.976130 -2.480315 0.450774,
        -1.917963 -2.480315 0.435995,
        -1.967393 -2.480315 0.468148,
        -1.909902 -2.480315 0.448857,
        -1.977339 -2.480315 0.333431,
        -1.983454 -2.480315 0.352050,
        -1.927061 -2.480315 0.375387,
        -1.987141 -2.480315 0.371117,
        -1.928572 -2.480315 0.389726,
        -1.988387 -2.480315 0.390556,
        -1.928611 -2.480315 0.392454,
        -1.988335 -2.480315 0.394541,
        -1.927383 -2.480315 0.407675,
        -1.986743 -2.480315 0.413027,
        -1.982632 -2.480315 0.432294,
        -1.437704 -2.480315 0.264877,
        -1.453059 -2.480315 0.255119,
        -1.487473 -2.480315 0.302899,
        -1.469430 -2.480315 0.247629,
        -1.500623 -2.480315 0.298893,
        -1.486594 -2.480315 0.242475,
        -1.510186 -2.480315 0.297572,
        -1.504493 -2.480315 0.239695,
        -1.552883 -2.480315 0.297572,
        -1.560473 -2.480315 0.239695,
        -1.554649 -2.480315 0.297790,
        -1.565205 -2.480315 0.240403,
        -1.571509 -2.480315 0.242722,
        -1.587137 -2.480315 0.262234,
        -1.587989 -2.480315 0.269108,
        -1.587850 -2.480315 0.271951,
        -1.867450 -2.480315 0.314910,
        -1.956599 -2.480315 0.484152,
        -1.943793 -2.480315 0.498720,
        -1.900740 -2.480315 0.459463,
        -1.940473 -2.480315 0.501946,
        -1.888928 -2.480315 0.469506,
        -1.926054 -2.480315 0.514026,
        -1.909459 -2.480315 0.524762,
        -1.586172 -2.480315 0.279227,
        -1.582709 -2.480315 0.285832,
        -1.578055 -2.480315 0.291067,
        -1.572187 -2.480315 0.295140,
        -1.573091 -2.480315 0.534868,
        -1.528213 -2.480315 0.571778,
        -1.561444 -2.480315 0.524386,
        -1.523824 -2.480315 0.567639,
        -1.508686 -2.480315 0.551293,
        -1.741441 -2.480315 0.601762,
        -1.721295 -2.480315 0.610175,
        -1.694618 -2.480315 0.558745,
        -1.700519 -2.480315 0.616220,
        -1.676518 -2.480315 0.562711,
        -1.679198 -2.480315 0.619877,
        -1.659087 -2.480315 0.564161,
        -1.657252 -2.480315 0.621117,
        -1.656303 -2.480315 0.564188,
        -1.650635 -2.480315 0.621000,
        -1.638217 -2.480315 0.562955,
        -1.628756 -2.480315 0.618943,
        -1.620818 -2.480315 0.559358,
        -1.607118 -2.480315 0.614332,
        -1.603998 -2.480315 0.553433,
        -1.585972 -2.480315 0.607209,
        -1.587996 -2.480315 0.545238,
        -1.565587 -2.480315 0.597652,
        -1.546263 -2.480315 0.585800,
        -1.565657 -2.480315 0.297647,
        -1.558576 -2.480315 0.298521,
      ]
    }
    coordIndex [
      0, 1, 2, -1,
      2, 1, 3, -1,
      4, 0, 5, -1,
      5, 0, 2, -1,
      6, 4, 7, -1,
      7, 4, 5, -1,
      8, 6, 9, -1,
      9, 6, 7, -1,
      10, 8, 11, -1,
      11, 8, 9, -1,
      1, 10, 3, -1,
      3, 10, 11, -1,
      6, 8, 4, -1,
      4, 8, 10, -1,
      4, 10, 0, -1,
      0, 10, 1, -1,
      2, 3, 5, -1,
      5, 3, 11, -1,
      5, 11, 7, -1,
      7, 11, 9, -1,
      12, 13, 14, -1,
      12, 14, 15, -1,
      15, 14, 16, -1,
      15, 16, 17, -1,
      17, 16, 18, -1,
      17, 18, 19, -1,
      19, 18, 20, -1,
      19, 20, 21, -1,
      21, 20, 22, -1,
      21, 22, 23, -1,
      23, 22, 24, -1,
      23, 24, 25, -1,
      26, 25, 27, -1,
      27, 25, 24, -1,
      26, 27, 28, -1,
      26, 28, 29, -1,
      29, 28, 30, -1,
      29, 30, 31, -1,
      31, 30, 32, -1,
      31, 32, 33, -1,
      33, 32, 34, -1,
      33, 34, 35, -1,
      35, 34, 36, -1,
      35, 36, 37, -1,
      37, 36, 38, -1,
      37, 38, 39, -1,
      39, 38, 40, -1,
      39, 40, 41, -1,
      41, 40, 42, -1,
      41, 42, 43, -1,
      43, 42, 44, -1,
      43, 44, 45, -1,
      45, 44, 46, -1,
      45, 46, 47, -1,
      47, 46, 48, -1,
      47, 48, 49, -1,
      49, 48, 50, -1,
      49, 50, 51, -1,
      51, 50, 52, -1,
      51, 52, 53, -1,
      53, 52, 54, -1,
      53, 54, 55, -1,
      55, 54, 56, -1,
      55, 56, 57, -1,
      57, 56, 58, -1,
      57, 58, 59, -1,
      59, 58, 60, -1,
      59, 60, 61, -1,
      61, 60, 62, -1,
      61, 62, 63, -1,
      63, 62, 64, -1,
      63, 64, 65, -1,
      65, 64, 66, -1,
      65, 66, 67, -1,
      67, 66, 68, -1,
      67, 68, 69, -1,
      69, 68, 70, -1,
      69, 70, 71, -1,
      71, 70, 72, -1,
      71, 72, 73, -1,
      73, 72, 74, -1,
      73, 74, 75, -1,
      75, 74, 76, -1,
      75, 76, 77, -1,
      77, 76, 78, -1,
      77, 78, 79, -1,
      79, 78, 80, -1,
      79, 80, 81, -1,
      81, 80, 82, -1,
      81, 82, 83, -1,
      83, 82, 84, -1,
      83, 84, 85, -1,
      85, 84, 86, -1,
      85, 86, 87, -1,
      87, 86, 88, -1,
      87, 88, 89, -1,
      89, 88, 90, -1,
      89, 90, 91, -1,
      91, 90, 92, -1,
      91, 92, 93, -1,
      93, 92, 94, -1,
      93, 94, 95, -1,
      95, 94, 96, -1,
      95, 96, 97, -1,
      97, 96, 98, -1,
      97, 98, 99, -1,
      99, 98, 100, -1,
      99, 100, 101, -1,
      101, 100, 102, -1,
      101, 102, 103, -1,
      103, 102, 104, -1,
      103, 104, 105, -1,
      105, 104, 106, -1,
      105, 106, 107, -1,
      107, 106, 108, -1,
      107, 108, 109, -1,
      109, 108, 110, -1,
      109, 110, 111, -1,
      111, 110, 112, -1,
      111, 112, 113, -1,
      113, 112, 114, -1,
      113, 114, 115, -1,
      116, 115, 117, -1,
      117, 115, 114, -1,
      116, 117, 118, -1,
      116, 118, 119, -1,
      119, 118, 120, -1,
      119, 120, 121, -1,
      121, 120, 122, -1,
      121, 122, 123, -1,
      123, 122, 124, -1,
      123, 124, 125, -1,
      125, 124, 126, -1,
      125, 126, 127, -1,
      127, 126, 128, -1,
      127, 128, 129, -1,
      129, 128, 130, -1,
      129, 130, 131, -1,
      131, 130, 132, -1,
      131, 132, 133, -1,
      133, 132, 134, -1,
      133, 134, 135, -1,
      135, 134, 136, -1,
      135, 136, 137, -1,
      137, 136, 138, -1,
      137, 138, 139, -1,
      139, 138, 140, -1,
      139, 140, 141, -1,
      141, 140, 142, -1,
      141, 142, 143, -1,
      143, 142, 144, -1,
      143, 144, 145, -1,
      145, 144, 146, -1,
      145, 146, 147, -1,
      147, 146, 148, -1,
      147, 148, 149, -1,
      149, 148, 150, -1,
      149, 150, 151, -1,
      151, 150, 152, -1,
      151, 152, 153, -1,
      153, 152, 154, -1,
      153, 154, 155, -1,
      155, 154, 156, -1,
      155, 156, 157, -1,
      157, 156, 158, -1,
      157, 158, 159, -1,
      159, 158, 160, -1,
      159, 160, 161, -1,
      161, 160, 162, -1,
      161, 162, 163, -1,
      163, 162, 164, -1,
      163, 164, 165, -1,
      165, 164, 166, -1,
      165, 166, 167, -1,
      167, 166, 168, -1,
      167, 168, 169, -1,
      169, 168, 170, -1,
      169, 170, 171, -1,
      171, 170, 172, -1,
      171, 172, 173, -1,
      173, 172, 174, -1,
      173, 174, 175, -1,
      175, 174, 176, -1,
      175, 176, 177, -1,
      177, 176, 178, -1,
      177, 178, 179, -1,
      179, 178, 180, -1,
      179, 180, 181, -1,
      181, 180, 182, -1,
      181, 182, 183, -1,
      183, 182, 184, -1,
      183, 184, 185, -1,
      185, 184, 186, -1,
      185, 186, 187, -1,
      187, 186, 188, -1,
      187, 188, 189, -1,
      189, 188, 190, -1,
      189, 190, 191, -1,
      191, 190, 192, -1,
      191, 192, 193, -1,
      193, 192, 194, -1,
      193, 194, 195, -1,
      195, 194, 196, -1,
      195, 196, 197, -1,
      197, 196, 13, -1,
      197, 13, 12, -1,
      113, 115, 116, -1,
      57, 177, 179, -1,
      57, 179, 55, -1,
      55, 179, 181, -1,
      55, 181, 53, -1,
      53, 181, 183, -1,
      53, 183, 51, -1,
      51, 183, 185, -1,
      51, 185, 49, -1,
      49, 185, 187, -1,
      49, 187, 47, -1,
      33, 21, 31, -1,
      31, 21, 23, -1,
      31, 23, 29, -1,
      29, 23, 25, -1,
      29, 25, 26, -1,
      187, 189, 47, -1,
      47, 189, 191, -1,
      47, 191, 45, -1,
      45, 191, 193, -1,
      45, 193, 43, -1,
      43, 193, 195, -1,
      43, 195, 41, -1,
      41, 195, 197, -1,
      41, 197, 39, -1,
      39, 197, 12, -1,
      39, 12, 37, -1,
      37, 12, 15, -1,
      37, 15, 35, -1,
      35, 15, 17, -1,
      35, 17, 33, -1,
      33, 17, 19, -1,
      33, 19, 21, -1,
      89, 143, 87, -1,
      87, 143, 145, -1,
      87, 145, 85, -1,
      85, 145, 147, -1,
      85, 147, 83, -1,
      83, 147, 149, -1,
      83, 149, 81, -1,
      81, 149, 151, -1,
      81, 151, 79, -1,
      79, 151, 153, -1,
      79, 153, 77, -1,
      77, 153, 155, -1,
      77, 155, 75, -1,
      113, 116, 111, -1,
      111, 116, 119, -1,
      111, 119, 109, -1,
      109, 119, 121, -1,
      109, 121, 107, -1,
      107, 121, 123, -1,
      107, 123, 105, -1,
      105, 123, 125, -1,
      105, 125, 103, -1,
      103, 125, 127, -1,
      103, 127, 101, -1,
      101, 127, 129, -1,
      101, 129, 99, -1,
      99, 129, 131, -1,
      99, 131, 97, -1,
      97, 131, 133, -1,
      97, 133, 95, -1,
      95, 133, 135, -1,
      95, 135, 93, -1,
      93, 135, 137, -1,
      93, 137, 91, -1,
      91, 137, 139, -1,
      91, 139, 89, -1,
      89, 139, 141, -1,
      89, 141, 143, -1,
      177, 57, 175, -1,
      175, 57, 59, -1,
      175, 59, 173, -1,
      173, 59, 61, -1,
      173, 61, 171, -1,
      171, 61, 63, -1,
      171, 63, 169, -1,
      169, 63, 65, -1,
      169, 65, 167, -1,
      167, 65, 165, -1,
      165, 65, 67, -1,
      165, 67, 163, -1,
      155, 157, 75, -1,
      75, 157, 159, -1,
      75, 159, 73, -1,
      73, 159, 161, -1,
      73, 161, 71, -1,
      71, 161, 163, -1,
      71, 163, 69, -1,
      69, 163, 67, -1,
      28, 27, 24, -1,
      28, 24, 30, -1,
      44, 190, 46, -1,
      46, 190, 188, -1,
      46, 188, 48, -1,
      48, 188, 186, -1,
      48, 186, 50, -1,
      50, 186, 184, -1,
      50, 184, 52, -1,
      52, 184, 182, -1,
      52, 182, 54, -1,
      114, 112, 117, -1,
      117, 112, 110, -1,
      117, 110, 118, -1,
      118, 110, 108, -1,
      182, 180, 54, -1,
      54, 180, 178, -1,
      54, 178, 56, -1,
      56, 178, 176, -1,
      56, 176, 58, -1,
      58, 176, 174, -1,
      58, 174, 60, -1,
      60, 174, 172, -1,
      60, 172, 62, -1,
      24, 22, 30, -1,
      30, 22, 20, -1,
      30, 20, 32, -1,
      32, 20, 18, -1,
      32, 18, 34, -1,
      34, 18, 16, -1,
      34, 16, 36, -1,
      36, 16, 14, -1,
      36, 14, 38, -1,
      38, 14, 13, -1,
      38, 13, 40, -1,
      40, 13, 196, -1,
      40, 196, 42, -1,
      42, 196, 194, -1,
      42, 194, 44, -1,
      44, 194, 192, -1,
      44, 192, 190, -1,
      82, 146, 84, -1,
      84, 146, 144, -1,
      84, 144, 86, -1,
      86, 144, 142, -1,
      86, 142, 88, -1,
      88, 142, 140, -1,
      88, 140, 90, -1,
      90, 140, 138, -1,
      90, 138, 92, -1,
      92, 138, 136, -1,
      92, 136, 94, -1,
      94, 136, 134, -1,
      94, 134, 96, -1,
      96, 134, 132, -1,
      96, 132, 98, -1,
      98, 132, 130, -1,
      98, 130, 100, -1,
      100, 130, 128, -1,
      100, 128, 102, -1,
      102, 128, 126, -1,
      102, 126, 104, -1,
      104, 126, 124, -1,
      104, 124, 106, -1,
      106, 124, 122, -1,
      106, 122, 108, -1,
      108, 122, 120, -1,
      108, 120, 118, -1,
      162, 160, 72, -1,
      72, 160, 158, -1,
      72, 158, 74, -1,
      74, 158, 156, -1,
      74, 156, 76, -1,
      76, 156, 154, -1,
      76, 154, 78, -1,
      78, 154, 152, -1,
      78, 152, 80, -1,
      80, 152, 150, -1,
      80, 150, 82, -1,
      82, 150, 148, -1,
      82, 148, 146, -1,
      172, 170, 62, -1,
      62, 170, 168, -1,
      62, 168, 64, -1,
      64, 168, 166, -1,
      64, 166, 66, -1,
      66, 166, 164, -1,
      66, 164, 68, -1,
      68, 164, 162, -1,
      68, 162, 70, -1,
      70, 162, 72, -1,
      198, 199, 200, -1,
      200, 199, 201, -1,
      202, 198, 203, -1,
      203, 198, 200, -1,
      204, 202, 205, -1,
      205, 202, 203, -1,
      206, 204, 207, -1,
      207, 204, 205, -1,
      208, 206, 209, -1,
      209, 206, 207, -1,
      210, 208, 211, -1,
      211, 208, 209, -1,
      212, 210, 213, -1,
      213, 210, 211, -1,
      214, 212, 215, -1,
      215, 212, 213, -1,
      216, 214, 217, -1,
      217, 214, 215, -1,
      218, 216, 219, -1,
      219, 216, 217, -1,
      220, 218, 221, -1,
      221, 218, 219, -1,
      199, 220, 201, -1,
      201, 220, 221, -1,
      220, 199, 198, -1,
      198, 202, 220, -1,
      220, 202, 204, -1,
      220, 204, 218, -1,
      214, 216, 212, -1,
      212, 216, 218, -1,
      212, 218, 210, -1,
      210, 218, 204, -1,
      210, 204, 208, -1,
      208, 204, 206, -1,
      219, 217, 215, -1,
      215, 213, 219, -1,
      219, 213, 211, -1,
      219, 211, 221, -1,
      200, 201, 203, -1,
      203, 201, 221, -1,
      203, 221, 205, -1,
      205, 221, 211, -1,
      205, 211, 207, -1,
      207, 211, 209, -1,
      222, 223, 224, -1,
      224, 223, 225, -1,
      224, 225, 226, -1,
      226, 225, 227, -1,
      226, 227, 228, -1,
      228, 227, 229, -1,
      228, 229, 230, -1,
      230, 229, 231, -1,
      230, 231, 232, -1,
      232, 231, 233, -1,
      232, 233, 234, -1,
      234, 233, 235, -1,
      234, 235, 236, -1,
      236, 235, 237, -1,
      236, 237, 238, -1,
      239, 240, 241, -1,
      241, 240, 242, -1,
      241, 242, 243, -1,
      243, 242, 244, -1,
      243, 244, 245, -1,
      245, 244, 246, -1,
      245, 246, 247, -1,
      246, 248, 247, -1,
      247, 248, 249, -1,
      247, 249, 250, -1,
      250, 249, 251, -1,
      250, 251, 252, -1,
      252, 251, 253, -1,
      252, 253, 254, -1,
      254, 253, 255, -1,
      254, 255, 256, -1,
      256, 255, 257, -1,
      256, 257, 258, -1,
      258, 257, 259, -1,
      258, 259, 260, -1,
      260, 259, 261, -1,
      260, 261, 262, -1,
      262, 261, 263, -1,
      262, 263, 264, -1,
      264, 263, 265, -1,
      264, 265, 266, -1,
      266, 265, 267, -1,
      266, 267, 268, -1,
      268, 267, 269, -1,
      268, 269, 270, -1,
      270, 269, 271, -1,
      270, 271, 272, -1,
      272, 271, 273, -1,
      272, 273, 274, -1,
      274, 273, 275, -1,
      274, 275, 276, -1,
      276, 275, 277, -1,
      276, 277, 278, -1,
      278, 277, 279, -1,
      278, 279, 280, -1,
      280, 279, 281, -1,
      280, 281, 222, -1,
      222, 281, 282, -1,
      222, 282, 223, -1,
      237, 283, 238, -1,
      238, 283, 284, -1,
      238, 284, 285, -1,
      285, 284, 286, -1,
      285, 286, 287, -1,
      287, 286, 288, -1,
      287, 288, 289, -1,
      289, 288, 290, -1,
      289, 290, 291, -1,
      291, 290, 292, -1,
      291, 292, 293, -1,
      293, 292, 294, -1,
      293, 294, 239, -1,
      239, 294, 295, -1,
      239, 295, 240, -1,
      296, 297, 298, -1,
      298, 297, 299, -1,
      298, 299, 300, -1,
      300, 299, 301, -1,
      300, 301, 302, -1,
      302, 301, 303, -1,
      302, 303, 304, -1,
      304, 303, 305, -1,
      304, 305, 306, -1,
      306, 305, 307, -1,
      306, 307, 308, -1,
      309, 310, 311, -1,
      311, 310, 312, -1,
      311, 312, 313, -1,
      313, 312, 314, -1,
      313, 314, 315, -1,
      315, 314, 316, -1,
      315, 316, 317, -1,
      317, 316, 318, -1,
      317, 318, 319, -1,
      319, 318, 320, -1,
      319, 320, 321, -1,
      321, 320, 322, -1,
      321, 322, 323, -1,
      323, 322, 324, -1,
      323, 324, 325, -1,
      325, 324, 326, -1,
      325, 326, 327, -1,
      327, 326, 328, -1,
      327, 328, 329, -1,
      329, 328, 330, -1,
      329, 330, 331, -1,
      331, 330, 332, -1,
      331, 332, 333, -1,
      333, 332, 334, -1,
      333, 334, 335, -1,
      335, 334, 336, -1,
      335, 336, 337, -1,
      337, 336, 338, -1,
      337, 338, 296, -1,
      296, 338, 339, -1,
      296, 339, 297, -1,
      340, 341, 342, -1,
      342, 341, 343, -1,
      342, 343, 344, -1,
      344, 343, 345, -1,
      344, 345, 346, -1,
      346, 345, 347, -1,
      346, 347, 348, -1,
      348, 347, 349, -1,
      348, 349, 350, -1,
      350, 349, 351, -1,
      350, 351, 352, -1,
      352, 351, 353, -1,
      352, 353, 354, -1,
      354, 353, 355, -1,
      354, 355, 309, -1,
      309, 355, 356, -1,
      309, 356, 310, -1,
      307, 357, 308, -1,
      308, 357, 358, -1,
      308, 358, 359, -1,
      359, 358, 360, -1,
      359, 360, 361, -1,
      361, 360, 362, -1,
      361, 362, 363, -1,
      363, 362, 364, -1,
      363, 364, 365, -1,
      365, 364, 366, -1,
      365, 366, 367, -1,
      367, 366, 368, -1,
      367, 368, 340, -1,
      340, 368, 369, -1,
      340, 369, 341, -1,
      275, 273, 320, -1,
      320, 273, 322, -1,
      275, 320, 318, -1,
      275, 318, 277, -1,
      277, 318, 316, -1,
      277, 316, 279, -1,
      279, 316, 314, -1,
      279, 314, 281, -1,
      281, 314, 312, -1,
      281, 312, 282, -1,
      282, 312, 310, -1,
      282, 310, 223, -1,
      223, 310, 356, -1,
      223, 356, 225, -1,
      225, 356, 355, -1,
      225, 355, 227, -1,
      227, 355, 353, -1,
      227, 353, 229, -1,
      229, 353, 351, -1,
      229, 351, 231, -1,
      231, 351, 349, -1,
      231, 349, 233, -1,
      233, 349, 347, -1,
      233, 347, 235, -1,
      235, 347, 345, -1,
      235, 345, 237, -1,
      237, 345, 343, -1,
      237, 343, 283, -1,
      283, 343, 341, -1,
      283, 341, 284, -1,
      284, 341, 369, -1,
      284, 369, 286, -1,
      286, 369, 368, -1,
      286, 368, 288, -1,
      288, 368, 366, -1,
      288, 366, 290, -1,
      290, 366, 364, -1,
      290, 364, 292, -1,
      292, 364, 362, -1,
      292, 362, 294, -1,
      294, 362, 360, -1,
      294, 360, 295, -1,
      295, 360, 358, -1,
      295, 358, 240, -1,
      240, 358, 357, -1,
      240, 357, 242, -1,
      242, 357, 307, -1,
      242, 307, 244, -1,
      244, 307, 305, -1,
      244, 305, 246, -1,
      246, 305, 303, -1,
      246, 303, 248, -1,
      248, 303, 301, -1,
      248, 301, 249, -1,
      249, 301, 299, -1,
      249, 299, 251, -1,
      251, 299, 297, -1,
      251, 297, 253, -1,
      253, 297, 339, -1,
      253, 339, 255, -1,
      255, 339, 338, -1,
      255, 338, 257, -1,
      257, 338, 336, -1,
      257, 336, 259, -1,
      259, 336, 334, -1,
      259, 334, 261, -1,
      261, 334, 332, -1,
      261, 332, 263, -1,
      263, 332, 330, -1,
      263, 330, 265, -1,
      265, 330, 328, -1,
      265, 328, 267, -1,
      267, 328, 326, -1,
      267, 326, 269, -1,
      271, 269, 324, -1,
      324, 269, 326, -1,
      273, 271, 322, -1,
      322, 271, 324, -1,
      268, 270, 325, -1,
      325, 270, 323, -1,
      270, 272, 323, -1,
      323, 272, 321, -1,
      272, 274, 321, -1,
      321, 274, 319, -1,
      230, 350, 352, -1,
      230, 352, 228, -1,
      228, 352, 354, -1,
      228, 354, 226, -1,
      226, 354, 309, -1,
      226, 309, 224, -1,
      224, 309, 311, -1,
      224, 311, 222, -1,
      222, 311, 313, -1,
      222, 313, 280, -1,
      280, 313, 315, -1,
      280, 315, 278, -1,
      278, 315, 317, -1,
      278, 317, 276, -1,
      276, 317, 319, -1,
      276, 319, 274, -1,
      291, 363, 365, -1,
      291, 365, 289, -1,
      289, 365, 367, -1,
      289, 367, 287, -1,
      287, 367, 340, -1,
      287, 340, 285, -1,
      285, 340, 342, -1,
      285, 342, 238, -1,
      238, 342, 344, -1,
      238, 344, 236, -1,
      236, 344, 346, -1,
      236, 346, 234, -1,
      234, 346, 348, -1,
      234, 348, 232, -1,
      232, 348, 350, -1,
      232, 350, 230, -1,
      252, 298, 300, -1,
      252, 300, 250, -1,
      250, 300, 302, -1,
      250, 302, 247, -1,
      247, 302, 304, -1,
      247, 304, 245, -1,
      245, 304, 306, -1,
      245, 306, 243, -1,
      243, 306, 308, -1,
      243, 308, 241, -1,
      241, 308, 359, -1,
      241, 359, 239, -1,
      239, 359, 361, -1,
      239, 361, 293, -1,
      293, 361, 363, -1,
      293, 363, 291, -1,
      268, 325, 327, -1,
      268, 327, 266, -1,
      266, 327, 329, -1,
      266, 329, 264, -1,
      264, 329, 331, -1,
      264, 331, 262, -1,
      262, 331, 333, -1,
      262, 333, 260, -1,
      260, 333, 335, -1,
      260, 335, 258, -1,
      258, 335, 337, -1,
      258, 337, 256, -1,
      256, 337, 296, -1,
      256, 296, 254, -1,
      254, 296, 298, -1,
      254, 298, 252, -1,
      370, 371, 372, -1,
      372, 371, 373, -1,
      374, 375, 370, -1,
      370, 375, 376, -1,
      370, 376, 371, -1,
      371, 376, 377, -1,
      374, 378, 375, -1,
      375, 378, 379, -1,
      375, 379, 380, -1,
      380, 379, 381, -1,
      380, 381, 382, -1,
      382, 383, 380, -1,
      380, 383, 372, -1,
      380, 372, 384, -1,
      384, 372, 373, -1,
      384, 373, 385, -1,
      386, 387, 388, -1,
      387, 389, 388, -1,
      388, 389, 390, -1,
      388, 390, 391, -1,
      391, 390, 392, -1,
      391, 392, 393, -1,
      393, 394, 391, -1,
      391, 394, 395, -1,
      391, 395, 396, -1,
      397, 398, 399, -1,
      400, 396, 401, -1,
      401, 396, 395, -1,
      401, 395, 399, -1,
      399, 395, 386, -1,
      399, 386, 397, -1,
      397, 386, 388, -1,
      380, 384, 388, -1,
      388, 384, 397, -1,
      375, 380, 391, -1,
      391, 380, 388, -1,
      376, 375, 396, -1,
      396, 375, 391, -1,
      377, 376, 400, -1,
      400, 376, 396, -1,
      371, 377, 401, -1,
      401, 377, 400, -1,
      373, 371, 399, -1,
      399, 371, 401, -1,
      385, 373, 398, -1,
      398, 373, 399, -1,
      384, 385, 397, -1,
      397, 385, 398, -1,
      370, 372, 395, -1,
      395, 372, 386, -1,
      372, 383, 386, -1,
      386, 383, 387, -1,
      381, 390, 389, -1,
      381, 389, 382, -1,
      382, 389, 387, -1,
      382, 387, 383, -1,
      381, 379, 390, -1,
      390, 379, 392, -1,
      374, 394, 393, -1,
      374, 393, 378, -1,
      378, 393, 392, -1,
      378, 392, 379, -1,
      374, 370, 394, -1,
      394, 370, 395, -1,
      402, 403, 404, -1,
      404, 403, 405, -1,
      406, 402, 407, -1,
      407, 402, 404, -1,
      408, 406, 409, -1,
      409, 406, 407, -1,
      410, 408, 411, -1,
      411, 408, 409, -1,
      412, 410, 413, -1,
      413, 410, 411, -1,
      414, 412, 415, -1,
      415, 412, 413, -1,
      416, 414, 417, -1,
      417, 414, 415, -1,
      418, 416, 419, -1,
      419, 416, 417, -1,
      420, 418, 421, -1,
      421, 418, 419, -1,
      422, 420, 423, -1,
      423, 420, 421, -1,
      424, 422, 425, -1,
      425, 422, 423, -1,
      403, 424, 405, -1,
      405, 424, 425, -1,
      424, 403, 402, -1,
      402, 406, 424, -1,
      424, 406, 408, -1,
      424, 408, 422, -1,
      418, 420, 416, -1,
      416, 420, 422, -1,
      416, 422, 414, -1,
      414, 422, 408, -1,
      414, 408, 412, -1,
      412, 408, 410, -1,
      423, 421, 419, -1,
      419, 417, 423, -1,
      423, 417, 415, -1,
      423, 415, 425, -1,
      404, 405, 407, -1,
      407, 405, 425, -1,
      407, 425, 409, -1,
      409, 425, 415, -1,
      409, 415, 411, -1,
      411, 415, 413, -1,
      426, 427, 428, -1,
      428, 427, 429, -1,
      430, 431, 432, -1,
      433, 434, 435, -1,
      435, 434, 436, -1,
      432, 431, 437, -1,
      437, 431, 438, -1,
      437, 438, 439, -1,
      439, 438, 440, -1,
      439, 440, 441, -1,
      442, 443, 444, -1,
      434, 445, 436, -1,
      436, 445, 446, -1,
      436, 446, 447, -1,
      433, 435, 448, -1,
      448, 435, 449, -1,
      448, 449, 450, -1,
      450, 449, 451, -1,
      450, 451, 452, -1,
      441, 440, 453, -1,
      453, 440, 454, -1,
      453, 454, 455, -1,
      455, 454, 456, -1,
      455, 456, 457, -1,
      446, 458, 447, -1,
      447, 458, 459, -1,
      447, 459, 460, -1,
      460, 459, 461, -1,
      460, 461, 462, -1,
      428, 463, 464, -1,
      464, 463, 465, -1,
      464, 465, 466, -1,
      467, 468, 469, -1,
      469, 468, 470, -1,
      469, 470, 471, -1,
      471, 470, 472, -1,
      471, 472, 473, -1,
      474, 475, 429, -1,
      429, 475, 476, -1,
      429, 476, 428, -1,
      428, 476, 477, -1,
      428, 477, 463, -1,
      457, 456, 478, -1,
      478, 456, 479, -1,
      478, 479, 480, -1,
      480, 479, 481, -1,
      480, 481, 482, -1,
      483, 484, 485, -1,
      485, 484, 486, -1,
      485, 486, 487, -1,
      487, 486, 488, -1,
      487, 488, 489, -1,
      444, 490, 442, -1,
      442, 490, 491, -1,
      442, 491, 483, -1,
      483, 491, 492, -1,
      483, 492, 484, -1,
      493, 494, 495, -1,
      495, 494, 496, -1,
      495, 496, 443, -1,
      443, 496, 497, -1,
      443, 497, 444, -1,
      498, 499, 500, -1,
      500, 499, 452, -1,
      500, 452, 501, -1,
      501, 452, 451, -1,
      472, 502, 473, -1,
      473, 502, 503, -1,
      473, 503, 504, -1,
      504, 503, 505, -1,
      504, 505, 506, -1,
      506, 505, 466, -1,
      506, 466, 507, -1,
      507, 466, 465, -1,
      482, 481, 508, -1,
      508, 481, 509, -1,
      508, 509, 510, -1,
      510, 499, 508, -1,
      508, 499, 498, -1,
      508, 498, 429, -1,
      429, 498, 511, -1,
      429, 511, 474, -1,
      488, 512, 489, -1,
      489, 512, 513, -1,
      489, 513, 514, -1,
      514, 513, 515, -1,
      514, 515, 516, -1,
      516, 515, 517, -1,
      516, 517, 467, -1,
      467, 517, 518, -1,
      467, 518, 468, -1,
      461, 519, 462, -1,
      462, 519, 520, -1,
      462, 520, 521, -1,
      521, 520, 522, -1,
      521, 522, 523, -1,
      432, 524, 430, -1,
      430, 524, 525, -1,
      430, 525, 526, -1,
      526, 525, 527, -1,
      526, 527, 528, -1,
      528, 527, 529, -1,
      528, 529, 530, -1,
      530, 529, 531, -1,
      530, 531, 532, -1,
      532, 531, 533, -1,
      532, 533, 534, -1,
      534, 533, 535, -1,
      534, 535, 536, -1,
      536, 535, 537, -1,
      536, 537, 538, -1,
      538, 537, 539, -1,
      538, 539, 540, -1,
      540, 539, 541, -1,
      540, 541, 542, -1,
      542, 541, 543, -1,
      542, 543, 544, -1,
      522, 545, 523, -1,
      523, 545, 546, -1,
      523, 546, 493, -1,
      493, 546, 547, -1,
      493, 547, 494, -1,
      548, 549, 550, -1,
      551, 552, 553, -1,
      553, 552, 554, -1,
      553, 554, 555, -1,
      556, 557, 558, -1,
      559, 560, 561, -1,
      561, 560, 562, -1,
      561, 562, 563, -1,
      554, 564, 555, -1,
      555, 564, 565, -1,
      555, 565, 566, -1,
      566, 565, 567, -1,
      566, 567, 568, -1,
      569, 570, 571, -1,
      571, 570, 572, -1,
      571, 572, 573, -1,
      573, 572, 574, -1,
      573, 574, 551, -1,
      551, 574, 575, -1,
      551, 575, 552, -1,
      576, 556, 577, -1,
      577, 556, 558, -1,
      577, 558, 578, -1,
      578, 558, 579, -1,
      580, 581, 582, -1,
      582, 581, 583, -1,
      582, 583, 584, -1,
      584, 583, 585, -1,
      584, 585, 586, -1,
      586, 585, 587, -1,
      586, 587, 588, -1,
      588, 587, 589, -1,
      590, 591, 580, -1,
      580, 591, 592, -1,
      580, 592, 581, -1,
      593, 594, 559, -1,
      559, 594, 595, -1,
      559, 595, 560, -1,
      596, 597, 593, -1,
      593, 597, 598, -1,
      593, 598, 594, -1,
      599, 600, 601, -1,
      601, 600, 558, -1,
      601, 558, 602, -1,
      602, 558, 557, -1,
      603, 604, 590, -1,
      590, 604, 605, -1,
      590, 605, 591, -1,
      567, 606, 568, -1,
      568, 606, 607, -1,
      568, 607, 608, -1,
      608, 607, 609, -1,
      608, 609, 610, -1,
      610, 609, 600, -1,
      610, 600, 611, -1,
      562, 612, 563, -1,
      563, 612, 613, -1,
      563, 613, 614, -1,
      611, 600, 615, -1,
      615, 600, 599, -1,
      615, 599, 589, -1,
      589, 599, 616, -1,
      589, 616, 588, -1,
      548, 550, 617, -1,
      617, 550, 618, -1,
      617, 618, 619, -1,
      619, 618, 620, -1,
      619, 620, 621, -1,
      621, 620, 622, -1,
      621, 622, 623, -1,
      623, 622, 624, -1,
      623, 624, 625, -1,
      625, 624, 626, -1,
      625, 626, 627, -1,
      627, 626, 628, -1,
      627, 628, 629, -1,
      629, 628, 630, -1,
      629, 630, 569, -1,
      569, 630, 631, -1,
      569, 631, 570, -1,
      632, 633, 634, -1,
      634, 633, 635, -1,
      634, 635, 603, -1,
      603, 635, 636, -1,
      603, 636, 604, -1,
      613, 637, 614, -1,
      614, 637, 638, -1,
      614, 638, 639, -1,
      639, 638, 640, -1,
      639, 640, 632, -1,
      632, 640, 641, -1,
      632, 641, 633, -1,
      642, 643, 644, -1,
      644, 643, 645, -1,
      644, 645, 646, -1,
      646, 645, 647, -1,
      646, 647, 648, -1,
      648, 647, 649, -1,
      648, 649, 650, -1,
      651, 652, 653, -1,
      653, 652, 654, -1,
      653, 654, 655, -1,
      655, 654, 656, -1,
      655, 656, 596, -1,
      596, 656, 657, -1,
      596, 657, 597, -1,
      649, 658, 650, -1,
      650, 658, 659, -1,
      650, 659, 660, -1,
      660, 659, 661, -1,
      660, 661, 662, -1,
      662, 661, 663, -1,
      662, 663, 651, -1,
      651, 663, 664, -1,
      651, 664, 652, -1,
      644, 665, 642, -1,
      642, 665, 666, -1,
      642, 666, 667, -1,
      667, 666, 668, -1,
      667, 668, 577, -1,
      577, 668, 669, -1,
      577, 669, 576, -1,
      529, 630, 628, -1,
      529, 628, 531, -1,
      531, 628, 626, -1,
      531, 626, 533, -1,
      533, 626, 624, -1,
      533, 624, 535, -1,
      535, 624, 622, -1,
      535, 622, 537, -1,
      537, 622, 620, -1,
      537, 620, 539, -1,
      539, 620, 618, -1,
      539, 618, 541, -1,
      541, 618, 550, -1,
      541, 550, 543, -1,
      544, 543, 549, -1,
      549, 543, 550, -1,
      544, 549, 548, -1,
      544, 548, 542, -1,
      542, 548, 617, -1,
      542, 617, 540, -1,
      540, 617, 619, -1,
      540, 619, 538, -1,
      538, 619, 621, -1,
      538, 621, 536, -1,
      536, 621, 623, -1,
      536, 623, 534, -1,
      534, 623, 625, -1,
      534, 625, 532, -1,
      532, 625, 627, -1,
      532, 627, 530, -1,
      530, 627, 629, -1,
      530, 629, 528, -1,
      528, 629, 569, -1,
      528, 569, 526, -1,
      526, 569, 571, -1,
      526, 571, 430, -1,
      430, 571, 573, -1,
      430, 573, 431, -1,
      431, 573, 551, -1,
      431, 551, 438, -1,
      438, 551, 553, -1,
      438, 553, 440, -1,
      440, 553, 555, -1,
      440, 555, 454, -1,
      454, 555, 566, -1,
      454, 566, 456, -1,
      456, 566, 568, -1,
      456, 568, 479, -1,
      479, 568, 608, -1,
      479, 608, 481, -1,
      481, 608, 610, -1,
      481, 610, 509, -1,
      509, 610, 611, -1,
      509, 611, 510, -1,
      510, 611, 615, -1,
      510, 615, 499, -1,
      452, 499, 589, -1,
      589, 499, 615, -1,
      452, 589, 587, -1,
      452, 587, 450, -1,
      450, 587, 585, -1,
      450, 585, 448, -1,
      448, 585, 583, -1,
      448, 583, 433, -1,
      433, 583, 581, -1,
      433, 581, 434, -1,
      434, 581, 592, -1,
      434, 592, 445, -1,
      445, 592, 591, -1,
      445, 591, 446, -1,
      446, 591, 605, -1,
      446, 605, 458, -1,
      458, 605, 604, -1,
      458, 604, 459, -1,
      459, 604, 636, -1,
      459, 636, 461, -1,
      461, 636, 635, -1,
      461, 635, 519, -1,
      519, 635, 633, -1,
      519, 633, 520, -1,
      520, 633, 641, -1,
      520, 641, 522, -1,
      522, 641, 640, -1,
      522, 640, 545, -1,
      545, 640, 638, -1,
      545, 638, 546, -1,
      546, 638, 637, -1,
      546, 637, 547, -1,
      547, 637, 613, -1,
      547, 613, 494, -1,
      494, 613, 612, -1,
      494, 612, 496, -1,
      496, 612, 562, -1,
      496, 562, 497, -1,
      497, 562, 560, -1,
      497, 560, 444, -1,
      444, 560, 595, -1,
      444, 595, 490, -1,
      490, 595, 594, -1,
      490, 594, 491, -1,
      491, 594, 598, -1,
      491, 598, 492, -1,
      492, 598, 597, -1,
      492, 597, 484, -1,
      484, 597, 657, -1,
      484, 657, 486, -1,
      486, 657, 656, -1,
      486, 656, 488, -1,
      488, 656, 654, -1,
      488, 654, 512, -1,
      512, 654, 652, -1,
      512, 652, 513, -1,
      513, 652, 664, -1,
      513, 664, 515, -1,
      515, 664, 663, -1,
      515, 663, 517, -1,
      517, 663, 661, -1,
      517, 661, 518, -1,
      518, 661, 659, -1,
      518, 659, 468, -1,
      468, 659, 658, -1,
      468, 658, 470, -1,
      470, 658, 649, -1,
      470, 649, 472, -1,
      472, 649, 647, -1,
      472, 647, 502, -1,
      502, 647, 645, -1,
      502, 645, 503, -1,
      503, 645, 643, -1,
      503, 643, 505, -1,
      505, 643, 642, -1,
      505, 642, 466, -1,
      466, 642, 667, -1,
      466, 667, 464, -1,
      428, 464, 577, -1,
      577, 464, 667, -1,
      426, 428, 578, -1,
      578, 428, 577, -1,
      427, 426, 579, -1,
      579, 426, 578, -1,
      429, 427, 558, -1,
      558, 427, 579, -1,
      429, 558, 600, -1,
      429, 600, 508, -1,
      508, 600, 609, -1,
      508, 609, 482, -1,
      482, 609, 607, -1,
      482, 607, 480, -1,
      480, 607, 606, -1,
      480, 606, 478, -1,
      478, 606, 567, -1,
      478, 567, 457, -1,
      457, 567, 565, -1,
      457, 565, 455, -1,
      455, 565, 564, -1,
      455, 564, 453, -1,
      453, 564, 554, -1,
      453, 554, 441, -1,
      441, 554, 552, -1,
      441, 552, 439, -1,
      439, 552, 575, -1,
      439, 575, 437, -1,
      437, 575, 574, -1,
      437, 574, 432, -1,
      432, 574, 572, -1,
      432, 572, 524, -1,
      524, 572, 570, -1,
      524, 570, 525, -1,
      525, 570, 631, -1,
      525, 631, 527, -1,
      527, 631, 630, -1,
      527, 630, 529, -1,
      436, 580, 582, -1,
      436, 582, 435, -1,
      435, 582, 584, -1,
      435, 584, 449, -1,
      449, 584, 586, -1,
      449, 586, 451, -1,
      451, 586, 588, -1,
      451, 588, 501, -1,
      501, 588, 616, -1,
      501, 616, 500, -1,
      523, 639, 632, -1,
      523, 632, 521, -1,
      521, 632, 634, -1,
      521, 634, 462, -1,
      462, 634, 603, -1,
      462, 603, 460, -1,
      460, 603, 590, -1,
      460, 590, 447, -1,
      447, 590, 580, -1,
      447, 580, 436, -1,
      483, 593, 559, -1,
      483, 559, 442, -1,
      442, 559, 561, -1,
      442, 561, 443, -1,
      443, 561, 563, -1,
      443, 563, 495, -1,
      495, 563, 614, -1,
      495, 614, 493, -1,
      493, 614, 639, -1,
      493, 639, 523, -1,
      516, 662, 651, -1,
      516, 651, 514, -1,
      514, 651, 653, -1,
      514, 653, 489, -1,
      489, 653, 655, -1,
      489, 655, 487, -1,
      487, 655, 596, -1,
      487, 596, 485, -1,
      485, 596, 593, -1,
      485, 593, 483, -1,
      507, 666, 665, -1,
      507, 665, 506, -1,
      506, 665, 644, -1,
      506, 644, 504, -1,
      504, 644, 646, -1,
      504, 646, 473, -1,
      473, 646, 648, -1,
      473, 648, 471, -1,
      471, 648, 650, -1,
      471, 650, 469, -1,
      469, 650, 660, -1,
      469, 660, 467, -1,
      467, 660, 662, -1,
      467, 662, 516, -1,
      511, 601, 602, -1,
      511, 602, 474, -1,
      474, 602, 557, -1,
      474, 557, 475, -1,
      475, 557, 556, -1,
      475, 556, 476, -1,
      476, 556, 576, -1,
      476, 576, 477, -1,
      477, 576, 669, -1,
      477, 669, 463, -1,
      463, 669, 668, -1,
      463, 668, 465, -1,
      465, 668, 666, -1,
      465, 666, 507, -1,
      511, 498, 601, -1,
      601, 498, 599, -1,
      498, 500, 599, -1,
      599, 500, 616, -1,
      670, 671, 672, -1,
      670, 672, 673, -1,
      673, 672, 674, -1,
      673, 674, 675, -1,
      675, 674, 676, -1,
      675, 676, 677, -1,
      677, 676, 678, -1,
      677, 678, 679, -1,
      679, 678, 680, -1,
      679, 680, 681, -1,
      681, 680, 682, -1,
      681, 682, 683, -1,
      683, 682, 684, -1,
      683, 684, 685, -1,
      686, 685, 687, -1,
      687, 685, 684, -1,
      686, 687, 688, -1,
      686, 688, 689, -1,
      689, 688, 690, -1,
      689, 690, 691, -1,
      691, 690, 692, -1,
      691, 692, 693, -1,
      693, 692, 694, -1,
      693, 694, 695, -1,
      695, 694, 696, -1,
      695, 696, 697, -1,
      697, 696, 698, -1,
      697, 698, 699, -1,
      699, 698, 700, -1,
      699, 700, 701, -1,
      701, 700, 702, -1,
      701, 702, 703, -1,
      703, 702, 704, -1,
      703, 704, 705, -1,
      705, 704, 706, -1,
      705, 706, 707, -1,
      707, 706, 708, -1,
      707, 708, 709, -1,
      709, 708, 710, -1,
      709, 710, 711, -1,
      711, 710, 712, -1,
      711, 712, 713, -1,
      713, 712, 714, -1,
      713, 714, 715, -1,
      715, 714, 716, -1,
      715, 716, 717, -1,
      717, 716, 718, -1,
      717, 718, 719, -1,
      719, 718, 720, -1,
      719, 720, 721, -1,
      721, 720, 722, -1,
      721, 722, 723, -1,
      723, 722, 724, -1,
      723, 724, 725, -1,
      725, 724, 726, -1,
      725, 726, 727, -1,
      727, 726, 728, -1,
      727, 728, 729, -1,
      729, 728, 730, -1,
      729, 730, 731, -1,
      731, 730, 732, -1,
      731, 732, 733, -1,
      733, 732, 734, -1,
      733, 734, 735, -1,
      735, 734, 736, -1,
      735, 736, 737, -1,
      737, 736, 738, -1,
      737, 738, 739, -1,
      739, 738, 740, -1,
      739, 740, 741, -1,
      741, 740, 742, -1,
      741, 742, 743, -1,
      743, 742, 744, -1,
      743, 744, 745, -1,
      745, 744, 746, -1,
      745, 746, 747, -1,
      747, 746, 748, -1,
      747, 748, 749, -1,
      749, 748, 750, -1,
      749, 750, 751, -1,
      751, 750, 752, -1,
      751, 752, 753, -1,
      753, 752, 754, -1,
      753, 754, 755, -1,
      755, 754, 756, -1,
      755, 756, 757, -1,
      757, 756, 758, -1,
      757, 758, 759, -1,
      759, 758, 760, -1,
      759, 760, 761, -1,
      761, 760, 762, -1,
      761, 762, 763, -1,
      763, 762, 764, -1,
      763, 764, 765, -1,
      765, 764, 766, -1,
      765, 766, 767, -1,
      767, 766, 768, -1,
      767, 768, 769, -1,
      769, 768, 770, -1,
      769, 770, 771, -1,
      771, 770, 772, -1,
      771, 772, 773, -1,
      773, 772, 774, -1,
      773, 774, 775, -1,
      775, 774, 776, -1,
      775, 776, 777, -1,
      777, 776, 778, -1,
      777, 778, 779, -1,
      779, 778, 780, -1,
      779, 780, 781, -1,
      781, 780, 782, -1,
      781, 782, 783, -1,
      783, 782, 784, -1,
      783, 784, 785, -1,
      785, 784, 786, -1,
      785, 786, 787, -1,
      787, 786, 788, -1,
      787, 788, 789, -1,
      789, 788, 790, -1,
      789, 790, 791, -1,
      791, 790, 792, -1,
      791, 792, 793, -1,
      793, 792, 794, -1,
      793, 794, 795, -1,
      795, 794, 796, -1,
      795, 796, 797, -1,
      797, 796, 798, -1,
      797, 798, 799, -1,
      799, 798, 800, -1,
      799, 800, 801, -1,
      801, 800, 802, -1,
      801, 802, 803, -1,
      803, 802, 804, -1,
      803, 804, 805, -1,
      806, 805, 807, -1,
      807, 805, 804, -1,
      806, 807, 808, -1,
      806, 808, 809, -1,
      809, 808, 810, -1,
      809, 810, 811, -1,
      811, 810, 812, -1,
      811, 812, 813, -1,
      813, 812, 814, -1,
      813, 814, 815, -1,
      815, 814, 816, -1,
      815, 816, 817, -1,
      817, 816, 818, -1,
      817, 818, 819, -1,
      819, 818, 820, -1,
      819, 820, 821, -1,
      821, 820, 822, -1,
      821, 822, 823, -1,
      823, 822, 824, -1,
      823, 824, 825, -1,
      825, 824, 826, -1,
      825, 826, 827, -1,
      827, 826, 828, -1,
      827, 828, 829, -1,
      829, 828, 830, -1,
      829, 830, 831, -1,
      831, 830, 832, -1,
      831, 832, 833, -1,
      833, 832, 834, -1,
      833, 834, 835, -1,
      835, 834, 836, -1,
      835, 836, 837, -1,
      837, 836, 838, -1,
      837, 838, 839, -1,
      839, 838, 840, -1,
      839, 840, 841, -1,
      841, 840, 842, -1,
      841, 842, 843, -1,
      843, 842, 844, -1,
      843, 844, 845, -1,
      845, 844, 846, -1,
      845, 846, 847, -1,
      847, 846, 848, -1,
      847, 848, 849, -1,
      849, 848, 850, -1,
      849, 850, 851, -1,
      851, 850, 852, -1,
      851, 852, 853, -1,
      853, 852, 854, -1,
      853, 854, 855, -1,
      855, 854, 856, -1,
      855, 856, 857, -1,
      857, 856, 858, -1,
      857, 858, 859, -1,
      859, 858, 860, -1,
      859, 860, 861, -1,
      861, 860, 862, -1,
      861, 862, 863, -1,
      863, 862, 864, -1,
      863, 864, 865, -1,
      865, 864, 866, -1,
      865, 866, 867, -1,
      867, 866, 868, -1,
      867, 868, 869, -1,
      869, 868, 870, -1,
      869, 870, 871, -1,
      871, 870, 872, -1,
      871, 872, 873, -1,
      873, 872, 874, -1,
      873, 874, 875, -1,
      875, 874, 876, -1,
      875, 876, 877, -1,
      877, 876, 878, -1,
      877, 878, 879, -1,
      879, 878, 880, -1,
      879, 880, 881, -1,
      881, 880, 882, -1,
      881, 882, 883, -1,
      883, 882, 884, -1,
      883, 884, 885, -1,
      885, 884, 886, -1,
      885, 886, 887, -1,
      887, 886, 888, -1,
      887, 888, 889, -1,
      889, 888, 890, -1,
      889, 890, 891, -1,
      891, 890, 892, -1,
      891, 892, 893, -1,
      893, 892, 894, -1,
      893, 894, 895, -1,
      895, 894, 896, -1,
      895, 896, 897, -1,
      897, 896, 898, -1,
      897, 898, 899, -1,
      899, 898, 900, -1,
      899, 900, 901, -1,
      901, 900, 902, -1,
      901, 902, 903, -1,
      903, 902, 904, -1,
      903, 904, 905, -1,
      905, 904, 906, -1,
      905, 906, 907, -1,
      907, 906, 671, -1,
      907, 671, 670, -1,
      683, 685, 686, -1,
      803, 805, 806, -1,
      713, 715, 897, -1,
      897, 715, 895, -1,
      777, 837, 775, -1,
      775, 837, 839, -1,
      775, 839, 773, -1,
      715, 717, 895, -1,
      895, 717, 719, -1,
      895, 719, 893, -1,
      779, 833, 777, -1,
      777, 833, 835, -1,
      777, 835, 837, -1,
      713, 897, 711, -1,
      711, 897, 899, -1,
      711, 899, 709, -1,
      709, 899, 901, -1,
      709, 901, 707, -1,
      707, 901, 903, -1,
      707, 903, 705, -1,
      855, 765, 853, -1,
      853, 765, 767, -1,
      737, 883, 735, -1,
      735, 883, 885, -1,
      839, 841, 773, -1,
      773, 841, 843, -1,
      773, 843, 771, -1,
      843, 845, 771, -1,
      771, 845, 847, -1,
      771, 847, 769, -1,
      769, 847, 849, -1,
      769, 849, 767, -1,
      767, 849, 851, -1,
      767, 851, 853, -1,
      855, 857, 765, -1,
      765, 857, 859, -1,
      765, 859, 763, -1,
      763, 859, 861, -1,
      763, 861, 761, -1,
      761, 861, 863, -1,
      761, 863, 759, -1,
      759, 863, 865, -1,
      759, 865, 757, -1,
      889, 729, 887, -1,
      887, 729, 731, -1,
      887, 731, 885, -1,
      885, 731, 733, -1,
      885, 733, 735, -1,
      719, 721, 893, -1,
      893, 721, 723, -1,
      893, 723, 891, -1,
      891, 723, 725, -1,
      891, 725, 889, -1,
      889, 725, 727, -1,
      889, 727, 729, -1,
      737, 739, 883, -1,
      883, 739, 741, -1,
      883, 741, 881, -1,
      881, 741, 743, -1,
      881, 743, 879, -1,
      879, 743, 745, -1,
      879, 745, 877, -1,
      877, 745, 747, -1,
      877, 747, 875, -1,
      705, 903, 703, -1,
      703, 903, 905, -1,
      703, 905, 701, -1,
      701, 905, 907, -1,
      701, 907, 699, -1,
      699, 907, 670, -1,
      699, 670, 697, -1,
      697, 670, 673, -1,
      697, 673, 695, -1,
      695, 673, 675, -1,
      695, 675, 693, -1,
      693, 675, 677, -1,
      693, 677, 691, -1,
      691, 677, 679, -1,
      691, 679, 689, -1,
      689, 679, 686, -1,
      686, 679, 681, -1,
      686, 681, 683, -1,
      747, 749, 875, -1,
      875, 749, 751, -1,
      875, 751, 873, -1,
      873, 751, 753, -1,
      873, 753, 871, -1,
      871, 753, 755, -1,
      871, 755, 869, -1,
      869, 755, 757, -1,
      869, 757, 867, -1,
      867, 757, 865, -1,
      803, 806, 801, -1,
      801, 806, 809, -1,
      801, 809, 799, -1,
      799, 809, 811, -1,
      799, 811, 797, -1,
      797, 811, 813, -1,
      797, 813, 795, -1,
      795, 813, 815, -1,
      795, 815, 793, -1,
      793, 815, 817, -1,
      793, 817, 791, -1,
      791, 817, 819, -1,
      791, 819, 789, -1,
      789, 819, 821, -1,
      789, 821, 787, -1,
      787, 821, 823, -1,
      787, 823, 785, -1,
      785, 823, 825, -1,
      785, 825, 783, -1,
      783, 825, 827, -1,
      783, 827, 781, -1,
      781, 827, 829, -1,
      781, 829, 779, -1,
      779, 829, 831, -1,
      779, 831, 833, -1,
      894, 714, 896, -1,
      896, 714, 712, -1,
      896, 712, 898, -1,
      898, 712, 710, -1,
      898, 710, 900, -1,
      776, 774, 836, -1,
      856, 764, 858, -1,
      858, 764, 762, -1,
      892, 718, 894, -1,
      894, 718, 716, -1,
      894, 716, 714, -1,
      886, 884, 732, -1,
      732, 884, 734, -1,
      734, 884, 882, -1,
      734, 882, 736, -1,
      856, 854, 764, -1,
      764, 854, 852, -1,
      764, 852, 766, -1,
      766, 852, 850, -1,
      766, 850, 768, -1,
      880, 740, 882, -1,
      882, 740, 738, -1,
      882, 738, 736, -1,
      770, 842, 772, -1,
      772, 842, 840, -1,
      772, 840, 774, -1,
      774, 840, 838, -1,
      774, 838, 836, -1,
      890, 722, 892, -1,
      892, 722, 720, -1,
      892, 720, 718, -1,
      850, 848, 768, -1,
      768, 848, 846, -1,
      768, 846, 770, -1,
      770, 846, 844, -1,
      770, 844, 842, -1,
      710, 708, 900, -1,
      900, 708, 706, -1,
      900, 706, 902, -1,
      902, 706, 704, -1,
      902, 704, 904, -1,
      904, 704, 702, -1,
      904, 702, 906, -1,
      906, 702, 700, -1,
      906, 700, 671, -1,
      671, 700, 698, -1,
      671, 698, 672, -1,
      672, 698, 696, -1,
      672, 696, 674, -1,
      674, 696, 694, -1,
      674, 694, 676, -1,
      732, 730, 886, -1,
      886, 730, 728, -1,
      886, 728, 888, -1,
      888, 728, 726, -1,
      888, 726, 890, -1,
      890, 726, 724, -1,
      890, 724, 722, -1,
      694, 692, 676, -1,
      676, 692, 690, -1,
      676, 690, 678, -1,
      678, 690, 688, -1,
      678, 688, 680, -1,
      680, 688, 687, -1,
      680, 687, 682, -1,
      682, 687, 684, -1,
      872, 870, 754, -1,
      754, 870, 868, -1,
      754, 868, 756, -1,
      756, 868, 866, -1,
      756, 866, 758, -1,
      758, 866, 864, -1,
      758, 864, 760, -1,
      760, 864, 862, -1,
      760, 862, 762, -1,
      762, 862, 860, -1,
      762, 860, 858, -1,
      836, 834, 776, -1,
      776, 834, 832, -1,
      776, 832, 778, -1,
      778, 832, 830, -1,
      778, 830, 780, -1,
      780, 830, 828, -1,
      780, 828, 782, -1,
      782, 828, 826, -1,
      782, 826, 784, -1,
      784, 826, 824, -1,
      784, 824, 786, -1,
      786, 824, 822, -1,
      786, 822, 788, -1,
      788, 822, 820, -1,
      788, 820, 790, -1,
      790, 820, 818, -1,
      790, 818, 792, -1,
      792, 818, 816, -1,
      792, 816, 794, -1,
      794, 816, 814, -1,
      794, 814, 796, -1,
      796, 814, 812, -1,
      796, 812, 798, -1,
      798, 812, 810, -1,
      798, 810, 800, -1,
      800, 810, 808, -1,
      800, 808, 802, -1,
      802, 808, 807, -1,
      802, 807, 804, -1,
      754, 752, 872, -1,
      872, 752, 750, -1,
      872, 750, 874, -1,
      874, 750, 748, -1,
      874, 748, 876, -1,
      876, 748, 746, -1,
      876, 746, 878, -1,
      878, 746, 744, -1,
      878, 744, 880, -1,
      880, 744, 742, -1,
      880, 742, 740, -1,
      908, 909, 910, -1,
      910, 909, 911, -1,
      912, 908, 913, -1,
      913, 908, 910, -1,
      912, 913, 914, -1,
      912, 914, 915, -1,
      915, 914, 916, -1,
      915, 916, 917, -1,
      918, 917, 919, -1,
      919, 917, 916, -1,
      920, 918, 921, -1,
      921, 918, 919, -1,
      922, 920, 923, -1,
      923, 920, 921, -1,
      924, 922, 925, -1,
      925, 922, 923, -1,
      926, 924, 927, -1,
      927, 924, 925, -1,
      928, 926, 929, -1,
      929, 926, 927, -1,
      928, 929, 930, -1,
      928, 930, 931, -1,
      931, 930, 932, -1,
      931, 932, 933, -1,
      933, 932, 934, -1,
      933, 934, 935, -1,
      935, 934, 936, -1,
      935, 936, 937, -1,
      937, 936, 938, -1,
      937, 938, 939, -1,
      939, 938, 940, -1,
      939, 940, 941, -1,
      941, 940, 942, -1,
      941, 942, 943, -1,
      943, 942, 944, -1,
      943, 944, 945, -1,
      945, 944, 946, -1,
      945, 946, 947, -1,
      947, 946, 948, -1,
      947, 948, 949, -1,
      950, 949, 951, -1,
      951, 949, 948, -1,
      950, 951, 952, -1,
      950, 952, 953, -1,
      953, 952, 954, -1,
      953, 954, 955, -1,
      955, 954, 956, -1,
      955, 956, 957, -1,
      957, 956, 958, -1,
      957, 958, 959, -1,
      959, 958, 960, -1,
      959, 960, 961, -1,
      961, 960, 962, -1,
      961, 962, 963, -1,
      963, 962, 964, -1,
      963, 964, 965, -1,
      965, 964, 966, -1,
      965, 966, 967, -1,
      967, 966, 968, -1,
      967, 968, 969, -1,
      969, 968, 970, -1,
      969, 970, 971, -1,
      971, 970, 972, -1,
      971, 972, 973, -1,
      973, 972, 974, -1,
      973, 974, 975, -1,
      975, 974, 976, -1,
      975, 976, 977, -1,
      977, 976, 978, -1,
      977, 978, 979, -1,
      909, 979, 911, -1,
      911, 979, 978, -1,
      915, 917, 979, -1,
      909, 908, 979, -1,
      979, 908, 912, -1,
      979, 912, 915, -1,
      922, 924, 920, -1,
      920, 924, 926, -1,
      920, 926, 918, -1,
      933, 935, 967, -1,
      967, 935, 965, -1,
      965, 935, 937, -1,
      965, 937, 963, -1,
      963, 937, 939, -1,
      963, 939, 961, -1,
      961, 939, 959, -1,
      959, 939, 941, -1,
      959, 941, 957, -1,
      957, 941, 943, -1,
      957, 943, 955, -1,
      967, 969, 933, -1,
      933, 969, 971, -1,
      933, 971, 931, -1,
      931, 971, 973, -1,
      931, 973, 928, -1,
      955, 943, 953, -1,
      953, 943, 945, -1,
      953, 945, 950, -1,
      950, 945, 947, -1,
      950, 947, 949, -1,
      973, 975, 928, -1,
      928, 975, 977, -1,
      928, 977, 926, -1,
      926, 977, 979, -1,
      926, 979, 918, -1,
      918, 979, 917, -1,
      940, 938, 960, -1,
      927, 925, 923, -1,
      910, 911, 913, -1,
      913, 911, 978, -1,
      960, 938, 962, -1,
      962, 938, 936, -1,
      962, 936, 964, -1,
      960, 958, 940, -1,
      940, 958, 956, -1,
      940, 956, 942, -1,
      942, 956, 954, -1,
      942, 954, 944, -1,
      944, 954, 952, -1,
      944, 952, 946, -1,
      946, 952, 951, -1,
      946, 951, 948, -1,
      964, 936, 966, -1,
      966, 936, 934, -1,
      966, 934, 968, -1,
      968, 934, 932, -1,
      968, 932, 970, -1,
      970, 932, 930, -1,
      970, 930, 972, -1,
      972, 930, 974, -1,
      974, 930, 929, -1,
      974, 929, 976, -1,
      919, 916, 978, -1,
      978, 916, 914, -1,
      978, 914, 913, -1,
      923, 921, 927, -1,
      927, 921, 919, -1,
      927, 919, 929, -1,
      929, 919, 978, -1,
      929, 978, 976, -1,
      980, 981, 982, -1,
      982, 981, 983, -1,
      984, 980, 985, -1,
      985, 980, 982, -1,
      986, 984, 987, -1,
      987, 984, 985, -1,
      988, 986, 989, -1,
      989, 986, 987, -1,
      990, 988, 991, -1,
      991, 988, 989, -1,
      992, 990, 993, -1,
      993, 990, 991, -1,
      994, 992, 995, -1,
      995, 992, 993, -1,
      996, 994, 997, -1,
      997, 994, 995, -1,
      998, 996, 999, -1,
      999, 996, 997, -1,
      1000, 998, 1001, -1,
      1001, 998, 999, -1,
      1002, 1000, 1003, -1,
      1003, 1000, 1001, -1,
      981, 1002, 983, -1,
      983, 1002, 1003, -1,
      1002, 981, 980, -1,
      980, 984, 1002, -1,
      1002, 984, 986, -1,
      1002, 986, 1000, -1,
      996, 998, 994, -1,
      994, 998, 1000, -1,
      994, 1000, 992, -1,
      992, 1000, 986, -1,
      992, 986, 990, -1,
      990, 986, 988, -1,
      1001, 999, 997, -1,
      997, 995, 1001, -1,
      1001, 995, 993, -1,
      1001, 993, 1003, -1,
      982, 983, 985, -1,
      985, 983, 1003, -1,
      985, 1003, 987, -1,
      987, 1003, 993, -1,
      987, 993, 989, -1,
      989, 993, 991, -1,
      1004, 1005, 1006, -1,
      1006, 1005, 1007, -1,
      1006, 1007, 1008, -1,
      1008, 1007, 1009, -1,
      1008, 1009, 1010, -1,
      1010, 1009, 1011, -1,
      1010, 1011, 1012, -1,
      1012, 1011, 1013, -1,
      1012, 1013, 1014, -1,
      1014, 1013, 1015, -1,
      1014, 1015, 1016, -1,
      1016, 1015, 1017, -1,
      1016, 1017, 1018, -1,
      1018, 1017, 1019, -1,
      1018, 1019, 1020, -1,
      1021, 1022, 1023, -1,
      1023, 1022, 1024, -1,
      1023, 1024, 1025, -1,
      1025, 1024, 1026, -1,
      1025, 1026, 1027, -1,
      1027, 1026, 1028, -1,
      1027, 1028, 1029, -1,
      1028, 1030, 1029, -1,
      1029, 1030, 1031, -1,
      1029, 1031, 1032, -1,
      1032, 1031, 1033, -1,
      1032, 1033, 1034, -1,
      1034, 1033, 1035, -1,
      1034, 1035, 1036, -1,
      1036, 1035, 1037, -1,
      1036, 1037, 1038, -1,
      1038, 1037, 1039, -1,
      1038, 1039, 1040, -1,
      1040, 1039, 1041, -1,
      1040, 1041, 1042, -1,
      1042, 1041, 1043, -1,
      1042, 1043, 1044, -1,
      1044, 1043, 1045, -1,
      1044, 1045, 1046, -1,
      1046, 1045, 1047, -1,
      1046, 1047, 1048, -1,
      1048, 1047, 1049, -1,
      1048, 1049, 1050, -1,
      1050, 1049, 1051, -1,
      1050, 1051, 1052, -1,
      1052, 1051, 1053, -1,
      1052, 1053, 1054, -1,
      1054, 1053, 1055, -1,
      1054, 1055, 1056, -1,
      1056, 1055, 1057, -1,
      1056, 1057, 1058, -1,
      1058, 1057, 1059, -1,
      1058, 1059, 1060, -1,
      1060, 1059, 1061, -1,
      1060, 1061, 1062, -1,
      1062, 1061, 1063, -1,
      1062, 1063, 1004, -1,
      1004, 1063, 1064, -1,
      1004, 1064, 1005, -1,
      1019, 1065, 1020, -1,
      1020, 1065, 1066, -1,
      1020, 1066, 1067, -1,
      1067, 1066, 1068, -1,
      1067, 1068, 1069, -1,
      1069, 1068, 1070, -1,
      1069, 1070, 1071, -1,
      1071, 1070, 1072, -1,
      1071, 1072, 1073, -1,
      1073, 1072, 1074, -1,
      1073, 1074, 1075, -1,
      1075, 1074, 1076, -1,
      1075, 1076, 1021, -1,
      1021, 1076, 1077, -1,
      1021, 1077, 1022, -1,
      1078, 1079, 1080, -1,
      1080, 1079, 1081, -1,
      1080, 1081, 1082, -1,
      1082, 1081, 1083, -1,
      1082, 1083, 1084, -1,
      1084, 1083, 1085, -1,
      1084, 1085, 1086, -1,
      1086, 1085, 1087, -1,
      1086, 1087, 1088, -1,
      1088, 1087, 1089, -1,
      1088, 1089, 1090, -1,
      1091, 1092, 1093, -1,
      1093, 1092, 1094, -1,
      1093, 1094, 1095, -1,
      1095, 1094, 1096, -1,
      1095, 1096, 1097, -1,
      1097, 1096, 1098, -1,
      1097, 1098, 1099, -1,
      1099, 1098, 1100, -1,
      1099, 1100, 1101, -1,
      1101, 1100, 1102, -1,
      1101, 1102, 1103, -1,
      1103, 1102, 1104, -1,
      1103, 1104, 1105, -1,
      1105, 1104, 1106, -1,
      1105, 1106, 1107, -1,
      1107, 1106, 1108, -1,
      1107, 1108, 1109, -1,
      1109, 1108, 1110, -1,
      1109, 1110, 1111, -1,
      1111, 1110, 1112, -1,
      1111, 1112, 1113, -1,
      1113, 1112, 1114, -1,
      1113, 1114, 1115, -1,
      1115, 1114, 1116, -1,
      1115, 1116, 1117, -1,
      1117, 1116, 1118, -1,
      1117, 1118, 1119, -1,
      1119, 1118, 1120, -1,
      1119, 1120, 1078, -1,
      1078, 1120, 1121, -1,
      1078, 1121, 1079, -1,
      1122, 1123, 1124, -1,
      1124, 1123, 1125, -1,
      1124, 1125, 1126, -1,
      1126, 1125, 1127, -1,
      1126, 1127, 1128, -1,
      1128, 1127, 1129, -1,
      1128, 1129, 1130, -1,
      1130, 1129, 1131, -1,
      1130, 1131, 1132, -1,
      1132, 1131, 1133, -1,
      1132, 1133, 1134, -1,
      1134, 1133, 1135, -1,
      1134, 1135, 1136, -1,
      1136, 1135, 1137, -1,
      1136, 1137, 1091, -1,
      1091, 1137, 1138, -1,
      1091, 1138, 1092, -1,
      1089, 1139, 1090, -1,
      1090, 1139, 1140, -1,
      1090, 1140, 1141, -1,
      1141, 1140, 1142, -1,
      1141, 1142, 1143, -1,
      1143, 1142, 1144, -1,
      1143, 1144, 1145, -1,
      1145, 1144, 1146, -1,
      1145, 1146, 1147, -1,
      1147, 1146, 1148, -1,
      1147, 1148, 1149, -1,
      1149, 1148, 1150, -1,
      1149, 1150, 1122, -1,
      1122, 1150, 1151, -1,
      1122, 1151, 1123, -1,
      1057, 1055, 1102, -1,
      1102, 1055, 1104, -1,
      1057, 1102, 1100, -1,
      1057, 1100, 1059, -1,
      1059, 1100, 1098, -1,
      1059, 1098, 1061, -1,
      1061, 1098, 1096, -1,
      1061, 1096, 1063, -1,
      1063, 1096, 1094, -1,
      1063, 1094, 1064, -1,
      1064, 1094, 1092, -1,
      1064, 1092, 1005, -1,
      1005, 1092, 1138, -1,
      1005, 1138, 1007, -1,
      1007, 1138, 1137, -1,
      1007, 1137, 1009, -1,
      1009, 1137, 1135, -1,
      1009, 1135, 1011, -1,
      1011, 1135, 1133, -1,
      1011, 1133, 1013, -1,
      1013, 1133, 1131, -1,
      1013, 1131, 1015, -1,
      1015, 1131, 1129, -1,
      1015, 1129, 1017, -1,
      1017, 1129, 1127, -1,
      1017, 1127, 1019, -1,
      1019, 1127, 1125, -1,
      1019, 1125, 1065, -1,
      1065, 1125, 1123, -1,
      1065, 1123, 1066, -1,
      1066, 1123, 1151, -1,
      1066, 1151, 1068, -1,
      1068, 1151, 1150, -1,
      1068, 1150, 1070, -1,
      1070, 1150, 1148, -1,
      1070, 1148, 1072, -1,
      1072, 1148, 1146, -1,
      1072, 1146, 1074, -1,
      1074, 1146, 1144, -1,
      1074, 1144, 1076, -1,
      1076, 1144, 1142, -1,
      1076, 1142, 1077, -1,
      1077, 1142, 1140, -1,
      1077, 1140, 1022, -1,
      1022, 1140, 1139, -1,
      1022, 1139, 1024, -1,
      1024, 1139, 1089, -1,
      1024, 1089, 1026, -1,
      1026, 1089, 1087, -1,
      1026, 1087, 1028, -1,
      1028, 1087, 1085, -1,
      1028, 1085, 1030, -1,
      1030, 1085, 1083, -1,
      1030, 1083, 1031, -1,
      1031, 1083, 1081, -1,
      1031, 1081, 1033, -1,
      1033, 1081, 1079, -1,
      1033, 1079, 1035, -1,
      1035, 1079, 1121, -1,
      1035, 1121, 1037, -1,
      1037, 1121, 1120, -1,
      1037, 1120, 1039, -1,
      1039, 1120, 1118, -1,
      1039, 1118, 1041, -1,
      1041, 1118, 1116, -1,
      1041, 1116, 1043, -1,
      1043, 1116, 1114, -1,
      1043, 1114, 1045, -1,
      1045, 1114, 1112, -1,
      1045, 1112, 1047, -1,
      1047, 1112, 1110, -1,
      1047, 1110, 1049, -1,
      1049, 1110, 1108, -1,
      1049, 1108, 1051, -1,
      1053, 1051, 1106, -1,
      1106, 1051, 1108, -1,
      1055, 1053, 1104, -1,
      1104, 1053, 1106, -1,
      1050, 1052, 1107, -1,
      1107, 1052, 1105, -1,
      1052, 1054, 1105, -1,
      1105, 1054, 1103, -1,
      1054, 1056, 1103, -1,
      1103, 1056, 1101, -1,
      1012, 1132, 1134, -1,
      1012, 1134, 1010, -1,
      1010, 1134, 1136, -1,
      1010, 1136, 1008, -1,
      1008, 1136, 1091, -1,
      1008, 1091, 1006, -1,
      1006, 1091, 1093, -1,
      1006, 1093, 1004, -1,
      1004, 1093, 1095, -1,
      1004, 1095, 1062, -1,
      1062, 1095, 1097, -1,
      1062, 1097, 1060, -1,
      1060, 1097, 1099, -1,
      1060, 1099, 1058, -1,
      1058, 1099, 1101, -1,
      1058, 1101, 1056, -1,
      1073, 1145, 1147, -1,
      1073, 1147, 1071, -1,
      1071, 1147, 1149, -1,
      1071, 1149, 1069, -1,
      1069, 1149, 1122, -1,
      1069, 1122, 1067, -1,
      1067, 1122, 1124, -1,
      1067, 1124, 1020, -1,
      1020, 1124, 1126, -1,
      1020, 1126, 1018, -1,
      1018, 1126, 1128, -1,
      1018, 1128, 1016, -1,
      1016, 1128, 1130, -1,
      1016, 1130, 1014, -1,
      1014, 1130, 1132, -1,
      1014, 1132, 1012, -1,
      1034, 1080, 1082, -1,
      1034, 1082, 1032, -1,
      1032, 1082, 1084, -1,
      1032, 1084, 1029, -1,
      1029, 1084, 1086, -1,
      1029, 1086, 1027, -1,
      1027, 1086, 1088, -1,
      1027, 1088, 1025, -1,
      1025, 1088, 1090, -1,
      1025, 1090, 1023, -1,
      1023, 1090, 1141, -1,
      1023, 1141, 1021, -1,
      1021, 1141, 1143, -1,
      1021, 1143, 1075, -1,
      1075, 1143, 1145, -1,
      1075, 1145, 1073, -1,
      1050, 1107, 1109, -1,
      1050, 1109, 1048, -1,
      1048, 1109, 1111, -1,
      1048, 1111, 1046, -1,
      1046, 1111, 1113, -1,
      1046, 1113, 1044, -1,
      1044, 1113, 1115, -1,
      1044, 1115, 1042, -1,
      1042, 1115, 1117, -1,
      1042, 1117, 1040, -1,
      1040, 1117, 1119, -1,
      1040, 1119, 1038, -1,
      1038, 1119, 1078, -1,
      1038, 1078, 1036, -1,
      1036, 1078, 1080, -1,
      1036, 1080, 1034, -1,
      1152, 1153, 1154, -1,
      1154, 1153, 1155, -1,
      1156, 1157, 1152, -1,
      1152, 1157, 1158, -1,
      1152, 1158, 1153, -1,
      1153, 1158, 1159, -1,
      1156, 1160, 1157, -1,
      1157, 1160, 1161, -1,
      1157, 1161, 1162, -1,
      1162, 1161, 1163, -1,
      1162, 1163, 1164, -1,
      1164, 1165, 1162, -1,
      1162, 1165, 1154, -1,
      1162, 1154, 1166, -1,
      1166, 1154, 1155, -1,
      1166, 1155, 1167, -1,
      1168, 1169, 1170, -1,
      1169, 1171, 1170, -1,
      1170, 1171, 1172, -1,
      1170, 1172, 1173, -1,
      1173, 1172, 1174, -1,
      1173, 1174, 1175, -1,
      1175, 1176, 1173, -1,
      1173, 1176, 1177, -1,
      1173, 1177, 1178, -1,
      1179, 1180, 1181, -1,
      1182, 1178, 1183, -1,
      1183, 1178, 1177, -1,
      1183, 1177, 1181, -1,
      1181, 1177, 1168, -1,
      1181, 1168, 1179, -1,
      1179, 1168, 1170, -1,
      1162, 1166, 1170, -1,
      1170, 1166, 1179, -1,
      1157, 1162, 1173, -1,
      1173, 1162, 1170, -1,
      1158, 1157, 1178, -1,
      1178, 1157, 1173, -1,
      1159, 1158, 1182, -1,
      1182, 1158, 1178, -1,
      1153, 1159, 1183, -1,
      1183, 1159, 1182, -1,
      1155, 1153, 1181, -1,
      1181, 1153, 1183, -1,
      1167, 1155, 1180, -1,
      1180, 1155, 1181, -1,
      1166, 1167, 1179, -1,
      1179, 1167, 1180, -1,
      1152, 1154, 1177, -1,
      1177, 1154, 1168, -1,
      1154, 1165, 1168, -1,
      1168, 1165, 1169, -1,
      1163, 1172, 1171, -1,
      1163, 1171, 1164, -1,
      1164, 1171, 1169, -1,
      1164, 1169, 1165, -1,
      1163, 1161, 1172, -1,
      1172, 1161, 1174, -1,
      1156, 1176, 1175, -1,
      1156, 1175, 1160, -1,
      1160, 1175, 1174, -1,
      1160, 1174, 1161, -1,
      1156, 1152, 1176, -1,
      1176, 1152, 1177, -1,
      1184, 1185, 1186, -1,
      1187, 1188, 1189, -1,
      1190, 1191, 1192, -1,
      1193, 1194, 1195, -1,
      1195, 1194, 1196, -1,
      1195, 1196, 1197, -1,
      1198, 1199, 1200, -1,
      1201, 1202, 1203, -1,
      1204, 1205, 1186, -1,
      1186, 1205, 1206, -1,
      1186, 1206, 1184, -1,
      1207, 1208, 1209, -1,
      1209, 1208, 1210, -1,
      1209, 1210, 1211, -1,
      1211, 1210, 1212, -1,
      1211, 1212, 1213, -1,
      1213, 1212, 1214, -1,
      1213, 1214, 1215, -1,
      1216, 1217, 1218, -1,
      1218, 1217, 1219, -1,
      1218, 1219, 1220, -1,
      1221, 1185, 1222, -1,
      1222, 1185, 1223, -1,
      1222, 1223, 1216, -1,
      1216, 1223, 1224, -1,
      1216, 1224, 1217, -1,
      1225, 1226, 1210, -1,
      1210, 1226, 1227, -1,
      1210, 1227, 1212, -1,
      1212, 1227, 1228, -1,
      1212, 1228, 1229, -1,
      1230, 1231, 1232, -1,
      1203, 1202, 1233, -1,
      1233, 1202, 1234, -1,
      1233, 1234, 1235, -1,
      1235, 1234, 1236, -1,
      1235, 1236, 1237, -1,
      1192, 1191, 1238, -1,
      1238, 1191, 1239, -1,
      1238, 1239, 1240, -1,
      1241, 1242, 1186, -1,
      1186, 1242, 1243, -1,
      1186, 1243, 1204, -1,
      1230, 1232, 1244, -1,
      1244, 1232, 1245, -1,
      1244, 1245, 1246, -1,
      1246, 1245, 1247, -1,
      1246, 1247, 1248, -1,
      1215, 1249, 1213, -1,
      1213, 1249, 1250, -1,
      1213, 1250, 1251, -1,
      1252, 1186, 1253, -1,
      1253, 1186, 1185, -1,
      1253, 1185, 1254, -1,
      1254, 1185, 1221, -1,
      1200, 1199, 1255, -1,
      1255, 1199, 1256, -1,
      1255, 1256, 1257, -1,
      1258, 1259, 1260, -1,
      1260, 1259, 1261, -1,
      1260, 1261, 1262, -1,
      1262, 1261, 1263, -1,
      1262, 1263, 1264, -1,
      1264, 1263, 1265, -1,
      1264, 1265, 1266, -1,
      1267, 1268, 1269, -1,
      1269, 1268, 1270, -1,
      1269, 1270, 1241, -1,
      1241, 1270, 1271, -1,
      1241, 1271, 1242, -1,
      1231, 1230, 1272, -1,
      1272, 1230, 1273, -1,
      1272, 1273, 1274, -1,
      1274, 1273, 1275, -1,
      1274, 1275, 1276, -1,
      1276, 1275, 1277, -1,
      1276, 1277, 1189, -1,
      1189, 1277, 1278, -1,
      1189, 1278, 1187, -1,
      1252, 1279, 1186, -1,
      1186, 1279, 1280, -1,
      1186, 1280, 1281, -1,
      1281, 1280, 1282, -1,
      1283, 1284, 1285, -1,
      1285, 1284, 1286, -1,
      1285, 1286, 1287, -1,
      1200, 1288, 1198, -1,
      1198, 1288, 1289, -1,
      1198, 1289, 1283, -1,
      1283, 1289, 1290, -1,
      1283, 1290, 1284, -1,
      1229, 1291, 1212, -1,
      1212, 1291, 1292, -1,
      1212, 1292, 1293, -1,
      1293, 1292, 1220, -1,
      1293, 1220, 1294, -1,
      1294, 1220, 1219, -1,
      1203, 1295, 1201, -1,
      1201, 1295, 1296, -1,
      1201, 1296, 1297, -1,
      1297, 1296, 1298, -1,
      1297, 1298, 1299, -1,
      1299, 1298, 1300, -1,
      1299, 1300, 1301, -1,
      1301, 1300, 1302, -1,
      1301, 1302, 1303, -1,
      1192, 1304, 1190, -1,
      1190, 1304, 1305, -1,
      1190, 1305, 1306, -1,
      1306, 1305, 1307, -1,
      1306, 1307, 1308, -1,
      1308, 1307, 1309, -1,
      1308, 1309, 1310, -1,
      1310, 1309, 1189, -1,
      1310, 1189, 1311, -1,
      1311, 1189, 1188, -1,
      1195, 1312, 1193, -1,
      1193, 1312, 1313, -1,
      1193, 1313, 1314, -1,
      1314, 1313, 1315, -1,
      1314, 1315, 1316, -1,
      1317, 1318, 1319, -1,
      1319, 1318, 1320, -1,
      1319, 1320, 1321, -1,
      1321, 1320, 1322, -1,
      1321, 1322, 1267, -1,
      1267, 1322, 1323, -1,
      1267, 1323, 1268, -1,
      1257, 1256, 1210, -1,
      1210, 1256, 1324, -1,
      1210, 1324, 1225, -1,
      1325, 1326, 1327, -1,
      1327, 1326, 1328, -1,
      1327, 1328, 1329, -1,
      1329, 1328, 1330, -1,
      1329, 1330, 1258, -1,
      1258, 1330, 1331, -1,
      1258, 1331, 1259, -1,
      1302, 1332, 1303, -1,
      1303, 1332, 1333, -1,
      1303, 1333, 1334, -1,
      1334, 1333, 1335, -1,
      1334, 1335, 1325, -1,
      1325, 1335, 1336, -1,
      1325, 1336, 1326, -1,
      1286, 1337, 1287, -1,
      1287, 1337, 1338, -1,
      1287, 1338, 1339, -1,
      1339, 1338, 1340, -1,
      1339, 1340, 1282, -1,
      1282, 1340, 1341, -1,
      1282, 1341, 1281, -1,
      1342, 1343, 1344, -1,
      1345, 1346, 1347, -1,
      1347, 1346, 1348, -1,
      1349, 1350, 1351, -1,
      1351, 1350, 1352, -1,
      1351, 1352, 1353, -1,
      1353, 1352, 1354, -1,
      1353, 1354, 1355, -1,
      1355, 1354, 1356, -1,
      1355, 1356, 1357, -1,
      1357, 1356, 1358, -1,
      1357, 1358, 1317, -1,
      1317, 1358, 1359, -1,
      1317, 1359, 1318, -1,
      1197, 1360, 1195, -1,
      1195, 1360, 1361, -1,
      1195, 1361, 1362, -1,
      1362, 1361, 1363, -1,
      1362, 1363, 1364, -1,
      1364, 1363, 1266, -1,
      1364, 1266, 1365, -1,
      1365, 1266, 1265, -1,
      1366, 1367, 1342, -1,
      1342, 1367, 1368, -1,
      1342, 1368, 1343, -1,
      1236, 1369, 1237, -1,
      1237, 1369, 1342, -1,
      1237, 1342, 1370, -1,
      1370, 1342, 1344, -1,
      1240, 1239, 1371, -1,
      1371, 1239, 1372, -1,
      1371, 1372, 1345, -1,
      1345, 1372, 1373, -1,
      1345, 1373, 1346, -1,
      1374, 1375, 1376, -1,
      1375, 1377, 1376, -1,
      1376, 1377, 1378, -1,
      1376, 1378, 1379, -1,
      1247, 1380, 1248, -1,
      1248, 1380, 1381, -1,
      1248, 1381, 1382, -1,
      1382, 1381, 1383, -1,
      1382, 1383, 1349, -1,
      1349, 1383, 1384, -1,
      1349, 1384, 1350, -1,
      1366, 1342, 1376, -1,
      1376, 1342, 1385, -1,
      1376, 1385, 1374, -1,
      1315, 1386, 1316, -1,
      1316, 1386, 1387, -1,
      1316, 1387, 1388, -1,
      1388, 1387, 1389, -1,
      1388, 1389, 1390, -1,
      1390, 1389, 1391, -1,
      1390, 1391, 1392, -1,
      1392, 1391, 1393, -1,
      1392, 1393, 1394, -1,
      1394, 1393, 1395, -1,
      1394, 1395, 1348, -1,
      1348, 1395, 1396, -1,
      1348, 1396, 1347, -1,
      1397, 1398, 1399, -1,
      1399, 1398, 1400, -1,
      1399, 1400, 1401, -1,
      1400, 1402, 1401, -1,
      1401, 1402, 1403, -1,
      1401, 1403, 1404, -1,
      1404, 1403, 1405, -1,
      1406, 1407, 1408, -1,
      1408, 1407, 1409, -1,
      1410, 1411, 1412, -1,
      1413, 1414, 1415, -1,
      1415, 1414, 1416, -1,
      1415, 1416, 1417, -1,
      1418, 1419, 1401, -1,
      1401, 1419, 1420, -1,
      1401, 1420, 1399, -1,
      1399, 1420, 1421, -1,
      1422, 1423, 1424, -1,
      1425, 1426, 1403, -1,
      1403, 1426, 1427, -1,
      1403, 1427, 1405, -1,
      1428, 1429, 1430, -1,
      1431, 1432, 1433, -1,
      1433, 1432, 1434, -1,
      1433, 1434, 1435, -1,
      1435, 1434, 1436, -1,
      1435, 1436, 1437, -1,
      1424, 1423, 1438, -1,
      1438, 1423, 1439, -1,
      1438, 1439, 1440, -1,
      1440, 1439, 1441, -1,
      1440, 1441, 1442, -1,
      1442, 1441, 1443, -1,
      1443, 1441, 1444, -1,
      1443, 1444, 1445, -1,
      1445, 1444, 1408, -1,
      1445, 1408, 1446, -1,
      1446, 1408, 1409, -1,
      1446, 1409, 1417, -1,
      1417, 1409, 1447, -1,
      1417, 1447, 1415, -1,
      1448, 1449, 1450, -1,
      1450, 1449, 1451, -1,
      1450, 1451, 1452, -1,
      1452, 1451, 1453, -1,
      1452, 1453, 1454, -1,
      1412, 1411, 1455, -1,
      1455, 1411, 1456, -1,
      1455, 1456, 1457, -1,
      1458, 1459, 1453, -1,
      1415, 1460, 1413, -1,
      1413, 1460, 1461, -1,
      1413, 1461, 1462, -1,
      1457, 1456, 1463, -1,
      1463, 1456, 1464, -1,
      1463, 1464, 1465, -1,
      1465, 1464, 1466, -1,
      1465, 1466, 1467, -1,
      1468, 1469, 1470, -1,
      1470, 1469, 1471, -1,
      1470, 1471, 1472, -1,
      1472, 1471, 1473, -1,
      1472, 1473, 1474, -1,
      1474, 1473, 1475, -1,
      1474, 1475, 1476, -1,
      1477, 1478, 1479, -1,
      1479, 1478, 1480, -1,
      1479, 1480, 1481, -1,
      1481, 1480, 1482, -1,
      1481, 1482, 1483, -1,
      1459, 1484, 1453, -1,
      1453, 1484, 1485, -1,
      1453, 1485, 1454, -1,
      1486, 1487, 1488, -1,
      1488, 1487, 1413, -1,
      1488, 1413, 1489, -1,
      1489, 1413, 1462, -1,
      1490, 1491, 1492, -1,
      1492, 1491, 1493, -1,
      1492, 1493, 1494, -1,
      1436, 1495, 1437, -1,
      1437, 1495, 1496, -1,
      1437, 1496, 1497, -1,
      1497, 1496, 1465, -1,
      1497, 1465, 1498, -1,
      1430, 1429, 1499, -1,
      1499, 1429, 1500, -1,
      1499, 1500, 1401, -1,
      1401, 1500, 1501, -1,
      1401, 1501, 1418, -1,
      1493, 1502, 1494, -1,
      1494, 1502, 1503, -1,
      1494, 1503, 1504, -1,
      1504, 1503, 1505, -1,
      1504, 1505, 1506, -1,
      1506, 1505, 1399, -1,
      1506, 1399, 1507, -1,
      1507, 1399, 1421, -1,
      1490, 1508, 1509, -1,
      1498, 1465, 1510, -1,
      1510, 1465, 1467, -1,
      1510, 1467, 1511, -1,
      1512, 1513, 1514, -1,
      1514, 1513, 1515, -1,
      1482, 1516, 1483, -1,
      1483, 1516, 1517, -1,
      1483, 1517, 1518, -1,
      1518, 1517, 1519, -1,
      1518, 1519, 1468, -1,
      1468, 1519, 1520, -1,
      1468, 1520, 1469, -1,
      1453, 1521, 1458, -1,
      1458, 1521, 1522, -1,
      1458, 1522, 1523, -1,
      1523, 1522, 1524, -1,
      1523, 1524, 1525, -1,
      1525, 1524, 1526, -1,
      1525, 1526, 1527, -1,
      1527, 1526, 1528, -1,
      1527, 1528, 1477, -1,
      1477, 1528, 1529, -1,
      1477, 1529, 1478, -1,
      1430, 1530, 1428, -1,
      1428, 1530, 1531, -1,
      1428, 1531, 1532, -1,
      1532, 1531, 1533, -1,
      1532, 1533, 1486, -1,
      1486, 1533, 1534, -1,
      1486, 1534, 1487, -1,
      1535, 1536, 1490, -1,
      1490, 1536, 1537, -1,
      1490, 1537, 1508, -1,
      1509, 1538, 1490, -1,
      1490, 1538, 1539, -1,
      1490, 1539, 1491, -1,
      1540, 1541, 1542, -1,
      1542, 1541, 1543, -1,
      1542, 1543, 1544, -1,
      1424, 1545, 1422, -1,
      1422, 1545, 1546, -1,
      1422, 1546, 1547, -1,
      1547, 1546, 1548, -1,
      1547, 1548, 1549, -1,
      1549, 1548, 1550, -1,
      1549, 1550, 1551, -1,
      1551, 1550, 1552, -1,
      1551, 1552, 1553, -1,
      1553, 1552, 1554, -1,
      1553, 1554, 1540, -1,
      1540, 1554, 1555, -1,
      1540, 1555, 1541, -1,
      1475, 1556, 1476, -1,
      1476, 1556, 1557, -1,
      1476, 1557, 1558, -1,
      1558, 1557, 1559, -1,
      1558, 1559, 1560, -1,
      1560, 1559, 1561, -1,
      1560, 1561, 1562, -1,
      1562, 1561, 1563, -1,
      1562, 1563, 1564, -1,
      1564, 1563, 1565, -1,
      1564, 1565, 1566, -1,
      1566, 1565, 1567, -1,
      1566, 1567, 1514, -1,
      1514, 1567, 1568, -1,
      1514, 1568, 1512, -1,
      1515, 1569, 1514, -1,
      1514, 1569, 1570, -1,
      1514, 1570, 1571, -1,
      1406, 1408, 1490, -1,
      1490, 1408, 1572, -1,
      1490, 1572, 1535, -1,
      1543, 1573, 1544, -1,
      1544, 1573, 1574, -1,
      1544, 1574, 1575, -1,
      1575, 1574, 1576, -1,
      1575, 1576, 1577, -1,
      1577, 1576, 1578, -1,
      1577, 1578, 1431, -1,
      1431, 1578, 1579, -1,
      1431, 1579, 1432, -1,
      1580, 1581, 1571, -1,
      1571, 1581, 1582, -1,
      1571, 1582, 1583, -1,
      1584, 1585, 1586, -1,
      1586, 1585, 1587, -1,
      1586, 1587, 1448, -1,
      1448, 1587, 1588, -1,
      1448, 1588, 1449, -1,
      1412, 1589, 1410, -1,
      1410, 1589, 1590, -1,
      1410, 1590, 1591, -1,
      1591, 1590, 1592, -1,
      1591, 1592, 1593, -1,
      1593, 1592, 1594, -1,
      1593, 1594, 1595, -1,
      1595, 1594, 1596, -1,
      1595, 1596, 1597, -1,
      1597, 1596, 1598, -1,
      1597, 1598, 1599, -1,
      1599, 1598, 1600, -1,
      1599, 1600, 1601, -1,
      1601, 1600, 1602, -1,
      1601, 1602, 1603, -1,
      1603, 1602, 1604, -1,
      1603, 1604, 1605, -1,
      1605, 1604, 1606, -1,
      1605, 1606, 1584, -1,
      1584, 1606, 1607, -1,
      1584, 1607, 1585, -1,
      1583, 1608, 1571, -1,
      1571, 1608, 1609, -1,
      1571, 1609, 1514, -1,
      1328, 1516, 1482, -1,
      1328, 1482, 1330, -1,
      1330, 1482, 1480, -1,
      1330, 1480, 1331, -1,
      1331, 1480, 1478, -1,
      1331, 1478, 1259, -1,
      1259, 1478, 1529, -1,
      1259, 1529, 1261, -1,
      1261, 1529, 1528, -1,
      1261, 1528, 1263, -1,
      1263, 1528, 1526, -1,
      1263, 1526, 1265, -1,
      1265, 1526, 1524, -1,
      1265, 1524, 1365, -1,
      1365, 1524, 1522, -1,
      1365, 1522, 1364, -1,
      1364, 1522, 1521, -1,
      1364, 1521, 1362, -1,
      1362, 1521, 1453, -1,
      1362, 1453, 1195, -1,
      1195, 1453, 1451, -1,
      1195, 1451, 1312, -1,
      1312, 1451, 1449, -1,
      1312, 1449, 1313, -1,
      1313, 1449, 1588, -1,
      1313, 1588, 1315, -1,
      1315, 1588, 1587, -1,
      1315, 1587, 1386, -1,
      1386, 1587, 1585, -1,
      1386, 1585, 1387, -1,
      1387, 1585, 1607, -1,
      1387, 1607, 1389, -1,
      1389, 1607, 1606, -1,
      1389, 1606, 1391, -1,
      1391, 1606, 1604, -1,
      1391, 1604, 1393, -1,
      1393, 1604, 1602, -1,
      1393, 1602, 1395, -1,
      1395, 1602, 1600, -1,
      1395, 1600, 1396, -1,
      1396, 1600, 1598, -1,
      1396, 1598, 1347, -1,
      1347, 1598, 1596, -1,
      1347, 1596, 1345, -1,
      1345, 1596, 1594, -1,
      1345, 1594, 1371, -1,
      1371, 1594, 1592, -1,
      1371, 1592, 1240, -1,
      1240, 1592, 1590, -1,
      1240, 1590, 1238, -1,
      1238, 1590, 1589, -1,
      1238, 1589, 1192, -1,
      1192, 1589, 1412, -1,
      1192, 1412, 1304, -1,
      1304, 1412, 1455, -1,
      1304, 1455, 1305, -1,
      1305, 1455, 1457, -1,
      1305, 1457, 1307, -1,
      1307, 1457, 1463, -1,
      1307, 1463, 1309, -1,
      1309, 1463, 1465, -1,
      1309, 1465, 1189, -1,
      1189, 1465, 1496, -1,
      1189, 1496, 1276, -1,
      1276, 1496, 1495, -1,
      1276, 1495, 1274, -1,
      1274, 1495, 1436, -1,
      1274, 1436, 1272, -1,
      1272, 1436, 1434, -1,
      1272, 1434, 1231, -1,
      1231, 1434, 1432, -1,
      1231, 1432, 1232, -1,
      1232, 1432, 1579, -1,
      1232, 1579, 1245, -1,
      1245, 1579, 1578, -1,
      1245, 1578, 1247, -1,
      1247, 1578, 1576, -1,
      1247, 1576, 1380, -1,
      1380, 1576, 1574, -1,
      1380, 1574, 1381, -1,
      1381, 1574, 1573, -1,
      1381, 1573, 1383, -1,
      1383, 1573, 1543, -1,
      1383, 1543, 1384, -1,
      1384, 1543, 1541, -1,
      1384, 1541, 1350, -1,
      1350, 1541, 1555, -1,
      1350, 1555, 1352, -1,
      1352, 1555, 1554, -1,
      1352, 1554, 1354, -1,
      1354, 1554, 1552, -1,
      1354, 1552, 1356, -1,
      1356, 1552, 1550, -1,
      1356, 1550, 1358, -1,
      1358, 1550, 1548, -1,
      1358, 1548, 1359, -1,
      1359, 1548, 1546, -1,
      1359, 1546, 1318, -1,
      1318, 1546, 1545, -1,
      1318, 1545, 1320, -1,
      1320, 1545, 1424, -1,
      1320, 1424, 1322, -1,
      1322, 1424, 1438, -1,
      1322, 1438, 1323, -1,
      1323, 1438, 1440, -1,
      1323, 1440, 1268, -1,
      1268, 1440, 1442, -1,
      1268, 1442, 1270, -1,
      1270, 1442, 1443, -1,
      1270, 1443, 1271, -1,
      1271, 1443, 1445, -1,
      1271, 1445, 1242, -1,
      1242, 1445, 1446, -1,
      1242, 1446, 1243, -1,
      1243, 1446, 1417, -1,
      1243, 1417, 1204, -1,
      1204, 1417, 1416, -1,
      1204, 1416, 1205, -1,
      1205, 1416, 1414, -1,
      1205, 1414, 1206, -1,
      1206, 1414, 1413, -1,
      1206, 1413, 1184, -1,
      1184, 1413, 1487, -1,
      1184, 1487, 1185, -1,
      1185, 1487, 1534, -1,
      1185, 1534, 1223, -1,
      1223, 1534, 1533, -1,
      1223, 1533, 1224, -1,
      1224, 1533, 1531, -1,
      1224, 1531, 1217, -1,
      1217, 1531, 1530, -1,
      1217, 1530, 1219, -1,
      1219, 1530, 1430, -1,
      1219, 1430, 1294, -1,
      1294, 1430, 1499, -1,
      1294, 1499, 1293, -1,
      1293, 1499, 1401, -1,
      1293, 1401, 1212, -1,
      1212, 1401, 1404, -1,
      1212, 1404, 1214, -1,
      1214, 1404, 1405, -1,
      1214, 1405, 1215, -1,
      1215, 1405, 1427, -1,
      1215, 1427, 1249, -1,
      1249, 1427, 1426, -1,
      1249, 1426, 1250, -1,
      1250, 1426, 1425, -1,
      1250, 1425, 1251, -1,
      1251, 1425, 1403, -1,
      1251, 1403, 1213, -1,
      1213, 1403, 1402, -1,
      1213, 1402, 1211, -1,
      1209, 1211, 1400, -1,
      1400, 1211, 1402, -1,
      1207, 1209, 1398, -1,
      1398, 1209, 1400, -1,
      1208, 1207, 1397, -1,
      1397, 1207, 1398, -1,
      1210, 1208, 1399, -1,
      1399, 1208, 1397, -1,
      1210, 1399, 1505, -1,
      1210, 1505, 1257, -1,
      1257, 1505, 1503, -1,
      1257, 1503, 1255, -1,
      1255, 1503, 1502, -1,
      1255, 1502, 1200, -1,
      1200, 1502, 1493, -1,
      1200, 1493, 1288, -1,
      1288, 1493, 1491, -1,
      1288, 1491, 1289, -1,
      1289, 1491, 1539, -1,
      1289, 1539, 1290, -1,
      1290, 1539, 1538, -1,
      1290, 1538, 1284, -1,
      1284, 1538, 1509, -1,
      1284, 1509, 1286, -1,
      1286, 1509, 1508, -1,
      1286, 1508, 1337, -1,
      1337, 1508, 1537, -1,
      1337, 1537, 1338, -1,
      1338, 1537, 1536, -1,
      1338, 1536, 1340, -1,
      1340, 1536, 1535, -1,
      1340, 1535, 1341, -1,
      1341, 1535, 1572, -1,
      1341, 1572, 1281, -1,
      1281, 1572, 1408, -1,
      1281, 1408, 1186, -1,
      1186, 1408, 1444, -1,
      1186, 1444, 1241, -1,
      1241, 1444, 1441, -1,
      1241, 1441, 1269, -1,
      1269, 1441, 1439, -1,
      1269, 1439, 1267, -1,
      1267, 1439, 1423, -1,
      1267, 1423, 1321, -1,
      1321, 1423, 1422, -1,
      1321, 1422, 1319, -1,
      1319, 1422, 1547, -1,
      1319, 1547, 1317, -1,
      1317, 1547, 1549, -1,
      1317, 1549, 1357, -1,
      1357, 1549, 1551, -1,
      1357, 1551, 1355, -1,
      1355, 1551, 1553, -1,
      1355, 1553, 1353, -1,
      1353, 1553, 1540, -1,
      1353, 1540, 1351, -1,
      1351, 1540, 1542, -1,
      1351, 1542, 1349, -1,
      1349, 1542, 1544, -1,
      1349, 1544, 1382, -1,
      1382, 1544, 1575, -1,
      1382, 1575, 1248, -1,
      1248, 1575, 1577, -1,
      1248, 1577, 1246, -1,
      1246, 1577, 1431, -1,
      1246, 1431, 1244, -1,
      1244, 1431, 1433, -1,
      1244, 1433, 1230, -1,
      1230, 1433, 1435, -1,
      1230, 1435, 1273, -1,
      1273, 1435, 1437, -1,
      1273, 1437, 1275, -1,
      1275, 1437, 1497, -1,
      1275, 1497, 1277, -1,
      1277, 1497, 1498, -1,
      1277, 1498, 1278, -1,
      1278, 1498, 1510, -1,
      1278, 1510, 1187, -1,
      1187, 1510, 1511, -1,
      1187, 1511, 1188, -1,
      1188, 1511, 1467, -1,
      1188, 1467, 1311, -1,
      1311, 1467, 1466, -1,
      1311, 1466, 1310, -1,
      1310, 1466, 1464, -1,
      1310, 1464, 1308, -1,
      1308, 1464, 1456, -1,
      1308, 1456, 1306, -1,
      1306, 1456, 1411, -1,
      1306, 1411, 1190, -1,
      1190, 1411, 1410, -1,
      1190, 1410, 1191, -1,
      1191, 1410, 1591, -1,
      1191, 1591, 1239, -1,
      1239, 1591, 1593, -1,
      1239, 1593, 1372, -1,
      1372, 1593, 1595, -1,
      1372, 1595, 1373, -1,
      1373, 1595, 1597, -1,
      1373, 1597, 1346, -1,
      1346, 1597, 1599, -1,
      1346, 1599, 1348, -1,
      1348, 1599, 1601, -1,
      1348, 1601, 1394, -1,
      1394, 1601, 1603, -1,
      1394, 1603, 1392, -1,
      1392, 1603, 1605, -1,
      1392, 1605, 1390, -1,
      1390, 1605, 1584, -1,
      1390, 1584, 1388, -1,
      1388, 1584, 1586, -1,
      1388, 1586, 1316, -1,
      1316, 1586, 1448, -1,
      1316, 1448, 1314, -1,
      1314, 1448, 1450, -1,
      1314, 1450, 1193, -1,
      1193, 1450, 1452, -1,
      1193, 1452, 1194, -1,
      1194, 1452, 1454, -1,
      1194, 1454, 1196, -1,
      1196, 1454, 1485, -1,
      1196, 1485, 1197, -1,
      1360, 1197, 1484, -1,
      1484, 1197, 1485, -1,
      1360, 1484, 1459, -1,
      1360, 1459, 1361, -1,
      1361, 1459, 1458, -1,
      1361, 1458, 1363, -1,
      1363, 1458, 1523, -1,
      1363, 1523, 1266, -1,
      1266, 1523, 1525, -1,
      1266, 1525, 1264, -1,
      1264, 1525, 1527, -1,
      1264, 1527, 1262, -1,
      1262, 1527, 1477, -1,
      1262, 1477, 1260, -1,
      1260, 1477, 1479, -1,
      1260, 1479, 1258, -1,
      1258, 1479, 1481, -1,
      1258, 1481, 1329, -1,
      1329, 1481, 1483, -1,
      1329, 1483, 1327, -1,
      1327, 1483, 1518, -1,
      1327, 1518, 1325, -1,
      1325, 1518, 1468, -1,
      1325, 1468, 1334, -1,
      1334, 1468, 1470, -1,
      1334, 1470, 1303, -1,
      1303, 1470, 1472, -1,
      1303, 1472, 1301, -1,
      1301, 1472, 1474, -1,
      1301, 1474, 1299, -1,
      1299, 1474, 1476, -1,
      1299, 1476, 1297, -1,
      1297, 1476, 1558, -1,
      1297, 1558, 1201, -1,
      1201, 1558, 1560, -1,
      1201, 1560, 1202, -1,
      1202, 1560, 1562, -1,
      1202, 1562, 1234, -1,
      1236, 1234, 1564, -1,
      1564, 1234, 1562, -1,
      1236, 1564, 1566, -1,
      1236, 1566, 1369, -1,
      1369, 1566, 1514, -1,
      1369, 1514, 1342, -1,
      1342, 1514, 1609, -1,
      1342, 1609, 1385, -1,
      1385, 1609, 1608, -1,
      1385, 1608, 1374, -1,
      1374, 1608, 1583, -1,
      1374, 1583, 1375, -1,
      1375, 1583, 1582, -1,
      1375, 1582, 1377, -1,
      1377, 1582, 1581, -1,
      1377, 1581, 1378, -1,
      1378, 1581, 1580, -1,
      1378, 1580, 1379, -1,
      1379, 1580, 1571, -1,
      1379, 1571, 1376, -1,
      1376, 1571, 1570, -1,
      1376, 1570, 1366, -1,
      1366, 1570, 1569, -1,
      1366, 1569, 1367, -1,
      1367, 1569, 1515, -1,
      1367, 1515, 1368, -1,
      1368, 1515, 1513, -1,
      1368, 1513, 1343, -1,
      1343, 1513, 1512, -1,
      1343, 1512, 1344, -1,
      1344, 1512, 1568, -1,
      1344, 1568, 1370, -1,
      1370, 1568, 1567, -1,
      1370, 1567, 1237, -1,
      1237, 1567, 1565, -1,
      1237, 1565, 1235, -1,
      1233, 1235, 1563, -1,
      1563, 1235, 1565, -1,
      1233, 1563, 1561, -1,
      1233, 1561, 1203, -1,
      1203, 1561, 1559, -1,
      1203, 1559, 1295, -1,
      1295, 1559, 1557, -1,
      1295, 1557, 1296, -1,
      1296, 1557, 1556, -1,
      1296, 1556, 1298, -1,
      1298, 1556, 1475, -1,
      1298, 1475, 1300, -1,
      1300, 1475, 1473, -1,
      1300, 1473, 1302, -1,
      1302, 1473, 1471, -1,
      1302, 1471, 1332, -1,
      1332, 1471, 1469, -1,
      1332, 1469, 1333, -1,
      1333, 1469, 1520, -1,
      1333, 1520, 1335, -1,
      1335, 1520, 1519, -1,
      1335, 1519, 1336, -1,
      1336, 1519, 1517, -1,
      1336, 1517, 1326, -1,
      1326, 1517, 1516, -1,
      1326, 1516, 1328, -1,
      1283, 1490, 1492, -1,
      1283, 1492, 1198, -1,
      1198, 1492, 1494, -1,
      1198, 1494, 1199, -1,
      1199, 1494, 1504, -1,
      1199, 1504, 1256, -1,
      1256, 1504, 1506, -1,
      1256, 1506, 1324, -1,
      1324, 1506, 1507, -1,
      1324, 1507, 1225, -1,
      1225, 1507, 1421, -1,
      1225, 1421, 1226, -1,
      1226, 1421, 1420, -1,
      1226, 1420, 1227, -1,
      1227, 1420, 1419, -1,
      1227, 1419, 1228, -1,
      1228, 1419, 1418, -1,
      1228, 1418, 1229, -1,
      1229, 1418, 1501, -1,
      1229, 1501, 1291, -1,
      1291, 1501, 1500, -1,
      1291, 1500, 1292, -1,
      1292, 1500, 1429, -1,
      1292, 1429, 1220, -1,
      1220, 1429, 1428, -1,
      1220, 1428, 1218, -1,
      1218, 1428, 1532, -1,
      1218, 1532, 1216, -1,
      1216, 1532, 1486, -1,
      1216, 1486, 1222, -1,
      1222, 1486, 1488, -1,
      1222, 1488, 1221, -1,
      1221, 1488, 1489, -1,
      1221, 1489, 1254, -1,
      1254, 1489, 1462, -1,
      1254, 1462, 1253, -1,
      1253, 1462, 1461, -1,
      1253, 1461, 1252, -1,
      1252, 1461, 1460, -1,
      1252, 1460, 1279, -1,
      1279, 1460, 1415, -1,
      1279, 1415, 1280, -1,
      1280, 1415, 1447, -1,
      1280, 1447, 1282, -1,
      1282, 1447, 1409, -1,
      1282, 1409, 1339, -1,
      1339, 1409, 1407, -1,
      1339, 1407, 1287, -1,
      1287, 1407, 1406, -1,
      1287, 1406, 1285, -1,
      1285, 1406, 1490, -1,
      1285, 1490, 1283, -1,
    ]
  }
}
