#VRML V2.0 utf8

Shape {
  appearance Appearance {
    material Material {
      diffuseColor 0.5255 0.5255 0.5255
      specularColor 0.1490 0.1490 0.1490
      ambientIntensity 0.2
      transparency 0.0000
      shininess 0.5
    }
  }
  geometry IndexedFaceSet {
    ccw TRUE
    solid FALSE
    coord DEF co Coordinate {
      point [
        1.496063 0.098425 0.074803,
        0.433071 0.098425 0.074803,
        1.496063 -0.098425 0.074803,
        0.433071 -0.098425 0.074803,
        1.496063 0.098425 -0.003937,
        1.496063 -0.098425 -0.003937,
        0.433071 0.098425 -0.003937,
        0.433071 -0.098425 -0.003937,
        0.415550 -0.098425 -0.001963,
        0.415550 0.098425 -0.001963,
        0.398907 -0.098425 0.003861,
        0.398907 0.098425 0.003861,
        0.383977 -0.098425 0.013242,
        0.383977 0.098425 0.013242,
        0.371509 -0.098425 0.025709,
        0.371509 0.098425 0.025709,
        0.362128 -0.098425 0.040639,
        0.362128 0.098425 0.040639,
        0.356305 -0.098425 0.057282,
        0.356305 0.098425 0.057282,
        0.354331 -0.098425 0.074803,
        0.354331 0.098425 0.074803,
        0.354331 0.098425 0.100038,
        0.354331 -0.098425 0.100038,
        0.433071 0.098425 0.100038,
        0.433071 -0.098425 0.100038,
        -1.496063 0.098425 -0.003937,
        -0.433071 0.098425 -0.003937,
        -1.496063 -0.098425 -0.003937,
        -0.433071 -0.098425 -0.003937,
        -1.496063 0.098425 0.074803,
        -1.496063 -0.098425 0.074803,
        -0.433071 0.098425 0.074803,
        -0.433071 -0.098425 0.074803,
        -0.433071 0.098425 0.100038,
        -0.433071 -0.098425 0.100038,
        -0.354331 0.098425 0.100038,
        -0.354331 -0.098425 0.100038,
        -0.354331 0.098425 0.074803,
        -0.354331 -0.098425 0.074803,
        -0.356305 -0.098425 0.057282,
        -0.356305 0.098425 0.057282,
        -0.362128 -0.098425 0.040639,
        -0.362128 0.098425 0.040639,
        -0.371509 -0.098425 0.025709,
        -0.371509 0.098425 0.025709,
        -0.383977 -0.098425 0.013242,
        -0.383977 0.098425 0.013242,
        -0.398907 -0.098425 0.003861,
        -0.398907 0.098425 0.003861,
        -0.415550 -0.098425 -0.001963,
        -0.415550 0.098425 -0.001963,
        -0.023872 0.610236 0.563637,
        -0.023872 0.610236 0.516343,
        -0.045131 0.610236 0.516343,
        -0.448241 0.610236 0.314961,
        -0.598425 0.610236 0.314961,
        -0.598425 0.610236 0.403980,
        -0.248545 0.610236 0.314961,
        -0.448241 0.610236 0.403980,
        -0.198563 0.610236 0.314961,
        -0.248545 0.610236 0.403980,
        -0.050534 0.610236 0.521689,
        -0.049702 0.610236 0.523825,
        -0.049702 0.610236 0.509807,
        -0.097963 0.610236 0.444158,
        -0.094874 0.610236 0.446197,
        -0.094874 0.610236 0.432015,
        -0.108108 0.610236 0.425377,
        -0.105961 0.610236 0.425125,
        -0.119271 0.610236 0.425125,
        -0.164812 0.610236 0.478955,
        -0.181698 0.610236 0.478955,
        -0.181698 0.610236 0.494156,
        0.051146 0.610236 0.522006,
        0.040853 0.610236 0.513298,
        0.004878 0.610236 0.564087,
        0.004878 0.610236 0.509807,
        0.099706 0.610236 0.568548,
        0.093267 0.610236 0.564087,
        0.084804 0.610236 0.558224,
        0.071729 0.610236 0.542917,
        0.064309 0.610236 0.528241,
        0.062439 0.610236 0.527613,
        0.171256 0.610236 0.569643,
        0.153655 0.610236 0.576017,
        0.598425 0.610236 0.708661,
        0.004878 0.610236 0.708661,
        0.136419 0.610236 0.577959,
        0.118548 0.610236 0.575809,
        0.180427 0.610236 0.564087,
        0.598425 0.610236 0.564087,
        0.181962 0.610236 0.563157,
        0.598425 0.610236 0.509807,
        0.263483 0.610236 0.509807,
        0.260156 0.610236 0.517310,
        0.251035 0.610236 0.529000,
        0.222338 0.610236 0.545371,
        0.207390 0.610236 0.547218,
        0.190880 0.610236 0.555520,
        0.203025 0.610236 0.546980,
        0.198661 0.610236 0.546459,
        0.248469 0.610236 0.531429,
        0.236397 0.610236 0.539914,
        0.241078 0.610236 0.434260,
        0.252933 0.610236 0.444367,
        0.598425 0.610236 0.425125,
        0.227360 0.610236 0.427582,
        0.261603 0.610236 0.456747,
        0.267039 0.610236 0.470877,
        0.598425 0.610236 0.494156,
        0.268873 0.610236 0.485735,
        0.268765 0.610236 0.489384,
        0.267912 0.610236 0.494156,
        0.266215 0.610236 0.503648,
        0.222571 0.610236 0.426149,
        0.222092 0.610236 0.425125,
        0.218764 0.610236 0.418005,
        0.213119 0.610236 0.411040,
        0.004878 0.610236 0.403980,
        0.170803 0.610236 0.403980,
        0.004878 0.610236 0.314961,
        0.177330 0.610236 0.401473,
        0.186516 0.610236 0.400342,
        0.187978 0.610236 0.400369,
        0.598425 0.610236 0.314961,
        0.196938 0.610236 0.401766,
        0.598425 0.610236 0.403980,
        0.202209 0.610236 0.403980,
        0.205695 0.610236 0.405444,
        0.004878 0.610236 0.425125,
        0.150954 0.610236 0.425125,
        0.150988 0.610236 0.424979,
        0.155478 0.610236 0.416520,
        0.161306 0.610236 0.409985,
        0.168865 0.610236 0.404724,
        0.028471 0.610236 0.490908,
        0.026736 0.610236 0.478524,
        0.004878 0.610236 0.494156,
        0.102493 0.610236 0.447515,
        0.099889 0.610236 0.448543,
        0.095430 0.610236 0.470174,
        0.040779 0.610236 0.442469,
        0.051107 0.610236 0.433726,
        0.158052 0.610236 0.463722,
        0.107195 0.610236 0.490289,
        0.164684 0.610236 0.469761,
        0.172737 0.610236 0.474078,
        0.104827 0.610236 0.445861,
        0.033248 0.610236 0.452959,
        0.050452 0.610236 0.481470,
        0.052235 0.610236 0.488759,
        0.055144 0.610236 0.494156,
        0.244019 0.610236 0.494156,
        0.028479 0.610236 0.464974,
        0.096948 0.610236 0.448921,
        0.096579 0.610236 0.448894,
        0.095440 0.610236 0.448642,
        0.241789 0.610236 0.471359,
        0.237266 0.610236 0.463661,
        0.217995 0.610236 0.459738,
        0.230461 0.610236 0.456671,
        0.222191 0.610236 0.451578,
        0.203960 0.610236 0.472303,
        0.211720 0.610236 0.466912,
        0.244963 0.610236 0.486494,
        0.244509 0.610236 0.480648,
        0.195577 0.610236 0.475510,
        0.186516 0.610236 0.476626,
        0.181899 0.610236 0.476352,
        0.108713 0.610236 0.437156,
        0.108617 0.610236 0.438653,
        0.148563 0.610236 0.442089,
        0.107855 0.610236 0.441542,
        0.106395 0.610236 0.444131,
        0.057970 0.610236 0.458071,
        0.053794 0.610236 0.463990,
        0.051178 0.610236 0.470754,
        0.050267 0.610236 0.478144,
        0.099845 0.610236 0.425735,
        0.102356 0.610236 0.426723,
        0.104817 0.610236 0.428473,
        0.105699 0.610236 0.429371,
        0.107354 0.610236 0.431755,
        0.108353 0.610236 0.434329,
        0.148769 0.610236 0.434348,
        0.148563 0.610236 0.438294,
        0.062687 0.610236 0.428060,
        0.075315 0.610236 0.425390,
        0.097707 0.610236 0.425390,
        0.094671 0.610236 0.448541,
        0.077593 0.610236 0.448541,
        0.070781 0.610236 0.449846,
        0.064085 0.610236 0.452948,
        0.058473 0.610236 0.457531,
        0.082906 0.610236 0.507747,
        0.240580 0.610236 0.504144,
        0.243831 0.610236 0.495680,
        0.079870 0.610236 0.507747,
        0.055765 0.610236 0.495307,
        0.060141 0.610236 0.500194,
        0.066027 0.610236 0.504305,
        0.072651 0.610236 0.506857,
        0.091084 0.610236 0.530542,
        0.099644 0.610236 0.540770,
        0.186895 0.610236 0.518753,
        0.100607 0.610236 0.541647,
        0.111270 0.610236 0.549046,
        0.181099 0.610236 0.530756,
        0.236640 0.610236 0.509807,
        0.189606 0.610236 0.520235,
        0.083359 0.610236 0.509807,
        0.085228 0.610236 0.518314,
        0.198117 0.610236 0.523345,
        0.207010 0.610236 0.524446,
        0.210956 0.610236 0.524241,
        0.172587 0.610236 0.540926,
        0.123172 0.610236 0.553606,
        0.162407 0.610236 0.548364,
        0.136039 0.610236 0.555187,
        0.150008 0.610236 0.553389,
        0.220326 0.610236 0.522021,
        0.228785 0.610236 0.517532,
        0.235320 0.610236 0.511704,
        0.038350 0.610236 0.509807,
        0.033109 0.610236 0.502500,
        0.029770 0.610236 0.494156,
        -0.193521 0.610236 0.431661,
        -0.193521 0.610236 0.425576,
        -0.198563 0.610236 0.425125,
        -0.198563 0.610236 0.494156,
        -0.192307 0.610236 0.478955,
        -0.192307 0.610236 0.472815,
        -0.171703 0.610236 0.449618,
        -0.171703 0.610236 0.431661,
        -0.181698 0.610236 0.449618,
        -0.181698 0.610236 0.431661,
        -0.190792 0.610236 0.449618,
        -0.190792 0.610236 0.455731,
        -0.171703 0.610236 0.472815,
        -0.171703 0.610236 0.455731,
        -0.181698 0.610236 0.472815,
        -0.181698 0.610236 0.455731,
        -0.181698 0.610236 0.425125,
        -0.181698 0.610236 0.425576,
        -0.164812 0.610236 0.425576,
        -0.138450 0.610236 0.435045,
        -0.139268 0.610236 0.431907,
        -0.139446 0.610236 0.431907,
        -0.157607 0.610236 0.463700,
        -0.131716 0.610236 0.494156,
        -0.150676 0.610236 0.463700,
        -0.131716 0.610236 0.454417,
        -0.140264 0.610236 0.434991,
        -0.139753 0.610236 0.433213,
        -0.091783 0.610236 0.433817,
        -0.085002 0.610236 0.494156,
        -0.085002 0.610236 0.425125,
        -0.094446 0.610236 0.432175,
        -0.093721 0.610236 0.447380,
        -0.092849 0.610236 0.448774,
        -0.092111 0.610236 0.450815,
        -0.091824 0.610236 0.453411,
        -0.092088 0.610236 0.455802,
        -0.094815 0.610236 0.446236,
        -0.098272 0.610236 0.425125,
        -0.095879 0.610236 0.425405,
        -0.094874 0.610236 0.425125,
        -0.094874 0.610236 0.425775,
        -0.091783 0.610236 0.426913,
        -0.115703 0.610236 0.462881,
        -0.115703 0.610236 0.456386,
        -0.096109 0.610236 0.461544,
        -0.098259 0.610236 0.462811,
        -0.094874 0.610236 0.494156,
        -0.092884 0.610236 0.457955,
        -0.094126 0.610236 0.459762,
        -0.094874 0.610236 0.460434,
        -0.117213 0.610236 0.433259,
        -0.116393 0.610236 0.431141,
        -0.115146 0.610236 0.429377,
        -0.101972 0.610236 0.464088,
        -0.106670 0.610236 0.464573,
        -0.119271 0.610236 0.494156,
        -0.111361 0.610236 0.464157,
        -0.115294 0.610236 0.442250,
        -0.116542 0.610236 0.440408,
        -0.117255 0.610236 0.438437,
        -0.117531 0.610236 0.435946,
        -0.113233 0.610236 0.427704,
        -0.111639 0.610236 0.426727,
        -0.106015 0.610236 0.459143,
        -0.104036 0.610236 0.458994,
        -0.098715 0.610236 0.454012,
        -0.102247 0.610236 0.458520,
        -0.100748 0.610236 0.457723,
        -0.098776 0.610236 0.453122,
        -0.099041 0.610236 0.452084,
        -0.099523 0.610236 0.451182,
        -0.100175 0.610236 0.450464,
        -0.102532 0.610236 0.448991,
        -0.110319 0.610236 0.458664,
        -0.106670 0.610236 0.447189,
        -0.114098 0.610236 0.457300,
        -0.109259 0.610236 0.446142,
        -0.113700 0.610236 0.443672,
        -0.099739 0.610236 0.456832,
        -0.099166 0.610236 0.455981,
        -0.098836 0.610236 0.455078,
        -0.108111 0.610236 0.439520,
        -0.101949 0.610236 0.442331,
        -0.108839 0.610236 0.431520,
        -0.102781 0.610236 0.430133,
        -0.103076 0.610236 0.430135,
        -0.098641 0.610236 0.430611,
        -0.106504 0.610236 0.430519,
        -0.108229 0.610236 0.431150,
        -0.110190 0.610236 0.433065,
        -0.110530 0.610236 0.434015,
        -0.108949 0.610236 0.438920,
        -0.110668 0.610236 0.435291,
        -0.110603 0.610236 0.436122,
        -0.109782 0.610236 0.438053,
        -0.110299 0.610236 0.437167,
        -0.109606 0.610236 0.432201,
        -0.248545 0.610236 0.509807,
        -0.231209 0.610236 0.510257,
        -0.223595 0.610236 0.510257,
        -0.218151 0.610236 0.524857,
        -0.198563 0.610236 0.524857,
        -0.198563 0.610236 0.509807,
        -0.210878 0.610236 0.563637,
        -0.248545 0.610236 0.564087,
        -0.198563 0.610236 0.564087,
        -0.195923 0.610236 0.524857,
        -0.190792 0.610236 0.510257,
        -0.181698 0.610236 0.509807,
        -0.183178 0.610236 0.510257,
        -0.181698 0.610236 0.564087,
        -0.198563 0.610236 0.550650,
        -0.203509 0.610236 0.563637,
        -0.119271 0.610236 0.564087,
        -0.119271 0.610236 0.563637,
        -0.125459 0.610236 0.563637,
        -0.131716 0.610236 0.564087,
        -0.125459 0.610236 0.557496,
        -0.131716 0.610236 0.509807,
        -0.123945 0.610236 0.534300,
        -0.123945 0.610236 0.540413,
        -0.119271 0.610236 0.540413,
        -0.119271 0.610236 0.557496,
        -0.104855 0.610236 0.540413,
        -0.104855 0.610236 0.557496,
        -0.097965 0.610236 0.510257,
        -0.094874 0.610236 0.509807,
        -0.119271 0.610236 0.509807,
        -0.104855 0.610236 0.534300,
        -0.104855 0.610236 0.516343,
        -0.119271 0.610236 0.534300,
        -0.119271 0.610236 0.516343,
        -0.126674 0.610236 0.516343,
        -0.126674 0.610236 0.510257,
        -0.119271 0.610236 0.510257,
        -0.097965 0.610236 0.563637,
        -0.094874 0.610236 0.564087,
        -0.074700 0.610236 0.558315,
        -0.072197 0.610236 0.558193,
        -0.085002 0.610236 0.518049,
        -0.081271 0.610236 0.557531,
        -0.087280 0.610236 0.555150,
        -0.087280 0.610236 0.519072,
        -0.086686 0.610236 0.555470,
        -0.085002 0.610236 0.556111,
        -0.067613 0.610236 0.557215,
        -0.063458 0.610236 0.555180,
        -0.060154 0.610236 0.552393,
        -0.059786 0.610236 0.551990,
        -0.057207 0.610236 0.548279,
        -0.055421 0.610236 0.543666,
        -0.054546 0.610236 0.536346,
        -0.054632 0.610236 0.533956,
        -0.082020 0.610236 0.516711,
        -0.075981 0.610236 0.515589,
        -0.073499 0.610236 0.515497,
        -0.055550 0.610236 0.528711,
        -0.057334 0.610236 0.524463,
        -0.059785 0.610236 0.521119,
        -0.061278 0.610236 0.519689,
        -0.068812 0.610236 0.515981,
        -0.064888 0.610236 0.517328,
        -0.080362 0.610236 0.564087,
        -0.081621 0.610236 0.563988,
        -0.085002 0.610236 0.564087,
        -0.085002 0.610236 0.563012,
        -0.087280 0.610236 0.562354,
        -0.074631 0.610236 0.564537,
        -0.085002 0.610236 0.708661,
        -0.070920 0.610236 0.564087,
        -0.049702 0.610236 0.708661,
        -0.049702 0.610236 0.564087,
        -0.051154 0.610236 0.551623,
        -0.055023 0.610236 0.556678,
        -0.056348 0.610236 0.557941,
        -0.061345 0.610236 0.561439,
        -0.066925 0.610236 0.563602,
        -0.046502 0.610236 0.564087,
        -0.048619 0.610236 0.545693,
        -0.049702 0.610236 0.548227,
        -0.048363 0.610236 0.527262,
        -0.046502 0.610236 0.509807,
        -0.047314 0.610236 0.535937,
        -0.047408 0.610236 0.538725,
        -0.062652 0.610236 0.510996,
        -0.057728 0.610236 0.513560,
        -0.054164 0.610236 0.516643,
        -0.053717 0.610236 0.517131,
        -0.067522 0.610236 0.509807,
        -0.049702 0.610236 0.494156,
        -0.068270 0.610236 0.509624,
        -0.072503 0.610236 0.509356,
        -0.077213 0.610236 0.509807,
        -0.087280 0.610236 0.512468,
        -0.086370 0.610236 0.512014,
        -0.085002 0.610236 0.509807,
        -0.085002 0.610236 0.511565,
        -0.080639 0.610236 0.510134,
        -0.054876 0.610236 0.443846,
        -0.055815 0.610236 0.454530,
        -0.053515 0.610236 0.441949,
        -0.052571 0.610236 0.439611,
        -0.049702 0.610236 0.425125,
        -0.053234 0.610236 0.430476,
        -0.052423 0.610236 0.432734,
        -0.076037 0.610236 0.425576,
        -0.076037 0.610236 0.431470,
        -0.075859 0.610236 0.431470,
        -0.049702 0.610236 0.403980,
        -0.060302 0.610236 0.425125,
        -0.060180 0.610236 0.425139,
        -0.057616 0.610236 0.426106,
        -0.073069 0.610236 0.464189,
        -0.075863 0.610236 0.463321,
        -0.056967 0.610236 0.445609,
        -0.059889 0.610236 0.447059,
        -0.059767 0.610236 0.457112,
        -0.064739 0.610236 0.448226,
        -0.070579 0.610236 0.458905,
        -0.068314 0.610236 0.459143,
        -0.063937 0.610236 0.458640,
        -0.055365 0.610236 0.427677,
        -0.054626 0.610236 0.428425,
        -0.078071 0.610236 0.462037,
        -0.079843 0.610236 0.460316,
        -0.081201 0.610236 0.458131,
        -0.074076 0.610236 0.428965,
        -0.071865 0.610236 0.426956,
        -0.070649 0.610236 0.426198,
        -0.055815 0.610236 0.461026,
        -0.057207 0.610236 0.461831,
        -0.062181 0.610236 0.463755,
        -0.068941 0.610236 0.464573,
        -0.052089 0.610236 0.435782,
        -0.052117 0.610236 0.436763,
        -0.076037 0.610236 0.449809,
        -0.075804 0.610236 0.452766,
        -0.075113 0.610236 0.455146,
        -0.074327 0.610236 0.456523,
        -0.082235 0.610236 0.455045,
        -0.082723 0.610236 0.450109,
        -0.082723 0.610236 0.425576,
        -0.073317 0.610236 0.457598,
        -0.072130 0.610236 0.458363,
        -0.085002 0.610236 0.403980,
        -0.067797 0.610236 0.425125,
        -0.064179 0.610236 0.424675,
        -0.131716 0.610236 0.425125,
        -0.131716 0.610236 0.436470,
        -0.121011 0.610236 0.463700,
        -0.128489 0.610236 0.463700,
        -0.135966 0.610236 0.425657,
        -0.135741 0.610236 0.425125,
        -0.133032 0.610236 0.418726,
        -0.119271 0.610236 0.403980,
        -0.122389 0.610236 0.408164,
        -0.122389 0.610236 0.414113,
        -0.130460 0.610236 0.414913,
        -0.131706 0.610236 0.416299,
        -0.131716 0.610236 0.416318,
        -0.102126 0.610236 0.424675,
        -0.094874 0.610236 0.403980,
        -0.123757 0.610236 0.413665,
        -0.126183 0.610236 0.413350,
        -0.131716 0.610236 0.408810,
        -0.129402 0.610236 0.407929,
        -0.131716 0.610236 0.403980,
        -0.126701 0.610236 0.407619,
        -0.125225 0.610236 0.407671,
        -0.127861 0.610236 0.413547,
        -0.129317 0.610236 0.414113,
        -0.140305 0.610236 0.419817,
        -0.137278 0.610236 0.413922,
        -0.181698 0.610236 0.403980,
        -0.142398 0.610236 0.425125,
        -0.134832 0.610236 0.410984,
        -0.134376 0.610236 0.410566,
        -0.132041 0.610236 0.408934,
        -0.198563 0.610236 0.403980,
        -0.181698 0.610236 0.314961,
        -0.131716 0.610236 0.314961,
        -0.119271 0.610236 0.314961,
        -0.094874 0.610236 0.314961,
        -0.085002 0.610236 0.314961,
        -0.049702 0.610236 0.314961,
        -0.068001 0.610236 0.425150,
        -0.448241 0.610236 0.425125,
        -0.248545 0.610236 0.425125,
        -0.016981 0.610236 0.478955,
        -0.016981 0.610236 0.425576,
        -0.046502 0.610236 0.425125,
        -0.046502 0.610236 0.403980,
        -0.046502 0.610236 0.314961,
        -0.044476 0.610236 0.478955,
        -0.046502 0.610236 0.494156,
        -0.044476 0.610236 0.472815,
        -0.045690 0.610236 0.431661,
        -0.045690 0.610236 0.425576,
        -0.023872 0.610236 0.449618,
        -0.023872 0.610236 0.431661,
        -0.042961 0.610236 0.449618,
        -0.042961 0.610236 0.455731,
        -0.023872 0.610236 0.455731,
        -0.023872 0.610236 0.472815,
        -0.203605 0.610236 0.425576,
        -0.245610 0.610236 0.443294,
        -0.242981 0.610236 0.437774,
        -0.239014 0.610236 0.433053,
        -0.244206 0.610236 0.465382,
        -0.246179 0.610236 0.460289,
        -0.248545 0.610236 0.494156,
        -0.247065 0.610236 0.452948,
        -0.246904 0.610236 0.449543,
        -0.233424 0.610236 0.429048,
        -0.227336 0.610236 0.426674,
        -0.218287 0.610236 0.425576,
        -0.203605 0.610236 0.478955,
        -0.218833 0.610236 0.478955,
        -0.226984 0.610236 0.478055,
        -0.233426 0.610236 0.475702,
        -0.239014 0.610236 0.471887,
        -0.240904 0.610236 0.470038,
        -0.257640 0.610236 0.425576,
        -0.250026 0.610236 0.425576,
        -0.290443 0.610236 0.425576,
        -0.284998 0.610236 0.440176,
        -0.262770 0.610236 0.440176,
        -0.270357 0.610236 0.478955,
        -0.277725 0.610236 0.478955,
        -0.016981 0.610236 0.510257,
        -0.016981 0.610236 0.563637,
        -0.045131 0.610236 0.510257,
        -0.177359 0.610236 0.550063,
        -0.179331 0.610236 0.544970,
        -0.180217 0.610236 0.537629,
        -0.180057 0.610236 0.534225,
        -0.178763 0.610236 0.527976,
        -0.176133 0.610236 0.522456,
        -0.172167 0.610236 0.517735,
        -0.166577 0.610236 0.513730,
        -0.151985 0.610236 0.563637,
        -0.160136 0.610236 0.562737,
        -0.166579 0.610236 0.560383,
        -0.160489 0.610236 0.511356,
        -0.151440 0.610236 0.510257,
        -0.136757 0.610236 0.510257,
        -0.136757 0.610236 0.563637,
        -0.172167 0.610236 0.556569,
        -0.174056 0.610236 0.554719,
        -0.298056 0.610236 0.425576,
        -0.448241 0.610236 0.494156,
        -0.448241 0.610236 0.509807,
        -0.448241 0.610236 0.564087,
        -0.598425 0.610236 0.425125,
        -0.598425 0.610236 0.494156,
        -0.598425 0.610236 0.509807,
        -0.598425 0.610236 0.564087,
        -0.046502 0.610236 0.708661,
        -0.598425 0.610236 0.708661,
        -0.448241 0.610236 0.708661,
        -0.248545 0.610236 0.708661,
        -0.198563 0.610236 0.708661,
        -0.181698 0.610236 0.708661,
        -0.131716 0.610236 0.708661,
        -0.119271 0.610236 0.708661,
        -0.094874 0.610236 0.708661,
        -0.834062 -0.682212 0.236220,
        -0.865893 -0.634262 0.236220,
        -0.925270 -0.632409 0.236220,
        -0.927622 -0.604137 0.236220,
        -1.008461 -0.570133 0.236220,
        -0.986003 -0.567949 0.236220,
        -1.040443 -0.526064 0.236220,
        -1.081944 -0.496650 0.236220,
        -1.090387 -0.478909 0.236220,
        -1.135328 -0.426963 0.236220,
        1.135328 -0.426963 0.236220,
        1.090387 -0.478909 0.236220,
        1.081944 -0.496650 0.236220,
        1.040443 -0.526064 0.236220,
        1.008461 -0.570133 0.236220,
        0.986003 -0.567949 0.236220,
        0.925270 -0.632409 0.236220,
        0.927622 -0.604137 0.236220,
        0.834062 -0.682212 0.236220,
        0.865893 -0.634262 0.236220,
        0.801443 -0.658016 0.236220,
        0.736695 -0.718528 0.236220,
        0.734928 -0.675157 0.236220,
        0.635150 -0.740618 0.236220,
        0.667026 -0.685513 0.236220,
        0.598425 -0.688976 0.236220,
        0.531496 -0.748031 0.236220,
        -0.531496 -0.748031 0.236220,
        -0.598425 -0.688976 0.236220,
        -0.635150 -0.740618 0.236220,
        -0.667026 -0.685513 0.236220,
        -0.736695 -0.718528 0.236220,
        -0.734928 -0.675157 0.236220,
        -0.801443 -0.658016 0.236220,
        1.008461 0.570133 0.236220,
        1.040443 0.526064 0.236220,
        1.081944 0.496650 0.236220,
        1.090387 0.478909 0.236220,
        1.135328 0.426963 0.236220,
        0.834062 0.682212 0.236220,
        0.865893 0.634262 0.236220,
        0.925270 0.632409 0.236220,
        0.927622 0.604137 0.236220,
        0.986003 0.567949 0.236220,
        -1.135328 0.426963 0.236220,
        -1.090387 0.478909 0.236220,
        -1.081944 0.496650 0.236220,
        -1.040443 0.526064 0.236220,
        -1.008461 0.570133 0.236220,
        -0.986003 0.567949 0.236220,
        -0.925270 0.632409 0.236220,
        -0.927622 0.604137 0.236220,
        -0.834062 0.682212 0.236220,
        -0.865893 0.634262 0.236220,
        -0.801443 0.658016 0.236220,
        -0.736695 0.718528 0.236220,
        -0.734928 0.675157 0.236220,
        -0.635150 0.740618 0.236220,
        -0.667026 0.685513 0.236220,
        -0.598425 0.688976 0.236220,
        -0.531496 0.748031 0.236220,
        0.531496 0.748031 0.236220,
        0.598425 0.688976 0.236220,
        0.635150 0.740618 0.236220,
        0.667026 0.685513 0.236220,
        0.736695 0.718528 0.236220,
        0.734928 0.675157 0.236220,
        0.801443 0.658016 0.236220,
      ]
    }
    coordIndex [
      0, 1, 2, -1,
      2, 1, 3, -1,
      4, 0, 5, -1,
      5, 0, 2, -1,
      6, 4, 7, -1,
      7, 4, 5, -1,
      6, 7, 8, -1,
      6, 8, 9, -1,
      9, 8, 10, -1,
      9, 10, 11, -1,
      11, 10, 12, -1,
      11, 12, 13, -1,
      13, 12, 14, -1,
      13, 14, 15, -1,
      15, 14, 16, -1,
      15, 16, 17, -1,
      17, 16, 18, -1,
      17, 18, 19, -1,
      19, 18, 20, -1,
      19, 20, 21, -1,
      22, 21, 23, -1,
      23, 21, 20, -1,
      24, 22, 25, -1,
      25, 22, 23, -1,
      1, 24, 3, -1,
      3, 24, 25, -1,
      1, 13, 15, -1,
      22, 24, 21, -1,
      21, 24, 1, -1,
      0, 4, 1, -1,
      1, 4, 6, -1,
      6, 9, 1, -1,
      1, 9, 11, -1,
      1, 11, 13, -1,
      15, 17, 1, -1,
      1, 17, 19, -1,
      1, 19, 21, -1,
      3, 12, 10, -1,
      5, 2, 7, -1,
      7, 2, 3, -1,
      7, 3, 8, -1,
      8, 3, 10, -1,
      25, 23, 3, -1,
      3, 23, 20, -1,
      3, 20, 18, -1,
      18, 16, 3, -1,
      3, 16, 14, -1,
      3, 14, 12, -1,
      26, 27, 28, -1,
      28, 27, 29, -1,
      30, 26, 31, -1,
      31, 26, 28, -1,
      32, 30, 33, -1,
      33, 30, 31, -1,
      34, 32, 35, -1,
      35, 32, 33, -1,
      36, 34, 37, -1,
      37, 34, 35, -1,
      38, 36, 39, -1,
      39, 36, 37, -1,
      38, 39, 40, -1,
      38, 40, 41, -1,
      41, 40, 42, -1,
      41, 42, 43, -1,
      43, 42, 44, -1,
      43, 44, 45, -1,
      45, 44, 46, -1,
      45, 46, 47, -1,
      47, 46, 48, -1,
      47, 48, 49, -1,
      49, 48, 50, -1,
      49, 50, 51, -1,
      51, 50, 29, -1,
      51, 29, 27, -1,
      26, 30, 27, -1,
      27, 30, 32, -1,
      34, 36, 32, -1,
      32, 36, 38, -1,
      32, 38, 41, -1,
      47, 49, 32, -1,
      32, 49, 51, -1,
      32, 51, 27, -1,
      41, 43, 32, -1,
      32, 43, 45, -1,
      32, 45, 47, -1,
      37, 35, 39, -1,
      39, 35, 33, -1,
      31, 28, 33, -1,
      33, 28, 29, -1,
      33, 29, 50, -1,
      50, 48, 33, -1,
      33, 48, 46, -1,
      33, 46, 44, -1,
      44, 42, 33, -1,
      33, 42, 40, -1,
      33, 40, 39, -1,
      52, 53, 54, -1,
      55, 56, 57, -1,
      58, 55, 59, -1,
      60, 58, 61, -1,
      62, 63, 64, -1,
      65, 66, 67, -1,
      68, 69, 70, -1,
      71, 72, 73, -1,
      74, 75, 76, -1,
      76, 75, 77, -1,
      78, 79, 76, -1,
      76, 79, 80, -1,
      76, 80, 81, -1,
      81, 82, 76, -1,
      76, 82, 83, -1,
      76, 83, 74, -1,
      84, 85, 86, -1,
      86, 85, 87, -1,
      87, 85, 88, -1,
      87, 88, 89, -1,
      84, 86, 90, -1,
      90, 86, 91, -1,
      90, 91, 92, -1,
      93, 94, 91, -1,
      91, 94, 95, -1,
      91, 95, 96, -1,
      91, 97, 92, -1,
      92, 97, 98, -1,
      92, 98, 99, -1,
      99, 98, 100, -1,
      99, 100, 101, -1,
      96, 102, 91, -1,
      91, 102, 103, -1,
      91, 103, 97, -1,
      104, 105, 106, -1,
      104, 106, 107, -1,
      105, 108, 106, -1,
      106, 108, 109, -1,
      106, 109, 110, -1,
      110, 109, 111, -1,
      111, 112, 110, -1,
      110, 112, 113, -1,
      110, 113, 93, -1,
      93, 113, 114, -1,
      93, 114, 94, -1,
      115, 107, 116, -1,
      116, 107, 106, -1,
      116, 106, 117, -1,
      117, 106, 118, -1,
      119, 120, 121, -1,
      121, 120, 122, -1,
      122, 123, 121, -1,
      121, 123, 124, -1,
      121, 124, 125, -1,
      125, 124, 126, -1,
      125, 126, 127, -1,
      127, 126, 128, -1,
      127, 128, 106, -1,
      106, 128, 129, -1,
      106, 129, 118, -1,
      130, 131, 119, -1,
      119, 131, 132, -1,
      119, 132, 133, -1,
      133, 134, 119, -1,
      119, 134, 135, -1,
      119, 135, 120, -1,
      136, 137, 138, -1,
      139, 140, 141, -1,
      142, 143, 130, -1,
      144, 145, 146, -1,
      146, 145, 147, -1,
      139, 141, 148, -1,
      142, 130, 149, -1,
      150, 151, 145, -1,
      145, 151, 152, -1,
      145, 152, 153, -1,
      138, 137, 130, -1,
      130, 137, 154, -1,
      130, 154, 149, -1,
      140, 155, 141, -1,
      141, 155, 156, -1,
      141, 156, 157, -1,
      158, 159, 160, -1,
      160, 159, 161, -1,
      160, 161, 162, -1,
      163, 153, 164, -1,
      164, 153, 165, -1,
      164, 165, 160, -1,
      160, 165, 166, -1,
      160, 166, 158, -1,
      163, 167, 153, -1,
      153, 167, 168, -1,
      153, 168, 145, -1,
      145, 168, 169, -1,
      145, 169, 147, -1,
      170, 171, 172, -1,
      172, 171, 173, -1,
      172, 173, 141, -1,
      141, 173, 174, -1,
      141, 174, 148, -1,
      175, 176, 141, -1,
      141, 176, 177, -1,
      141, 177, 145, -1,
      145, 177, 178, -1,
      145, 178, 150, -1,
      179, 180, 131, -1,
      131, 180, 181, -1,
      131, 181, 182, -1,
      182, 183, 131, -1,
      131, 183, 184, -1,
      131, 184, 185, -1,
      185, 184, 170, -1,
      185, 170, 186, -1,
      186, 170, 172, -1,
      143, 187, 130, -1,
      130, 187, 188, -1,
      130, 188, 131, -1,
      131, 188, 189, -1,
      131, 189, 179, -1,
      157, 190, 141, -1,
      141, 190, 191, -1,
      141, 191, 192, -1,
      192, 193, 141, -1,
      141, 193, 194, -1,
      141, 194, 175, -1,
      195, 196, 197, -1,
      197, 153, 195, -1,
      195, 153, 152, -1,
      195, 152, 198, -1,
      198, 152, 199, -1,
      199, 200, 198, -1,
      198, 200, 201, -1,
      198, 201, 202, -1,
      203, 204, 205, -1,
      204, 206, 205, -1,
      205, 206, 207, -1,
      205, 207, 208, -1,
      209, 205, 210, -1,
      196, 195, 209, -1,
      209, 195, 211, -1,
      209, 211, 205, -1,
      205, 211, 212, -1,
      205, 212, 203, -1,
      210, 213, 209, -1,
      209, 213, 214, -1,
      209, 214, 215, -1,
      208, 207, 216, -1,
      216, 207, 217, -1,
      216, 217, 218, -1,
      218, 217, 219, -1,
      218, 219, 220, -1,
      221, 222, 215, -1,
      215, 222, 223, -1,
      215, 223, 209, -1,
      75, 224, 77, -1,
      77, 224, 225, -1,
      77, 225, 138, -1,
      138, 225, 226, -1,
      138, 226, 136, -1,
      227, 228, 229, -1,
      73, 72, 230, -1,
      230, 72, 231, -1,
      230, 231, 232, -1,
      233, 234, 235, -1,
      235, 234, 236, -1,
      235, 236, 237, -1,
      237, 236, 227, -1,
      237, 227, 238, -1,
      239, 240, 241, -1,
      241, 240, 242, -1,
      241, 242, 232, -1,
      229, 228, 243, -1,
      243, 228, 244, -1,
      243, 244, 245, -1,
      246, 247, 248, -1,
      249, 250, 251, -1,
      251, 250, 252, -1,
      251, 252, 253, -1,
      253, 252, 246, -1,
      253, 246, 254, -1,
      254, 246, 248, -1,
      255, 256, 257, -1,
      67, 66, 258, -1,
      259, 260, 255, -1,
      260, 261, 255, -1,
      255, 261, 262, -1,
      255, 262, 256, -1,
      256, 262, 263, -1,
      258, 66, 255, -1,
      255, 66, 264, -1,
      255, 264, 259, -1,
      265, 266, 267, -1,
      267, 266, 268, -1,
      267, 268, 257, -1,
      257, 268, 269, -1,
      257, 269, 255, -1,
      270, 271, 70, -1,
      272, 273, 274, -1,
      263, 275, 256, -1,
      256, 275, 276, -1,
      256, 276, 274, -1,
      274, 276, 277, -1,
      274, 277, 272, -1,
      278, 279, 70, -1,
      70, 279, 280, -1,
      273, 281, 274, -1,
      274, 281, 282, -1,
      274, 282, 283, -1,
      283, 282, 284, -1,
      283, 284, 270, -1,
      285, 286, 271, -1,
      271, 286, 287, -1,
      271, 287, 70, -1,
      70, 287, 288, -1,
      70, 288, 278, -1,
      280, 289, 70, -1,
      70, 289, 290, -1,
      70, 290, 68, -1,
      291, 292, 293, -1,
      293, 292, 294, -1,
      293, 294, 295, -1,
      293, 296, 291, -1,
      291, 296, 297, -1,
      291, 297, 298, -1,
      298, 299, 291, -1,
      291, 299, 300, -1,
      291, 300, 301, -1,
      301, 300, 302, -1,
      301, 302, 303, -1,
      303, 302, 304, -1,
      303, 304, 271, -1,
      271, 304, 305, -1,
      271, 305, 285, -1,
      306, 307, 295, -1,
      295, 307, 308, -1,
      295, 308, 293, -1,
      309, 310, 311, -1,
      312, 313, 310, -1,
      65, 67, 310, -1,
      310, 67, 314, -1,
      310, 314, 312, -1,
      313, 315, 310, -1,
      310, 315, 316, -1,
      310, 316, 311, -1,
      317, 318, 319, -1,
      318, 320, 319, -1,
      319, 320, 321, -1,
      319, 321, 322, -1,
      322, 321, 323, -1,
      309, 311, 319, -1,
      319, 311, 324, -1,
      319, 324, 317, -1,
      325, 326, 327, -1,
      328, 329, 327, -1,
      327, 329, 330, -1,
      327, 330, 325, -1,
      326, 325, 331, -1,
      331, 325, 332, -1,
      331, 332, 333, -1,
      329, 334, 330, -1,
      330, 334, 335, -1,
      330, 335, 336, -1,
      336, 335, 337, -1,
      336, 337, 338, -1,
      338, 337, 339, -1,
      338, 339, 333, -1,
      333, 339, 340, -1,
      333, 340, 331, -1,
      341, 342, 343, -1,
      341, 343, 344, -1,
      344, 343, 345, -1,
      344, 345, 346, -1,
      347, 346, 348, -1,
      348, 346, 345, -1,
      348, 345, 349, -1,
      349, 345, 350, -1,
      349, 350, 351, -1,
      351, 350, 352, -1,
      353, 354, 355, -1,
      356, 357, 358, -1,
      358, 357, 359, -1,
      358, 359, 347, -1,
      347, 359, 360, -1,
      347, 360, 346, -1,
      346, 360, 361, -1,
      346, 361, 355, -1,
      355, 361, 362, -1,
      355, 362, 353, -1,
      342, 341, 363, -1,
      363, 341, 364, -1,
      363, 364, 353, -1,
      365, 366, 367, -1,
      365, 367, 368, -1,
      353, 364, 354, -1,
      354, 364, 369, -1,
      354, 369, 370, -1,
      370, 369, 371, -1,
      370, 371, 367, -1,
      367, 371, 372, -1,
      367, 372, 368, -1,
      366, 373, 367, -1,
      367, 373, 374, -1,
      367, 374, 375, -1,
      375, 376, 367, -1,
      367, 376, 377, -1,
      367, 377, 378, -1,
      378, 379, 367, -1,
      367, 379, 380, -1,
      367, 380, 381, -1,
      381, 380, 382, -1,
      382, 380, 383, -1,
      383, 380, 384, -1,
      383, 384, 385, -1,
      385, 386, 383, -1,
      383, 386, 387, -1,
      383, 387, 388, -1,
      388, 387, 389, -1,
      390, 391, 392, -1,
      392, 391, 393, -1,
      392, 393, 364, -1,
      364, 393, 394, -1,
      364, 394, 369, -1,
      395, 396, 397, -1,
      397, 396, 398, -1,
      399, 400, 401, -1,
      401, 402, 399, -1,
      399, 402, 403, -1,
      399, 403, 404, -1,
      405, 406, 399, -1,
      399, 406, 407, -1,
      399, 407, 400, -1,
      63, 408, 409, -1,
      409, 408, 410, -1,
      409, 410, 405, -1,
      405, 410, 411, -1,
      405, 411, 406, -1,
      64, 412, 413, -1,
      413, 414, 64, -1,
      64, 414, 415, -1,
      64, 415, 62, -1,
      412, 64, 416, -1,
      416, 64, 417, -1,
      416, 417, 418, -1,
      418, 417, 419, -1,
      419, 417, 256, -1,
      419, 256, 420, -1,
      370, 421, 354, -1,
      354, 421, 422, -1,
      354, 422, 423, -1,
      423, 422, 424, -1,
      423, 424, 425, -1,
      426, 427, 428, -1,
      428, 427, 429, -1,
      430, 431, 432, -1,
      433, 434, 435, -1,
      436, 437, 430, -1,
      430, 437, 438, -1,
      430, 438, 439, -1,
      440, 441, 256, -1,
      426, 442, 427, -1,
      427, 442, 443, -1,
      427, 443, 444, -1,
      444, 443, 445, -1,
      446, 447, 445, -1,
      445, 447, 448, -1,
      445, 448, 444, -1,
      439, 449, 430, -1,
      430, 449, 450, -1,
      430, 450, 431, -1,
      441, 451, 256, -1,
      256, 451, 452, -1,
      256, 452, 453, -1,
      435, 454, 433, -1,
      433, 454, 455, -1,
      433, 455, 456, -1,
      457, 458, 417, -1,
      417, 458, 459, -1,
      417, 459, 256, -1,
      256, 459, 460, -1,
      256, 460, 440, -1,
      432, 461, 430, -1,
      430, 461, 462, -1,
      430, 462, 417, -1,
      417, 462, 429, -1,
      417, 429, 457, -1,
      457, 429, 427, -1,
      463, 464, 445, -1,
      445, 464, 465, -1,
      445, 465, 466, -1,
      453, 467, 256, -1,
      256, 467, 468, -1,
      256, 468, 257, -1,
      257, 468, 469, -1,
      257, 469, 433, -1,
      466, 470, 445, -1,
      445, 470, 471, -1,
      445, 471, 446, -1,
      472, 473, 436, -1,
      436, 473, 474, -1,
      436, 474, 437, -1,
      475, 476, 70, -1,
      70, 476, 477, -1,
      270, 70, 283, -1,
      283, 70, 477, -1,
      283, 477, 250, -1,
      250, 477, 478, -1,
      250, 478, 252, -1,
      479, 476, 480, -1,
      480, 476, 475, -1,
      480, 475, 481, -1,
      482, 483, 484, -1,
      485, 486, 475, -1,
      475, 486, 487, -1,
      475, 487, 481, -1,
      488, 489, 69, -1,
      69, 489, 482, -1,
      69, 482, 70, -1,
      70, 482, 484, -1,
      70, 484, 475, -1,
      475, 484, 490, -1,
      475, 490, 491, -1,
      492, 493, 494, -1,
      494, 493, 495, -1,
      494, 495, 482, -1,
      482, 495, 496, -1,
      482, 496, 483, -1,
      491, 497, 475, -1,
      475, 497, 498, -1,
      475, 498, 485, -1,
      499, 500, 501, -1,
      499, 501, 502, -1,
      500, 503, 501, -1,
      501, 503, 504, -1,
      501, 504, 494, -1,
      494, 504, 505, -1,
      494, 505, 492, -1,
      60, 506, 507, -1,
      507, 506, 501, -1,
      507, 501, 508, -1,
      508, 501, 494, -1,
      508, 494, 509, -1,
      509, 494, 482, -1,
      509, 482, 510, -1,
      510, 482, 489, -1,
      510, 489, 511, -1,
      511, 489, 472, -1,
      511, 472, 512, -1,
      512, 472, 436, -1,
      488, 265, 489, -1,
      489, 265, 267, -1,
      489, 267, 472, -1,
      472, 267, 257, -1,
      472, 257, 473, -1,
      473, 257, 433, -1,
      473, 433, 513, -1,
      513, 433, 456, -1,
      506, 229, 501, -1,
      501, 229, 243, -1,
      501, 243, 502, -1,
      502, 243, 245, -1,
      502, 245, 249, -1,
      249, 245, 71, -1,
      249, 71, 250, -1,
      250, 71, 73, -1,
      58, 59, 61, -1,
      61, 59, 514, -1,
      61, 514, 515, -1,
      516, 138, 517, -1,
      517, 138, 130, -1,
      517, 130, 518, -1,
      518, 130, 119, -1,
      518, 119, 519, -1,
      519, 119, 121, -1,
      519, 121, 520, -1,
      516, 521, 522, -1,
      521, 523, 522, -1,
      522, 523, 524, -1,
      522, 524, 518, -1,
      518, 524, 525, -1,
      518, 525, 517, -1,
      526, 527, 528, -1,
      528, 527, 524, -1,
      528, 524, 529, -1,
      529, 524, 523, -1,
      529, 523, 530, -1,
      530, 523, 531, -1,
      242, 238, 232, -1,
      232, 238, 227, -1,
      232, 227, 230, -1,
      230, 227, 229, -1,
      230, 229, 532, -1,
      533, 534, 515, -1,
      515, 534, 535, -1,
      536, 537, 538, -1,
      538, 537, 539, -1,
      538, 539, 515, -1,
      515, 539, 540, -1,
      515, 540, 533, -1,
      535, 541, 515, -1,
      515, 541, 542, -1,
      515, 542, 543, -1,
      60, 61, 506, -1,
      506, 61, 515, -1,
      506, 515, 229, -1,
      229, 515, 543, -1,
      229, 543, 532, -1,
      532, 544, 230, -1,
      230, 544, 545, -1,
      230, 545, 538, -1,
      538, 545, 546, -1,
      538, 546, 547, -1,
      547, 548, 538, -1,
      538, 548, 549, -1,
      538, 549, 536, -1,
      550, 551, 515, -1,
      552, 553, 554, -1,
      515, 551, 538, -1,
      538, 551, 555, -1,
      538, 555, 556, -1,
      63, 409, 64, -1,
      64, 409, 522, -1,
      64, 522, 417, -1,
      417, 522, 518, -1,
      417, 518, 430, -1,
      430, 518, 519, -1,
      430, 519, 436, -1,
      436, 519, 520, -1,
      436, 520, 512, -1,
      538, 325, 230, -1,
      230, 325, 330, -1,
      230, 330, 73, -1,
      73, 330, 336, -1,
      73, 336, 250, -1,
      250, 336, 346, -1,
      250, 346, 283, -1,
      283, 346, 355, -1,
      283, 355, 274, -1,
      274, 355, 354, -1,
      274, 354, 256, -1,
      256, 354, 423, -1,
      256, 423, 420, -1,
      420, 423, 425, -1,
      516, 522, 138, -1,
      138, 522, 409, -1,
      138, 409, 77, -1,
      77, 409, 557, -1,
      77, 557, 76, -1,
      557, 558, 76, -1,
      76, 558, 52, -1,
      76, 52, 405, -1,
      405, 52, 54, -1,
      405, 54, 409, -1,
      409, 54, 559, -1,
      409, 559, 557, -1,
      560, 561, 338, -1,
      338, 561, 562, -1,
      338, 562, 336, -1,
      336, 562, 563, -1,
      336, 563, 564, -1,
      564, 565, 336, -1,
      336, 565, 566, -1,
      336, 566, 567, -1,
      344, 568, 338, -1,
      338, 568, 569, -1,
      338, 569, 570, -1,
      567, 571, 336, -1,
      336, 571, 572, -1,
      336, 572, 346, -1,
      346, 572, 573, -1,
      346, 573, 344, -1,
      344, 573, 574, -1,
      344, 574, 568, -1,
      570, 575, 338, -1,
      338, 575, 576, -1,
      338, 576, 560, -1,
      554, 550, 552, -1,
      552, 550, 515, -1,
      552, 515, 577, -1,
      577, 515, 514, -1,
      577, 514, 556, -1,
      556, 514, 578, -1,
      556, 578, 538, -1,
      538, 578, 579, -1,
      538, 579, 325, -1,
      325, 579, 580, -1,
      325, 580, 332, -1,
      55, 57, 59, -1,
      59, 57, 581, -1,
      59, 581, 514, -1,
      514, 581, 582, -1,
      514, 582, 578, -1,
      578, 582, 583, -1,
      578, 583, 579, -1,
      579, 583, 584, -1,
      579, 584, 580, -1,
      404, 397, 399, -1,
      399, 397, 398, -1,
      399, 398, 405, -1,
      405, 398, 585, -1,
      405, 585, 76, -1,
      76, 585, 87, -1,
      76, 87, 78, -1,
      78, 87, 89, -1,
      584, 586, 580, -1,
      580, 586, 587, -1,
      580, 587, 332, -1,
      332, 587, 588, -1,
      332, 588, 333, -1,
      333, 588, 589, -1,
      333, 589, 338, -1,
      338, 589, 590, -1,
      338, 590, 344, -1,
      344, 590, 591, -1,
      344, 591, 341, -1,
      341, 591, 592, -1,
      341, 592, 364, -1,
      364, 592, 593, -1,
      364, 593, 392, -1,
      392, 593, 396, -1,
      392, 396, 390, -1,
      390, 396, 395, -1,
      594, 595, 596, -1,
      596, 595, 597, -1,
      596, 597, 598, -1,
      597, 599, 598, -1,
      598, 599, 600, -1,
      598, 600, 601, -1,
      601, 600, 602, -1,
      601, 602, 603, -1,
      604, 605, 606, -1,
      606, 605, 607, -1,
      606, 607, 608, -1,
      608, 607, 609, -1,
      608, 609, 610, -1,
      610, 609, 611, -1,
      610, 611, 612, -1,
      611, 613, 612, -1,
      612, 613, 614, -1,
      612, 614, 615, -1,
      615, 614, 616, -1,
      615, 616, 617, -1,
      616, 618, 617, -1,
      617, 618, 619, -1,
      617, 619, 620, -1,
      620, 619, 621, -1,
      621, 619, 622, -1,
      621, 622, 623, -1,
      623, 622, 624, -1,
      623, 624, 625, -1,
      625, 624, 626, -1,
      625, 626, 594, -1,
      594, 626, 627, -1,
      594, 627, 595, -1,
      628, 629, 630, -1,
      630, 629, 631, -1,
      630, 631, 632, -1,
      633, 634, 635, -1,
      635, 634, 636, -1,
      635, 636, 628, -1,
      628, 636, 637, -1,
      628, 637, 629, -1,
      638, 639, 640, -1,
      640, 639, 641, -1,
      640, 641, 642, -1,
      642, 641, 643, -1,
      642, 643, 644, -1,
      644, 643, 645, -1,
      644, 645, 646, -1,
      645, 647, 646, -1,
      646, 647, 648, -1,
      646, 648, 649, -1,
      649, 648, 650, -1,
      649, 650, 651, -1,
      650, 652, 651, -1,
      651, 652, 653, -1,
      651, 653, 654, -1,
      654, 653, 655, -1,
      655, 653, 656, -1,
      655, 656, 657, -1,
      657, 656, 658, -1,
      657, 658, 659, -1,
      659, 658, 660, -1,
      659, 660, 633, -1,
      633, 660, 661, -1,
      633, 661, 634, -1,
    ]
  }
}

Shape {
  appearance Appearance {
    material Material {
      diffuseColor 0.1765 0.1765 0.1765
      specularColor 0.0510 0.0510 0.0510
      ambientIntensity 0.2
      transparency 0.0000
      shininess 0.5
    }
  }
  geometry IndexedFaceSet {
    ccw TRUE
    solid FALSE
    coord DEF co Coordinate {
      point [
        -0.635150 0.740618 0.118110,
        -0.531496 0.748031 0.118110,
        -0.885827 0.787402 0.118110,
        0.531496 0.748031 0.118110,
        0.885827 0.787402 0.118110,
        0.635150 0.740618 0.118110,
        0.885827 0.722956 0.118110,
        0.885827 -0.787402 0.118110,
        0.885827 -0.722956 0.118110,
        0.736695 -0.718528 0.118110,
        0.736695 0.718528 0.118110,
        0.834062 0.682212 0.118110,
        0.974400 0.674442 0.118110,
        0.925270 0.632409 0.118110,
        1.055178 0.613831 0.118110,
        1.008461 0.570133 0.118110,
        1.126521 0.542354 0.118110,
        1.081944 0.496650 0.118110,
        1.186979 0.461461 0.118110,
        1.144220 0.413459 0.118110,
        1.235324 0.372796 0.118110,
        1.194023 0.322251 0.118110,
        1.270576 0.278159 0.118110,
        1.230339 0.224884 0.118110,
        1.292017 0.179472 0.118110,
        1.252429 0.123339 0.118110,
        1.299213 0.078740 0.118110,
        1.259843 0.019685 0.118110,
        1.299213 -0.078740 0.118110,
        1.259843 -0.019685 0.118110,
        1.292017 -0.179472 0.118110,
        1.252429 -0.123339 0.118110,
        1.270576 -0.278159 0.118110,
        1.230339 -0.224884 0.118110,
        1.235324 -0.372796 0.118110,
        1.194023 -0.322251 0.118110,
        1.186979 -0.461461 0.118110,
        1.144220 -0.413459 0.118110,
        1.126521 -0.542354 0.118110,
        1.081944 -0.496650 0.118110,
        1.055178 -0.613831 0.118110,
        1.008461 -0.570133 0.118110,
        0.974400 -0.674442 0.118110,
        0.925270 -0.632409 0.118110,
        0.834062 -0.682212 0.118110,
        -0.531496 -0.748031 0.118110,
        -0.885827 -0.787402 0.118110,
        0.531496 -0.748031 0.118110,
        0.635150 -0.740618 0.118110,
        -0.635150 -0.740618 0.118110,
        -0.736695 -0.718528 0.118110,
        -0.885827 -0.722956 0.118110,
        -0.834062 -0.682212 0.118110,
        -0.974400 -0.674442 0.118110,
        -0.925270 -0.632409 0.118110,
        -1.055178 -0.613831 0.118110,
        -1.008461 -0.570133 0.118110,
        -1.126521 -0.542354 0.118110,
        -1.081944 -0.496650 0.118110,
        -1.186979 -0.461461 0.118110,
        -1.144220 -0.413459 0.118110,
        -1.235324 -0.372796 0.118110,
        -1.194023 -0.322251 0.118110,
        -1.270576 -0.278159 0.118110,
        -1.230339 -0.224884 0.118110,
        -1.292017 -0.179472 0.118110,
        -1.252429 -0.123339 0.118110,
        -1.299213 -0.078740 0.118110,
        -1.259843 -0.019685 0.118110,
        -1.299213 0.078740 0.118110,
        -1.259843 0.019685 0.118110,
        -1.292017 0.179472 0.118110,
        -1.252429 0.123339 0.118110,
        -1.270576 0.278159 0.118110,
        -1.230339 0.224884 0.118110,
        -1.235324 0.372796 0.118110,
        -1.194023 0.322251 0.118110,
        -1.186979 0.461461 0.118110,
        -1.144220 0.413459 0.118110,
        -1.126521 0.542354 0.118110,
        -1.081944 0.496650 0.118110,
        -1.055178 0.613831 0.118110,
        -1.008461 0.570133 0.118110,
        -0.974400 0.674442 0.118110,
        -0.925270 0.632409 0.118110,
        -0.885827 0.722956 0.118110,
        -0.834062 0.682212 0.118110,
        -0.736695 0.718528 0.118110,
        0.885827 0.787402 0.196850,
        1.338583 0.787402 0.196850,
        1.338583 0.787402 0.000000,
        -1.338583 0.787402 0.000000,
        -0.885827 0.787402 0.196850,
        -1.338583 0.787402 0.196850,
        -0.885827 -0.787402 0.196850,
        -1.338583 -0.787402 0.196850,
        1.338583 -0.787402 0.000000,
        1.338583 -0.787402 0.196850,
        0.885827 -0.787402 0.196850,
        -1.338583 -0.787402 0.000000,
        -0.885827 -0.722956 0.196850,
        -1.299213 0.078740 0.196850,
        -1.292017 0.179472 0.196850,
        -1.377953 0.748031 0.196850,
        -1.270576 0.278159 0.196850,
        -1.299213 -0.078740 0.196850,
        -1.377953 -0.748031 0.196850,
        -1.292017 -0.179472 0.196850,
        -1.126521 -0.542354 0.196850,
        -1.186979 -0.461461 0.196850,
        -1.235324 -0.372796 0.196850,
        -1.270576 -0.278159 0.196850,
        -1.376611 -0.758221 0.196850,
        -1.372678 -0.767717 0.196850,
        -1.366422 -0.775870 0.196850,
        -0.974400 -0.674442 0.196850,
        -1.055178 -0.613831 0.196850,
        -1.348772 -0.786060 0.196850,
        -1.358268 -0.782127 0.196850,
        -0.885827 0.722956 0.196850,
        -0.974400 0.674442 0.196850,
        -1.055178 0.613831 0.196850,
        -1.348772 0.786060 0.196850,
        -1.358268 0.782127 0.196850,
        -1.235324 0.372796 0.196850,
        -1.186979 0.461461 0.196850,
        -1.376611 0.758221 0.196850,
        -1.126521 0.542354 0.196850,
        -1.372678 0.767717 0.196850,
        -1.366422 0.775870 0.196850,
        1.377953 0.118110 0.000000,
        1.377953 0.748031 0.000000,
        1.377953 0.118110 0.078740,
        1.377953 0.748031 0.196850,
        1.377953 -0.118110 0.078740,
        1.377953 -0.748031 0.196850,
        1.377953 -0.118110 0.000000,
        1.377953 -0.748031 0.000000,
        -1.377953 -0.118110 0.000000,
        -1.377953 -0.748031 0.000000,
        -1.377953 -0.118110 0.078740,
        -1.377953 0.118110 0.078740,
        -1.377953 0.118110 0.000000,
        -1.377953 0.748031 0.000000,
        0.885827 0.722956 0.196850,
        1.292017 -0.179472 0.196850,
        1.270576 -0.278159 0.196850,
        1.270576 0.278159 0.196850,
        1.235324 0.372796 0.196850,
        1.186979 0.461461 0.196850,
        1.358268 -0.782127 0.196850,
        1.366422 -0.775870 0.196850,
        1.126521 -0.542354 0.196850,
        1.292017 0.179472 0.196850,
        1.299213 0.078740 0.196850,
        1.299213 -0.078740 0.196850,
        1.235324 -0.372796 0.196850,
        1.186979 -0.461461 0.196850,
        1.376611 -0.758221 0.196850,
        1.372678 -0.767717 0.196850,
        0.885827 -0.722956 0.196850,
        0.974400 -0.674442 0.196850,
        1.055178 -0.613831 0.196850,
        1.372678 0.767717 0.196850,
        1.366422 0.775870 0.196850,
        1.126521 0.542354 0.196850,
        1.348772 -0.786060 0.196850,
        1.376611 0.758221 0.196850,
        0.974400 0.674442 0.196850,
        1.055178 0.613831 0.196850,
        1.348772 0.786060 0.196850,
        1.358268 0.782127 0.196850,
        -0.296265 -0.097436 0.000000,
        -0.274367 -0.068898 0.000000,
        0.296265 -0.097436 0.000000,
        -0.260601 -0.035664 0.000000,
        0.274367 -0.068898 0.000000,
        -0.296265 0.097436 0.000000,
        -0.324803 0.119334 0.000000,
        -0.358037 0.133100 0.000000,
        -0.393701 0.137795 0.000000,
        0.429365 -0.133100 0.000000,
        0.462598 -0.119334 0.000000,
        0.296265 0.097436 0.000000,
        0.274367 0.068898 0.000000,
        0.260601 0.035664 0.000000,
        -0.274367 0.068898 0.000000,
        -0.260601 0.035664 0.000000,
        -0.255906 0.000000 0.000000,
        0.255906 -0.000000 0.000000,
        0.260601 -0.035664 0.000000,
        0.324803 -0.119334 0.000000,
        0.358037 -0.133100 0.000000,
        0.393701 -0.137795 0.000000,
        0.429365 0.133100 0.000000,
        0.393701 0.137795 0.000000,
        0.358037 0.133100 0.000000,
        0.324803 0.119334 0.000000,
        -0.429365 -0.133100 0.000000,
        -0.393701 -0.137795 0.000000,
        -0.358037 -0.133100 0.000000,
        -0.324803 -0.119334 0.000000,
        0.464676 -0.118110 0.000000,
        1.358268 0.782127 0.000000,
        1.366422 0.775870 0.000000,
        0.462598 0.119334 0.000000,
        0.464676 0.118110 0.000000,
        -0.464676 0.118110 0.000000,
        -0.462598 0.119334 0.000000,
        -1.376611 0.758221 0.000000,
        -1.366422 -0.775870 0.000000,
        -1.372678 -0.767717 0.000000,
        -0.462598 -0.119334 0.000000,
        1.376611 -0.758221 0.000000,
        1.372678 -0.767717 0.000000,
        1.366422 -0.775870 0.000000,
        1.358268 -0.782127 0.000000,
        1.348772 -0.786060 0.000000,
        1.348772 0.786060 0.000000,
        1.372678 0.767717 0.000000,
        1.376611 0.758221 0.000000,
        -1.372678 0.767717 0.000000,
        -1.366422 0.775870 0.000000,
        -1.358268 0.782127 0.000000,
        -0.429365 0.133100 0.000000,
        -1.348772 0.786060 0.000000,
        -1.358268 -0.782127 0.000000,
        -0.464676 -0.118110 0.000000,
        -1.376611 -0.758221 0.000000,
        -1.348772 -0.786060 0.000000,
      ]
    }
    coordIndex [
      0, 1, 2, -1,
      2, 1, 3, -1,
      2, 3, 4, -1,
      4, 3, 5, -1,
      4, 5, 6, -1,
      7, 8, 9, -1,
      5, 10, 6, -1,
      6, 10, 11, -1,
      6, 11, 12, -1,
      12, 11, 13, -1,
      12, 13, 14, -1,
      14, 13, 15, -1,
      14, 15, 16, -1,
      16, 15, 17, -1,
      16, 17, 18, -1,
      18, 17, 19, -1,
      18, 19, 20, -1,
      20, 19, 21, -1,
      20, 21, 22, -1,
      22, 21, 23, -1,
      22, 23, 24, -1,
      24, 23, 25, -1,
      24, 25, 26, -1,
      26, 25, 27, -1,
      26, 27, 28, -1,
      28, 27, 29, -1,
      28, 29, 30, -1,
      30, 29, 31, -1,
      30, 31, 32, -1,
      32, 31, 33, -1,
      32, 33, 34, -1,
      34, 33, 35, -1,
      34, 35, 36, -1,
      36, 35, 37, -1,
      36, 37, 38, -1,
      38, 37, 39, -1,
      38, 39, 40, -1,
      40, 39, 41, -1,
      40, 41, 42, -1,
      42, 41, 43, -1,
      42, 43, 8, -1,
      8, 43, 44, -1,
      8, 44, 9, -1,
      45, 46, 47, -1,
      47, 46, 7, -1,
      47, 7, 48, -1,
      48, 7, 9, -1,
      45, 49, 46, -1,
      46, 49, 50, -1,
      46, 50, 51, -1,
      51, 50, 52, -1,
      51, 52, 53, -1,
      53, 52, 54, -1,
      53, 54, 55, -1,
      55, 54, 56, -1,
      55, 56, 57, -1,
      57, 56, 58, -1,
      57, 58, 59, -1,
      59, 58, 60, -1,
      59, 60, 61, -1,
      61, 60, 62, -1,
      61, 62, 63, -1,
      63, 62, 64, -1,
      63, 64, 65, -1,
      65, 64, 66, -1,
      65, 66, 67, -1,
      67, 66, 68, -1,
      67, 68, 69, -1,
      69, 68, 70, -1,
      69, 70, 71, -1,
      71, 70, 72, -1,
      71, 72, 73, -1,
      73, 72, 74, -1,
      73, 74, 75, -1,
      75, 74, 76, -1,
      75, 76, 77, -1,
      77, 76, 78, -1,
      77, 78, 79, -1,
      79, 78, 80, -1,
      79, 80, 81, -1,
      81, 80, 82, -1,
      81, 82, 83, -1,
      83, 82, 84, -1,
      83, 84, 85, -1,
      85, 84, 86, -1,
      85, 86, 2, -1,
      2, 86, 87, -1,
      2, 87, 0, -1,
      88, 89, 4, -1,
      4, 89, 90, -1,
      4, 90, 2, -1,
      2, 90, 91, -1,
      2, 91, 92, -1,
      92, 91, 93, -1,
      46, 94, 95, -1,
      96, 97, 98, -1,
      98, 7, 96, -1,
      96, 7, 46, -1,
      96, 46, 99, -1,
      99, 46, 95, -1,
      95, 94, 100, -1,
      101, 102, 103, -1,
      103, 102, 104, -1,
      101, 103, 105, -1,
      105, 103, 106, -1,
      105, 106, 107, -1,
      108, 109, 106, -1,
      109, 110, 106, -1,
      106, 110, 111, -1,
      106, 111, 107, -1,
      106, 112, 108, -1,
      108, 112, 113, -1,
      108, 113, 114, -1,
      100, 115, 95, -1,
      95, 115, 116, -1,
      95, 116, 117, -1,
      117, 116, 108, -1,
      117, 108, 118, -1,
      118, 108, 114, -1,
      119, 92, 120, -1,
      120, 92, 93, -1,
      120, 93, 121, -1,
      121, 93, 122, -1,
      121, 122, 123, -1,
      104, 124, 103, -1,
      103, 124, 125, -1,
      103, 125, 126, -1,
      126, 125, 127, -1,
      126, 127, 128, -1,
      128, 127, 121, -1,
      128, 121, 129, -1,
      129, 121, 123, -1,
      130, 131, 132, -1,
      132, 131, 133, -1,
      132, 133, 134, -1,
      134, 133, 135, -1,
      134, 135, 136, -1,
      136, 135, 137, -1,
      138, 139, 140, -1,
      140, 139, 106, -1,
      140, 106, 141, -1,
      141, 106, 103, -1,
      141, 103, 142, -1,
      142, 103, 143, -1,
      89, 88, 144, -1,
      135, 145, 146, -1,
      147, 133, 148, -1,
      148, 133, 149, -1,
      150, 151, 152, -1,
      147, 153, 133, -1,
      133, 153, 154, -1,
      133, 154, 135, -1,
      135, 154, 155, -1,
      135, 155, 145, -1,
      146, 156, 135, -1,
      135, 156, 157, -1,
      135, 157, 158, -1,
      158, 157, 152, -1,
      158, 152, 159, -1,
      159, 152, 151, -1,
      160, 98, 161, -1,
      161, 98, 97, -1,
      161, 97, 162, -1,
      163, 164, 165, -1,
      162, 97, 152, -1,
      152, 97, 166, -1,
      152, 166, 150, -1,
      149, 133, 165, -1,
      165, 133, 167, -1,
      165, 167, 163, -1,
      144, 168, 89, -1,
      89, 168, 169, -1,
      89, 169, 170, -1,
      170, 169, 165, -1,
      170, 165, 171, -1,
      171, 165, 164, -1,
      172, 173, 174, -1,
      174, 173, 175, -1,
      174, 175, 176, -1,
      177, 178, 90, -1,
      90, 178, 179, -1,
      90, 179, 91, -1,
      91, 179, 180, -1,
      96, 181, 182, -1,
      183, 184, 177, -1,
      177, 184, 185, -1,
      177, 185, 186, -1,
      186, 185, 187, -1,
      187, 185, 188, -1,
      188, 185, 189, -1,
      188, 189, 175, -1,
      175, 189, 190, -1,
      175, 190, 176, -1,
      174, 191, 99, -1,
      99, 191, 192, -1,
      99, 192, 96, -1,
      96, 192, 193, -1,
      96, 193, 181, -1,
      194, 195, 90, -1,
      90, 195, 196, -1,
      90, 196, 177, -1,
      177, 196, 197, -1,
      177, 197, 183, -1,
      198, 199, 99, -1,
      99, 199, 200, -1,
      99, 200, 174, -1,
      174, 200, 201, -1,
      174, 201, 172, -1,
      202, 136, 182, -1,
      182, 136, 137, -1,
      203, 204, 205, -1,
      130, 206, 131, -1,
      131, 206, 205, -1,
      207, 142, 208, -1,
      208, 142, 143, -1,
      208, 143, 209, -1,
      210, 211, 212, -1,
      137, 213, 182, -1,
      182, 213, 214, -1,
      182, 214, 215, -1,
      215, 216, 182, -1,
      182, 216, 217, -1,
      182, 217, 96, -1,
      194, 90, 205, -1,
      205, 90, 218, -1,
      205, 218, 203, -1,
      204, 219, 205, -1,
      205, 219, 220, -1,
      205, 220, 131, -1,
      209, 221, 208, -1,
      208, 221, 222, -1,
      208, 222, 223, -1,
      180, 224, 91, -1,
      91, 224, 208, -1,
      91, 208, 225, -1,
      225, 208, 223, -1,
      210, 212, 226, -1,
      138, 227, 139, -1,
      139, 227, 212, -1,
      139, 212, 228, -1,
      228, 212, 211, -1,
      198, 99, 212, -1,
      212, 99, 229, -1,
      212, 229, 226, -1,
      8, 160, 42, -1,
      42, 160, 161, -1,
      42, 161, 40, -1,
      40, 161, 162, -1,
      40, 162, 38, -1,
      38, 162, 152, -1,
      38, 152, 36, -1,
      36, 152, 157, -1,
      36, 157, 34, -1,
      34, 157, 156, -1,
      34, 156, 32, -1,
      32, 156, 146, -1,
      32, 146, 30, -1,
      30, 146, 145, -1,
      30, 145, 28, -1,
      28, 145, 155, -1,
      67, 105, 65, -1,
      65, 105, 107, -1,
      65, 107, 63, -1,
      63, 107, 111, -1,
      63, 111, 61, -1,
      61, 111, 110, -1,
      61, 110, 59, -1,
      59, 110, 109, -1,
      59, 109, 57, -1,
      57, 109, 108, -1,
      57, 108, 55, -1,
      55, 108, 116, -1,
      55, 116, 53, -1,
      53, 116, 115, -1,
      53, 115, 51, -1,
      51, 115, 100, -1,
      67, 69, 105, -1,
      105, 69, 101, -1,
      85, 119, 83, -1,
      83, 119, 120, -1,
      83, 120, 81, -1,
      81, 120, 121, -1,
      81, 121, 79, -1,
      79, 121, 127, -1,
      79, 127, 77, -1,
      77, 127, 125, -1,
      77, 125, 75, -1,
      75, 125, 124, -1,
      75, 124, 73, -1,
      73, 124, 104, -1,
      73, 104, 71, -1,
      71, 104, 102, -1,
      71, 102, 69, -1,
      69, 102, 101, -1,
      26, 154, 24, -1,
      24, 154, 153, -1,
      24, 153, 22, -1,
      22, 153, 147, -1,
      22, 147, 20, -1,
      20, 147, 148, -1,
      20, 148, 18, -1,
      18, 148, 149, -1,
      18, 149, 16, -1,
      16, 149, 165, -1,
      16, 165, 14, -1,
      14, 165, 169, -1,
      14, 169, 12, -1,
      12, 169, 168, -1,
      12, 168, 6, -1,
      6, 168, 144, -1,
      26, 28, 154, -1,
      154, 28, 155, -1,
    ]
  }
}

Shape {
  appearance Appearance {
    material Material {
      diffuseColor 0.5255 0.5255 0.5255
      specularColor 0.1490 0.1490 0.1490
      ambientIntensity 0.2
      transparency 0.0000
      shininess 0.5
    }
  }
  geometry IndexedFaceSet {
    ccw TRUE
    solid FALSE
    coord DEF co Coordinate {
      point [
        -0.448241 0.610236 0.314961,
        -0.598425 0.610236 0.314961,
        -0.598425 0.610236 0.403980,
        -0.248545 0.610236 0.314961,
        -0.198563 0.610236 0.314961,
        0.598425 0.610236 0.708661,
        0.004878 0.610236 0.708661,
        0.598425 0.610236 0.564087,
        0.598425 0.610236 0.509807,
        0.598425 0.610236 0.425125,
        0.598425 0.610236 0.494156,
        0.004878 0.610236 0.314961,
        0.598425 0.610236 0.314961,
        0.598425 0.610236 0.403980,
        -0.085002 0.610236 0.708661,
        -0.049702 0.610236 0.708661,
        -0.181698 0.610236 0.314961,
        -0.131716 0.610236 0.314961,
        -0.119271 0.610236 0.314961,
        -0.094874 0.610236 0.314961,
        -0.085002 0.610236 0.314961,
        -0.049702 0.610236 0.314961,
        -0.046502 0.610236 0.314961,
        -0.598425 0.610236 0.425125,
        -0.598425 0.610236 0.494156,
        -0.598425 0.610236 0.509807,
        -0.598425 0.610236 0.564087,
        -0.046502 0.610236 0.708661,
        -0.598425 0.610236 0.708661,
        -0.448241 0.610236 0.708661,
        -0.248545 0.610236 0.708661,
        -0.198563 0.610236 0.708661,
        -0.181698 0.610236 0.708661,
        -0.131716 0.610236 0.708661,
        -0.119271 0.610236 0.708661,
        -0.094874 0.610236 0.708661,
        -0.834062 -0.682212 0.236220,
        -0.865893 -0.634262 0.236220,
        -0.925270 -0.632409 0.236220,
        -0.927622 -0.604137 0.236220,
        -1.008461 -0.570133 0.236220,
        -0.986003 -0.567949 0.236220,
        -1.040443 -0.526064 0.236220,
        -1.081944 -0.496650 0.236220,
        -1.090387 -0.478909 0.236220,
        -1.135328 -0.426963 0.236220,
        1.135328 -0.426963 0.236220,
        1.090387 -0.478909 0.236220,
        1.081944 -0.496650 0.236220,
        1.040443 -0.526064 0.236220,
        1.008461 -0.570133 0.236220,
        0.986003 -0.567949 0.236220,
        0.925270 -0.632409 0.236220,
        0.927622 -0.604137 0.236220,
        0.834062 -0.682212 0.236220,
        0.865893 -0.634262 0.236220,
        0.801443 -0.658016 0.236220,
        0.736695 -0.718528 0.236220,
        0.734928 -0.675157 0.236220,
        0.635150 -0.740618 0.236220,
        0.667026 -0.685513 0.236220,
        0.598425 -0.688976 0.236220,
        0.531496 -0.748031 0.236220,
        -0.531496 -0.748031 0.236220,
        -0.598425 -0.688976 0.236220,
        -0.635150 -0.740618 0.236220,
        -0.667026 -0.685513 0.236220,
        -0.736695 -0.718528 0.236220,
        -0.734928 -0.675157 0.236220,
        -0.801443 -0.658016 0.236220,
        1.008461 0.570133 0.236220,
        1.040443 0.526064 0.236220,
        1.081944 0.496650 0.236220,
        1.090387 0.478909 0.236220,
        1.135328 0.426963 0.236220,
        0.834062 0.682212 0.236220,
        0.865893 0.634262 0.236220,
        0.925270 0.632409 0.236220,
        0.927622 0.604137 0.236220,
        0.986003 0.567949 0.236220,
        -1.135328 0.426963 0.236220,
        -1.090387 0.478909 0.236220,
        -1.081944 0.496650 0.236220,
        -1.040443 0.526064 0.236220,
        -1.008461 0.570133 0.236220,
        -0.986003 0.567949 0.236220,
        -0.925270 0.632409 0.236220,
        -0.927622 0.604137 0.236220,
        -0.834062 0.682212 0.236220,
        -0.865893 0.634262 0.236220,
        -0.801443 0.658016 0.236220,
        -0.736695 0.718528 0.236220,
        -0.734928 0.675157 0.236220,
        -0.635150 0.740618 0.236220,
        -0.667026 0.685513 0.236220,
        -0.598425 0.688976 0.236220,
        -0.531496 0.748031 0.236220,
        0.531496 0.748031 0.236220,
        0.598425 0.688976 0.236220,
        0.635150 0.740618 0.236220,
        0.667026 0.685513 0.236220,
        0.736695 0.718528 0.236220,
        0.734928 0.675157 0.236220,
        0.801443 0.658016 0.236220,
        -0.635150 0.740618 0.118110,
        -0.531496 0.748031 0.118110,
        -0.885827 0.787402 0.118110,
        0.531496 0.748031 0.118110,
        0.885827 0.787402 0.118110,
        0.635150 0.740618 0.118110,
        0.885827 0.722956 0.118110,
        0.885827 -0.787402 0.118110,
        0.885827 -0.722956 0.118110,
        0.736695 -0.718528 0.118110,
        0.736695 0.718528 0.118110,
        0.834062 0.682212 0.118110,
        0.925270 0.632409 0.118110,
        1.008461 0.570133 0.118110,
        1.081944 0.496650 0.118110,
        1.144220 0.413459 0.118110,
        1.194023 0.322251 0.118110,
        1.230339 0.224884 0.118110,
        1.252429 0.123339 0.118110,
        1.259843 0.019685 0.118110,
        1.259843 -0.019685 0.118110,
        1.252429 -0.123339 0.118110,
        1.230339 -0.224884 0.118110,
        1.194023 -0.322251 0.118110,
        1.144220 -0.413459 0.118110,
        1.081944 -0.496650 0.118110,
        1.008461 -0.570133 0.118110,
        0.925270 -0.632409 0.118110,
        0.834062 -0.682212 0.118110,
        -0.531496 -0.748031 0.118110,
        -0.885827 -0.787402 0.118110,
        0.531496 -0.748031 0.118110,
        0.635150 -0.740618 0.118110,
        -0.635150 -0.740618 0.118110,
        -0.736695 -0.718528 0.118110,
        -0.885827 -0.722956 0.118110,
        -0.834062 -0.682212 0.118110,
        -0.925270 -0.632409 0.118110,
        -1.008461 -0.570133 0.118110,
        -1.081944 -0.496650 0.118110,
        -1.144220 -0.413459 0.118110,
        -1.194023 -0.322251 0.118110,
        -1.230339 -0.224884 0.118110,
        -1.252429 -0.123339 0.118110,
        -1.259843 -0.019685 0.118110,
        -1.259843 0.019685 0.118110,
        -1.252429 0.123339 0.118110,
        -1.230339 0.224884 0.118110,
        -1.194023 0.322251 0.118110,
        -1.144220 0.413459 0.118110,
        -1.081944 0.496650 0.118110,
        -1.008461 0.570133 0.118110,
        -0.925270 0.632409 0.118110,
        -0.885827 0.722956 0.118110,
        -0.834062 0.682212 0.118110,
        -0.736695 0.718528 0.118110,
        0.885827 0.787402 0.196850,
        -0.885827 0.787402 0.196850,
        -0.885827 -0.787402 0.196850,
        0.885827 -0.787402 0.196850,
        -0.885827 -0.722956 0.196850,
        -0.885827 0.722956 0.196850,
        0.885827 0.722956 0.196850,
        0.885827 -0.722956 0.196850,
        1.259843 0.019685 0.236220,
        1.256722 0.063308 0.236220,
        1.253615 0.106760 0.236220,
        1.230988 0.221902 0.236220,
        1.237448 0.192204 0.236220,
        1.246724 0.149567 0.236220,
        1.252429 0.123339 0.236220,
        1.194023 0.322251 0.236220,
        1.200529 0.304809 0.236220,
        1.215938 0.263494 0.236220,
        1.230339 0.224884 0.236220,
        1.181864 0.344520 0.236220,
        1.160700 0.383278 0.236220,
        1.138720 0.421811 0.236220,
        1.144220 0.413459 0.236220,
        -1.138720 0.421811 0.236220,
        -1.194023 0.322251 0.236220,
        -1.181864 0.344520 0.236220,
        -1.160700 0.383278 0.236220,
        -1.144220 0.413459 0.236220,
        -1.200529 0.304809 0.236220,
        -1.215938 0.263494 0.236220,
        -1.246724 0.149567 0.236220,
        -1.237448 0.192204 0.236220,
        -1.230988 0.221902 0.236220,
        -1.230339 0.224884 0.236220,
        -1.259843 0.019685 0.236220,
        -1.256722 0.063308 0.236220,
        -1.253615 0.106760 0.236220,
        -1.252429 0.123339 0.236220,
        -1.259843 0.013777 0.236220,
        -1.259843 -0.019685 0.236220,
        -1.259843 -0.013784 0.236220,
        -1.259843 -0.007874 0.236220,
        -1.259843 0.007874 0.236220,
        -1.256722 -0.063308 0.236220,
        -1.253615 -0.106760 0.236220,
        -1.230988 -0.221902 0.236220,
        -1.237448 -0.192204 0.236220,
        -1.246724 -0.149567 0.236220,
        -1.252429 -0.123339 0.236220,
        -1.194023 -0.322251 0.236220,
        -1.200529 -0.304809 0.236220,
        -1.215938 -0.263494 0.236220,
        -1.230339 -0.224884 0.236220,
        -1.181864 -0.344520 0.236220,
        -1.160700 -0.383278 0.236220,
        -1.138720 -0.421811 0.236220,
        -1.144220 -0.413459 0.236220,
        1.138720 -0.421811 0.236220,
        1.194023 -0.322251 0.236220,
        1.181864 -0.344520 0.236220,
        1.160700 -0.383278 0.236220,
        1.144220 -0.413459 0.236220,
        1.200529 -0.304809 0.236220,
        1.215938 -0.263494 0.236220,
        1.246724 -0.149567 0.236220,
        1.237448 -0.192204 0.236220,
        1.230988 -0.221902 0.236220,
        1.230339 -0.224884 0.236220,
        1.259843 -0.019685 0.236220,
        1.256722 -0.063308 0.236220,
        1.253615 -0.106760 0.236220,
        1.252429 -0.123339 0.236220,
        1.259843 -0.013777 0.236220,
        1.259843 0.013784 0.236220,
        1.259843 0.007874 0.236220,
        1.259843 -0.007874 0.236220,
        1.200787 0.007874 0.312460,
        1.200765 0.013101 0.312467,
        1.200787 0.007874 0.708661,
        1.200697 0.018320 0.312487,
        1.197000 0.075317 0.708661,
        0.659095 0.607173 0.314961,
        0.692541 0.602072 0.314961,
        0.665869 0.606449 0.708661,
        0.692503 0.601923 0.708661,
        0.719148 0.598015 0.314961,
        0.732463 0.595134 0.708661,
        0.777972 0.582855 0.314961,
        0.784398 0.580172 0.708661,
        0.784458 0.580465 0.314961,
        0.797373 0.576433 0.708661,
        0.834971 0.561847 0.314961,
        0.859780 0.550583 0.708661,
        0.871595 0.543974 0.314961,
        0.871599 0.544052 0.708661,
        0.889565 0.535205 0.314961,
        0.918901 0.517909 0.708661,
        0.941196 0.503200 0.314961,
        0.952156 0.494768 0.314961,
        0.951958 0.494454 0.708661,
        0.989343 0.466157 0.314961,
        0.973992 0.478820 0.708661,
        1.024004 0.433432 0.314961,
        1.024359 0.433808 0.708661,
        1.033513 0.424454 0.314961,
        1.069371 0.383441 0.708661,
        1.073258 0.378514 0.314961,
        1.108460 0.328350 0.708661,
        1.099572 0.342077 0.314887,
        1.085005 0.361407 0.708661,
        1.085497 0.361755 0.314931,
        1.076604 0.374187 0.314959,
        1.170723 0.193846 0.708661,
        1.169185 0.200420 0.313861,
        1.166985 0.206822 0.708661,
        1.155195 0.237760 0.314187,
        1.141135 0.269229 0.708661,
        1.138895 0.273830 0.314480,
        1.134603 0.281047 0.708661,
        1.134943 0.281239 0.314531,
        1.120342 0.308612 0.314720,
        1.185685 0.141912 0.708661,
        1.177362 0.174225 0.313629,
        1.171195 0.193980 0.313804,
        1.198698 0.058005 0.312715,
        1.194121 0.097243 0.312990,
        1.192474 0.101952 0.708661,
        1.193233 0.102079 0.313029,
        1.187004 0.135997 0.313300,
        -1.200787 0.007874 0.312460,
        -1.200787 0.007874 0.708661,
        -1.200765 0.013094 0.312467,
        -1.200697 0.018320 0.312487,
        -1.198698 0.058005 0.312715,
        -1.197000 0.075317 0.708661,
        -1.194121 0.097243 0.312990,
        -1.192474 0.101952 0.708661,
        -1.193233 0.102079 0.313029,
        -1.187004 0.135997 0.313300,
        -1.185685 0.141912 0.708661,
        -1.177362 0.174225 0.313629,
        -1.170723 0.193846 0.708661,
        -1.171195 0.193980 0.313804,
        -1.108460 0.328350 0.708661,
        -1.120342 0.308612 0.314720,
        -1.134603 0.281047 0.708661,
        -1.134943 0.281239 0.314531,
        -1.141135 0.269229 0.708661,
        -1.138895 0.273830 0.314480,
        -1.166985 0.206822 0.708661,
        -1.155195 0.237760 0.314187,
        -1.169185 0.200420 0.313861,
        -1.024359 0.433808 0.708661,
        -1.024004 0.433432 0.314961,
        -1.033513 0.424454 0.314961,
        -1.069371 0.383441 0.708661,
        -1.073258 0.378514 0.314961,
        -1.076604 0.374187 0.314959,
        -1.085005 0.361407 0.708661,
        -1.085497 0.361755 0.314931,
        -1.099572 0.342077 0.314887,
        -0.989343 0.466157 0.314961,
        -0.973992 0.478820 0.708661,
        -0.952156 0.494768 0.314961,
        -0.951958 0.494454 0.708661,
        -0.941196 0.503200 0.314961,
        -0.918901 0.517909 0.708661,
        -0.889565 0.535205 0.314961,
        -0.871599 0.544052 0.708661,
        -0.871595 0.543974 0.314961,
        -0.859780 0.550583 0.708661,
        -0.834971 0.561847 0.314961,
        -0.797373 0.576433 0.708661,
        -0.784458 0.580465 0.314961,
        -0.784398 0.580172 0.708661,
        -0.777972 0.582855 0.314961,
        -0.732463 0.595134 0.708661,
        -0.719148 0.598015 0.314961,
        -0.692541 0.602072 0.314961,
        -0.692503 0.601923 0.708661,
        -0.665869 0.606449 0.708661,
        -0.659095 0.607173 0.314961,
        -1.200787 -0.007874 0.312460,
        -1.200787 -0.007874 0.708661,
        -1.200765 -0.013101 0.312467,
        -1.200697 -0.018320 0.312487,
        -1.197000 -0.075317 0.708661,
        -0.598425 -0.610236 0.314961,
        -0.598425 -0.610236 0.708661,
        -0.659095 -0.607173 0.314961,
        -0.665869 -0.606449 0.708661,
        -0.692541 -0.602072 0.314961,
        -0.692503 -0.601923 0.708661,
        -0.719148 -0.598015 0.314961,
        -0.732463 -0.595134 0.708661,
        -0.777972 -0.582855 0.314961,
        -0.784398 -0.580172 0.708661,
        -0.784458 -0.580465 0.314961,
        -0.797373 -0.576433 0.708661,
        -0.834971 -0.561847 0.314961,
        -0.859780 -0.550583 0.708661,
        -0.871595 -0.543974 0.314961,
        -0.871599 -0.544052 0.708661,
        -0.889565 -0.535205 0.314961,
        -0.918901 -0.517909 0.708661,
        -0.941196 -0.503200 0.314961,
        -0.952156 -0.494768 0.314961,
        -0.951958 -0.494454 0.708661,
        -0.989343 -0.466157 0.314961,
        -0.973992 -0.478820 0.708661,
        -1.024004 -0.433432 0.314961,
        -1.024359 -0.433808 0.708661,
        -1.033513 -0.424454 0.314961,
        -1.069371 -0.383441 0.708661,
        -1.073258 -0.378514 0.314961,
        -1.108460 -0.328350 0.708661,
        -1.099572 -0.342077 0.314887,
        -1.085005 -0.361407 0.708661,
        -1.085497 -0.361755 0.314931,
        -1.076604 -0.374187 0.314959,
        -1.170723 -0.193846 0.708661,
        -1.169185 -0.200420 0.313861,
        -1.166985 -0.206822 0.708661,
        -1.155195 -0.237760 0.314187,
        -1.141135 -0.269229 0.708661,
        -1.138895 -0.273830 0.314480,
        -1.134603 -0.281047 0.708661,
        -1.134943 -0.281239 0.314531,
        -1.120342 -0.308612 0.314720,
        -1.185685 -0.141912 0.708661,
        -1.177362 -0.174225 0.313629,
        -1.171195 -0.193980 0.313804,
        -1.198698 -0.058005 0.312715,
        -1.194121 -0.097243 0.312990,
        -1.192474 -0.101952 0.708661,
        -1.193233 -0.102079 0.313029,
        -1.187004 -0.135997 0.313300,
        0.598425 -0.610236 0.314961,
        0.598425 -0.610236 0.708661,
        1.200787 -0.007874 0.312460,
        1.200787 -0.007874 0.708661,
        1.200765 -0.013094 0.312467,
        1.200697 -0.018320 0.312487,
        1.198698 -0.058005 0.312715,
        1.197000 -0.075317 0.708661,
        1.194121 -0.097243 0.312990,
        1.192474 -0.101952 0.708661,
        1.193233 -0.102079 0.313029,
        1.187004 -0.135997 0.313300,
        1.185685 -0.141912 0.708661,
        1.177362 -0.174225 0.313629,
        1.170723 -0.193846 0.708661,
        1.171195 -0.193980 0.313804,
        1.108460 -0.328350 0.708661,
        1.120342 -0.308612 0.314720,
        1.134603 -0.281047 0.708661,
        1.134943 -0.281239 0.314531,
        1.141135 -0.269229 0.708661,
        1.138895 -0.273830 0.314480,
        1.166985 -0.206822 0.708661,
        1.155195 -0.237760 0.314187,
        1.169185 -0.200420 0.313861,
        1.069371 -0.383441 0.708661,
        1.024359 -0.433808 0.708661,
        1.033513 -0.424454 0.314961,
        1.073258 -0.378514 0.314961,
        1.076604 -0.374187 0.314959,
        1.085005 -0.361407 0.708661,
        1.085497 -0.361755 0.314931,
        1.099572 -0.342077 0.314887,
        0.732463 -0.595134 0.708661,
        0.777972 -0.582855 0.314961,
        0.784398 -0.580172 0.708661,
        0.784458 -0.580465 0.314961,
        0.797373 -0.576433 0.708661,
        0.834971 -0.561847 0.314961,
        0.859780 -0.550583 0.708661,
        0.871595 -0.543974 0.314961,
        0.871599 -0.544052 0.708661,
        0.889565 -0.535205 0.314961,
        0.918901 -0.517909 0.708661,
        0.941196 -0.503200 0.314961,
        0.951958 -0.494454 0.708661,
        0.952156 -0.494768 0.314961,
        0.973992 -0.478820 0.708661,
        0.989343 -0.466157 0.314961,
        1.024004 -0.433432 0.314961,
        0.665869 -0.606449 0.708661,
        0.659095 -0.607173 0.314961,
        0.692503 -0.601923 0.708661,
        0.692541 -0.602072 0.314961,
        0.719148 -0.598015 0.314961,
        1.118755 -0.066501 0.787402,
        -1.122047 0.007874 0.787402,
        -1.122047 -0.007874 0.787402,
        0.598425 0.531496 0.787402,
        1.122047 -0.007874 0.787402,
        -1.118755 -0.066501 0.787402,
        -1.108919 -0.124391 0.787402,
        -0.598425 -0.531496 0.787402,
        1.122047 0.007874 0.787402,
        1.118755 0.066501 0.787402,
        1.108919 0.124391 0.787402,
        -0.968682 -0.378131 0.787402,
        -1.007809 -0.334347 0.787402,
        -1.041789 -0.286458 0.787402,
        0.714942 -0.518368 0.787402,
        0.771367 -0.502112 0.787402,
        1.070193 -0.235065 0.787402,
        1.092663 -0.180815 0.787402,
        1.108919 -0.124391 0.787402,
        0.598425 -0.531496 0.787402,
        -0.598425 0.531496 0.787402,
        -0.657052 0.528204 0.787402,
        -1.041789 0.286458 0.787402,
        -0.924898 0.417258 0.787402,
        -1.007809 0.334347 0.787402,
        -0.968682 0.378131 0.787402,
        -1.070193 0.235065 0.787402,
        -1.092663 0.180815 0.787402,
        -1.108919 0.124391 0.787402,
        -1.092663 -0.180815 0.787402,
        -1.070193 -0.235065 0.787402,
        -0.714942 0.518368 0.787402,
        -0.771367 0.502112 0.787402,
        -0.825616 0.479641 0.787402,
        -0.877009 0.451237 0.787402,
        -1.118755 0.066501 0.787402,
        -0.771367 -0.502112 0.787402,
        -0.714942 -0.518368 0.787402,
        -0.825616 -0.479641 0.787402,
        -0.877009 -0.451237 0.787402,
        -0.924898 -0.417258 0.787402,
        -0.657052 -0.528204 0.787402,
        0.657052 -0.528204 0.787402,
        1.092663 0.180815 0.787402,
        1.070193 0.235065 0.787402,
        1.041789 0.286458 0.787402,
        0.825616 -0.479641 0.787402,
        1.007809 -0.334347 0.787402,
        1.041789 -0.286458 0.787402,
        0.877009 -0.451237 0.787402,
        0.924898 -0.417258 0.787402,
        0.968682 -0.378131 0.787402,
        1.007809 0.334347 0.787402,
        0.968682 0.378131 0.787402,
        0.924898 0.417258 0.787402,
        0.825616 0.479641 0.787402,
        0.771367 0.502112 0.787402,
        0.714942 0.518368 0.787402,
        0.877009 0.451237 0.787402,
        0.657052 0.528204 0.787402,
        -0.598425 -0.668597 0.238904,
        0.598425 -0.668597 0.238904,
        -0.598425 -0.649606 0.246770,
        0.598425 -0.649606 0.246770,
        -0.598425 -0.633299 0.259283,
        0.598425 -0.633299 0.259283,
        -0.598425 -0.620785 0.275591,
        0.598425 -0.620785 0.275591,
        -0.598425 -0.612919 0.294581,
        0.598425 -0.612919 0.294581,
        1.035451 -0.426309 0.294581,
        1.075373 -0.380165 0.294581,
        0.991084 -0.468199 0.294581,
        0.942723 -0.505406 0.294581,
        0.890861 -0.537554 0.294581,
        0.836025 -0.564315 0.294581,
        0.778772 -0.585416 0.294581,
        0.719685 -0.600644 0.294581,
        0.659365 -0.609843 0.294581,
        0.660157 -0.617669 0.275591,
        0.721262 -0.608350 0.275591,
        0.781117 -0.592924 0.275591,
        0.839114 -0.571549 0.275591,
        0.894663 -0.544440 0.275591,
        0.947200 -0.511875 0.275591,
        0.996189 -0.474183 0.275591,
        1.041133 -0.431750 0.275591,
        1.081574 -0.385005 0.275591,
        0.661418 -0.630118 0.259283,
        0.723770 -0.620609 0.259283,
        0.784847 -0.604869 0.259283,
        0.844028 -0.583057 0.259283,
        0.900711 -0.555395 0.259283,
        0.954320 -0.522165 0.259283,
        1.004309 -0.483704 0.259283,
        1.050171 -0.440404 0.259283,
        1.091438 -0.392704 0.259283,
        0.663060 -0.646343 0.246770,
        0.727038 -0.636586 0.246770,
        0.789707 -0.620435 0.246770,
        0.850432 -0.598054 0.246770,
        0.908593 -0.569671 0.246770,
        0.963600 -0.535574 0.246770,
        1.014893 -0.496111 0.246770,
        1.061950 -0.451681 0.246770,
        1.104293 -0.402739 0.246770,
        0.664973 -0.665237 0.238904,
        0.730844 -0.655192 0.238904,
        0.795368 -0.638563 0.238904,
        0.857889 -0.615520 0.238904,
        0.917772 -0.586296 0.238904,
        0.974407 -0.551191 0.238904,
        1.027217 -0.510559 0.238904,
        1.075667 -0.464815 0.238904,
        1.119263 -0.414424 0.238904,
        -0.659365 -0.609843 0.294581,
        -0.719685 -0.600644 0.294581,
        -0.778772 -0.585416 0.294581,
        -0.836025 -0.564315 0.294581,
        -0.890861 -0.537554 0.294581,
        -0.942723 -0.505406 0.294581,
        -0.991084 -0.468199 0.294581,
        -1.035451 -0.426309 0.294581,
        -1.075373 -0.380165 0.294581,
        -1.081574 -0.385005 0.275591,
        -1.041133 -0.431750 0.275591,
        -0.996189 -0.474183 0.275591,
        -0.947200 -0.511875 0.275591,
        -0.894663 -0.544440 0.275591,
        -0.839114 -0.571549 0.275591,
        -0.781117 -0.592924 0.275591,
        -0.721262 -0.608350 0.275591,
        -0.660157 -0.617669 0.275591,
        -1.091438 -0.392704 0.259283,
        -1.050171 -0.440404 0.259283,
        -1.004309 -0.483704 0.259283,
        -0.954320 -0.522165 0.259283,
        -0.900711 -0.555395 0.259283,
        -0.844028 -0.583057 0.259283,
        -0.784847 -0.604869 0.259283,
        -0.723770 -0.620609 0.259283,
        -0.661418 -0.630118 0.259283,
        -1.104293 -0.402739 0.246770,
        -1.061950 -0.451681 0.246770,
        -1.014893 -0.496111 0.246770,
        -0.963600 -0.535574 0.246770,
        -0.908593 -0.569671 0.246770,
        -0.850432 -0.598054 0.246770,
        -0.789707 -0.620435 0.246770,
        -0.727038 -0.636586 0.246770,
        -0.663060 -0.646343 0.246770,
        -1.119263 -0.414424 0.238904,
        -1.075667 -0.464815 0.238904,
        -1.027217 -0.510559 0.238904,
        -0.974407 -0.551191 0.238904,
        -0.917772 -0.586296 0.238904,
        -0.857889 -0.615520 0.238904,
        -0.795368 -0.638563 0.238904,
        -0.730844 -0.655192 0.238904,
        -0.664973 -0.665237 0.238904,
        1.188959 -0.136554 0.295539,
        1.171174 -0.201233 0.295609,
        1.214491 -0.216272 0.241372,
        1.122397 -0.309900 0.295332,
        1.184870 -0.296952 0.240618,
        1.078715 -0.375813 0.294648,
        1.122644 -0.409491 0.238995,
        1.084914 -0.380570 0.275713,
        1.101654 -0.343531 0.295054,
        1.107826 -0.347709 0.276500,
        1.094780 -0.388137 0.259433,
        1.140927 -0.274958 0.295504,
        1.128528 -0.313531 0.277137,
        1.117690 -0.354340 0.260421,
        1.107648 -0.397999 0.246911,
        1.157205 -0.238730 0.295590,
        1.147004 -0.278069 0.277646,
        1.138356 -0.319279 0.261257,
        1.130611 -0.362998 0.247854,
        1.163219 -0.241346 0.278045,
        1.156768 -0.282979 0.261959,
        1.151275 -0.326791 0.248669,
        1.145754 -0.373124 0.239610,
        1.179337 -0.174933 0.295592,
        1.177119 -0.203374 0.278351,
        1.172898 -0.245459 0.262545,
        1.169643 -0.289400 0.249370,
        1.166491 -0.335604 0.240149,
        1.185232 -0.176760 0.278514,
        1.186696 -0.206725 0.263027,
        1.185693 -0.250837 0.249967,
        1.223391 -0.102046 0.251420,
        1.231538 -0.146219 0.241833,
        1.238152 -0.104323 0.242041,
        1.196057 -0.097651 0.295465,
        1.194780 -0.137945 0.278693,
        1.194733 -0.179608 0.263304,
        1.199384 -0.211104 0.250473,
        1.200881 -0.257175 0.241024,
        1.215430 -0.059679 0.264083,
        1.227604 -0.060767 0.251646,
        1.242208 -0.062040 0.242204,
        1.222368 -0.187718 0.241580,
        1.216633 -0.142906 0.251131,
        1.211069 -0.100114 0.263888,
        1.206284 -0.058831 0.278905,
        1.207335 -0.183327 0.250770,
        1.204166 -0.140100 0.263632,
        1.201802 -0.098624 0.278820,
        1.200614 -0.058264 0.295385,
        1.202592 -0.018429 0.295310,
        1.208187 -0.018599 0.278960,
        1.217215 -0.018821 0.264226,
        1.229238 -0.019085 0.251816,
        1.243680 -0.019378 0.242328,
        -1.231538 -0.146219 0.241833,
        -1.196057 -0.097651 0.295465,
        -1.179337 -0.174933 0.295592,
        -1.200881 -0.257175 0.241024,
        -1.166491 -0.335604 0.240149,
        -1.140927 -0.274958 0.295504,
        -1.101654 -0.343531 0.295054,
        -1.078715 -0.375813 0.294648,
        -1.122644 -0.409491 0.238995,
        -1.145754 -0.373124 0.239610,
        -1.107648 -0.397999 0.246911,
        -1.130611 -0.362998 0.247854,
        -1.094780 -0.388137 0.259433,
        -1.184870 -0.296952 0.240618,
        -1.151275 -0.326791 0.248669,
        -1.117690 -0.354340 0.260421,
        -1.084914 -0.380570 0.275713,
        -1.169643 -0.289400 0.249370,
        -1.138356 -0.319279 0.261257,
        -1.107826 -0.347709 0.276500,
        -1.214491 -0.216272 0.241372,
        -1.185693 -0.250837 0.249967,
        -1.156768 -0.282979 0.261959,
        -1.128528 -0.313531 0.277137,
        -1.222368 -0.187718 0.241580,
        -1.199384 -0.211104 0.250473,
        -1.172898 -0.245459 0.262545,
        -1.147004 -0.278069 0.277646,
        -1.122397 -0.309900 0.295332,
        -1.207335 -0.183327 0.250770,
        -1.186696 -0.206725 0.263027,
        -1.163219 -0.241346 0.278045,
        -1.238152 -0.104323 0.242041,
        -1.216633 -0.142906 0.251131,
        -1.194733 -0.179608 0.263304,
        -1.177119 -0.203374 0.278351,
        -1.157205 -0.238730 0.295590,
        -1.200614 -0.058264 0.295385,
        -1.206284 -0.058831 0.278905,
        -1.188959 -0.136554 0.295539,
        -1.201802 -0.098624 0.278820,
        -1.215430 -0.059679 0.264083,
        -1.194780 -0.137945 0.278693,
        -1.211069 -0.100114 0.263888,
        -1.227604 -0.060767 0.251646,
        -1.171174 -0.201233 0.295609,
        -1.185232 -0.176760 0.278514,
        -1.204166 -0.140100 0.263632,
        -1.223391 -0.102046 0.251420,
        -1.242208 -0.062040 0.242204,
        -1.243680 -0.019378 0.242328,
        -1.229238 -0.019085 0.251816,
        -1.217215 -0.018821 0.264226,
        -1.208187 -0.018599 0.278960,
        -1.202592 -0.018429 0.295310,
        1.202658 -0.013149 0.295303,
        1.208246 -0.013234 0.278965,
        1.217262 -0.013345 0.264238,
        1.229271 -0.013477 0.251830,
        1.243696 -0.013623 0.242339,
        1.202680 -0.007874 0.295301,
        1.208266 -0.007874 0.278967,
        1.217278 -0.007874 0.264242,
        1.229282 -0.007874 0.251835,
        1.243701 -0.007874 0.242343,
        -1.243696 -0.013630 0.242339,
        -1.229271 -0.013484 0.251830,
        -1.217262 -0.013352 0.264238,
        -1.208246 -0.013241 0.278965,
        -1.202658 -0.013156 0.295303,
        -1.243701 -0.007874 0.242343,
        -1.229282 -0.007874 0.251835,
        -1.217278 -0.007874 0.264242,
        -1.208266 -0.007874 0.278967,
        -1.202680 -0.007874 0.295301,
        1.202680 0.007874 0.295301,
        1.208266 0.007874 0.278967,
        1.217278 0.007874 0.264242,
        1.229282 0.007874 0.251835,
        1.243701 0.007874 0.242343,
        -1.202680 0.007874 0.295301,
        -1.208266 0.007874 0.278967,
        -1.217278 0.007874 0.264242,
        -1.229282 0.007874 0.251835,
        -1.243701 0.007874 0.242343,
        1.243696 0.013630 0.242339,
        1.243680 0.019378 0.242328,
        1.229271 0.013484 0.251830,
        1.229238 0.019085 0.251816,
        1.217262 0.013352 0.264238,
        1.217215 0.018821 0.264226,
        1.208246 0.013241 0.278965,
        1.208187 0.018599 0.278960,
        1.202658 0.013156 0.295303,
        1.202592 0.018429 0.295310,
        -1.202658 0.013149 0.295303,
        -1.202592 0.018429 0.295310,
        -1.208246 0.013234 0.278965,
        -1.208187 0.018599 0.278960,
        -1.217262 0.013345 0.264238,
        -1.217215 0.018821 0.264226,
        -1.229271 0.013477 0.251830,
        -1.229238 0.019085 0.251816,
        -1.243696 0.013623 0.242339,
        -1.243680 0.019378 0.242328,
        1.231538 0.146219 0.241833,
        1.196057 0.097651 0.295465,
        1.179337 0.174933 0.295592,
        1.200881 0.257175 0.241024,
        1.166491 0.335604 0.240149,
        1.140927 0.274958 0.295504,
        1.101654 0.343531 0.295054,
        1.078715 0.375813 0.294648,
        1.075373 0.380165 0.294581,
        1.122644 0.409491 0.238995,
        1.119263 0.414424 0.238904,
        1.145754 0.373124 0.239610,
        1.107648 0.397999 0.246911,
        1.104293 0.402739 0.246770,
        1.130611 0.362998 0.247854,
        1.094780 0.388137 0.259433,
        1.091438 0.392704 0.259283,
        1.184870 0.296952 0.240618,
        1.151275 0.326791 0.248669,
        1.117690 0.354340 0.260421,
        1.084914 0.380570 0.275713,
        1.081574 0.385005 0.275591,
        1.169643 0.289400 0.249370,
        1.138356 0.319279 0.261257,
        1.107826 0.347709 0.276500,
        1.214491 0.216272 0.241372,
        1.185693 0.250837 0.249967,
        1.156768 0.282979 0.261959,
        1.128528 0.313531 0.277137,
        1.222368 0.187718 0.241580,
        1.199384 0.211104 0.250473,
        1.172898 0.245459 0.262545,
        1.147004 0.278069 0.277646,
        1.122397 0.309900 0.295332,
        1.207335 0.183327 0.250770,
        1.186696 0.206725 0.263027,
        1.163219 0.241346 0.278045,
        1.238152 0.104323 0.242041,
        1.216633 0.142906 0.251131,
        1.194733 0.179608 0.263304,
        1.177119 0.203374 0.278351,
        1.157205 0.238730 0.295590,
        1.200614 0.058264 0.295385,
        1.206284 0.058831 0.278905,
        1.188959 0.136554 0.295539,
        1.201802 0.098624 0.278820,
        1.215430 0.059679 0.264083,
        1.194780 0.137945 0.278693,
        1.211069 0.100114 0.263888,
        1.227604 0.060767 0.251646,
        1.171174 0.201233 0.295609,
        1.185232 0.176760 0.278514,
        1.204166 0.140100 0.263632,
        1.223391 0.102046 0.251420,
        1.242208 0.062040 0.242204,
        -1.188959 0.136554 0.295539,
        -1.171174 0.201233 0.295609,
        -1.214491 0.216272 0.241372,
        -1.122397 0.309900 0.295332,
        -1.184870 0.296952 0.240618,
        -1.078715 0.375813 0.294648,
        -1.122644 0.409491 0.238995,
        -1.119263 0.414424 0.238904,
        -1.075373 0.380165 0.294581,
        -1.081574 0.385005 0.275591,
        -1.084914 0.380570 0.275713,
        -1.101654 0.343531 0.295054,
        -1.107826 0.347709 0.276500,
        -1.094780 0.388137 0.259433,
        -1.091438 0.392704 0.259283,
        -1.140927 0.274958 0.295504,
        -1.128528 0.313531 0.277137,
        -1.117690 0.354340 0.260421,
        -1.107648 0.397999 0.246911,
        -1.104293 0.402739 0.246770,
        -1.157205 0.238730 0.295590,
        -1.147004 0.278069 0.277646,
        -1.138356 0.319279 0.261257,
        -1.130611 0.362998 0.247854,
        -1.163219 0.241346 0.278045,
        -1.156768 0.282979 0.261959,
        -1.151275 0.326791 0.248669,
        -1.145754 0.373124 0.239610,
        -1.179337 0.174933 0.295592,
        -1.177119 0.203374 0.278351,
        -1.172898 0.245459 0.262545,
        -1.169643 0.289400 0.249370,
        -1.166491 0.335604 0.240149,
        -1.185232 0.176760 0.278514,
        -1.186696 0.206725 0.263027,
        -1.185693 0.250837 0.249967,
        -1.223391 0.102046 0.251420,
        -1.231538 0.146219 0.241833,
        -1.238152 0.104323 0.242041,
        -1.196057 0.097651 0.295465,
        -1.194780 0.137945 0.278693,
        -1.194733 0.179608 0.263304,
        -1.199384 0.211104 0.250473,
        -1.200881 0.257175 0.241024,
        -1.215430 0.059679 0.264083,
        -1.227604 0.060767 0.251646,
        -1.242208 0.062040 0.242204,
        -1.222368 0.187718 0.241580,
        -1.216633 0.142906 0.251131,
        -1.211069 0.100114 0.263888,
        -1.206284 0.058831 0.278905,
        -1.207335 0.183327 0.250770,
        -1.204166 0.140100 0.263632,
        -1.201802 0.098624 0.278820,
        -1.200614 0.058264 0.295385,
        0.598425 0.612919 0.294581,
        0.659365 0.609843 0.294581,
        0.719685 0.600644 0.294581,
        0.778772 0.585416 0.294581,
        0.836025 0.564315 0.294581,
        0.890861 0.537554 0.294581,
        0.942723 0.505406 0.294581,
        0.991084 0.468199 0.294581,
        1.035451 0.426309 0.294581,
        1.041133 0.431750 0.275591,
        0.996189 0.474183 0.275591,
        0.947200 0.511875 0.275591,
        0.894663 0.544440 0.275591,
        0.839114 0.571549 0.275591,
        0.781117 0.592924 0.275591,
        0.721262 0.608350 0.275591,
        0.660157 0.617669 0.275591,
        0.598425 0.620785 0.275591,
        1.050171 0.440404 0.259283,
        1.004309 0.483704 0.259283,
        0.954320 0.522165 0.259283,
        0.900711 0.555395 0.259283,
        0.844028 0.583057 0.259283,
        0.784847 0.604869 0.259283,
        0.723770 0.620609 0.259283,
        0.661418 0.630118 0.259283,
        0.598425 0.633299 0.259283,
        1.061950 0.451681 0.246770,
        1.014893 0.496111 0.246770,
        0.963600 0.535574 0.246770,
        0.908593 0.569671 0.246770,
        0.850432 0.598054 0.246770,
        0.789707 0.620435 0.246770,
        0.727038 0.636586 0.246770,
        0.663060 0.646343 0.246770,
        0.598425 0.649606 0.246770,
        1.075667 0.464815 0.238904,
        1.027217 0.510559 0.238904,
        0.974407 0.551191 0.238904,
        0.917772 0.586296 0.238904,
        0.857889 0.615520 0.238904,
        0.795368 0.638563 0.238904,
        0.730844 0.655192 0.238904,
        0.664973 0.665237 0.238904,
        0.598425 0.668597 0.238904,
        -1.035451 0.426309 0.294581,
        -0.991084 0.468199 0.294581,
        -0.942723 0.505406 0.294581,
        -0.890861 0.537554 0.294581,
        -0.836025 0.564315 0.294581,
        -0.778772 0.585416 0.294581,
        -0.719685 0.600644 0.294581,
        -0.598425 0.612919 0.294581,
        -0.659365 0.609843 0.294581,
        -0.598425 0.620785 0.275591,
        -0.660157 0.617669 0.275591,
        -0.721262 0.608350 0.275591,
        -0.781117 0.592924 0.275591,
        -0.839114 0.571549 0.275591,
        -0.894663 0.544440 0.275591,
        -0.947200 0.511875 0.275591,
        -0.996189 0.474183 0.275591,
        -1.041133 0.431750 0.275591,
        -0.598425 0.633299 0.259283,
        -0.661418 0.630118 0.259283,
        -0.723770 0.620609 0.259283,
        -0.784847 0.604869 0.259283,
        -0.844028 0.583057 0.259283,
        -0.900711 0.555395 0.259283,
        -0.954320 0.522165 0.259283,
        -1.004309 0.483704 0.259283,
        -1.050171 0.440404 0.259283,
        -0.598425 0.649606 0.246770,
        -0.663060 0.646343 0.246770,
        -0.727038 0.636586 0.246770,
        -0.789707 0.620435 0.246770,
        -0.850432 0.598054 0.246770,
        -0.908593 0.569671 0.246770,
        -0.963600 0.535574 0.246770,
        -1.014893 0.496111 0.246770,
        -1.061950 0.451681 0.246770,
        -0.598425 0.668597 0.238904,
        -0.664973 0.665237 0.238904,
        -0.730844 0.655192 0.238904,
        -0.795368 0.638563 0.238904,
        -0.857889 0.615520 0.238904,
        -0.917772 0.586296 0.238904,
        -0.974407 0.551191 0.238904,
        -1.027217 0.510559 0.238904,
        -1.075667 0.464815 0.238904,
        -1.142427 0.007874 0.784719,
        -1.142427 -0.007874 0.784719,
        -1.161417 0.007874 0.776852,
        -1.161417 -0.007874 0.776852,
        -1.177725 0.007874 0.764339,
        -1.177725 -0.007874 0.764339,
        -1.190238 0.007874 0.748031,
        -1.190238 -0.007874 0.748031,
        -1.198104 0.007874 0.729041,
        -1.198104 -0.007874 0.729041,
        -1.183069 -0.141315 0.729041,
        -1.106188 -0.326922 0.729041,
        -0.917474 -0.515637 0.729041,
        -0.731867 -0.592518 0.729041,
        -0.659334 -0.548455 0.784719,
        -0.719477 -0.538236 0.784719,
        -0.661460 -0.567326 0.776852,
        -0.723703 -0.556751 0.776852,
        -0.663286 -0.583531 0.764339,
        -0.727331 -0.572650 0.764339,
        -0.664687 -0.595966 0.748031,
        -0.730116 -0.584849 0.748031,
        -0.665568 -0.603783 0.729041,
        -0.834459 -0.498002 0.784719,
        -0.887852 -0.468493 0.784719,
        -0.842698 -0.515112 0.776852,
        -0.897955 -0.484573 0.776852,
        -0.849774 -0.529805 0.764339,
        -0.906631 -0.498381 0.764339,
        -0.855203 -0.541079 0.748031,
        -0.913289 -0.508976 0.748031,
        -0.858616 -0.548166 0.729041,
        -1.023743 -0.347054 0.784719,
        -1.059044 -0.297300 0.784719,
        -1.038590 -0.358894 0.776852,
        -1.075124 -0.307404 0.776852,
        -1.051340 -0.369061 0.764339,
        -1.088932 -0.316080 0.764339,
        -1.061123 -0.376863 0.748031,
        -1.099528 -0.322737 0.748031,
        -1.067273 -0.381768 0.729041,
        -1.111899 -0.187546 0.784719,
        -1.128787 -0.128926 0.784719,
        -1.129824 -0.193819 0.776852,
        -1.147302 -0.133152 0.776852,
        -1.145217 -0.199205 0.764339,
        -1.163201 -0.136780 0.764339,
        -1.157028 -0.203337 0.748031,
        -1.175400 -0.139565 0.748031,
        -1.164452 -0.205935 0.729041,
        -0.598425 -0.551876 0.784719,
        -0.598425 -0.570866 0.776852,
        -0.598425 -0.587174 0.764339,
        -0.598425 -0.599687 0.748031,
        -0.598425 -0.607553 0.729041,
        -0.796487 -0.573901 0.729041,
        -0.793889 -0.566476 0.748031,
        -0.789756 -0.554665 0.764339,
        -0.784370 -0.539273 0.776852,
        -0.778098 -0.521348 0.784719,
        -0.972319 -0.476722 0.729041,
        -0.967415 -0.470572 0.748031,
        -0.959613 -0.460789 0.764339,
        -0.949445 -0.448039 0.776852,
        -0.937605 -0.433191 0.784719,
        -0.983093 -0.392541 0.784719,
        -0.996521 -0.405970 0.776852,
        -1.008052 -0.417501 0.764339,
        -1.016900 -0.426349 0.748031,
        -1.022462 -0.431911 0.729041,
        -1.138717 -0.268065 0.729041,
        -1.131630 -0.264652 0.748031,
        -1.120356 -0.259223 0.764339,
        -1.105664 -0.252147 0.776852,
        -1.088554 -0.243907 0.784719,
        -1.194334 -0.075017 0.729041,
        -1.186517 -0.074136 0.748031,
        -1.174082 -0.072735 0.764339,
        -1.157877 -0.070909 0.776852,
        -1.139006 -0.068783 0.784719,
        -0.731867 0.592518 0.729041,
        -0.917474 0.515637 0.729041,
        -1.106188 0.326922 0.729041,
        -1.183069 0.141315 0.729041,
        -1.139006 0.068783 0.784719,
        -1.128787 0.128926 0.784719,
        -1.157877 0.070909 0.776852,
        -1.147302 0.133152 0.776852,
        -1.174082 0.072735 0.764339,
        -1.163201 0.136780 0.764339,
        -1.186517 0.074136 0.748031,
        -1.175400 0.139565 0.748031,
        -1.194334 0.075017 0.729041,
        -1.088554 0.243907 0.784719,
        -1.059044 0.297300 0.784719,
        -1.105664 0.252147 0.776852,
        -1.075124 0.307404 0.776852,
        -1.120356 0.259223 0.764339,
        -1.088932 0.316080 0.764339,
        -1.131630 0.264652 0.748031,
        -1.099528 0.322737 0.748031,
        -1.138717 0.268065 0.729041,
        -0.937605 0.433191 0.784719,
        -0.887852 0.468493 0.784719,
        -0.949445 0.448039 0.776852,
        -0.897955 0.484573 0.776852,
        -0.959613 0.460789 0.764339,
        -0.906631 0.498381 0.764339,
        -0.967415 0.470572 0.748031,
        -0.913289 0.508976 0.748031,
        -0.972319 0.476722 0.729041,
        -0.778098 0.521348 0.784719,
        -0.719477 0.538236 0.784719,
        -0.784370 0.539273 0.776852,
        -0.723703 0.556751 0.776852,
        -0.789756 0.554665 0.764339,
        -0.727331 0.572650 0.764339,
        -0.793889 0.566476 0.748031,
        -0.730116 0.584849 0.748031,
        -0.796487 0.573901 0.729041,
        -1.164452 0.205935 0.729041,
        -1.157028 0.203337 0.748031,
        -1.145217 0.199205 0.764339,
        -1.129824 0.193819 0.776852,
        -1.111899 0.187546 0.784719,
        -1.067273 0.381768 0.729041,
        -1.061123 0.376863 0.748031,
        -1.051340 0.369061 0.764339,
        -1.038590 0.358894 0.776852,
        -1.023743 0.347054 0.784719,
        -0.983093 0.392541 0.784719,
        -0.996521 0.405970 0.776852,
        -1.008052 0.417501 0.764339,
        -1.016900 0.426349 0.748031,
        -1.022462 0.431911 0.729041,
        -0.858616 0.548166 0.729041,
        -0.855203 0.541079 0.748031,
        -0.849774 0.529805 0.764339,
        -0.842698 0.515112 0.776852,
        -0.834459 0.498002 0.784719,
        -0.665568 0.603783 0.729041,
        -0.664687 0.595966 0.748031,
        -0.663286 0.583531 0.764339,
        -0.661460 0.567326 0.776852,
        -0.659334 0.548455 0.784719,
        -0.598425 0.551876 0.784719,
        -0.598425 0.570866 0.776852,
        -0.598425 0.587174 0.764339,
        -0.598425 0.599687 0.748031,
        -0.598425 0.607553 0.729041,
        0.598425 -0.551876 0.784719,
        0.598425 -0.570866 0.776852,
        0.598425 -0.587174 0.764339,
        0.598425 -0.599687 0.748031,
        0.598425 -0.607553 0.729041,
        0.598425 0.551876 0.784719,
        0.598425 0.570866 0.776852,
        0.598425 0.587174 0.764339,
        0.598425 0.599687 0.748031,
        0.598425 0.607553 0.729041,
        0.731867 -0.592518 0.729041,
        0.917474 -0.515637 0.729041,
        1.106188 -0.326922 0.729041,
        1.183069 -0.141315 0.729041,
        1.139006 -0.068783 0.784719,
        1.128787 -0.128926 0.784719,
        1.157877 -0.070909 0.776852,
        1.147302 -0.133152 0.776852,
        1.174082 -0.072735 0.764339,
        1.163201 -0.136780 0.764339,
        1.186517 -0.074136 0.748031,
        1.175400 -0.139565 0.748031,
        1.194334 -0.075017 0.729041,
        1.088554 -0.243907 0.784719,
        1.059044 -0.297300 0.784719,
        1.105664 -0.252147 0.776852,
        1.075124 -0.307404 0.776852,
        1.120356 -0.259223 0.764339,
        1.088932 -0.316080 0.764339,
        1.131630 -0.264652 0.748031,
        1.099528 -0.322737 0.748031,
        1.138717 -0.268065 0.729041,
        0.937605 -0.433191 0.784719,
        0.887852 -0.468493 0.784719,
        0.949445 -0.448039 0.776852,
        0.897955 -0.484573 0.776852,
        0.959613 -0.460789 0.764339,
        0.906631 -0.498381 0.764339,
        0.967415 -0.470572 0.748031,
        0.913289 -0.508976 0.748031,
        0.972319 -0.476722 0.729041,
        0.778098 -0.521348 0.784719,
        0.719477 -0.538236 0.784719,
        0.784370 -0.539273 0.776852,
        0.723703 -0.556751 0.776852,
        0.789756 -0.554665 0.764339,
        0.727331 -0.572650 0.764339,
        0.793889 -0.566476 0.748031,
        0.730116 -0.584849 0.748031,
        0.796487 -0.573901 0.729041,
        1.142427 -0.007874 0.784719,
        1.161417 -0.007874 0.776852,
        1.177725 -0.007874 0.764339,
        1.190238 -0.007874 0.748031,
        1.198104 -0.007874 0.729041,
        1.164452 -0.205935 0.729041,
        1.157028 -0.203337 0.748031,
        1.145217 -0.199205 0.764339,
        1.129824 -0.193819 0.776852,
        1.111899 -0.187546 0.784719,
        1.067273 -0.381768 0.729041,
        1.061123 -0.376863 0.748031,
        1.051340 -0.369061 0.764339,
        1.038590 -0.358894 0.776852,
        1.023743 -0.347054 0.784719,
        0.983093 -0.392541 0.784719,
        0.996521 -0.405970 0.776852,
        1.008052 -0.417501 0.764339,
        1.016900 -0.426349 0.748031,
        1.022462 -0.431911 0.729041,
        0.858616 -0.548166 0.729041,
        0.855203 -0.541079 0.748031,
        0.849774 -0.529805 0.764339,
        0.842698 -0.515112 0.776852,
        0.834459 -0.498002 0.784719,
        0.665568 -0.603783 0.729041,
        0.664687 -0.595966 0.748031,
        0.663286 -0.583531 0.764339,
        0.661460 -0.567326 0.776852,
        0.659334 -0.548455 0.784719,
        1.183069 0.141315 0.729041,
        1.106188 0.326922 0.729041,
        0.917474 0.515637 0.729041,
        0.731867 0.592518 0.729041,
        0.659334 0.548455 0.784719,
        0.719477 0.538236 0.784719,
        0.661460 0.567326 0.776852,
        0.723703 0.556751 0.776852,
        0.663286 0.583531 0.764339,
        0.727331 0.572650 0.764339,
        0.664687 0.595966 0.748031,
        0.730116 0.584849 0.748031,
        0.665568 0.603783 0.729041,
        0.834459 0.498002 0.784719,
        0.887852 0.468493 0.784719,
        0.842698 0.515112 0.776852,
        0.897955 0.484573 0.776852,
        0.849774 0.529805 0.764339,
        0.906631 0.498381 0.764339,
        0.855203 0.541079 0.748031,
        0.913289 0.508976 0.748031,
        0.858616 0.548166 0.729041,
        1.023743 0.347054 0.784719,
        1.059044 0.297300 0.784719,
        1.038590 0.358894 0.776852,
        1.075124 0.307404 0.776852,
        1.051340 0.369061 0.764339,
        1.088932 0.316080 0.764339,
        1.061123 0.376863 0.748031,
        1.099528 0.322737 0.748031,
        1.067273 0.381768 0.729041,
        1.111899 0.187546 0.784719,
        1.128787 0.128926 0.784719,
        1.129824 0.193819 0.776852,
        1.147302 0.133152 0.776852,
        1.145217 0.199205 0.764339,
        1.163201 0.136780 0.764339,
        1.157028 0.203337 0.748031,
        1.175400 0.139565 0.748031,
        1.164452 0.205935 0.729041,
        0.796487 0.573901 0.729041,
        0.793889 0.566476 0.748031,
        0.789756 0.554665 0.764339,
        0.784370 0.539273 0.776852,
        0.778098 0.521348 0.784719,
        0.972319 0.476722 0.729041,
        0.967415 0.470572 0.748031,
        0.959613 0.460789 0.764339,
        0.949445 0.448039 0.776852,
        0.937605 0.433191 0.784719,
        0.983093 0.392541 0.784719,
        0.996521 0.405970 0.776852,
        1.008052 0.417501 0.764339,
        1.016900 0.426349 0.748031,
        1.022462 0.431911 0.729041,
        1.138717 0.268065 0.729041,
        1.131630 0.264652 0.748031,
        1.120356 0.259223 0.764339,
        1.105664 0.252147 0.776852,
        1.088554 0.243907 0.784719,
        1.194334 0.075017 0.729041,
        1.186517 0.074136 0.748031,
        1.174082 0.072735 0.764339,
        1.157877 0.070909 0.776852,
        1.139006 0.068783 0.784719,
        1.142427 0.007874 0.784719,
        1.161417 0.007874 0.776852,
        1.177725 0.007874 0.764339,
        1.190238 0.007874 0.748031,
        1.198104 0.007874 0.729041,
      ]
    }
    coordIndex [
      108, 110, 160, -1,
      160, 110, 166, -1,
      161, 165, 106, -1,
      106, 165, 157, -1,
      134, 139, 162, -1,
      162, 139, 164, -1,
      163, 167, 111, -1,
      111, 167, 112, -1,
      168, 123, 169, -1,
      169, 123, 122, -1,
      169, 122, 170, -1,
      171, 172, 121, -1,
      121, 172, 173, -1,
      121, 173, 122, -1,
      122, 173, 174, -1,
      122, 174, 170, -1,
      175, 176, 120, -1,
      120, 176, 177, -1,
      120, 177, 121, -1,
      121, 177, 178, -1,
      121, 178, 171, -1,
      175, 120, 179, -1,
      179, 120, 119, -1,
      179, 119, 180, -1,
      72, 74, 119, -1,
      74, 181, 119, -1,
      119, 181, 182, -1,
      119, 182, 180, -1,
      119, 118, 72, -1,
      72, 118, 117, -1,
      72, 117, 70, -1,
      70, 117, 116, -1,
      70, 116, 77, -1,
      77, 116, 115, -1,
      77, 115, 75, -1,
      75, 115, 114, -1,
      75, 114, 101, -1,
      101, 114, 109, -1,
      101, 109, 99, -1,
      99, 109, 107, -1,
      99, 107, 97, -1,
      96, 97, 105, -1,
      105, 97, 107, -1,
      96, 105, 104, -1,
      96, 104, 93, -1,
      93, 104, 159, -1,
      93, 159, 91, -1,
      91, 159, 158, -1,
      91, 158, 88, -1,
      88, 158, 156, -1,
      88, 156, 86, -1,
      86, 156, 155, -1,
      86, 155, 84, -1,
      84, 155, 154, -1,
      84, 154, 82, -1,
      82, 154, 80, -1,
      80, 154, 153, -1,
      80, 153, 183, -1,
      184, 185, 152, -1,
      152, 185, 186, -1,
      152, 186, 153, -1,
      153, 186, 187, -1,
      153, 187, 183, -1,
      184, 152, 188, -1,
      188, 152, 151, -1,
      188, 151, 189, -1,
      150, 190, 151, -1,
      151, 190, 191, -1,
      191, 192, 151, -1,
      151, 192, 193, -1,
      151, 193, 189, -1,
      194, 195, 149, -1,
      149, 195, 196, -1,
      149, 196, 150, -1,
      150, 196, 197, -1,
      150, 197, 190, -1,
      198, 194, 149, -1,
      199, 200, 148, -1,
      148, 200, 201, -1,
      148, 201, 149, -1,
      149, 201, 202, -1,
      149, 202, 198, -1,
      199, 148, 203, -1,
      203, 148, 147, -1,
      203, 147, 204, -1,
      205, 206, 146, -1,
      146, 206, 207, -1,
      146, 207, 147, -1,
      147, 207, 208, -1,
      147, 208, 204, -1,
      209, 210, 145, -1,
      145, 210, 211, -1,
      145, 211, 146, -1,
      146, 211, 212, -1,
      146, 212, 205, -1,
      209, 145, 213, -1,
      213, 145, 144, -1,
      213, 144, 214, -1,
      43, 45, 144, -1,
      45, 215, 144, -1,
      144, 215, 216, -1,
      144, 216, 214, -1,
      144, 143, 43, -1,
      43, 143, 142, -1,
      43, 142, 40, -1,
      40, 142, 141, -1,
      40, 141, 38, -1,
      38, 141, 140, -1,
      38, 140, 36, -1,
      36, 140, 138, -1,
      36, 138, 67, -1,
      67, 138, 137, -1,
      67, 137, 65, -1,
      65, 137, 133, -1,
      65, 133, 63, -1,
      62, 63, 135, -1,
      135, 63, 133, -1,
      62, 135, 136, -1,
      62, 136, 59, -1,
      59, 136, 113, -1,
      59, 113, 57, -1,
      57, 113, 132, -1,
      57, 132, 54, -1,
      54, 132, 131, -1,
      54, 131, 52, -1,
      52, 131, 130, -1,
      52, 130, 50, -1,
      50, 130, 129, -1,
      50, 129, 48, -1,
      48, 129, 46, -1,
      46, 129, 128, -1,
      46, 128, 217, -1,
      218, 219, 127, -1,
      127, 219, 220, -1,
      127, 220, 128, -1,
      128, 220, 221, -1,
      128, 221, 217, -1,
      218, 127, 222, -1,
      222, 127, 126, -1,
      222, 126, 223, -1,
      125, 224, 126, -1,
      126, 224, 225, -1,
      225, 226, 126, -1,
      126, 226, 227, -1,
      126, 227, 223, -1,
      228, 229, 124, -1,
      124, 229, 230, -1,
      124, 230, 125, -1,
      125, 230, 231, -1,
      125, 231, 224, -1,
      232, 228, 124, -1,
      168, 233, 123, -1,
      123, 233, 234, -1,
      123, 234, 124, -1,
      124, 234, 235, -1,
      124, 235, 232, -1,
      236, 237, 238, -1,
      238, 237, 239, -1,
      238, 239, 240, -1,
      241, 12, 13, -1,
      241, 13, 242, -1,
      242, 13, 9, -1,
      242, 9, 10, -1,
      5, 243, 7, -1,
      7, 243, 244, -1,
      7, 244, 8, -1,
      10, 8, 242, -1,
      242, 8, 244, -1,
      242, 244, 245, -1,
      245, 244, 246, -1,
      245, 246, 247, -1,
      247, 246, 248, -1,
      247, 248, 249, -1,
      249, 248, 250, -1,
      249, 250, 251, -1,
      251, 250, 252, -1,
      251, 252, 253, -1,
      253, 252, 254, -1,
      253, 254, 255, -1,
      255, 254, 256, -1,
      255, 256, 257, -1,
      257, 256, 258, -1,
      258, 256, 259, -1,
      258, 259, 260, -1,
      260, 259, 261, -1,
      260, 261, 262, -1,
      262, 261, 263, -1,
      262, 263, 264, -1,
      264, 263, 265, -1,
      264, 265, 266, -1,
      267, 268, 269, -1,
      269, 268, 270, -1,
      269, 270, 265, -1,
      265, 270, 271, -1,
      265, 271, 266, -1,
      272, 273, 274, -1,
      274, 273, 275, -1,
      274, 275, 276, -1,
      276, 275, 277, -1,
      276, 277, 278, -1,
      278, 277, 279, -1,
      278, 279, 267, -1,
      267, 279, 280, -1,
      267, 280, 268, -1,
      281, 282, 272, -1,
      272, 282, 283, -1,
      272, 283, 273, -1,
      239, 284, 240, -1,
      240, 284, 285, -1,
      240, 285, 286, -1,
      286, 285, 287, -1,
      286, 287, 281, -1,
      281, 287, 288, -1,
      281, 288, 282, -1,
      289, 290, 291, -1,
      291, 290, 292, -1,
      292, 290, 293, -1,
      293, 290, 294, -1,
      293, 294, 295, -1,
      295, 294, 296, -1,
      295, 296, 297, -1,
      297, 296, 298, -1,
      298, 296, 299, -1,
      298, 299, 300, -1,
      300, 299, 301, -1,
      300, 301, 302, -1,
      303, 304, 305, -1,
      305, 304, 306, -1,
      305, 306, 307, -1,
      307, 306, 308, -1,
      307, 308, 309, -1,
      309, 308, 310, -1,
      309, 310, 301, -1,
      301, 310, 311, -1,
      301, 311, 302, -1,
      312, 313, 314, -1,
      312, 314, 315, -1,
      314, 316, 315, -1,
      315, 316, 317, -1,
      315, 317, 318, -1,
      318, 317, 319, -1,
      318, 319, 303, -1,
      303, 319, 320, -1,
      303, 320, 304, -1,
      313, 312, 321, -1,
      321, 312, 322, -1,
      321, 322, 323, -1,
      323, 322, 324, -1,
      323, 324, 325, -1,
      325, 324, 326, -1,
      325, 326, 327, -1,
      327, 326, 328, -1,
      327, 328, 329, -1,
      329, 328, 330, -1,
      329, 330, 331, -1,
      331, 330, 332, -1,
      331, 332, 333, -1,
      333, 332, 334, -1,
      333, 334, 335, -1,
      335, 334, 336, -1,
      335, 336, 337, -1,
      337, 336, 338, -1,
      338, 336, 339, -1,
      338, 339, 340, -1,
      340, 28, 26, -1,
      340, 26, 338, -1,
      338, 26, 25, -1,
      338, 25, 24, -1,
      24, 23, 338, -1,
      338, 23, 2, -1,
      338, 2, 341, -1,
      341, 2, 1, -1,
      342, 343, 289, -1,
      289, 343, 290, -1,
      342, 344, 343, -1,
      343, 344, 345, -1,
      343, 345, 346, -1,
      347, 348, 349, -1,
      349, 348, 350, -1,
      349, 350, 351, -1,
      351, 350, 352, -1,
      351, 352, 353, -1,
      353, 352, 354, -1,
      353, 354, 355, -1,
      355, 354, 356, -1,
      355, 356, 357, -1,
      357, 356, 358, -1,
      357, 358, 359, -1,
      359, 358, 360, -1,
      359, 360, 361, -1,
      361, 360, 362, -1,
      361, 362, 363, -1,
      363, 362, 364, -1,
      363, 364, 365, -1,
      365, 364, 366, -1,
      366, 364, 367, -1,
      366, 367, 368, -1,
      368, 367, 369, -1,
      368, 369, 370, -1,
      370, 369, 371, -1,
      370, 371, 372, -1,
      372, 371, 373, -1,
      372, 373, 374, -1,
      375, 376, 377, -1,
      377, 376, 378, -1,
      377, 378, 373, -1,
      373, 378, 379, -1,
      373, 379, 374, -1,
      380, 381, 382, -1,
      382, 381, 383, -1,
      382, 383, 384, -1,
      384, 383, 385, -1,
      384, 385, 386, -1,
      386, 385, 387, -1,
      386, 387, 375, -1,
      375, 387, 388, -1,
      375, 388, 376, -1,
      389, 390, 380, -1,
      380, 390, 391, -1,
      380, 391, 381, -1,
      345, 392, 346, -1,
      346, 392, 393, -1,
      346, 393, 394, -1,
      394, 393, 395, -1,
      394, 395, 389, -1,
      389, 395, 396, -1,
      389, 396, 390, -1,
      397, 398, 347, -1,
      347, 398, 348, -1,
      399, 400, 401, -1,
      401, 400, 402, -1,
      402, 400, 403, -1,
      403, 400, 404, -1,
      403, 404, 405, -1,
      405, 404, 406, -1,
      405, 406, 407, -1,
      407, 406, 408, -1,
      408, 406, 409, -1,
      408, 409, 410, -1,
      410, 409, 411, -1,
      410, 411, 412, -1,
      413, 414, 415, -1,
      415, 414, 416, -1,
      415, 416, 417, -1,
      417, 416, 418, -1,
      417, 418, 419, -1,
      419, 418, 420, -1,
      419, 420, 411, -1,
      411, 420, 421, -1,
      411, 421, 412, -1,
      422, 423, 424, -1,
      424, 425, 422, -1,
      422, 425, 426, -1,
      422, 426, 427, -1,
      427, 426, 428, -1,
      427, 428, 413, -1,
      413, 428, 429, -1,
      413, 429, 414, -1,
      430, 431, 432, -1,
      432, 431, 433, -1,
      432, 433, 434, -1,
      434, 433, 435, -1,
      434, 435, 436, -1,
      436, 435, 437, -1,
      436, 437, 438, -1,
      438, 437, 439, -1,
      438, 439, 440, -1,
      440, 439, 441, -1,
      440, 441, 442, -1,
      442, 441, 443, -1,
      442, 443, 444, -1,
      444, 443, 445, -1,
      444, 445, 423, -1,
      423, 445, 446, -1,
      423, 446, 424, -1,
      398, 397, 447, -1,
      447, 397, 448, -1,
      447, 448, 449, -1,
      449, 448, 450, -1,
      449, 450, 430, -1,
      430, 450, 451, -1,
      430, 451, 431, -1,
      236, 238, 399, -1,
      399, 238, 400, -1,
      452, 453, 454, -1,
      455, 452, 456, -1,
      457, 458, 459, -1,
      456, 460, 455, -1,
      455, 460, 461, -1,
      455, 461, 462, -1,
      463, 459, 464, -1,
      464, 459, 465, -1,
      466, 467, 468, -1,
      469, 470, 471, -1,
      471, 470, 452, -1,
      471, 452, 459, -1,
      459, 452, 454, -1,
      459, 454, 457, -1,
      452, 455, 453, -1,
      453, 455, 472, -1,
      453, 472, 473, -1,
      474, 475, 476, -1,
      476, 475, 477, -1,
      474, 478, 475, -1,
      475, 478, 479, -1,
      475, 479, 480, -1,
      458, 481, 459, -1,
      459, 481, 482, -1,
      459, 482, 465, -1,
      473, 483, 453, -1,
      453, 483, 484, -1,
      453, 484, 485, -1,
      485, 486, 453, -1,
      453, 486, 475, -1,
      453, 475, 487, -1,
      487, 475, 480, -1,
      488, 489, 490, -1,
      490, 489, 491, -1,
      463, 492, 459, -1,
      459, 492, 491, -1,
      459, 491, 493, -1,
      493, 491, 489, -1,
      469, 471, 468, -1,
      468, 471, 494, -1,
      468, 494, 466, -1,
      462, 495, 455, -1,
      455, 495, 496, -1,
      455, 496, 497, -1,
      498, 499, 467, -1,
      467, 499, 500, -1,
      467, 500, 468, -1,
      498, 501, 499, -1,
      499, 501, 502, -1,
      499, 502, 503, -1,
      497, 504, 455, -1,
      455, 504, 505, -1,
      455, 505, 506, -1,
      507, 508, 509, -1,
      506, 510, 455, -1,
      455, 510, 507, -1,
      455, 507, 511, -1,
      511, 507, 509, -1,
      64, 61, 512, -1,
      512, 61, 513, -1,
      512, 513, 514, -1,
      514, 513, 515, -1,
      514, 515, 516, -1,
      516, 515, 517, -1,
      516, 517, 518, -1,
      518, 517, 519, -1,
      518, 519, 520, -1,
      520, 519, 521, -1,
      520, 521, 347, -1,
      347, 521, 397, -1,
      522, 523, 425, -1,
      425, 424, 522, -1,
      522, 424, 446, -1,
      522, 446, 524, -1,
      524, 446, 445, -1,
      524, 445, 525, -1,
      445, 443, 525, -1,
      525, 443, 441, -1,
      525, 441, 526, -1,
      441, 439, 526, -1,
      526, 439, 437, -1,
      526, 437, 527, -1,
      437, 435, 527, -1,
      527, 435, 433, -1,
      527, 433, 528, -1,
      528, 433, 431, -1,
      528, 431, 529, -1,
      397, 521, 448, -1,
      448, 521, 530, -1,
      448, 530, 450, -1,
      450, 530, 529, -1,
      450, 529, 451, -1,
      451, 529, 431, -1,
      521, 519, 530, -1,
      530, 519, 531, -1,
      530, 531, 529, -1,
      529, 531, 532, -1,
      529, 532, 528, -1,
      528, 532, 533, -1,
      528, 533, 527, -1,
      527, 533, 534, -1,
      527, 534, 526, -1,
      526, 534, 535, -1,
      526, 535, 525, -1,
      525, 535, 536, -1,
      525, 536, 524, -1,
      524, 536, 537, -1,
      524, 537, 522, -1,
      522, 537, 538, -1,
      522, 538, 523, -1,
      523, 538, 539, -1,
      519, 517, 531, -1,
      531, 517, 540, -1,
      531, 540, 532, -1,
      532, 540, 541, -1,
      532, 541, 533, -1,
      533, 541, 542, -1,
      533, 542, 534, -1,
      534, 542, 543, -1,
      534, 543, 535, -1,
      535, 543, 544, -1,
      535, 544, 536, -1,
      536, 544, 545, -1,
      536, 545, 537, -1,
      537, 545, 546, -1,
      537, 546, 538, -1,
      538, 546, 547, -1,
      538, 547, 539, -1,
      539, 547, 548, -1,
      517, 515, 540, -1,
      540, 515, 549, -1,
      540, 549, 541, -1,
      541, 549, 550, -1,
      541, 550, 542, -1,
      542, 550, 551, -1,
      542, 551, 543, -1,
      543, 551, 552, -1,
      543, 552, 544, -1,
      544, 552, 553, -1,
      544, 553, 545, -1,
      545, 553, 554, -1,
      545, 554, 546, -1,
      546, 554, 555, -1,
      546, 555, 547, -1,
      547, 555, 556, -1,
      547, 556, 548, -1,
      548, 556, 557, -1,
      515, 513, 549, -1,
      549, 513, 558, -1,
      549, 558, 550, -1,
      550, 558, 559, -1,
      550, 559, 551, -1,
      551, 559, 560, -1,
      551, 560, 552, -1,
      552, 560, 561, -1,
      552, 561, 553, -1,
      553, 561, 562, -1,
      553, 562, 554, -1,
      554, 562, 563, -1,
      554, 563, 555, -1,
      555, 563, 564, -1,
      555, 564, 556, -1,
      556, 564, 565, -1,
      556, 565, 557, -1,
      557, 565, 566, -1,
      513, 61, 558, -1,
      558, 61, 60, -1,
      558, 60, 559, -1,
      559, 60, 58, -1,
      559, 58, 560, -1,
      560, 58, 56, -1,
      560, 56, 561, -1,
      561, 56, 55, -1,
      561, 55, 562, -1,
      562, 55, 53, -1,
      562, 53, 563, -1,
      563, 53, 51, -1,
      563, 51, 564, -1,
      564, 51, 49, -1,
      564, 49, 565, -1,
      565, 49, 47, -1,
      565, 47, 566, -1,
      566, 47, 46, -1,
      520, 347, 567, -1,
      567, 347, 349, -1,
      567, 349, 568, -1,
      349, 351, 568, -1,
      568, 351, 353, -1,
      568, 353, 569, -1,
      353, 355, 569, -1,
      569, 355, 357, -1,
      569, 357, 570, -1,
      570, 357, 359, -1,
      570, 359, 571, -1,
      359, 361, 571, -1,
      571, 361, 363, -1,
      571, 363, 572, -1,
      363, 365, 572, -1,
      572, 365, 366, -1,
      572, 366, 573, -1,
      573, 366, 368, -1,
      573, 368, 574, -1,
      374, 575, 372, -1,
      372, 575, 574, -1,
      372, 574, 370, -1,
      370, 574, 368, -1,
      575, 576, 574, -1,
      574, 576, 577, -1,
      574, 577, 573, -1,
      573, 577, 578, -1,
      573, 578, 572, -1,
      572, 578, 579, -1,
      572, 579, 571, -1,
      571, 579, 580, -1,
      571, 580, 570, -1,
      570, 580, 581, -1,
      570, 581, 569, -1,
      569, 581, 582, -1,
      569, 582, 568, -1,
      568, 582, 583, -1,
      568, 583, 567, -1,
      567, 583, 584, -1,
      567, 584, 520, -1,
      520, 584, 518, -1,
      576, 585, 577, -1,
      577, 585, 586, -1,
      577, 586, 578, -1,
      578, 586, 587, -1,
      578, 587, 579, -1,
      579, 587, 588, -1,
      579, 588, 580, -1,
      580, 588, 589, -1,
      580, 589, 581, -1,
      581, 589, 590, -1,
      581, 590, 582, -1,
      582, 590, 591, -1,
      582, 591, 583, -1,
      583, 591, 592, -1,
      583, 592, 584, -1,
      584, 592, 593, -1,
      584, 593, 518, -1,
      518, 593, 516, -1,
      585, 594, 586, -1,
      586, 594, 595, -1,
      586, 595, 587, -1,
      587, 595, 596, -1,
      587, 596, 588, -1,
      588, 596, 597, -1,
      588, 597, 589, -1,
      589, 597, 598, -1,
      589, 598, 590, -1,
      590, 598, 599, -1,
      590, 599, 591, -1,
      591, 599, 600, -1,
      591, 600, 592, -1,
      592, 600, 601, -1,
      592, 601, 593, -1,
      593, 601, 602, -1,
      593, 602, 516, -1,
      516, 602, 514, -1,
      594, 603, 595, -1,
      595, 603, 604, -1,
      595, 604, 596, -1,
      596, 604, 605, -1,
      596, 605, 597, -1,
      597, 605, 606, -1,
      597, 606, 598, -1,
      598, 606, 607, -1,
      598, 607, 599, -1,
      599, 607, 608, -1,
      599, 608, 600, -1,
      600, 608, 609, -1,
      600, 609, 601, -1,
      601, 609, 610, -1,
      601, 610, 602, -1,
      602, 610, 611, -1,
      602, 611, 514, -1,
      514, 611, 512, -1,
      603, 45, 604, -1,
      604, 45, 44, -1,
      604, 44, 605, -1,
      605, 44, 42, -1,
      605, 42, 606, -1,
      606, 42, 41, -1,
      606, 41, 607, -1,
      607, 41, 39, -1,
      607, 39, 608, -1,
      608, 39, 37, -1,
      608, 37, 609, -1,
      609, 37, 69, -1,
      609, 69, 610, -1,
      610, 69, 68, -1,
      610, 68, 611, -1,
      611, 68, 66, -1,
      611, 66, 512, -1,
      512, 66, 64, -1,
      407, 408, 612, -1,
      412, 421, 613, -1,
      227, 226, 614, -1,
      416, 414, 615, -1,
      218, 222, 616, -1,
      617, 426, 425, -1,
      618, 566, 217, -1,
      217, 566, 46, -1,
      523, 539, 619, -1,
      425, 523, 617, -1,
      617, 523, 619, -1,
      617, 619, 620, -1,
      620, 429, 617, -1,
      617, 429, 428, -1,
      617, 428, 426, -1,
      414, 429, 615, -1,
      615, 429, 620, -1,
      615, 620, 621, -1,
      621, 620, 619, -1,
      621, 619, 622, -1,
      622, 619, 539, -1,
      622, 539, 548, -1,
      218, 616, 219, -1,
      418, 416, 623, -1,
      623, 416, 615, -1,
      623, 615, 624, -1,
      624, 615, 621, -1,
      624, 621, 625, -1,
      625, 621, 622, -1,
      625, 622, 626, -1,
      626, 622, 548, -1,
      626, 548, 557, -1,
      420, 418, 627, -1,
      627, 418, 623, -1,
      627, 623, 628, -1,
      628, 623, 624, -1,
      628, 624, 629, -1,
      629, 624, 625, -1,
      629, 625, 630, -1,
      630, 625, 626, -1,
      630, 626, 618, -1,
      618, 626, 557, -1,
      618, 557, 566, -1,
      421, 420, 613, -1,
      613, 420, 627, -1,
      613, 627, 631, -1,
      631, 627, 628, -1,
      631, 628, 632, -1,
      632, 628, 629, -1,
      632, 629, 633, -1,
      633, 629, 630, -1,
      633, 630, 634, -1,
      634, 630, 618, -1,
      634, 618, 221, -1,
      221, 618, 217, -1,
      410, 412, 635, -1,
      635, 412, 613, -1,
      635, 613, 636, -1,
      636, 613, 631, -1,
      636, 631, 637, -1,
      637, 631, 632, -1,
      637, 632, 638, -1,
      638, 632, 633, -1,
      638, 633, 639, -1,
      639, 633, 634, -1,
      408, 410, 612, -1,
      612, 410, 635, -1,
      612, 635, 640, -1,
      640, 635, 636, -1,
      640, 636, 641, -1,
      641, 636, 637, -1,
      641, 637, 642, -1,
      642, 637, 638, -1,
      642, 638, 616, -1,
      616, 638, 639, -1,
      616, 639, 219, -1,
      219, 639, 634, -1,
      219, 634, 220, -1,
      220, 634, 221, -1,
      643, 644, 645, -1,
      645, 644, 224, -1,
      405, 407, 646, -1,
      646, 407, 612, -1,
      646, 612, 647, -1,
      647, 612, 640, -1,
      647, 640, 648, -1,
      648, 640, 641, -1,
      648, 641, 649, -1,
      649, 641, 642, -1,
      649, 642, 650, -1,
      650, 642, 616, -1,
      650, 616, 223, -1,
      223, 616, 222, -1,
      224, 231, 645, -1,
      645, 231, 230, -1,
      645, 230, 229, -1,
      651, 643, 652, -1,
      652, 643, 645, -1,
      652, 645, 653, -1,
      653, 645, 229, -1,
      225, 224, 654, -1,
      654, 224, 644, -1,
      654, 644, 655, -1,
      655, 644, 643, -1,
      655, 643, 656, -1,
      656, 643, 651, -1,
      656, 651, 657, -1,
      226, 225, 614, -1,
      614, 225, 654, -1,
      614, 654, 658, -1,
      658, 654, 655, -1,
      658, 655, 659, -1,
      659, 655, 656, -1,
      659, 656, 660, -1,
      660, 656, 657, -1,
      660, 657, 661, -1,
      403, 405, 661, -1,
      661, 405, 646, -1,
      661, 646, 660, -1,
      660, 646, 647, -1,
      660, 647, 659, -1,
      659, 647, 648, -1,
      659, 648, 658, -1,
      658, 648, 649, -1,
      658, 649, 614, -1,
      614, 649, 650, -1,
      614, 650, 227, -1,
      227, 650, 223, -1,
      402, 403, 662, -1,
      662, 403, 661, -1,
      662, 661, 663, -1,
      663, 661, 657, -1,
      663, 657, 664, -1,
      664, 657, 651, -1,
      664, 651, 665, -1,
      665, 651, 652, -1,
      665, 652, 666, -1,
      666, 652, 653, -1,
      666, 653, 228, -1,
      228, 653, 229, -1,
      208, 207, 667, -1,
      395, 393, 668, -1,
      391, 390, 669, -1,
      212, 211, 670, -1,
      209, 213, 671, -1,
      387, 385, 672, -1,
      378, 376, 673, -1,
      674, 575, 379, -1,
      379, 575, 374, -1,
      216, 215, 675, -1,
      675, 215, 45, -1,
      675, 45, 603, -1,
      214, 216, 676, -1,
      676, 216, 675, -1,
      676, 675, 677, -1,
      677, 675, 603, -1,
      677, 603, 594, -1,
      213, 214, 671, -1,
      671, 214, 676, -1,
      671, 676, 678, -1,
      678, 676, 677, -1,
      678, 677, 679, -1,
      679, 677, 594, -1,
      679, 594, 585, -1,
      210, 209, 680, -1,
      680, 209, 671, -1,
      680, 671, 681, -1,
      681, 671, 678, -1,
      681, 678, 682, -1,
      682, 678, 679, -1,
      682, 679, 683, -1,
      683, 679, 585, -1,
      683, 585, 576, -1,
      211, 210, 670, -1,
      670, 210, 680, -1,
      670, 680, 684, -1,
      684, 680, 681, -1,
      684, 681, 685, -1,
      685, 681, 682, -1,
      685, 682, 686, -1,
      686, 682, 683, -1,
      686, 683, 674, -1,
      674, 683, 576, -1,
      674, 576, 575, -1,
      205, 212, 687, -1,
      687, 212, 670, -1,
      687, 670, 688, -1,
      688, 670, 684, -1,
      688, 684, 689, -1,
      689, 684, 685, -1,
      689, 685, 690, -1,
      690, 685, 686, -1,
      690, 686, 673, -1,
      673, 686, 674, -1,
      673, 674, 378, -1,
      378, 674, 379, -1,
      206, 205, 691, -1,
      691, 205, 687, -1,
      691, 687, 692, -1,
      692, 687, 688, -1,
      692, 688, 693, -1,
      693, 688, 689, -1,
      693, 689, 694, -1,
      694, 689, 690, -1,
      694, 690, 695, -1,
      695, 690, 673, -1,
      695, 673, 388, -1,
      388, 673, 376, -1,
      207, 206, 667, -1,
      667, 206, 691, -1,
      667, 691, 696, -1,
      696, 691, 692, -1,
      696, 692, 697, -1,
      697, 692, 693, -1,
      697, 693, 698, -1,
      698, 693, 694, -1,
      698, 694, 672, -1,
      672, 694, 695, -1,
      672, 695, 387, -1,
      387, 695, 388, -1,
      204, 208, 699, -1,
      699, 208, 667, -1,
      699, 667, 700, -1,
      700, 667, 696, -1,
      700, 696, 701, -1,
      701, 696, 697, -1,
      701, 697, 702, -1,
      702, 697, 698, -1,
      702, 698, 703, -1,
      703, 698, 672, -1,
      703, 672, 383, -1,
      383, 672, 385, -1,
      393, 392, 668, -1,
      668, 392, 704, -1,
      668, 704, 705, -1,
      396, 395, 706, -1,
      706, 395, 668, -1,
      706, 668, 707, -1,
      707, 668, 705, -1,
      707, 705, 708, -1,
      390, 396, 669, -1,
      669, 396, 706, -1,
      669, 706, 709, -1,
      709, 706, 707, -1,
      709, 707, 710, -1,
      710, 707, 708, -1,
      710, 708, 711, -1,
      381, 391, 712, -1,
      712, 391, 669, -1,
      712, 669, 713, -1,
      713, 669, 709, -1,
      713, 709, 714, -1,
      714, 709, 710, -1,
      714, 710, 715, -1,
      715, 710, 711, -1,
      715, 711, 716, -1,
      203, 204, 716, -1,
      716, 204, 699, -1,
      716, 699, 715, -1,
      715, 699, 700, -1,
      715, 700, 714, -1,
      714, 700, 701, -1,
      714, 701, 713, -1,
      713, 701, 702, -1,
      713, 702, 712, -1,
      712, 702, 703, -1,
      712, 703, 381, -1,
      381, 703, 383, -1,
      199, 203, 717, -1,
      717, 203, 716, -1,
      717, 716, 718, -1,
      718, 716, 711, -1,
      718, 711, 719, -1,
      719, 711, 708, -1,
      719, 708, 720, -1,
      720, 708, 705, -1,
      720, 705, 721, -1,
      721, 705, 704, -1,
      721, 704, 345, -1,
      345, 704, 392, -1,
      401, 402, 722, -1,
      722, 402, 662, -1,
      722, 662, 723, -1,
      723, 662, 663, -1,
      723, 663, 724, -1,
      724, 663, 664, -1,
      724, 664, 725, -1,
      725, 664, 665, -1,
      725, 665, 726, -1,
      726, 665, 666, -1,
      726, 666, 232, -1,
      232, 666, 228, -1,
      399, 401, 727, -1,
      727, 401, 722, -1,
      727, 722, 728, -1,
      728, 722, 723, -1,
      728, 723, 729, -1,
      729, 723, 724, -1,
      729, 724, 730, -1,
      730, 724, 725, -1,
      730, 725, 731, -1,
      731, 725, 726, -1,
      731, 726, 235, -1,
      235, 726, 232, -1,
      200, 199, 732, -1,
      732, 199, 717, -1,
      732, 717, 733, -1,
      733, 717, 718, -1,
      733, 718, 734, -1,
      734, 718, 719, -1,
      734, 719, 735, -1,
      735, 719, 720, -1,
      735, 720, 736, -1,
      736, 720, 721, -1,
      736, 721, 344, -1,
      344, 721, 345, -1,
      201, 200, 737, -1,
      737, 200, 732, -1,
      737, 732, 738, -1,
      738, 732, 733, -1,
      738, 733, 739, -1,
      739, 733, 734, -1,
      739, 734, 740, -1,
      740, 734, 735, -1,
      740, 735, 741, -1,
      741, 735, 736, -1,
      741, 736, 342, -1,
      342, 736, 344, -1,
      236, 399, 742, -1,
      742, 399, 727, -1,
      742, 727, 743, -1,
      743, 727, 728, -1,
      743, 728, 744, -1,
      744, 728, 729, -1,
      744, 729, 745, -1,
      745, 729, 730, -1,
      745, 730, 746, -1,
      746, 730, 731, -1,
      746, 731, 234, -1,
      234, 731, 235, -1,
      342, 289, 741, -1,
      741, 289, 747, -1,
      741, 747, 740, -1,
      740, 747, 748, -1,
      740, 748, 739, -1,
      739, 748, 749, -1,
      739, 749, 738, -1,
      738, 749, 750, -1,
      738, 750, 737, -1,
      737, 750, 751, -1,
      737, 751, 201, -1,
      201, 751, 202, -1,
      233, 168, 752, -1,
      752, 168, 753, -1,
      752, 753, 754, -1,
      754, 753, 755, -1,
      754, 755, 756, -1,
      756, 755, 757, -1,
      756, 757, 758, -1,
      758, 757, 759, -1,
      758, 759, 760, -1,
      760, 759, 761, -1,
      760, 761, 237, -1,
      237, 761, 239, -1,
      234, 233, 746, -1,
      746, 233, 752, -1,
      746, 752, 745, -1,
      745, 752, 754, -1,
      745, 754, 744, -1,
      744, 754, 756, -1,
      744, 756, 743, -1,
      743, 756, 758, -1,
      743, 758, 742, -1,
      742, 758, 760, -1,
      742, 760, 236, -1,
      236, 760, 237, -1,
      291, 292, 762, -1,
      762, 292, 763, -1,
      762, 763, 764, -1,
      764, 763, 765, -1,
      764, 765, 766, -1,
      766, 765, 767, -1,
      766, 767, 768, -1,
      768, 767, 769, -1,
      768, 769, 770, -1,
      770, 769, 771, -1,
      770, 771, 198, -1,
      198, 771, 194, -1,
      289, 291, 747, -1,
      747, 291, 762, -1,
      747, 762, 748, -1,
      748, 762, 764, -1,
      748, 764, 749, -1,
      749, 764, 766, -1,
      749, 766, 750, -1,
      750, 766, 768, -1,
      750, 768, 751, -1,
      751, 768, 770, -1,
      751, 770, 202, -1,
      202, 770, 198, -1,
      174, 173, 772, -1,
      287, 285, 773, -1,
      283, 282, 774, -1,
      178, 177, 775, -1,
      175, 179, 776, -1,
      279, 277, 777, -1,
      270, 268, 778, -1,
      779, 780, 271, -1,
      271, 780, 266, -1,
      182, 181, 781, -1,
      781, 181, 74, -1,
      781, 74, 782, -1,
      180, 182, 783, -1,
      783, 182, 781, -1,
      783, 781, 784, -1,
      784, 781, 782, -1,
      784, 782, 785, -1,
      179, 180, 776, -1,
      776, 180, 783, -1,
      776, 783, 786, -1,
      786, 783, 784, -1,
      786, 784, 787, -1,
      787, 784, 785, -1,
      787, 785, 788, -1,
      176, 175, 789, -1,
      789, 175, 776, -1,
      789, 776, 790, -1,
      790, 776, 786, -1,
      790, 786, 791, -1,
      791, 786, 787, -1,
      791, 787, 792, -1,
      792, 787, 788, -1,
      792, 788, 793, -1,
      177, 176, 775, -1,
      775, 176, 789, -1,
      775, 789, 794, -1,
      794, 789, 790, -1,
      794, 790, 795, -1,
      795, 790, 791, -1,
      795, 791, 796, -1,
      796, 791, 792, -1,
      796, 792, 779, -1,
      779, 792, 793, -1,
      779, 793, 780, -1,
      171, 178, 797, -1,
      797, 178, 775, -1,
      797, 775, 798, -1,
      798, 775, 794, -1,
      798, 794, 799, -1,
      799, 794, 795, -1,
      799, 795, 800, -1,
      800, 795, 796, -1,
      800, 796, 778, -1,
      778, 796, 779, -1,
      778, 779, 270, -1,
      270, 779, 271, -1,
      172, 171, 801, -1,
      801, 171, 797, -1,
      801, 797, 802, -1,
      802, 797, 798, -1,
      802, 798, 803, -1,
      803, 798, 799, -1,
      803, 799, 804, -1,
      804, 799, 800, -1,
      804, 800, 805, -1,
      805, 800, 778, -1,
      805, 778, 280, -1,
      280, 778, 268, -1,
      173, 172, 772, -1,
      772, 172, 801, -1,
      772, 801, 806, -1,
      806, 801, 802, -1,
      806, 802, 807, -1,
      807, 802, 803, -1,
      807, 803, 808, -1,
      808, 803, 804, -1,
      808, 804, 777, -1,
      777, 804, 805, -1,
      777, 805, 279, -1,
      279, 805, 280, -1,
      170, 174, 809, -1,
      809, 174, 772, -1,
      809, 772, 810, -1,
      810, 772, 806, -1,
      810, 806, 811, -1,
      811, 806, 807, -1,
      811, 807, 812, -1,
      812, 807, 808, -1,
      812, 808, 813, -1,
      813, 808, 777, -1,
      813, 777, 275, -1,
      275, 777, 277, -1,
      285, 284, 773, -1,
      773, 284, 814, -1,
      773, 814, 815, -1,
      288, 287, 816, -1,
      816, 287, 773, -1,
      816, 773, 817, -1,
      817, 773, 815, -1,
      817, 815, 818, -1,
      282, 288, 774, -1,
      774, 288, 816, -1,
      774, 816, 819, -1,
      819, 816, 817, -1,
      819, 817, 820, -1,
      820, 817, 818, -1,
      820, 818, 821, -1,
      273, 283, 822, -1,
      822, 283, 774, -1,
      822, 774, 823, -1,
      823, 774, 819, -1,
      823, 819, 824, -1,
      824, 819, 820, -1,
      824, 820, 825, -1,
      825, 820, 821, -1,
      825, 821, 826, -1,
      169, 170, 826, -1,
      826, 170, 809, -1,
      826, 809, 825, -1,
      825, 809, 810, -1,
      825, 810, 824, -1,
      824, 810, 811, -1,
      824, 811, 823, -1,
      823, 811, 812, -1,
      823, 812, 822, -1,
      822, 812, 813, -1,
      822, 813, 273, -1,
      273, 813, 275, -1,
      168, 169, 753, -1,
      753, 169, 826, -1,
      753, 826, 755, -1,
      755, 826, 821, -1,
      755, 821, 757, -1,
      757, 821, 818, -1,
      757, 818, 759, -1,
      759, 818, 815, -1,
      759, 815, 761, -1,
      761, 815, 814, -1,
      761, 814, 239, -1,
      239, 814, 284, -1,
      297, 298, 827, -1,
      302, 311, 828, -1,
      193, 192, 829, -1,
      306, 304, 830, -1,
      184, 188, 831, -1,
      832, 317, 316, -1,
      833, 834, 183, -1,
      183, 834, 80, -1,
      835, 836, 837, -1,
      316, 835, 832, -1,
      832, 835, 837, -1,
      832, 837, 838, -1,
      838, 320, 832, -1,
      832, 320, 319, -1,
      832, 319, 317, -1,
      304, 320, 830, -1,
      830, 320, 838, -1,
      830, 838, 839, -1,
      839, 838, 837, -1,
      839, 837, 840, -1,
      840, 837, 836, -1,
      840, 836, 841, -1,
      184, 831, 185, -1,
      308, 306, 842, -1,
      842, 306, 830, -1,
      842, 830, 843, -1,
      843, 830, 839, -1,
      843, 839, 844, -1,
      844, 839, 840, -1,
      844, 840, 845, -1,
      845, 840, 841, -1,
      845, 841, 846, -1,
      310, 308, 847, -1,
      847, 308, 842, -1,
      847, 842, 848, -1,
      848, 842, 843, -1,
      848, 843, 849, -1,
      849, 843, 844, -1,
      849, 844, 850, -1,
      850, 844, 845, -1,
      850, 845, 833, -1,
      833, 845, 846, -1,
      833, 846, 834, -1,
      311, 310, 828, -1,
      828, 310, 847, -1,
      828, 847, 851, -1,
      851, 847, 848, -1,
      851, 848, 852, -1,
      852, 848, 849, -1,
      852, 849, 853, -1,
      853, 849, 850, -1,
      853, 850, 854, -1,
      854, 850, 833, -1,
      854, 833, 187, -1,
      187, 833, 183, -1,
      300, 302, 855, -1,
      855, 302, 828, -1,
      855, 828, 856, -1,
      856, 828, 851, -1,
      856, 851, 857, -1,
      857, 851, 852, -1,
      857, 852, 858, -1,
      858, 852, 853, -1,
      858, 853, 859, -1,
      859, 853, 854, -1,
      298, 300, 827, -1,
      827, 300, 855, -1,
      827, 855, 860, -1,
      860, 855, 856, -1,
      860, 856, 861, -1,
      861, 856, 857, -1,
      861, 857, 862, -1,
      862, 857, 858, -1,
      862, 858, 831, -1,
      831, 858, 859, -1,
      831, 859, 185, -1,
      185, 859, 854, -1,
      185, 854, 186, -1,
      186, 854, 187, -1,
      863, 864, 865, -1,
      865, 864, 190, -1,
      295, 297, 866, -1,
      866, 297, 827, -1,
      866, 827, 867, -1,
      867, 827, 860, -1,
      867, 860, 868, -1,
      868, 860, 861, -1,
      868, 861, 869, -1,
      869, 861, 862, -1,
      869, 862, 870, -1,
      870, 862, 831, -1,
      870, 831, 189, -1,
      189, 831, 188, -1,
      190, 197, 865, -1,
      865, 197, 196, -1,
      865, 196, 195, -1,
      871, 863, 872, -1,
      872, 863, 865, -1,
      872, 865, 873, -1,
      873, 865, 195, -1,
      191, 190, 874, -1,
      874, 190, 864, -1,
      874, 864, 875, -1,
      875, 864, 863, -1,
      875, 863, 876, -1,
      876, 863, 871, -1,
      876, 871, 877, -1,
      192, 191, 829, -1,
      829, 191, 874, -1,
      829, 874, 878, -1,
      878, 874, 875, -1,
      878, 875, 879, -1,
      879, 875, 876, -1,
      879, 876, 880, -1,
      880, 876, 877, -1,
      880, 877, 881, -1,
      293, 295, 881, -1,
      881, 295, 866, -1,
      881, 866, 880, -1,
      880, 866, 867, -1,
      880, 867, 879, -1,
      879, 867, 868, -1,
      879, 868, 878, -1,
      878, 868, 869, -1,
      878, 869, 829, -1,
      829, 869, 870, -1,
      829, 870, 193, -1,
      193, 870, 189, -1,
      292, 293, 763, -1,
      763, 293, 881, -1,
      763, 881, 765, -1,
      765, 881, 877, -1,
      765, 877, 767, -1,
      767, 877, 871, -1,
      767, 871, 769, -1,
      769, 871, 872, -1,
      769, 872, 771, -1,
      771, 872, 873, -1,
      771, 873, 194, -1,
      194, 873, 195, -1,
      882, 12, 883, -1,
      883, 12, 241, -1,
      883, 241, 884, -1,
      241, 242, 884, -1,
      884, 242, 245, -1,
      884, 245, 885, -1,
      245, 247, 885, -1,
      885, 247, 249, -1,
      885, 249, 886, -1,
      886, 249, 251, -1,
      886, 251, 887, -1,
      251, 253, 887, -1,
      887, 253, 255, -1,
      887, 255, 888, -1,
      255, 257, 888, -1,
      888, 257, 258, -1,
      888, 258, 889, -1,
      889, 258, 260, -1,
      889, 260, 890, -1,
      266, 780, 264, -1,
      264, 780, 890, -1,
      264, 890, 262, -1,
      262, 890, 260, -1,
      780, 793, 890, -1,
      890, 793, 891, -1,
      890, 891, 889, -1,
      889, 891, 892, -1,
      889, 892, 888, -1,
      888, 892, 893, -1,
      888, 893, 887, -1,
      887, 893, 894, -1,
      887, 894, 886, -1,
      886, 894, 895, -1,
      886, 895, 885, -1,
      885, 895, 896, -1,
      885, 896, 884, -1,
      884, 896, 897, -1,
      884, 897, 883, -1,
      883, 897, 898, -1,
      883, 898, 882, -1,
      882, 898, 899, -1,
      793, 788, 891, -1,
      891, 788, 900, -1,
      891, 900, 892, -1,
      892, 900, 901, -1,
      892, 901, 893, -1,
      893, 901, 902, -1,
      893, 902, 894, -1,
      894, 902, 903, -1,
      894, 903, 895, -1,
      895, 903, 904, -1,
      895, 904, 896, -1,
      896, 904, 905, -1,
      896, 905, 897, -1,
      897, 905, 906, -1,
      897, 906, 898, -1,
      898, 906, 907, -1,
      898, 907, 899, -1,
      899, 907, 908, -1,
      788, 785, 900, -1,
      900, 785, 909, -1,
      900, 909, 901, -1,
      901, 909, 910, -1,
      901, 910, 902, -1,
      902, 910, 911, -1,
      902, 911, 903, -1,
      903, 911, 912, -1,
      903, 912, 904, -1,
      904, 912, 913, -1,
      904, 913, 905, -1,
      905, 913, 914, -1,
      905, 914, 906, -1,
      906, 914, 915, -1,
      906, 915, 907, -1,
      907, 915, 916, -1,
      907, 916, 908, -1,
      908, 916, 917, -1,
      785, 782, 909, -1,
      909, 782, 918, -1,
      909, 918, 910, -1,
      910, 918, 919, -1,
      910, 919, 911, -1,
      911, 919, 920, -1,
      911, 920, 912, -1,
      912, 920, 921, -1,
      912, 921, 913, -1,
      913, 921, 922, -1,
      913, 922, 914, -1,
      914, 922, 923, -1,
      914, 923, 915, -1,
      915, 923, 924, -1,
      915, 924, 916, -1,
      916, 924, 925, -1,
      916, 925, 917, -1,
      917, 925, 926, -1,
      782, 74, 918, -1,
      918, 74, 73, -1,
      918, 73, 919, -1,
      919, 73, 71, -1,
      919, 71, 920, -1,
      920, 71, 79, -1,
      920, 79, 921, -1,
      921, 79, 78, -1,
      921, 78, 922, -1,
      922, 78, 76, -1,
      922, 76, 923, -1,
      923, 76, 103, -1,
      923, 103, 924, -1,
      924, 103, 102, -1,
      924, 102, 925, -1,
      925, 102, 100, -1,
      925, 100, 926, -1,
      926, 100, 98, -1,
      927, 835, 316, -1,
      316, 314, 927, -1,
      927, 314, 313, -1,
      927, 313, 928, -1,
      928, 313, 321, -1,
      928, 321, 929, -1,
      321, 323, 929, -1,
      929, 323, 325, -1,
      929, 325, 930, -1,
      325, 327, 930, -1,
      930, 327, 329, -1,
      930, 329, 931, -1,
      329, 331, 931, -1,
      931, 331, 333, -1,
      931, 333, 932, -1,
      932, 333, 335, -1,
      932, 335, 933, -1,
      1, 934, 341, -1,
      341, 934, 935, -1,
      341, 935, 338, -1,
      338, 935, 933, -1,
      338, 933, 337, -1,
      337, 933, 335, -1,
      934, 936, 935, -1,
      935, 936, 937, -1,
      935, 937, 933, -1,
      933, 937, 938, -1,
      933, 938, 932, -1,
      932, 938, 939, -1,
      932, 939, 931, -1,
      931, 939, 940, -1,
      931, 940, 930, -1,
      930, 940, 941, -1,
      930, 941, 929, -1,
      929, 941, 942, -1,
      929, 942, 928, -1,
      928, 942, 943, -1,
      928, 943, 927, -1,
      927, 943, 944, -1,
      927, 944, 835, -1,
      835, 944, 836, -1,
      936, 945, 937, -1,
      937, 945, 946, -1,
      937, 946, 938, -1,
      938, 946, 947, -1,
      938, 947, 939, -1,
      939, 947, 948, -1,
      939, 948, 940, -1,
      940, 948, 949, -1,
      940, 949, 941, -1,
      941, 949, 950, -1,
      941, 950, 942, -1,
      942, 950, 951, -1,
      942, 951, 943, -1,
      943, 951, 952, -1,
      943, 952, 944, -1,
      944, 952, 953, -1,
      944, 953, 836, -1,
      836, 953, 841, -1,
      945, 954, 946, -1,
      946, 954, 955, -1,
      946, 955, 947, -1,
      947, 955, 956, -1,
      947, 956, 948, -1,
      948, 956, 957, -1,
      948, 957, 949, -1,
      949, 957, 958, -1,
      949, 958, 950, -1,
      950, 958, 959, -1,
      950, 959, 951, -1,
      951, 959, 960, -1,
      951, 960, 952, -1,
      952, 960, 961, -1,
      952, 961, 953, -1,
      953, 961, 962, -1,
      953, 962, 841, -1,
      841, 962, 846, -1,
      954, 963, 955, -1,
      955, 963, 964, -1,
      955, 964, 956, -1,
      956, 964, 965, -1,
      956, 965, 957, -1,
      957, 965, 966, -1,
      957, 966, 958, -1,
      958, 966, 967, -1,
      958, 967, 959, -1,
      959, 967, 968, -1,
      959, 968, 960, -1,
      960, 968, 969, -1,
      960, 969, 961, -1,
      961, 969, 970, -1,
      961, 970, 962, -1,
      962, 970, 971, -1,
      962, 971, 846, -1,
      846, 971, 834, -1,
      963, 95, 964, -1,
      964, 95, 94, -1,
      964, 94, 965, -1,
      965, 94, 92, -1,
      965, 92, 966, -1,
      966, 92, 90, -1,
      966, 90, 967, -1,
      967, 90, 89, -1,
      967, 89, 968, -1,
      968, 89, 87, -1,
      968, 87, 969, -1,
      969, 87, 85, -1,
      969, 85, 970, -1,
      970, 85, 83, -1,
      970, 83, 971, -1,
      971, 83, 81, -1,
      971, 81, 834, -1,
      834, 81, 80, -1,
      98, 95, 926, -1,
      926, 95, 963, -1,
      926, 963, 917, -1,
      917, 963, 954, -1,
      917, 954, 908, -1,
      908, 954, 945, -1,
      908, 945, 899, -1,
      899, 945, 936, -1,
      899, 936, 882, -1,
      882, 936, 934, -1,
      1, 0, 934, -1,
      934, 0, 3, -1,
      3, 4, 934, -1,
      934, 4, 16, -1,
      934, 16, 882, -1,
      882, 16, 17, -1,
      882, 17, 18, -1,
      18, 19, 882, -1,
      882, 19, 20, -1,
      882, 20, 21, -1,
      21, 22, 882, -1,
      882, 22, 11, -1,
      882, 11, 12, -1,
      454, 453, 972, -1,
      454, 972, 973, -1,
      973, 972, 974, -1,
      973, 974, 975, -1,
      975, 974, 976, -1,
      975, 976, 977, -1,
      977, 976, 978, -1,
      977, 978, 979, -1,
      979, 978, 980, -1,
      979, 980, 981, -1,
      981, 980, 290, -1,
      981, 290, 343, -1,
      394, 389, 982, -1,
      386, 375, 983, -1,
      367, 364, 984, -1,
      356, 354, 985, -1,
      493, 489, 986, -1,
      986, 489, 987, -1,
      986, 987, 988, -1,
      988, 987, 989, -1,
      988, 989, 990, -1,
      990, 989, 991, -1,
      990, 991, 992, -1,
      992, 991, 993, -1,
      992, 993, 994, -1,
      994, 993, 985, -1,
      490, 491, 995, -1,
      995, 491, 996, -1,
      995, 996, 997, -1,
      997, 996, 998, -1,
      997, 998, 999, -1,
      999, 998, 1000, -1,
      999, 1000, 1001, -1,
      1001, 1000, 1002, -1,
      1001, 1002, 1003, -1,
      1003, 1002, 984, -1,
      464, 465, 1004, -1,
      1004, 465, 1005, -1,
      1004, 1005, 1006, -1,
      1006, 1005, 1007, -1,
      1006, 1007, 1008, -1,
      1008, 1007, 1009, -1,
      1008, 1009, 1010, -1,
      1010, 1009, 1011, -1,
      1010, 1011, 1012, -1,
      1012, 1011, 983, -1,
      481, 458, 1013, -1,
      1013, 458, 1014, -1,
      1013, 1014, 1015, -1,
      1015, 1014, 1016, -1,
      1015, 1016, 1017, -1,
      1017, 1016, 1018, -1,
      1017, 1018, 1019, -1,
      1019, 1018, 1020, -1,
      1019, 1020, 1021, -1,
      1021, 1020, 982, -1,
      459, 493, 1022, -1,
      1022, 493, 986, -1,
      1022, 986, 1023, -1,
      1023, 986, 988, -1,
      1023, 988, 1024, -1,
      1024, 988, 990, -1,
      1024, 990, 1025, -1,
      1025, 990, 992, -1,
      1025, 992, 1026, -1,
      1026, 992, 994, -1,
      1026, 994, 348, -1,
      348, 994, 350, -1,
      985, 354, 994, -1,
      994, 354, 352, -1,
      994, 352, 350, -1,
      358, 356, 1027, -1,
      1027, 356, 985, -1,
      1027, 985, 1028, -1,
      1028, 985, 993, -1,
      1028, 993, 1029, -1,
      1029, 993, 991, -1,
      1029, 991, 1030, -1,
      1030, 991, 989, -1,
      1030, 989, 1031, -1,
      1031, 989, 987, -1,
      1031, 987, 488, -1,
      488, 987, 489, -1,
      488, 490, 1031, -1,
      1031, 490, 995, -1,
      1031, 995, 1030, -1,
      1030, 995, 997, -1,
      1030, 997, 1029, -1,
      1029, 997, 999, -1,
      1029, 999, 1028, -1,
      1028, 999, 1001, -1,
      1028, 1001, 1027, -1,
      1027, 1001, 1003, -1,
      1027, 1003, 358, -1,
      358, 1003, 360, -1,
      984, 364, 1003, -1,
      1003, 364, 362, -1,
      1003, 362, 360, -1,
      369, 367, 1032, -1,
      1032, 367, 984, -1,
      1032, 984, 1033, -1,
      1033, 984, 1002, -1,
      1033, 1002, 1034, -1,
      1034, 1002, 1000, -1,
      1034, 1000, 1035, -1,
      1035, 1000, 998, -1,
      1035, 998, 1036, -1,
      1036, 998, 996, -1,
      1036, 996, 492, -1,
      492, 996, 491, -1,
      492, 463, 1036, -1,
      1036, 463, 1037, -1,
      1036, 1037, 1035, -1,
      1035, 1037, 1038, -1,
      1035, 1038, 1034, -1,
      1034, 1038, 1039, -1,
      1034, 1039, 1033, -1,
      1033, 1039, 1040, -1,
      1033, 1040, 1032, -1,
      1032, 1040, 1041, -1,
      1032, 1041, 369, -1,
      369, 1041, 371, -1,
      463, 464, 1037, -1,
      1037, 464, 1004, -1,
      1037, 1004, 1038, -1,
      1038, 1004, 1006, -1,
      1038, 1006, 1039, -1,
      1039, 1006, 1008, -1,
      1039, 1008, 1040, -1,
      1040, 1008, 1010, -1,
      1040, 1010, 1041, -1,
      1041, 1010, 1012, -1,
      1041, 1012, 371, -1,
      371, 1012, 373, -1,
      983, 375, 1012, -1,
      1012, 375, 377, -1,
      1012, 377, 373, -1,
      384, 386, 1042, -1,
      1042, 386, 983, -1,
      1042, 983, 1043, -1,
      1043, 983, 1011, -1,
      1043, 1011, 1044, -1,
      1044, 1011, 1009, -1,
      1044, 1009, 1045, -1,
      1045, 1009, 1007, -1,
      1045, 1007, 1046, -1,
      1046, 1007, 1005, -1,
      1046, 1005, 482, -1,
      482, 1005, 465, -1,
      482, 481, 1046, -1,
      1046, 481, 1013, -1,
      1046, 1013, 1045, -1,
      1045, 1013, 1015, -1,
      1045, 1015, 1044, -1,
      1044, 1015, 1017, -1,
      1044, 1017, 1043, -1,
      1043, 1017, 1019, -1,
      1043, 1019, 1042, -1,
      1042, 1019, 1021, -1,
      1042, 1021, 384, -1,
      384, 1021, 382, -1,
      982, 389, 1021, -1,
      1021, 389, 380, -1,
      1021, 380, 382, -1,
      346, 394, 1047, -1,
      1047, 394, 982, -1,
      1047, 982, 1048, -1,
      1048, 982, 1020, -1,
      1048, 1020, 1049, -1,
      1049, 1020, 1018, -1,
      1049, 1018, 1050, -1,
      1050, 1018, 1016, -1,
      1050, 1016, 1051, -1,
      1051, 1016, 1014, -1,
      1051, 1014, 457, -1,
      457, 1014, 458, -1,
      457, 454, 1051, -1,
      1051, 454, 973, -1,
      1051, 973, 1050, -1,
      1050, 973, 975, -1,
      1050, 975, 1049, -1,
      1049, 975, 977, -1,
      1049, 977, 1048, -1,
      1048, 977, 979, -1,
      1048, 979, 1047, -1,
      1047, 979, 981, -1,
      1047, 981, 346, -1,
      346, 981, 343, -1,
      339, 336, 1052, -1,
      328, 326, 1053, -1,
      318, 303, 1054, -1,
      301, 299, 1055, -1,
      487, 480, 1056, -1,
      1056, 480, 1057, -1,
      1056, 1057, 1058, -1,
      1058, 1057, 1059, -1,
      1058, 1059, 1060, -1,
      1060, 1059, 1061, -1,
      1060, 1061, 1062, -1,
      1062, 1061, 1063, -1,
      1062, 1063, 1064, -1,
      1064, 1063, 1055, -1,
      478, 474, 1065, -1,
      1065, 474, 1066, -1,
      1065, 1066, 1067, -1,
      1067, 1066, 1068, -1,
      1067, 1068, 1069, -1,
      1069, 1068, 1070, -1,
      1069, 1070, 1071, -1,
      1071, 1070, 1072, -1,
      1071, 1072, 1073, -1,
      1073, 1072, 1054, -1,
      475, 486, 1074, -1,
      1074, 486, 1075, -1,
      1074, 1075, 1076, -1,
      1076, 1075, 1077, -1,
      1076, 1077, 1078, -1,
      1078, 1077, 1079, -1,
      1078, 1079, 1080, -1,
      1080, 1079, 1081, -1,
      1080, 1081, 1082, -1,
      1082, 1081, 1053, -1,
      484, 483, 1083, -1,
      1083, 483, 1084, -1,
      1083, 1084, 1085, -1,
      1085, 1084, 1086, -1,
      1085, 1086, 1087, -1,
      1087, 1086, 1088, -1,
      1087, 1088, 1089, -1,
      1089, 1088, 1090, -1,
      1089, 1090, 1091, -1,
      1091, 1090, 1052, -1,
      453, 487, 972, -1,
      972, 487, 1056, -1,
      972, 1056, 974, -1,
      974, 1056, 1058, -1,
      974, 1058, 976, -1,
      976, 1058, 1060, -1,
      976, 1060, 978, -1,
      978, 1060, 1062, -1,
      978, 1062, 980, -1,
      980, 1062, 1064, -1,
      980, 1064, 290, -1,
      290, 1064, 294, -1,
      1055, 299, 1064, -1,
      1064, 299, 296, -1,
      1064, 296, 294, -1,
      309, 301, 1092, -1,
      1092, 301, 1055, -1,
      1092, 1055, 1093, -1,
      1093, 1055, 1063, -1,
      1093, 1063, 1094, -1,
      1094, 1063, 1061, -1,
      1094, 1061, 1095, -1,
      1095, 1061, 1059, -1,
      1095, 1059, 1096, -1,
      1096, 1059, 1057, -1,
      1096, 1057, 479, -1,
      479, 1057, 480, -1,
      479, 478, 1096, -1,
      1096, 478, 1065, -1,
      1096, 1065, 1095, -1,
      1095, 1065, 1067, -1,
      1095, 1067, 1094, -1,
      1094, 1067, 1069, -1,
      1094, 1069, 1093, -1,
      1093, 1069, 1071, -1,
      1093, 1071, 1092, -1,
      1092, 1071, 1073, -1,
      1092, 1073, 309, -1,
      309, 1073, 307, -1,
      1054, 303, 1073, -1,
      1073, 303, 305, -1,
      1073, 305, 307, -1,
      315, 318, 1097, -1,
      1097, 318, 1054, -1,
      1097, 1054, 1098, -1,
      1098, 1054, 1072, -1,
      1098, 1072, 1099, -1,
      1099, 1072, 1070, -1,
      1099, 1070, 1100, -1,
      1100, 1070, 1068, -1,
      1100, 1068, 1101, -1,
      1101, 1068, 1066, -1,
      1101, 1066, 476, -1,
      476, 1066, 474, -1,
      476, 477, 1101, -1,
      1101, 477, 1102, -1,
      1101, 1102, 1100, -1,
      1100, 1102, 1103, -1,
      1100, 1103, 1099, -1,
      1099, 1103, 1104, -1,
      1099, 1104, 1098, -1,
      1098, 1104, 1105, -1,
      1098, 1105, 1097, -1,
      1097, 1105, 1106, -1,
      1097, 1106, 315, -1,
      315, 1106, 312, -1,
      477, 475, 1102, -1,
      1102, 475, 1074, -1,
      1102, 1074, 1103, -1,
      1103, 1074, 1076, -1,
      1103, 1076, 1104, -1,
      1104, 1076, 1078, -1,
      1104, 1078, 1105, -1,
      1105, 1078, 1080, -1,
      1105, 1080, 1106, -1,
      1106, 1080, 1082, -1,
      1106, 1082, 312, -1,
      312, 1082, 322, -1,
      1053, 326, 1082, -1,
      1082, 326, 324, -1,
      1082, 324, 322, -1,
      330, 328, 1107, -1,
      1107, 328, 1053, -1,
      1107, 1053, 1108, -1,
      1108, 1053, 1081, -1,
      1108, 1081, 1109, -1,
      1109, 1081, 1079, -1,
      1109, 1079, 1110, -1,
      1110, 1079, 1077, -1,
      1110, 1077, 1111, -1,
      1111, 1077, 1075, -1,
      1111, 1075, 485, -1,
      485, 1075, 486, -1,
      485, 484, 1111, -1,
      1111, 484, 1083, -1,
      1111, 1083, 1110, -1,
      1110, 1083, 1085, -1,
      1110, 1085, 1109, -1,
      1109, 1085, 1087, -1,
      1109, 1087, 1108, -1,
      1108, 1087, 1089, -1,
      1108, 1089, 1107, -1,
      1107, 1089, 1091, -1,
      1107, 1091, 330, -1,
      330, 1091, 332, -1,
      1052, 336, 1091, -1,
      1091, 336, 334, -1,
      1091, 334, 332, -1,
      340, 339, 1112, -1,
      1112, 339, 1052, -1,
      1112, 1052, 1113, -1,
      1113, 1052, 1090, -1,
      1113, 1090, 1114, -1,
      1114, 1090, 1088, -1,
      1114, 1088, 1115, -1,
      1115, 1088, 1086, -1,
      1115, 1086, 1116, -1,
      1116, 1086, 1084, -1,
      1116, 1084, 473, -1,
      473, 1084, 483, -1,
      473, 472, 1116, -1,
      1116, 472, 1117, -1,
      1116, 1117, 1115, -1,
      1115, 1117, 1118, -1,
      1115, 1118, 1114, -1,
      1114, 1118, 1119, -1,
      1114, 1119, 1113, -1,
      1113, 1119, 1120, -1,
      1113, 1120, 1112, -1,
      1112, 1120, 1121, -1,
      1112, 1121, 340, -1,
      340, 1121, 28, -1,
      471, 459, 1022, -1,
      471, 1022, 1122, -1,
      1122, 1022, 1023, -1,
      1122, 1023, 1123, -1,
      1123, 1023, 1024, -1,
      1123, 1024, 1124, -1,
      1124, 1024, 1025, -1,
      1124, 1025, 1125, -1,
      1125, 1025, 1026, -1,
      1125, 1026, 1126, -1,
      1126, 1026, 348, -1,
      1126, 348, 398, -1,
      472, 455, 1127, -1,
      472, 1127, 1117, -1,
      1117, 1127, 1128, -1,
      1117, 1128, 1118, -1,
      1118, 1128, 1129, -1,
      1118, 1129, 1119, -1,
      1119, 1129, 1130, -1,
      1119, 1130, 1120, -1,
      1120, 1130, 1131, -1,
      1120, 1131, 1121, -1,
      1131, 5, 6, -1,
      1131, 6, 1121, -1,
      1121, 6, 27, -1,
      1121, 27, 15, -1,
      15, 14, 1121, -1,
      1121, 14, 35, -1,
      1121, 35, 34, -1,
      34, 33, 1121, -1,
      1121, 33, 32, -1,
      1121, 32, 31, -1,
      31, 30, 1121, -1,
      1121, 30, 29, -1,
      1121, 29, 28, -1,
      449, 430, 1132, -1,
      438, 440, 1133, -1,
      427, 413, 1134, -1,
      411, 409, 1135, -1,
      452, 470, 1136, -1,
      1136, 470, 1137, -1,
      1136, 1137, 1138, -1,
      1138, 1137, 1139, -1,
      1138, 1139, 1140, -1,
      1140, 1139, 1141, -1,
      1140, 1141, 1142, -1,
      1142, 1141, 1143, -1,
      1142, 1143, 1144, -1,
      1144, 1143, 1135, -1,
      468, 500, 1145, -1,
      1145, 500, 1146, -1,
      1145, 1146, 1147, -1,
      1147, 1146, 1148, -1,
      1147, 1148, 1149, -1,
      1149, 1148, 1150, -1,
      1149, 1150, 1151, -1,
      1151, 1150, 1152, -1,
      1151, 1152, 1153, -1,
      1153, 1152, 1134, -1,
      502, 501, 1154, -1,
      1154, 501, 1155, -1,
      1154, 1155, 1156, -1,
      1156, 1155, 1157, -1,
      1156, 1157, 1158, -1,
      1158, 1157, 1159, -1,
      1158, 1159, 1160, -1,
      1160, 1159, 1161, -1,
      1160, 1161, 1162, -1,
      1162, 1161, 1133, -1,
      467, 466, 1163, -1,
      1163, 466, 1164, -1,
      1163, 1164, 1165, -1,
      1165, 1164, 1166, -1,
      1165, 1166, 1167, -1,
      1167, 1166, 1168, -1,
      1167, 1168, 1169, -1,
      1169, 1168, 1170, -1,
      1169, 1170, 1171, -1,
      1171, 1170, 1132, -1,
      456, 452, 1172, -1,
      1172, 452, 1136, -1,
      1172, 1136, 1173, -1,
      1173, 1136, 1138, -1,
      1173, 1138, 1174, -1,
      1174, 1138, 1140, -1,
      1174, 1140, 1175, -1,
      1175, 1140, 1142, -1,
      1175, 1142, 1176, -1,
      1176, 1142, 1144, -1,
      1176, 1144, 400, -1,
      400, 1144, 404, -1,
      1135, 409, 1144, -1,
      1144, 409, 406, -1,
      1144, 406, 404, -1,
      419, 411, 1177, -1,
      1177, 411, 1135, -1,
      1177, 1135, 1178, -1,
      1178, 1135, 1143, -1,
      1178, 1143, 1179, -1,
      1179, 1143, 1141, -1,
      1179, 1141, 1180, -1,
      1180, 1141, 1139, -1,
      1180, 1139, 1181, -1,
      1181, 1139, 1137, -1,
      1181, 1137, 469, -1,
      469, 1137, 470, -1,
      469, 468, 1181, -1,
      1181, 468, 1145, -1,
      1181, 1145, 1180, -1,
      1180, 1145, 1147, -1,
      1180, 1147, 1179, -1,
      1179, 1147, 1149, -1,
      1179, 1149, 1178, -1,
      1178, 1149, 1151, -1,
      1178, 1151, 1177, -1,
      1177, 1151, 1153, -1,
      1177, 1153, 419, -1,
      419, 1153, 417, -1,
      1134, 413, 1153, -1,
      1153, 413, 415, -1,
      1153, 415, 417, -1,
      422, 427, 1182, -1,
      1182, 427, 1134, -1,
      1182, 1134, 1183, -1,
      1183, 1134, 1152, -1,
      1183, 1152, 1184, -1,
      1184, 1152, 1150, -1,
      1184, 1150, 1185, -1,
      1185, 1150, 1148, -1,
      1185, 1148, 1186, -1,
      1186, 1148, 1146, -1,
      1186, 1146, 499, -1,
      499, 1146, 500, -1,
      499, 503, 1186, -1,
      1186, 503, 1187, -1,
      1186, 1187, 1185, -1,
      1185, 1187, 1188, -1,
      1185, 1188, 1184, -1,
      1184, 1188, 1189, -1,
      1184, 1189, 1183, -1,
      1183, 1189, 1190, -1,
      1183, 1190, 1182, -1,
      1182, 1190, 1191, -1,
      1182, 1191, 422, -1,
      422, 1191, 423, -1,
      503, 502, 1187, -1,
      1187, 502, 1154, -1,
      1187, 1154, 1188, -1,
      1188, 1154, 1156, -1,
      1188, 1156, 1189, -1,
      1189, 1156, 1158, -1,
      1189, 1158, 1190, -1,
      1190, 1158, 1160, -1,
      1190, 1160, 1191, -1,
      1191, 1160, 1162, -1,
      1191, 1162, 423, -1,
      423, 1162, 444, -1,
      1133, 440, 1162, -1,
      1162, 440, 442, -1,
      1162, 442, 444, -1,
      436, 438, 1192, -1,
      1192, 438, 1133, -1,
      1192, 1133, 1193, -1,
      1193, 1133, 1161, -1,
      1193, 1161, 1194, -1,
      1194, 1161, 1159, -1,
      1194, 1159, 1195, -1,
      1195, 1159, 1157, -1,
      1195, 1157, 1196, -1,
      1196, 1157, 1155, -1,
      1196, 1155, 498, -1,
      498, 1155, 501, -1,
      498, 467, 1196, -1,
      1196, 467, 1163, -1,
      1196, 1163, 1195, -1,
      1195, 1163, 1165, -1,
      1195, 1165, 1194, -1,
      1194, 1165, 1167, -1,
      1194, 1167, 1193, -1,
      1193, 1167, 1169, -1,
      1193, 1169, 1192, -1,
      1192, 1169, 1171, -1,
      1192, 1171, 436, -1,
      436, 1171, 434, -1,
      1132, 430, 1171, -1,
      1171, 430, 432, -1,
      1171, 432, 434, -1,
      447, 449, 1197, -1,
      1197, 449, 1132, -1,
      1197, 1132, 1198, -1,
      1198, 1132, 1170, -1,
      1198, 1170, 1199, -1,
      1199, 1170, 1168, -1,
      1199, 1168, 1200, -1,
      1200, 1168, 1166, -1,
      1200, 1166, 1201, -1,
      1201, 1166, 1164, -1,
      1201, 1164, 494, -1,
      494, 1164, 466, -1,
      494, 471, 1201, -1,
      1201, 471, 1122, -1,
      1201, 1122, 1200, -1,
      1200, 1122, 1123, -1,
      1200, 1123, 1199, -1,
      1199, 1123, 1124, -1,
      1199, 1124, 1198, -1,
      1198, 1124, 1125, -1,
      1198, 1125, 1197, -1,
      1197, 1125, 1126, -1,
      1197, 1126, 447, -1,
      447, 1126, 398, -1,
      286, 281, 1202, -1,
      278, 267, 1203, -1,
      259, 256, 1204, -1,
      248, 246, 1205, -1,
      511, 509, 1206, -1,
      1206, 509, 1207, -1,
      1206, 1207, 1208, -1,
      1208, 1207, 1209, -1,
      1208, 1209, 1210, -1,
      1210, 1209, 1211, -1,
      1210, 1211, 1212, -1,
      1212, 1211, 1213, -1,
      1212, 1213, 1214, -1,
      1214, 1213, 1205, -1,
      507, 510, 1215, -1,
      1215, 510, 1216, -1,
      1215, 1216, 1217, -1,
      1217, 1216, 1218, -1,
      1217, 1218, 1219, -1,
      1219, 1218, 1220, -1,
      1219, 1220, 1221, -1,
      1221, 1220, 1222, -1,
      1221, 1222, 1223, -1,
      1223, 1222, 1204, -1,
      504, 497, 1224, -1,
      1224, 497, 1225, -1,
      1224, 1225, 1226, -1,
      1226, 1225, 1227, -1,
      1226, 1227, 1228, -1,
      1228, 1227, 1229, -1,
      1228, 1229, 1230, -1,
      1230, 1229, 1231, -1,
      1230, 1231, 1232, -1,
      1232, 1231, 1203, -1,
      495, 462, 1233, -1,
      1233, 462, 1234, -1,
      1233, 1234, 1235, -1,
      1235, 1234, 1236, -1,
      1235, 1236, 1237, -1,
      1237, 1236, 1238, -1,
      1237, 1238, 1239, -1,
      1239, 1238, 1240, -1,
      1239, 1240, 1241, -1,
      1241, 1240, 1202, -1,
      455, 511, 1127, -1,
      1127, 511, 1206, -1,
      1127, 1206, 1128, -1,
      1128, 1206, 1208, -1,
      1128, 1208, 1129, -1,
      1129, 1208, 1210, -1,
      1129, 1210, 1130, -1,
      1130, 1210, 1212, -1,
      1130, 1212, 1131, -1,
      1131, 1212, 1214, -1,
      1131, 1214, 5, -1,
      5, 1214, 243, -1,
      1205, 246, 1214, -1,
      1214, 246, 244, -1,
      1214, 244, 243, -1,
      250, 248, 1242, -1,
      1242, 248, 1205, -1,
      1242, 1205, 1243, -1,
      1243, 1205, 1213, -1,
      1243, 1213, 1244, -1,
      1244, 1213, 1211, -1,
      1244, 1211, 1245, -1,
      1245, 1211, 1209, -1,
      1245, 1209, 1246, -1,
      1246, 1209, 1207, -1,
      1246, 1207, 508, -1,
      508, 1207, 509, -1,
      508, 507, 1246, -1,
      1246, 507, 1215, -1,
      1246, 1215, 1245, -1,
      1245, 1215, 1217, -1,
      1245, 1217, 1244, -1,
      1244, 1217, 1219, -1,
      1244, 1219, 1243, -1,
      1243, 1219, 1221, -1,
      1243, 1221, 1242, -1,
      1242, 1221, 1223, -1,
      1242, 1223, 250, -1,
      250, 1223, 252, -1,
      1204, 256, 1223, -1,
      1223, 256, 254, -1,
      1223, 254, 252, -1,
      261, 259, 1247, -1,
      1247, 259, 1204, -1,
      1247, 1204, 1248, -1,
      1248, 1204, 1222, -1,
      1248, 1222, 1249, -1,
      1249, 1222, 1220, -1,
      1249, 1220, 1250, -1,
      1250, 1220, 1218, -1,
      1250, 1218, 1251, -1,
      1251, 1218, 1216, -1,
      1251, 1216, 506, -1,
      506, 1216, 510, -1,
      506, 505, 1251, -1,
      1251, 505, 1252, -1,
      1251, 1252, 1250, -1,
      1250, 1252, 1253, -1,
      1250, 1253, 1249, -1,
      1249, 1253, 1254, -1,
      1249, 1254, 1248, -1,
      1248, 1254, 1255, -1,
      1248, 1255, 1247, -1,
      1247, 1255, 1256, -1,
      1247, 1256, 261, -1,
      261, 1256, 263, -1,
      505, 504, 1252, -1,
      1252, 504, 1224, -1,
      1252, 1224, 1253, -1,
      1253, 1224, 1226, -1,
      1253, 1226, 1254, -1,
      1254, 1226, 1228, -1,
      1254, 1228, 1255, -1,
      1255, 1228, 1230, -1,
      1255, 1230, 1256, -1,
      1256, 1230, 1232, -1,
      1256, 1232, 263, -1,
      263, 1232, 265, -1,
      1203, 267, 1232, -1,
      1232, 267, 269, -1,
      1232, 269, 265, -1,
      276, 278, 1257, -1,
      1257, 278, 1203, -1,
      1257, 1203, 1258, -1,
      1258, 1203, 1231, -1,
      1258, 1231, 1259, -1,
      1259, 1231, 1229, -1,
      1259, 1229, 1260, -1,
      1260, 1229, 1227, -1,
      1260, 1227, 1261, -1,
      1261, 1227, 1225, -1,
      1261, 1225, 496, -1,
      496, 1225, 497, -1,
      496, 495, 1261, -1,
      1261, 495, 1233, -1,
      1261, 1233, 1260, -1,
      1260, 1233, 1235, -1,
      1260, 1235, 1259, -1,
      1259, 1235, 1237, -1,
      1259, 1237, 1258, -1,
      1258, 1237, 1239, -1,
      1258, 1239, 1257, -1,
      1257, 1239, 1241, -1,
      1257, 1241, 276, -1,
      276, 1241, 274, -1,
      1202, 281, 1241, -1,
      1241, 281, 272, -1,
      1241, 272, 274, -1,
      240, 286, 1262, -1,
      1262, 286, 1202, -1,
      1262, 1202, 1263, -1,
      1263, 1202, 1240, -1,
      1263, 1240, 1264, -1,
      1264, 1240, 1238, -1,
      1264, 1238, 1265, -1,
      1265, 1238, 1236, -1,
      1265, 1236, 1266, -1,
      1266, 1236, 1234, -1,
      1266, 1234, 461, -1,
      461, 1234, 462, -1,
      461, 460, 1266, -1,
      1266, 460, 1267, -1,
      1266, 1267, 1265, -1,
      1265, 1267, 1268, -1,
      1265, 1268, 1264, -1,
      1264, 1268, 1269, -1,
      1264, 1269, 1263, -1,
      1263, 1269, 1270, -1,
      1263, 1270, 1262, -1,
      1262, 1270, 1271, -1,
      1262, 1271, 240, -1,
      240, 1271, 238, -1,
      460, 456, 1172, -1,
      460, 1172, 1267, -1,
      1267, 1172, 1173, -1,
      1267, 1173, 1268, -1,
      1268, 1173, 1174, -1,
      1268, 1174, 1269, -1,
      1269, 1174, 1175, -1,
      1269, 1175, 1270, -1,
      1270, 1175, 1176, -1,
      1270, 1176, 1271, -1,
      1271, 1176, 400, -1,
      1271, 400, 238, -1,
    ]
  }
}

Shape {
  appearance Appearance {
    material Material {
      diffuseColor 0.1765 0.1765 0.1765
      specularColor 0.0510 0.0510 0.0510
      ambientIntensity 0.2
      transparency 0.0000
      shininess 0.5
    }
  }
  geometry IndexedFaceSet {
    ccw TRUE
    solid FALSE
    coord DEF co Coordinate {
      point [
        1.338583 0.787402 0.196850,
        1.338583 0.787402 0.000000,
        -1.338583 0.787402 0.000000,
        -1.338583 0.787402 0.196850,
        -1.338583 -0.787402 0.196850,
        1.338583 -0.787402 0.000000,
        1.338583 -0.787402 0.196850,
        -1.338583 -0.787402 0.000000,
        -1.377953 0.748031 0.196850,
        -1.377953 -0.748031 0.196850,
        -1.376611 -0.758221 0.196850,
        -1.372678 -0.767717 0.196850,
        -1.366422 -0.775870 0.196850,
        -1.348772 -0.786060 0.196850,
        -1.358268 -0.782127 0.196850,
        -1.348772 0.786060 0.196850,
        -1.358268 0.782127 0.196850,
        -1.376611 0.758221 0.196850,
        -1.372678 0.767717 0.196850,
        -1.366422 0.775870 0.196850,
        1.377953 0.118110 0.000000,
        1.377953 0.748031 0.000000,
        1.377953 0.118110 0.078740,
        1.377953 0.748031 0.196850,
        1.377953 -0.118110 0.078740,
        1.377953 -0.748031 0.196850,
        1.377953 -0.118110 0.000000,
        1.377953 -0.748031 0.000000,
        -1.377953 -0.118110 0.000000,
        -1.377953 -0.748031 0.000000,
        -1.377953 -0.118110 0.078740,
        -1.377953 0.118110 0.078740,
        -1.377953 0.118110 0.000000,
        -1.377953 0.748031 0.000000,
        1.358268 -0.782127 0.196850,
        1.366422 -0.775870 0.196850,
        1.376611 -0.758221 0.196850,
        1.372678 -0.767717 0.196850,
        1.372678 0.767717 0.196850,
        1.366422 0.775870 0.196850,
        1.348772 -0.786060 0.196850,
        1.376611 0.758221 0.196850,
        1.348772 0.786060 0.196850,
        1.358268 0.782127 0.196850,
        -0.296265 -0.097436 0.000000,
        -0.274367 -0.068898 0.000000,
        0.296265 -0.097436 0.000000,
        -0.260601 -0.035664 0.000000,
        0.274367 -0.068898 0.000000,
        -0.296265 0.097436 0.000000,
        -0.324803 0.119334 0.000000,
        -0.358037 0.133100 0.000000,
        -0.393701 0.137795 0.000000,
        0.429365 -0.133100 0.000000,
        0.462598 -0.119334 0.000000,
        0.296265 0.097436 0.000000,
        0.274367 0.068898 0.000000,
        0.260601 0.035664 0.000000,
        -0.274367 0.068898 0.000000,
        -0.260601 0.035664 0.000000,
        -0.255906 0.000000 0.000000,
        0.255906 -0.000000 0.000000,
        0.260601 -0.035664 0.000000,
        0.324803 -0.119334 0.000000,
        0.358037 -0.133100 0.000000,
        0.393701 -0.137795 0.000000,
        0.429365 0.133100 0.000000,
        0.393701 0.137795 0.000000,
        0.358037 0.133100 0.000000,
        0.324803 0.119334 0.000000,
        -0.429365 -0.133100 0.000000,
        -0.393701 -0.137795 0.000000,
        -0.358037 -0.133100 0.000000,
        -0.324803 -0.119334 0.000000,
        0.464676 -0.118110 0.000000,
        1.358268 0.782127 0.000000,
        1.366422 0.775870 0.000000,
        0.462598 0.119334 0.000000,
        0.464676 0.118110 0.000000,
        -0.464676 0.118110 0.000000,
        -0.462598 0.119334 0.000000,
        -1.376611 0.758221 0.000000,
        -1.366422 -0.775870 0.000000,
        -1.372678 -0.767717 0.000000,
        -0.462598 -0.119334 0.000000,
        1.376611 -0.758221 0.000000,
        1.372678 -0.767717 0.000000,
        1.366422 -0.775870 0.000000,
        1.358268 -0.782127 0.000000,
        1.348772 -0.786060 0.000000,
        1.348772 0.786060 0.000000,
        1.372678 0.767717 0.000000,
        1.376611 0.758221 0.000000,
        -1.372678 0.767717 0.000000,
        -1.366422 0.775870 0.000000,
        -1.358268 0.782127 0.000000,
        -0.429365 0.133100 0.000000,
        -1.348772 0.786060 0.000000,
        -1.358268 -0.782127 0.000000,
        -0.464676 -0.118110 0.000000,
        -1.376611 -0.758221 0.000000,
        -1.348772 -0.786060 0.000000,
        -0.464676 -0.118110 0.078740,
        -0.464676 0.118110 0.078740,
        -0.462598 -0.119334 0.118110,
        -0.491137 -0.097436 0.118110,
        -0.491137 -0.097436 0.078740,
        -0.513035 -0.068898 0.118110,
        -0.513035 -0.068898 0.078740,
        -0.526801 -0.035664 0.118110,
        -0.526801 -0.035664 0.078740,
        -0.531496 -0.000000 0.118110,
        -0.531496 -0.000000 0.078740,
        -0.526801 0.035664 0.118110,
        -0.526801 0.035664 0.078740,
        -0.513035 0.068898 0.118110,
        -0.513035 0.068898 0.078740,
        -0.491137 0.097436 0.118110,
        -0.491137 0.097436 0.078740,
        -0.462598 0.119334 0.118110,
        -0.429365 0.133100 0.118110,
        -0.393701 0.137795 0.118110,
        -0.358037 0.133100 0.118110,
        -0.324803 0.119334 0.118110,
        -0.296265 0.097436 0.118110,
        -0.274367 0.068898 0.118110,
        -0.260601 0.035664 0.118110,
        -0.255906 0.000000 0.118110,
        -0.260601 -0.035664 0.118110,
        -0.274367 -0.068898 0.118110,
        -0.296265 -0.097436 0.118110,
        -0.324803 -0.119334 0.118110,
        -0.358037 -0.133100 0.118110,
        -0.393701 -0.137795 0.118110,
        -0.429365 -0.133100 0.118110,
        0.464676 -0.118110 0.078740,
        0.462598 0.119334 0.118110,
        0.464676 0.118110 0.078740,
        0.491137 0.097436 0.118110,
        0.491137 0.097436 0.078740,
        0.513035 0.068898 0.118110,
        0.513035 0.068898 0.078740,
        0.526801 0.035664 0.118110,
        0.526801 0.035664 0.078740,
        0.531496 0.000000 0.118110,
        0.531496 0.000000 0.078740,
        0.526801 -0.035664 0.118110,
        0.526801 -0.035664 0.078740,
        0.513035 -0.068898 0.118110,
        0.513035 -0.068898 0.078740,
        0.491137 -0.097436 0.118110,
        0.491137 -0.097436 0.078740,
        0.462598 -0.119334 0.118110,
        0.429365 -0.133100 0.118110,
        0.393701 -0.137795 0.118110,
        0.358037 -0.133100 0.118110,
        0.324803 -0.119334 0.118110,
        0.296265 -0.097436 0.118110,
        0.274367 -0.068898 0.118110,
        0.260601 -0.035664 0.118110,
        0.255906 -0.000000 0.118110,
        0.260601 0.035664 0.118110,
        0.274367 0.068898 0.118110,
        0.296265 0.097436 0.118110,
        0.324803 0.119334 0.118110,
        0.358037 0.133100 0.118110,
        0.393701 0.137795 0.118110,
        0.429365 0.133100 0.118110,
        0.393701 0.000000 0.118110,
        -0.393701 0.000000 0.118110,
      ]
    }
    coordIndex [
      30, 102, 28, -1,
      28, 102, 99, -1,
      103, 79, 80, -1,
      104, 102, 105, -1,
      105, 102, 106, -1,
      105, 106, 107, -1,
      107, 106, 108, -1,
      107, 108, 109, -1,
      109, 108, 110, -1,
      109, 110, 111, -1,
      111, 110, 112, -1,
      111, 112, 113, -1,
      113, 112, 114, -1,
      113, 114, 115, -1,
      115, 114, 116, -1,
      115, 116, 117, -1,
      117, 116, 118, -1,
      117, 118, 119, -1,
      118, 103, 119, -1,
      119, 103, 80, -1,
      119, 80, 120, -1,
      120, 80, 96, -1,
      120, 96, 121, -1,
      121, 96, 52, -1,
      121, 52, 122, -1,
      122, 52, 51, -1,
      122, 51, 123, -1,
      123, 51, 50, -1,
      123, 50, 124, -1,
      124, 50, 49, -1,
      124, 49, 125, -1,
      125, 49, 58, -1,
      125, 58, 126, -1,
      126, 58, 59, -1,
      126, 59, 127, -1,
      127, 59, 60, -1,
      127, 60, 128, -1,
      128, 60, 47, -1,
      128, 47, 129, -1,
      129, 47, 45, -1,
      129, 45, 130, -1,
      130, 45, 44, -1,
      130, 44, 131, -1,
      131, 44, 73, -1,
      131, 73, 132, -1,
      132, 73, 72, -1,
      132, 72, 133, -1,
      133, 72, 71, -1,
      133, 71, 134, -1,
      134, 71, 70, -1,
      134, 70, 104, -1,
      104, 70, 84, -1,
      104, 84, 102, -1,
      102, 84, 99, -1,
      103, 31, 79, -1,
      79, 31, 32, -1,
      116, 31, 118, -1,
      118, 31, 103, -1,
      116, 114, 31, -1,
      31, 114, 112, -1,
      31, 112, 30, -1,
      30, 112, 110, -1,
      110, 108, 30, -1,
      30, 108, 106, -1,
      30, 106, 102, -1,
      135, 74, 54, -1,
      136, 137, 138, -1,
      138, 137, 139, -1,
      138, 139, 140, -1,
      140, 139, 141, -1,
      140, 141, 142, -1,
      142, 141, 143, -1,
      142, 143, 144, -1,
      144, 143, 145, -1,
      144, 145, 146, -1,
      146, 145, 147, -1,
      146, 147, 148, -1,
      148, 147, 149, -1,
      148, 149, 150, -1,
      150, 149, 151, -1,
      150, 151, 152, -1,
      151, 135, 152, -1,
      152, 135, 54, -1,
      152, 54, 153, -1,
      153, 54, 53, -1,
      153, 53, 154, -1,
      154, 53, 65, -1,
      154, 65, 155, -1,
      155, 65, 64, -1,
      155, 64, 156, -1,
      156, 64, 63, -1,
      156, 63, 157, -1,
      157, 63, 46, -1,
      157, 46, 158, -1,
      158, 46, 48, -1,
      158, 48, 159, -1,
      159, 48, 62, -1,
      159, 62, 160, -1,
      160, 62, 61, -1,
      160, 61, 161, -1,
      161, 61, 57, -1,
      161, 57, 162, -1,
      162, 57, 56, -1,
      162, 56, 163, -1,
      163, 56, 55, -1,
      163, 55, 164, -1,
      164, 55, 69, -1,
      164, 69, 165, -1,
      165, 69, 68, -1,
      165, 68, 166, -1,
      166, 68, 67, -1,
      166, 67, 167, -1,
      167, 67, 66, -1,
      167, 66, 136, -1,
      136, 66, 77, -1,
      136, 77, 137, -1,
      137, 77, 78, -1,
      135, 24, 74, -1,
      74, 24, 26, -1,
      22, 137, 20, -1,
      20, 137, 78, -1,
      24, 135, 151, -1,
      151, 149, 24, -1,
      24, 149, 147, -1,
      24, 147, 22, -1,
      22, 147, 145, -1,
      22, 145, 143, -1,
      143, 141, 22, -1,
      22, 141, 139, -1,
      22, 139, 137, -1,
      158, 159, 168, -1,
      168, 159, 160, -1,
      168, 160, 161, -1,
      155, 156, 168, -1,
      168, 156, 157, -1,
      168, 157, 158, -1,
      152, 153, 168, -1,
      168, 153, 154, -1,
      168, 154, 155, -1,
      146, 148, 168, -1,
      168, 148, 150, -1,
      168, 150, 152, -1,
      140, 142, 168, -1,
      168, 142, 144, -1,
      168, 144, 146, -1,
      167, 136, 168, -1,
      168, 136, 138, -1,
      168, 138, 140, -1,
      164, 165, 168, -1,
      168, 165, 166, -1,
      168, 166, 167, -1,
      161, 162, 168, -1,
      168, 162, 163, -1,
      168, 163, 164, -1,
      107, 109, 169, -1,
      169, 109, 111, -1,
      169, 111, 113, -1,
      134, 104, 169, -1,
      169, 104, 105, -1,
      169, 105, 107, -1,
      131, 132, 169, -1,
      169, 132, 133, -1,
      169, 133, 134, -1,
      128, 129, 169, -1,
      169, 129, 130, -1,
      169, 130, 131, -1,
      125, 126, 169, -1,
      169, 126, 127, -1,
      169, 127, 128, -1,
      122, 123, 169, -1,
      169, 123, 124, -1,
      169, 124, 125, -1,
      119, 120, 169, -1,
      169, 120, 121, -1,
      169, 121, 122, -1,
      113, 115, 169, -1,
      169, 115, 117, -1,
      169, 117, 119, -1,
      23, 21, 92, -1,
      23, 92, 41, -1,
      41, 92, 91, -1,
      41, 91, 38, -1,
      38, 91, 76, -1,
      38, 76, 39, -1,
      39, 76, 75, -1,
      39, 75, 43, -1,
      43, 75, 90, -1,
      43, 90, 42, -1,
      42, 90, 1, -1,
      42, 1, 0, -1,
      6, 5, 89, -1,
      6, 89, 40, -1,
      40, 89, 88, -1,
      40, 88, 34, -1,
      34, 88, 87, -1,
      34, 87, 35, -1,
      35, 87, 86, -1,
      35, 86, 37, -1,
      37, 86, 85, -1,
      37, 85, 36, -1,
      36, 85, 27, -1,
      36, 27, 25, -1,
      9, 29, 100, -1,
      9, 100, 10, -1,
      10, 100, 83, -1,
      10, 83, 11, -1,
      11, 83, 82, -1,
      11, 82, 12, -1,
      12, 82, 98, -1,
      12, 98, 14, -1,
      14, 98, 101, -1,
      14, 101, 13, -1,
      13, 101, 7, -1,
      13, 7, 4, -1,
      3, 2, 97, -1,
      3, 97, 15, -1,
      15, 97, 95, -1,
      15, 95, 16, -1,
      16, 95, 94, -1,
      16, 94, 19, -1,
      19, 94, 93, -1,
      19, 93, 18, -1,
      18, 93, 81, -1,
      18, 81, 17, -1,
      17, 81, 33, -1,
      17, 33, 8, -1,
    ]
  }
}

Shape {
  appearance Appearance {
    material Material {
      diffuseColor 0.0000 0.0000 0.0000
      specularColor 0.0000 0.0000 0.0000
      ambientIntensity 0.2
      transparency 0.0000
      shininess 0.5
    }
  }
  geometry IndexedFaceSet {
    ccw TRUE
    solid FALSE
    coord DEF co Coordinate {
      point [
        -0.023872 0.610236 0.563637,
        -0.023872 0.610236 0.516343,
        -0.045131 0.610236 0.516343,
        -0.050534 0.610236 0.521689,
        -0.049702 0.610236 0.523825,
        -0.119271 0.610236 0.563637,
        -0.125459 0.610236 0.563637,
        -0.125459 0.610236 0.557496,
        -0.123945 0.610236 0.534300,
        -0.123945 0.610236 0.540413,
        -0.119271 0.610236 0.540413,
        -0.119271 0.610236 0.557496,
        -0.104855 0.610236 0.540413,
        -0.104855 0.610236 0.557496,
        -0.097965 0.610236 0.510257,
        -0.104855 0.610236 0.534300,
        -0.104855 0.610236 0.516343,
        -0.119271 0.610236 0.534300,
        -0.119271 0.610236 0.516343,
        -0.126674 0.610236 0.516343,
        -0.126674 0.610236 0.510257,
        -0.119271 0.610236 0.510257,
        -0.097965 0.610236 0.563637,
        -0.074700 0.610236 0.558315,
        -0.072197 0.610236 0.558193,
        -0.085002 0.610236 0.518049,
        -0.081271 0.610236 0.557531,
        -0.087280 0.610236 0.555150,
        -0.087280 0.610236 0.519072,
        -0.086686 0.610236 0.555470,
        -0.085002 0.610236 0.556111,
        -0.067613 0.610236 0.557215,
        -0.063458 0.610236 0.555180,
        -0.060154 0.610236 0.552393,
        -0.059786 0.610236 0.551990,
        -0.057207 0.610236 0.548279,
        -0.055421 0.610236 0.543666,
        -0.054546 0.610236 0.536346,
        -0.054632 0.610236 0.533956,
        -0.082020 0.610236 0.516711,
        -0.075981 0.610236 0.515589,
        -0.073499 0.610236 0.515497,
        -0.055550 0.610236 0.528711,
        -0.057334 0.610236 0.524463,
        -0.059785 0.610236 0.521119,
        -0.061278 0.610236 0.519689,
        -0.068812 0.610236 0.515981,
        -0.064888 0.610236 0.517328,
        -0.080362 0.610236 0.564087,
        -0.081621 0.610236 0.563988,
        -0.085002 0.610236 0.563012,
        -0.087280 0.610236 0.562354,
        -0.074631 0.610236 0.564537,
        -0.070920 0.610236 0.564087,
        -0.051154 0.610236 0.551623,
        -0.055023 0.610236 0.556678,
        -0.056348 0.610236 0.557941,
        -0.061345 0.610236 0.561439,
        -0.066925 0.610236 0.563602,
        -0.048619 0.610236 0.545693,
        -0.049702 0.610236 0.548227,
        -0.048363 0.610236 0.527262,
        -0.047314 0.610236 0.535937,
        -0.047408 0.610236 0.538725,
        -0.062652 0.610236 0.510996,
        -0.057728 0.610236 0.513560,
        -0.054164 0.610236 0.516643,
        -0.053717 0.610236 0.517131,
        -0.067522 0.610236 0.509807,
        -0.068270 0.610236 0.509624,
        -0.072503 0.610236 0.509356,
        -0.077213 0.610236 0.509807,
        -0.087280 0.610236 0.512468,
        -0.086370 0.610236 0.512014,
        -0.085002 0.610236 0.511565,
        -0.080639 0.610236 0.510134,
        -0.016981 0.610236 0.510257,
        -0.016981 0.610236 0.563637,
        -0.045131 0.610236 0.510257,
        -0.177359 0.610236 0.550063,
        -0.179331 0.610236 0.544970,
        -0.180217 0.610236 0.537629,
        -0.180057 0.610236 0.534225,
        -0.178763 0.610236 0.527976,
        -0.176133 0.610236 0.522456,
        -0.172167 0.610236 0.517735,
        -0.166577 0.610236 0.513730,
        -0.151985 0.610236 0.563637,
        -0.160136 0.610236 0.562737,
        -0.166579 0.610236 0.560383,
        -0.160489 0.610236 0.511356,
        -0.151440 0.610236 0.510257,
        -0.136757 0.610236 0.510257,
        -0.136757 0.610236 0.563637,
        -0.172167 0.610236 0.556569,
        -0.174056 0.610236 0.554719,
        -0.045131 0.610630 0.516343,
        -0.045131 0.610630 0.510257,
        -0.023872 0.610630 0.516343,
        -0.023872 0.610630 0.563637,
        -0.016981 0.610630 0.563637,
        -0.016981 0.610630 0.510257,
        -0.087280 0.610630 0.512468,
        -0.086370 0.610630 0.512014,
        -0.080639 0.610630 0.510134,
        -0.072503 0.610630 0.509356,
        -0.087280 0.610630 0.519072,
        -0.082020 0.610630 0.516711,
        -0.075981 0.610630 0.515589,
        -0.073499 0.610630 0.515497,
        -0.068812 0.610630 0.515981,
        -0.064888 0.610630 0.517328,
        -0.061278 0.610630 0.519689,
        -0.059785 0.610630 0.521119,
        -0.057334 0.610630 0.524463,
        -0.055550 0.610630 0.528711,
        -0.054632 0.610630 0.533956,
        -0.054546 0.610630 0.536346,
        -0.055421 0.610630 0.543666,
        -0.057207 0.610630 0.548279,
        -0.059786 0.610630 0.551990,
        -0.060154 0.610630 0.552393,
        -0.063458 0.610630 0.555180,
        -0.067613 0.610630 0.557215,
        -0.072197 0.610630 0.558193,
        -0.074700 0.610630 0.558315,
        -0.087280 0.610630 0.555150,
        -0.086686 0.610630 0.555470,
        -0.081271 0.610630 0.557531,
        -0.087280 0.610630 0.562354,
        -0.081621 0.610630 0.563988,
        -0.074631 0.610630 0.564537,
        -0.066925 0.610630 0.563602,
        -0.061345 0.610630 0.561439,
        -0.056348 0.610630 0.557941,
        -0.055023 0.610630 0.556678,
        -0.051154 0.610630 0.551623,
        -0.048619 0.610630 0.545693,
        -0.047408 0.610630 0.538725,
        -0.047314 0.610630 0.535937,
        -0.048363 0.610630 0.527262,
        -0.050534 0.610630 0.521689,
        -0.053717 0.610630 0.517131,
        -0.054164 0.610630 0.516643,
        -0.057728 0.610630 0.513560,
        -0.068270 0.610630 0.509624,
        -0.062652 0.610630 0.510996,
        -0.126674 0.610630 0.516343,
        -0.126674 0.610630 0.510257,
        -0.104855 0.610630 0.516343,
        -0.104855 0.610630 0.534300,
        -0.123945 0.610630 0.534300,
        -0.123945 0.610630 0.540413,
        -0.104855 0.610630 0.540413,
        -0.104855 0.610630 0.557496,
        -0.125459 0.610630 0.557496,
        -0.125459 0.610630 0.563637,
        -0.097965 0.610630 0.563637,
        -0.097965 0.610630 0.510257,
        -0.172167 0.610630 0.517735,
        -0.166636 0.610630 0.521321,
        -0.166577 0.610630 0.513730,
        -0.163191 0.610630 0.518930,
        -0.160489 0.610630 0.511356,
        -0.158779 0.610630 0.517222,
        -0.151440 0.610630 0.510257,
        -0.151399 0.610630 0.516343,
        -0.136757 0.610630 0.510257,
        -0.143648 0.610630 0.516343,
        -0.136757 0.610630 0.563637,
        -0.143648 0.610630 0.557496,
        -0.151985 0.610630 0.563637,
        -0.151713 0.610630 0.557496,
        -0.152210 0.610630 0.557493,
        -0.160136 0.610630 0.562737,
        -0.159056 0.610630 0.556620,
        -0.166579 0.610630 0.560383,
        -0.163605 0.610630 0.554868,
        -0.172167 0.610630 0.556569,
        -0.167118 0.610630 0.552475,
        -0.174056 0.610630 0.554719,
        -0.168615 0.610630 0.550998,
        -0.177359 0.610630 0.550063,
        -0.170682 0.610630 0.548004,
        -0.179331 0.610630 0.544970,
        -0.172185 0.610630 0.544101,
        -0.180217 0.610630 0.537629,
        -0.172972 0.610630 0.537438,
        -0.180057 0.610630 0.534225,
        -0.172767 0.610630 0.533807,
        -0.178763 0.610630 0.527976,
        -0.171694 0.610630 0.528972,
        -0.176133 0.610630 0.522456,
        -0.169822 0.610630 0.525043,
        -0.167268 0.610630 0.521910,
        -0.151713 0.610236 0.557496,
        -0.143648 0.610236 0.557496,
        -0.143648 0.610236 0.516343,
        -0.151399 0.610236 0.516343,
        -0.167268 0.610236 0.521910,
        -0.166636 0.610236 0.521321,
        -0.163191 0.610236 0.518930,
        -0.158779 0.610236 0.517222,
        -0.172972 0.610236 0.537438,
        -0.172767 0.610236 0.533807,
        -0.171694 0.610236 0.528972,
        -0.169822 0.610236 0.525043,
        -0.167118 0.610236 0.552475,
        -0.168615 0.610236 0.550998,
        -0.170682 0.610236 0.548004,
        -0.172185 0.610236 0.544101,
        -0.152210 0.610236 0.557493,
        -0.159056 0.610236 0.556620,
        -0.163605 0.610236 0.554868,
      ]
    }
    coordIndex [
      96, 97, 2, -1,
      2, 97, 78, -1,
      98, 96, 1, -1,
      1, 96, 2, -1,
      99, 98, 0, -1,
      0, 98, 1, -1,
      100, 99, 77, -1,
      77, 99, 0, -1,
      101, 100, 76, -1,
      76, 100, 77, -1,
      97, 101, 78, -1,
      78, 101, 76, -1,
      99, 100, 98, -1,
      98, 100, 101, -1,
      98, 101, 96, -1,
      96, 101, 97, -1,
      72, 102, 103, -1,
      104, 105, 71, -1,
      71, 105, 70, -1,
      71, 75, 104, -1,
      104, 75, 74, -1,
      104, 74, 103, -1,
      103, 74, 73, -1,
      103, 73, 72, -1,
      106, 102, 28, -1,
      28, 102, 72, -1,
      106, 28, 25, -1,
      106, 25, 107, -1,
      25, 39, 107, -1,
      107, 39, 40, -1,
      107, 40, 108, -1,
      108, 40, 41, -1,
      108, 41, 109, -1,
      109, 41, 46, -1,
      109, 46, 110, -1,
      110, 46, 47, -1,
      110, 47, 111, -1,
      111, 47, 45, -1,
      111, 45, 112, -1,
      112, 45, 44, -1,
      112, 44, 113, -1,
      113, 44, 43, -1,
      113, 43, 114, -1,
      114, 43, 42, -1,
      114, 42, 115, -1,
      115, 42, 38, -1,
      115, 38, 116, -1,
      116, 38, 37, -1,
      116, 37, 117, -1,
      117, 37, 36, -1,
      117, 36, 118, -1,
      118, 36, 35, -1,
      118, 35, 119, -1,
      119, 35, 34, -1,
      119, 34, 120, -1,
      120, 34, 33, -1,
      120, 33, 121, -1,
      121, 33, 32, -1,
      121, 32, 122, -1,
      122, 32, 31, -1,
      122, 31, 123, -1,
      123, 31, 24, -1,
      123, 24, 124, -1,
      124, 24, 23, -1,
      124, 23, 125, -1,
      27, 126, 127, -1,
      125, 23, 26, -1,
      125, 26, 128, -1,
      128, 26, 30, -1,
      128, 30, 127, -1,
      127, 30, 29, -1,
      127, 29, 27, -1,
      129, 126, 51, -1,
      51, 126, 27, -1,
      129, 51, 50, -1,
      129, 50, 130, -1,
      52, 131, 48, -1,
      48, 131, 130, -1,
      48, 130, 49, -1,
      49, 130, 50, -1,
      131, 52, 53, -1,
      131, 53, 132, -1,
      53, 58, 132, -1,
      132, 58, 57, -1,
      132, 57, 133, -1,
      133, 57, 56, -1,
      133, 56, 134, -1,
      134, 56, 55, -1,
      134, 55, 135, -1,
      135, 55, 54, -1,
      135, 54, 136, -1,
      136, 54, 60, -1,
      136, 60, 137, -1,
      60, 59, 137, -1,
      137, 59, 63, -1,
      137, 63, 138, -1,
      138, 63, 62, -1,
      138, 62, 139, -1,
      139, 62, 61, -1,
      139, 61, 140, -1,
      140, 61, 4, -1,
      140, 4, 141, -1,
      4, 3, 141, -1,
      141, 3, 67, -1,
      141, 67, 142, -1,
      142, 67, 66, -1,
      142, 66, 143, -1,
      64, 144, 65, -1,
      65, 144, 143, -1,
      65, 143, 66, -1,
      68, 145, 64, -1,
      64, 145, 146, -1,
      64, 146, 144, -1,
      68, 69, 145, -1,
      145, 69, 70, -1,
      145, 70, 105, -1,
      118, 119, 136, -1,
      136, 119, 135, -1,
      139, 117, 138, -1,
      138, 117, 118, -1,
      138, 118, 137, -1,
      137, 118, 136, -1,
      119, 120, 135, -1,
      135, 120, 121, -1,
      135, 121, 134, -1,
      134, 121, 122, -1,
      134, 122, 133, -1,
      133, 122, 132, -1,
      132, 122, 123, -1,
      132, 123, 131, -1,
      102, 106, 103, -1,
      103, 106, 107, -1,
      103, 107, 104, -1,
      104, 107, 108, -1,
      104, 108, 105, -1,
      105, 108, 109, -1,
      105, 109, 145, -1,
      145, 109, 110, -1,
      145, 110, 146, -1,
      146, 110, 111, -1,
      146, 111, 144, -1,
      144, 111, 112, -1,
      144, 112, 143, -1,
      143, 112, 113, -1,
      143, 113, 142, -1,
      142, 113, 114, -1,
      142, 114, 141, -1,
      141, 114, 140, -1,
      140, 114, 115, -1,
      140, 115, 139, -1,
      139, 115, 116, -1,
      139, 116, 117, -1,
      123, 124, 131, -1,
      131, 124, 125, -1,
      131, 125, 130, -1,
      130, 125, 128, -1,
      130, 128, 129, -1,
      129, 128, 127, -1,
      129, 127, 126, -1,
      147, 148, 19, -1,
      19, 148, 20, -1,
      16, 149, 18, -1,
      18, 149, 147, -1,
      18, 147, 19, -1,
      150, 149, 15, -1,
      15, 149, 16, -1,
      8, 151, 17, -1,
      17, 151, 150, -1,
      17, 150, 15, -1,
      152, 151, 9, -1,
      9, 151, 8, -1,
      12, 153, 10, -1,
      10, 153, 152, -1,
      10, 152, 9, -1,
      154, 153, 13, -1,
      13, 153, 12, -1,
      7, 155, 11, -1,
      11, 155, 154, -1,
      11, 154, 13, -1,
      156, 155, 6, -1,
      6, 155, 7, -1,
      22, 157, 5, -1,
      5, 157, 156, -1,
      5, 156, 6, -1,
      158, 157, 14, -1,
      14, 157, 22, -1,
      20, 148, 21, -1,
      21, 148, 158, -1,
      21, 158, 14, -1,
      158, 148, 147, -1,
      147, 149, 158, -1,
      158, 149, 150, -1,
      158, 150, 157, -1,
      155, 156, 154, -1,
      154, 156, 157, -1,
      154, 157, 153, -1,
      153, 157, 150, -1,
      153, 150, 152, -1,
      152, 150, 151, -1,
      159, 160, 161, -1,
      161, 160, 162, -1,
      161, 162, 163, -1,
      163, 162, 164, -1,
      163, 164, 165, -1,
      165, 164, 166, -1,
      165, 166, 167, -1,
      167, 166, 168, -1,
      167, 168, 169, -1,
      169, 168, 170, -1,
      169, 170, 171, -1,
      170, 172, 171, -1,
      171, 172, 173, -1,
      171, 173, 174, -1,
      174, 173, 175, -1,
      174, 175, 176, -1,
      176, 175, 177, -1,
      176, 177, 178, -1,
      178, 177, 179, -1,
      178, 179, 180, -1,
      180, 179, 181, -1,
      180, 181, 182, -1,
      182, 181, 183, -1,
      182, 183, 184, -1,
      184, 183, 185, -1,
      184, 185, 186, -1,
      186, 185, 187, -1,
      186, 187, 188, -1,
      188, 187, 189, -1,
      188, 189, 190, -1,
      190, 189, 191, -1,
      190, 191, 192, -1,
      192, 191, 193, -1,
      192, 193, 159, -1,
      159, 193, 194, -1,
      159, 194, 160, -1,
      165, 167, 91, -1,
      91, 167, 92, -1,
      165, 91, 90, -1,
      165, 90, 163, -1,
      163, 90, 86, -1,
      163, 86, 161, -1,
      161, 86, 85, -1,
      161, 85, 159, -1,
      159, 85, 84, -1,
      159, 84, 192, -1,
      192, 84, 83, -1,
      192, 83, 190, -1,
      190, 83, 82, -1,
      190, 82, 188, -1,
      188, 82, 81, -1,
      188, 81, 186, -1,
      186, 81, 80, -1,
      186, 80, 184, -1,
      184, 80, 79, -1,
      184, 79, 182, -1,
      182, 79, 95, -1,
      182, 95, 180, -1,
      180, 95, 94, -1,
      180, 94, 178, -1,
      178, 94, 89, -1,
      178, 89, 176, -1,
      176, 89, 88, -1,
      176, 88, 174, -1,
      174, 88, 87, -1,
      174, 87, 171, -1,
      169, 171, 93, -1,
      93, 171, 87, -1,
      167, 169, 92, -1,
      92, 169, 93, -1,
      172, 170, 195, -1,
      195, 170, 196, -1,
      170, 168, 196, -1,
      196, 168, 197, -1,
      168, 166, 197, -1,
      197, 166, 198, -1,
      194, 199, 200, -1,
      194, 200, 160, -1,
      160, 200, 201, -1,
      160, 201, 162, -1,
      162, 201, 202, -1,
      162, 202, 164, -1,
      164, 202, 198, -1,
      164, 198, 166, -1,
      187, 203, 204, -1,
      187, 204, 189, -1,
      189, 204, 205, -1,
      189, 205, 191, -1,
      191, 205, 206, -1,
      191, 206, 193, -1,
      193, 206, 199, -1,
      193, 199, 194, -1,
      179, 207, 208, -1,
      179, 208, 181, -1,
      181, 208, 209, -1,
      181, 209, 183, -1,
      183, 209, 210, -1,
      183, 210, 185, -1,
      185, 210, 203, -1,
      185, 203, 187, -1,
      172, 195, 211, -1,
      172, 211, 173, -1,
      173, 211, 212, -1,
      173, 212, 175, -1,
      175, 212, 213, -1,
      175, 213, 177, -1,
      177, 213, 207, -1,
      177, 207, 179, -1,
    ]
  }
}

Shape {
  appearance Appearance {
    material Material {
      diffuseColor 0.5255 0.5255 0.5255
      specularColor 0.1490 0.1490 0.1490
      ambientIntensity 0.2
      transparency 0.0000
      shininess 0.5
    }
  }
  geometry IndexedFaceSet {
    ccw TRUE
    solid FALSE
    coord DEF co Coordinate {
      point [
        -0.151713 0.610236 0.557496,
        -0.143648 0.610236 0.557496,
        -0.143648 0.610236 0.516343,
        -0.151399 0.610236 0.516343,
        -0.167268 0.610236 0.521910,
        -0.166636 0.610236 0.521321,
        -0.163191 0.610236 0.518930,
        -0.158779 0.610236 0.517222,
        -0.172972 0.610236 0.537438,
        -0.172767 0.610236 0.533807,
        -0.171694 0.610236 0.528972,
        -0.169822 0.610236 0.525043,
        -0.167118 0.610236 0.552475,
        -0.168615 0.610236 0.550998,
        -0.170682 0.610236 0.548004,
        -0.172185 0.610236 0.544101,
        -0.152210 0.610236 0.557493,
        -0.159056 0.610236 0.556620,
        -0.163605 0.610236 0.554868,
      ]
    }
    coordIndex [
      6, 5, 16, -1,
      1, 2, 0, -1,
      0, 2, 3, -1,
      0, 3, 16, -1,
      16, 3, 7, -1,
      16, 7, 6, -1,
      5, 4, 16, -1,
      16, 4, 11, -1,
      16, 11, 10, -1,
      8, 12, 18, -1,
      15, 14, 8, -1,
      8, 14, 13, -1,
      8, 13, 12, -1,
      10, 9, 16, -1,
      16, 9, 8, -1,
      16, 8, 17, -1,
      17, 8, 18, -1,
    ]
  }
}

Shape {
  appearance Appearance {
    material Material {
      diffuseColor 0.0000 0.0000 0.0000
      specularColor 0.0000 0.0000 0.0000
      ambientIntensity 0.2
      transparency 0.0000
      shininess 0.5
    }
  }
  geometry IndexedFaceSet {
    ccw TRUE
    solid FALSE
    coord DEF co Coordinate {
      point [
        -0.231209 0.610236 0.510257,
        -0.223595 0.610236 0.510257,
        -0.218151 0.610236 0.524857,
        -0.198563 0.610236 0.524857,
        -0.210878 0.610236 0.563637,
        -0.195923 0.610236 0.524857,
        -0.190792 0.610236 0.510257,
        -0.183178 0.610236 0.510257,
        -0.198563 0.610236 0.550650,
        -0.203509 0.610236 0.563637,
        -0.198106 0.610630 0.530889,
        -0.206088 0.610630 0.553076,
        -0.203509 0.610630 0.563637,
        -0.183178 0.610630 0.510257,
        -0.190792 0.610630 0.510257,
        -0.195923 0.610630 0.524857,
        -0.206551 0.610630 0.554669,
        -0.206962 0.610630 0.556814,
        -0.210878 0.610630 0.563637,
        -0.207125 0.610630 0.556814,
        -0.207557 0.610630 0.554556,
        -0.207958 0.610630 0.553076,
        -0.216022 0.610630 0.530889,
        -0.231209 0.610630 0.510257,
        -0.223595 0.610630 0.510257,
        -0.218151 0.610630 0.524857,
        -0.198106 0.610236 0.530889,
        -0.216022 0.610236 0.530889,
        -0.207958 0.610236 0.553076,
        -0.207125 0.610236 0.556814,
        -0.207557 0.610236 0.554556,
        -0.206962 0.610236 0.556814,
        -0.206088 0.610236 0.553076,
        -0.206551 0.610236 0.554669,
      ]
    }
    coordIndex [
      10, 11, 12, -1,
      13, 14, 15, -1,
      11, 16, 12, -1,
      12, 16, 17, -1,
      12, 17, 18, -1,
      18, 17, 19, -1,
      18, 19, 20, -1,
      20, 21, 18, -1,
      18, 21, 22, -1,
      18, 22, 23, -1,
      24, 23, 25, -1,
      25, 23, 22, -1,
      25, 22, 15, -1,
      15, 22, 10, -1,
      15, 10, 13, -1,
      13, 10, 12, -1,
      18, 23, 4, -1,
      4, 23, 0, -1,
      12, 18, 9, -1,
      9, 18, 4, -1,
      7, 13, 8, -1,
      8, 13, 12, -1,
      8, 12, 9, -1,
      14, 13, 6, -1,
      6, 13, 7, -1,
      15, 14, 5, -1,
      5, 14, 6, -1,
      2, 25, 3, -1,
      3, 25, 15, -1,
      3, 15, 5, -1,
      24, 25, 1, -1,
      1, 25, 2, -1,
      23, 24, 0, -1,
      0, 24, 1, -1,
      10, 22, 26, -1,
      26, 22, 27, -1,
      22, 21, 27, -1,
      27, 21, 28, -1,
      19, 29, 30, -1,
      19, 30, 20, -1,
      20, 30, 28, -1,
      20, 28, 21, -1,
      19, 17, 29, -1,
      29, 17, 31, -1,
      11, 32, 33, -1,
      11, 33, 16, -1,
      16, 33, 31, -1,
      16, 31, 17, -1,
      11, 10, 32, -1,
      32, 10, 26, -1,
    ]
  }
}

Shape {
  appearance Appearance {
    material Material {
      diffuseColor 0.5255 0.5255 0.5255
      specularColor 0.1490 0.1490 0.1490
      ambientIntensity 0.2
      transparency 0.0000
      shininess 0.5
    }
  }
  geometry IndexedFaceSet {
    ccw TRUE
    solid FALSE
    coord DEF co Coordinate {
      point [
        -0.198106 0.610236 0.530889,
        -0.216022 0.610236 0.530889,
        -0.207958 0.610236 0.553076,
        -0.207125 0.610236 0.556814,
        -0.207557 0.610236 0.554556,
        -0.206962 0.610236 0.556814,
        -0.206088 0.610236 0.553076,
        -0.206551 0.610236 0.554669,
      ]
    }
    coordIndex [
      3, 5, 4, -1,
      4, 5, 7, -1,
      4, 7, 2, -1,
      2, 7, 6, -1,
      2, 6, 1, -1,
      1, 6, 0, -1,
    ]
  }
}

Shape {
  appearance Appearance {
    material Material {
      diffuseColor 0.0000 0.0000 0.0000
      specularColor 0.0000 0.0000 0.0000
      ambientIntensity 0.2
      transparency 0.0000
      shininess 0.5
    }
  }
  geometry IndexedFaceSet {
    ccw TRUE
    solid FALSE
    coord DEF co Coordinate {
      point [
        -0.054876 0.610236 0.443846,
        -0.055815 0.610236 0.454530,
        -0.053515 0.610236 0.441949,
        -0.052571 0.610236 0.439611,
        -0.053234 0.610236 0.430476,
        -0.052423 0.610236 0.432734,
        -0.076037 0.610236 0.425576,
        -0.076037 0.610236 0.431470,
        -0.075859 0.610236 0.431470,
        -0.060302 0.610236 0.425125,
        -0.060180 0.610236 0.425139,
        -0.057616 0.610236 0.426106,
        -0.073069 0.610236 0.464189,
        -0.075863 0.610236 0.463321,
        -0.056967 0.610236 0.445609,
        -0.059889 0.610236 0.447059,
        -0.059767 0.610236 0.457112,
        -0.064739 0.610236 0.448226,
        -0.070579 0.610236 0.458905,
        -0.068314 0.610236 0.459143,
        -0.063937 0.610236 0.458640,
        -0.055365 0.610236 0.427677,
        -0.054626 0.610236 0.428425,
        -0.078071 0.610236 0.462037,
        -0.079843 0.610236 0.460316,
        -0.081201 0.610236 0.458131,
        -0.074076 0.610236 0.428965,
        -0.071865 0.610236 0.426956,
        -0.070649 0.610236 0.426198,
        -0.055815 0.610236 0.461026,
        -0.057207 0.610236 0.461831,
        -0.062181 0.610236 0.463755,
        -0.068941 0.610236 0.464573,
        -0.052089 0.610236 0.435782,
        -0.052117 0.610236 0.436763,
        -0.076037 0.610236 0.449809,
        -0.075804 0.610236 0.452766,
        -0.075113 0.610236 0.455146,
        -0.074327 0.610236 0.456523,
        -0.082235 0.610236 0.455045,
        -0.082723 0.610236 0.450109,
        -0.082723 0.610236 0.425576,
        -0.073317 0.610236 0.457598,
        -0.072130 0.610236 0.458363,
        -0.067797 0.610236 0.425125,
        -0.064179 0.610236 0.424675,
        -0.068001 0.610236 0.425150,
        -0.016981 0.610236 0.478955,
        -0.016981 0.610236 0.425576,
        -0.044476 0.610236 0.478955,
        -0.044476 0.610236 0.472815,
        -0.045690 0.610236 0.431661,
        -0.045690 0.610236 0.425576,
        -0.023872 0.610236 0.449618,
        -0.023872 0.610236 0.431661,
        -0.042961 0.610236 0.449618,
        -0.042961 0.610236 0.455731,
        -0.023872 0.610236 0.455731,
        -0.023872 0.610236 0.472815,
        -0.045690 0.610630 0.431661,
        -0.045690 0.610630 0.425576,
        -0.023872 0.610630 0.431661,
        -0.023872 0.610630 0.449618,
        -0.042961 0.610630 0.449618,
        -0.042961 0.610630 0.455731,
        -0.023872 0.610630 0.455731,
        -0.023872 0.610630 0.472815,
        -0.044476 0.610630 0.472815,
        -0.044476 0.610630 0.478955,
        -0.016981 0.610630 0.478955,
        -0.016981 0.610630 0.425576,
        -0.076037 0.610630 0.425576,
        -0.082723 0.610630 0.425576,
        -0.076037 0.610630 0.431470,
        -0.082723 0.610630 0.450109,
        -0.067113 0.610630 0.443505,
        -0.076037 0.610630 0.444706,
        -0.076037 0.610630 0.441049,
        -0.075859 0.610630 0.431470,
        -0.072333 0.610630 0.432452,
        -0.074076 0.610630 0.428965,
        -0.070443 0.610630 0.431177,
        -0.056967 0.610630 0.445609,
        -0.054876 0.610630 0.443846,
        -0.059845 0.610630 0.440167,
        -0.076030 0.610630 0.440605,
        -0.075600 0.610630 0.437622,
        -0.074619 0.610630 0.435237,
        -0.073171 0.610630 0.433271,
        -0.055815 0.610630 0.461026,
        -0.055815 0.610630 0.454530,
        -0.057207 0.610630 0.461831,
        -0.059767 0.610630 0.457112,
        -0.062181 0.610630 0.463755,
        -0.063937 0.610630 0.458640,
        -0.068941 0.610630 0.464573,
        -0.068314 0.610630 0.459143,
        -0.073069 0.610630 0.464189,
        -0.070579 0.610630 0.458905,
        -0.075863 0.610630 0.463321,
        -0.072130 0.610630 0.458363,
        -0.078071 0.610630 0.462037,
        -0.073317 0.610630 0.457598,
        -0.079843 0.610630 0.460316,
        -0.074327 0.610630 0.456523,
        -0.081201 0.610630 0.458131,
        -0.075113 0.610630 0.455146,
        -0.082235 0.610630 0.455045,
        -0.075804 0.610630 0.452766,
        -0.076037 0.610630 0.449809,
        -0.059258 0.610630 0.438920,
        -0.053515 0.610630 0.441949,
        -0.058928 0.610630 0.437389,
        -0.064739 0.610630 0.448226,
        -0.061448 0.610630 0.441784,
        -0.062985 0.610630 0.442536,
        -0.060240 0.610630 0.432451,
        -0.055365 0.610630 0.427677,
        -0.060809 0.610630 0.431880,
        -0.057616 0.610630 0.426106,
        -0.062141 0.610630 0.430970,
        -0.060180 0.610630 0.425139,
        -0.063654 0.610630 0.430415,
        -0.064179 0.610630 0.424675,
        -0.065912 0.610630 0.430160,
        -0.068001 0.610630 0.425150,
        -0.068415 0.610630 0.430440,
        -0.070649 0.610630 0.426198,
        -0.071865 0.610630 0.426956,
        -0.060645 0.610630 0.441158,
        -0.059889 0.610630 0.447059,
        -0.052571 0.610630 0.439611,
        -0.052117 0.610630 0.436763,
        -0.058871 0.610630 0.436328,
        -0.052089 0.610630 0.435782,
        -0.059041 0.610630 0.434793,
        -0.052423 0.610630 0.432734,
        -0.059480 0.610630 0.433578,
        -0.053234 0.610630 0.430476,
        -0.054626 0.610630 0.428425,
        -0.060645 0.610236 0.441158,
        -0.061448 0.610236 0.441784,
        -0.062985 0.610236 0.442536,
        -0.067113 0.610236 0.443505,
        -0.058871 0.610236 0.436328,
        -0.058928 0.610236 0.437389,
        -0.059258 0.610236 0.438920,
        -0.059845 0.610236 0.440167,
        -0.060809 0.610236 0.431880,
        -0.060240 0.610236 0.432451,
        -0.059480 0.610236 0.433578,
        -0.059041 0.610236 0.434793,
        -0.065912 0.610236 0.430160,
        -0.063654 0.610236 0.430415,
        -0.062141 0.610236 0.430970,
        -0.073171 0.610236 0.433271,
        -0.072333 0.610236 0.432452,
        -0.070443 0.610236 0.431177,
        -0.068415 0.610236 0.430440,
        -0.076037 0.610236 0.441049,
        -0.076030 0.610236 0.440605,
        -0.075600 0.610236 0.437622,
        -0.074619 0.610236 0.435237,
        -0.076037 0.610236 0.444706,
      ]
    }
    coordIndex [
      59, 60, 51, -1,
      51, 60, 52, -1,
      61, 59, 54, -1,
      54, 59, 51, -1,
      62, 61, 53, -1,
      53, 61, 54, -1,
      63, 62, 55, -1,
      55, 62, 53, -1,
      64, 63, 56, -1,
      56, 63, 55, -1,
      65, 64, 57, -1,
      57, 64, 56, -1,
      66, 65, 58, -1,
      58, 65, 57, -1,
      67, 66, 50, -1,
      50, 66, 58, -1,
      68, 67, 49, -1,
      49, 67, 50, -1,
      69, 68, 47, -1,
      47, 68, 49, -1,
      70, 69, 48, -1,
      48, 69, 47, -1,
      60, 70, 52, -1,
      52, 70, 48, -1,
      67, 68, 66, -1,
      66, 68, 69, -1,
      66, 69, 65, -1,
      60, 59, 70, -1,
      70, 59, 61, -1,
      70, 61, 62, -1,
      63, 64, 62, -1,
      62, 64, 65, -1,
      62, 65, 70, -1,
      70, 65, 69, -1,
      71, 72, 73, -1,
      73, 72, 74, -1,
      75, 76, 74, -1,
      74, 76, 77, -1,
      78, 79, 80, -1,
      80, 79, 81, -1,
      82, 83, 84, -1,
      77, 85, 74, -1,
      74, 85, 86, -1,
      74, 86, 73, -1,
      73, 86, 87, -1,
      73, 87, 78, -1,
      78, 87, 88, -1,
      78, 88, 79, -1,
      89, 90, 91, -1,
      91, 90, 92, -1,
      91, 92, 93, -1,
      93, 92, 94, -1,
      93, 94, 95, -1,
      95, 94, 96, -1,
      95, 96, 97, -1,
      97, 96, 98, -1,
      97, 98, 99, -1,
      99, 98, 100, -1,
      99, 100, 101, -1,
      101, 100, 102, -1,
      101, 102, 103, -1,
      103, 102, 104, -1,
      103, 104, 105, -1,
      105, 104, 106, -1,
      105, 106, 107, -1,
      107, 106, 108, -1,
      107, 108, 74, -1,
      74, 108, 109, -1,
      74, 109, 75, -1,
      84, 83, 110, -1,
      110, 83, 111, -1,
      110, 111, 112, -1,
      113, 114, 109, -1,
      109, 114, 115, -1,
      109, 115, 75, -1,
      116, 117, 118, -1,
      118, 117, 119, -1,
      118, 119, 120, -1,
      120, 119, 121, -1,
      120, 121, 122, -1,
      122, 121, 123, -1,
      122, 123, 124, -1,
      124, 123, 125, -1,
      124, 125, 126, -1,
      126, 125, 127, -1,
      126, 127, 81, -1,
      81, 127, 128, -1,
      81, 128, 80, -1,
      84, 129, 82, -1,
      82, 129, 114, -1,
      82, 114, 130, -1,
      130, 114, 113, -1,
      111, 131, 112, -1,
      112, 131, 132, -1,
      112, 132, 133, -1,
      133, 132, 134, -1,
      133, 134, 135, -1,
      135, 134, 136, -1,
      135, 136, 137, -1,
      137, 136, 138, -1,
      137, 138, 116, -1,
      116, 138, 139, -1,
      116, 139, 117, -1,
      95, 32, 31, -1,
      95, 31, 93, -1,
      93, 31, 30, -1,
      93, 30, 91, -1,
      91, 30, 29, -1,
      91, 29, 89, -1,
      90, 89, 1, -1,
      1, 89, 29, -1,
      90, 1, 16, -1,
      90, 16, 92, -1,
      92, 16, 20, -1,
      92, 20, 94, -1,
      94, 20, 19, -1,
      94, 19, 96, -1,
      96, 19, 18, -1,
      96, 18, 98, -1,
      98, 18, 43, -1,
      98, 43, 100, -1,
      100, 43, 42, -1,
      100, 42, 102, -1,
      102, 42, 38, -1,
      102, 38, 104, -1,
      104, 38, 37, -1,
      104, 37, 106, -1,
      106, 37, 36, -1,
      106, 36, 108, -1,
      108, 36, 35, -1,
      108, 35, 109, -1,
      113, 109, 17, -1,
      17, 109, 35, -1,
      113, 17, 15, -1,
      113, 15, 130, -1,
      130, 15, 14, -1,
      130, 14, 82, -1,
      82, 14, 0, -1,
      82, 0, 83, -1,
      83, 0, 2, -1,
      83, 2, 111, -1,
      111, 2, 3, -1,
      111, 3, 131, -1,
      131, 3, 34, -1,
      131, 34, 132, -1,
      132, 34, 33, -1,
      132, 33, 134, -1,
      134, 33, 5, -1,
      134, 5, 136, -1,
      136, 5, 4, -1,
      136, 4, 138, -1,
      138, 4, 22, -1,
      138, 22, 139, -1,
      139, 22, 21, -1,
      139, 21, 117, -1,
      45, 123, 9, -1,
      9, 123, 121, -1,
      9, 121, 10, -1,
      10, 121, 119, -1,
      10, 119, 11, -1,
      11, 119, 117, -1,
      11, 117, 21, -1,
      45, 44, 123, -1,
      123, 44, 125, -1,
      44, 46, 125, -1,
      125, 46, 28, -1,
      125, 28, 127, -1,
      127, 28, 27, -1,
      127, 27, 128, -1,
      128, 27, 26, -1,
      128, 26, 80, -1,
      80, 26, 8, -1,
      80, 8, 78, -1,
      73, 78, 7, -1,
      7, 78, 8, -1,
      71, 73, 6, -1,
      6, 73, 7, -1,
      72, 71, 41, -1,
      41, 71, 6, -1,
      74, 72, 40, -1,
      40, 72, 41, -1,
      74, 40, 39, -1,
      74, 39, 107, -1,
      107, 39, 25, -1,
      107, 25, 105, -1,
      105, 25, 24, -1,
      105, 24, 103, -1,
      103, 24, 23, -1,
      103, 23, 101, -1,
      101, 23, 13, -1,
      101, 13, 99, -1,
      99, 13, 12, -1,
      99, 12, 97, -1,
      97, 12, 32, -1,
      97, 32, 95, -1,
      129, 140, 141, -1,
      129, 141, 114, -1,
      114, 141, 142, -1,
      114, 142, 115, -1,
      115, 142, 143, -1,
      115, 143, 75, -1,
      133, 144, 145, -1,
      133, 145, 112, -1,
      112, 145, 146, -1,
      112, 146, 110, -1,
      110, 146, 147, -1,
      110, 147, 84, -1,
      84, 147, 140, -1,
      84, 140, 129, -1,
      118, 148, 149, -1,
      118, 149, 116, -1,
      116, 149, 150, -1,
      116, 150, 137, -1,
      137, 150, 151, -1,
      137, 151, 135, -1,
      135, 151, 144, -1,
      135, 144, 133, -1,
      124, 152, 153, -1,
      124, 153, 122, -1,
      122, 153, 154, -1,
      122, 154, 120, -1,
      120, 154, 148, -1,
      120, 148, 118, -1,
      88, 155, 156, -1,
      88, 156, 79, -1,
      79, 156, 157, -1,
      79, 157, 81, -1,
      81, 157, 158, -1,
      81, 158, 126, -1,
      126, 158, 152, -1,
      126, 152, 124, -1,
      77, 159, 160, -1,
      77, 160, 85, -1,
      85, 160, 161, -1,
      85, 161, 86, -1,
      86, 161, 162, -1,
      86, 162, 87, -1,
      87, 162, 155, -1,
      87, 155, 88, -1,
      77, 76, 159, -1,
      159, 76, 163, -1,
      76, 75, 163, -1,
      163, 75, 143, -1,
    ]
  }
}

Shape {
  appearance Appearance {
    material Material {
      diffuseColor 0.5255 0.5255 0.5255
      specularColor 0.1490 0.1490 0.1490
      ambientIntensity 0.2
      transparency 0.0000
      shininess 0.5
    }
  }
  geometry IndexedFaceSet {
    ccw TRUE
    solid FALSE
    coord DEF co Coordinate {
      point [
        -0.060645 0.610236 0.441158,
        -0.061448 0.610236 0.441784,
        -0.062985 0.610236 0.442536,
        -0.067113 0.610236 0.443505,
        -0.058871 0.610236 0.436328,
        -0.058928 0.610236 0.437389,
        -0.059258 0.610236 0.438920,
        -0.059845 0.610236 0.440167,
        -0.060809 0.610236 0.431880,
        -0.060240 0.610236 0.432451,
        -0.059480 0.610236 0.433578,
        -0.059041 0.610236 0.434793,
        -0.065912 0.610236 0.430160,
        -0.063654 0.610236 0.430415,
        -0.062141 0.610236 0.430970,
        -0.073171 0.610236 0.433271,
        -0.072333 0.610236 0.432452,
        -0.070443 0.610236 0.431177,
        -0.068415 0.610236 0.430440,
        -0.076037 0.610236 0.441049,
        -0.076030 0.610236 0.440605,
        -0.075600 0.610236 0.437622,
        -0.074619 0.610236 0.435237,
        -0.076037 0.610236 0.444706,
      ]
    }
    coordIndex [
      20, 19, 0, -1,
      19, 23, 3, -1,
      3, 2, 19, -1,
      19, 2, 1, -1,
      19, 1, 0, -1,
      20, 0, 21, -1,
      21, 0, 7, -1,
      21, 7, 22, -1,
      9, 8, 16, -1,
      9, 16, 10, -1,
      17, 16, 18, -1,
      18, 16, 12, -1,
      7, 6, 22, -1,
      22, 6, 5, -1,
      22, 5, 15, -1,
      15, 5, 4, -1,
      15, 4, 16, -1,
      16, 4, 11, -1,
      16, 11, 10, -1,
      8, 14, 16, -1,
      16, 14, 13, -1,
      16, 13, 12, -1,
    ]
  }
}

Shape {
  appearance Appearance {
    material Material {
      diffuseColor 0.0000 0.0000 0.0000
      specularColor 0.0000 0.0000 0.0000
      ambientIntensity 0.2
      transparency 0.0000
      shininess 0.5
    }
  }
  geometry IndexedFaceSet {
    ccw TRUE
    solid FALSE
    coord DEF co Coordinate {
      point [
        -0.097963 0.610236 0.444158,
        -0.094874 0.610236 0.446197,
        -0.094874 0.610236 0.432015,
        -0.108108 0.610236 0.425377,
        -0.105961 0.610236 0.425125,
        -0.164812 0.610236 0.478955,
        -0.181698 0.610236 0.478955,
        -0.193521 0.610236 0.431661,
        -0.193521 0.610236 0.425576,
        -0.192307 0.610236 0.478955,
        -0.192307 0.610236 0.472815,
        -0.171703 0.610236 0.449618,
        -0.171703 0.610236 0.431661,
        -0.181698 0.610236 0.449618,
        -0.181698 0.610236 0.431661,
        -0.190792 0.610236 0.449618,
        -0.190792 0.610236 0.455731,
        -0.171703 0.610236 0.472815,
        -0.171703 0.610236 0.455731,
        -0.181698 0.610236 0.472815,
        -0.181698 0.610236 0.455731,
        -0.181698 0.610236 0.425576,
        -0.164812 0.610236 0.425576,
        -0.138450 0.610236 0.435045,
        -0.139268 0.610236 0.431907,
        -0.139446 0.610236 0.431907,
        -0.157607 0.610236 0.463700,
        -0.150676 0.610236 0.463700,
        -0.131716 0.610236 0.454417,
        -0.140264 0.610236 0.434991,
        -0.139753 0.610236 0.433213,
        -0.091783 0.610236 0.433817,
        -0.094446 0.610236 0.432175,
        -0.093721 0.610236 0.447380,
        -0.092849 0.610236 0.448774,
        -0.092111 0.610236 0.450815,
        -0.091824 0.610236 0.453411,
        -0.092088 0.610236 0.455802,
        -0.094815 0.610236 0.446236,
        -0.098272 0.610236 0.425125,
        -0.095879 0.610236 0.425405,
        -0.094874 0.610236 0.425775,
        -0.091783 0.610236 0.426913,
        -0.115703 0.610236 0.462881,
        -0.115703 0.610236 0.456386,
        -0.096109 0.610236 0.461544,
        -0.098259 0.610236 0.462811,
        -0.092884 0.610236 0.457955,
        -0.094126 0.610236 0.459762,
        -0.094874 0.610236 0.460434,
        -0.117213 0.610236 0.433259,
        -0.116393 0.610236 0.431141,
        -0.115146 0.610236 0.429377,
        -0.101972 0.610236 0.464088,
        -0.106670 0.610236 0.464573,
        -0.111361 0.610236 0.464157,
        -0.115294 0.610236 0.442250,
        -0.116542 0.610236 0.440408,
        -0.117255 0.610236 0.438437,
        -0.117531 0.610236 0.435946,
        -0.113233 0.610236 0.427704,
        -0.111639 0.610236 0.426727,
        -0.106015 0.610236 0.459143,
        -0.104036 0.610236 0.458994,
        -0.098715 0.610236 0.454012,
        -0.102247 0.610236 0.458520,
        -0.100748 0.610236 0.457723,
        -0.098776 0.610236 0.453122,
        -0.099041 0.610236 0.452084,
        -0.099523 0.610236 0.451182,
        -0.100175 0.610236 0.450464,
        -0.102532 0.610236 0.448991,
        -0.110319 0.610236 0.458664,
        -0.106670 0.610236 0.447189,
        -0.114098 0.610236 0.457300,
        -0.109259 0.610236 0.446142,
        -0.113700 0.610236 0.443672,
        -0.099739 0.610236 0.456832,
        -0.099166 0.610236 0.455981,
        -0.098836 0.610236 0.455078,
        -0.108111 0.610236 0.439520,
        -0.101949 0.610236 0.442331,
        -0.108839 0.610236 0.431520,
        -0.102781 0.610236 0.430133,
        -0.103076 0.610236 0.430135,
        -0.098641 0.610236 0.430611,
        -0.106504 0.610236 0.430519,
        -0.108229 0.610236 0.431150,
        -0.110190 0.610236 0.433065,
        -0.110530 0.610236 0.434015,
        -0.108949 0.610236 0.438920,
        -0.110668 0.610236 0.435291,
        -0.110603 0.610236 0.436122,
        -0.109782 0.610236 0.438053,
        -0.110299 0.610236 0.437167,
        -0.109606 0.610236 0.432201,
        -0.131716 0.610236 0.436470,
        -0.121011 0.610236 0.463700,
        -0.128489 0.610236 0.463700,
        -0.135966 0.610236 0.425657,
        -0.135741 0.610236 0.425125,
        -0.133032 0.610236 0.418726,
        -0.122389 0.610236 0.408164,
        -0.122389 0.610236 0.414113,
        -0.130460 0.610236 0.414913,
        -0.131706 0.610236 0.416299,
        -0.131716 0.610236 0.416318,
        -0.102126 0.610236 0.424675,
        -0.123757 0.610236 0.413665,
        -0.126183 0.610236 0.413350,
        -0.131716 0.610236 0.408810,
        -0.129402 0.610236 0.407929,
        -0.126701 0.610236 0.407619,
        -0.125225 0.610236 0.407671,
        -0.127861 0.610236 0.413547,
        -0.129317 0.610236 0.414113,
        -0.140305 0.610236 0.419817,
        -0.137278 0.610236 0.413922,
        -0.142398 0.610236 0.425125,
        -0.134832 0.610236 0.410984,
        -0.134376 0.610236 0.410566,
        -0.132041 0.610236 0.408934,
        -0.203605 0.610236 0.425576,
        -0.245610 0.610236 0.443294,
        -0.242981 0.610236 0.437774,
        -0.239014 0.610236 0.433053,
        -0.244206 0.610236 0.465382,
        -0.246179 0.610236 0.460289,
        -0.247065 0.610236 0.452948,
        -0.246904 0.610236 0.449543,
        -0.233424 0.610236 0.429048,
        -0.227336 0.610236 0.426674,
        -0.218287 0.610236 0.425576,
        -0.203605 0.610236 0.478955,
        -0.218833 0.610236 0.478955,
        -0.226984 0.610236 0.478055,
        -0.233426 0.610236 0.475702,
        -0.239014 0.610236 0.471887,
        -0.240904 0.610236 0.470038,
        -0.102781 0.610630 0.430133,
        -0.094446 0.610630 0.432175,
        -0.098641 0.610630 0.430611,
        -0.091783 0.610630 0.433817,
        -0.091783 0.610630 0.426913,
        -0.095879 0.610630 0.425405,
        -0.102126 0.610630 0.424675,
        -0.108108 0.610630 0.425377,
        -0.111639 0.610630 0.426727,
        -0.113233 0.610630 0.427704,
        -0.115146 0.610630 0.429377,
        -0.116393 0.610630 0.431141,
        -0.117213 0.610630 0.433259,
        -0.117531 0.610630 0.435946,
        -0.117255 0.610630 0.438437,
        -0.116542 0.610630 0.440408,
        -0.115294 0.610630 0.442250,
        -0.113700 0.610630 0.443672,
        -0.109259 0.610630 0.446142,
        -0.106670 0.610630 0.447189,
        -0.102532 0.610630 0.448991,
        -0.100175 0.610630 0.450464,
        -0.099523 0.610630 0.451182,
        -0.099041 0.610630 0.452084,
        -0.098776 0.610630 0.453122,
        -0.098715 0.610630 0.454012,
        -0.098836 0.610630 0.455078,
        -0.099166 0.610630 0.455981,
        -0.099739 0.610630 0.456832,
        -0.100748 0.610630 0.457723,
        -0.102247 0.610630 0.458520,
        -0.104036 0.610630 0.458994,
        -0.106015 0.610630 0.459143,
        -0.110319 0.610630 0.458664,
        -0.114098 0.610630 0.457300,
        -0.115703 0.610630 0.456386,
        -0.115703 0.610630 0.462881,
        -0.111361 0.610630 0.464157,
        -0.106670 0.610630 0.464573,
        -0.101972 0.610630 0.464088,
        -0.098259 0.610630 0.462811,
        -0.096109 0.610630 0.461544,
        -0.094126 0.610630 0.459762,
        -0.092884 0.610630 0.457955,
        -0.092088 0.610630 0.455802,
        -0.091824 0.610630 0.453411,
        -0.092111 0.610630 0.450815,
        -0.092849 0.610630 0.448774,
        -0.093721 0.610630 0.447380,
        -0.101949 0.610630 0.442331,
        -0.097963 0.610630 0.444158,
        -0.094815 0.610630 0.446236,
        -0.108111 0.610630 0.439520,
        -0.108949 0.610630 0.438920,
        -0.109782 0.610630 0.438053,
        -0.110299 0.610630 0.437167,
        -0.110603 0.610630 0.436122,
        -0.110668 0.610630 0.435291,
        -0.110530 0.610630 0.434015,
        -0.110190 0.610630 0.433065,
        -0.109606 0.610630 0.432201,
        -0.108839 0.610630 0.431520,
        -0.108229 0.610630 0.431150,
        -0.106504 0.610630 0.430519,
        -0.103076 0.610630 0.430135,
        -0.150676 0.610630 0.463700,
        -0.157607 0.610630 0.463700,
        -0.140264 0.610630 0.434991,
        -0.139753 0.610630 0.433213,
        -0.139446 0.610630 0.431907,
        -0.139268 0.610630 0.431907,
        -0.138450 0.610630 0.435045,
        -0.128489 0.610630 0.463700,
        -0.121011 0.610630 0.463700,
        -0.135966 0.610630 0.425657,
        -0.133032 0.610630 0.418726,
        -0.131706 0.610630 0.416299,
        -0.130460 0.610630 0.414913,
        -0.129317 0.610630 0.414113,
        -0.127861 0.610630 0.413547,
        -0.126183 0.610630 0.413350,
        -0.123757 0.610630 0.413665,
        -0.122389 0.610630 0.414113,
        -0.122389 0.610630 0.408164,
        -0.125225 0.610630 0.407671,
        -0.126701 0.610630 0.407619,
        -0.132041 0.610630 0.408934,
        -0.129402 0.610630 0.407929,
        -0.134376 0.610630 0.410566,
        -0.134832 0.610630 0.410984,
        -0.137278 0.610630 0.413922,
        -0.140305 0.610630 0.419817,
        -0.193521 0.610630 0.431661,
        -0.193521 0.610630 0.425576,
        -0.171703 0.610630 0.431661,
        -0.171703 0.610630 0.449618,
        -0.190792 0.610630 0.449618,
        -0.190792 0.610630 0.455731,
        -0.171703 0.610630 0.455731,
        -0.171703 0.610630 0.472815,
        -0.192307 0.610630 0.472815,
        -0.192307 0.610630 0.478955,
        -0.164812 0.610630 0.478955,
        -0.164812 0.610630 0.425576,
        -0.239014 0.610630 0.433053,
        -0.233483 0.610630 0.436639,
        -0.233424 0.610630 0.429048,
        -0.230038 0.610630 0.434249,
        -0.227336 0.610630 0.426674,
        -0.225626 0.610630 0.432541,
        -0.218287 0.610630 0.425576,
        -0.218246 0.610630 0.431661,
        -0.203605 0.610630 0.425576,
        -0.210496 0.610630 0.431661,
        -0.203605 0.610630 0.478955,
        -0.210496 0.610630 0.472815,
        -0.218833 0.610630 0.478955,
        -0.218560 0.610630 0.472815,
        -0.219057 0.610630 0.472811,
        -0.226984 0.610630 0.478055,
        -0.225904 0.610630 0.471938,
        -0.233426 0.610630 0.475702,
        -0.230452 0.610630 0.470186,
        -0.239014 0.610630 0.471887,
        -0.233965 0.610630 0.467793,
        -0.240904 0.610630 0.470038,
        -0.235463 0.610630 0.466317,
        -0.244206 0.610630 0.465382,
        -0.237530 0.610630 0.463322,
        -0.246179 0.610630 0.460289,
        -0.239032 0.610630 0.459420,
        -0.247065 0.610630 0.452948,
        -0.239819 0.610630 0.452757,
        -0.246904 0.610630 0.449543,
        -0.239614 0.610630 0.449125,
        -0.245610 0.610630 0.443294,
        -0.238542 0.610630 0.444291,
        -0.242981 0.610630 0.437774,
        -0.236669 0.610630 0.440361,
        -0.234115 0.610630 0.437228,
        -0.218560 0.610236 0.472815,
        -0.210496 0.610236 0.472815,
        -0.210496 0.610236 0.431661,
        -0.218246 0.610236 0.431661,
        -0.234115 0.610236 0.437228,
        -0.233483 0.610236 0.436639,
        -0.230038 0.610236 0.434249,
        -0.225626 0.610236 0.432541,
        -0.239819 0.610236 0.452757,
        -0.239614 0.610236 0.449125,
        -0.238542 0.610236 0.444291,
        -0.236669 0.610236 0.440361,
        -0.233965 0.610236 0.467793,
        -0.235463 0.610236 0.466317,
        -0.237530 0.610236 0.463322,
        -0.239032 0.610236 0.459420,
        -0.219057 0.610236 0.472811,
        -0.225904 0.610236 0.471938,
        -0.230452 0.610236 0.470186,
      ]
    }
    coordIndex [
      139, 83, 85, -1,
      2, 140, 85, -1,
      85, 140, 141, -1,
      85, 141, 139, -1,
      2, 32, 140, -1,
      140, 32, 31, -1,
      140, 31, 142, -1,
      143, 142, 42, -1,
      42, 142, 31, -1,
      143, 42, 144, -1,
      144, 42, 41, -1,
      107, 145, 39, -1,
      39, 145, 144, -1,
      39, 144, 40, -1,
      40, 144, 41, -1,
      146, 145, 4, -1,
      4, 145, 107, -1,
      4, 3, 146, -1,
      146, 3, 61, -1,
      146, 61, 147, -1,
      147, 61, 60, -1,
      147, 60, 148, -1,
      148, 60, 52, -1,
      148, 52, 149, -1,
      149, 52, 51, -1,
      149, 51, 150, -1,
      150, 51, 50, -1,
      150, 50, 151, -1,
      151, 50, 59, -1,
      151, 59, 152, -1,
      152, 59, 58, -1,
      152, 58, 153, -1,
      153, 58, 57, -1,
      153, 57, 154, -1,
      154, 57, 56, -1,
      154, 56, 155, -1,
      155, 56, 76, -1,
      155, 76, 156, -1,
      156, 76, 75, -1,
      156, 75, 157, -1,
      157, 75, 73, -1,
      157, 73, 158, -1,
      158, 73, 71, -1,
      158, 71, 159, -1,
      159, 71, 70, -1,
      159, 70, 160, -1,
      160, 70, 69, -1,
      160, 69, 161, -1,
      161, 69, 68, -1,
      161, 68, 162, -1,
      162, 68, 67, -1,
      162, 67, 163, -1,
      163, 67, 64, -1,
      163, 64, 164, -1,
      164, 64, 79, -1,
      164, 79, 165, -1,
      165, 79, 78, -1,
      165, 78, 166, -1,
      166, 78, 77, -1,
      166, 77, 167, -1,
      167, 77, 66, -1,
      167, 66, 168, -1,
      168, 66, 65, -1,
      168, 65, 169, -1,
      169, 65, 63, -1,
      169, 63, 170, -1,
      170, 63, 62, -1,
      170, 62, 171, -1,
      171, 62, 72, -1,
      171, 72, 172, -1,
      172, 72, 74, -1,
      172, 74, 173, -1,
      173, 74, 44, -1,
      173, 44, 174, -1,
      175, 174, 43, -1,
      43, 174, 44, -1,
      175, 43, 55, -1,
      175, 55, 176, -1,
      176, 55, 54, -1,
      176, 54, 177, -1,
      177, 54, 53, -1,
      177, 53, 178, -1,
      178, 53, 46, -1,
      178, 46, 179, -1,
      179, 46, 45, -1,
      179, 45, 180, -1,
      180, 45, 181, -1,
      181, 45, 49, -1,
      49, 48, 181, -1,
      181, 48, 47, -1,
      181, 47, 182, -1,
      182, 47, 37, -1,
      182, 37, 183, -1,
      183, 37, 36, -1,
      183, 36, 184, -1,
      184, 36, 35, -1,
      184, 35, 185, -1,
      185, 35, 34, -1,
      185, 34, 186, -1,
      186, 34, 33, -1,
      186, 33, 187, -1,
      81, 188, 189, -1,
      187, 33, 38, -1,
      187, 38, 190, -1,
      190, 38, 1, -1,
      190, 1, 189, -1,
      189, 1, 0, -1,
      189, 0, 81, -1,
      188, 81, 80, -1,
      188, 80, 191, -1,
      191, 80, 90, -1,
      191, 90, 192, -1,
      192, 90, 93, -1,
      192, 93, 193, -1,
      193, 93, 94, -1,
      193, 94, 194, -1,
      194, 94, 92, -1,
      194, 92, 195, -1,
      195, 92, 91, -1,
      195, 91, 196, -1,
      196, 91, 89, -1,
      196, 89, 197, -1,
      197, 89, 88, -1,
      197, 88, 198, -1,
      198, 88, 95, -1,
      198, 95, 199, -1,
      199, 95, 82, -1,
      199, 82, 200, -1,
      200, 82, 87, -1,
      200, 87, 201, -1,
      201, 87, 86, -1,
      201, 86, 202, -1,
      202, 86, 84, -1,
      202, 84, 203, -1,
      203, 84, 83, -1,
      203, 83, 139, -1,
      167, 168, 179, -1,
      179, 168, 178, -1,
      145, 139, 144, -1,
      144, 139, 141, -1,
      144, 141, 143, -1,
      143, 141, 140, -1,
      143, 140, 142, -1,
      199, 200, 147, -1,
      147, 200, 201, -1,
      147, 201, 146, -1,
      146, 201, 202, -1,
      146, 202, 145, -1,
      145, 202, 203, -1,
      145, 203, 139, -1,
      168, 169, 178, -1,
      178, 169, 170, -1,
      178, 170, 177, -1,
      177, 170, 171, -1,
      177, 171, 176, -1,
      176, 171, 172, -1,
      176, 172, 175, -1,
      175, 172, 173, -1,
      175, 173, 174, -1,
      179, 180, 167, -1,
      167, 180, 181, -1,
      167, 181, 166, -1,
      166, 181, 182, -1,
      166, 182, 165, -1,
      165, 182, 183, -1,
      165, 183, 164, -1,
      164, 183, 184, -1,
      164, 184, 163, -1,
      163, 184, 185, -1,
      163, 185, 162, -1,
      162, 185, 186, -1,
      162, 186, 161, -1,
      161, 186, 187, -1,
      161, 187, 160, -1,
      160, 187, 190, -1,
      160, 190, 159, -1,
      159, 190, 189, -1,
      159, 189, 158, -1,
      158, 189, 188, -1,
      158, 188, 157, -1,
      157, 188, 191, -1,
      157, 191, 156, -1,
      156, 191, 192, -1,
      156, 192, 155, -1,
      155, 192, 193, -1,
      155, 193, 154, -1,
      154, 193, 194, -1,
      154, 194, 153, -1,
      153, 194, 195, -1,
      153, 195, 152, -1,
      152, 195, 196, -1,
      152, 196, 151, -1,
      151, 196, 197, -1,
      151, 197, 150, -1,
      150, 197, 198, -1,
      150, 198, 149, -1,
      149, 198, 199, -1,
      149, 199, 148, -1,
      148, 199, 147, -1,
      204, 205, 27, -1,
      27, 205, 26, -1,
      206, 204, 29, -1,
      29, 204, 27, -1,
      206, 29, 30, -1,
      206, 30, 207, -1,
      207, 30, 25, -1,
      207, 25, 208, -1,
      209, 208, 24, -1,
      24, 208, 25, -1,
      210, 209, 23, -1,
      23, 209, 24, -1,
      98, 211, 28, -1,
      28, 211, 210, -1,
      28, 210, 23, -1,
      212, 211, 97, -1,
      97, 211, 98, -1,
      99, 213, 96, -1,
      96, 213, 212, -1,
      96, 212, 97, -1,
      101, 214, 100, -1,
      100, 214, 213, -1,
      100, 213, 99, -1,
      101, 106, 214, -1,
      214, 106, 215, -1,
      106, 105, 215, -1,
      215, 105, 104, -1,
      215, 104, 216, -1,
      216, 104, 115, -1,
      216, 115, 217, -1,
      217, 115, 114, -1,
      217, 114, 218, -1,
      218, 114, 109, -1,
      218, 109, 219, -1,
      219, 109, 108, -1,
      219, 108, 220, -1,
      220, 108, 103, -1,
      220, 103, 221, -1,
      222, 221, 102, -1,
      102, 221, 103, -1,
      222, 102, 113, -1,
      222, 113, 223, -1,
      223, 113, 112, -1,
      223, 112, 224, -1,
      224, 112, 111, -1,
      110, 225, 111, -1,
      111, 225, 226, -1,
      111, 226, 224, -1,
      110, 121, 225, -1,
      225, 121, 120, -1,
      225, 120, 227, -1,
      227, 120, 119, -1,
      227, 119, 228, -1,
      228, 119, 117, -1,
      228, 117, 229, -1,
      229, 117, 116, -1,
      229, 116, 230, -1,
      26, 205, 118, -1,
      118, 205, 230, -1,
      118, 230, 116, -1,
      207, 208, 230, -1,
      205, 204, 230, -1,
      230, 204, 206, -1,
      230, 206, 207, -1,
      211, 212, 210, -1,
      210, 212, 213, -1,
      210, 213, 209, -1,
      221, 222, 220, -1,
      220, 222, 223, -1,
      220, 223, 219, -1,
      219, 223, 224, -1,
      219, 224, 218, -1,
      218, 224, 226, -1,
      218, 226, 217, -1,
      217, 226, 225, -1,
      217, 225, 216, -1,
      208, 209, 230, -1,
      230, 209, 213, -1,
      230, 213, 229, -1,
      213, 214, 229, -1,
      229, 214, 215, -1,
      229, 215, 228, -1,
      228, 215, 216, -1,
      228, 216, 227, -1,
      227, 216, 225, -1,
      231, 232, 7, -1,
      7, 232, 8, -1,
      12, 233, 14, -1,
      14, 233, 231, -1,
      14, 231, 7, -1,
      234, 233, 11, -1,
      11, 233, 12, -1,
      15, 235, 13, -1,
      13, 235, 234, -1,
      13, 234, 11, -1,
      236, 235, 16, -1,
      16, 235, 15, -1,
      18, 237, 20, -1,
      20, 237, 236, -1,
      20, 236, 16, -1,
      238, 237, 17, -1,
      17, 237, 18, -1,
      10, 239, 19, -1,
      19, 239, 238, -1,
      19, 238, 17, -1,
      240, 239, 9, -1,
      9, 239, 10, -1,
      5, 241, 6, -1,
      6, 241, 240, -1,
      6, 240, 9, -1,
      242, 241, 22, -1,
      22, 241, 5, -1,
      8, 232, 21, -1,
      21, 232, 242, -1,
      21, 242, 22, -1,
      242, 232, 231, -1,
      231, 233, 242, -1,
      242, 233, 234, -1,
      242, 234, 241, -1,
      239, 240, 238, -1,
      238, 240, 241, -1,
      238, 241, 237, -1,
      237, 241, 234, -1,
      237, 234, 236, -1,
      236, 234, 235, -1,
      243, 244, 245, -1,
      245, 244, 246, -1,
      245, 246, 247, -1,
      247, 246, 248, -1,
      247, 248, 249, -1,
      249, 248, 250, -1,
      249, 250, 251, -1,
      251, 250, 252, -1,
      251, 252, 253, -1,
      253, 252, 254, -1,
      253, 254, 255, -1,
      254, 256, 255, -1,
      255, 256, 257, -1,
      255, 257, 258, -1,
      258, 257, 259, -1,
      258, 259, 260, -1,
      260, 259, 261, -1,
      260, 261, 262, -1,
      262, 261, 263, -1,
      262, 263, 264, -1,
      264, 263, 265, -1,
      264, 265, 266, -1,
      266, 265, 267, -1,
      266, 267, 268, -1,
      268, 267, 269, -1,
      268, 269, 270, -1,
      270, 269, 271, -1,
      270, 271, 272, -1,
      272, 271, 273, -1,
      272, 273, 274, -1,
      274, 273, 275, -1,
      274, 275, 276, -1,
      276, 275, 277, -1,
      276, 277, 243, -1,
      243, 277, 278, -1,
      243, 278, 244, -1,
      249, 251, 132, -1,
      132, 251, 122, -1,
      249, 132, 131, -1,
      249, 131, 247, -1,
      247, 131, 130, -1,
      247, 130, 245, -1,
      245, 130, 125, -1,
      245, 125, 243, -1,
      243, 125, 124, -1,
      243, 124, 276, -1,
      276, 124, 123, -1,
      276, 123, 274, -1,
      274, 123, 129, -1,
      274, 129, 272, -1,
      272, 129, 128, -1,
      272, 128, 270, -1,
      270, 128, 127, -1,
      270, 127, 268, -1,
      268, 127, 126, -1,
      268, 126, 266, -1,
      266, 126, 138, -1,
      266, 138, 264, -1,
      264, 138, 137, -1,
      264, 137, 262, -1,
      262, 137, 136, -1,
      262, 136, 260, -1,
      260, 136, 135, -1,
      260, 135, 258, -1,
      258, 135, 134, -1,
      258, 134, 255, -1,
      253, 255, 133, -1,
      133, 255, 134, -1,
      251, 253, 122, -1,
      122, 253, 133, -1,
      256, 254, 279, -1,
      279, 254, 280, -1,
      254, 252, 280, -1,
      280, 252, 281, -1,
      252, 250, 281, -1,
      281, 250, 282, -1,
      278, 283, 284, -1,
      278, 284, 244, -1,
      244, 284, 285, -1,
      244, 285, 246, -1,
      246, 285, 286, -1,
      246, 286, 248, -1,
      248, 286, 282, -1,
      248, 282, 250, -1,
      271, 287, 288, -1,
      271, 288, 273, -1,
      273, 288, 289, -1,
      273, 289, 275, -1,
      275, 289, 290, -1,
      275, 290, 277, -1,
      277, 290, 283, -1,
      277, 283, 278, -1,
      263, 291, 292, -1,
      263, 292, 265, -1,
      265, 292, 293, -1,
      265, 293, 267, -1,
      267, 293, 294, -1,
      267, 294, 269, -1,
      269, 294, 287, -1,
      269, 287, 271, -1,
      256, 279, 295, -1,
      256, 295, 257, -1,
      257, 295, 296, -1,
      257, 296, 259, -1,
      259, 296, 297, -1,
      259, 297, 261, -1,
      261, 297, 291, -1,
      261, 291, 263, -1,
    ]
  }
}

Shape {
  appearance Appearance {
    material Material {
      diffuseColor 0.5255 0.5255 0.5255
      specularColor 0.1490 0.1490 0.1490
      ambientIntensity 0.2
      transparency 0.0000
      shininess 0.5
    }
  }
  geometry IndexedFaceSet {
    ccw TRUE
    solid FALSE
    coord DEF co Coordinate {
      point [
        -0.218560 0.610236 0.472815,
        -0.210496 0.610236 0.472815,
        -0.210496 0.610236 0.431661,
        -0.218246 0.610236 0.431661,
        -0.234115 0.610236 0.437228,
        -0.233483 0.610236 0.436639,
        -0.230038 0.610236 0.434249,
        -0.225626 0.610236 0.432541,
        -0.239819 0.610236 0.452757,
        -0.239614 0.610236 0.449125,
        -0.238542 0.610236 0.444291,
        -0.236669 0.610236 0.440361,
        -0.233965 0.610236 0.467793,
        -0.235463 0.610236 0.466317,
        -0.237530 0.610236 0.463322,
        -0.239032 0.610236 0.459420,
        -0.219057 0.610236 0.472811,
        -0.225904 0.610236 0.471938,
        -0.230452 0.610236 0.470186,
      ]
    }
    coordIndex [
      6, 5, 16, -1,
      1, 2, 0, -1,
      0, 2, 3, -1,
      0, 3, 16, -1,
      16, 3, 7, -1,
      16, 7, 6, -1,
      5, 4, 16, -1,
      16, 4, 11, -1,
      16, 11, 10, -1,
      8, 12, 18, -1,
      15, 14, 8, -1,
      8, 14, 13, -1,
      8, 13, 12, -1,
      10, 9, 16, -1,
      16, 9, 8, -1,
      16, 8, 17, -1,
      17, 8, 18, -1,
    ]
  }
}

Shape {
  appearance Appearance {
    material Material {
      diffuseColor 0.0000 0.0000 0.0000
      specularColor 0.0000 0.0000 0.0000
      ambientIntensity 0.2
      transparency 0.0000
      shininess 0.5
    }
  }
  geometry IndexedFaceSet {
    ccw TRUE
    solid FALSE
    coord DEF co Coordinate {
      point [
        -0.257640 0.610236 0.425576,
        -0.250026 0.610236 0.425576,
        -0.290443 0.610236 0.425576,
        -0.284998 0.610236 0.440176,
        -0.262770 0.610236 0.440176,
        -0.270357 0.610236 0.478955,
        -0.277725 0.610236 0.478955,
        -0.298056 0.610236 0.425576,
        -0.264954 0.610630 0.446207,
        -0.272936 0.610630 0.468394,
        -0.270357 0.610630 0.478955,
        -0.250026 0.610630 0.425576,
        -0.257640 0.610630 0.425576,
        -0.262770 0.610630 0.440176,
        -0.273398 0.610630 0.469987,
        -0.273809 0.610630 0.472133,
        -0.277725 0.610630 0.478955,
        -0.273973 0.610630 0.472133,
        -0.274404 0.610630 0.469874,
        -0.274805 0.610630 0.468394,
        -0.282869 0.610630 0.446207,
        -0.298056 0.610630 0.425576,
        -0.290443 0.610630 0.425576,
        -0.284998 0.610630 0.440176,
        -0.264954 0.610236 0.446207,
        -0.282869 0.610236 0.446207,
        -0.274805 0.610236 0.468394,
        -0.273973 0.610236 0.472133,
        -0.274404 0.610236 0.469874,
        -0.273809 0.610236 0.472133,
        -0.272936 0.610236 0.468394,
        -0.273398 0.610236 0.469987,
      ]
    }
    coordIndex [
      8, 9, 10, -1,
      11, 12, 13, -1,
      9, 14, 10, -1,
      10, 14, 15, -1,
      10, 15, 16, -1,
      16, 15, 17, -1,
      16, 17, 18, -1,
      18, 19, 16, -1,
      16, 19, 20, -1,
      16, 20, 21, -1,
      22, 21, 23, -1,
      23, 21, 20, -1,
      23, 20, 13, -1,
      13, 20, 8, -1,
      13, 8, 11, -1,
      11, 8, 10, -1,
      16, 21, 6, -1,
      6, 21, 7, -1,
      10, 16, 5, -1,
      5, 16, 6, -1,
      11, 10, 1, -1,
      1, 10, 5, -1,
      12, 11, 0, -1,
      0, 11, 1, -1,
      13, 12, 4, -1,
      4, 12, 0, -1,
      23, 13, 3, -1,
      3, 13, 4, -1,
      22, 23, 2, -1,
      2, 23, 3, -1,
      21, 22, 7, -1,
      7, 22, 2, -1,
      8, 20, 24, -1,
      24, 20, 25, -1,
      20, 19, 25, -1,
      25, 19, 26, -1,
      17, 27, 28, -1,
      17, 28, 18, -1,
      18, 28, 26, -1,
      18, 26, 19, -1,
      17, 15, 27, -1,
      27, 15, 29, -1,
      9, 30, 31, -1,
      9, 31, 14, -1,
      14, 31, 29, -1,
      14, 29, 15, -1,
      9, 8, 30, -1,
      30, 8, 24, -1,
    ]
  }
}

Shape {
  appearance Appearance {
    material Material {
      diffuseColor 0.5255 0.5255 0.5255
      specularColor 0.1490 0.1490 0.1490
      ambientIntensity 0.2
      transparency 0.0000
      shininess 0.5
    }
  }
  geometry IndexedFaceSet {
    ccw TRUE
    solid FALSE
    coord DEF co Coordinate {
      point [
        -0.264954 0.610236 0.446207,
        -0.282869 0.610236 0.446207,
        -0.274805 0.610236 0.468394,
        -0.273973 0.610236 0.472133,
        -0.274404 0.610236 0.469874,
        -0.273809 0.610236 0.472133,
        -0.272936 0.610236 0.468394,
        -0.273398 0.610236 0.469987,
      ]
    }
    coordIndex [
      3, 5, 4, -1,
      4, 5, 7, -1,
      4, 7, 2, -1,
      2, 7, 6, -1,
      2, 6, 1, -1,
      1, 6, 0, -1,
    ]
  }
}

Shape {
  appearance Appearance {
    material Material {
      diffuseColor 0.0000 0.0000 0.0000
      specularColor 0.0000 0.0000 0.0000
      ambientIntensity 0.2
      transparency 0.0000
      shininess 0.5
    }
  }
  geometry IndexedFaceSet {
    ccw TRUE
    solid FALSE
    coord DEF co Coordinate {
      point [
        0.051146 0.610236 0.522006,
        0.040853 0.610236 0.513298,
        0.099706 0.610236 0.568548,
        0.093267 0.610236 0.564087,
        0.084804 0.610236 0.558224,
        0.071729 0.610236 0.542917,
        0.064309 0.610236 0.528241,
        0.062439 0.610236 0.527613,
        0.171256 0.610236 0.569643,
        0.153655 0.610236 0.576017,
        0.136419 0.610236 0.577959,
        0.118548 0.610236 0.575809,
        0.180427 0.610236 0.564087,
        0.181962 0.610236 0.563157,
        0.263483 0.610236 0.509807,
        0.260156 0.610236 0.517310,
        0.251035 0.610236 0.529000,
        0.222338 0.610236 0.545371,
        0.207390 0.610236 0.547218,
        0.190880 0.610236 0.555520,
        0.203025 0.610236 0.546980,
        0.198661 0.610236 0.546459,
        0.248469 0.610236 0.531429,
        0.236397 0.610236 0.539914,
        0.241078 0.610236 0.434260,
        0.252933 0.610236 0.444367,
        0.227360 0.610236 0.427582,
        0.261603 0.610236 0.456747,
        0.267039 0.610236 0.470877,
        0.268873 0.610236 0.485735,
        0.268765 0.610236 0.489384,
        0.267912 0.610236 0.494156,
        0.266215 0.610236 0.503648,
        0.222571 0.610236 0.426149,
        0.222092 0.610236 0.425125,
        0.218764 0.610236 0.418005,
        0.213119 0.610236 0.411040,
        0.170803 0.610236 0.403980,
        0.177330 0.610236 0.401473,
        0.186516 0.610236 0.400342,
        0.187978 0.610236 0.400369,
        0.196938 0.610236 0.401766,
        0.202209 0.610236 0.403980,
        0.205695 0.610236 0.405444,
        0.150954 0.610236 0.425125,
        0.150988 0.610236 0.424979,
        0.155478 0.610236 0.416520,
        0.161306 0.610236 0.409985,
        0.168865 0.610236 0.404724,
        0.028471 0.610236 0.490908,
        0.026736 0.610236 0.478524,
        0.102493 0.610236 0.447515,
        0.099889 0.610236 0.448543,
        0.095430 0.610236 0.470174,
        0.040779 0.610236 0.442469,
        0.051107 0.610236 0.433726,
        0.158052 0.610236 0.463722,
        0.107195 0.610236 0.490289,
        0.164684 0.610236 0.469761,
        0.172737 0.610236 0.474078,
        0.104827 0.610236 0.445861,
        0.033248 0.610236 0.452959,
        0.050452 0.610236 0.481470,
        0.052235 0.610236 0.488759,
        0.055144 0.610236 0.494156,
        0.244019 0.610236 0.494156,
        0.028479 0.610236 0.464974,
        0.096948 0.610236 0.448921,
        0.096579 0.610236 0.448894,
        0.095440 0.610236 0.448642,
        0.241789 0.610236 0.471359,
        0.237266 0.610236 0.463661,
        0.217995 0.610236 0.459738,
        0.230461 0.610236 0.456671,
        0.222191 0.610236 0.451578,
        0.203960 0.610236 0.472303,
        0.211720 0.610236 0.466912,
        0.244963 0.610236 0.486494,
        0.244509 0.610236 0.480648,
        0.195577 0.610236 0.475510,
        0.186516 0.610236 0.476626,
        0.181899 0.610236 0.476352,
        0.108713 0.610236 0.437156,
        0.108617 0.610236 0.438653,
        0.148563 0.610236 0.442089,
        0.107855 0.610236 0.441542,
        0.106395 0.610236 0.444131,
        0.057970 0.610236 0.458071,
        0.053794 0.610236 0.463990,
        0.051178 0.610236 0.470754,
        0.050267 0.610236 0.478144,
        0.099845 0.610236 0.425735,
        0.102356 0.610236 0.426723,
        0.104817 0.610236 0.428473,
        0.105699 0.610236 0.429371,
        0.107354 0.610236 0.431755,
        0.108353 0.610236 0.434329,
        0.148769 0.610236 0.434348,
        0.148563 0.610236 0.438294,
        0.062687 0.610236 0.428060,
        0.075315 0.610236 0.425390,
        0.097707 0.610236 0.425390,
        0.094671 0.610236 0.448541,
        0.077593 0.610236 0.448541,
        0.070781 0.610236 0.449846,
        0.064085 0.610236 0.452948,
        0.058473 0.610236 0.457531,
        0.082906 0.610236 0.507747,
        0.240580 0.610236 0.504144,
        0.243831 0.610236 0.495680,
        0.079870 0.610236 0.507747,
        0.055765 0.610236 0.495307,
        0.060141 0.610236 0.500194,
        0.066027 0.610236 0.504305,
        0.072651 0.610236 0.506857,
        0.091084 0.610236 0.530542,
        0.099644 0.610236 0.540770,
        0.186895 0.610236 0.518753,
        0.100607 0.610236 0.541647,
        0.111270 0.610236 0.549046,
        0.181099 0.610236 0.530756,
        0.236640 0.610236 0.509807,
        0.189606 0.610236 0.520235,
        0.083359 0.610236 0.509807,
        0.085228 0.610236 0.518314,
        0.198117 0.610236 0.523345,
        0.207010 0.610236 0.524446,
        0.210956 0.610236 0.524241,
        0.172587 0.610236 0.540926,
        0.123172 0.610236 0.553606,
        0.162407 0.610236 0.548364,
        0.136039 0.610236 0.555187,
        0.150008 0.610236 0.553389,
        0.220326 0.610236 0.522021,
        0.228785 0.610236 0.517532,
        0.235320 0.610236 0.511704,
        0.038350 0.610236 0.509807,
        0.033109 0.610236 0.502500,
        0.029770 0.610236 0.494156,
        0.218764 0.610630 0.418005,
        0.213119 0.610630 0.411040,
        0.222191 0.610630 0.451578,
        0.095430 0.610630 0.470174,
        0.107195 0.610630 0.490289,
        0.158052 0.610630 0.463722,
        0.184347 0.610630 0.452494,
        0.180768 0.610630 0.451380,
        0.228785 0.610630 0.517532,
        0.220326 0.610630 0.522021,
        0.222338 0.610630 0.545371,
        0.198661 0.610630 0.546459,
        0.186895 0.610630 0.518753,
        0.181099 0.610630 0.530756,
        0.230461 0.610630 0.456671,
        0.227360 0.610630 0.427582,
        0.222571 0.610630 0.426149,
        0.207390 0.610630 0.547218,
        0.177622 0.610630 0.449438,
        0.175070 0.610630 0.446814,
        0.148563 0.610630 0.442089,
        0.173293 0.610630 0.443766,
        0.172286 0.610630 0.440316,
        0.148563 0.610630 0.438294,
        0.172149 0.610630 0.436639,
        0.190517 0.610630 0.452263,
        0.195577 0.610630 0.475510,
        0.193838 0.610630 0.450976,
        0.203960 0.610630 0.472303,
        0.196817 0.610630 0.448887,
        0.211720 0.610630 0.466912,
        0.198571 0.610630 0.447007,
        0.217995 0.610630 0.459738,
        0.200473 0.610630 0.443823,
        0.201519 0.610630 0.440227,
        0.172737 0.610630 0.474078,
        0.181899 0.610630 0.476352,
        0.186516 0.610630 0.476626,
        0.082906 0.610630 0.507747,
        0.079870 0.610630 0.507747,
        0.064309 0.610630 0.528241,
        0.072651 0.610630 0.506857,
        0.062439 0.610630 0.527613,
        0.066027 0.610630 0.504305,
        0.051146 0.610630 0.522006,
        0.040853 0.610630 0.513298,
        0.190880 0.610630 0.555520,
        0.172587 0.610630 0.540926,
        0.181962 0.610630 0.563157,
        0.162407 0.610630 0.548364,
        0.171256 0.610630 0.569643,
        0.210956 0.610630 0.524241,
        0.207010 0.610630 0.524446,
        0.203025 0.610630 0.546980,
        0.198117 0.610630 0.523345,
        0.189606 0.610630 0.520235,
        0.040779 0.610630 0.442469,
        0.058473 0.610630 0.457531,
        0.051107 0.610630 0.433726,
        0.064085 0.610630 0.452948,
        0.062687 0.610630 0.428060,
        0.070781 0.610630 0.449846,
        0.075315 0.610630 0.425390,
        0.077593 0.610630 0.448541,
        0.097707 0.610630 0.425390,
        0.094671 0.610630 0.448541,
        0.099845 0.610630 0.425735,
        0.186895 0.610630 0.452716,
        0.164684 0.610630 0.469761,
        0.060141 0.610630 0.500194,
        0.055765 0.610630 0.495307,
        0.033109 0.610630 0.502500,
        0.052235 0.610630 0.488759,
        0.028471 0.610630 0.490908,
        0.050452 0.610630 0.481470,
        0.026736 0.610630 0.478524,
        0.050267 0.610630 0.478144,
        0.028479 0.610630 0.464974,
        0.051178 0.610630 0.470754,
        0.033248 0.610630 0.452959,
        0.053794 0.610630 0.463990,
        0.057970 0.610630 0.458071,
        0.084804 0.610630 0.558224,
        0.099644 0.610630 0.540770,
        0.071729 0.610630 0.542917,
        0.091084 0.610630 0.530542,
        0.085228 0.610630 0.518314,
        0.243831 0.610630 0.495680,
        0.268765 0.610630 0.489384,
        0.244963 0.610630 0.486494,
        0.268873 0.610630 0.485735,
        0.244509 0.610630 0.480648,
        0.267039 0.610630 0.470877,
        0.241789 0.610630 0.471359,
        0.261603 0.610630 0.456747,
        0.237266 0.610630 0.463661,
        0.252933 0.610630 0.444367,
        0.241078 0.610630 0.434260,
        0.197285 0.610630 0.427383,
        0.199298 0.610630 0.429835,
        0.200862 0.610630 0.432994,
        0.201633 0.610630 0.436525,
        0.153655 0.610630 0.576017,
        0.150008 0.610630 0.553389,
        0.136419 0.610630 0.577959,
        0.136039 0.610630 0.555187,
        0.118548 0.610630 0.575809,
        0.123172 0.610630 0.553606,
        0.099706 0.610630 0.568548,
        0.111270 0.610630 0.549046,
        0.100607 0.610630 0.541647,
        0.236397 0.610630 0.539914,
        0.248469 0.610630 0.531429,
        0.235320 0.610630 0.511704,
        0.251035 0.610630 0.529000,
        0.240580 0.610630 0.504144,
        0.260156 0.610630 0.517310,
        0.266215 0.610630 0.503648,
        0.096579 0.610630 0.448894,
        0.105699 0.610630 0.429371,
        0.104817 0.610630 0.428473,
        0.194381 0.610630 0.425157,
        0.205695 0.610630 0.405444,
        0.190950 0.610630 0.423683,
        0.196938 0.610630 0.401766,
        0.187543 0.610630 0.423128,
        0.187978 0.610630 0.400369,
        0.186895 0.610630 0.423113,
        0.186516 0.610630 0.400342,
        0.183243 0.610630 0.423565,
        0.177330 0.610630 0.401473,
        0.179942 0.610630 0.424843,
        0.168865 0.610630 0.404724,
        0.177040 0.610630 0.426878,
        0.161306 0.610630 0.409985,
        0.174630 0.610630 0.429649,
        0.155478 0.610630 0.416520,
        0.172950 0.610630 0.432969,
        0.150988 0.610630 0.424979,
        0.148769 0.610630 0.434348,
        0.095440 0.610630 0.448642,
        0.102356 0.610630 0.426723,
        0.108713 0.610630 0.437156,
        0.108353 0.610630 0.434329,
        0.107354 0.610630 0.431755,
        0.099889 0.610630 0.448543,
        0.102493 0.610630 0.447515,
        0.108617 0.610630 0.438653,
        0.104827 0.610630 0.445861,
        0.106395 0.610630 0.444131,
        0.107855 0.610630 0.441542,
        0.096948 0.610630 0.448921,
        0.186895 0.610236 0.452716,
        0.184347 0.610236 0.452494,
        0.180768 0.610236 0.451380,
        0.177622 0.610236 0.449438,
        0.175070 0.610236 0.446814,
        0.173293 0.610236 0.443766,
        0.172286 0.610236 0.440316,
        0.172149 0.610236 0.436639,
        0.172950 0.610236 0.432969,
        0.174630 0.610236 0.429649,
        0.177040 0.610236 0.426878,
        0.179942 0.610236 0.424843,
        0.183243 0.610236 0.423565,
        0.186895 0.610236 0.423113,
        0.187543 0.610236 0.423128,
        0.190950 0.610236 0.423683,
        0.194381 0.610236 0.425157,
        0.197285 0.610236 0.427383,
        0.199298 0.610236 0.429835,
        0.200862 0.610236 0.432994,
        0.201633 0.610236 0.436525,
        0.201519 0.610236 0.440227,
        0.200473 0.610236 0.443823,
        0.198571 0.610236 0.447007,
        0.196817 0.610236 0.448887,
        0.193838 0.610236 0.450976,
        0.190517 0.610236 0.452263,
      ]
    }
    coordIndex [
      139, 140, 141, -1,
      142, 143, 144, -1,
      145, 146, 142, -1,
      147, 148, 149, -1,
      150, 151, 152, -1,
      153, 154, 141, -1,
      141, 154, 155, -1,
      141, 155, 139, -1,
      149, 148, 156, -1,
      146, 157, 142, -1,
      142, 157, 158, -1,
      142, 158, 159, -1,
      158, 160, 159, -1,
      159, 160, 161, -1,
      159, 161, 162, -1,
      162, 161, 163, -1,
      164, 165, 166, -1,
      166, 165, 167, -1,
      166, 167, 168, -1,
      168, 167, 169, -1,
      168, 169, 170, -1,
      170, 169, 171, -1,
      170, 171, 172, -1,
      172, 171, 141, -1,
      172, 141, 173, -1,
      174, 175, 164, -1,
      164, 175, 176, -1,
      164, 176, 165, -1,
      177, 178, 179, -1,
      179, 178, 180, -1,
      179, 180, 181, -1,
      181, 180, 182, -1,
      181, 182, 183, -1,
      183, 182, 184, -1,
      150, 152, 185, -1,
      185, 152, 186, -1,
      185, 186, 187, -1,
      187, 186, 188, -1,
      187, 188, 189, -1,
      148, 190, 156, -1,
      156, 190, 191, -1,
      156, 191, 192, -1,
      192, 191, 193, -1,
      192, 193, 150, -1,
      150, 193, 194, -1,
      150, 194, 151, -1,
      195, 196, 197, -1,
      197, 196, 198, -1,
      197, 198, 199, -1,
      199, 198, 200, -1,
      199, 200, 201, -1,
      201, 200, 202, -1,
      201, 202, 203, -1,
      203, 202, 204, -1,
      203, 204, 205, -1,
      145, 142, 206, -1,
      206, 142, 144, -1,
      206, 144, 164, -1,
      164, 144, 207, -1,
      164, 207, 174, -1,
      182, 208, 184, -1,
      184, 208, 209, -1,
      184, 209, 210, -1,
      210, 209, 211, -1,
      210, 211, 212, -1,
      212, 211, 213, -1,
      212, 213, 214, -1,
      214, 213, 215, -1,
      214, 215, 216, -1,
      216, 215, 217, -1,
      216, 217, 218, -1,
      218, 217, 219, -1,
      218, 219, 195, -1,
      195, 219, 220, -1,
      195, 220, 196, -1,
      221, 222, 223, -1,
      223, 222, 224, -1,
      223, 224, 179, -1,
      179, 224, 225, -1,
      179, 225, 177, -1,
      226, 227, 228, -1,
      228, 227, 229, -1,
      228, 229, 230, -1,
      230, 229, 231, -1,
      230, 231, 232, -1,
      232, 231, 233, -1,
      232, 233, 234, -1,
      234, 233, 235, -1,
      234, 235, 153, -1,
      153, 235, 236, -1,
      153, 236, 154, -1,
      237, 238, 140, -1,
      140, 238, 239, -1,
      140, 239, 141, -1,
      141, 239, 240, -1,
      141, 240, 173, -1,
      189, 188, 241, -1,
      241, 188, 242, -1,
      241, 242, 243, -1,
      243, 242, 244, -1,
      243, 244, 245, -1,
      245, 244, 246, -1,
      245, 246, 247, -1,
      247, 246, 248, -1,
      247, 248, 221, -1,
      221, 248, 249, -1,
      221, 249, 222, -1,
      149, 250, 147, -1,
      147, 250, 251, -1,
      147, 251, 252, -1,
      252, 251, 253, -1,
      252, 253, 254, -1,
      254, 253, 255, -1,
      254, 255, 226, -1,
      226, 255, 256, -1,
      226, 256, 227, -1,
      257, 258, 259, -1,
      237, 140, 260, -1,
      260, 140, 261, -1,
      260, 261, 262, -1,
      262, 261, 263, -1,
      262, 263, 264, -1,
      264, 263, 265, -1,
      264, 265, 266, -1,
      266, 265, 267, -1,
      266, 267, 268, -1,
      268, 267, 269, -1,
      268, 269, 270, -1,
      270, 269, 271, -1,
      270, 271, 272, -1,
      272, 271, 273, -1,
      272, 273, 274, -1,
      274, 273, 275, -1,
      274, 275, 276, -1,
      276, 275, 277, -1,
      276, 277, 163, -1,
      163, 277, 278, -1,
      163, 278, 162, -1,
      204, 279, 205, -1,
      205, 279, 257, -1,
      205, 257, 280, -1,
      280, 257, 259, -1,
      281, 282, 257, -1,
      257, 282, 283, -1,
      257, 283, 258, -1,
      284, 285, 286, -1,
      285, 287, 286, -1,
      286, 287, 288, -1,
      286, 288, 289, -1,
      281, 257, 286, -1,
      286, 257, 290, -1,
      286, 290, 284, -1,
      214, 50, 49, -1,
      136, 184, 210, -1,
      214, 49, 212, -1,
      212, 49, 138, -1,
      212, 138, 210, -1,
      210, 138, 137, -1,
      210, 137, 136, -1,
      136, 1, 184, -1,
      184, 1, 0, -1,
      184, 0, 183, -1,
      183, 0, 7, -1,
      183, 7, 181, -1,
      181, 7, 6, -1,
      181, 6, 179, -1,
      179, 6, 5, -1,
      179, 5, 223, -1,
      223, 5, 4, -1,
      223, 4, 221, -1,
      247, 221, 3, -1,
      3, 221, 4, -1,
      3, 2, 247, -1,
      247, 2, 11, -1,
      247, 11, 245, -1,
      245, 11, 10, -1,
      245, 10, 243, -1,
      13, 187, 12, -1,
      12, 187, 189, -1,
      12, 189, 8, -1,
      8, 189, 241, -1,
      8, 241, 9, -1,
      9, 241, 243, -1,
      9, 243, 10, -1,
      187, 13, 19, -1,
      187, 19, 185, -1,
      185, 19, 21, -1,
      185, 21, 150, -1,
      150, 21, 20, -1,
      150, 20, 192, -1,
      192, 20, 18, -1,
      192, 18, 156, -1,
      156, 18, 17, -1,
      156, 17, 149, -1,
      149, 17, 23, -1,
      149, 23, 250, -1,
      250, 23, 22, -1,
      250, 22, 251, -1,
      251, 22, 16, -1,
      251, 16, 253, -1,
      29, 229, 227, -1,
      253, 16, 15, -1,
      253, 15, 255, -1,
      255, 15, 14, -1,
      255, 14, 256, -1,
      14, 32, 256, -1,
      256, 32, 31, -1,
      256, 31, 227, -1,
      227, 31, 30, -1,
      227, 30, 29, -1,
      229, 29, 28, -1,
      229, 28, 231, -1,
      231, 28, 27, -1,
      231, 27, 233, -1,
      233, 27, 25, -1,
      233, 25, 235, -1,
      235, 25, 24, -1,
      235, 24, 236, -1,
      236, 24, 26, -1,
      236, 26, 154, -1,
      154, 26, 33, -1,
      154, 33, 155, -1,
      155, 33, 34, -1,
      155, 34, 139, -1,
      34, 35, 139, -1,
      139, 35, 36, -1,
      139, 36, 140, -1,
      140, 36, 43, -1,
      140, 43, 261, -1,
      261, 43, 42, -1,
      261, 42, 263, -1,
      42, 41, 263, -1,
      263, 41, 40, -1,
      263, 40, 265, -1,
      265, 40, 39, -1,
      265, 39, 267, -1,
      98, 162, 278, -1,
      267, 39, 38, -1,
      267, 38, 269, -1,
      269, 38, 37, -1,
      269, 37, 271, -1,
      37, 48, 271, -1,
      271, 48, 47, -1,
      271, 47, 273, -1,
      273, 47, 46, -1,
      273, 46, 275, -1,
      275, 46, 45, -1,
      275, 45, 277, -1,
      277, 45, 44, -1,
      277, 44, 278, -1,
      278, 44, 97, -1,
      278, 97, 98, -1,
      159, 162, 84, -1,
      84, 162, 98, -1,
      142, 159, 53, -1,
      53, 159, 84, -1,
      143, 142, 57, -1,
      57, 142, 53, -1,
      144, 143, 56, -1,
      56, 143, 57, -1,
      144, 56, 58, -1,
      144, 58, 207, -1,
      207, 58, 59, -1,
      207, 59, 174, -1,
      174, 59, 81, -1,
      174, 81, 175, -1,
      175, 81, 80, -1,
      175, 80, 176, -1,
      176, 80, 79, -1,
      176, 79, 165, -1,
      165, 79, 75, -1,
      165, 75, 167, -1,
      167, 75, 76, -1,
      167, 76, 169, -1,
      169, 76, 72, -1,
      169, 72, 171, -1,
      171, 72, 74, -1,
      171, 74, 141, -1,
      141, 74, 73, -1,
      141, 73, 153, -1,
      153, 73, 71, -1,
      153, 71, 234, -1,
      234, 71, 70, -1,
      234, 70, 232, -1,
      232, 70, 78, -1,
      232, 78, 230, -1,
      230, 78, 77, -1,
      230, 77, 228, -1,
      226, 228, 65, -1,
      65, 228, 77, -1,
      65, 109, 226, -1,
      226, 109, 108, -1,
      226, 108, 254, -1,
      254, 108, 121, -1,
      254, 121, 252, -1,
      121, 135, 252, -1,
      252, 135, 134, -1,
      252, 134, 147, -1,
      147, 134, 133, -1,
      147, 133, 148, -1,
      148, 133, 127, -1,
      148, 127, 190, -1,
      190, 127, 126, -1,
      190, 126, 191, -1,
      191, 126, 125, -1,
      191, 125, 193, -1,
      193, 125, 122, -1,
      193, 122, 194, -1,
      194, 122, 117, -1,
      194, 117, 151, -1,
      151, 117, 120, -1,
      151, 120, 152, -1,
      152, 120, 128, -1,
      152, 128, 186, -1,
      186, 128, 130, -1,
      186, 130, 188, -1,
      188, 130, 132, -1,
      188, 132, 242, -1,
      242, 132, 131, -1,
      242, 131, 244, -1,
      107, 177, 123, -1,
      123, 177, 225, -1,
      123, 225, 124, -1,
      124, 225, 224, -1,
      124, 224, 115, -1,
      115, 224, 222, -1,
      115, 222, 116, -1,
      116, 222, 249, -1,
      116, 249, 118, -1,
      118, 249, 248, -1,
      118, 248, 119, -1,
      119, 248, 246, -1,
      119, 246, 129, -1,
      129, 246, 244, -1,
      129, 244, 131, -1,
      178, 177, 110, -1,
      110, 177, 107, -1,
      178, 110, 114, -1,
      178, 114, 180, -1,
      180, 114, 113, -1,
      180, 113, 182, -1,
      182, 113, 112, -1,
      182, 112, 208, -1,
      208, 112, 111, -1,
      208, 111, 209, -1,
      209, 111, 64, -1,
      209, 64, 211, -1,
      64, 63, 211, -1,
      211, 63, 62, -1,
      211, 62, 213, -1,
      213, 62, 90, -1,
      213, 90, 215, -1,
      215, 90, 89, -1,
      215, 89, 217, -1,
      217, 89, 88, -1,
      217, 88, 219, -1,
      219, 88, 87, -1,
      219, 87, 220, -1,
      220, 87, 106, -1,
      220, 106, 196, -1,
      196, 106, 105, -1,
      196, 105, 198, -1,
      198, 105, 104, -1,
      198, 104, 200, -1,
      200, 104, 103, -1,
      200, 103, 202, -1,
      204, 202, 102, -1,
      102, 202, 103, -1,
      204, 102, 69, -1,
      204, 69, 279, -1,
      279, 69, 68, -1,
      279, 68, 257, -1,
      257, 68, 67, -1,
      257, 67, 290, -1,
      290, 67, 52, -1,
      290, 52, 284, -1,
      284, 52, 51, -1,
      284, 51, 285, -1,
      285, 51, 60, -1,
      285, 60, 287, -1,
      287, 60, 86, -1,
      287, 86, 288, -1,
      288, 86, 85, -1,
      288, 85, 289, -1,
      289, 85, 83, -1,
      289, 83, 286, -1,
      286, 83, 82, -1,
      286, 82, 281, -1,
      281, 82, 96, -1,
      281, 96, 282, -1,
      282, 96, 95, -1,
      282, 95, 283, -1,
      283, 95, 94, -1,
      283, 94, 258, -1,
      258, 94, 93, -1,
      258, 93, 259, -1,
      259, 93, 92, -1,
      259, 92, 280, -1,
      280, 92, 91, -1,
      280, 91, 205, -1,
      205, 91, 101, -1,
      205, 101, 203, -1,
      201, 203, 100, -1,
      100, 203, 101, -1,
      201, 100, 99, -1,
      201, 99, 199, -1,
      199, 99, 55, -1,
      199, 55, 197, -1,
      197, 55, 54, -1,
      197, 54, 195, -1,
      195, 54, 61, -1,
      195, 61, 218, -1,
      218, 61, 66, -1,
      218, 66, 216, -1,
      216, 66, 50, -1,
      216, 50, 214, -1,
      206, 291, 292, -1,
      206, 292, 145, -1,
      145, 292, 293, -1,
      145, 293, 146, -1,
      146, 293, 294, -1,
      146, 294, 157, -1,
      157, 294, 295, -1,
      157, 295, 158, -1,
      158, 295, 296, -1,
      158, 296, 160, -1,
      160, 296, 297, -1,
      160, 297, 161, -1,
      161, 297, 298, -1,
      161, 298, 163, -1,
      163, 298, 299, -1,
      163, 299, 276, -1,
      276, 299, 300, -1,
      276, 300, 274, -1,
      274, 300, 301, -1,
      274, 301, 272, -1,
      272, 301, 302, -1,
      272, 302, 270, -1,
      270, 302, 303, -1,
      270, 303, 268, -1,
      268, 303, 304, -1,
      268, 304, 266, -1,
      266, 304, 305, -1,
      266, 305, 264, -1,
      264, 305, 306, -1,
      264, 306, 262, -1,
      262, 306, 307, -1,
      262, 307, 260, -1,
      260, 307, 308, -1,
      260, 308, 237, -1,
      237, 308, 309, -1,
      237, 309, 238, -1,
      238, 309, 310, -1,
      238, 310, 239, -1,
      239, 310, 311, -1,
      239, 311, 240, -1,
      240, 311, 312, -1,
      240, 312, 173, -1,
      173, 312, 313, -1,
      173, 313, 172, -1,
      172, 313, 314, -1,
      172, 314, 170, -1,
      170, 314, 315, -1,
      170, 315, 168, -1,
      168, 315, 316, -1,
      168, 316, 166, -1,
      166, 316, 317, -1,
      166, 317, 164, -1,
      164, 317, 291, -1,
      164, 291, 206, -1,
    ]
  }
}

Shape {
  appearance Appearance {
    material Material {
      diffuseColor 0.5255 0.5255 0.5255
      specularColor 0.1490 0.1490 0.1490
      ambientIntensity 0.2
      transparency 0.0000
      shininess 0.5
    }
  }
  geometry IndexedFaceSet {
    ccw TRUE
    solid FALSE
    coord DEF co Coordinate {
      point [
        0.186895 0.610236 0.452716,
        0.184347 0.610236 0.452494,
        0.180768 0.610236 0.451380,
        0.177622 0.610236 0.449438,
        0.175070 0.610236 0.446814,
        0.173293 0.610236 0.443766,
        0.172286 0.610236 0.440316,
        0.172149 0.610236 0.436639,
        0.172950 0.610236 0.432969,
        0.174630 0.610236 0.429649,
        0.177040 0.610236 0.426878,
        0.179942 0.610236 0.424843,
        0.183243 0.610236 0.423565,
        0.186895 0.610236 0.423113,
        0.187543 0.610236 0.423128,
        0.190950 0.610236 0.423683,
        0.194381 0.610236 0.425157,
        0.197285 0.610236 0.427383,
        0.199298 0.610236 0.429835,
        0.200862 0.610236 0.432994,
        0.201633 0.610236 0.436525,
        0.201519 0.610236 0.440227,
        0.200473 0.610236 0.443823,
        0.198571 0.610236 0.447007,
        0.196817 0.610236 0.448887,
        0.193838 0.610236 0.450976,
        0.190517 0.610236 0.452263,
      ]
    }
    coordIndex [
      26, 25, 14, -1,
      14, 25, 24, -1,
      14, 24, 23, -1,
      1, 13, 12, -1,
      13, 1, 14, -1,
      14, 1, 0, -1,
      14, 0, 26, -1,
      19, 18, 23, -1,
      23, 18, 17, -1,
      10, 4, 3, -1,
      22, 21, 23, -1,
      23, 21, 20, -1,
      23, 20, 19, -1,
      17, 16, 23, -1,
      23, 16, 15, -1,
      23, 15, 14, -1,
      12, 11, 1, -1,
      1, 11, 10, -1,
      1, 10, 2, -1,
      2, 10, 3, -1,
      8, 7, 9, -1,
      9, 7, 6, -1,
      9, 6, 10, -1,
      10, 6, 5, -1,
      10, 5, 4, -1,
    ]
  }
}
