#VRML V2.0 utf8

Shape {
  appearance Appearance {
    material Material {
      diffuseColor 0.7529 0.7529 0.7529
      specularColor 0.3765 0.3765 0.3765
      ambientIntensity 0.2
      transparency 0.0000
      shininess 0.5
    }
  }
  geometry IndexedFaceSet {
    ccw TRUE
    solid FALSE
    coord DEF co Coordinate {
      point [
        0.059055 0.059055 3.464567,
        0.059055 0.984252 3.464567,
        0.059055 0.059055 3.425197,
        0.059055 0.984252 3.425197,
        -0.059055 0.059055 3.425197,
        -0.059055 0.984252 3.425197,
        -0.059055 0.059055 3.464567,
        -0.059055 0.984252 3.464567,
      ]
    }
    coordIndex [
      0, 1, 2, -1,
      2, 1, 3, -1,
      4, 5, 6, -1,
      6, 5, 7, -1,
    ]
  }
}

Shape {
  appearance Appearance {
    material Material {
      diffuseColor 0.2235 0.2235 0.2235
      specularColor 0.1137 0.1137 0.1137
      ambientIntensity 0.2
      transparency 0.0000
      shininess 0.5
    }
  }
  geometry IndexedFaceSet {
    ccw TRUE
    solid FALSE
    coord DEF co Coordinate {
      point [
        1.454928 0.602651 0.336286,
        1.454928 0.602651 0.118110,
        1.406182 0.708982 0.336286,
        1.384706 0.750063 0.118110,
        1.349678 0.811402 0.336286,
        1.347904 0.810318 0.118110,
        1.285728 0.909345 0.336286,
        1.299596 0.889412 0.118110,
        1.214684 1.002271 0.336286,
        1.213897 1.001670 0.118110,
        1.200516 1.019199 0.118110,
        1.136939 1.089668 0.336286,
        1.088529 1.138029 0.118110,
        1.052920 1.171052 0.336286,
        1.051765 1.169712 0.118110,
        0.963094 1.245976 0.336286,
        0.964839 1.244624 0.118110,
        0.867953 1.314026 0.336286,
        0.866999 1.312654 0.118110,
        0.830777 1.337839 0.118110,
        0.768024 1.374825 0.336286,
        0.687783 1.416672 0.118110,
        0.663857 1.428040 0.336286,
        0.663409 1.426980 0.118110,
        0.556028 1.473376 0.336286,
        0.537396 1.480274 0.118110,
        0.445131 1.510584 0.336286,
        0.444535 1.508631 0.118110,
        0.331778 1.539457 0.336286,
        0.381231 1.527962 0.118110,
        0.220967 1.559224 0.118110,
        0.216595 1.559837 0.336286,
        0.216576 1.559615 0.118110,
        0.100217 1.571611 0.336286,
        0.058328 1.573722 0.118110,
        -0.016714 1.574715 0.336286,
        -0.016683 1.572611 0.118110,
        -0.133553 1.569130 0.336286,
        -0.104937 1.571303 0.118110,
        -0.249655 1.554888 0.336286,
        -0.249558 1.554078 0.118110,
        -0.267076 1.551991 0.118110,
        -0.364379 1.532068 0.336286,
        -0.426342 1.515994 0.118110,
        -0.477093 1.500795 0.336286,
        -0.476499 1.499037 0.118110,
        -0.587176 1.461243 0.336286,
        -0.581025 1.463699 0.118110,
        -0.694018 1.413628 0.336286,
        -0.693369 1.412211 0.118110,
        -0.729462 1.395668 0.118110,
        -0.797032 1.358214 0.336286,
        -0.870057 1.312633 0.118110,
        -0.895648 1.295307 0.336286,
        -0.894875 1.294263 0.118110,
        -0.989323 1.225253 0.336286,
        -1.001298 1.215487 0.118110,
        -1.077539 1.148440 0.336286,
        -1.076194 1.146970 0.118110,
        -1.159811 1.065290 0.336286,
        -1.121774 1.105273 0.118110,
        -1.230191 0.983176 0.118110,
        -1.235684 0.976263 0.336286,
        -1.235332 0.976011 0.118110,
        -1.304740 0.881850 0.336286,
        -1.325382 0.850510 0.118110,
        -1.366597 0.782572 0.336286,
        -1.364759 0.781523 0.118110,
        -1.420914 0.678976 0.336286,
        -1.406324 0.708701 0.118110,
        -1.467392 0.571634 0.336286,
        -1.466815 0.571380 0.118110,
        -1.472148 0.559272 0.118110,
        -1.505774 0.461138 0.336286,
        -1.522145 0.403831 0.118110,
        -1.535849 0.348098 0.336286,
        -1.533960 0.347701 0.118110,
        -1.557450 0.233138 0.336286,
        -1.555778 0.244048 0.118110,
        -1.570459 0.116891 0.336286,
        -1.569031 0.116743 0.118110,
        -1.572685 0.081642 0.118110,
        -1.574803 -0.000000 0.336286,
        -1.572685 -0.081642 0.118110,
        -1.570459 -0.116891 0.336286,
        -1.569031 -0.116743 0.118110,
        -1.557450 -0.233138 0.336286,
        -1.555778 -0.244048 0.118110,
        -1.535849 -0.348098 0.336286,
        -1.533960 -0.347701 0.118110,
        -1.522145 -0.403831 0.118110,
        -1.505774 -0.461138 0.336286,
        -1.472148 -0.559272 0.118110,
        -1.467392 -0.571634 0.336286,
        -1.466815 -0.571380 0.118110,
        -1.420914 -0.678976 0.336286,
        -1.406324 -0.708701 0.118110,
        -1.366597 -0.782572 0.336286,
        -1.364759 -0.781523 0.118110,
        -1.304740 -0.881850 0.336286,
        -1.325382 -0.850510 0.118110,
        -1.235684 -0.976263 0.336286,
        -1.235332 -0.976011 0.118110,
        -1.230191 -0.983176 0.118110,
        -1.159811 -1.065290 0.336286,
        -1.121774 -1.105273 0.118110,
        -1.077539 -1.148440 0.336286,
        -1.076194 -1.146970 0.118110,
        -0.989323 -1.225253 0.336286,
        -1.001298 -1.215487 0.118110,
        -0.895648 -1.295307 0.336286,
        -0.894875 -1.294263 0.118110,
        -0.870057 -1.312633 0.118110,
        -0.797032 -1.358214 0.336286,
        -0.729462 -1.395668 0.118110,
        -0.694018 -1.413628 0.336286,
        -0.693369 -1.412211 0.118110,
        -0.587176 -1.461243 0.336286,
        -0.581025 -1.463699 0.118110,
        -0.477093 -1.500795 0.336286,
        -0.476499 -1.499037 0.118110,
        -0.426342 -1.515994 0.118110,
        -0.364379 -1.532068 0.336286,
        -0.267076 -1.551991 0.118110,
        -0.249655 -1.554888 0.336286,
        -0.249558 -1.554078 0.118110,
        -0.133553 -1.569130 0.336286,
        -0.104937 -1.571303 0.118110,
        -0.016714 -1.574715 0.336286,
        -0.016683 -1.572611 0.118110,
        0.100217 -1.571611 0.336286,
        0.058328 -1.573722 0.118110,
        0.216595 -1.559837 0.336286,
        0.216576 -1.559615 0.118110,
        0.220967 -1.559224 0.118110,
        0.331778 -1.539457 0.336286,
        0.381231 -1.527962 0.118110,
        0.445131 -1.510584 0.336286,
        0.444535 -1.508631 0.118110,
        0.556028 -1.473376 0.336286,
        0.537396 -1.480274 0.118110,
        0.663857 -1.428040 0.336286,
        0.663409 -1.426980 0.118110,
        0.687783 -1.416672 0.118110,
        0.768024 -1.374825 0.336286,
        0.830777 -1.337839 0.118110,
        0.867953 -1.314026 0.336286,
        0.866999 -1.312654 0.118110,
        0.963094 -1.245976 0.336286,
        0.964839 -1.244624 0.118110,
        1.052920 -1.171052 0.336286,
        1.454928 -0.602651 0.118110,
        1.454928 -0.602651 0.336286,
        1.384706 -0.750063 0.118110,
        1.406182 -0.708982 0.336286,
        1.347904 -0.810318 0.118110,
        1.349678 -0.811402 0.336286,
        1.299596 -0.889412 0.118110,
        1.285728 -0.909345 0.336286,
        1.213897 -1.001670 0.118110,
        1.214684 -1.002271 0.336286,
        1.200516 -1.019199 0.118110,
        1.136939 -1.089668 0.336286,
        1.088529 -1.138029 0.118110,
        1.051765 -1.169712 0.118110,
        0.000000 -1.181102 0.000000,
        0.199607 -1.164113 0.000000,
        0.204395 -1.442282 0.000000,
        0.297612 1.142992 0.000000,
        0.497091 1.369253 0.000000,
        0.486498 1.076254 0.000000,
        0.636200 1.310421 0.000000,
        0.661387 0.978555 0.000000,
        -0.741992 -0.918940 0.000000,
        -1.037641 -1.022377 0.000000,
        -0.886621 -0.780324 0.000000,
        -1.137926 -0.909438 0.000000,
        -1.005743 -0.619261 0.000000,
        -0.199607 -1.164113 0.000000,
        -0.394367 -1.402294 0.000000,
        -0.393472 -1.113635 0.000000,
        -0.537448 -1.353922 0.000000,
        -0.576018 -1.031119 0.000000,
        0.352639 -1.413365 0.000000,
        0.393472 -1.113635 0.000000,
        0.497091 -1.369253 0.000000,
        -1.054637 0.531737 0.000000,
        -1.225978 0.786722 0.000000,
        -0.949603 0.702323 0.000000,
        -1.137926 0.909438 0.000000,
        -0.817250 0.852704 0.000000,
        -0.674752 -1.290993 0.000000,
        -0.804803 -1.214186 0.000000,
        -0.926200 -1.124325 0.000000,
        0.053954 -1.455693 0.000000,
        -0.097067 -1.453456 0.000000,
        -0.247045 -1.435592 0.000000,
        0.817250 0.852704 0.000000,
        1.110477 0.942759 0.000000,
        0.949603 0.702323 0.000000,
        1.202127 0.822706 0.000000,
        1.054637 0.531737 0.000000,
        1.280853 0.693809 0.000000,
        1.091196 0.451988 0.000000,
        1.345809 0.557452 0.000000,
        0.768469 1.237502 0.000000,
        0.892476 1.151278 0.000000,
        1.006889 1.052677 0.000000,
        -1.037641 1.022377 0.000000,
        -0.926200 1.124325 0.000000,
        -0.661387 0.978555 0.000000,
        -1.225978 -0.786722 0.000000,
        -1.300850 -0.655548 0.000000,
        -1.095932 -0.440381 0.000000,
        -1.361737 -0.517327 0.000000,
        -1.154593 -0.248834 0.000000,
        0.636200 -1.310421 0.000000,
        0.576018 -1.031119 0.000000,
        0.768469 -1.237502 0.000000,
        -0.804803 1.214186 0.000000,
        -0.674752 1.290993 0.000000,
        -0.486498 1.076254 0.000000,
        -0.537448 1.353922 0.000000,
        -0.297612 1.142992 0.000000,
        -1.129331 0.345854 0.000000,
        -1.361737 0.517327 0.000000,
        -1.300850 0.655548 0.000000,
        0.892476 -1.151278 0.000000,
        0.741992 -0.918940 0.000000,
        1.006889 -1.052677 0.000000,
        0.886621 -0.780324 0.000000,
        1.110477 -0.942759 0.000000,
        0.100165 1.176847 0.000000,
        0.204395 1.442282 0.000000,
        0.352639 1.413365 0.000000,
        -1.180038 -0.050128 0.000000,
        -1.454734 0.075519 0.000000,
        -1.171536 0.150021 0.000000,
        -1.439094 0.225744 0.000000,
        -1.407984 0.373544 0.000000,
        1.202127 -0.822706 0.000000,
        1.005743 -0.619261 0.000000,
        1.280853 -0.693809 0.000000,
        1.091196 -0.451988 0.000000,
        1.345809 -0.557452 0.000000,
        -0.394367 1.402294 0.000000,
        -0.247045 1.435592 0.000000,
        -0.100165 1.176847 0.000000,
        -0.097067 1.453456 0.000000,
        0.053954 1.455693 0.000000,
        -1.407984 -0.373544 0.000000,
        -1.439094 -0.225744 0.000000,
        -1.454734 -0.075519 0.000000,
        1.374051 -0.569150 0.004024,
        1.307732 -0.708369 0.004024,
        1.400369 -0.580052 0.015824,
        1.332779 -0.721936 0.015824,
        1.422968 -0.589413 0.034594,
        1.354288 -0.733587 0.034594,
        1.440309 -0.596596 0.059055,
        1.370792 -0.742527 0.059055,
        1.451210 -0.601111 0.087541,
        1.381167 -0.748147 0.087541,
        1.197448 -1.016594 0.087541,
        1.296275 -0.887139 0.087541,
        1.085747 -1.135121 0.087541,
        0.962373 -1.241444 0.087541,
        0.828654 -1.334420 0.087541,
        0.686026 -1.413051 0.087541,
        0.536022 -1.476491 0.087541,
        0.380257 -1.524057 0.087541,
        0.220403 -1.555239 0.087541,
        0.058180 -1.569701 0.087541,
        -0.104669 -1.567287 0.087541,
        -0.266393 -1.548025 0.087541,
        -0.425253 -1.512120 0.087541,
        -0.579541 -1.459958 0.087541,
        -0.727598 -1.392102 0.087541,
        -0.867833 -1.309279 0.087541,
        -0.998739 -1.212380 0.087541,
        -1.118907 -1.102448 0.087541,
        -1.227047 -0.980664 0.087541,
        -1.321995 -0.848337 0.087541,
        -1.402730 -0.706889 0.087541,
        -1.468386 -0.557843 0.087541,
        -1.518255 -0.402799 0.087541,
        -1.551802 -0.243424 0.087541,
        -1.568667 -0.081433 0.087541,
        -1.568667 0.081433 0.087541,
        -1.551802 0.243424 0.087541,
        -1.518255 0.402799 0.087541,
        -1.468386 0.557843 0.087541,
        -1.402730 0.706889 0.087541,
        -1.321995 0.848337 0.087541,
        -1.227047 0.980664 0.087541,
        -1.118907 1.102448 0.087541,
        -0.998739 1.212380 0.087541,
        -0.867833 1.309279 0.087541,
        -0.727598 1.392102 0.087541,
        -0.579541 1.459958 0.087541,
        -0.425253 1.512120 0.087541,
        -0.266393 1.548025 0.087541,
        -0.104669 1.567287 0.087541,
        0.058180 1.569701 0.087541,
        0.220403 1.555239 0.087541,
        0.380257 1.524057 0.087541,
        0.536022 1.476491 0.087541,
        0.686026 1.413051 0.087541,
        0.828654 1.334420 0.087541,
        0.962373 1.241444 0.087541,
        1.085747 1.135121 0.087541,
        1.197448 1.016594 0.087541,
        1.296275 0.887139 0.087541,
        1.381167 0.748147 0.087541,
        1.451210 0.601111 0.087541,
        1.286538 -0.880476 0.059055,
        1.188453 -1.008958 0.059055,
        1.077591 -1.126594 0.059055,
        0.955144 -1.232119 0.059055,
        0.822429 -1.324397 0.059055,
        0.680872 -1.402437 0.059055,
        0.531996 -1.465400 0.059055,
        0.377400 -1.512609 0.059055,
        0.218747 -1.543556 0.059055,
        0.057743 -1.557909 0.059055,
        -0.103883 -1.555515 0.059055,
        -0.264392 -1.536396 0.059055,
        -0.422058 -1.500761 0.059055,
        -0.575187 -1.448992 0.059055,
        -0.722132 -1.381644 0.059055,
        -0.861315 -1.299444 0.059055,
        -0.991237 -1.203273 0.059055,
        -1.110502 -1.094167 0.059055,
        -1.217830 -0.973297 0.059055,
        -1.312065 -0.841964 0.059055,
        -1.392193 -0.701580 0.059055,
        -1.457356 -0.553652 0.059055,
        -1.506850 -0.399773 0.059055,
        -1.540145 -0.241596 0.059055,
        -1.556883 -0.080822 0.059055,
        -1.556883 0.080822 0.059055,
        -1.540145 0.241596 0.059055,
        -1.506850 0.399773 0.059055,
        -1.457356 0.553652 0.059055,
        -1.392193 0.701580 0.059055,
        -1.312065 0.841964 0.059055,
        -1.217830 0.973297 0.059055,
        -1.110502 1.094167 0.059055,
        -0.991237 1.203273 0.059055,
        -0.861315 1.299444 0.059055,
        -0.722132 1.381644 0.059055,
        -0.575187 1.448992 0.059055,
        -0.422058 1.500761 0.059055,
        -0.264392 1.536396 0.059055,
        -0.103883 1.555515 0.059055,
        0.057743 1.557909 0.059055,
        0.218747 1.543556 0.059055,
        0.377400 1.512609 0.059055,
        0.531996 1.465400 0.059055,
        0.680872 1.402437 0.059055,
        0.822429 1.324397 0.059055,
        0.955144 1.232119 0.059055,
        1.077591 1.126594 0.059055,
        1.188453 1.008958 0.059055,
        1.286538 0.880476 0.059055,
        1.370792 0.742527 0.059055,
        1.440309 0.596596 0.059055,
        1.271048 -0.869874 0.034594,
        1.174144 -0.996811 0.034594,
        1.064617 -1.113030 0.034594,
        0.943644 -1.217284 0.034594,
        0.812527 -1.308451 0.034594,
        0.672675 -1.385552 0.034594,
        0.525591 -1.447757 0.034594,
        0.372856 -1.494397 0.034594,
        0.216113 -1.524972 0.034594,
        0.057047 -1.539153 0.034594,
        -0.102632 -1.536786 0.034594,
        -0.261209 -1.517898 0.034594,
        -0.416977 -1.482692 0.034594,
        -0.568262 -1.431546 0.034594,
        -0.713438 -1.365009 0.034594,
        -0.850944 -1.283799 0.034594,
        -0.979302 -1.188786 0.034594,
        -1.097132 -1.080993 0.034594,
        -1.203167 -0.961579 0.034594,
        -1.296267 -0.831827 0.034594,
        -1.375432 -0.693133 0.034594,
        -1.439809 -0.546987 0.034594,
        -1.488708 -0.394960 0.034594,
        -1.521602 -0.238687 0.034594,
        -1.538138 -0.079848 0.034594,
        -1.538138 0.079848 0.034594,
        -1.521602 0.238687 0.034594,
        -1.488708 0.394960 0.034594,
        -1.439809 0.546987 0.034594,
        -1.375432 0.693133 0.034594,
        -1.296267 0.831827 0.034594,
        -1.203167 0.961579 0.034594,
        -1.097132 1.080993 0.034594,
        -0.979302 1.188786 0.034594,
        -0.850944 1.283799 0.034594,
        -0.713438 1.365009 0.034594,
        -0.568262 1.431546 0.034594,
        -0.416977 1.482692 0.034594,
        -0.261209 1.517898 0.034594,
        -0.102632 1.536786 0.034594,
        0.057047 1.539153 0.034594,
        0.216113 1.524972 0.034594,
        0.372856 1.494397 0.034594,
        0.525591 1.447757 0.034594,
        0.672675 1.385552 0.034594,
        0.812527 1.308451 0.034594,
        0.943644 1.217284 0.034594,
        1.064617 1.113030 0.034594,
        1.174144 0.996811 0.034594,
        1.271048 0.869874 0.034594,
        1.354288 0.733587 0.034594,
        1.422968 0.589413 0.034594,
        1.250861 -0.856059 0.015824,
        1.155496 -0.980980 0.015824,
        1.047709 -1.095353 0.015824,
        0.928657 -1.197951 0.015824,
        0.799623 -1.287670 0.015824,
        0.661992 -1.363546 0.015824,
        0.517244 -1.424764 0.015824,
        0.366935 -1.470663 0.015824,
        0.212681 -1.500753 0.015824,
        0.056141 -1.514708 0.015824,
        -0.101002 -1.512379 0.015824,
        -0.257060 -1.493791 0.015824,
        -0.410354 -1.459144 0.015824,
        -0.559237 -1.408810 0.015824,
        -0.702107 -1.343331 0.015824,
        -0.837430 -1.263409 0.015824,
        -0.963749 -1.169906 0.015824,
        -1.079707 -1.063825 0.015824,
        -1.184059 -0.946307 0.015824,
        -1.275680 -0.818616 0.015824,
        -1.353587 -0.682124 0.015824,
        -1.416943 -0.538299 0.015824,
        -1.465065 -0.388687 0.015824,
        -1.497436 -0.234896 0.015824,
        -1.513710 -0.078580 0.015824,
        -1.513710 0.078580 0.015824,
        -1.497436 0.234896 0.015824,
        -1.465065 0.388687 0.015824,
        -1.416943 0.538299 0.015824,
        -1.353587 0.682124 0.015824,
        -1.275680 0.818616 0.015824,
        -1.184059 0.946307 0.015824,
        -1.079707 1.063825 0.015824,
        -0.963749 1.169906 0.015824,
        -0.837430 1.263409 0.015824,
        -0.702107 1.343331 0.015824,
        -0.559237 1.408810 0.015824,
        -0.410354 1.459144 0.015824,
        -0.257060 1.493791 0.015824,
        -0.101002 1.512379 0.015824,
        0.056141 1.514708 0.015824,
        0.212681 1.500753 0.015824,
        0.366935 1.470663 0.015824,
        0.517244 1.424764 0.015824,
        0.661992 1.363546 0.015824,
        0.799623 1.287670 0.015824,
        0.928657 1.197951 0.015824,
        1.047709 1.095353 0.015824,
        1.155496 0.980980 0.015824,
        1.250861 0.856059 0.015824,
        1.332779 0.721936 0.015824,
        1.400369 0.580052 0.015824,
        1.227354 -0.839971 0.004024,
        1.133781 -0.962543 0.004024,
        1.028019 -1.074768 0.004024,
        0.911205 -1.175438 0.004024,
        0.784595 -1.263471 0.004024,
        0.649551 -1.337921 0.004024,
        0.507523 -1.397987 0.004024,
        0.360039 -1.443025 0.004024,
        0.208684 -1.472548 0.004024,
        0.055086 -1.486242 0.004024,
        -0.099104 -1.483956 0.004024,
        -0.252229 -1.465718 0.004024,
        -0.402643 -1.431722 0.004024,
        -0.548727 -1.382334 0.004024,
        -0.688913 -1.318085 0.004024,
        -0.821692 -1.239666 0.004024,
        -0.945637 -1.147919 0.004024,
        -1.059416 -1.043832 0.004024,
        -1.161806 -0.928523 0.004024,
        -1.251706 -0.803231 0.004024,
        -1.328149 -0.669305 0.004024,
        -1.390313 -0.528183 0.004024,
        -1.437531 -0.381383 0.004024,
        -1.469294 -0.230482 0.004024,
        -1.485262 -0.077104 0.004024,
        -1.485262 0.077104 0.004024,
        -1.469294 0.230482 0.004024,
        -1.437531 0.381383 0.004024,
        -1.390313 0.528183 0.004024,
        -1.328149 0.669305 0.004024,
        -1.251706 0.803231 0.004024,
        -1.161806 0.928523 0.004024,
        -1.059416 1.043832 0.004024,
        -0.945637 1.147919 0.004024,
        -0.821692 1.239666 0.004024,
        -0.688913 1.318085 0.004024,
        -0.548727 1.382334 0.004024,
        -0.402643 1.431722 0.004024,
        -0.252229 1.465718 0.004024,
        -0.099104 1.483956 0.004024,
        0.055086 1.486242 0.004024,
        0.208684 1.472548 0.004024,
        0.360039 1.443025 0.004024,
        0.507523 1.397987 0.004024,
        0.649551 1.337921 0.004024,
        0.784595 1.263471 0.004024,
        0.911205 1.175438 0.004024,
        1.028019 1.074768 0.004024,
        1.133781 0.962543 0.004024,
        1.227354 0.839971 0.004024,
        1.307732 0.708369 0.004024,
        1.374051 0.569150 0.004024,
        1.197846 0.988378 0.404697,
        1.177208 1.011578 0.404697,
        1.153223 0.990986 0.462071,
        0.949743 1.228704 0.404697,
        0.938921 1.236445 0.404697,
        0.919548 1.210953 0.462071,
        0.757377 1.355768 0.404697,
        0.658604 1.406228 0.404697,
        0.644911 1.376977 0.462071,
        0.438961 1.489644 0.404697,
        0.348671 1.512643 0.404697,
        0.341545 1.481662 0.462071,
        -0.131701 1.547379 0.404697,
        -0.140505 1.546299 0.404697,
        -0.137605 1.514279 0.462071,
        -0.359328 1.510831 0.404697,
        -0.461933 1.482363 0.404697,
        -0.452359 1.451670 0.462071,
        -0.883233 1.277352 0.404697,
        -0.900993 1.264069 0.404697,
        -0.882554 1.238174 0.462071,
        -1.143734 1.050523 0.404697,
        -1.146611 1.047148 0.404697,
        -1.122766 1.025365 0.462071,
        -1.218555 0.962730 0.404697,
        -1.249985 0.919760 0.404697,
        -1.224703 0.901154 0.462071,
        -1.286654 0.869626 0.404697,
        -1.340617 0.783017 0.404697,
        -1.312963 0.766879 0.462071,
        -1.514559 0.343273 0.404697,
        -1.517836 0.325837 0.404697,
        -1.486652 0.319128 0.462071,
        -1.548689 0.115271 0.404697,
        -1.552973 -0.000000 0.404697,
        -1.520518 -0.000000 0.462071,
        -1.535861 -0.229906 0.404697,
        -1.517836 -0.325837 0.404697,
        -1.486652 -0.319128 0.462071,
        -1.347653 -0.771724 0.404697,
        -1.340617 -0.783017 0.404697,
        -1.312963 -0.766879 0.462071,
        -1.218555 -0.962730 0.404697,
        -1.146611 -1.047148 0.404697,
        -1.122766 -1.025365 0.462071,
        -0.975609 -1.208269 0.404697,
        -0.900993 -1.264069 0.404697,
        -0.882554 -1.238174 0.462071,
        -0.470480 -1.479992 0.404697,
        -0.461933 -1.482363 0.404697,
        -0.452359 -1.451670 0.462071,
        -0.246194 -1.533335 0.404697,
        -0.140505 -1.546299 0.404697,
        -0.137605 -1.514279 0.462071,
        0.327179 -1.518117 0.404697,
        0.348671 -1.512643 0.404697,
        0.341545 -1.481662 0.462071,
        0.654655 -1.408245 0.404697,
        0.658604 -1.406228 0.404697,
        0.644911 -1.376977 0.462071,
        0.757377 -1.355768 0.404697,
        0.802858 -1.328096 0.404697,
        0.786622 -1.301231 0.462071,
        0.855921 -1.295811 0.404697,
        0.938921 -1.236445 0.404697,
        0.919548 -1.210953 0.462071,
        1.267906 -0.896740 0.404697,
        1.277605 -0.881885 0.404697,
        1.251362 -0.863753 0.462071,
        0.495997 1.437346 0.718803,
        0.644911 1.376977 0.718803,
        0.636411 1.358830 0.656006,
        1.372743 0.726157 0.776177,
        1.434761 0.594297 0.776177,
        1.404776 0.581877 0.718803,
        0.307345 1.522257 0.776177,
        0.348605 1.512330 0.776177,
        0.341545 1.481662 0.718803,
        0.080286 1.550897 0.776177,
        0.187168 1.541402 0.776177,
        0.183278 1.509432 0.718803,
        -0.034208 1.552597 0.776177,
        0.023439 1.551741 0.776177,
        0.022965 1.520345 0.718803,
        -0.374094 1.507243 0.776177,
        -0.302770 1.522177 0.776177,
        -0.296638 1.491302 0.718803,
        -0.796154 1.333366 0.776177,
        -0.762453 1.351839 0.776177,
        -0.746961 1.324396 0.718803,
        -0.983470 1.201879 0.776177,
        -0.901167 1.264305 0.776177,
        -0.882554 1.238174 0.718803,
        -1.069356 1.126146 0.776177,
        -1.029117 1.161629 0.776177,
        -1.008290 1.138124 0.718803,
        -1.290423 0.864022 0.776177,
        -1.250024 0.919795 0.776177,
        -1.224703 0.901154 0.718803,
        -1.485887 0.451516 0.776177,
        -1.474670 0.484065 0.776177,
        -1.444673 0.474232 0.718803,
        -1.536110 0.228236 0.776177,
        -1.517906 0.325851 0.776177,
        -1.486652 0.319128 0.718803,
        -1.548752 0.114429 0.776177,
        -1.543271 0.163770 0.776177,
        -1.512028 0.160460 0.718803,
        -1.536110 -0.228236 0.776177,
        -1.543271 -0.163770 0.776177,
        -1.512028 -0.160460 0.718803,
        -1.290423 -0.864022 0.776177,
        -1.340486 -0.782938 0.776177,
        -1.312963 -0.766879 0.718803,
        -1.223251 -0.956757 0.776177,
        -1.250024 -0.919795 0.776177,
        -1.224703 -0.901154 0.718803,
        -1.069356 -1.126146 0.776177,
        -1.146630 -1.047151 0.776177,
        -1.122766 -1.025365 0.718803,
        -0.983470 -1.201879 0.776177,
        -1.029117 -1.161629 0.776177,
        -1.008290 -1.138124 0.718803,
        -0.374094 -1.507243 0.776177,
        -0.461826 -1.482000 0.776177,
        -0.452359 -1.451670 0.718803,
        -0.262018 -1.530710 0.776177,
        -0.302770 -1.522177 0.776177,
        -0.296638 -1.491302 0.718803,
        -0.034208 -1.552597 0.776177,
        -0.140526 -1.546327 0.776177,
        -0.137605 -1.514279 0.718803,
        0.080286 -1.550897 0.776177,
        0.023439 -1.551741 0.776177,
        0.022965 -1.520345 0.718803,
        0.418676 -1.495472 0.776177,
        0.348605 -1.512330 0.776177,
        0.341545 -1.481662 0.718803,
        0.835387 -1.309143 0.776177,
        0.802940 -1.328202 0.776177,
        0.786622 -1.301231 0.718803,
        1.018718 -1.172152 0.776177,
        0.938927 -1.236492 0.776177,
        0.919548 -1.210953 0.718803,
        1.102317 -1.093903 0.776177,
        1.063733 -1.130017 0.776177,
        1.042205 -1.107152 0.718803,
        1.315505 -0.825332 0.776177,
        1.277230 -0.881617 0.776177,
        1.251362 -0.863753 0.718803,
        1.404776 -0.581877 0.718803,
        1.434761 -0.594297 0.776177,
        1.422517 -0.623033 0.776177,
        1.363539 -0.742104 0.776177,
        1.251115 -0.920020 0.776177,
        1.179924 -1.009706 0.776177,
        1.153223 -0.990986 0.718803,
        1.177754 -1.012060 0.776177,
        0.929580 -1.244029 0.776177,
        0.736654 -1.367139 0.776177,
        0.658338 -1.405682 0.776177,
        0.644911 -1.376977 0.718803,
        0.633915 -1.417702 0.776177,
        0.506381 -1.467392 0.776177,
        0.307345 -1.522257 0.776177,
        0.194344 -1.540765 0.776177,
        0.183278 -1.509432 0.718803,
        0.187168 -1.541402 0.776177,
        -0.148517 -1.545856 0.776177,
        -0.484137 -1.475581 0.776177,
        -0.591548 -1.435896 0.776177,
        -0.603028 -1.395827 0.718803,
        -0.615588 -1.424939 0.776177,
        -0.695742 -1.388406 0.776177,
        -0.746961 -1.324396 0.718803,
        -0.762453 -1.351839 0.776177,
        -0.796154 -1.333366 0.776177,
        -0.901167 -1.264305 0.776177,
        -1.149428 -1.044290 0.776177,
        -1.350580 -0.766590 0.776177,
        -1.403394 -0.664990 0.776177,
        -1.386560 -0.624040 0.718803,
        -1.415399 -0.637035 0.776177,
        -1.448578 -0.559775 0.776177,
        -1.444673 -0.474232 0.718803,
        -1.474670 -0.484065 0.776177,
        -1.485887 -0.451516 0.776177,
        -1.517906 -0.325851 0.776177,
        -1.552973 -0.000000 0.776177,
        -1.515117 0.340803 0.776177,
        -1.448578 0.559775 0.776177,
        -1.415399 0.637035 0.776177,
        -1.386560 0.624040 0.718803,
        -1.403394 0.664990 0.776177,
        -1.340486 0.782938 0.776177,
        -1.223251 0.956757 0.776177,
        -1.149428 1.044290 0.776177,
        -1.122766 1.025365 0.718803,
        -1.146630 1.047151 0.776177,
        -0.892238 1.271078 0.776177,
        -0.695742 1.388406 0.776177,
        -0.615588 1.424939 0.776177,
        -0.603028 1.395827 0.718803,
        -0.591548 1.435896 0.776177,
        -0.461826 1.482000 0.776177,
        -0.262018 1.530710 0.776177,
        -0.148517 1.545856 0.776177,
        -0.137605 1.514279 0.718803,
        -0.140526 1.546327 0.776177,
        0.194344 1.540765 0.776177,
        0.418676 1.495472 0.776177,
        0.506381 1.467392 0.776177,
        0.527730 1.460557 0.776177,
        0.633915 1.417702 0.776177,
        0.658338 1.405682 0.776177,
        0.736654 1.367139 0.776177,
        0.802940 1.328202 0.776177,
        0.786622 1.301231 0.718803,
        0.835387 1.309143 0.776177,
        0.929580 1.244029 0.776177,
        1.018718 1.172152 0.776177,
        1.063733 1.130017 0.776177,
        1.042205 1.107152 0.718803,
        1.102317 1.093903 0.776177,
        1.177754 1.012060 0.776177,
        1.153223 0.990986 0.718803,
        1.179924 1.009706 0.776177,
        1.251115 0.920020 0.776177,
        1.251362 0.863753 0.718803,
        1.277230 0.881617 0.776177,
        1.315505 0.825332 0.776177,
        1.363539 0.742104 0.776177,
        1.335526 0.726874 0.718803,
        1.317926 -0.717294 0.656006,
        1.386263 -0.574209 0.656006,
        0.907430 -1.194994 0.656006,
        0.776255 -1.284082 0.656006,
        0.772750 -1.278285 0.590437,
        -1.350580 0.766590 0.776177,
        -1.312963 0.766879 0.718803,
        -1.295660 0.756772 0.656006,
        -1.208563 0.889278 0.656006,
        -1.203106 0.885262 0.590437,
        0.772750 1.278285 0.590437,
        0.776255 1.284082 0.656006,
        1.028470 -1.092561 0.656006,
        0.903332 -1.189599 0.590437,
        0.776255 -1.284082 0.524869,
        -1.368287 0.615816 0.656006,
        -1.289810 0.753356 0.590437,
        -1.208563 0.889278 0.524869,
        0.907430 1.194994 0.524869,
        0.903332 1.189599 0.590437,
        0.907430 1.194994 0.656006,
        0.919548 1.210953 0.718803,
        0.938927 1.236492 0.776177,
        1.138025 -0.977926 0.656006,
        1.023826 -1.087628 0.590437,
        0.907430 -1.194994 0.524869,
        -1.425634 0.467982 0.656006,
        -1.362109 0.613035 0.590437,
        -1.295660 0.756772 0.524869,
        1.042205 1.107152 0.462071,
        1.028470 1.092561 0.524869,
        1.023826 1.087628 0.590437,
        1.028470 1.092561 0.656006,
        1.335526 -0.726874 0.462071,
        1.317926 -0.717294 0.524869,
        0.495997 -1.437346 0.462071,
        0.489461 -1.418403 0.524869,
        0.180863 -1.489539 0.656006,
        0.022662 -1.500309 0.656006,
        0.022560 -1.493534 0.590437,
        -0.135179 -1.487576 0.590437,
        -0.135792 -1.494322 0.524869,
        -0.292729 -1.471648 0.524869,
        -0.296638 -1.491302 0.462071,
        -0.135792 -1.494322 0.656006,
        -0.292729 -1.471648 0.656006,
        -0.291407 -1.465004 0.590437,
        -0.444382 -1.426071 0.590437,
        -0.446397 -1.432539 0.524869,
        -0.595080 -1.377432 0.524869,
        -0.603028 -1.395827 0.462071,
        -0.746961 -1.324396 0.462071,
        -0.892238 -1.271078 0.776177,
        -0.882554 -1.238174 0.718803,
        -0.870923 -1.221856 0.656006,
        -0.995002 -1.123125 0.656006,
        -0.990509 -1.118054 0.590437,
        -1.102967 -1.007283 0.590437,
        -1.107969 -1.011852 0.524869,
        -1.208563 -0.889278 0.524869,
        -1.224703 -0.901154 0.462071,
        -1.107969 -1.011852 0.656006,
        -1.208563 -0.889278 0.656006,
        -1.203106 -0.885262 0.590437,
        -1.289810 -0.753356 0.590437,
        -1.295660 -0.756772 0.524869,
        -1.368287 -0.615816 0.524869,
        -1.386560 -0.624040 0.462071,
        -1.444673 -0.474232 0.462071,
        -1.368287 -0.615816 0.656006,
        -1.425634 -0.467982 0.656006,
        -1.419197 -0.465869 0.590437,
        -1.460435 -0.313500 0.590437,
        -1.467059 -0.314922 0.524869,
        -1.492101 -0.158345 0.524869,
        -1.512028 -0.160460 0.462071,
        -1.515117 -0.340803 0.776177,
        -1.486652 -0.319128 0.718803,
        -1.467059 -0.314922 0.656006,
        -1.492101 -0.158345 0.656006,
        -1.485364 -0.157630 0.590437,
        -1.493705 -0.000000 0.590437,
        -1.500480 -0.000000 0.524869,
        -1.492101 0.158345 0.524869,
        -1.512028 0.160460 0.462071,
        -1.008290 1.138124 0.462071,
        -0.995002 1.123125 0.524869,
        -0.737118 1.306942 0.656006,
        -0.595080 1.377432 0.656006,
        -0.592393 1.371213 0.590437,
        -0.444382 1.426071 0.590437,
        -0.446397 1.432539 0.524869,
        -0.292729 1.471648 0.524869,
        -0.296638 1.491302 0.462071,
        -0.484137 1.475581 0.776177,
        -0.452359 1.451670 0.718803,
        -0.446397 1.432539 0.656006,
        -0.292729 1.471648 0.656006,
        -0.291407 1.465004 0.590437,
        -0.135179 1.487576 0.590437,
        -0.135792 1.494322 0.524869,
        0.022662 1.500309 0.524869,
        0.022965 1.520345 0.462071,
        0.183278 1.509432 0.462071,
        0.337044 1.462136 0.656006,
        0.489461 1.418403 0.656006,
        0.487251 1.411999 0.590437,
        0.633538 1.352695 0.590437,
        0.636411 1.358830 0.524869,
        0.776255 1.284082 0.524869,
        0.786622 1.301231 0.462071,
        1.363117 -0.741883 0.404697,
        1.386690 -0.699154 0.404697,
        1.380003 -0.571616 0.590437,
        1.386263 -0.574209 0.524869,
        1.404776 -0.581877 0.462071,
        1.434761 -0.594297 0.404697,
        1.330969 -0.800154 0.404697,
        1.121179 -1.074563 0.404697,
        1.177208 -1.011578 0.404697,
        1.153223 -0.990986 0.462071,
        1.197846 -0.988378 0.404697,
        1.234870 -0.852370 0.524869,
        1.311975 -0.714056 0.590437,
        1.229295 -0.848521 0.590437,
        1.138025 -0.977926 0.524869,
        1.042205 -1.107152 0.462071,
        0.949743 -1.228704 0.404697,
        1.038325 -1.154819 0.404697,
        1.063815 -1.130128 0.404697,
        1.028470 -1.092561 0.524869,
        1.132887 -0.973510 0.590437,
        1.234870 -0.852370 0.656006,
        1.335526 -0.726874 0.718803,
        1.372743 -0.726157 0.776177,
        0.633538 -1.352695 0.590437,
        0.636411 -1.358830 0.524869,
        0.506262 -1.467064 0.404697,
        0.548320 -1.452953 0.404697,
        0.438961 -1.489644 0.404697,
        0.098828 -1.549826 0.404697,
        0.187114 -1.540894 0.404697,
        0.183278 -1.509432 0.462071,
        0.213593 -1.538215 0.404697,
        0.337044 -1.462136 0.524869,
        0.487251 -1.411999 0.590437,
        0.636411 -1.358830 0.656006,
        0.489461 -1.418403 0.656006,
        0.335522 -1.455534 0.590437,
        0.180863 -1.489539 0.524869,
        0.022965 -1.520345 0.462071,
        -0.131701 -1.547379 0.404697,
        -0.016482 -1.552886 0.404697,
        0.023429 -1.551827 0.404697,
        0.022662 -1.500309 0.524869,
        0.180046 -1.482814 0.590437,
        0.337044 -1.462136 0.656006,
        0.495997 -1.437346 0.718803,
        0.527730 -1.460557 0.776177,
        -0.302761 -1.522083 0.404697,
        -0.359328 -1.510831 0.404697,
        -0.615504 -1.424735 0.404697,
        -0.579036 -1.440987 0.404697,
        -0.883233 -1.277352 0.404697,
        -0.785983 -1.339387 0.404697,
        -0.762545 -1.351995 0.404697,
        -0.684398 -1.394032 0.404697,
        -0.737118 -1.306942 0.524869,
        -0.592393 -1.371213 0.590437,
        -0.446397 -1.432539 0.656006,
        -0.595080 -1.377432 0.656006,
        -0.733789 -1.301041 0.590437,
        -0.870923 -1.221856 0.524869,
        -1.008290 -1.138124 0.462071,
        -1.143734 -1.050523 0.404697,
        -1.062603 -1.132520 0.404697,
        -1.029146 -1.161652 0.404697,
        -0.995002 -1.123125 0.524869,
        -0.866991 -1.216339 0.590437,
        -0.737118 -1.306942 0.656006,
        -1.249985 -0.919760 0.404697,
        -1.286654 -0.869626 0.404697,
        -1.415319 -0.636998 0.404697,
        -1.401218 -0.669564 0.404697,
        -1.514559 -0.343273 0.404697,
        -1.484902 -0.454746 0.404697,
        -1.474713 -0.484078 0.404697,
        -1.447052 -0.563710 0.404697,
        -1.425634 -0.467982 0.524869,
        -1.362109 -0.613035 0.590437,
        -1.295660 -0.756772 0.656006,
        -1.543262 -0.163769 0.404697,
        -1.548689 -0.115271 0.404697,
        -1.543262 0.163769 0.404697,
        -1.535861 0.229906 0.404697,
        -1.447052 0.563710 0.404697,
        -1.474713 0.484078 0.404697,
        -1.444673 0.474232 0.462071,
        -1.484902 0.454746 0.404697,
        -1.467059 0.314922 0.524869,
        -1.485364 0.157630 0.590437,
        -1.500480 -0.000000 0.656006,
        -1.548752 -0.114429 0.776177,
        -1.520518 -0.000000 0.718803,
        -1.492101 0.158345 0.656006,
        -1.460435 0.313500 0.590437,
        -1.425634 0.467982 0.524869,
        -1.386560 0.624040 0.462071,
        -1.347653 0.771724 0.404697,
        -1.401218 0.669564 0.404697,
        -1.415319 0.636998 0.404697,
        -1.368287 0.615816 0.524869,
        -1.419197 0.465869 0.590437,
        -1.467059 0.314922 0.656006,
        -1.102967 1.007283 0.590437,
        -1.107969 1.011852 0.524869,
        -1.029146 1.161652 0.404697,
        -1.062603 1.132520 0.404697,
        -0.975609 1.208269 0.404697,
        -0.684398 1.394032 0.404697,
        -0.762545 1.351995 0.404697,
        -0.746961 1.324396 0.462071,
        -0.785983 1.339387 0.404697,
        -0.870923 1.221856 0.524869,
        -0.990509 1.118054 0.590437,
        -1.107969 1.011852 0.656006,
        -0.995002 1.123125 0.656006,
        -0.866991 1.216339 0.590437,
        -0.737118 1.306942 0.524869,
        -0.603028 1.395827 0.462071,
        -0.470480 1.479992 0.404697,
        -0.579036 1.440987 0.404697,
        -0.615504 1.424735 0.404697,
        -0.595080 1.377432 0.524869,
        -0.733789 1.301041 0.590437,
        -0.870923 1.221856 0.656006,
        -0.302761 1.522083 0.404697,
        -0.246194 1.533335 0.404697,
        0.023429 1.551827 0.404697,
        -0.016482 1.552886 0.404697,
        0.327179 1.518117 0.404697,
        0.213593 1.538215 0.404697,
        0.187114 1.540894 0.404697,
        0.098828 1.549826 0.404697,
        0.180863 1.489539 0.524869,
        0.022560 1.493534 0.590437,
        -0.135792 1.494322 0.656006,
        0.022662 1.500309 0.656006,
        0.180046 1.482814 0.590437,
        0.337044 1.462136 0.524869,
        0.495997 1.437346 0.462071,
        0.654655 1.408245 0.404697,
        0.548320 1.452953 0.404697,
        0.506262 1.467064 0.404697,
        0.489461 1.418403 0.524869,
        0.335522 1.455534 0.590437,
        0.180863 1.489539 0.656006,
        0.802858 1.328096 0.404697,
        0.855921 1.295811 0.404697,
        1.121179 1.074563 0.404697,
        1.063815 1.130128 0.404697,
        1.038325 1.154819 0.404697,
        1.138025 0.977926 0.656006,
        1.132887 0.973510 0.590437,
        1.138025 0.977926 0.524869,
        1.251362 0.863753 0.462071,
        1.277605 0.881885 0.404697,
        1.267906 0.896740 0.404697,
        1.234870 0.852370 0.656006,
        1.229295 0.848521 0.590437,
        1.234870 0.852370 0.524869,
        1.386690 0.699154 0.404697,
        1.363117 0.741883 0.404697,
        1.335526 0.726874 0.462071,
        1.330969 0.800154 0.404697,
        1.317926 0.717294 0.656006,
        1.311975 0.714056 0.590437,
        1.317926 0.717294 0.524869,
        1.386263 0.574209 0.656006,
        1.380003 0.571616 0.590437,
        1.386263 0.574209 0.524869,
        1.404776 0.581877 0.462071,
        1.434761 0.594297 0.404697,
        1.345809 -0.557452 3.543307,
        1.091196 -0.451988 3.543307,
        1.280853 -0.693809 3.543307,
        1.054637 -0.531737 3.543307,
        1.202127 -0.822706 3.543307,
        0.949603 -0.702323 3.543307,
        1.110477 -0.942759 3.543307,
        0.817250 -0.852704 3.543307,
        0.661387 -0.978555 3.543307,
        0.892476 -1.151278 3.543307,
        1.006889 -1.052677 3.543307,
        0.297612 -1.142992 3.543307,
        0.497091 -1.369253 3.543307,
        0.486498 -1.076254 3.543307,
        0.636200 -1.310421 3.543307,
        0.768469 -1.237502 3.543307,
        0.100165 -1.176847 3.543307,
        0.204395 -1.442282 3.543307,
        0.352639 -1.413365 3.543307,
        0.576018 1.031119 3.543307,
        0.741992 0.918940 3.543307,
        0.892476 1.151278 3.543307,
        -0.297612 -1.142992 3.543307,
        -0.247045 -1.435592 3.543307,
        -0.100165 -1.176847 3.543307,
        -0.097067 -1.453456 3.543307,
        0.053954 -1.455693 3.543307,
        -0.661387 -0.978555 3.543307,
        -0.674752 -1.290993 3.543307,
        -0.486498 -1.076254 3.543307,
        -0.537448 -1.353922 3.543307,
        -0.394367 -1.402294 3.543307,
        -0.741992 0.918940 3.543307,
        -0.576018 1.031119 3.543307,
        -0.804803 1.214186 3.543307,
        -0.199607 1.164113 3.543307,
        -0.394367 1.402294 3.543307,
        -0.393472 1.113635 3.543307,
        -0.537448 1.353922 3.543307,
        -0.674752 1.290993 3.543307,
        -1.054637 -0.531737 3.543307,
        -1.225978 -0.786722 3.543307,
        -0.949603 -0.702323 3.543307,
        -1.137926 -0.909438 3.543307,
        -0.817250 -0.852704 3.543307,
        1.006889 1.052677 3.543307,
        0.886621 0.780324 3.543307,
        1.110477 0.942759 3.543307,
        -1.037641 -1.022377 3.543307,
        -0.926200 -1.124325 3.543307,
        -0.804803 -1.214186 3.543307,
        -1.180038 0.050128 3.543307,
        -1.154593 0.248834 3.543307,
        -1.439094 0.225744 3.543307,
        -0.000000 1.181102 3.543307,
        -0.097067 1.453456 3.543307,
        -0.247045 1.435592 3.543307,
        1.202127 0.822706 3.543307,
        1.005743 0.619261 3.543307,
        1.280853 0.693809 3.543307,
        1.091196 0.451988 3.543307,
        1.345809 0.557452 3.543307,
        -1.129331 -0.345854 3.543307,
        -1.361737 -0.517327 3.543307,
        -1.300850 -0.655548 3.543307,
        -1.454734 0.075519 3.543307,
        -1.454734 -0.075519 3.543307,
        -1.171536 -0.150021 3.543307,
        -1.439094 -0.225744 3.543307,
        -1.407984 -0.373544 3.543307,
        -1.005743 0.619261 3.543307,
        -1.300850 0.655548 3.543307,
        -1.095932 0.440381 3.543307,
        -1.361737 0.517327 3.543307,
        -1.407984 0.373544 3.543307,
        -0.926200 1.124325 3.543307,
        -1.037641 1.022377 3.543307,
        -0.886621 0.780324 3.543307,
        -1.137926 0.909438 3.543307,
        -1.225978 0.786722 3.543307,
        0.393472 1.113635 3.543307,
        0.352639 1.413365 3.543307,
        0.199607 1.164113 3.543307,
        0.204395 1.442282 3.543307,
        0.053954 1.455693 3.543307,
        0.768469 1.237502 3.543307,
        0.636200 1.310421 3.543307,
        0.497091 1.369253 3.543307,
        1.441318 0.631222 3.425197,
        1.384706 0.750063 3.425197,
        1.381167 0.748147 3.455766,
        1.196285 1.023688 3.425197,
        1.088529 1.138029 3.425197,
        1.085747 1.135121 3.455766,
        1.031664 1.187035 3.425197,
        0.964839 1.244624 3.425197,
        0.962373 1.241444 3.455766,
        0.642128 1.435980 3.425197,
        0.537396 1.480274 3.425197,
        0.536022 1.476491 3.455766,
        0.196981 1.561362 3.425197,
        0.058328 1.573722 3.425197,
        0.058180 1.569701 3.455766,
        -0.265693 1.552156 3.425197,
        -0.267076 1.551991 3.425197,
        -0.266393 1.548025 3.455766,
        -0.490285 1.494376 3.425197,
        -0.581025 1.463699 3.425197,
        -0.579541 1.459958 3.455766,
        -0.903817 1.287644 3.425197,
        -1.001298 1.215487 3.425197,
        -0.998739 1.212380 3.455766,
        -1.239820 0.969757 3.425197,
        -1.325382 0.850510 3.425197,
        -1.321995 0.848337 3.455766,
        -1.468539 0.567466 3.425197,
        -1.472148 0.559272 3.425197,
        -1.468386 0.557843 3.455766,
        -1.534489 0.345188 3.425197,
        -1.555778 0.244048 3.425197,
        -1.551802 0.243424 3.455766,
        -1.569120 -0.115892 3.425197,
        -1.555778 -0.244048 3.425197,
        -1.551802 -0.243424 3.455766,
        -1.468539 -0.567466 3.425197,
        -1.406324 -0.708701 3.425197,
        -1.402730 -0.706889 3.455766,
        -1.367730 -0.776318 3.425197,
        -1.325382 -0.850510 3.425197,
        -1.321995 -0.848337 3.455766,
        -1.239820 -0.969757 3.425197,
        -1.230191 -0.983176 3.425197,
        -1.227047 -0.980664 3.455766,
        -1.083142 -1.140614 3.425197,
        -1.001298 -1.215487 3.425197,
        -0.998739 -1.212380 3.455766,
        -0.705037 -1.406863 3.425197,
        -0.581025 -1.463699 3.425197,
        -0.579541 -1.459958 3.455766,
        -0.265693 -1.552156 3.425197,
        -0.104937 -1.571303 3.425197,
        -0.104669 -1.567287 3.455766,
        -0.034659 -1.572344 3.425197,
        0.058328 -1.573722 3.425197,
        0.058180 -1.569701 3.455766,
        0.424069 -1.514881 3.425197,
        0.537396 -1.480274 3.425197,
        0.536022 -1.476491 3.455766,
        0.846626 -1.326819 3.425197,
        0.964839 -1.244624 3.425197,
        0.962373 -1.241444 3.455766,
        1.196285 -1.023688 3.425197,
        1.200516 -1.019199 3.425197,
        1.197448 -1.016594 3.455766,
        1.332287 -0.835889 3.425197,
        1.384706 -0.750063 3.425197,
        1.381167 -0.748147 3.455766,
        1.374051 -0.569150 3.539283,
        1.307732 -0.708369 3.539283,
        1.400369 -0.580052 3.527483,
        1.332779 -0.721936 3.527483,
        1.422968 -0.589413 3.508713,
        1.354288 -0.733587 3.508713,
        1.440309 -0.596596 3.484252,
        1.370792 -0.742527 3.484252,
        1.451210 -0.601111 3.455766,
        1.028019 -1.074768 3.539283,
        0.911205 -1.175438 3.539283,
        1.047709 -1.095353 3.527483,
        0.928657 -1.197951 3.527483,
        1.064617 -1.113030 3.508713,
        0.943644 -1.217284 3.508713,
        1.077591 -1.126594 3.484252,
        0.955144 -1.232119 3.484252,
        1.085747 -1.135121 3.455766,
        0.649551 -1.337921 3.539283,
        0.507523 -1.397987 3.539283,
        0.661992 -1.363546 3.527483,
        0.517244 -1.424764 3.527483,
        0.672675 -1.385552 3.508713,
        0.525591 -1.447757 3.508713,
        0.680872 -1.402437 3.484252,
        0.531996 -1.465400 3.484252,
        0.686026 -1.413051 3.455766,
        0.208684 -1.472548 3.539283,
        0.055086 -1.486242 3.539283,
        0.212681 -1.500753 3.527483,
        0.056141 -1.514708 3.527483,
        0.216113 -1.524972 3.508713,
        0.057047 -1.539153 3.508713,
        0.218747 -1.543556 3.484252,
        0.057743 -1.557909 3.484252,
        0.220403 -1.555239 3.455766,
        -0.402643 -1.431722 3.539283,
        -0.548727 -1.382334 3.539283,
        -0.410354 -1.459144 3.527483,
        -0.559237 -1.408810 3.527483,
        -0.416977 -1.482692 3.508713,
        -0.568262 -1.431546 3.508713,
        -0.422058 -1.500761 3.484252,
        -0.575187 -1.448992 3.484252,
        -0.425253 -1.512120 3.455766,
        -0.821692 -1.239666 3.539283,
        -0.945637 -1.147919 3.539283,
        -0.837430 -1.263409 3.527483,
        -0.963749 -1.169906 3.527483,
        -0.850944 -1.283799 3.508713,
        -0.979302 -1.188786 3.508713,
        -0.861315 -1.299444 3.484252,
        -0.991237 -1.203273 3.484252,
        -0.867833 -1.309279 3.455766,
        -1.437531 -0.381383 3.539283,
        -1.469294 -0.230482 3.539283,
        -1.465065 -0.388687 3.527483,
        -1.497436 -0.234896 3.527483,
        -1.488708 -0.394960 3.508713,
        -1.521602 -0.238687 3.508713,
        -1.506850 -0.399773 3.484252,
        -1.540145 -0.241596 3.484252,
        -1.518255 -0.402799 3.455766,
        -1.485262 0.077104 3.539283,
        -1.469294 0.230482 3.539283,
        -1.513710 0.078580 3.527483,
        -1.497436 0.234896 3.527483,
        -1.538138 0.079848 3.508713,
        -1.521602 0.238687 3.508713,
        -1.556883 0.080822 3.484252,
        -1.540145 0.241596 3.484252,
        -1.568667 0.081433 3.455766,
        -1.328149 0.669305 3.539283,
        -1.251706 0.803231 3.539283,
        -1.353587 0.682124 3.527483,
        -1.275680 0.818616 3.527483,
        -1.375432 0.693133 3.508713,
        -1.296267 0.831827 3.508713,
        -1.392193 0.701580 3.484252,
        -1.312065 0.841964 3.484252,
        -1.402730 0.706889 3.455766,
        -1.059416 1.043832 3.539283,
        -0.945637 1.147919 3.539283,
        -1.079707 1.063825 3.527483,
        -0.963749 1.169906 3.527483,
        -1.097132 1.080993 3.508713,
        -0.979302 1.188786 3.508713,
        -1.110502 1.094167 3.484252,
        -0.991237 1.203273 3.484252,
        -1.118907 1.102448 3.455766,
        -0.688913 1.318085 3.539283,
        -0.548727 1.382334 3.539283,
        -0.702107 1.343331 3.527483,
        -0.559237 1.408810 3.527483,
        -0.713438 1.365009 3.508713,
        -0.568262 1.431546 3.508713,
        -0.722132 1.381644 3.484252,
        -0.575187 1.448992 3.484252,
        -0.727598 1.392102 3.455766,
        -0.099104 1.483956 3.539283,
        0.055086 1.486242 3.539283,
        -0.101002 1.512379 3.527483,
        0.056141 1.514708 3.527483,
        -0.102632 1.536786 3.508713,
        0.057047 1.539153 3.508713,
        -0.103883 1.555515 3.484252,
        0.057743 1.557909 3.484252,
        -0.104669 1.567287 3.455766,
        0.360039 1.443025 3.539283,
        0.507523 1.397987 3.539283,
        0.366935 1.470663 3.527483,
        0.517244 1.424764 3.527483,
        0.372856 1.494397 3.508713,
        0.525591 1.447757 3.508713,
        0.377400 1.512609 3.484252,
        0.531996 1.465400 3.484252,
        0.380257 1.524057 3.455766,
        0.784595 1.263471 3.539283,
        0.911205 1.175438 3.539283,
        0.799623 1.287670 3.527483,
        0.928657 1.197951 3.527483,
        0.812527 1.308451 3.508713,
        0.943644 1.217284 3.508713,
        0.822429 1.324397 3.484252,
        0.955144 1.232119 3.484252,
        0.828654 1.334420 3.455766,
        1.227354 0.839971 3.539283,
        1.307732 0.708369 3.539283,
        1.250861 0.856059 3.527483,
        1.332779 0.721936 3.527483,
        1.271048 0.869874 3.508713,
        1.354288 0.733587 3.508713,
        1.286538 0.880476 3.484252,
        1.370792 0.742527 3.484252,
        1.296275 0.887139 3.455766,
        1.441318 -0.631222 3.425197,
        1.454928 -0.602651 3.425197,
        1.299596 -0.889412 3.425197,
        1.296275 -0.887139 3.455766,
        1.286538 -0.880476 3.484252,
        1.271048 -0.869874 3.508713,
        1.250861 -0.856059 3.527483,
        1.227354 -0.839971 3.539283,
        1.133781 -0.962543 3.539283,
        1.155496 -0.980980 3.527483,
        1.174144 -0.996811 3.508713,
        1.188453 -1.008958 3.484252,
        1.088529 -1.138029 3.425197,
        1.031664 -1.187035 3.425197,
        0.830777 -1.337839 3.425197,
        0.828654 -1.334420 3.455766,
        0.822429 -1.324397 3.484252,
        0.812527 -1.308451 3.508713,
        0.799623 -1.287670 3.527483,
        0.784595 -1.263471 3.539283,
        0.687783 -1.416672 3.425197,
        0.642128 -1.435980 3.425197,
        0.381231 -1.527962 3.425197,
        0.380257 -1.524057 3.455766,
        0.377400 -1.512609 3.484252,
        0.372856 -1.494397 3.508713,
        0.366935 -1.470663 3.527483,
        0.360039 -1.443025 3.539283,
        0.220967 -1.559224 3.425197,
        0.196981 -1.561362 3.425197,
        -0.103883 -1.555515 3.484252,
        -0.102632 -1.536786 3.508713,
        -0.101002 -1.512379 3.527483,
        -0.099104 -1.483956 3.539283,
        -0.267076 -1.551991 3.425197,
        -0.266393 -1.548025 3.455766,
        -0.264392 -1.536396 3.484252,
        -0.261209 -1.517898 3.508713,
        -0.257060 -1.493791 3.527483,
        -0.252229 -1.465718 3.539283,
        -0.426342 -1.515994 3.425197,
        -0.490285 -1.494376 3.425197,
        -0.729462 -1.395668 3.425197,
        -0.727598 -1.392102 3.455766,
        -0.722132 -1.381644 3.484252,
        -0.713438 -1.365009 3.508713,
        -0.702107 -1.343331 3.527483,
        -0.688913 -1.318085 3.539283,
        -0.870057 -1.312633 3.425197,
        -0.903817 -1.287644 3.425197,
        -1.121774 -1.105273 3.425197,
        -1.118907 -1.102448 3.455766,
        -1.110502 -1.094167 3.484252,
        -1.097132 -1.080993 3.508713,
        -1.079707 -1.063825 3.527483,
        -1.059416 -1.043832 3.539283,
        -1.161806 -0.928523 3.539283,
        -1.184059 -0.946307 3.527483,
        -1.203167 -0.961579 3.508713,
        -1.217830 -0.973297 3.484252,
        -1.312065 -0.841964 3.484252,
        -1.296267 -0.831827 3.508713,
        -1.275680 -0.818616 3.527483,
        -1.251706 -0.803231 3.539283,
        -1.392193 -0.701580 3.484252,
        -1.375432 -0.693133 3.508713,
        -1.353587 -0.682124 3.527483,
        -1.328149 -0.669305 3.539283,
        -1.472148 -0.559272 3.425197,
        -1.468386 -0.557843 3.455766,
        -1.457356 -0.553652 3.484252,
        -1.439809 -0.546987 3.508713,
        -1.416943 -0.538299 3.527483,
        -1.390313 -0.528183 3.539283,
        -1.522145 -0.403831 3.425197,
        -1.534489 -0.345188 3.425197,
        -1.572685 -0.081642 3.425197,
        -1.568667 -0.081433 3.455766,
        -1.556883 -0.080822 3.484252,
        -1.538138 -0.079848 3.508713,
        -1.513710 -0.078580 3.527483,
        -1.485262 -0.077104 3.539283,
        -1.572685 0.081642 3.425197,
        -1.569120 0.115892 3.425197,
        -1.522145 0.403831 3.425197,
        -1.518255 0.402799 3.455766,
        -1.506850 0.399773 3.484252,
        -1.488708 0.394960 3.508713,
        -1.465065 0.388687 3.527483,
        -1.437531 0.381383 3.539283,
        -1.390313 0.528183 3.539283,
        -1.416943 0.538299 3.527483,
        -1.439809 0.546987 3.508713,
        -1.457356 0.553652 3.484252,
        -1.406324 0.708701 3.425197,
        -1.367730 0.776318 3.425197,
        -1.230191 0.983176 3.425197,
        -1.227047 0.980664 3.455766,
        -1.217830 0.973297 3.484252,
        -1.203167 0.961579 3.508713,
        -1.184059 0.946307 3.527483,
        -1.161806 0.928523 3.539283,
        -1.121774 1.105273 3.425197,
        -1.083142 1.140614 3.425197,
        -0.870057 1.312633 3.425197,
        -0.867833 1.309279 3.455766,
        -0.861315 1.299444 3.484252,
        -0.850944 1.283799 3.508713,
        -0.837430 1.263409 3.527483,
        -0.821692 1.239666 3.539283,
        -0.729462 1.395668 3.425197,
        -0.705037 1.406863 3.425197,
        -0.426342 1.515994 3.425197,
        -0.425253 1.512120 3.455766,
        -0.422058 1.500761 3.484252,
        -0.416977 1.482692 3.508713,
        -0.410354 1.459144 3.527483,
        -0.402643 1.431722 3.539283,
        -0.252229 1.465718 3.539283,
        -0.257060 1.493791 3.527483,
        -0.261209 1.517898 3.508713,
        -0.264392 1.536396 3.484252,
        -0.104937 1.571303 3.425197,
        -0.034659 1.572344 3.425197,
        0.220967 1.559224 3.425197,
        0.220403 1.555239 3.455766,
        0.218747 1.543556 3.484252,
        0.216113 1.524972 3.508713,
        0.212681 1.500753 3.527483,
        0.208684 1.472548 3.539283,
        0.381231 1.527962 3.425197,
        0.424069 1.514881 3.425197,
        0.687783 1.416672 3.425197,
        0.686026 1.413051 3.455766,
        0.680872 1.402437 3.484252,
        0.672675 1.385552 3.508713,
        0.661992 1.363546 3.527483,
        0.649551 1.337921 3.539283,
        0.830777 1.337839 3.425197,
        0.846626 1.326819 3.425197,
        1.077591 1.126594 3.484252,
        1.064617 1.113030 3.508713,
        1.047709 1.095353 3.527483,
        1.028019 1.074768 3.539283,
        1.200516 1.019199 3.425197,
        1.197448 1.016594 3.455766,
        1.188453 1.008958 3.484252,
        1.174144 0.996811 3.508713,
        1.155496 0.980980 3.527483,
        1.133781 0.962543 3.539283,
        1.299596 0.889412 3.425197,
        1.332287 0.835889 3.425197,
        1.454928 0.602651 3.425197,
        1.451210 0.601111 3.455766,
        1.440309 0.596596 3.484252,
        1.422968 0.589413 3.508713,
        1.400369 0.580052 3.527483,
        1.374051 0.569150 3.539283,
        -0.490859 1.496350 1.289465,
        -0.490859 1.496350 1.235594,
        -0.490943 1.496322 1.235594,
        -0.490859 1.496350 1.359055,
        -0.490859 1.496350 1.307804,
        -0.490943 1.496322 1.307804,
        1.454928 0.602651 0.844588,
        1.441457 0.631294 0.844588,
        1.454928 -0.602651 0.844588,
        -0.328742 1.540108 1.329254,
        -0.328742 1.540108 1.309769,
        -0.348331 1.535796 1.182951,
        -0.348331 1.535796 1.165103,
        -0.366152 1.531645 1.274646,
        -0.344298 1.536706 1.331710,
        -0.316026 1.542768 1.332983,
        -0.271038 1.551304 1.325242,
        -0.276520 1.550336 1.471381,
        -0.265957 1.552182 1.320323,
        -0.265694 1.552228 1.320068,
        -0.272769 1.550999 1.326318,
        -0.274858 1.550632 1.327617,
        -0.280534 1.549605 1.329937,
        -0.285842 1.548645 1.332108,
        -0.289540 1.547942 1.332610,
        -0.302193 1.545537 1.334330,
        -0.351308 1.535118 1.181955,
        -0.353891 1.534520 1.181542,
        -0.359420 1.533239 1.180659,
        -0.361403 1.532772 1.180880,
        -0.363119 1.532368 1.181072,
        -0.364985 1.531922 1.181661,
        -0.371044 1.530468 1.184628,
        -0.373188 1.529945 1.186845,
        -0.374712 1.529574 1.188420,
        -0.375690 1.529333 1.190167,
        -0.379396 1.528419 1.196787,
        -0.383665 1.527352 1.207185,
        -0.387932 1.526274 1.217582,
        -0.367452 1.531334 1.182439,
        -0.368097 1.531179 1.182832,
        -0.370767 1.530535 1.184459,
        -0.276520 1.550336 1.631520,
        -0.357307 1.533733 1.631520,
        -0.357307 1.533733 1.613100,
        -0.360855 1.532902 1.489639,
        -0.296847 1.546572 1.543509,
        -0.296847 1.546572 1.489639,
        -0.352881 1.534757 1.543509,
        -0.352881 1.534757 1.561848,
        -0.296847 1.546572 1.561848,
        -0.296847 1.546572 1.613100,
        -0.390233 1.525688 1.471381,
        -0.432747 1.514178 1.471381,
        -0.366152 1.531645 1.331710,
        -0.454197 1.507859 1.473916,
        -0.397525 1.523804 1.236331,
        -0.398040 1.523670 1.236331,
        -0.395148 1.524422 1.245746,
        -0.400416 1.523047 1.245582,
        -0.380667 1.528102 1.288728,
        -0.415500 1.519001 1.288646,
        -0.430543 1.514806 1.331710,
        -0.450507 1.508989 1.331710,
        -0.490943 1.496322 1.492662,
        -0.490166 1.496577 1.491941,
        -0.479495 1.500011 1.484411,
        -0.474533 1.501607 1.480909,
        -0.467476 1.503793 1.478198,
        -0.457276 1.506952 1.474280,
        -0.451246 1.508737 1.629579,
        -0.456676 1.507136 1.628956,
        -0.360855 1.532902 1.471381,
        -0.390233 1.525688 1.631520,
        -0.434321 1.513727 1.631520,
        -0.466153 1.504199 1.625435,
        -0.475713 1.501236 1.621884,
        -0.479728 1.499939 1.619064,
        -0.471175 1.502664 1.217337,
        -0.265701 1.552227 0.844588,
        -0.379353 1.528429 0.844588,
        -0.490943 1.496322 1.217337,
        -0.378763 1.528572 1.169085,
        -0.376940 1.529026 1.167743,
        -0.390943 1.525506 1.181215,
        -0.395744 1.524259 1.190649,
        -0.400535 1.523016 1.200062,
        -0.389374 1.525904 1.179356,
        -0.384026 1.527261 1.173022,
        -0.383881 1.527298 1.172850,
        -0.373172 1.529946 1.166191,
        -0.369613 1.530814 1.164725,
        -0.367483 1.531322 1.164416,
        -0.360934 1.532883 1.163466,
        -0.354190 1.534456 1.163926,
        -0.323302 1.541259 1.270991,
        -0.327541 1.540364 1.267359,
        -0.326190 1.540651 1.311293,
        -0.319032 1.542139 1.314235,
        -0.280539 1.549615 1.309324,
        -0.314621 1.543055 1.316049,
        -0.309967 1.543981 1.316694,
        -0.300264 1.545913 1.318037,
        -0.298587 1.546236 1.317927,
        -0.296392 1.546660 1.317782,
        -0.293125 1.547279 1.317056,
        -0.281681 1.549407 1.310969,
        -0.288739 1.548105 1.315726,
        -0.284738 1.548848 1.313780,
        -0.284115 1.548962 1.313213,
        -0.290080 1.547856 1.316379,
        -0.281730 1.549398 1.311039,
        -0.280163 1.549683 1.308781,
        -0.279739 1.549759 1.307661,
        -0.279235 1.549850 1.306327,
        -0.279145 1.549866 1.305663,
        -0.278737 1.549939 1.302646,
        -0.278884 1.549913 1.300418,
        -0.278904 1.549909 1.300327,
        -0.279443 1.549813 1.297737,
        -0.279565 1.549791 1.297148,
        -0.280126 1.549689 1.296015,
        -0.280717 1.549582 1.294819,
        -0.281154 1.549503 1.294291,
        -0.290331 1.547811 1.287479,
        -0.284106 1.548962 1.291345,
        -0.283046 1.549158 1.292003,
        -0.302193 1.545537 1.282178,
        -0.308305 1.544330 1.279659,
        -0.327608 1.540350 1.310445,
        -0.314179 1.543131 1.276451,
        -0.321763 1.541583 1.272308,
        -0.329513 1.539943 1.264426,
        -0.330372 1.539760 1.263149,
        -0.331839 1.539444 1.259533,
        -0.332899 1.539216 1.256922,
        -0.333241 1.539141 1.254513,
        -0.334104 1.538954 1.248447,
        -0.333929 1.538993 1.246767,
        -0.333368 1.539116 1.241392,
        -0.333020 1.539191 1.240305,
        -0.331583 1.539503 1.235815,
        -0.331413 1.539540 1.235287,
        -0.329422 1.539966 1.232040,
        -0.328290 1.540208 1.230195,
        -0.326370 1.540612 1.228367,
        -0.321492 1.541638 1.223722,
        -0.319752 1.541999 1.222640,
        -0.303099 1.545342 1.216508,
        -0.288803 1.548095 1.214635,
        -0.317734 1.542417 1.221385,
        -0.312298 1.543518 1.219184,
        -0.306924 1.544605 1.217009,
        -0.279321 1.549813 1.215665,
        -0.272576 1.551035 1.216398,
        -0.267548 1.551894 1.218135,
        -0.580836 1.463774 1.217337,
        -0.580836 1.463774 1.377476,
        -0.549199 1.475935 1.359055,
        -0.549199 1.475935 1.377476,
        -0.653412 1.432817 1.371391,
        -0.662519 1.428664 1.367840,
        -0.656971 1.431221 1.471381,
        -0.666337 1.426867 1.365019,
        -0.678178 1.421295 1.356271,
        -0.683545 1.418725 1.350299,
        -0.683927 1.418542 1.349874,
        -0.690062 1.415569 1.339978,
        -0.692745 1.414270 1.335650,
        -0.636143 1.440599 1.471381,
        -0.628664 1.443879 1.493282,
        -0.544938 1.477514 1.471381,
        -0.552152 1.474833 1.493282,
        -0.621168 1.447120 1.515182,
        -0.559353 1.472117 1.515182,
        -0.490943 1.496322 1.377476,
        -0.523451 1.485262 1.471381,
        -0.623048 1.446311 1.377476,
        -0.639203 1.439212 1.375534,
        -0.644385 1.436935 1.374911,
        -0.699895 1.410728 1.299453,
        -0.699466 1.410941 1.289694,
        -0.705522 1.407922 0.844588,
        -0.699195 1.411075 1.288144,
        -0.696767 1.412275 1.274259,
        -0.696309 1.412501 1.271639,
        -0.692528 1.414353 1.262452,
        -0.689472 1.415851 1.255024,
        -0.686790 1.417144 1.251402,
        -0.678178 1.421295 1.239769,
        -0.676263 1.422207 1.237896,
        -0.666114 1.426969 1.230366,
        -0.661396 1.429182 1.226865,
        -0.654672 1.432247 1.224153,
        -0.644957 1.436676 1.220235,
        -0.642018 1.437967 1.219871,
        -0.621544 1.446958 1.217337,
        -0.490943 1.496322 0.844588,
        -0.599863 1.456080 0.844588,
        -0.552612 1.474661 1.217337,
        -0.490941 1.496316 1.611187,
        -0.492181 1.495915 1.610316,
        -0.580569 1.463880 1.631520,
        -0.497832 1.494047 1.604344,
        -0.498233 1.493915 1.603919,
        -0.504696 1.491745 1.594022,
        -0.507522 1.490797 1.589695,
        -0.509583 1.490090 1.583793,
        -0.512757 1.489000 1.574702,
        -0.552114 1.474848 1.551451,
        -0.513053 1.488897 1.571989,
        -0.515065 1.488191 1.553498,
        -0.514612 1.488348 1.543739,
        -0.514326 1.488447 1.542189,
        -0.511766 1.489329 1.528304,
        -0.511282 1.489495 1.525683,
        -0.507297 1.490852 1.516496,
        -0.504076 1.491949 1.509069,
        -0.501251 1.492891 1.505446,
        -0.492181 1.495915 1.493814,
        -0.471175 1.502664 1.377476,
        -0.425579 1.516208 1.265886,
        -0.601060 1.455587 1.631520,
        -0.629133 1.443674 1.551451,
        -0.694699 1.413307 1.329748,
        -0.697709 1.411823 1.320657,
        -0.697989 1.411683 1.317944,
        -0.141415 1.568442 1.257302,
        -0.141763 1.568411 1.259669,
        -0.112854 1.570754 1.289465,
        -0.143144 1.568285 1.263074,
        -0.144600 1.568152 1.266666,
        -0.151279 1.567520 1.304201,
        -0.145552 1.568063 1.267999,
        -0.148533 1.567783 1.272172,
        -0.148611 1.567776 1.272280,
        -0.151851 1.567463 1.275091,
        -0.153985 1.567257 1.276942,
        -0.156789 1.566974 1.278409,
        -0.162228 1.566425 1.281255,
        -0.162237 1.566412 1.310938,
        -0.164021 1.566230 1.281717,
        -0.165579 1.566074 1.312992,
        -0.177904 1.564722 1.285289,
        -0.194731 1.562717 1.287663,
        -0.188556 1.563474 1.318037,
        -0.182489 1.564186 1.317442,
        -0.178629 1.564640 1.317063,
        -0.171852 1.565385 1.314949,
        -0.211537 1.560531 1.290038,
        -0.211007 1.560603 1.297439,
        -0.210981 1.560607 1.297547,
        -0.209391 1.560820 1.303950,
        -0.209036 1.560869 1.305380,
        -0.207662 1.561051 1.307986,
        -0.206648 1.561186 1.309909,
        -0.206025 1.561268 1.310602,
        -0.203903 1.561547 1.312965,
        -0.203892 1.561548 1.312972,
        -0.201454 1.561864 1.314648,
        -0.200562 1.561980 1.315262,
        -0.198366 1.562258 1.316109,
        -0.195917 1.562569 1.317054,
        -0.194342 1.562763 1.317264,
        -0.117386 1.570422 1.359055,
        -0.055671 1.573819 1.359055,
        -0.055671 1.573819 1.307804,
        -0.112854 1.570754 1.307804,
        -0.055671 1.573819 1.289465,
        -0.055671 1.573819 1.235594,
        -0.121019 1.570146 1.235594,
        -0.055671 1.573819 1.631520,
        -0.055671 1.573819 1.489639,
        -0.119345 1.570274 1.489639,
        -0.258246 1.553484 1.242061,
        -0.231396 1.557710 1.290938,
        -0.258246 1.553484 1.221348,
        -0.231396 1.557710 1.217337,
        -0.265698 1.552210 1.218774,
        -0.150605 1.567585 0.844588,
        -0.211537 1.560531 1.217337,
        -0.034689 1.574421 0.844588,
        -0.035007 1.574414 1.217337,
        -0.035007 1.574414 1.377476,
        -0.121019 1.570146 1.217337,
        -0.165099 1.566126 1.215969,
        -0.161343 1.566511 1.217343,
        -0.156857 1.566972 1.218983,
        -0.155467 1.567108 1.219919,
        -0.149934 1.567650 1.223641,
        -0.148456 1.567790 1.225145,
        -0.147581 1.567872 1.226323,
        -0.144416 1.568170 1.230585,
        -0.141591 1.568428 1.237056,
        -0.142465 1.568348 1.234957,
        -0.144120 1.568198 1.230983,
        -0.141201 1.568462 1.240006,
        -0.140151 1.568554 1.247956,
        -0.140175 1.568552 1.248864,
        -0.140349 1.568537 1.250051,
        -0.211537 1.560531 1.235020,
        -0.211010 1.560602 1.235020,
        -0.208022 1.561005 1.230500,
        -0.206813 1.561164 1.229153,
        -0.202224 1.561770 1.224038,
        -0.191815 1.563079 1.217707,
        -0.186860 1.563682 1.215898,
        -0.201936 1.561808 1.223717,
        -0.197072 1.562427 1.220378,
        -0.194731 1.562724 1.218771,
        -0.185561 1.563832 1.215744,
        -0.176236 1.564911 1.214635,
        -0.168114 1.565797 1.215608,
        -0.244911 1.555643 1.497826,
        -0.244911 1.555643 1.478013,
        -0.242918 1.555955 1.477023,
        -0.236574 1.556909 1.474915,
        -0.225081 1.558637 1.471096,
        -0.222372 1.559006 1.470824,
        -0.201026 1.561920 1.468680,
        -0.195665 1.562600 1.468854,
        -0.193304 1.562881 1.469258,
        -0.177885 1.564710 1.471903,
        -0.175401 1.565005 1.472329,
        -0.167139 1.565890 1.476080,
        -0.160287 1.566624 1.479190,
        -0.119345 1.570274 1.471381,
        -0.156975 1.566948 1.481887,
        -0.146348 1.567988 1.490539,
        -0.144261 1.568182 1.492903,
        -0.144256 1.568183 1.492911,
        -0.263991 1.552522 1.318420,
        -0.117386 1.570422 1.377476,
        -0.151279 1.567520 1.323687,
        -0.229822 1.557959 1.305102,
        -0.259246 1.553318 1.294494,
        -0.260893 1.553046 1.313266,
        -0.211941 1.560509 1.330118,
        -0.215576 1.560013 1.327865,
        -0.218259 1.559648 1.326203,
        -0.219887 1.559418 1.324596,
        -0.221937 1.559129 1.322573,
        -0.222478 1.559052 1.322039,
        -0.224972 1.558688 1.318150,
        -0.226496 1.558466 1.315774,
        -0.227621 1.558295 1.312591,
        -0.229618 1.557992 1.306940,
        -0.260743 1.553071 1.312776,
        -0.259348 1.553303 1.308237,
        -0.258367 1.553464 1.300844,
        -0.258462 1.553449 1.301796,
        -0.258988 1.553363 1.307065,
        -0.154209 1.567235 1.325388,
        -0.162206 1.566409 1.328602,
        -0.169574 1.565647 1.331565,
        -0.174405 1.565091 1.332205,
        -0.190425 1.563248 1.334330,
        -0.193520 1.562861 1.333991,
        -0.203854 1.561569 1.332860,
        -0.204176 1.561526 1.332752,
        -0.210530 1.560693 1.330596,
        -0.262888 1.552709 1.316583,
        -0.035007 1.574414 1.471381,
        -0.035007 1.574414 1.631520,
        -0.227968 1.558217 1.632517,
        -0.212223 1.560413 1.633820,
        -0.207358 1.561092 1.634222,
        -0.231949 1.557612 1.631378,
        -0.244911 1.555643 1.627672,
        -0.244911 1.555643 1.606059,
        -0.136699 1.568862 1.504212,
        -0.134392 1.569069 1.507661,
        -0.131582 1.569305 1.515443,
        -0.128537 1.569560 1.523876,
        -0.128028 1.569599 1.528572,
        -0.125875 1.569764 1.548422,
        -0.125922 1.569761 1.551233,
        -0.126065 1.569749 1.552258,
        -0.128806 1.569526 1.571994,
        -0.129417 1.569476 1.576397,
        -0.132891 1.569182 1.584896,
        -0.136761 1.568854 1.594361,
        -0.139672 1.568589 1.598261,
        -0.148915 1.567746 1.610643,
        -0.151055 1.567541 1.612653,
        -0.153353 1.567320 1.614811,
        -0.162963 1.566335 1.621429,
        -0.168957 1.565721 1.625556,
        -0.175464 1.564985 1.627983,
        -0.185260 1.563876 1.631639,
        -0.188179 1.563507 1.631980,
        -0.189168 1.563400 1.612940,
        -0.209810 1.560764 1.487315,
        -0.219354 1.559423 1.489003,
        -0.228581 1.558126 1.490634,
        -0.232666 1.557505 1.492433,
        -0.199170 1.562154 1.614923,
        -0.223428 1.558854 1.613543,
        -0.207561 1.561065 1.615556,
        -0.200539 1.561984 1.615194,
        -0.187412 1.563618 1.612591,
        -0.180163 1.564459 1.609287,
        -0.176175 1.564922 1.607469,
        -0.172283 1.565344 1.604315,
        -0.164231 1.566216 1.597790,
        -0.162884 1.566357 1.596255,
        -0.157441 1.566909 1.588095,
        -0.154804 1.567176 1.584144,
        -0.152801 1.567371 1.578658,
        -0.149856 1.567657 1.570592,
        -0.149568 1.567684 1.568047,
        -0.147489 1.567881 1.549650,
        -0.147931 1.567841 1.545462,
        -0.149516 1.567696 1.530476,
        -0.149595 1.567689 1.529731,
        -0.152858 1.567372 1.520815,
        -0.154510 1.567211 1.516302,
        -0.157303 1.566926 1.512305,
        -0.163131 1.566331 1.503966,
        -0.165760 1.566056 1.501376,
        -0.166607 1.565963 1.500750,
        -0.182348 1.564210 1.492005,
        -0.174220 1.565136 1.495129,
        -0.176011 1.564941 1.493806,
        -0.181864 1.564263 1.491385,
        -0.186726 1.563700 1.489375,
        -0.190470 1.563230 1.488881,
        -0.203990 1.561535 1.487100,
        -0.227130 1.558338 1.613074,
        -0.234177 1.557294 1.609801,
        -0.236258 1.556954 1.609473,
        -0.261815 1.552884 1.239795,
        -0.265701 1.552226 1.281059,
        -0.263979 1.552520 1.282751,
        -0.263104 1.552669 1.284155,
        -0.262166 1.552828 1.285661,
        -0.260721 1.553071 1.289272,
        -0.259572 1.553264 1.292147,
        -0.273633 1.550838 1.275289,
        -0.268096 1.551817 1.278705,
        -0.265700 1.552221 1.237682,
        -0.271490 1.551211 1.235278,
        -0.277073 1.550237 1.232961,
        -0.288280 1.548193 1.267605,
        -0.281402 1.549444 1.232342,
        -0.290734 1.547733 1.231009,
        -0.294899 1.546940 1.231322,
        -0.298686 1.546219 1.231607,
        -0.302043 1.545563 1.232474,
        -0.305021 1.544981 1.233243,
        -0.305841 1.544819 1.233685,
        -0.306127 1.544762 1.233840,
        -0.308258 1.544339 1.234991,
        -0.308757 1.544239 1.235437,
        -0.310324 1.543925 1.236837,
        -0.312596 1.543467 1.240943,
        -0.311740 1.543639 1.238722,
        -0.312113 1.543564 1.239263,
        -0.312678 1.543450 1.240674,
        -0.313317 1.543320 1.242273,
        -0.313452 1.543293 1.243165,
        -0.313046 1.543376 1.251528,
        -0.313630 1.543257 1.249452,
        -0.313669 1.543249 1.249315,
        -0.313955 1.543191 1.246482,
        -0.312870 1.543411 1.252152,
        -0.312228 1.543542 1.253281,
        -0.311517 1.543685 1.254530,
        -0.311027 1.543783 1.255061,
        -0.308899 1.544211 1.257371,
        -0.308044 1.544380 1.257885,
        -0.310626 1.543864 1.237108,
        -0.300869 1.545797 1.262195,
        -0.280070 1.549700 1.271319,
        -0.264093 1.552501 1.238349,
        -0.267000 1.552004 1.279782,
        -0.544938 1.477514 1.289465,
        -0.544938 1.477514 1.307804,
        -0.490943 1.496322 1.359055,
        -0.552612 1.474661 1.235594,
        -0.490943 1.496322 1.289465,
        0.533754 1.481541 1.640866,
        0.525662 1.484482 1.646244,
        0.610775 1.451539 1.581660,
        0.596631 1.457407 1.579986,
        0.573687 1.466591 1.608381,
        0.549975 1.475646 1.630083,
        0.642826 1.437630 0.844588,
        0.642785 1.437624 1.182308,
        0.747009 1.386356 0.844588,
        0.642963 1.437544 1.182541,
        0.847130 1.327545 0.844588,
        0.651251 1.433838 1.193362,
        0.653944 1.432600 1.199586,
        0.692725 1.414125 1.232793,
        0.679302 1.420760 1.224965,
        0.662373 1.428730 1.219058,
        0.716426 1.402409 1.246616,
        0.720016 1.400530 1.250162,
        0.743856 1.388050 1.273710,
        0.759570 1.379471 1.299961,
        0.768366 1.374669 1.314654,
        0.773239 1.371911 1.330346,
        0.781803 1.367066 1.357916,
        0.782311 1.366771 1.363173,
        0.785656 1.364826 1.397814,
        0.785388 1.364983 1.405767,
        0.785215 1.365085 1.410907,
        0.780485 1.367816 1.438580,
        0.777559 1.369505 1.455692,
        0.771415 1.372937 1.470561,
        0.760694 1.378927 1.496509,
        0.757774 1.380504 1.500664,
        0.738833 1.390730 1.527611,
        0.733329 1.393629 1.533343,
        0.729419 1.395688 1.537415,
        0.708623 1.406228 1.552977,
        0.695670 1.412792 1.562669,
        0.681806 1.419390 1.568139,
        0.657169 1.431113 1.577859,
        0.652412 1.433228 1.578435,
        0.642772 1.437512 1.579602,
        0.620783 1.447285 1.582263,
        0.424433 1.516028 1.283656,
        0.455040 1.507628 1.266878,
        0.455040 1.507628 1.255493,
        0.461680 1.505616 1.219242,
        0.424561 1.516494 0.844588,
        0.457331 1.506946 1.232748,
        0.456637 1.507153 1.239640,
        0.465878 1.504332 1.206207,
        0.469585 1.503161 1.200172,
        0.480294 1.499777 1.182736,
        0.480523 1.499703 1.182480,
        0.489246 1.496877 1.172748,
        0.489323 1.496852 1.172663,
        0.505507 1.491424 1.160183,
        0.511000 1.489581 1.155948,
        0.523247 1.485265 1.150760,
        0.535939 1.480791 1.145382,
        0.542441 1.478374 1.144474,
        0.535148 1.481088 0.844588,
        0.589901 1.460146 1.145311,
        0.576626 1.465366 1.143513,
        0.562757 1.470820 1.141635,
        0.595474 1.457840 1.147696,
        0.613698 1.450301 1.155498,
        0.614016 1.450169 1.155633,
        0.629839 1.443335 1.168041,
        0.634895 1.441152 1.172006,
        0.409057 1.520749 1.371627,
        0.336763 1.538287 1.580497,
        0.347162 1.536044 1.587876,
        0.362407 1.532409 1.593741,
        0.383241 1.527443 1.601754,
        0.389944 1.525680 1.602584,
        0.418943 1.518055 1.606173,
        0.424543 1.516432 1.605458,
        0.424474 1.516198 1.363229,
        0.211741 1.560496 1.452572,
        0.221862 1.559055 1.456661,
        0.300370 1.545892 1.351133,
        0.232309 1.557567 1.460881,
        0.271794 1.551188 1.499805,
        0.280631 1.549587 1.517462,
        0.334940 1.538772 1.411477,
        0.237693 1.556726 1.461605,
        0.254421 1.554115 1.463852,
        0.317675 1.542429 1.381305,
        0.263406 1.552618 1.463852,
        0.269506 1.551578 1.489999,
        0.289533 1.547975 1.535246,
        0.295907 1.546724 1.542679,
        0.315246 1.542927 1.565229,
        0.240928 1.556265 1.216781,
        0.197076 1.562423 0.844588,
        0.210447 1.560618 1.223150,
        0.203983 1.561541 1.224501,
        0.244303 1.555738 1.216781,
        0.247677 1.555205 1.216781,
        0.311666 1.543654 0.844588,
        0.307074 1.544575 1.216781,
        0.312865 1.543409 1.217881,
        0.314504 1.543079 1.218193,
        0.318718 1.542209 1.220071,
        0.322294 1.541471 1.221665,
        0.324315 1.541044 1.223265,
        0.328720 1.540113 1.226756,
        0.329189 1.540013 1.227254,
        0.330170 1.539803 1.228298,
        0.330328 1.539769 1.228465,
        0.333909 1.538996 1.233607,
        0.335243 1.538708 1.235523,
        0.336726 1.538383 1.239344,
        0.338158 1.538070 1.243035,
        0.338454 1.538004 1.245209,
        0.339389 1.537797 1.252077,
        0.338963 1.537892 1.256676,
        0.338847 1.537918 1.257937,
        0.337415 1.538232 1.262954,
        0.328232 1.540217 1.277927,
        0.327983 1.540270 1.278206,
        0.378189 1.528717 1.309006,
        0.331866 1.539438 1.273848,
        0.336509 1.538432 1.266129,
        0.335017 1.538756 1.268760,
        0.332599 1.539281 1.273025,
        0.323183 1.541281 1.281698,
        0.321176 1.541704 1.283157,
        0.317570 1.542446 1.284607,
        0.313838 1.543215 1.286107,
        0.311774 1.543628 1.286397,
        0.304840 1.545017 1.287372,
        0.298135 1.546325 1.286234,
        0.247677 1.555205 1.286234,
        0.245356 1.555557 1.286704,
        0.228882 1.558064 1.290040,
        0.225662 1.558554 1.290693,
        0.214689 1.560073 1.296038,
        0.206435 1.561217 1.300059,
        0.202280 1.561744 1.303583,
        0.197074 1.562405 1.307997,
        0.457822 1.506789 1.601209,
        0.466235 1.504124 1.597738,
        0.501976 1.492649 1.350481,
        0.492769 1.495719 1.586791,
        0.513631 1.488626 1.356933,
        0.493075 1.495622 1.586665,
        0.516309 1.487697 1.568896,
        0.523931 1.485098 1.563067,
        0.535525 1.480902 1.548163,
        0.482214 1.499158 1.331777,
        0.497191 1.494225 1.345952,
        0.439199 1.512185 1.603587,
        0.618944 1.448039 1.351942,
        0.613917 1.450211 1.356007,
        0.642813 1.437615 1.510867,
        0.633739 1.441646 1.339980,
        0.593196 1.458809 1.510160,
        0.599643 1.456119 1.511080,
        0.589698 1.460227 1.366704,
        0.619737 1.447733 1.513948,
        0.602074 1.455109 1.361238,
        0.634689 1.441192 1.512156,
        0.641614 1.438163 1.511326,
        0.580390 1.463889 1.504701,
        0.583277 1.462752 1.367606,
        0.568139 1.468748 1.499480,
        0.562757 1.470820 1.370489,
        0.563820 1.470412 1.496870,
        0.550402 1.475483 1.369665,
        0.550160 1.475574 1.369648,
        0.548314 1.476274 1.531724,
        0.550876 1.475306 1.525967,
        0.524940 1.484724 1.363193,
        0.531243 1.482437 1.364806,
        0.693033 1.414078 1.321187,
        0.685247 1.417905 1.311875,
        0.656759 1.431311 1.305675,
        0.679593 1.420578 1.307965,
        0.661339 1.429208 1.295343,
        0.652176 1.433417 1.316016,
        0.715044 1.403107 1.358937,
        0.712387 1.404464 1.350215,
        0.706463 1.407443 1.339199,
        0.705515 1.407920 1.337437,
        0.703526 1.408920 1.333737,
        0.720622 1.400259 1.377249,
        0.646669 1.435884 1.323485,
        0.720769 1.400183 1.378864,
        0.653267 1.432844 1.506866,
        0.642817 1.437610 1.328709,
        0.635637 1.440826 1.338445,
        0.665650 1.427192 1.502127,
        0.670578 1.424852 1.498535,
        0.686497 1.417292 1.486930,
        0.686720 1.417186 1.486767,
        0.694755 1.413266 1.478289,
        0.694808 1.413240 1.478209,
        0.706087 1.407632 1.461089,
        0.709813 1.405779 1.455432,
        0.714516 1.403384 1.442304,
        0.719325 1.400935 1.428881,
        0.720148 1.400508 1.421854,
        0.722696 1.399183 1.400091,
        0.190233 1.563271 1.313897,
        0.193878 1.562823 1.439354,
        0.190650 1.563220 1.313444,
        0.177041 1.564828 1.332128,
        0.173144 1.565260 1.341868,
        0.174545 1.565100 1.342019,
        0.180190 1.564457 1.327717,
        0.167976 1.565824 1.388714,
        0.189437 1.563368 1.314761,
        0.166421 1.565985 1.375043,
        0.168898 1.565726 1.356320,
        0.169658 1.565647 1.350580,
        0.168603 1.565758 1.394227,
        0.189577 1.563351 1.314610,
        0.172282 1.565355 1.404678,
        0.175860 1.564963 1.414839,
        0.178894 1.564608 1.419450,
        0.187636 1.563586 1.432731,
        0.187820 1.563564 1.432926,
        0.193939 1.562815 1.439419,
        0.197075 1.562407 1.441736,
        0.207180 1.561090 1.449202,
        0.165284 1.566067 1.503348,
        0.141799 1.568388 1.483792,
        0.139587 1.568607 1.481950,
        0.122764 1.569980 1.458883,
        0.115707 1.570555 1.449209,
        0.109428 1.570991 1.433600,
        0.101179 1.571565 1.413095,
        0.100195 1.571623 1.405974,
        0.096081 1.571869 1.376181,
        0.099835 1.571651 1.347583,
        0.101492 1.571554 1.334965,
        0.107737 1.571120 1.319481,
        0.116287 1.570526 1.298287,
        0.120344 1.570193 1.292654,
        0.138090 1.568737 1.268017,
        0.161853 1.566415 1.247683,
        0.168737 1.565743 1.241792,
        0.081415 1.572697 0.844588,
        0.185999 1.563685 1.233324,
        0.197069 1.562366 1.227893,
        0.496976 1.494097 1.658176,
        0.475031 1.501452 1.667305,
        0.457628 1.506611 1.669578,
        0.424539 1.516419 1.673900,
        0.420041 1.517752 1.674487,
        0.383747 1.527135 1.670070,
        0.369669 1.530774 1.668357,
        0.342401 1.536888 1.658202,
        0.319484 1.542026 1.649667,
        0.302209 1.545322 1.637897,
        0.269016 1.551656 1.615281,
        0.249297 1.554844 1.592327,
        0.232772 1.557517 1.573091,
        0.225479 1.558545 1.558889,
        0.208247 1.560974 1.525334,
        0.197065 1.562330 1.520114,
        0.190918 1.563076 1.517244,
        0.170557 1.565546 1.507739,
        1.333997 0.836933 0.844588,
        1.392039 0.736364 0.844588,
        0.942646 1.261516 0.844588,
        1.033037 1.188629 0.844588,
        1.117812 1.109280 0.844588,
        1.196509 1.023899 0.844588,
        1.268702 0.932952 0.844588,
        -0.813949 1.348144 1.217337,
        -0.806947 1.352347 1.239237,
        -0.728170 1.396343 1.217337,
        -0.734985 1.392768 1.239237,
        -0.799923 1.356513 1.261137,
        -0.741783 1.389159 1.261137,
        -0.833417 1.336196 1.217337,
        -0.904780 1.288945 0.844588,
        -0.807345 1.352109 0.844588,
        -0.707841 1.406757 1.217337,
        -0.734949 1.392787 1.297406,
        -0.761782 1.378294 1.377476,
        -0.781053 1.367465 1.377476,
        -0.807386 1.352084 1.297406,
        -1.240446 0.970206 0.844588,
        -1.165585 1.058969 0.844588,
        -1.084388 1.141976 0.844588,
        -0.997294 1.218773 0.844588,
        -1.506774 0.457863 0.844588,
        -1.468941 0.567643 0.844588,
        -1.423121 0.674337 0.844588,
        -1.369565 0.777366 0.844588,
        -1.308563 0.876167 0.844588,
        -1.570522 -0.116038 0.844588,
        -1.574803 -0.000000 0.844588,
        -1.570522 0.116038 0.844588,
        -1.557703 0.231444 0.844588,
        -1.536415 0.345593 0.844588,
        -1.536415 -0.345593 0.844588,
        -1.557703 -0.231444 0.844588,
        -1.084388 -1.141976 0.844588,
        -1.165585 -1.058969 0.844588,
        -1.240446 -0.970206 0.844588,
        -1.308563 -0.876167 0.844588,
        -1.369565 -0.777366 0.844588,
        -1.423121 -0.674337 0.844588,
        -1.468941 -0.567643 0.844588,
        -1.506774 -0.457863 0.844588,
        -0.705522 -1.407922 0.844588,
        -0.807345 -1.352109 0.844588,
        -0.904780 -1.288945 0.844588,
        -0.997294 -1.218773 0.844588,
        -0.490943 -1.496322 0.844588,
        -0.599863 -1.456080 0.844588,
        0.424561 -1.516494 0.844588,
        0.311666 -1.543654 0.844588,
        0.197076 -1.562423 0.844588,
        0.081415 -1.572697 0.844588,
        -0.034689 -1.574421 0.844588,
        -0.150605 -1.567585 0.844588,
        -0.265701 -1.552227 0.844588,
        -0.379353 -1.528429 0.844588,
        0.847130 -1.327545 0.844588,
        0.747009 -1.386356 0.844588,
        0.642826 -1.437630 0.844588,
        0.535148 -1.481088 0.844588,
        0.942646 -1.261516 0.844588,
        1.033037 -1.188629 0.844588,
        1.117812 -1.109280 0.844588,
        1.196509 -1.023899 0.844588,
        1.268702 -0.932952 0.844588,
        1.333997 -0.836933 0.844588,
        1.392039 -0.736364 0.844588,
        1.442513 -0.631791 0.844588,
        1.445804 0.598872 0.383565,
        1.452623 0.601696 0.360436,
        1.403954 0.707859 0.360436,
        1.397364 0.704536 0.383565,
        1.207067 0.995986 0.383565,
        1.277665 0.903642 0.383565,
        1.341215 0.806313 0.383565,
        1.129809 1.082834 0.383565,
        1.046318 1.163708 0.383565,
        0.957054 1.238162 0.383565,
        0.862510 1.305785 0.383565,
        0.763207 1.366204 0.383565,
        0.659694 1.419085 0.383565,
        0.552541 1.464137 0.383565,
        0.215237 1.550055 0.383565,
        0.329698 1.529803 0.383565,
        0.442339 1.501111 0.383565,
        0.099589 1.561756 0.383565,
        -0.016609 1.564839 0.383565,
        -0.132715 1.559290 0.383565,
        -0.248089 1.545137 0.383565,
        -0.583493 1.452079 0.383565,
        -0.474102 1.491384 0.383565,
        -0.362094 1.522460 0.383565,
        -0.689666 1.404763 0.383565,
        -0.792033 1.349696 0.383565,
        -0.890031 1.287184 0.383565,
        -1.152538 1.058609 0.383565,
        -1.070782 1.141238 0.383565,
        -0.983119 1.217569 0.383565,
        -1.227935 0.970141 0.383565,
        -1.296557 0.876320 0.383565,
        -1.358026 0.777664 0.383565,
        -1.412003 0.674718 0.383565,
        -1.526218 0.345915 0.383565,
        -1.496331 0.458246 0.383565,
        -1.458190 0.568049 0.383565,
        -1.547683 0.231676 0.383565,
        -1.560611 0.116158 0.383565,
        -1.564928 -0.000000 0.383565,
        -1.560611 -0.116158 0.383565,
        -1.496331 -0.458246 0.383565,
        -1.526218 -0.345915 0.383565,
        -1.547683 -0.231676 0.383565,
        -1.458190 -0.568049 0.383565,
        -1.412003 -0.674718 0.383565,
        -1.358026 -0.777664 0.383565,
        -1.296557 -0.876320 0.383565,
        -1.227935 -0.970141 0.383565,
        -1.152538 -1.058609 0.383565,
        -1.070782 -1.141238 0.383565,
        -0.792033 -1.349696 0.383565,
        -0.890031 -1.287184 0.383565,
        -0.983119 -1.217569 0.383565,
        -0.689666 -1.404763 0.383565,
        -0.583493 -1.452079 0.383565,
        -0.474102 -1.491384 0.383565,
        -0.362094 -1.522460 0.383565,
        -0.016609 -1.564839 0.383565,
        -0.132715 -1.559290 0.383565,
        -0.248089 -1.545137 0.383565,
        0.099589 -1.561756 0.383565,
        0.215237 -1.550055 0.383565,
        0.329698 -1.529803 0.383565,
        0.659694 -1.419085 0.383565,
        0.552541 -1.464137 0.383565,
        0.442339 -1.501111 0.383565,
        0.763207 -1.366204 0.383565,
        0.862510 -1.305785 0.383565,
        0.957054 -1.238162 0.383565,
        1.046318 -1.163708 0.383565,
        1.277665 -0.903642 0.383565,
        1.207067 -0.995986 0.383565,
        1.129809 -1.082834 0.383565,
        1.347540 0.810116 0.360436,
        1.283691 0.907904 0.360436,
        1.212759 1.000683 0.360436,
        1.135137 1.087941 0.360436,
        1.051252 1.169196 0.360436,
        0.961567 1.244002 0.360436,
        0.866578 1.311943 0.360436,
        0.766807 1.372647 0.360436,
        0.662805 1.425778 0.360436,
        0.555147 1.471042 0.360436,
        0.444426 1.508190 0.360436,
        0.331253 1.537018 0.360436,
        0.216252 1.557365 0.360436,
        0.100058 1.569121 0.360436,
        -0.016687 1.572219 0.360436,
        -0.133341 1.566644 0.360436,
        -0.249259 1.552424 0.360436,
        -0.363802 1.529641 0.360436,
        -0.476337 1.498417 0.360436,
        -0.586245 1.458927 0.360436,
        -0.692919 1.411388 0.360436,
        -0.795769 1.356062 0.360436,
        -0.894229 1.293254 0.360436,
        -0.987755 1.223312 0.360436,
        -1.075832 1.146620 0.360436,
        -1.157974 1.063602 0.360436,
        -1.233726 0.974716 0.360436,
        -1.302672 0.880453 0.360436,
        -1.364431 0.781332 0.360436,
        -1.418663 0.677900 0.360436,
        -1.465067 0.570728 0.360436,
        -1.503389 0.460407 0.360436,
        -1.533415 0.347547 0.360436,
        -1.554983 0.232769 0.360436,
        -1.567970 0.116706 0.360436,
        -1.572308 -0.000000 0.360436,
        -1.567970 -0.116706 0.360436,
        -1.554983 -0.232769 0.360436,
        -1.533415 -0.347547 0.360436,
        -1.503389 -0.460407 0.360436,
        -1.465067 -0.570728 0.360436,
        -1.418663 -0.677900 0.360436,
        -1.364431 -0.781332 0.360436,
        -1.302672 -0.880453 0.360436,
        -1.233726 -0.974716 0.360436,
        -1.157974 -1.063602 0.360436,
        -1.075832 -1.146620 0.360436,
        -0.987755 -1.223312 0.360436,
        -0.894229 -1.293254 0.360436,
        -0.795769 -1.356062 0.360436,
        -0.692919 -1.411388 0.360436,
        -0.586245 -1.458927 0.360436,
        -0.476337 -1.498417 0.360436,
        -0.363802 -1.529641 0.360436,
        -0.249259 -1.552424 0.360436,
        -0.133341 -1.566644 0.360436,
        -0.016687 -1.572219 0.360436,
        0.100058 -1.569121 0.360436,
        0.216252 -1.557365 0.360436,
        0.331253 -1.537018 0.360436,
        0.444426 -1.508190 0.360436,
        0.555147 -1.471042 0.360436,
        0.662805 -1.425778 0.360436,
        0.766807 -1.372647 0.360436,
        0.866578 -1.311943 0.360436,
        0.961567 -1.244002 0.360436,
        1.051252 -1.169196 0.360436,
        1.135137 -1.087941 0.360436,
        1.212759 -1.000683 0.360436,
        1.283691 -0.907904 0.360436,
        1.347540 -0.810116 0.360436,
        1.403954 -0.707859 0.360436,
        1.452623 -0.601696 0.360436,
        1.341215 -0.806313 0.383565,
        1.397364 -0.704536 0.383565,
        1.445804 -0.598872 0.383565,
        1.389833 0.735197 0.820438,
        1.383309 0.731746 0.797309,
        1.325631 0.831685 0.797309,
        1.452623 0.601696 0.820438,
        1.260746 0.927102 0.797309,
        1.189006 1.017478 0.797309,
        1.110802 1.102323 0.797309,
        1.026559 1.181175 0.797309,
        0.936735 1.253605 0.797309,
        0.841818 1.319220 0.797309,
        0.742324 1.377662 0.797309,
        0.638794 1.428614 0.797309,
        0.531792 1.471800 0.797309,
        0.421898 1.506983 0.797309,
        0.309711 1.533974 0.797309,
        0.195840 1.552625 0.797309,
        0.080904 1.562835 0.797309,
        -0.034472 1.564548 0.797309,
        -0.149660 1.557755 0.797309,
        -0.264035 1.542493 0.797309,
        -0.376974 1.518844 0.797309,
        -0.487864 1.486939 0.797309,
        -0.596101 1.446949 0.797309,
        -0.701098 1.399093 0.797309,
        -0.802282 1.343630 0.797309,
        -0.899106 1.280862 0.797309,
        -0.991040 1.211130 0.797309,
        -1.077587 1.134814 0.797309,
        -1.158276 1.052329 0.797309,
        -1.232667 0.964122 0.797309,
        -1.300356 0.870673 0.797309,
        -1.360976 0.772491 0.797309,
        -1.414196 0.670109 0.797309,
        -1.459729 0.564083 0.797309,
        -1.497324 0.454992 0.797309,
        -1.526780 0.343426 0.797309,
        -1.547934 0.229993 0.797309,
        -1.560673 0.115310 0.797309,
        -1.564928 -0.000000 0.797309,
        -1.560673 -0.115310 0.797309,
        -1.547934 -0.229993 0.797309,
        -1.526780 -0.343426 0.797309,
        -1.497324 -0.454992 0.797309,
        -1.459729 -0.564083 0.797309,
        -1.414196 -0.670109 0.797309,
        -1.360976 -0.772491 0.797309,
        -1.300356 -0.870673 0.797309,
        -1.232667 -0.964122 0.797309,
        -1.158276 -1.052329 0.797309,
        -1.077587 -1.134814 0.797309,
        -0.991040 -1.211130 0.797309,
        -0.899106 -1.280862 0.797309,
        -0.802282 -1.343630 0.797309,
        -0.701098 -1.399093 0.797309,
        -0.596101 -1.446949 0.797309,
        -0.487864 -1.486939 0.797309,
        -0.376974 -1.518844 0.797309,
        -0.264035 -1.542493 0.797309,
        -0.149660 -1.557755 0.797309,
        -0.034472 -1.564548 0.797309,
        0.080904 -1.562835 0.797309,
        0.195840 -1.552625 0.797309,
        0.309711 -1.533974 0.797309,
        0.421898 -1.506983 0.797309,
        0.531792 -1.471800 0.797309,
        0.638794 -1.428614 0.797309,
        0.742324 -1.377662 0.797309,
        0.841818 -1.319220 0.797309,
        0.936735 -1.253605 0.797309,
        1.026559 -1.181175 0.797309,
        1.110802 -1.102323 0.797309,
        1.189006 -1.017478 0.797309,
        1.260746 -0.927102 0.797309,
        1.325631 -0.831685 0.797309,
        1.383309 -0.731746 0.797309,
        1.433467 -0.627830 0.797309,
        1.445804 -0.598872 0.797309,
        1.331883 0.835607 0.820438,
        1.266692 0.931474 0.820438,
        1.194614 1.022277 0.820438,
        1.116041 1.107522 0.820438,
        1.031400 1.186746 0.820438,
        0.941153 1.259517 0.820438,
        0.845788 1.325441 0.820438,
        0.745825 1.384159 0.820438,
        0.641807 1.435352 0.820438,
        0.534300 1.478741 0.820438,
        0.423888 1.514091 0.820438,
        0.311172 1.541209 0.820438,
        0.196764 1.559948 0.820438,
        0.081285 1.570205 0.820438,
        -0.034634 1.571926 0.820438,
        -0.150366 1.565101 0.820438,
        -0.265280 1.549767 0.820438,
        -0.378752 1.526007 0.820438,
        -0.490165 1.493951 0.820438,
        -0.598912 1.453773 0.820438,
        -0.704404 1.405691 0.820438,
        -0.806066 1.349967 0.820438,
        -0.903346 1.286903 0.820438,
        -0.995714 1.216842 0.820438,
        -1.082669 1.140166 0.820438,
        -1.163738 1.057291 0.820438,
        -1.238480 0.968669 0.820438,
        -1.306489 0.874779 0.820438,
        -1.367394 0.776134 0.820438,
        -1.420866 0.673269 0.820438,
        -1.466613 0.566744 0.820438,
        -1.504386 0.457137 0.820438,
        -1.533980 0.345046 0.820438,
        -1.555235 0.231078 0.820438,
        -1.568034 0.115854 0.820438,
        -1.572308 -0.000000 0.820438,
        -1.568034 -0.115854 0.820438,
        -1.555235 -0.231078 0.820438,
        -1.533980 -0.345046 0.820438,
        -1.504386 -0.457137 0.820438,
        -1.466613 -0.566744 0.820438,
        -1.420866 -0.673269 0.820438,
        -1.367394 -0.776134 0.820438,
        -1.306489 -0.874779 0.820438,
        -1.238480 -0.968669 0.820438,
        -1.163738 -1.057291 0.820438,
        -1.082669 -1.140166 0.820438,
        -0.995714 -1.216842 0.820438,
        -0.903346 -1.286903 0.820438,
        -0.806066 -1.349967 0.820438,
        -0.704404 -1.405691 0.820438,
        -0.598912 -1.453773 0.820438,
        -0.490165 -1.493951 0.820438,
        -0.378752 -1.526007 0.820438,
        -0.265280 -1.549767 0.820438,
        -0.150366 -1.565101 0.820438,
        -0.034634 -1.571926 0.820438,
        0.081285 -1.570205 0.820438,
        0.196764 -1.559948 0.820438,
        0.311172 -1.541209 0.820438,
        0.423888 -1.514091 0.820438,
        0.534300 -1.478741 0.820438,
        0.641807 -1.435352 0.820438,
        0.745825 -1.384159 0.820438,
        0.845788 -1.325441 0.820438,
        0.941153 -1.259517 0.820438,
        1.031400 -1.186746 0.820438,
        1.116041 -1.107522 0.820438,
        1.194614 -1.022277 0.820438,
        1.266692 -0.931474 0.820438,
        1.331883 -0.835607 0.820438,
        1.389833 -0.735197 0.820438,
        1.440228 -0.630790 0.820438,
        1.452623 -0.601696 0.820438,
        1.445804 0.598872 0.797309,
      ]
    }
    coordIndex [
      0, 1, 2, -1,
      2, 1, 3, -1,
      2, 3, 4, -1,
      4, 3, 5, -1,
      4, 5, 6, -1,
      6, 5, 7, -1,
      6, 7, 8, -1,
      7, 9, 8, -1,
      8, 9, 10, -1,
      8, 10, 11, -1,
      11, 10, 12, -1,
      11, 12, 13, -1,
      13, 12, 14, -1,
      13, 14, 15, -1,
      15, 14, 16, -1,
      15, 16, 17, -1,
      16, 18, 17, -1,
      17, 18, 19, -1,
      17, 19, 20, -1,
      20, 19, 21, -1,
      20, 21, 22, -1,
      22, 21, 23, -1,
      22, 23, 24, -1,
      24, 23, 25, -1,
      24, 25, 26, -1,
      26, 25, 27, -1,
      26, 27, 28, -1,
      27, 29, 28, -1,
      28, 29, 30, -1,
      28, 30, 31, -1,
      31, 30, 32, -1,
      31, 32, 33, -1,
      33, 32, 34, -1,
      33, 34, 35, -1,
      35, 34, 36, -1,
      35, 36, 37, -1,
      37, 36, 38, -1,
      37, 38, 39, -1,
      38, 40, 39, -1,
      39, 40, 41, -1,
      39, 41, 42, -1,
      42, 41, 43, -1,
      42, 43, 44, -1,
      44, 43, 45, -1,
      44, 45, 46, -1,
      46, 45, 47, -1,
      46, 47, 48, -1,
      47, 49, 48, -1,
      48, 49, 50, -1,
      48, 50, 51, -1,
      51, 50, 52, -1,
      51, 52, 53, -1,
      53, 52, 54, -1,
      53, 54, 55, -1,
      55, 54, 56, -1,
      55, 56, 57, -1,
      57, 56, 58, -1,
      57, 58, 59, -1,
      58, 60, 59, -1,
      59, 60, 61, -1,
      59, 61, 62, -1,
      62, 61, 63, -1,
      62, 63, 64, -1,
      64, 63, 65, -1,
      64, 65, 66, -1,
      66, 65, 67, -1,
      66, 67, 68, -1,
      68, 67, 69, -1,
      68, 69, 70, -1,
      69, 71, 70, -1,
      70, 71, 72, -1,
      70, 72, 73, -1,
      73, 72, 74, -1,
      73, 74, 75, -1,
      75, 74, 76, -1,
      75, 76, 77, -1,
      77, 76, 78, -1,
      77, 78, 79, -1,
      78, 80, 79, -1,
      79, 80, 81, -1,
      79, 81, 82, -1,
      82, 81, 83, -1,
      82, 83, 84, -1,
      84, 83, 85, -1,
      84, 85, 86, -1,
      86, 85, 87, -1,
      86, 87, 88, -1,
      87, 89, 88, -1,
      88, 89, 90, -1,
      88, 90, 91, -1,
      91, 90, 92, -1,
      91, 92, 93, -1,
      93, 92, 94, -1,
      93, 94, 95, -1,
      95, 94, 96, -1,
      95, 96, 97, -1,
      97, 96, 98, -1,
      97, 98, 99, -1,
      99, 98, 100, -1,
      99, 100, 101, -1,
      100, 102, 101, -1,
      101, 102, 103, -1,
      101, 103, 104, -1,
      104, 103, 105, -1,
      104, 105, 106, -1,
      106, 105, 107, -1,
      106, 107, 108, -1,
      108, 107, 109, -1,
      108, 109, 110, -1,
      109, 111, 110, -1,
      110, 111, 112, -1,
      110, 112, 113, -1,
      113, 112, 114, -1,
      113, 114, 115, -1,
      115, 114, 116, -1,
      115, 116, 117, -1,
      117, 116, 118, -1,
      117, 118, 119, -1,
      118, 120, 119, -1,
      119, 120, 121, -1,
      119, 121, 122, -1,
      122, 121, 123, -1,
      122, 123, 124, -1,
      124, 123, 125, -1,
      124, 125, 126, -1,
      126, 125, 127, -1,
      126, 127, 128, -1,
      128, 127, 129, -1,
      128, 129, 130, -1,
      130, 129, 131, -1,
      130, 131, 132, -1,
      131, 133, 132, -1,
      132, 133, 134, -1,
      132, 134, 135, -1,
      135, 134, 136, -1,
      135, 136, 137, -1,
      137, 136, 138, -1,
      137, 138, 139, -1,
      139, 138, 140, -1,
      139, 140, 141, -1,
      140, 142, 141, -1,
      141, 142, 143, -1,
      141, 143, 144, -1,
      144, 143, 145, -1,
      144, 145, 146, -1,
      146, 145, 147, -1,
      146, 147, 148, -1,
      148, 147, 149, -1,
      148, 149, 150, -1,
      151, 152, 153, -1,
      153, 152, 154, -1,
      153, 154, 155, -1,
      155, 154, 156, -1,
      155, 156, 157, -1,
      157, 156, 158, -1,
      157, 158, 159, -1,
      159, 158, 160, -1,
      159, 160, 161, -1,
      161, 160, 162, -1,
      161, 162, 163, -1,
      163, 162, 150, -1,
      163, 150, 164, -1,
      164, 150, 149, -1,
      165, 166, 167, -1,
      168, 169, 170, -1,
      170, 169, 171, -1,
      170, 171, 172, -1,
      173, 174, 175, -1,
      175, 174, 176, -1,
      175, 176, 177, -1,
      178, 179, 180, -1,
      180, 179, 181, -1,
      180, 181, 182, -1,
      167, 166, 183, -1,
      183, 166, 184, -1,
      183, 184, 185, -1,
      186, 187, 188, -1,
      188, 187, 189, -1,
      188, 189, 190, -1,
      181, 191, 182, -1,
      182, 191, 192, -1,
      182, 192, 173, -1,
      173, 192, 193, -1,
      173, 193, 174, -1,
      167, 194, 165, -1,
      165, 194, 195, -1,
      165, 195, 178, -1,
      178, 195, 196, -1,
      178, 196, 179, -1,
      197, 198, 199, -1,
      199, 198, 200, -1,
      199, 200, 201, -1,
      201, 200, 202, -1,
      201, 202, 203, -1,
      203, 202, 204, -1,
      171, 205, 172, -1,
      172, 205, 206, -1,
      172, 206, 197, -1,
      197, 206, 207, -1,
      197, 207, 198, -1,
      189, 208, 190, -1,
      190, 208, 209, -1,
      190, 209, 210, -1,
      176, 211, 177, -1,
      177, 211, 212, -1,
      177, 212, 213, -1,
      213, 212, 214, -1,
      213, 214, 215, -1,
      185, 184, 216, -1,
      216, 184, 217, -1,
      216, 217, 218, -1,
      209, 219, 210, -1,
      210, 219, 220, -1,
      210, 220, 221, -1,
      221, 220, 222, -1,
      221, 222, 223, -1,
      224, 225, 186, -1,
      186, 225, 226, -1,
      186, 226, 187, -1,
      218, 217, 227, -1,
      227, 217, 228, -1,
      227, 228, 229, -1,
      229, 228, 230, -1,
      229, 230, 231, -1,
      232, 233, 168, -1,
      168, 233, 234, -1,
      168, 234, 169, -1,
      235, 236, 237, -1,
      237, 236, 238, -1,
      237, 238, 224, -1,
      224, 238, 239, -1,
      224, 239, 225, -1,
      231, 230, 240, -1,
      240, 230, 241, -1,
      240, 241, 242, -1,
      242, 241, 243, -1,
      242, 243, 244, -1,
      222, 245, 223, -1,
      223, 245, 246, -1,
      223, 246, 247, -1,
      247, 246, 248, -1,
      247, 248, 232, -1,
      232, 248, 249, -1,
      232, 249, 233, -1,
      214, 250, 215, -1,
      215, 250, 251, -1,
      215, 251, 235, -1,
      235, 251, 252, -1,
      235, 252, 236, -1,
      244, 253, 254, -1,
      253, 255, 256, -1,
      255, 257, 258, -1,
      257, 259, 260, -1,
      259, 261, 262, -1,
      159, 263, 157, -1,
      157, 263, 264, -1,
      157, 264, 155, -1,
      155, 264, 262, -1,
      155, 262, 153, -1,
      153, 262, 261, -1,
      153, 261, 151, -1,
      159, 161, 263, -1,
      263, 161, 163, -1,
      263, 163, 265, -1,
      265, 163, 164, -1,
      265, 164, 266, -1,
      266, 164, 149, -1,
      266, 149, 267, -1,
      267, 149, 147, -1,
      147, 145, 267, -1,
      267, 145, 143, -1,
      267, 143, 268, -1,
      268, 143, 142, -1,
      268, 142, 269, -1,
      269, 142, 140, -1,
      269, 140, 270, -1,
      270, 140, 138, -1,
      138, 136, 270, -1,
      270, 136, 134, -1,
      270, 134, 271, -1,
      271, 134, 133, -1,
      271, 133, 272, -1,
      133, 131, 272, -1,
      272, 131, 129, -1,
      272, 129, 273, -1,
      129, 127, 273, -1,
      273, 127, 125, -1,
      273, 125, 274, -1,
      125, 123, 274, -1,
      274, 123, 121, -1,
      274, 121, 275, -1,
      275, 121, 120, -1,
      275, 120, 276, -1,
      276, 120, 118, -1,
      276, 118, 277, -1,
      277, 118, 116, -1,
      116, 114, 277, -1,
      277, 114, 112, -1,
      277, 112, 278, -1,
      278, 112, 111, -1,
      278, 111, 279, -1,
      279, 111, 109, -1,
      279, 109, 280, -1,
      280, 109, 107, -1,
      107, 105, 280, -1,
      280, 105, 103, -1,
      280, 103, 281, -1,
      281, 103, 102, -1,
      281, 102, 282, -1,
      102, 100, 282, -1,
      282, 100, 98, -1,
      282, 98, 283, -1,
      98, 96, 283, -1,
      283, 96, 94, -1,
      283, 94, 284, -1,
      94, 92, 284, -1,
      284, 92, 90, -1,
      284, 90, 285, -1,
      285, 90, 89, -1,
      285, 89, 286, -1,
      286, 89, 87, -1,
      286, 87, 287, -1,
      287, 87, 85, -1,
      85, 83, 287, -1,
      287, 83, 81, -1,
      287, 81, 288, -1,
      288, 81, 80, -1,
      288, 80, 289, -1,
      289, 80, 78, -1,
      289, 78, 290, -1,
      290, 78, 76, -1,
      76, 74, 290, -1,
      290, 74, 72, -1,
      290, 72, 291, -1,
      291, 72, 71, -1,
      291, 71, 292, -1,
      292, 71, 69, -1,
      292, 69, 293, -1,
      293, 69, 67, -1,
      67, 65, 293, -1,
      293, 65, 63, -1,
      293, 63, 294, -1,
      63, 61, 294, -1,
      294, 61, 60, -1,
      294, 60, 295, -1,
      295, 60, 58, -1,
      295, 58, 296, -1,
      296, 58, 56, -1,
      296, 56, 297, -1,
      297, 56, 54, -1,
      54, 52, 297, -1,
      297, 52, 50, -1,
      297, 50, 298, -1,
      298, 50, 49, -1,
      298, 49, 299, -1,
      299, 49, 47, -1,
      299, 47, 300, -1,
      300, 47, 45, -1,
      45, 43, 300, -1,
      300, 43, 41, -1,
      300, 41, 301, -1,
      301, 41, 40, -1,
      301, 40, 302, -1,
      302, 40, 38, -1,
      302, 38, 303, -1,
      303, 38, 36, -1,
      36, 34, 303, -1,
      303, 34, 32, -1,
      303, 32, 304, -1,
      32, 30, 304, -1,
      304, 30, 29, -1,
      304, 29, 305, -1,
      305, 29, 27, -1,
      305, 27, 306, -1,
      306, 27, 25, -1,
      306, 25, 307, -1,
      307, 25, 23, -1,
      23, 21, 307, -1,
      307, 21, 19, -1,
      307, 19, 308, -1,
      308, 19, 18, -1,
      308, 18, 309, -1,
      309, 18, 16, -1,
      309, 16, 310, -1,
      310, 16, 14, -1,
      14, 12, 310, -1,
      310, 12, 10, -1,
      310, 10, 311, -1,
      311, 10, 9, -1,
      311, 9, 312, -1,
      312, 9, 7, -1,
      312, 7, 313, -1,
      313, 7, 5, -1,
      5, 3, 313, -1,
      313, 3, 1, -1,
      313, 1, 314, -1,
      259, 262, 260, -1,
      260, 262, 264, -1,
      260, 264, 315, -1,
      315, 264, 263, -1,
      315, 263, 316, -1,
      316, 263, 265, -1,
      316, 265, 317, -1,
      317, 265, 266, -1,
      317, 266, 318, -1,
      318, 266, 267, -1,
      318, 267, 319, -1,
      319, 267, 268, -1,
      319, 268, 320, -1,
      320, 268, 269, -1,
      320, 269, 321, -1,
      321, 269, 270, -1,
      321, 270, 322, -1,
      322, 270, 271, -1,
      322, 271, 323, -1,
      323, 271, 272, -1,
      323, 272, 324, -1,
      324, 272, 273, -1,
      324, 273, 325, -1,
      325, 273, 274, -1,
      325, 274, 326, -1,
      326, 274, 275, -1,
      326, 275, 327, -1,
      327, 275, 276, -1,
      327, 276, 328, -1,
      328, 276, 277, -1,
      328, 277, 329, -1,
      329, 277, 278, -1,
      329, 278, 330, -1,
      330, 278, 279, -1,
      330, 279, 331, -1,
      331, 279, 280, -1,
      331, 280, 332, -1,
      332, 280, 281, -1,
      332, 281, 333, -1,
      333, 281, 282, -1,
      333, 282, 334, -1,
      334, 282, 283, -1,
      334, 283, 335, -1,
      335, 283, 284, -1,
      335, 284, 336, -1,
      336, 284, 285, -1,
      336, 285, 337, -1,
      337, 285, 286, -1,
      337, 286, 338, -1,
      338, 286, 287, -1,
      338, 287, 339, -1,
      339, 287, 288, -1,
      339, 288, 340, -1,
      340, 288, 289, -1,
      340, 289, 341, -1,
      341, 289, 290, -1,
      341, 290, 342, -1,
      342, 290, 291, -1,
      342, 291, 343, -1,
      343, 291, 292, -1,
      343, 292, 344, -1,
      344, 292, 293, -1,
      344, 293, 345, -1,
      345, 293, 294, -1,
      345, 294, 346, -1,
      346, 294, 295, -1,
      346, 295, 347, -1,
      347, 295, 296, -1,
      347, 296, 348, -1,
      348, 296, 297, -1,
      348, 297, 349, -1,
      349, 297, 298, -1,
      349, 298, 350, -1,
      350, 298, 299, -1,
      350, 299, 351, -1,
      351, 299, 300, -1,
      351, 300, 352, -1,
      352, 300, 301, -1,
      352, 301, 353, -1,
      353, 301, 302, -1,
      353, 302, 354, -1,
      354, 302, 303, -1,
      354, 303, 355, -1,
      355, 303, 304, -1,
      355, 304, 356, -1,
      356, 304, 305, -1,
      356, 305, 357, -1,
      357, 305, 306, -1,
      357, 306, 358, -1,
      358, 306, 307, -1,
      358, 307, 359, -1,
      359, 307, 308, -1,
      359, 308, 360, -1,
      360, 308, 309, -1,
      360, 309, 361, -1,
      361, 309, 310, -1,
      361, 310, 362, -1,
      362, 310, 311, -1,
      362, 311, 363, -1,
      363, 311, 312, -1,
      363, 312, 364, -1,
      364, 312, 313, -1,
      364, 313, 365, -1,
      365, 313, 314, -1,
      365, 314, 366, -1,
      257, 260, 258, -1,
      258, 260, 315, -1,
      258, 315, 367, -1,
      367, 315, 316, -1,
      367, 316, 368, -1,
      368, 316, 317, -1,
      368, 317, 369, -1,
      369, 317, 318, -1,
      369, 318, 370, -1,
      370, 318, 319, -1,
      370, 319, 371, -1,
      371, 319, 320, -1,
      371, 320, 372, -1,
      372, 320, 321, -1,
      372, 321, 373, -1,
      373, 321, 322, -1,
      373, 322, 374, -1,
      374, 322, 323, -1,
      374, 323, 375, -1,
      375, 323, 324, -1,
      375, 324, 376, -1,
      376, 324, 325, -1,
      376, 325, 377, -1,
      377, 325, 326, -1,
      377, 326, 378, -1,
      378, 326, 327, -1,
      378, 327, 379, -1,
      379, 327, 328, -1,
      379, 328, 380, -1,
      380, 328, 329, -1,
      380, 329, 381, -1,
      381, 329, 330, -1,
      381, 330, 382, -1,
      382, 330, 331, -1,
      382, 331, 383, -1,
      383, 331, 332, -1,
      383, 332, 384, -1,
      384, 332, 333, -1,
      384, 333, 385, -1,
      385, 333, 334, -1,
      385, 334, 386, -1,
      386, 334, 335, -1,
      386, 335, 387, -1,
      387, 335, 336, -1,
      387, 336, 388, -1,
      388, 336, 337, -1,
      388, 337, 389, -1,
      389, 337, 338, -1,
      389, 338, 390, -1,
      390, 338, 339, -1,
      390, 339, 391, -1,
      391, 339, 340, -1,
      391, 340, 392, -1,
      392, 340, 341, -1,
      392, 341, 393, -1,
      393, 341, 342, -1,
      393, 342, 394, -1,
      394, 342, 343, -1,
      394, 343, 395, -1,
      395, 343, 344, -1,
      395, 344, 396, -1,
      396, 344, 345, -1,
      396, 345, 397, -1,
      397, 345, 346, -1,
      397, 346, 398, -1,
      398, 346, 347, -1,
      398, 347, 399, -1,
      399, 347, 348, -1,
      399, 348, 400, -1,
      400, 348, 349, -1,
      400, 349, 401, -1,
      401, 349, 350, -1,
      401, 350, 402, -1,
      402, 350, 351, -1,
      402, 351, 403, -1,
      403, 351, 352, -1,
      403, 352, 404, -1,
      404, 352, 353, -1,
      404, 353, 405, -1,
      405, 353, 354, -1,
      405, 354, 406, -1,
      406, 354, 355, -1,
      406, 355, 407, -1,
      407, 355, 356, -1,
      407, 356, 408, -1,
      408, 356, 357, -1,
      408, 357, 409, -1,
      409, 357, 358, -1,
      409, 358, 410, -1,
      410, 358, 359, -1,
      410, 359, 411, -1,
      411, 359, 360, -1,
      411, 360, 412, -1,
      412, 360, 361, -1,
      412, 361, 413, -1,
      413, 361, 362, -1,
      413, 362, 414, -1,
      414, 362, 363, -1,
      414, 363, 415, -1,
      415, 363, 364, -1,
      415, 364, 416, -1,
      416, 364, 365, -1,
      416, 365, 417, -1,
      417, 365, 366, -1,
      417, 366, 418, -1,
      255, 258, 256, -1,
      256, 258, 367, -1,
      256, 367, 419, -1,
      419, 367, 368, -1,
      419, 368, 420, -1,
      420, 368, 369, -1,
      420, 369, 421, -1,
      421, 369, 370, -1,
      421, 370, 422, -1,
      422, 370, 371, -1,
      422, 371, 423, -1,
      423, 371, 372, -1,
      423, 372, 424, -1,
      424, 372, 373, -1,
      424, 373, 425, -1,
      425, 373, 374, -1,
      425, 374, 426, -1,
      426, 374, 375, -1,
      426, 375, 427, -1,
      427, 375, 376, -1,
      427, 376, 428, -1,
      428, 376, 377, -1,
      428, 377, 429, -1,
      429, 377, 378, -1,
      429, 378, 430, -1,
      430, 378, 379, -1,
      430, 379, 431, -1,
      431, 379, 380, -1,
      431, 380, 432, -1,
      432, 380, 381, -1,
      432, 381, 433, -1,
      433, 381, 382, -1,
      433, 382, 434, -1,
      434, 382, 383, -1,
      434, 383, 435, -1,
      435, 383, 384, -1,
      435, 384, 436, -1,
      436, 384, 385, -1,
      436, 385, 437, -1,
      437, 385, 386, -1,
      437, 386, 438, -1,
      438, 386, 387, -1,
      438, 387, 439, -1,
      439, 387, 388, -1,
      439, 388, 440, -1,
      440, 388, 389, -1,
      440, 389, 441, -1,
      441, 389, 390, -1,
      441, 390, 442, -1,
      442, 390, 391, -1,
      442, 391, 443, -1,
      443, 391, 392, -1,
      443, 392, 444, -1,
      444, 392, 393, -1,
      444, 393, 445, -1,
      445, 393, 394, -1,
      445, 394, 446, -1,
      446, 394, 395, -1,
      446, 395, 447, -1,
      447, 395, 396, -1,
      447, 396, 448, -1,
      448, 396, 397, -1,
      448, 397, 449, -1,
      449, 397, 398, -1,
      449, 398, 450, -1,
      450, 398, 399, -1,
      450, 399, 451, -1,
      451, 399, 400, -1,
      451, 400, 452, -1,
      452, 400, 401, -1,
      452, 401, 453, -1,
      453, 401, 402, -1,
      453, 402, 454, -1,
      454, 402, 403, -1,
      454, 403, 455, -1,
      455, 403, 404, -1,
      455, 404, 456, -1,
      456, 404, 405, -1,
      456, 405, 457, -1,
      457, 405, 406, -1,
      457, 406, 458, -1,
      458, 406, 407, -1,
      458, 407, 459, -1,
      459, 407, 408, -1,
      459, 408, 460, -1,
      460, 408, 409, -1,
      460, 409, 461, -1,
      461, 409, 410, -1,
      461, 410, 462, -1,
      462, 410, 411, -1,
      462, 411, 463, -1,
      463, 411, 412, -1,
      463, 412, 464, -1,
      464, 412, 413, -1,
      464, 413, 465, -1,
      465, 413, 414, -1,
      465, 414, 466, -1,
      466, 414, 415, -1,
      466, 415, 467, -1,
      467, 415, 416, -1,
      467, 416, 468, -1,
      468, 416, 417, -1,
      468, 417, 469, -1,
      469, 417, 418, -1,
      469, 418, 470, -1,
      253, 256, 254, -1,
      254, 256, 419, -1,
      254, 419, 471, -1,
      471, 419, 420, -1,
      471, 420, 472, -1,
      472, 420, 421, -1,
      472, 421, 473, -1,
      473, 421, 422, -1,
      473, 422, 474, -1,
      474, 422, 423, -1,
      474, 423, 475, -1,
      475, 423, 424, -1,
      475, 424, 476, -1,
      476, 424, 425, -1,
      476, 425, 477, -1,
      477, 425, 426, -1,
      477, 426, 478, -1,
      478, 426, 427, -1,
      478, 427, 479, -1,
      479, 427, 428, -1,
      479, 428, 480, -1,
      480, 428, 429, -1,
      480, 429, 481, -1,
      481, 429, 430, -1,
      481, 430, 482, -1,
      482, 430, 431, -1,
      482, 431, 483, -1,
      483, 431, 432, -1,
      483, 432, 484, -1,
      484, 432, 433, -1,
      484, 433, 485, -1,
      485, 433, 434, -1,
      485, 434, 486, -1,
      486, 434, 435, -1,
      486, 435, 487, -1,
      487, 435, 436, -1,
      487, 436, 488, -1,
      488, 436, 437, -1,
      488, 437, 489, -1,
      489, 437, 438, -1,
      489, 438, 490, -1,
      490, 438, 439, -1,
      490, 439, 491, -1,
      491, 439, 440, -1,
      491, 440, 492, -1,
      492, 440, 441, -1,
      492, 441, 493, -1,
      493, 441, 442, -1,
      493, 442, 494, -1,
      494, 442, 443, -1,
      494, 443, 495, -1,
      495, 443, 444, -1,
      495, 444, 496, -1,
      496, 444, 445, -1,
      496, 445, 497, -1,
      497, 445, 446, -1,
      497, 446, 498, -1,
      498, 446, 447, -1,
      498, 447, 499, -1,
      499, 447, 448, -1,
      499, 448, 500, -1,
      500, 448, 449, -1,
      500, 449, 501, -1,
      501, 449, 450, -1,
      501, 450, 502, -1,
      502, 450, 451, -1,
      502, 451, 503, -1,
      503, 451, 452, -1,
      503, 452, 504, -1,
      504, 452, 453, -1,
      504, 453, 505, -1,
      505, 453, 454, -1,
      505, 454, 506, -1,
      506, 454, 455, -1,
      506, 455, 507, -1,
      507, 455, 456, -1,
      507, 456, 508, -1,
      508, 456, 457, -1,
      508, 457, 509, -1,
      509, 457, 458, -1,
      509, 458, 510, -1,
      510, 458, 459, -1,
      510, 459, 511, -1,
      511, 459, 460, -1,
      511, 460, 512, -1,
      512, 460, 461, -1,
      512, 461, 513, -1,
      513, 461, 462, -1,
      513, 462, 514, -1,
      514, 462, 463, -1,
      514, 463, 515, -1,
      515, 463, 464, -1,
      515, 464, 516, -1,
      516, 464, 465, -1,
      516, 465, 517, -1,
      517, 465, 466, -1,
      517, 466, 518, -1,
      518, 466, 467, -1,
      518, 467, 519, -1,
      519, 467, 468, -1,
      519, 468, 520, -1,
      520, 468, 469, -1,
      520, 469, 521, -1,
      521, 469, 470, -1,
      521, 470, 522, -1,
      244, 254, 242, -1,
      242, 254, 471, -1,
      242, 471, 240, -1,
      240, 471, 472, -1,
      240, 472, 231, -1,
      231, 472, 473, -1,
      231, 473, 229, -1,
      229, 473, 474, -1,
      229, 474, 227, -1,
      227, 474, 475, -1,
      227, 475, 218, -1,
      218, 475, 476, -1,
      218, 476, 216, -1,
      216, 476, 477, -1,
      216, 477, 185, -1,
      185, 477, 478, -1,
      185, 478, 183, -1,
      183, 478, 479, -1,
      183, 479, 167, -1,
      167, 479, 480, -1,
      167, 480, 194, -1,
      194, 480, 481, -1,
      194, 481, 195, -1,
      195, 481, 482, -1,
      195, 482, 196, -1,
      196, 482, 483, -1,
      196, 483, 179, -1,
      179, 483, 484, -1,
      179, 484, 181, -1,
      181, 484, 485, -1,
      181, 485, 191, -1,
      191, 485, 486, -1,
      191, 486, 192, -1,
      192, 486, 487, -1,
      192, 487, 193, -1,
      193, 487, 488, -1,
      193, 488, 174, -1,
      174, 488, 489, -1,
      174, 489, 176, -1,
      176, 489, 490, -1,
      176, 490, 211, -1,
      211, 490, 491, -1,
      211, 491, 212, -1,
      212, 491, 492, -1,
      212, 492, 214, -1,
      214, 492, 493, -1,
      214, 493, 250, -1,
      250, 493, 494, -1,
      250, 494, 251, -1,
      251, 494, 495, -1,
      251, 495, 252, -1,
      252, 495, 496, -1,
      252, 496, 236, -1,
      236, 496, 497, -1,
      236, 497, 238, -1,
      238, 497, 498, -1,
      238, 498, 239, -1,
      239, 498, 499, -1,
      239, 499, 225, -1,
      225, 499, 500, -1,
      225, 500, 226, -1,
      226, 500, 501, -1,
      226, 501, 187, -1,
      187, 501, 502, -1,
      187, 502, 189, -1,
      189, 502, 503, -1,
      189, 503, 208, -1,
      208, 503, 504, -1,
      208, 504, 209, -1,
      209, 504, 505, -1,
      209, 505, 219, -1,
      219, 505, 506, -1,
      219, 506, 220, -1,
      220, 506, 507, -1,
      220, 507, 222, -1,
      222, 507, 508, -1,
      222, 508, 245, -1,
      245, 508, 509, -1,
      245, 509, 246, -1,
      246, 509, 510, -1,
      246, 510, 248, -1,
      248, 510, 511, -1,
      248, 511, 249, -1,
      249, 511, 512, -1,
      249, 512, 233, -1,
      233, 512, 513, -1,
      233, 513, 234, -1,
      234, 513, 514, -1,
      234, 514, 169, -1,
      169, 514, 515, -1,
      169, 515, 171, -1,
      171, 515, 516, -1,
      171, 516, 205, -1,
      205, 516, 517, -1,
      205, 517, 206, -1,
      206, 517, 518, -1,
      206, 518, 207, -1,
      207, 518, 519, -1,
      207, 519, 198, -1,
      198, 519, 520, -1,
      198, 520, 200, -1,
      200, 520, 521, -1,
      200, 521, 202, -1,
      202, 521, 522, -1,
      202, 522, 204, -1,
      523, 524, 525, -1,
      526, 527, 528, -1,
      529, 530, 531, -1,
      532, 533, 534, -1,
      535, 536, 537, -1,
      538, 539, 540, -1,
      541, 542, 543, -1,
      544, 545, 546, -1,
      547, 548, 549, -1,
      550, 551, 552, -1,
      553, 554, 555, -1,
      556, 557, 558, -1,
      559, 560, 561, -1,
      562, 563, 564, -1,
      565, 566, 567, -1,
      568, 569, 570, -1,
      571, 572, 573, -1,
      574, 575, 576, -1,
      577, 578, 579, -1,
      580, 581, 582, -1,
      583, 584, 585, -1,
      586, 587, 588, -1,
      589, 590, 591, -1,
      592, 593, 594, -1,
      595, 596, 597, -1,
      598, 599, 600, -1,
      601, 602, 603, -1,
      604, 605, 606, -1,
      607, 608, 609, -1,
      610, 611, 612, -1,
      613, 614, 615, -1,
      616, 617, 618, -1,
      619, 620, 621, -1,
      622, 623, 624, -1,
      625, 626, 627, -1,
      628, 629, 630, -1,
      631, 632, 633, -1,
      634, 635, 636, -1,
      637, 638, 639, -1,
      640, 641, 642, -1,
      643, 644, 645, -1,
      646, 647, 648, -1,
      649, 650, 651, -1,
      652, 653, 654, -1,
      655, 656, 657, -1,
      658, 659, 660, -1,
      661, 662, 663, -1,
      664, 665, 666, -1,
      667, 668, 669, -1,
      670, 671, 672, -1,
      673, 674, 675, -1,
      670, 672, 676, -1,
      677, 678, 679, -1,
      667, 669, 680, -1,
      661, 663, 681, -1,
      682, 683, 684, -1,
      684, 683, 685, -1,
      658, 660, 686, -1,
      687, 688, 689, -1,
      655, 657, 690, -1,
      649, 651, 691, -1,
      692, 693, 694, -1,
      695, 696, 697, -1,
      697, 696, 698, -1,
      697, 698, 699, -1,
      643, 645, 700, -1,
      637, 639, 701, -1,
      702, 703, 704, -1,
      705, 706, 707, -1,
      707, 706, 708, -1,
      707, 708, 709, -1,
      631, 633, 710, -1,
      628, 630, 711, -1,
      622, 624, 712, -1,
      713, 714, 715, -1,
      715, 714, 716, -1,
      619, 621, 717, -1,
      718, 719, 720, -1,
      616, 618, 721, -1,
      610, 612, 722, -1,
      723, 724, 725, -1,
      725, 724, 726, -1,
      607, 609, 727, -1,
      728, 729, 730, -1,
      604, 606, 731, -1,
      598, 600, 732, -1,
      733, 734, 592, -1,
      592, 734, 735, -1,
      592, 735, 593, -1,
      593, 735, 736, -1,
      593, 736, 737, -1,
      738, 739, 740, -1,
      740, 739, 741, -1,
      740, 741, 742, -1,
      743, 744, 745, -1,
      745, 744, 746, -1,
      746, 747, 748, -1,
      748, 747, 749, -1,
      749, 750, 751, -1,
      751, 750, 752, -1,
      751, 752, 753, -1,
      753, 754, 755, -1,
      755, 754, 595, -1,
      756, 757, 673, -1,
      668, 664, 669, -1,
      669, 664, 666, -1,
      669, 666, 758, -1,
      758, 666, 759, -1,
      758, 759, 760, -1,
      716, 761, 715, -1,
      715, 761, 762, -1,
      715, 762, 763, -1,
      763, 762, 764, -1,
      763, 764, 765, -1,
      766, 594, 767, -1,
      767, 594, 593, -1,
      767, 593, 740, -1,
      740, 593, 737, -1,
      740, 737, 738, -1,
      678, 680, 679, -1,
      679, 680, 669, -1,
      679, 669, 768, -1,
      768, 669, 758, -1,
      768, 758, 769, -1,
      769, 758, 760, -1,
      769, 760, 770, -1,
      623, 713, 624, -1,
      624, 713, 715, -1,
      624, 715, 771, -1,
      771, 715, 763, -1,
      771, 763, 772, -1,
      772, 763, 765, -1,
      772, 765, 773, -1,
      774, 766, 775, -1,
      775, 766, 767, -1,
      775, 767, 776, -1,
      776, 767, 740, -1,
      776, 740, 777, -1,
      777, 740, 742, -1,
      777, 742, 778, -1,
      671, 677, 672, -1,
      672, 677, 679, -1,
      672, 679, 779, -1,
      779, 679, 768, -1,
      779, 768, 780, -1,
      780, 768, 769, -1,
      780, 769, 781, -1,
      781, 769, 770, -1,
      781, 770, 585, -1,
      626, 712, 627, -1,
      627, 712, 624, -1,
      627, 624, 782, -1,
      782, 624, 771, -1,
      782, 771, 783, -1,
      783, 771, 772, -1,
      783, 772, 784, -1,
      784, 772, 773, -1,
      784, 773, 549, -1,
      785, 774, 786, -1,
      786, 774, 775, -1,
      786, 775, 787, -1,
      787, 775, 776, -1,
      787, 776, 788, -1,
      788, 776, 777, -1,
      788, 777, 745, -1,
      745, 777, 778, -1,
      745, 778, 743, -1,
      591, 789, 790, -1,
      579, 791, 792, -1,
      659, 687, 660, -1,
      660, 687, 689, -1,
      660, 689, 793, -1,
      793, 689, 794, -1,
      793, 794, 795, -1,
      795, 794, 796, -1,
      795, 796, 797, -1,
      797, 796, 798, -1,
      797, 798, 799, -1,
      799, 798, 573, -1,
      656, 652, 657, -1,
      657, 652, 654, -1,
      657, 654, 800, -1,
      800, 654, 801, -1,
      800, 801, 802, -1,
      802, 801, 803, -1,
      802, 803, 804, -1,
      804, 803, 805, -1,
      804, 805, 806, -1,
      806, 805, 807, -1,
      699, 808, 697, -1,
      697, 808, 809, -1,
      697, 809, 810, -1,
      810, 809, 811, -1,
      810, 811, 812, -1,
      812, 811, 813, -1,
      812, 813, 814, -1,
      814, 813, 815, -1,
      814, 815, 816, -1,
      816, 815, 564, -1,
      644, 640, 645, -1,
      645, 640, 642, -1,
      645, 642, 817, -1,
      817, 642, 818, -1,
      817, 818, 819, -1,
      819, 818, 820, -1,
      819, 820, 821, -1,
      821, 820, 822, -1,
      821, 822, 823, -1,
      823, 822, 824, -1,
      635, 702, 636, -1,
      636, 702, 704, -1,
      636, 704, 825, -1,
      825, 704, 826, -1,
      825, 826, 827, -1,
      827, 826, 828, -1,
      827, 828, 829, -1,
      829, 828, 830, -1,
      829, 830, 831, -1,
      831, 830, 558, -1,
      709, 832, 707, -1,
      707, 832, 833, -1,
      707, 833, 834, -1,
      834, 833, 835, -1,
      834, 835, 836, -1,
      836, 835, 837, -1,
      836, 837, 838, -1,
      838, 837, 839, -1,
      838, 839, 840, -1,
      840, 839, 555, -1,
      543, 841, 842, -1,
      614, 722, 615, -1,
      615, 722, 612, -1,
      615, 612, 843, -1,
      843, 612, 844, -1,
      843, 844, 845, -1,
      845, 844, 846, -1,
      845, 846, 847, -1,
      847, 846, 848, -1,
      847, 848, 849, -1,
      849, 848, 537, -1,
      726, 850, 725, -1,
      725, 850, 851, -1,
      725, 851, 852, -1,
      852, 851, 853, -1,
      852, 853, 854, -1,
      854, 853, 855, -1,
      854, 855, 856, -1,
      856, 855, 857, -1,
      856, 857, 858, -1,
      858, 857, 859, -1,
      602, 732, 603, -1,
      603, 732, 600, -1,
      603, 600, 860, -1,
      860, 600, 861, -1,
      860, 861, 862, -1,
      862, 861, 863, -1,
      862, 863, 864, -1,
      864, 863, 865, -1,
      864, 865, 866, -1,
      866, 865, 528, -1,
      789, 867, 868, -1,
      869, 790, 870, -1,
      870, 790, 789, -1,
      870, 789, 871, -1,
      871, 789, 868, -1,
      871, 868, 872, -1,
      591, 590, 789, -1,
      789, 590, 873, -1,
      789, 873, 867, -1,
      874, 875, 876, -1,
      876, 875, 877, -1,
      877, 589, 876, -1,
      876, 589, 591, -1,
      876, 591, 878, -1,
      878, 591, 790, -1,
      878, 790, 879, -1,
      879, 790, 869, -1,
      879, 869, 757, -1,
      757, 756, 879, -1,
      879, 756, 880, -1,
      879, 880, 878, -1,
      878, 880, 881, -1,
      878, 881, 876, -1,
      876, 881, 882, -1,
      876, 882, 874, -1,
      883, 884, 882, -1,
      882, 884, 885, -1,
      882, 885, 874, -1,
      587, 883, 588, -1,
      588, 883, 882, -1,
      588, 882, 886, -1,
      886, 882, 881, -1,
      886, 881, 887, -1,
      887, 881, 880, -1,
      887, 880, 888, -1,
      888, 880, 756, -1,
      888, 756, 889, -1,
      889, 756, 673, -1,
      889, 673, 890, -1,
      890, 673, 675, -1,
      584, 586, 585, -1,
      585, 586, 588, -1,
      585, 588, 781, -1,
      781, 588, 886, -1,
      781, 886, 780, -1,
      780, 886, 887, -1,
      780, 887, 779, -1,
      779, 887, 888, -1,
      779, 888, 672, -1,
      672, 888, 889, -1,
      672, 889, 676, -1,
      676, 889, 890, -1,
      759, 891, 760, -1,
      760, 891, 892, -1,
      760, 892, 770, -1,
      770, 892, 582, -1,
      770, 582, 585, -1,
      585, 582, 581, -1,
      585, 581, 583, -1,
      791, 893, 894, -1,
      891, 792, 892, -1,
      892, 792, 791, -1,
      892, 791, 582, -1,
      582, 791, 894, -1,
      582, 894, 580, -1,
      579, 578, 791, -1,
      791, 578, 895, -1,
      791, 895, 893, -1,
      896, 897, 898, -1,
      898, 897, 899, -1,
      899, 577, 898, -1,
      898, 577, 579, -1,
      898, 579, 900, -1,
      900, 579, 792, -1,
      900, 792, 901, -1,
      901, 792, 891, -1,
      901, 891, 902, -1,
      902, 891, 759, -1,
      902, 759, 663, -1,
      663, 759, 666, -1,
      663, 666, 681, -1,
      681, 666, 665, -1,
      662, 682, 663, -1,
      663, 682, 684, -1,
      663, 684, 902, -1,
      902, 684, 903, -1,
      902, 903, 901, -1,
      901, 903, 904, -1,
      901, 904, 900, -1,
      900, 904, 905, -1,
      900, 905, 898, -1,
      898, 905, 906, -1,
      898, 906, 896, -1,
      907, 908, 906, -1,
      906, 908, 909, -1,
      906, 909, 896, -1,
      575, 907, 576, -1,
      576, 907, 906, -1,
      576, 906, 910, -1,
      910, 906, 905, -1,
      910, 905, 911, -1,
      911, 905, 904, -1,
      911, 904, 912, -1,
      912, 904, 903, -1,
      912, 903, 913, -1,
      913, 903, 684, -1,
      913, 684, 914, -1,
      914, 684, 685, -1,
      915, 574, 799, -1,
      799, 574, 576, -1,
      799, 576, 797, -1,
      797, 576, 910, -1,
      797, 910, 795, -1,
      795, 910, 911, -1,
      795, 911, 793, -1,
      793, 911, 912, -1,
      793, 912, 660, -1,
      660, 912, 913, -1,
      660, 913, 686, -1,
      686, 913, 914, -1,
      573, 572, 799, -1,
      799, 572, 916, -1,
      799, 916, 915, -1,
      806, 917, 918, -1,
      918, 571, 806, -1,
      806, 571, 573, -1,
      806, 573, 804, -1,
      804, 573, 798, -1,
      804, 798, 802, -1,
      802, 798, 796, -1,
      802, 796, 800, -1,
      800, 796, 794, -1,
      800, 794, 657, -1,
      657, 794, 689, -1,
      657, 689, 690, -1,
      690, 689, 688, -1,
      919, 920, 807, -1,
      807, 920, 921, -1,
      807, 921, 806, -1,
      806, 921, 922, -1,
      806, 922, 917, -1,
      569, 919, 570, -1,
      570, 919, 807, -1,
      570, 807, 923, -1,
      923, 807, 805, -1,
      923, 805, 924, -1,
      924, 805, 803, -1,
      924, 803, 925, -1,
      925, 803, 801, -1,
      925, 801, 651, -1,
      651, 801, 654, -1,
      651, 654, 691, -1,
      691, 654, 653, -1,
      650, 646, 651, -1,
      651, 646, 648, -1,
      651, 648, 925, -1,
      925, 648, 926, -1,
      925, 926, 924, -1,
      924, 926, 927, -1,
      924, 927, 923, -1,
      923, 927, 928, -1,
      923, 928, 570, -1,
      570, 928, 929, -1,
      570, 929, 568, -1,
      930, 931, 929, -1,
      929, 931, 932, -1,
      929, 932, 568, -1,
      566, 930, 567, -1,
      567, 930, 929, -1,
      567, 929, 933, -1,
      933, 929, 928, -1,
      933, 928, 934, -1,
      934, 928, 927, -1,
      934, 927, 935, -1,
      935, 927, 926, -1,
      935, 926, 694, -1,
      694, 926, 648, -1,
      694, 648, 692, -1,
      692, 648, 647, -1,
      936, 565, 816, -1,
      816, 565, 567, -1,
      816, 567, 814, -1,
      814, 567, 933, -1,
      814, 933, 812, -1,
      812, 933, 934, -1,
      812, 934, 810, -1,
      810, 934, 935, -1,
      810, 935, 697, -1,
      697, 935, 694, -1,
      697, 694, 695, -1,
      695, 694, 693, -1,
      564, 563, 816, -1,
      816, 563, 937, -1,
      816, 937, 936, -1,
      823, 938, 939, -1,
      939, 562, 823, -1,
      823, 562, 564, -1,
      823, 564, 821, -1,
      821, 564, 815, -1,
      821, 815, 819, -1,
      819, 815, 813, -1,
      819, 813, 817, -1,
      817, 813, 811, -1,
      817, 811, 645, -1,
      645, 811, 809, -1,
      645, 809, 700, -1,
      700, 809, 808, -1,
      940, 941, 824, -1,
      824, 941, 942, -1,
      824, 942, 823, -1,
      823, 942, 943, -1,
      823, 943, 938, -1,
      560, 940, 561, -1,
      561, 940, 824, -1,
      561, 824, 944, -1,
      944, 824, 822, -1,
      944, 822, 945, -1,
      945, 822, 820, -1,
      945, 820, 946, -1,
      946, 820, 818, -1,
      946, 818, 639, -1,
      639, 818, 642, -1,
      639, 642, 701, -1,
      701, 642, 641, -1,
      947, 559, 831, -1,
      831, 559, 561, -1,
      831, 561, 829, -1,
      829, 561, 944, -1,
      829, 944, 827, -1,
      827, 944, 945, -1,
      827, 945, 825, -1,
      825, 945, 946, -1,
      825, 946, 636, -1,
      636, 946, 639, -1,
      636, 639, 634, -1,
      634, 639, 638, -1,
      558, 557, 831, -1,
      831, 557, 948, -1,
      831, 948, 947, -1,
      949, 556, 840, -1,
      840, 556, 558, -1,
      840, 558, 838, -1,
      838, 558, 830, -1,
      838, 830, 836, -1,
      836, 830, 828, -1,
      836, 828, 834, -1,
      834, 828, 826, -1,
      834, 826, 707, -1,
      707, 826, 704, -1,
      707, 704, 705, -1,
      705, 704, 703, -1,
      555, 554, 840, -1,
      840, 554, 950, -1,
      840, 950, 949, -1,
      951, 952, 953, -1,
      953, 952, 954, -1,
      954, 553, 953, -1,
      953, 553, 555, -1,
      953, 555, 955, -1,
      955, 555, 839, -1,
      955, 839, 956, -1,
      956, 839, 837, -1,
      956, 837, 957, -1,
      957, 837, 835, -1,
      957, 835, 633, -1,
      633, 835, 833, -1,
      633, 833, 710, -1,
      710, 833, 832, -1,
      632, 958, 633, -1,
      633, 958, 959, -1,
      633, 959, 957, -1,
      957, 959, 960, -1,
      957, 960, 956, -1,
      956, 960, 961, -1,
      956, 961, 955, -1,
      955, 961, 962, -1,
      955, 962, 953, -1,
      953, 962, 963, -1,
      953, 963, 951, -1,
      964, 965, 963, -1,
      963, 965, 966, -1,
      963, 966, 951, -1,
      551, 964, 552, -1,
      552, 964, 963, -1,
      552, 963, 967, -1,
      967, 963, 962, -1,
      967, 962, 968, -1,
      968, 962, 961, -1,
      968, 961, 969, -1,
      969, 961, 960, -1,
      969, 960, 630, -1,
      630, 960, 959, -1,
      630, 959, 711, -1,
      711, 959, 958, -1,
      548, 550, 549, -1,
      549, 550, 552, -1,
      549, 552, 784, -1,
      784, 552, 967, -1,
      784, 967, 783, -1,
      783, 967, 968, -1,
      783, 968, 782, -1,
      782, 968, 969, -1,
      782, 969, 627, -1,
      627, 969, 630, -1,
      627, 630, 625, -1,
      625, 630, 629, -1,
      764, 970, 765, -1,
      765, 970, 971, -1,
      765, 971, 773, -1,
      773, 971, 546, -1,
      773, 546, 549, -1,
      549, 546, 545, -1,
      549, 545, 547, -1,
      841, 972, 973, -1,
      970, 842, 971, -1,
      971, 842, 841, -1,
      971, 841, 546, -1,
      546, 841, 973, -1,
      546, 973, 544, -1,
      543, 542, 841, -1,
      841, 542, 974, -1,
      841, 974, 972, -1,
      975, 976, 977, -1,
      977, 976, 978, -1,
      978, 541, 977, -1,
      977, 541, 543, -1,
      977, 543, 979, -1,
      979, 543, 842, -1,
      979, 842, 980, -1,
      980, 842, 970, -1,
      980, 970, 981, -1,
      981, 970, 764, -1,
      981, 764, 621, -1,
      621, 764, 762, -1,
      621, 762, 717, -1,
      717, 762, 761, -1,
      620, 718, 621, -1,
      621, 718, 720, -1,
      621, 720, 981, -1,
      981, 720, 982, -1,
      981, 982, 980, -1,
      980, 982, 983, -1,
      980, 983, 979, -1,
      979, 983, 984, -1,
      979, 984, 977, -1,
      977, 984, 985, -1,
      977, 985, 975, -1,
      986, 987, 985, -1,
      985, 987, 988, -1,
      985, 988, 975, -1,
      539, 986, 540, -1,
      540, 986, 985, -1,
      540, 985, 989, -1,
      989, 985, 984, -1,
      989, 984, 990, -1,
      990, 984, 983, -1,
      990, 983, 991, -1,
      991, 983, 982, -1,
      991, 982, 618, -1,
      618, 982, 720, -1,
      618, 720, 721, -1,
      721, 720, 719, -1,
      992, 538, 849, -1,
      849, 538, 540, -1,
      849, 540, 847, -1,
      847, 540, 989, -1,
      847, 989, 845, -1,
      845, 989, 990, -1,
      845, 990, 843, -1,
      843, 990, 991, -1,
      843, 991, 615, -1,
      615, 991, 618, -1,
      615, 618, 613, -1,
      613, 618, 617, -1,
      537, 536, 849, -1,
      849, 536, 993, -1,
      849, 993, 992, -1,
      858, 994, 995, -1,
      995, 535, 858, -1,
      858, 535, 537, -1,
      858, 537, 856, -1,
      856, 537, 848, -1,
      856, 848, 854, -1,
      854, 848, 846, -1,
      854, 846, 852, -1,
      852, 846, 844, -1,
      852, 844, 725, -1,
      725, 844, 612, -1,
      725, 612, 723, -1,
      723, 612, 611, -1,
      996, 997, 859, -1,
      859, 997, 998, -1,
      859, 998, 858, -1,
      858, 998, 999, -1,
      858, 999, 994, -1,
      533, 996, 534, -1,
      534, 996, 859, -1,
      534, 859, 1000, -1,
      1000, 859, 857, -1,
      1000, 857, 1001, -1,
      1001, 857, 855, -1,
      1001, 855, 1002, -1,
      1002, 855, 853, -1,
      1002, 853, 609, -1,
      609, 853, 851, -1,
      609, 851, 727, -1,
      727, 851, 850, -1,
      608, 728, 609, -1,
      609, 728, 730, -1,
      609, 730, 1002, -1,
      1002, 730, 1003, -1,
      1002, 1003, 1001, -1,
      1001, 1003, 1004, -1,
      1001, 1004, 1000, -1,
      1000, 1004, 1005, -1,
      1000, 1005, 534, -1,
      534, 1005, 1006, -1,
      534, 1006, 532, -1,
      1007, 1008, 1006, -1,
      1006, 1008, 1009, -1,
      1006, 1009, 532, -1,
      530, 1007, 531, -1,
      531, 1007, 1006, -1,
      531, 1006, 1010, -1,
      1010, 1006, 1005, -1,
      1010, 1005, 1011, -1,
      1011, 1005, 1004, -1,
      1011, 1004, 1012, -1,
      1012, 1004, 1003, -1,
      1012, 1003, 606, -1,
      606, 1003, 730, -1,
      606, 730, 731, -1,
      731, 730, 729, -1,
      1013, 529, 866, -1,
      866, 529, 531, -1,
      866, 531, 864, -1,
      864, 531, 1010, -1,
      864, 1010, 862, -1,
      862, 1010, 1011, -1,
      862, 1011, 860, -1,
      860, 1011, 1012, -1,
      860, 1012, 603, -1,
      603, 1012, 606, -1,
      603, 606, 601, -1,
      601, 606, 605, -1,
      528, 527, 866, -1,
      866, 527, 1014, -1,
      866, 1014, 1013, -1,
      1015, 1016, 785, -1,
      785, 1016, 1017, -1,
      1017, 526, 785, -1,
      785, 526, 528, -1,
      785, 528, 774, -1,
      774, 528, 865, -1,
      774, 865, 766, -1,
      766, 865, 863, -1,
      766, 863, 594, -1,
      594, 863, 861, -1,
      594, 861, 592, -1,
      592, 861, 600, -1,
      592, 600, 733, -1,
      733, 600, 599, -1,
      746, 748, 745, -1,
      745, 748, 1018, -1,
      745, 1018, 788, -1,
      788, 1018, 1019, -1,
      788, 1019, 787, -1,
      787, 1019, 1020, -1,
      787, 1020, 786, -1,
      786, 1020, 525, -1,
      786, 525, 785, -1,
      785, 525, 524, -1,
      785, 524, 1015, -1,
      1021, 1022, 1023, -1,
      749, 751, 748, -1,
      748, 751, 1024, -1,
      748, 1024, 1018, -1,
      1018, 1024, 1025, -1,
      1018, 1025, 1019, -1,
      1019, 1025, 1026, -1,
      1019, 1026, 1020, -1,
      1020, 1026, 1021, -1,
      1020, 1021, 525, -1,
      525, 1021, 1023, -1,
      525, 1023, 523, -1,
      1027, 1028, 1029, -1,
      1029, 1028, 1030, -1,
      753, 755, 751, -1,
      751, 755, 1031, -1,
      751, 1031, 1024, -1,
      1024, 1031, 1032, -1,
      1024, 1032, 1025, -1,
      1025, 1032, 1033, -1,
      1025, 1033, 1026, -1,
      1026, 1033, 1029, -1,
      1026, 1029, 1021, -1,
      1021, 1029, 1030, -1,
      1021, 1030, 1022, -1,
      595, 597, 755, -1,
      755, 597, 1034, -1,
      755, 1034, 1031, -1,
      1031, 1034, 1035, -1,
      1031, 1035, 1032, -1,
      1032, 1035, 1036, -1,
      1032, 1036, 1033, -1,
      1033, 1036, 1037, -1,
      1033, 1037, 1029, -1,
      1029, 1037, 1038, -1,
      1029, 1038, 1027, -1,
      1039, 1040, 1041, -1,
      1041, 1040, 1042, -1,
      1041, 1042, 1043, -1,
      1043, 1042, 1044, -1,
      1043, 1044, 1045, -1,
      1045, 1044, 1046, -1,
      1047, 1048, 1046, -1,
      1046, 1048, 1049, -1,
      1046, 1049, 1045, -1,
      1050, 1051, 1052, -1,
      1052, 1051, 1053, -1,
      1052, 1053, 1047, -1,
      1047, 1053, 1054, -1,
      1047, 1054, 1048, -1,
      1055, 1056, 1050, -1,
      1050, 1056, 1057, -1,
      1050, 1057, 1051, -1,
      1058, 1059, 1060, -1,
      1061, 1062, 1063, -1,
      1063, 1062, 1064, -1,
      1063, 1064, 1055, -1,
      1055, 1064, 1065, -1,
      1055, 1065, 1056, -1,
      1066, 1067, 1068, -1,
      1068, 1067, 1069, -1,
      1068, 1069, 1061, -1,
      1061, 1069, 1070, -1,
      1061, 1070, 1062, -1,
      1071, 1072, 1073, -1,
      1074, 1075, 1076, -1,
      1076, 1075, 1077, -1,
      1076, 1077, 1072, -1,
      1072, 1077, 1078, -1,
      1072, 1078, 1073, -1,
      1079, 1080, 1081, -1,
      1081, 1080, 1082, -1,
      1081, 1082, 1083, -1,
      1060, 1059, 1084, -1,
      1084, 1059, 1085, -1,
      1084, 1085, 1086, -1,
      1082, 1087, 1083, -1,
      1083, 1087, 1088, -1,
      1083, 1088, 1066, -1,
      1066, 1088, 1089, -1,
      1066, 1089, 1067, -1,
      1090, 1091, 1092, -1,
      1093, 1094, 1074, -1,
      1074, 1094, 1095, -1,
      1074, 1095, 1075, -1,
      1086, 1085, 1096, -1,
      1096, 1085, 1097, -1,
      1096, 1097, 1098, -1,
      1098, 1097, 1099, -1,
      1098, 1099, 1100, -1,
      1101, 1102, 1079, -1,
      1079, 1102, 1103, -1,
      1079, 1103, 1080, -1,
      1092, 1104, 1090, -1,
      1090, 1104, 1105, -1,
      1090, 1105, 1106, -1,
      1106, 1105, 1107, -1,
      1106, 1107, 1101, -1,
      1101, 1107, 1108, -1,
      1101, 1108, 1102, -1,
      1109, 1110, 1111, -1,
      1111, 1110, 1112, -1,
      1111, 1112, 1091, -1,
      1091, 1112, 1113, -1,
      1091, 1113, 1092, -1,
      1073, 1114, 1071, -1,
      1071, 1114, 1115, -1,
      1071, 1115, 1116, -1,
      1116, 1115, 1117, -1,
      1116, 1117, 1109, -1,
      1109, 1117, 1118, -1,
      1109, 1118, 1110, -1,
      1119, 1120, 1121, -1,
      1121, 1120, 1122, -1,
      1121, 1122, 1093, -1,
      1093, 1122, 1123, -1,
      1093, 1123, 1094, -1,
      1060, 1124, 1058, -1,
      1058, 1124, 1125, -1,
      1058, 1125, 1119, -1,
      1119, 1125, 1126, -1,
      1119, 1126, 1120, -1,
      1127, 1128, 1129, -1,
      1130, 1131, 1132, -1,
      1133, 1134, 1135, -1,
      1136, 1137, 1138, -1,
      1139, 1140, 1141, -1,
      1142, 1143, 1144, -1,
      1145, 1146, 1147, -1,
      1148, 1149, 1150, -1,
      1151, 1152, 1153, -1,
      1154, 1155, 1156, -1,
      1157, 1158, 1159, -1,
      1160, 1161, 1162, -1,
      1163, 1164, 1165, -1,
      1166, 1167, 1168, -1,
      1169, 1170, 1171, -1,
      1172, 1173, 1174, -1,
      1175, 1176, 1177, -1,
      1178, 1179, 1180, -1,
      1181, 1182, 1183, -1,
      1184, 1185, 1186, -1,
      1187, 1188, 1189, -1,
      1190, 1191, 1192, -1,
      1193, 1194, 1195, -1,
      1039, 1041, 1196, -1,
      1196, 1041, 1197, -1,
      1196, 1197, 1198, -1,
      1198, 1197, 1199, -1,
      1198, 1199, 1200, -1,
      1200, 1199, 1201, -1,
      1200, 1201, 1202, -1,
      1202, 1201, 1203, -1,
      1202, 1203, 1204, -1,
      1204, 1203, 1195, -1,
      1049, 1048, 1205, -1,
      1205, 1048, 1206, -1,
      1205, 1206, 1207, -1,
      1207, 1206, 1208, -1,
      1207, 1208, 1209, -1,
      1209, 1208, 1210, -1,
      1209, 1210, 1211, -1,
      1211, 1210, 1212, -1,
      1211, 1212, 1213, -1,
      1213, 1212, 1189, -1,
      1053, 1051, 1214, -1,
      1214, 1051, 1215, -1,
      1214, 1215, 1216, -1,
      1216, 1215, 1217, -1,
      1216, 1217, 1218, -1,
      1218, 1217, 1219, -1,
      1218, 1219, 1220, -1,
      1220, 1219, 1221, -1,
      1220, 1221, 1222, -1,
      1222, 1221, 1186, -1,
      1056, 1065, 1223, -1,
      1223, 1065, 1224, -1,
      1223, 1224, 1225, -1,
      1225, 1224, 1226, -1,
      1225, 1226, 1227, -1,
      1227, 1226, 1228, -1,
      1227, 1228, 1229, -1,
      1229, 1228, 1230, -1,
      1229, 1230, 1231, -1,
      1231, 1230, 1183, -1,
      1070, 1069, 1232, -1,
      1232, 1069, 1233, -1,
      1232, 1233, 1234, -1,
      1234, 1233, 1235, -1,
      1234, 1235, 1236, -1,
      1236, 1235, 1237, -1,
      1236, 1237, 1238, -1,
      1238, 1237, 1239, -1,
      1238, 1239, 1240, -1,
      1240, 1239, 1177, -1,
      1089, 1088, 1241, -1,
      1241, 1088, 1242, -1,
      1241, 1242, 1243, -1,
      1243, 1242, 1244, -1,
      1243, 1244, 1245, -1,
      1245, 1244, 1246, -1,
      1245, 1246, 1247, -1,
      1247, 1246, 1248, -1,
      1247, 1248, 1249, -1,
      1249, 1248, 1174, -1,
      1108, 1107, 1250, -1,
      1250, 1107, 1251, -1,
      1250, 1251, 1252, -1,
      1252, 1251, 1253, -1,
      1252, 1253, 1254, -1,
      1254, 1253, 1255, -1,
      1254, 1255, 1256, -1,
      1256, 1255, 1257, -1,
      1256, 1257, 1258, -1,
      1258, 1257, 1162, -1,
      1104, 1092, 1259, -1,
      1259, 1092, 1260, -1,
      1259, 1260, 1261, -1,
      1261, 1260, 1262, -1,
      1261, 1262, 1263, -1,
      1263, 1262, 1264, -1,
      1263, 1264, 1265, -1,
      1265, 1264, 1266, -1,
      1265, 1266, 1267, -1,
      1267, 1266, 1159, -1,
      1110, 1118, 1268, -1,
      1268, 1118, 1269, -1,
      1268, 1269, 1270, -1,
      1270, 1269, 1271, -1,
      1270, 1271, 1272, -1,
      1272, 1271, 1273, -1,
      1272, 1273, 1274, -1,
      1274, 1273, 1275, -1,
      1274, 1275, 1276, -1,
      1276, 1275, 1153, -1,
      1115, 1114, 1277, -1,
      1277, 1114, 1278, -1,
      1277, 1278, 1279, -1,
      1279, 1278, 1280, -1,
      1279, 1280, 1281, -1,
      1281, 1280, 1282, -1,
      1281, 1282, 1283, -1,
      1283, 1282, 1284, -1,
      1283, 1284, 1285, -1,
      1285, 1284, 1150, -1,
      1078, 1077, 1286, -1,
      1286, 1077, 1287, -1,
      1286, 1287, 1288, -1,
      1288, 1287, 1289, -1,
      1288, 1289, 1290, -1,
      1290, 1289, 1291, -1,
      1290, 1291, 1292, -1,
      1292, 1291, 1293, -1,
      1292, 1293, 1294, -1,
      1294, 1293, 1147, -1,
      1094, 1123, 1295, -1,
      1295, 1123, 1296, -1,
      1295, 1296, 1297, -1,
      1297, 1296, 1298, -1,
      1297, 1298, 1299, -1,
      1299, 1298, 1300, -1,
      1299, 1300, 1301, -1,
      1301, 1300, 1302, -1,
      1301, 1302, 1303, -1,
      1303, 1302, 1141, -1,
      1120, 1126, 1304, -1,
      1304, 1126, 1305, -1,
      1304, 1305, 1306, -1,
      1306, 1305, 1307, -1,
      1306, 1307, 1308, -1,
      1308, 1307, 1309, -1,
      1308, 1309, 1310, -1,
      1310, 1309, 1311, -1,
      1310, 1311, 1312, -1,
      1312, 1311, 1138, -1,
      1124, 1060, 1313, -1,
      1313, 1060, 1314, -1,
      1313, 1314, 1315, -1,
      1315, 1314, 1316, -1,
      1315, 1316, 1317, -1,
      1317, 1316, 1318, -1,
      1317, 1318, 1319, -1,
      1319, 1318, 1320, -1,
      1319, 1320, 1321, -1,
      1321, 1320, 1135, -1,
      1096, 1098, 1322, -1,
      1322, 1098, 1323, -1,
      1322, 1323, 1324, -1,
      1324, 1323, 1325, -1,
      1324, 1325, 1326, -1,
      1326, 1325, 1327, -1,
      1326, 1327, 1328, -1,
      1328, 1327, 1329, -1,
      1328, 1329, 1330, -1,
      1330, 1329, 1129, -1,
      1195, 1194, 1204, -1,
      1204, 1194, 1331, -1,
      1204, 1331, 1332, -1,
      1333, 1193, 1334, -1,
      1334, 1193, 1195, -1,
      1334, 1195, 1335, -1,
      1335, 1195, 1203, -1,
      1335, 1203, 1336, -1,
      1336, 1203, 1201, -1,
      1336, 1201, 1337, -1,
      1337, 1201, 1199, -1,
      1337, 1199, 1338, -1,
      1338, 1199, 1197, -1,
      1338, 1197, 1043, -1,
      1043, 1197, 1041, -1,
      1043, 1045, 1338, -1,
      1338, 1045, 1339, -1,
      1338, 1339, 1337, -1,
      1337, 1339, 1340, -1,
      1337, 1340, 1336, -1,
      1336, 1340, 1341, -1,
      1336, 1341, 1335, -1,
      1335, 1341, 1342, -1,
      1335, 1342, 1334, -1,
      1334, 1342, 1192, -1,
      1334, 1192, 1333, -1,
      1333, 1192, 1191, -1,
      1343, 1190, 1213, -1,
      1213, 1190, 1192, -1,
      1213, 1192, 1211, -1,
      1211, 1192, 1342, -1,
      1211, 1342, 1209, -1,
      1209, 1342, 1341, -1,
      1209, 1341, 1207, -1,
      1207, 1341, 1340, -1,
      1207, 1340, 1205, -1,
      1205, 1340, 1339, -1,
      1205, 1339, 1049, -1,
      1049, 1339, 1045, -1,
      1189, 1188, 1213, -1,
      1213, 1188, 1344, -1,
      1213, 1344, 1343, -1,
      1345, 1187, 1346, -1,
      1346, 1187, 1189, -1,
      1346, 1189, 1347, -1,
      1347, 1189, 1212, -1,
      1347, 1212, 1348, -1,
      1348, 1212, 1210, -1,
      1348, 1210, 1349, -1,
      1349, 1210, 1208, -1,
      1349, 1208, 1350, -1,
      1350, 1208, 1206, -1,
      1350, 1206, 1054, -1,
      1054, 1206, 1048, -1,
      1054, 1053, 1350, -1,
      1350, 1053, 1214, -1,
      1350, 1214, 1349, -1,
      1349, 1214, 1216, -1,
      1349, 1216, 1348, -1,
      1348, 1216, 1218, -1,
      1348, 1218, 1347, -1,
      1347, 1218, 1220, -1,
      1347, 1220, 1346, -1,
      1346, 1220, 1222, -1,
      1346, 1222, 1345, -1,
      1345, 1222, 1351, -1,
      1186, 1185, 1222, -1,
      1222, 1185, 1352, -1,
      1222, 1352, 1351, -1,
      1353, 1184, 1354, -1,
      1354, 1184, 1186, -1,
      1354, 1186, 1355, -1,
      1355, 1186, 1221, -1,
      1355, 1221, 1356, -1,
      1356, 1221, 1219, -1,
      1356, 1219, 1357, -1,
      1357, 1219, 1217, -1,
      1357, 1217, 1358, -1,
      1358, 1217, 1215, -1,
      1358, 1215, 1057, -1,
      1057, 1215, 1051, -1,
      1057, 1056, 1358, -1,
      1358, 1056, 1223, -1,
      1358, 1223, 1357, -1,
      1357, 1223, 1225, -1,
      1357, 1225, 1356, -1,
      1356, 1225, 1227, -1,
      1356, 1227, 1355, -1,
      1355, 1227, 1229, -1,
      1355, 1229, 1354, -1,
      1354, 1229, 1231, -1,
      1354, 1231, 1353, -1,
      1353, 1231, 1359, -1,
      1183, 1182, 1231, -1,
      1231, 1182, 1360, -1,
      1231, 1360, 1359, -1,
      1179, 1181, 1180, -1,
      1180, 1181, 1183, -1,
      1180, 1183, 1361, -1,
      1361, 1183, 1230, -1,
      1361, 1230, 1362, -1,
      1362, 1230, 1228, -1,
      1362, 1228, 1363, -1,
      1363, 1228, 1226, -1,
      1363, 1226, 1364, -1,
      1364, 1226, 1224, -1,
      1364, 1224, 1064, -1,
      1064, 1224, 1065, -1,
      1365, 1178, 1366, -1,
      1366, 1178, 1180, -1,
      1366, 1180, 1367, -1,
      1367, 1180, 1361, -1,
      1367, 1361, 1368, -1,
      1368, 1361, 1362, -1,
      1368, 1362, 1369, -1,
      1369, 1362, 1363, -1,
      1369, 1363, 1370, -1,
      1370, 1363, 1364, -1,
      1370, 1364, 1062, -1,
      1062, 1364, 1064, -1,
      1062, 1070, 1370, -1,
      1370, 1070, 1232, -1,
      1370, 1232, 1369, -1,
      1369, 1232, 1234, -1,
      1369, 1234, 1368, -1,
      1368, 1234, 1236, -1,
      1368, 1236, 1367, -1,
      1367, 1236, 1238, -1,
      1367, 1238, 1366, -1,
      1366, 1238, 1240, -1,
      1366, 1240, 1365, -1,
      1365, 1240, 1371, -1,
      1177, 1176, 1240, -1,
      1240, 1176, 1372, -1,
      1240, 1372, 1371, -1,
      1373, 1175, 1374, -1,
      1374, 1175, 1177, -1,
      1374, 1177, 1375, -1,
      1375, 1177, 1239, -1,
      1375, 1239, 1376, -1,
      1376, 1239, 1237, -1,
      1376, 1237, 1377, -1,
      1377, 1237, 1235, -1,
      1377, 1235, 1378, -1,
      1378, 1235, 1233, -1,
      1378, 1233, 1067, -1,
      1067, 1233, 1069, -1,
      1067, 1089, 1378, -1,
      1378, 1089, 1241, -1,
      1378, 1241, 1377, -1,
      1377, 1241, 1243, -1,
      1377, 1243, 1376, -1,
      1376, 1243, 1245, -1,
      1376, 1245, 1375, -1,
      1375, 1245, 1247, -1,
      1375, 1247, 1374, -1,
      1374, 1247, 1249, -1,
      1374, 1249, 1373, -1,
      1373, 1249, 1379, -1,
      1174, 1173, 1249, -1,
      1249, 1173, 1380, -1,
      1249, 1380, 1379, -1,
      1381, 1172, 1382, -1,
      1382, 1172, 1174, -1,
      1382, 1174, 1383, -1,
      1383, 1174, 1248, -1,
      1383, 1248, 1384, -1,
      1384, 1248, 1246, -1,
      1384, 1246, 1385, -1,
      1385, 1246, 1244, -1,
      1385, 1244, 1386, -1,
      1386, 1244, 1242, -1,
      1386, 1242, 1087, -1,
      1087, 1242, 1088, -1,
      1087, 1082, 1386, -1,
      1386, 1082, 1387, -1,
      1386, 1387, 1385, -1,
      1385, 1387, 1388, -1,
      1385, 1388, 1384, -1,
      1384, 1388, 1389, -1,
      1384, 1389, 1383, -1,
      1383, 1389, 1390, -1,
      1383, 1390, 1382, -1,
      1382, 1390, 1171, -1,
      1382, 1171, 1381, -1,
      1381, 1171, 1170, -1,
      1167, 1169, 1168, -1,
      1168, 1169, 1171, -1,
      1168, 1171, 1391, -1,
      1391, 1171, 1390, -1,
      1391, 1390, 1392, -1,
      1392, 1390, 1389, -1,
      1392, 1389, 1393, -1,
      1393, 1389, 1388, -1,
      1393, 1388, 1394, -1,
      1394, 1388, 1387, -1,
      1394, 1387, 1080, -1,
      1080, 1387, 1082, -1,
      1164, 1166, 1165, -1,
      1165, 1166, 1168, -1,
      1165, 1168, 1395, -1,
      1395, 1168, 1391, -1,
      1395, 1391, 1396, -1,
      1396, 1391, 1392, -1,
      1396, 1392, 1397, -1,
      1397, 1392, 1393, -1,
      1397, 1393, 1398, -1,
      1398, 1393, 1394, -1,
      1398, 1394, 1103, -1,
      1103, 1394, 1080, -1,
      1399, 1163, 1400, -1,
      1400, 1163, 1165, -1,
      1400, 1165, 1401, -1,
      1401, 1165, 1395, -1,
      1401, 1395, 1402, -1,
      1402, 1395, 1396, -1,
      1402, 1396, 1403, -1,
      1403, 1396, 1397, -1,
      1403, 1397, 1404, -1,
      1404, 1397, 1398, -1,
      1404, 1398, 1102, -1,
      1102, 1398, 1103, -1,
      1102, 1108, 1404, -1,
      1404, 1108, 1250, -1,
      1404, 1250, 1403, -1,
      1403, 1250, 1252, -1,
      1403, 1252, 1402, -1,
      1402, 1252, 1254, -1,
      1402, 1254, 1401, -1,
      1401, 1254, 1256, -1,
      1401, 1256, 1400, -1,
      1400, 1256, 1258, -1,
      1400, 1258, 1399, -1,
      1399, 1258, 1405, -1,
      1162, 1161, 1258, -1,
      1258, 1161, 1406, -1,
      1258, 1406, 1405, -1,
      1407, 1160, 1408, -1,
      1408, 1160, 1162, -1,
      1408, 1162, 1409, -1,
      1409, 1162, 1257, -1,
      1409, 1257, 1410, -1,
      1410, 1257, 1255, -1,
      1410, 1255, 1411, -1,
      1411, 1255, 1253, -1,
      1411, 1253, 1412, -1,
      1412, 1253, 1251, -1,
      1412, 1251, 1105, -1,
      1105, 1251, 1107, -1,
      1105, 1104, 1412, -1,
      1412, 1104, 1259, -1,
      1412, 1259, 1411, -1,
      1411, 1259, 1261, -1,
      1411, 1261, 1410, -1,
      1410, 1261, 1263, -1,
      1410, 1263, 1409, -1,
      1409, 1263, 1265, -1,
      1409, 1265, 1408, -1,
      1408, 1265, 1267, -1,
      1408, 1267, 1407, -1,
      1407, 1267, 1413, -1,
      1159, 1158, 1267, -1,
      1267, 1158, 1414, -1,
      1267, 1414, 1413, -1,
      1415, 1157, 1416, -1,
      1416, 1157, 1159, -1,
      1416, 1159, 1417, -1,
      1417, 1159, 1266, -1,
      1417, 1266, 1418, -1,
      1418, 1266, 1264, -1,
      1418, 1264, 1419, -1,
      1419, 1264, 1262, -1,
      1419, 1262, 1420, -1,
      1420, 1262, 1260, -1,
      1420, 1260, 1113, -1,
      1113, 1260, 1092, -1,
      1113, 1112, 1420, -1,
      1420, 1112, 1421, -1,
      1420, 1421, 1419, -1,
      1419, 1421, 1422, -1,
      1419, 1422, 1418, -1,
      1418, 1422, 1423, -1,
      1418, 1423, 1417, -1,
      1417, 1423, 1424, -1,
      1417, 1424, 1416, -1,
      1416, 1424, 1156, -1,
      1416, 1156, 1415, -1,
      1415, 1156, 1155, -1,
      1425, 1154, 1276, -1,
      1276, 1154, 1156, -1,
      1276, 1156, 1274, -1,
      1274, 1156, 1424, -1,
      1274, 1424, 1272, -1,
      1272, 1424, 1423, -1,
      1272, 1423, 1270, -1,
      1270, 1423, 1422, -1,
      1270, 1422, 1268, -1,
      1268, 1422, 1421, -1,
      1268, 1421, 1110, -1,
      1110, 1421, 1112, -1,
      1153, 1152, 1276, -1,
      1276, 1152, 1426, -1,
      1276, 1426, 1425, -1,
      1427, 1151, 1428, -1,
      1428, 1151, 1153, -1,
      1428, 1153, 1429, -1,
      1429, 1153, 1275, -1,
      1429, 1275, 1430, -1,
      1430, 1275, 1273, -1,
      1430, 1273, 1431, -1,
      1431, 1273, 1271, -1,
      1431, 1271, 1432, -1,
      1432, 1271, 1269, -1,
      1432, 1269, 1117, -1,
      1117, 1269, 1118, -1,
      1117, 1115, 1432, -1,
      1432, 1115, 1277, -1,
      1432, 1277, 1431, -1,
      1431, 1277, 1279, -1,
      1431, 1279, 1430, -1,
      1430, 1279, 1281, -1,
      1430, 1281, 1429, -1,
      1429, 1281, 1283, -1,
      1429, 1283, 1428, -1,
      1428, 1283, 1285, -1,
      1428, 1285, 1427, -1,
      1427, 1285, 1433, -1,
      1150, 1149, 1285, -1,
      1285, 1149, 1434, -1,
      1285, 1434, 1433, -1,
      1435, 1148, 1436, -1,
      1436, 1148, 1150, -1,
      1436, 1150, 1437, -1,
      1437, 1150, 1284, -1,
      1437, 1284, 1438, -1,
      1438, 1284, 1282, -1,
      1438, 1282, 1439, -1,
      1439, 1282, 1280, -1,
      1439, 1280, 1440, -1,
      1440, 1280, 1278, -1,
      1440, 1278, 1073, -1,
      1073, 1278, 1114, -1,
      1073, 1078, 1440, -1,
      1440, 1078, 1286, -1,
      1440, 1286, 1439, -1,
      1439, 1286, 1288, -1,
      1439, 1288, 1438, -1,
      1438, 1288, 1290, -1,
      1438, 1290, 1437, -1,
      1437, 1290, 1292, -1,
      1437, 1292, 1436, -1,
      1436, 1292, 1294, -1,
      1436, 1294, 1435, -1,
      1435, 1294, 1441, -1,
      1147, 1146, 1294, -1,
      1294, 1146, 1442, -1,
      1294, 1442, 1441, -1,
      1443, 1145, 1444, -1,
      1444, 1145, 1147, -1,
      1444, 1147, 1445, -1,
      1445, 1147, 1293, -1,
      1445, 1293, 1446, -1,
      1446, 1293, 1291, -1,
      1446, 1291, 1447, -1,
      1447, 1291, 1289, -1,
      1447, 1289, 1448, -1,
      1448, 1289, 1287, -1,
      1448, 1287, 1075, -1,
      1075, 1287, 1077, -1,
      1075, 1095, 1448, -1,
      1448, 1095, 1449, -1,
      1448, 1449, 1447, -1,
      1447, 1449, 1450, -1,
      1447, 1450, 1446, -1,
      1446, 1450, 1451, -1,
      1446, 1451, 1445, -1,
      1445, 1451, 1452, -1,
      1445, 1452, 1444, -1,
      1444, 1452, 1144, -1,
      1444, 1144, 1443, -1,
      1443, 1144, 1143, -1,
      1453, 1142, 1303, -1,
      1303, 1142, 1144, -1,
      1303, 1144, 1301, -1,
      1301, 1144, 1452, -1,
      1301, 1452, 1299, -1,
      1299, 1452, 1451, -1,
      1299, 1451, 1297, -1,
      1297, 1451, 1450, -1,
      1297, 1450, 1295, -1,
      1295, 1450, 1449, -1,
      1295, 1449, 1094, -1,
      1094, 1449, 1095, -1,
      1141, 1140, 1303, -1,
      1303, 1140, 1454, -1,
      1303, 1454, 1453, -1,
      1455, 1139, 1456, -1,
      1456, 1139, 1141, -1,
      1456, 1141, 1457, -1,
      1457, 1141, 1302, -1,
      1457, 1302, 1458, -1,
      1458, 1302, 1300, -1,
      1458, 1300, 1459, -1,
      1459, 1300, 1298, -1,
      1459, 1298, 1460, -1,
      1460, 1298, 1296, -1,
      1460, 1296, 1122, -1,
      1122, 1296, 1123, -1,
      1122, 1120, 1460, -1,
      1460, 1120, 1304, -1,
      1460, 1304, 1459, -1,
      1459, 1304, 1306, -1,
      1459, 1306, 1458, -1,
      1458, 1306, 1308, -1,
      1458, 1308, 1457, -1,
      1457, 1308, 1310, -1,
      1457, 1310, 1456, -1,
      1456, 1310, 1312, -1,
      1456, 1312, 1455, -1,
      1455, 1312, 1461, -1,
      1138, 1137, 1312, -1,
      1312, 1137, 1462, -1,
      1312, 1462, 1461, -1,
      1463, 1136, 1464, -1,
      1464, 1136, 1138, -1,
      1464, 1138, 1465, -1,
      1465, 1138, 1311, -1,
      1465, 1311, 1466, -1,
      1466, 1311, 1309, -1,
      1466, 1309, 1467, -1,
      1467, 1309, 1307, -1,
      1467, 1307, 1468, -1,
      1468, 1307, 1305, -1,
      1468, 1305, 1125, -1,
      1125, 1305, 1126, -1,
      1125, 1124, 1468, -1,
      1468, 1124, 1313, -1,
      1468, 1313, 1467, -1,
      1467, 1313, 1315, -1,
      1467, 1315, 1466, -1,
      1466, 1315, 1317, -1,
      1466, 1317, 1465, -1,
      1465, 1317, 1319, -1,
      1465, 1319, 1464, -1,
      1464, 1319, 1321, -1,
      1464, 1321, 1463, -1,
      1463, 1321, 1469, -1,
      1135, 1134, 1321, -1,
      1321, 1134, 1470, -1,
      1321, 1470, 1469, -1,
      1131, 1133, 1132, -1,
      1132, 1133, 1135, -1,
      1132, 1135, 1471, -1,
      1471, 1135, 1320, -1,
      1471, 1320, 1472, -1,
      1472, 1320, 1318, -1,
      1472, 1318, 1473, -1,
      1473, 1318, 1316, -1,
      1473, 1316, 1474, -1,
      1474, 1316, 1314, -1,
      1474, 1314, 1084, -1,
      1084, 1314, 1060, -1,
      1475, 1130, 1476, -1,
      1476, 1130, 1132, -1,
      1476, 1132, 1477, -1,
      1477, 1132, 1471, -1,
      1477, 1471, 1478, -1,
      1478, 1471, 1472, -1,
      1478, 1472, 1479, -1,
      1479, 1472, 1473, -1,
      1479, 1473, 1480, -1,
      1480, 1473, 1474, -1,
      1480, 1474, 1086, -1,
      1086, 1474, 1084, -1,
      1086, 1096, 1480, -1,
      1480, 1096, 1322, -1,
      1480, 1322, 1479, -1,
      1479, 1322, 1324, -1,
      1479, 1324, 1478, -1,
      1478, 1324, 1326, -1,
      1478, 1326, 1477, -1,
      1477, 1326, 1328, -1,
      1477, 1328, 1476, -1,
      1476, 1328, 1330, -1,
      1476, 1330, 1475, -1,
      1475, 1330, 1481, -1,
      1129, 1128, 1330, -1,
      1330, 1128, 1482, -1,
      1330, 1482, 1481, -1,
      1483, 1127, 1484, -1,
      1484, 1127, 1129, -1,
      1484, 1129, 1485, -1,
      1485, 1129, 1329, -1,
      1485, 1329, 1486, -1,
      1486, 1329, 1327, -1,
      1486, 1327, 1487, -1,
      1487, 1327, 1325, -1,
      1487, 1325, 1488, -1,
      1488, 1325, 1323, -1,
      1488, 1323, 1100, -1,
      1100, 1323, 1098, -1,
      1489, 1490, 1491, -1,
      1492, 1493, 1494, -1,
      1483, 1495, 1496, -1,
      1497, 1332, 1331, -1,
      1498, 1499, 1500, -1,
      1500, 1499, 1501, -1,
      1502, 1503, 1498, -1,
      1498, 1503, 1504, -1,
      1505, 1506, 1507, -1,
      1507, 1506, 1508, -1,
      1505, 1509, 1506, -1,
      1506, 1509, 1510, -1,
      1506, 1510, 1511, -1,
      1511, 1512, 1506, -1,
      1506, 1512, 1513, -1,
      1506, 1513, 1514, -1,
      1500, 1515, 1498, -1,
      1498, 1515, 1516, -1,
      1498, 1516, 1517, -1,
      1517, 1518, 1498, -1,
      1498, 1518, 1519, -1,
      1498, 1519, 1520, -1,
      1521, 1522, 1502, -1,
      1502, 1522, 1523, -1,
      1502, 1523, 1524, -1,
      1524, 1525, 1502, -1,
      1502, 1525, 1526, -1,
      1502, 1526, 1527, -1,
      1520, 1528, 1498, -1,
      1498, 1528, 1529, -1,
      1498, 1529, 1502, -1,
      1502, 1529, 1530, -1,
      1502, 1530, 1521, -1,
      1142, 1531, 1143, -1,
      1143, 1531, 1532, -1,
      1143, 1532, 1443, -1,
      1443, 1532, 1145, -1,
      1145, 1532, 1533, -1,
      1145, 1533, 1534, -1,
      1535, 1536, 1537, -1,
      1537, 1536, 1534, -1,
      1537, 1534, 1538, -1,
      1538, 1534, 1533, -1,
      1538, 1533, 1539, -1,
      1539, 1533, 1540, -1,
      1541, 1503, 1542, -1,
      1542, 1503, 1543, -1,
      1542, 1543, 1544, -1,
      1545, 1546, 1547, -1,
      1547, 1546, 1548, -1,
      1547, 1548, 1549, -1,
      1548, 1550, 1549, -1,
      1549, 1550, 1551, -1,
      1549, 1551, 1543, -1,
      1552, 1553, 1554, -1,
      1554, 1555, 1552, -1,
      1552, 1555, 1556, -1,
      1552, 1556, 1551, -1,
      1551, 1556, 1557, -1,
      1551, 1557, 1543, -1,
      1543, 1557, 1558, -1,
      1543, 1558, 1544, -1,
      1559, 1560, 1145, -1,
      1514, 1504, 1506, -1,
      1506, 1504, 1503, -1,
      1506, 1503, 1561, -1,
      1561, 1503, 1541, -1,
      1561, 1541, 1534, -1,
      1534, 1541, 1562, -1,
      1534, 1562, 1145, -1,
      1145, 1562, 1563, -1,
      1145, 1563, 1559, -1,
      1560, 1564, 1145, -1,
      1145, 1564, 1565, -1,
      1145, 1565, 1566, -1,
      1567, 1568, 1569, -1,
      1567, 1569, 1570, -1,
      1571, 1572, 1568, -1,
      1573, 1567, 1574, -1,
      1574, 1567, 1575, -1,
      1573, 1576, 1567, -1,
      1567, 1576, 1577, -1,
      1567, 1577, 1568, -1,
      1568, 1577, 1578, -1,
      1568, 1578, 1571, -1,
      1572, 1579, 1568, -1,
      1568, 1579, 1580, -1,
      1568, 1580, 1581, -1,
      1581, 1582, 1568, -1,
      1568, 1582, 1583, -1,
      1568, 1583, 1501, -1,
      1584, 1585, 1499, -1,
      1586, 1587, 1588, -1,
      1588, 1587, 1589, -1,
      1589, 1590, 1588, -1,
      1588, 1590, 1591, -1,
      1588, 1591, 1592, -1,
      1592, 1593, 1588, -1,
      1588, 1593, 1594, -1,
      1588, 1594, 1595, -1,
      1596, 1597, 1598, -1,
      1594, 1599, 1596, -1,
      1596, 1598, 1594, -1,
      1594, 1598, 1600, -1,
      1594, 1600, 1595, -1,
      1588, 1601, 1586, -1,
      1586, 1601, 1602, -1,
      1586, 1602, 1603, -1,
      1603, 1604, 1586, -1,
      1586, 1604, 1605, -1,
      1586, 1605, 1606, -1,
      1606, 1607, 1586, -1,
      1586, 1607, 1608, -1,
      1586, 1608, 1609, -1,
      1609, 1610, 1586, -1,
      1586, 1610, 1611, -1,
      1586, 1611, 1612, -1,
      1613, 1586, 1614, -1,
      1614, 1586, 1612, -1,
      1614, 1612, 1615, -1,
      1613, 1616, 1586, -1,
      1586, 1616, 1617, -1,
      1586, 1617, 1618, -1,
      1618, 1617, 1619, -1,
      1618, 1619, 1499, -1,
      1499, 1619, 1620, -1,
      1499, 1620, 1584, -1,
      1585, 1621, 1499, -1,
      1499, 1621, 1622, -1,
      1499, 1622, 1623, -1,
      1623, 1624, 1499, -1,
      1499, 1624, 1625, -1,
      1499, 1625, 1501, -1,
      1501, 1625, 1626, -1,
      1501, 1626, 1627, -1,
      1627, 1628, 1501, -1,
      1501, 1628, 1629, -1,
      1501, 1629, 1630, -1,
      1630, 1631, 1501, -1,
      1501, 1631, 1632, -1,
      1501, 1632, 1633, -1,
      1633, 1634, 1501, -1,
      1501, 1634, 1635, -1,
      1501, 1635, 1636, -1,
      1637, 1638, 1568, -1,
      1636, 1639, 1501, -1,
      1501, 1639, 1640, -1,
      1501, 1640, 1568, -1,
      1568, 1640, 1641, -1,
      1568, 1641, 1637, -1,
      1638, 1642, 1568, -1,
      1568, 1642, 1643, -1,
      1568, 1643, 1644, -1,
      1645, 1646, 1647, -1,
      1647, 1646, 1648, -1,
      1649, 1650, 1651, -1,
      1650, 1652, 1651, -1,
      1651, 1652, 1653, -1,
      1651, 1653, 1654, -1,
      1654, 1655, 1651, -1,
      1651, 1655, 1656, -1,
      1651, 1656, 1657, -1,
      1658, 1659, 1660, -1,
      1660, 1659, 1661, -1,
      1661, 1659, 1662, -1,
      1661, 1662, 1663, -1,
      1664, 1648, 1665, -1,
      1665, 1648, 1646, -1,
      1665, 1646, 1660, -1,
      1660, 1646, 1666, -1,
      1660, 1666, 1658, -1,
      1658, 1666, 1667, -1,
      1658, 1667, 1651, -1,
      1651, 1667, 1668, -1,
      1651, 1668, 1649, -1,
      1669, 1670, 1671, -1,
      1670, 1672, 1671, -1,
      1671, 1672, 1673, -1,
      1671, 1673, 1674, -1,
      1674, 1675, 1671, -1,
      1671, 1675, 1676, -1,
      1671, 1676, 1677, -1,
      1677, 1678, 1671, -1,
      1671, 1678, 1679, -1,
      1671, 1679, 1680, -1,
      1680, 1681, 1671, -1,
      1671, 1681, 1682, -1,
      1671, 1682, 1683, -1,
      1683, 1684, 1671, -1,
      1671, 1684, 1685, -1,
      1671, 1685, 1645, -1,
      1569, 1686, 1570, -1,
      1570, 1686, 1687, -1,
      1570, 1687, 1688, -1,
      1689, 1690, 1691, -1,
      1691, 1690, 1692, -1,
      1692, 1693, 1691, -1,
      1691, 1693, 1694, -1,
      1691, 1694, 1695, -1,
      1695, 1696, 1691, -1,
      1691, 1696, 1697, -1,
      1691, 1697, 1698, -1,
      1698, 1697, 1699, -1,
      1699, 1700, 1698, -1,
      1698, 1700, 1701, -1,
      1698, 1701, 1702, -1,
      1702, 1703, 1698, -1,
      1698, 1703, 1704, -1,
      1698, 1704, 1665, -1,
      1665, 1704, 1705, -1,
      1665, 1705, 1706, -1,
      1706, 1707, 1665, -1,
      1665, 1707, 1708, -1,
      1665, 1708, 1664, -1,
      1664, 1708, 1553, -1,
      1664, 1553, 1709, -1,
      1709, 1553, 1552, -1,
      1709, 1552, 1567, -1,
      1567, 1552, 1710, -1,
      1567, 1710, 1575, -1,
      1566, 1689, 1145, -1,
      1145, 1689, 1691, -1,
      1145, 1691, 1146, -1,
      1146, 1691, 1711, -1,
      1146, 1711, 1442, -1,
      1442, 1711, 1712, -1,
      1442, 1712, 1651, -1,
      1657, 1713, 1651, -1,
      1651, 1713, 1714, -1,
      1651, 1714, 1442, -1,
      1442, 1714, 1715, -1,
      1716, 1717, 1718, -1,
      1719, 1720, 1721, -1,
      1721, 1720, 1722, -1,
      1721, 1722, 1723, -1,
      1723, 1724, 1721, -1,
      1721, 1724, 1725, -1,
      1721, 1725, 1726, -1,
      1726, 1727, 1721, -1,
      1721, 1727, 1728, -1,
      1721, 1728, 1729, -1,
      1729, 1728, 1730, -1,
      1729, 1730, 1731, -1,
      1731, 1730, 1732, -1,
      1733, 1734, 1732, -1,
      1732, 1734, 1735, -1,
      1735, 1736, 1732, -1,
      1732, 1736, 1737, -1,
      1732, 1737, 1731, -1,
      1738, 1739, 1733, -1,
      1733, 1739, 1740, -1,
      1733, 1740, 1741, -1,
      1741, 1742, 1733, -1,
      1733, 1742, 1743, -1,
      1733, 1743, 1744, -1,
      1744, 1745, 1733, -1,
      1733, 1745, 1746, -1,
      1733, 1746, 1747, -1,
      1747, 1748, 1733, -1,
      1733, 1748, 1749, -1,
      1733, 1749, 1750, -1,
      1750, 1751, 1733, -1,
      1733, 1751, 1752, -1,
      1733, 1752, 1734, -1,
      1753, 1754, 1755, -1,
      1719, 1721, 1717, -1,
      1717, 1721, 1756, -1,
      1717, 1756, 1718, -1,
      1757, 1758, 1759, -1,
      1760, 1761, 1762, -1,
      1763, 1764, 1765, -1,
      1765, 1764, 1766, -1,
      1765, 1766, 1767, -1,
      1644, 1767, 1568, -1,
      1568, 1767, 1766, -1,
      1568, 1766, 1768, -1,
      1768, 1766, 1769, -1,
      1768, 1769, 1770, -1,
      1771, 1772, 1770, -1,
      1773, 1774, 1775, -1,
      1775, 1776, 1773, -1,
      1773, 1776, 1777, -1,
      1773, 1777, 1778, -1,
      1778, 1779, 1773, -1,
      1773, 1779, 1780, -1,
      1773, 1780, 1781, -1,
      1782, 1759, 1783, -1,
      1783, 1759, 1773, -1,
      1783, 1773, 1784, -1,
      1784, 1773, 1781, -1,
      1782, 1785, 1759, -1,
      1759, 1785, 1786, -1,
      1759, 1786, 1787, -1,
      1718, 1757, 1716, -1,
      1716, 1757, 1759, -1,
      1716, 1759, 1788, -1,
      1788, 1759, 1787, -1,
      1771, 1770, 1773, -1,
      1769, 1789, 1790, -1,
      1790, 1791, 1769, -1,
      1769, 1791, 1792, -1,
      1769, 1792, 1793, -1,
      1794, 1795, 1770, -1,
      1793, 1796, 1769, -1,
      1769, 1796, 1797, -1,
      1769, 1797, 1770, -1,
      1770, 1797, 1798, -1,
      1770, 1798, 1794, -1,
      1795, 1799, 1770, -1,
      1770, 1799, 1800, -1,
      1770, 1800, 1773, -1,
      1773, 1800, 1801, -1,
      1773, 1801, 1774, -1,
      1802, 1803, 1508, -1,
      1803, 1804, 1508, -1,
      1508, 1804, 1805, -1,
      1508, 1805, 1806, -1,
      1806, 1807, 1508, -1,
      1508, 1807, 1808, -1,
      1508, 1808, 1809, -1,
      1809, 1810, 1508, -1,
      1508, 1810, 1811, -1,
      1508, 1811, 1812, -1,
      1813, 1814, 1815, -1,
      1815, 1814, 1816, -1,
      1816, 1817, 1815, -1,
      1815, 1817, 1818, -1,
      1815, 1818, 1762, -1,
      1762, 1818, 1819, -1,
      1812, 1813, 1508, -1,
      1508, 1813, 1815, -1,
      1508, 1815, 1820, -1,
      1755, 1756, 1753, -1,
      1753, 1756, 1721, -1,
      1753, 1721, 1821, -1,
      1821, 1721, 1822, -1,
      1823, 1764, 1824, -1,
      1825, 1826, 1827, -1,
      1827, 1828, 1825, -1,
      1825, 1828, 1829, -1,
      1825, 1829, 1830, -1,
      1830, 1831, 1825, -1,
      1825, 1831, 1832, -1,
      1825, 1832, 1833, -1,
      1833, 1834, 1825, -1,
      1825, 1834, 1835, -1,
      1825, 1835, 1836, -1,
      1836, 1835, 1837, -1,
      1824, 1838, 1823, -1,
      1823, 1838, 1839, -1,
      1823, 1839, 1835, -1,
      1835, 1839, 1840, -1,
      1835, 1840, 1837, -1,
      1841, 1842, 1815, -1,
      1815, 1842, 1843, -1,
      1815, 1843, 1844, -1,
      1844, 1845, 1815, -1,
      1815, 1845, 1846, -1,
      1815, 1846, 1847, -1,
      1847, 1848, 1815, -1,
      1815, 1848, 1849, -1,
      1815, 1849, 1826, -1,
      1826, 1825, 1815, -1,
      1815, 1825, 1850, -1,
      1815, 1850, 1820, -1,
      1822, 1841, 1821, -1,
      1821, 1841, 1815, -1,
      1821, 1815, 1772, -1,
      1772, 1815, 1851, -1,
      1772, 1851, 1770, -1,
      1852, 1453, 1454, -1,
      1853, 1142, 1854, -1,
      1854, 1142, 1855, -1,
      1853, 1856, 1142, -1,
      1142, 1856, 1857, -1,
      1142, 1857, 1858, -1,
      1819, 1859, 1762, -1,
      1762, 1859, 1860, -1,
      1762, 1860, 1760, -1,
      1860, 1861, 1760, -1,
      1760, 1861, 1862, -1,
      1760, 1862, 1863, -1,
      1863, 1864, 1760, -1,
      1760, 1864, 1865, -1,
      1760, 1865, 1866, -1,
      1866, 1867, 1760, -1,
      1760, 1867, 1868, -1,
      1760, 1868, 1869, -1,
      1869, 1870, 1760, -1,
      1760, 1870, 1871, -1,
      1760, 1871, 1872, -1,
      1872, 1873, 1760, -1,
      1760, 1873, 1874, -1,
      1760, 1874, 1875, -1,
      1875, 1876, 1760, -1,
      1760, 1876, 1877, -1,
      1760, 1877, 1878, -1,
      1878, 1879, 1760, -1,
      1760, 1879, 1855, -1,
      1760, 1855, 1852, -1,
      1852, 1855, 1142, -1,
      1852, 1142, 1453, -1,
      1880, 1881, 1882, -1,
      1882, 1883, 1880, -1,
      1880, 1883, 1884, -1,
      1880, 1884, 1885, -1,
      1886, 1887, 1884, -1,
      1884, 1887, 1888, -1,
      1884, 1888, 1885, -1,
      1880, 1889, 1881, -1,
      1881, 1889, 1890, -1,
      1881, 1890, 1891, -1,
      1891, 1892, 1881, -1,
      1881, 1892, 1893, -1,
      1881, 1893, 1894, -1,
      1894, 1895, 1881, -1,
      1881, 1895, 1896, -1,
      1881, 1896, 1897, -1,
      1897, 1898, 1881, -1,
      1881, 1898, 1899, -1,
      1881, 1899, 1900, -1,
      1900, 1901, 1881, -1,
      1881, 1901, 1902, -1,
      1881, 1902, 1903, -1,
      1903, 1904, 1881, -1,
      1881, 1904, 1905, -1,
      1881, 1905, 1906, -1,
      1906, 1907, 1881, -1,
      1881, 1907, 1908, -1,
      1881, 1908, 1909, -1,
      1910, 1911, 1912, -1,
      1912, 1913, 1910, -1,
      1910, 1913, 1914, -1,
      1910, 1914, 1915, -1,
      1909, 1911, 1881, -1,
      1881, 1911, 1910, -1,
      1881, 1910, 1916, -1,
      1916, 1910, 1915, -1,
      1917, 1918, 1919, -1,
      1919, 1918, 1858, -1,
      1506, 1531, 1508, -1,
      1508, 1531, 1142, -1,
      1508, 1142, 1802, -1,
      1802, 1142, 1858, -1,
      1802, 1858, 1884, -1,
      1884, 1858, 1918, -1,
      1884, 1918, 1886, -1,
      1886, 1918, 1917, -1,
      1920, 1921, 1763, -1,
      1763, 1921, 1922, -1,
      1763, 1922, 1764, -1,
      1764, 1922, 1923, -1,
      1764, 1923, 1924, -1,
      1924, 1925, 1764, -1,
      1764, 1925, 1926, -1,
      1764, 1926, 1824, -1,
      1927, 1928, 1929, -1,
      1930, 1931, 1932, -1,
      1932, 1931, 1933, -1,
      1932, 1933, 1934, -1,
      1934, 1935, 1932, -1,
      1932, 1935, 1936, -1,
      1932, 1936, 1937, -1,
      1937, 1938, 1932, -1,
      1932, 1938, 1939, -1,
      1932, 1939, 1940, -1,
      1940, 1941, 1932, -1,
      1932, 1941, 1942, -1,
      1932, 1942, 1943, -1,
      1944, 1945, 1946, -1,
      1946, 1947, 1944, -1,
      1944, 1947, 1948, -1,
      1944, 1948, 1949, -1,
      1950, 1945, 1951, -1,
      1951, 1945, 1944, -1,
      1951, 1944, 1952, -1,
      1952, 1944, 1949, -1,
      1952, 1949, 1953, -1,
      1950, 1954, 1945, -1,
      1945, 1954, 1955, -1,
      1945, 1955, 1956, -1,
      1956, 1957, 1945, -1,
      1945, 1957, 1958, -1,
      1945, 1958, 1959, -1,
      1943, 1960, 1932, -1,
      1932, 1960, 1945, -1,
      1932, 1945, 1961, -1,
      1961, 1945, 1959, -1,
      1930, 1932, 1929, -1,
      1929, 1932, 1962, -1,
      1929, 1962, 1927, -1,
      1920, 1963, 1921, -1,
      1921, 1963, 1929, -1,
      1921, 1929, 1964, -1,
      1964, 1929, 1928, -1,
      1965, 1645, 1966, -1,
      1966, 1645, 1647, -1,
      1966, 1647, 1494, -1,
      1494, 1647, 1967, -1,
      1494, 1967, 1492, -1,
      1687, 1671, 1688, -1,
      1688, 1671, 1645, -1,
      1688, 1645, 1968, -1,
      1968, 1645, 1965, -1,
      1968, 1965, 1491, -1,
      1491, 1965, 1969, -1,
      1491, 1969, 1489, -1,
      1970, 1971, 1136, -1,
      1972, 1973, 1974, -1,
      1972, 1974, 1136, -1,
      1136, 1974, 1975, -1,
      1136, 1975, 1970, -1,
      1976, 1977, 1978, -1,
      1978, 1977, 1979, -1,
      1978, 1979, 1980, -1,
      1980, 1979, 1981, -1,
      1980, 1981, 1982, -1,
      1983, 1980, 1984, -1,
      1984, 1980, 1982, -1,
      1984, 1982, 1985, -1,
      1983, 1986, 1980, -1,
      1980, 1986, 1987, -1,
      1980, 1987, 1988, -1,
      1988, 1989, 1980, -1,
      1980, 1989, 1990, -1,
      1980, 1990, 1991, -1,
      1991, 1992, 1980, -1,
      1980, 1992, 1993, -1,
      1980, 1993, 1994, -1,
      1995, 1996, 1470, -1,
      1470, 1996, 1997, -1,
      1997, 1998, 1470, -1,
      1470, 1998, 1999, -1,
      1470, 1999, 2000, -1,
      2000, 2001, 1470, -1,
      1470, 2001, 2002, -1,
      1470, 2002, 2003, -1,
      2003, 2004, 1470, -1,
      1470, 2004, 2005, -1,
      1470, 2005, 2006, -1,
      2006, 2007, 1470, -1,
      1470, 2007, 2008, -1,
      1470, 2008, 1469, -1,
      1469, 2008, 2009, -1,
      1469, 2009, 1463, -1,
      1463, 2009, 2010, -1,
      1463, 2010, 1136, -1,
      1136, 2010, 2011, -1,
      1136, 2011, 1972, -1,
      2012, 2013, 2014, -1,
      2015, 2016, 2017, -1,
      2017, 2016, 2012, -1,
      2017, 2012, 2018, -1,
      2018, 2012, 2014, -1,
      2015, 2019, 2016, -1,
      2016, 2019, 2020, -1,
      2016, 2020, 2021, -1,
      2021, 2022, 2016, -1,
      2016, 2022, 2023, -1,
      2016, 2023, 2024, -1,
      2024, 2025, 2016, -1,
      2016, 2025, 2026, -1,
      2016, 2026, 2027, -1,
      2027, 2028, 2016, -1,
      2016, 2028, 2029, -1,
      2016, 2029, 2030, -1,
      2031, 1976, 2032, -1,
      2032, 1976, 2030, -1,
      2032, 2030, 2033, -1,
      2033, 2030, 2029, -1,
      2031, 2034, 1976, -1,
      1976, 2034, 2035, -1,
      1976, 2035, 2036, -1,
      2036, 2037, 1976, -1,
      1976, 2037, 2038, -1,
      1976, 2038, 1977, -1,
      2039, 2040, 2041, -1,
      2041, 2042, 2039, -1,
      2039, 2042, 2043, -1,
      2039, 2043, 2044, -1,
      2044, 2045, 2039, -1,
      2039, 2045, 2046, -1,
      2039, 2046, 2047, -1,
      2048, 2049, 2050, -1,
      2050, 2049, 2051, -1,
      2052, 2053, 2054, -1,
      2051, 2055, 2050, -1,
      2050, 2055, 2056, -1,
      2050, 2056, 2057, -1,
      2057, 2056, 2058, -1,
      2057, 2058, 2054, -1,
      2054, 2058, 2059, -1,
      2054, 2059, 2052, -1,
      2053, 2060, 2054, -1,
      2054, 2060, 2061, -1,
      2054, 2061, 2039, -1,
      2039, 2061, 2062, -1,
      2039, 2062, 2040, -1,
      2063, 2064, 2065, -1,
      2065, 2064, 2066, -1,
      2063, 2067, 2064, -1,
      2064, 2067, 2068, -1,
      2064, 2068, 2069, -1,
      2068, 2070, 2069, -1,
      2069, 2070, 2071, -1,
      2069, 2071, 2016, -1,
      2016, 2071, 2072, -1,
      2016, 2072, 2073, -1,
      2073, 2074, 2016, -1,
      2016, 2074, 2075, -1,
      2016, 2075, 2076, -1,
      2076, 2077, 2016, -1,
      2016, 2077, 2078, -1,
      2016, 2078, 2079, -1,
      2079, 2080, 2016, -1,
      2016, 2080, 2081, -1,
      2016, 2081, 2012, -1,
      2012, 2081, 2082, -1,
      2082, 2083, 2012, -1,
      2012, 2083, 2084, -1,
      2012, 2084, 2085, -1,
      2085, 2086, 2012, -1,
      2012, 2086, 2087, -1,
      2012, 2087, 2088, -1,
      2089, 2090, 2091, -1,
      2089, 2091, 2092, -1,
      2088, 2093, 2012, -1,
      2012, 2093, 2094, -1,
      2012, 2094, 2091, -1,
      2091, 2094, 2095, -1,
      2091, 2095, 2092, -1,
      2090, 2096, 2091, -1,
      2091, 2096, 2097, -1,
      2091, 2097, 2050, -1,
      2050, 2097, 2098, -1,
      2098, 2099, 2050, -1,
      2050, 2099, 2100, -1,
      2050, 2100, 2101, -1,
      2101, 2102, 2050, -1,
      2050, 2102, 2103, -1,
      2050, 2103, 2104, -1,
      2104, 2105, 2050, -1,
      2050, 2105, 2106, -1,
      2050, 2106, 2107, -1,
      2107, 2108, 2050, -1,
      2050, 2108, 2109, -1,
      2050, 2109, 2110, -1,
      2111, 2112, 2113, -1,
      2113, 2112, 2114, -1,
      2113, 2114, 2115, -1,
      2115, 2114, 2116, -1,
      2116, 2117, 2115, -1,
      2115, 2117, 2118, -1,
      2115, 2118, 2119, -1,
      2120, 2047, 2121, -1,
      2121, 2047, 2046, -1,
      2121, 2046, 2113, -1,
      2113, 2046, 2122, -1,
      2113, 2122, 2111, -1,
      2123, 2124, 2125, -1,
      2123, 2125, 2126, -1,
      2127, 2128, 2129, -1,
      2129, 2128, 2130, -1,
      2129, 2130, 2131, -1,
      2131, 2130, 2132, -1,
      2131, 2132, 2124, -1,
      2124, 2132, 2133, -1,
      2124, 2133, 2125, -1,
      2127, 2129, 2134, -1,
      2134, 2129, 2135, -1,
      2134, 2135, 2136, -1,
      2136, 2135, 2137, -1,
      2136, 2137, 2138, -1,
      2138, 2137, 2139, -1,
      2138, 2139, 2140, -1,
      2119, 2141, 2115, -1,
      2115, 2141, 2142, -1,
      2115, 2142, 2143, -1,
      2143, 2142, 2138, -1,
      2143, 2138, 2144, -1,
      2144, 2138, 2140, -1,
      2145, 2146, 2147, -1,
      2147, 2146, 2148, -1,
      2147, 2148, 2149, -1,
      2150, 2151, 2152, -1,
      2152, 2153, 2150, -1,
      2150, 2153, 2154, -1,
      2150, 2154, 2147, -1,
      2147, 2154, 2155, -1,
      2147, 2155, 2145, -1,
      2151, 2150, 2156, -1,
      2156, 2150, 2157, -1,
      2156, 2157, 2158, -1,
      2159, 2160, 2125, -1,
      2125, 2160, 2161, -1,
      2125, 2161, 2126, -1,
      2159, 2162, 2160, -1,
      2160, 2162, 2163, -1,
      2160, 2163, 2164, -1,
      2164, 2165, 2160, -1,
      2160, 2165, 2166, -1,
      2160, 2166, 2167, -1,
      2167, 2168, 2160, -1,
      2160, 2168, 2169, -1,
      2160, 2169, 2170, -1,
      2170, 2171, 2160, -1,
      2160, 2171, 2172, -1,
      2160, 2172, 2157, -1,
      2157, 2172, 2173, -1,
      2157, 2173, 2158, -1,
      2174, 2175, 2176, -1,
      2176, 2175, 2110, -1,
      2177, 2178, 2179, -1,
      2177, 2179, 2180, -1,
      2180, 2179, 2181, -1,
      2180, 2181, 2182, -1,
      2183, 2181, 2184, -1,
      2184, 2181, 2179, -1,
      2184, 2179, 2185, -1,
      2185, 2179, 2178, -1,
      2186, 2174, 2181, -1,
      2181, 2174, 2187, -1,
      2181, 2187, 2182, -1,
      2186, 2188, 2174, -1,
      2174, 2188, 2189, -1,
      2174, 2189, 2190, -1,
      2190, 2191, 2174, -1,
      2174, 2191, 2192, -1,
      2174, 2192, 2175, -1,
      2175, 2193, 2110, -1,
      2110, 2193, 2194, -1,
      2110, 2194, 2050, -1,
      2050, 2194, 2195, -1,
      2050, 2195, 2048, -1,
      2196, 2197, 1454, -1,
      1454, 2197, 2198, -1,
      1454, 2198, 2199, -1,
      2199, 2200, 1454, -1,
      1454, 2200, 2201, -1,
      1454, 2201, 2202, -1,
      2203, 2204, 1770, -1,
      1851, 1852, 1770, -1,
      1770, 1852, 1454, -1,
      1770, 1454, 2203, -1,
      2203, 1454, 2202, -1,
      2204, 2205, 1770, -1,
      1770, 2205, 2206, -1,
      1770, 2206, 2207, -1,
      2207, 2208, 1770, -1,
      1770, 2208, 2209, -1,
      1770, 2209, 2210, -1,
      2210, 2211, 1770, -1,
      1770, 2211, 2212, -1,
      1770, 2212, 2213, -1,
      2213, 2212, 2214, -1,
      2213, 2214, 2064, -1,
      2064, 2214, 2215, -1,
      2064, 2215, 2066, -1,
      1971, 2216, 1136, -1,
      1136, 2216, 2217, -1,
      1136, 2217, 1137, -1,
      1137, 2217, 2218, -1,
      1137, 2218, 1462, -1,
      1462, 2218, 2219, -1,
      1462, 2219, 1461, -1,
      1461, 2219, 2220, -1,
      1461, 2220, 1455, -1,
      1455, 2220, 1139, -1,
      1139, 2220, 2221, -1,
      1139, 2221, 2222, -1,
      2222, 2223, 1139, -1,
      1139, 2223, 2224, -1,
      1139, 2224, 2225, -1,
      2225, 2226, 1139, -1,
      1139, 2226, 2227, -1,
      1139, 2227, 2228, -1,
      2229, 2230, 2231, -1,
      2228, 2229, 1139, -1,
      1139, 2229, 2231, -1,
      1139, 2231, 1140, -1,
      1140, 2231, 2232, -1,
      1140, 2232, 1454, -1,
      1454, 2232, 2233, -1,
      1454, 2233, 2196, -1,
      2234, 1482, 2235, -1,
      2235, 1482, 1128, -1,
      2235, 1128, 1496, -1,
      1496, 1128, 1127, -1,
      1496, 1127, 1483, -1,
      1994, 1995, 1980, -1,
      1980, 1995, 1470, -1,
      1980, 1470, 2236, -1,
      2236, 1470, 1134, -1,
      2236, 1134, 2237, -1,
      2237, 1134, 1133, -1,
      2237, 1133, 2238, -1,
      2238, 1133, 1131, -1,
      2238, 1131, 2239, -1,
      2239, 1131, 1130, -1,
      2239, 1130, 2240, -1,
      2240, 1130, 1475, -1,
      2240, 1475, 2234, -1,
      2234, 1475, 1481, -1,
      2234, 1481, 1482, -1,
      2241, 2242, 2243, -1,
      2243, 2242, 2244, -1,
      2244, 2242, 2245, -1,
      2244, 2245, 2246, -1,
      2247, 2241, 2248, -1,
      2248, 2241, 2243, -1,
      2248, 2243, 2249, -1,
      2249, 2243, 2250, -1,
      2249, 2250, 1671, -1,
      1671, 2250, 1442, -1,
      1671, 1442, 1669, -1,
      1669, 1442, 1715, -1,
      2250, 2251, 1442, -1,
      1442, 2251, 2252, -1,
      1442, 2252, 1441, -1,
      1441, 2252, 2253, -1,
      2254, 1148, 2253, -1,
      2253, 1148, 1435, -1,
      2253, 1435, 1441, -1,
      2255, 1427, 2256, -1,
      2256, 1427, 1433, -1,
      2256, 1433, 2257, -1,
      2257, 1433, 1434, -1,
      2257, 1434, 2258, -1,
      2258, 1434, 1149, -1,
      2258, 1149, 2248, -1,
      2248, 1149, 1148, -1,
      2248, 1148, 2247, -1,
      2247, 1148, 2254, -1,
      2259, 1155, 2260, -1,
      2260, 1155, 1154, -1,
      2260, 1154, 2261, -1,
      2261, 1154, 1425, -1,
      2261, 1425, 2262, -1,
      2262, 1425, 1426, -1,
      2262, 1426, 2263, -1,
      2263, 1426, 1152, -1,
      2263, 1152, 2255, -1,
      2255, 1152, 1151, -1,
      2255, 1151, 1427, -1,
      2264, 1407, 2265, -1,
      2265, 1407, 1413, -1,
      2265, 1413, 2266, -1,
      2266, 1413, 1414, -1,
      2266, 1414, 2267, -1,
      2267, 1414, 1158, -1,
      2267, 1158, 2268, -1,
      2268, 1158, 1157, -1,
      2268, 1157, 2259, -1,
      2259, 1157, 1415, -1,
      2259, 1415, 1155, -1,
      2269, 1406, 2270, -1,
      2270, 1406, 1161, -1,
      2270, 1161, 2264, -1,
      2264, 1161, 1160, -1,
      2264, 1160, 1407, -1,
      2271, 1381, 2272, -1,
      2272, 1381, 1170, -1,
      2272, 1170, 2273, -1,
      2273, 1170, 1169, -1,
      2273, 1169, 2274, -1,
      2274, 1169, 1167, -1,
      2274, 1167, 2275, -1,
      2275, 1167, 1166, -1,
      2275, 1166, 2276, -1,
      2276, 1166, 1164, -1,
      2276, 1164, 2277, -1,
      2277, 1164, 1163, -1,
      2277, 1163, 2278, -1,
      2278, 1163, 1399, -1,
      2278, 1399, 2269, -1,
      2269, 1399, 1405, -1,
      2269, 1405, 1406, -1,
      2279, 1373, 2280, -1,
      2280, 1373, 1379, -1,
      2280, 1379, 2281, -1,
      2281, 1379, 1380, -1,
      2281, 1380, 2282, -1,
      2282, 1380, 1173, -1,
      2282, 1173, 2271, -1,
      2271, 1173, 1172, -1,
      2271, 1172, 1381, -1,
      2283, 1372, 2284, -1,
      2284, 1372, 1176, -1,
      2284, 1176, 2279, -1,
      2279, 1176, 1175, -1,
      2279, 1175, 1373, -1,
      2285, 1353, 2286, -1,
      2286, 1353, 1359, -1,
      2286, 1359, 2287, -1,
      2287, 1359, 1360, -1,
      2287, 1360, 2288, -1,
      2288, 1360, 1182, -1,
      2288, 1182, 2289, -1,
      2289, 1182, 1181, -1,
      2289, 1181, 2290, -1,
      2290, 1181, 1179, -1,
      2290, 1179, 2291, -1,
      2291, 1179, 1178, -1,
      2291, 1178, 2292, -1,
      2292, 1178, 1365, -1,
      2292, 1365, 2283, -1,
      2283, 1365, 1371, -1,
      2283, 1371, 1372, -1,
      2293, 1187, 1345, -1,
      2293, 1345, 2294, -1,
      2294, 1345, 1351, -1,
      2294, 1351, 2295, -1,
      2295, 1351, 1352, -1,
      2295, 1352, 2296, -1,
      2296, 1352, 1185, -1,
      2296, 1185, 2285, -1,
      2285, 1185, 1184, -1,
      2285, 1184, 1353, -1,
      1187, 2293, 1188, -1,
      1188, 2293, 2297, -1,
      1188, 2297, 1344, -1,
      1344, 2297, 2298, -1,
      1344, 2298, 1343, -1,
      1343, 2298, 2299, -1,
      1343, 2299, 1190, -1,
      1190, 2299, 2300, -1,
      1190, 2300, 1191, -1,
      1191, 2300, 2301, -1,
      1191, 2301, 1333, -1,
      1333, 2301, 1193, -1,
      1193, 2301, 2302, -1,
      1193, 2302, 1194, -1,
      1194, 2302, 2303, -1,
      1194, 2303, 1331, -1,
      1331, 2303, 2304, -1,
      1331, 2304, 1497, -1,
      2305, 2306, 2307, -1,
      2306, 0, 2, -1,
      2305, 2308, 1038, -1,
      1038, 2308, 1027, -1,
      524, 523, 2309, -1,
      2309, 523, 1023, -1,
      2309, 1023, 2310, -1,
      2310, 1023, 1022, -1,
      2310, 1022, 2311, -1,
      2311, 1022, 1030, -1,
      2311, 1030, 2308, -1,
      2308, 1030, 1028, -1,
      2308, 1028, 1027, -1,
      524, 2309, 1015, -1,
      1015, 2309, 2312, -1,
      1015, 2312, 1016, -1,
      1016, 2312, 2313, -1,
      1016, 2313, 1017, -1,
      1017, 2313, 2314, -1,
      1017, 2314, 526, -1,
      526, 2314, 527, -1,
      527, 2314, 2315, -1,
      527, 2315, 1014, -1,
      1014, 2315, 1013, -1,
      1013, 2315, 2316, -1,
      1013, 2316, 529, -1,
      529, 2316, 530, -1,
      530, 2316, 2317, -1,
      530, 2317, 1007, -1,
      1007, 2317, 2318, -1,
      1007, 2318, 1008, -1,
      998, 997, 2319, -1,
      2319, 997, 996, -1,
      2319, 996, 2320, -1,
      2320, 996, 533, -1,
      2320, 533, 2321, -1,
      2321, 533, 532, -1,
      2321, 532, 2318, -1,
      2318, 532, 1009, -1,
      2318, 1009, 1008, -1,
      998, 2319, 999, -1,
      999, 2319, 2322, -1,
      999, 2322, 994, -1,
      994, 2322, 2323, -1,
      994, 2323, 995, -1,
      995, 2323, 2324, -1,
      995, 2324, 535, -1,
      535, 2324, 536, -1,
      536, 2324, 2325, -1,
      536, 2325, 993, -1,
      988, 987, 2326, -1,
      2326, 987, 986, -1,
      2326, 986, 2327, -1,
      2327, 986, 539, -1,
      2327, 539, 2328, -1,
      2328, 539, 538, -1,
      2328, 538, 2325, -1,
      2325, 538, 992, -1,
      2325, 992, 993, -1,
      988, 2326, 975, -1,
      975, 2326, 2329, -1,
      975, 2329, 976, -1,
      976, 2329, 2330, -1,
      976, 2330, 978, -1,
      978, 2330, 2331, -1,
      978, 2331, 541, -1,
      2332, 973, 2333, -1,
      2333, 973, 972, -1,
      2333, 972, 2334, -1,
      2334, 972, 974, -1,
      2334, 974, 2331, -1,
      2331, 974, 542, -1,
      2331, 542, 541, -1,
      548, 547, 2335, -1,
      2335, 547, 545, -1,
      2335, 545, 2332, -1,
      2332, 545, 544, -1,
      2332, 544, 973, -1,
      548, 2335, 550, -1,
      550, 2335, 2336, -1,
      550, 2336, 551, -1,
      551, 2336, 2337, -1,
      551, 2337, 964, -1,
      964, 2337, 2338, -1,
      964, 2338, 965, -1,
      554, 553, 2339, -1,
      2339, 553, 954, -1,
      2339, 954, 2340, -1,
      2340, 954, 952, -1,
      2340, 952, 2341, -1,
      2341, 952, 951, -1,
      2341, 951, 2338, -1,
      2338, 951, 966, -1,
      2338, 966, 965, -1,
      554, 2339, 950, -1,
      950, 2339, 2342, -1,
      950, 2342, 949, -1,
      949, 2342, 2343, -1,
      949, 2343, 556, -1,
      556, 2343, 2344, -1,
      556, 2344, 557, -1,
      557, 2344, 2345, -1,
      557, 2345, 948, -1,
      942, 941, 2346, -1,
      2346, 941, 940, -1,
      2346, 940, 2347, -1,
      2347, 940, 560, -1,
      2347, 560, 2348, -1,
      2348, 560, 559, -1,
      2348, 559, 2345, -1,
      2345, 559, 947, -1,
      2345, 947, 948, -1,
      942, 2346, 943, -1,
      943, 2346, 2349, -1,
      943, 2349, 938, -1,
      938, 2349, 2350, -1,
      938, 2350, 939, -1,
      939, 2350, 2351, -1,
      939, 2351, 562, -1,
      562, 2351, 563, -1,
      563, 2351, 2352, -1,
      563, 2352, 937, -1,
      937, 2352, 936, -1,
      936, 2352, 2353, -1,
      936, 2353, 565, -1,
      565, 2353, 566, -1,
      566, 2353, 2354, -1,
      566, 2354, 930, -1,
      930, 2354, 2355, -1,
      930, 2355, 931, -1,
      921, 920, 2356, -1,
      2356, 920, 919, -1,
      2356, 919, 2357, -1,
      2357, 919, 569, -1,
      2357, 569, 2358, -1,
      2358, 569, 568, -1,
      2358, 568, 2355, -1,
      2355, 568, 932, -1,
      2355, 932, 931, -1,
      921, 2356, 922, -1,
      922, 2356, 2359, -1,
      922, 2359, 917, -1,
      917, 2359, 2360, -1,
      917, 2360, 918, -1,
      918, 2360, 2361, -1,
      918, 2361, 571, -1,
      571, 2361, 572, -1,
      572, 2361, 2362, -1,
      572, 2362, 916, -1,
      909, 908, 2363, -1,
      2363, 908, 907, -1,
      2363, 907, 2364, -1,
      2364, 907, 575, -1,
      2364, 575, 2365, -1,
      2365, 575, 574, -1,
      2365, 574, 2362, -1,
      2362, 574, 915, -1,
      2362, 915, 916, -1,
      909, 2363, 896, -1,
      896, 2363, 2366, -1,
      896, 2366, 897, -1,
      897, 2366, 2367, -1,
      897, 2367, 899, -1,
      899, 2367, 2368, -1,
      899, 2368, 577, -1,
      2369, 894, 2370, -1,
      2370, 894, 893, -1,
      2370, 893, 2371, -1,
      2371, 893, 895, -1,
      2371, 895, 2368, -1,
      2368, 895, 578, -1,
      2368, 578, 577, -1,
      584, 583, 2372, -1,
      2372, 583, 581, -1,
      2372, 581, 2369, -1,
      2369, 581, 580, -1,
      2369, 580, 894, -1,
      584, 2372, 586, -1,
      586, 2372, 2373, -1,
      586, 2373, 587, -1,
      587, 2373, 2374, -1,
      587, 2374, 883, -1,
      883, 2374, 2375, -1,
      883, 2375, 884, -1,
      590, 589, 2376, -1,
      2376, 589, 877, -1,
      2376, 877, 2377, -1,
      2377, 877, 875, -1,
      2377, 875, 2378, -1,
      2378, 875, 874, -1,
      2378, 874, 2375, -1,
      2375, 874, 885, -1,
      2375, 885, 884, -1,
      2306, 2, 2307, -1,
      2307, 2, 4, -1,
      2307, 4, 2379, -1,
      2379, 4, 6, -1,
      2379, 6, 2380, -1,
      2380, 6, 8, -1,
      2380, 8, 2381, -1,
      2381, 8, 11, -1,
      2381, 11, 2382, -1,
      2382, 11, 13, -1,
      2382, 13, 2383, -1,
      2383, 13, 15, -1,
      2383, 15, 2384, -1,
      2384, 15, 17, -1,
      2384, 17, 2385, -1,
      2385, 17, 20, -1,
      2385, 20, 2386, -1,
      2386, 20, 22, -1,
      2386, 22, 2387, -1,
      2387, 22, 24, -1,
      2387, 24, 2388, -1,
      2388, 24, 26, -1,
      2388, 26, 2389, -1,
      2389, 26, 28, -1,
      2389, 28, 2390, -1,
      2390, 28, 31, -1,
      2390, 31, 2391, -1,
      2391, 31, 33, -1,
      2391, 33, 2392, -1,
      2392, 33, 35, -1,
      2392, 35, 2393, -1,
      2393, 35, 37, -1,
      2393, 37, 2394, -1,
      2394, 37, 39, -1,
      2394, 39, 2395, -1,
      2395, 39, 42, -1,
      2395, 42, 2396, -1,
      2396, 42, 44, -1,
      2396, 44, 2397, -1,
      2397, 44, 46, -1,
      2397, 46, 2398, -1,
      2398, 46, 48, -1,
      2398, 48, 2399, -1,
      2399, 48, 51, -1,
      2399, 51, 2400, -1,
      2400, 51, 53, -1,
      2400, 53, 2401, -1,
      2401, 53, 55, -1,
      2401, 55, 2402, -1,
      2402, 55, 57, -1,
      2402, 57, 2403, -1,
      2403, 57, 59, -1,
      2403, 59, 2404, -1,
      2404, 59, 62, -1,
      2404, 62, 2405, -1,
      2405, 62, 64, -1,
      2405, 64, 2406, -1,
      2406, 64, 66, -1,
      2406, 66, 2407, -1,
      2407, 66, 68, -1,
      2407, 68, 2408, -1,
      2408, 68, 70, -1,
      2408, 70, 2409, -1,
      2409, 70, 73, -1,
      2409, 73, 2410, -1,
      2410, 73, 75, -1,
      2410, 75, 2411, -1,
      2411, 75, 77, -1,
      2411, 77, 2412, -1,
      2412, 77, 79, -1,
      2412, 79, 2413, -1,
      2413, 79, 82, -1,
      2413, 82, 2414, -1,
      2414, 82, 84, -1,
      2414, 84, 2415, -1,
      2415, 84, 86, -1,
      2415, 86, 2416, -1,
      2416, 86, 88, -1,
      2416, 88, 2417, -1,
      2417, 88, 91, -1,
      2417, 91, 2418, -1,
      2418, 91, 93, -1,
      2418, 93, 2419, -1,
      2419, 93, 95, -1,
      2419, 95, 2420, -1,
      2420, 95, 97, -1,
      2420, 97, 2421, -1,
      2421, 97, 99, -1,
      2421, 99, 2422, -1,
      2422, 99, 101, -1,
      2422, 101, 2423, -1,
      2423, 101, 104, -1,
      2423, 104, 2424, -1,
      2424, 104, 106, -1,
      2424, 106, 2425, -1,
      2425, 106, 108, -1,
      2425, 108, 2426, -1,
      2426, 108, 110, -1,
      2426, 110, 2427, -1,
      2427, 110, 113, -1,
      2427, 113, 2428, -1,
      2428, 113, 115, -1,
      2428, 115, 2429, -1,
      2429, 115, 117, -1,
      2429, 117, 2430, -1,
      2430, 117, 119, -1,
      2430, 119, 2431, -1,
      2431, 119, 122, -1,
      2431, 122, 2432, -1,
      2432, 122, 124, -1,
      2432, 124, 2433, -1,
      2433, 124, 126, -1,
      2433, 126, 2434, -1,
      2434, 126, 128, -1,
      2434, 128, 2435, -1,
      2435, 128, 130, -1,
      2435, 130, 2436, -1,
      2436, 130, 132, -1,
      2436, 132, 2437, -1,
      2437, 132, 135, -1,
      2437, 135, 2438, -1,
      2438, 135, 137, -1,
      2438, 137, 2439, -1,
      2439, 137, 139, -1,
      2439, 139, 2440, -1,
      2440, 139, 141, -1,
      2440, 141, 2441, -1,
      2441, 141, 144, -1,
      2441, 144, 2442, -1,
      2442, 144, 146, -1,
      2442, 146, 2443, -1,
      2443, 146, 148, -1,
      2443, 148, 2444, -1,
      2444, 148, 150, -1,
      2444, 150, 2445, -1,
      2445, 150, 162, -1,
      2445, 162, 2446, -1,
      2446, 162, 160, -1,
      2446, 160, 2447, -1,
      2447, 160, 158, -1,
      2447, 158, 2448, -1,
      2448, 158, 156, -1,
      2448, 156, 2449, -1,
      2449, 156, 154, -1,
      2449, 154, 2450, -1,
      2450, 154, 152, -1,
      2450, 152, 2451, -1,
      2305, 2307, 2308, -1,
      2308, 2307, 2379, -1,
      2308, 2379, 2311, -1,
      2311, 2379, 2380, -1,
      2311, 2380, 2310, -1,
      2310, 2380, 2381, -1,
      2310, 2381, 2309, -1,
      2309, 2381, 2382, -1,
      2309, 2382, 2312, -1,
      2312, 2382, 2383, -1,
      2312, 2383, 2313, -1,
      2313, 2383, 2384, -1,
      2313, 2384, 2314, -1,
      2314, 2384, 2385, -1,
      2314, 2385, 2315, -1,
      2315, 2385, 2386, -1,
      2315, 2386, 2316, -1,
      2316, 2386, 2387, -1,
      2316, 2387, 2317, -1,
      2317, 2387, 2388, -1,
      2317, 2388, 2318, -1,
      2318, 2388, 2389, -1,
      2318, 2389, 2321, -1,
      2321, 2389, 2390, -1,
      2321, 2390, 2320, -1,
      2320, 2390, 2391, -1,
      2320, 2391, 2319, -1,
      2319, 2391, 2392, -1,
      2319, 2392, 2322, -1,
      2322, 2392, 2393, -1,
      2322, 2393, 2323, -1,
      2323, 2393, 2394, -1,
      2323, 2394, 2324, -1,
      2324, 2394, 2395, -1,
      2324, 2395, 2325, -1,
      2325, 2395, 2396, -1,
      2325, 2396, 2328, -1,
      2328, 2396, 2397, -1,
      2328, 2397, 2327, -1,
      2327, 2397, 2398, -1,
      2327, 2398, 2326, -1,
      2326, 2398, 2399, -1,
      2326, 2399, 2329, -1,
      2329, 2399, 2400, -1,
      2329, 2400, 2330, -1,
      2330, 2400, 2401, -1,
      2330, 2401, 2331, -1,
      2331, 2401, 2402, -1,
      2331, 2402, 2334, -1,
      2334, 2402, 2403, -1,
      2334, 2403, 2333, -1,
      2333, 2403, 2404, -1,
      2333, 2404, 2332, -1,
      2332, 2404, 2405, -1,
      2332, 2405, 2335, -1,
      2335, 2405, 2406, -1,
      2335, 2406, 2336, -1,
      2336, 2406, 2407, -1,
      2336, 2407, 2337, -1,
      2337, 2407, 2408, -1,
      2337, 2408, 2338, -1,
      2338, 2408, 2409, -1,
      2338, 2409, 2341, -1,
      2341, 2409, 2410, -1,
      2341, 2410, 2340, -1,
      2340, 2410, 2411, -1,
      2340, 2411, 2339, -1,
      2339, 2411, 2412, -1,
      2339, 2412, 2342, -1,
      2342, 2412, 2413, -1,
      2342, 2413, 2343, -1,
      2343, 2413, 2414, -1,
      2343, 2414, 2344, -1,
      2344, 2414, 2415, -1,
      2344, 2415, 2345, -1,
      2345, 2415, 2416, -1,
      2345, 2416, 2348, -1,
      2348, 2416, 2417, -1,
      2348, 2417, 2347, -1,
      2347, 2417, 2418, -1,
      2347, 2418, 2346, -1,
      2346, 2418, 2419, -1,
      2346, 2419, 2349, -1,
      2349, 2419, 2420, -1,
      2349, 2420, 2350, -1,
      2350, 2420, 2421, -1,
      2350, 2421, 2351, -1,
      2351, 2421, 2422, -1,
      2351, 2422, 2352, -1,
      2352, 2422, 2423, -1,
      2352, 2423, 2353, -1,
      2353, 2423, 2424, -1,
      2353, 2424, 2354, -1,
      2354, 2424, 2425, -1,
      2354, 2425, 2355, -1,
      2355, 2425, 2426, -1,
      2355, 2426, 2358, -1,
      2358, 2426, 2427, -1,
      2358, 2427, 2357, -1,
      2357, 2427, 2428, -1,
      2357, 2428, 2356, -1,
      2356, 2428, 2429, -1,
      2356, 2429, 2359, -1,
      2359, 2429, 2430, -1,
      2359, 2430, 2360, -1,
      2360, 2430, 2431, -1,
      2360, 2431, 2361, -1,
      2361, 2431, 2432, -1,
      2361, 2432, 2362, -1,
      2362, 2432, 2433, -1,
      2362, 2433, 2365, -1,
      2365, 2433, 2434, -1,
      2365, 2434, 2364, -1,
      2364, 2434, 2435, -1,
      2364, 2435, 2363, -1,
      2363, 2435, 2436, -1,
      2363, 2436, 2366, -1,
      2366, 2436, 2437, -1,
      2366, 2437, 2367, -1,
      2367, 2437, 2438, -1,
      2367, 2438, 2368, -1,
      2368, 2438, 2439, -1,
      2368, 2439, 2371, -1,
      2371, 2439, 2440, -1,
      2371, 2440, 2370, -1,
      2370, 2440, 2441, -1,
      2370, 2441, 2369, -1,
      2369, 2441, 2442, -1,
      2369, 2442, 2372, -1,
      2372, 2442, 2443, -1,
      2372, 2443, 2373, -1,
      2373, 2443, 2444, -1,
      2373, 2444, 2374, -1,
      2374, 2444, 2445, -1,
      2374, 2445, 2375, -1,
      2375, 2445, 2446, -1,
      2375, 2446, 2378, -1,
      2378, 2446, 2447, -1,
      2378, 2447, 2377, -1,
      2377, 2447, 2448, -1,
      2377, 2448, 2376, -1,
      2376, 2448, 2449, -1,
      2376, 2449, 2452, -1,
      2452, 2449, 2450, -1,
      2452, 2450, 2453, -1,
      2453, 2450, 2451, -1,
      2453, 2451, 2454, -1,
      590, 2376, 873, -1,
      873, 2376, 2452, -1,
      873, 2452, 867, -1,
      867, 2452, 2453, -1,
      867, 2453, 868, -1,
      868, 2453, 2454, -1,
      868, 2454, 872, -1,
      2455, 2456, 2457, -1,
      1496, 1495, 2458, -1,
      1496, 2458, 2235, -1,
      752, 2459, 753, -1,
      753, 2459, 2457, -1,
      753, 2457, 754, -1,
      754, 2457, 2456, -1,
      754, 2456, 595, -1,
      752, 750, 2459, -1,
      2459, 750, 749, -1,
      2459, 749, 2460, -1,
      2460, 749, 747, -1,
      2460, 747, 2461, -1,
      747, 746, 2461, -1,
      2461, 746, 744, -1,
      2461, 744, 2462, -1,
      744, 743, 2462, -1,
      2462, 743, 778, -1,
      2462, 778, 2463, -1,
      778, 742, 2463, -1,
      2463, 742, 741, -1,
      2463, 741, 2464, -1,
      2464, 741, 739, -1,
      2464, 739, 2465, -1,
      2465, 739, 738, -1,
      2465, 738, 2466, -1,
      2466, 738, 737, -1,
      737, 736, 2466, -1,
      2466, 736, 735, -1,
      2466, 735, 2467, -1,
      2467, 735, 734, -1,
      2467, 734, 2468, -1,
      2468, 734, 733, -1,
      2468, 733, 2469, -1,
      2469, 733, 599, -1,
      599, 598, 2469, -1,
      2469, 598, 732, -1,
      2469, 732, 2470, -1,
      2470, 732, 602, -1,
      2470, 602, 2471, -1,
      602, 601, 2471, -1,
      2471, 601, 605, -1,
      2471, 605, 2472, -1,
      605, 604, 2472, -1,
      2472, 604, 731, -1,
      2472, 731, 2473, -1,
      731, 729, 2473, -1,
      2473, 729, 728, -1,
      2473, 728, 2474, -1,
      2474, 728, 608, -1,
      2474, 608, 2475, -1,
      2475, 608, 607, -1,
      2475, 607, 2476, -1,
      2476, 607, 727, -1,
      727, 850, 2476, -1,
      2476, 850, 726, -1,
      2476, 726, 2477, -1,
      2477, 726, 724, -1,
      2477, 724, 2478, -1,
      2478, 724, 723, -1,
      2478, 723, 2479, -1,
      2479, 723, 611, -1,
      611, 610, 2479, -1,
      2479, 610, 722, -1,
      2479, 722, 2480, -1,
      2480, 722, 614, -1,
      2480, 614, 2481, -1,
      2481, 614, 613, -1,
      2481, 613, 2482, -1,
      2482, 613, 617, -1,
      617, 616, 2482, -1,
      2482, 616, 721, -1,
      2482, 721, 2483, -1,
      721, 719, 2483, -1,
      2483, 719, 718, -1,
      2483, 718, 2484, -1,
      2484, 718, 620, -1,
      2484, 620, 2485, -1,
      2485, 620, 619, -1,
      2485, 619, 2486, -1,
      2486, 619, 717, -1,
      717, 761, 2486, -1,
      2486, 761, 716, -1,
      2486, 716, 2487, -1,
      2487, 716, 714, -1,
      2487, 714, 2488, -1,
      2488, 714, 713, -1,
      2488, 713, 2489, -1,
      2489, 713, 623, -1,
      623, 622, 2489, -1,
      2489, 622, 712, -1,
      2489, 712, 2490, -1,
      2490, 712, 626, -1,
      2490, 626, 2491, -1,
      2491, 626, 625, -1,
      2491, 625, 2492, -1,
      2492, 625, 629, -1,
      629, 628, 2492, -1,
      2492, 628, 711, -1,
      2492, 711, 2493, -1,
      2493, 711, 958, -1,
      2493, 958, 2494, -1,
      2494, 958, 632, -1,
      2494, 632, 2495, -1,
      2495, 632, 631, -1,
      2495, 631, 2496, -1,
      2496, 631, 710, -1,
      710, 832, 2496, -1,
      2496, 832, 709, -1,
      2496, 709, 2497, -1,
      2497, 709, 708, -1,
      2497, 708, 2498, -1,
      2498, 708, 706, -1,
      2498, 706, 2499, -1,
      2499, 706, 705, -1,
      705, 703, 2499, -1,
      2499, 703, 702, -1,
      2499, 702, 2500, -1,
      2500, 702, 635, -1,
      2500, 635, 2501, -1,
      2501, 635, 634, -1,
      2501, 634, 2502, -1,
      2502, 634, 638, -1,
      638, 637, 2502, -1,
      2502, 637, 701, -1,
      2502, 701, 2503, -1,
      2503, 701, 641, -1,
      2503, 641, 2504, -1,
      641, 640, 2504, -1,
      2504, 640, 644, -1,
      2504, 644, 2505, -1,
      644, 643, 2505, -1,
      2505, 643, 700, -1,
      2505, 700, 2506, -1,
      700, 808, 2506, -1,
      2506, 808, 699, -1,
      2506, 699, 2507, -1,
      2507, 699, 698, -1,
      2507, 698, 2508, -1,
      2508, 698, 696, -1,
      2508, 696, 2509, -1,
      2509, 696, 695, -1,
      695, 693, 2509, -1,
      2509, 693, 692, -1,
      2509, 692, 2510, -1,
      2510, 692, 647, -1,
      2510, 647, 2511, -1,
      2511, 647, 646, -1,
      2511, 646, 2512, -1,
      2512, 646, 650, -1,
      650, 649, 2512, -1,
      2512, 649, 691, -1,
      2512, 691, 2513, -1,
      2513, 691, 653, -1,
      2513, 653, 2514, -1,
      2514, 653, 652, -1,
      2514, 652, 2515, -1,
      2515, 652, 656, -1,
      656, 655, 2515, -1,
      2515, 655, 690, -1,
      2515, 690, 2516, -1,
      690, 688, 2516, -1,
      2516, 688, 687, -1,
      2516, 687, 2517, -1,
      2517, 687, 659, -1,
      2517, 659, 2518, -1,
      2518, 659, 658, -1,
      2518, 658, 2519, -1,
      2519, 658, 686, -1,
      686, 914, 2519, -1,
      2519, 914, 685, -1,
      2519, 685, 2520, -1,
      2520, 685, 683, -1,
      2520, 683, 2521, -1,
      2521, 683, 682, -1,
      2521, 682, 2522, -1,
      2522, 682, 662, -1,
      662, 661, 2522, -1,
      2522, 661, 681, -1,
      2522, 681, 2523, -1,
      2523, 681, 665, -1,
      2523, 665, 2524, -1,
      2524, 665, 664, -1,
      2524, 664, 2525, -1,
      2525, 664, 668, -1,
      668, 667, 2525, -1,
      2525, 667, 680, -1,
      2525, 680, 2526, -1,
      680, 678, 2526, -1,
      2526, 678, 677, -1,
      2526, 677, 2527, -1,
      2527, 677, 671, -1,
      2527, 671, 2528, -1,
      2528, 671, 670, -1,
      2528, 670, 2529, -1,
      2529, 670, 676, -1,
      676, 890, 2529, -1,
      2529, 890, 675, -1,
      2529, 675, 2530, -1,
      2530, 675, 674, -1,
      2530, 674, 2531, -1,
      2455, 2457, 2532, -1,
      2532, 2457, 2459, -1,
      2532, 2459, 2533, -1,
      2533, 2459, 2460, -1,
      2533, 2460, 2534, -1,
      2534, 2460, 2461, -1,
      2534, 2461, 2535, -1,
      2535, 2461, 2462, -1,
      2535, 2462, 2536, -1,
      2536, 2462, 2463, -1,
      2536, 2463, 2537, -1,
      2537, 2463, 2464, -1,
      2537, 2464, 2538, -1,
      2538, 2464, 2465, -1,
      2538, 2465, 2539, -1,
      2539, 2465, 2466, -1,
      2539, 2466, 2540, -1,
      2540, 2466, 2467, -1,
      2540, 2467, 2541, -1,
      2541, 2467, 2468, -1,
      2541, 2468, 2542, -1,
      2542, 2468, 2469, -1,
      2542, 2469, 2543, -1,
      2543, 2469, 2470, -1,
      2543, 2470, 2544, -1,
      2544, 2470, 2471, -1,
      2544, 2471, 2545, -1,
      2545, 2471, 2472, -1,
      2545, 2472, 2546, -1,
      2546, 2472, 2473, -1,
      2546, 2473, 2547, -1,
      2547, 2473, 2474, -1,
      2547, 2474, 2548, -1,
      2548, 2474, 2475, -1,
      2548, 2475, 2549, -1,
      2549, 2475, 2476, -1,
      2549, 2476, 2550, -1,
      2550, 2476, 2477, -1,
      2550, 2477, 2551, -1,
      2551, 2477, 2478, -1,
      2551, 2478, 2552, -1,
      2552, 2478, 2479, -1,
      2552, 2479, 2553, -1,
      2553, 2479, 2480, -1,
      2553, 2480, 2554, -1,
      2554, 2480, 2481, -1,
      2554, 2481, 2555, -1,
      2555, 2481, 2482, -1,
      2555, 2482, 2556, -1,
      2556, 2482, 2483, -1,
      2556, 2483, 2557, -1,
      2557, 2483, 2484, -1,
      2557, 2484, 2558, -1,
      2558, 2484, 2485, -1,
      2558, 2485, 2559, -1,
      2559, 2485, 2486, -1,
      2559, 2486, 2560, -1,
      2560, 2486, 2487, -1,
      2560, 2487, 2561, -1,
      2561, 2487, 2488, -1,
      2561, 2488, 2562, -1,
      2562, 2488, 2489, -1,
      2562, 2489, 2563, -1,
      2563, 2489, 2490, -1,
      2563, 2490, 2564, -1,
      2564, 2490, 2491, -1,
      2564, 2491, 2565, -1,
      2565, 2491, 2492, -1,
      2565, 2492, 2566, -1,
      2566, 2492, 2493, -1,
      2566, 2493, 2567, -1,
      2567, 2493, 2494, -1,
      2567, 2494, 2568, -1,
      2568, 2494, 2495, -1,
      2568, 2495, 2569, -1,
      2569, 2495, 2496, -1,
      2569, 2496, 2570, -1,
      2570, 2496, 2497, -1,
      2570, 2497, 2571, -1,
      2571, 2497, 2498, -1,
      2571, 2498, 2572, -1,
      2572, 2498, 2499, -1,
      2572, 2499, 2573, -1,
      2573, 2499, 2500, -1,
      2573, 2500, 2574, -1,
      2574, 2500, 2501, -1,
      2574, 2501, 2575, -1,
      2575, 2501, 2502, -1,
      2575, 2502, 2576, -1,
      2576, 2502, 2503, -1,
      2576, 2503, 2577, -1,
      2577, 2503, 2504, -1,
      2577, 2504, 2578, -1,
      2578, 2504, 2505, -1,
      2578, 2505, 2579, -1,
      2579, 2505, 2506, -1,
      2579, 2506, 2580, -1,
      2580, 2506, 2507, -1,
      2580, 2507, 2581, -1,
      2581, 2507, 2508, -1,
      2581, 2508, 2582, -1,
      2582, 2508, 2509, -1,
      2582, 2509, 2583, -1,
      2583, 2509, 2510, -1,
      2583, 2510, 2584, -1,
      2584, 2510, 2511, -1,
      2584, 2511, 2585, -1,
      2585, 2511, 2512, -1,
      2585, 2512, 2586, -1,
      2586, 2512, 2513, -1,
      2586, 2513, 2587, -1,
      2587, 2513, 2514, -1,
      2587, 2514, 2588, -1,
      2588, 2514, 2515, -1,
      2588, 2515, 2589, -1,
      2589, 2515, 2516, -1,
      2589, 2516, 2590, -1,
      2590, 2516, 2517, -1,
      2590, 2517, 2591, -1,
      2591, 2517, 2518, -1,
      2591, 2518, 2592, -1,
      2592, 2518, 2519, -1,
      2592, 2519, 2593, -1,
      2593, 2519, 2520, -1,
      2593, 2520, 2594, -1,
      2594, 2520, 2521, -1,
      2594, 2521, 2595, -1,
      2595, 2521, 2522, -1,
      2595, 2522, 2596, -1,
      2596, 2522, 2523, -1,
      2596, 2523, 2597, -1,
      2597, 2523, 2524, -1,
      2597, 2524, 2598, -1,
      2598, 2524, 2525, -1,
      2598, 2525, 2599, -1,
      2599, 2525, 2526, -1,
      2599, 2526, 2600, -1,
      2600, 2526, 2527, -1,
      2600, 2527, 2601, -1,
      2601, 2527, 2528, -1,
      2601, 2528, 2602, -1,
      2602, 2528, 2529, -1,
      2602, 2529, 2603, -1,
      2603, 2529, 2530, -1,
      2603, 2530, 2604, -1,
      2604, 2530, 2531, -1,
      2604, 2531, 2605, -1,
      596, 595, 2606, -1,
      2606, 595, 2456, -1,
      2606, 2456, 2458, -1,
      2458, 2456, 2455, -1,
      2458, 2455, 2235, -1,
      2235, 2455, 2532, -1,
      2235, 2532, 2234, -1,
      2234, 2532, 2533, -1,
      2234, 2533, 2240, -1,
      2240, 2533, 2534, -1,
      2240, 2534, 2239, -1,
      2239, 2534, 2535, -1,
      2239, 2535, 2238, -1,
      2238, 2535, 2536, -1,
      2238, 2536, 2237, -1,
      2237, 2536, 2537, -1,
      2237, 2537, 2236, -1,
      2236, 2537, 2538, -1,
      2236, 2538, 1980, -1,
      1980, 2538, 2539, -1,
      1980, 2539, 1978, -1,
      1978, 2539, 2540, -1,
      1978, 2540, 1976, -1,
      1976, 2540, 2541, -1,
      1976, 2541, 2030, -1,
      2030, 2541, 2542, -1,
      2030, 2542, 2016, -1,
      2016, 2542, 2543, -1,
      2016, 2543, 2069, -1,
      2069, 2543, 2544, -1,
      2069, 2544, 2064, -1,
      2064, 2544, 2545, -1,
      2064, 2545, 2213, -1,
      2213, 2545, 2546, -1,
      2213, 2546, 1770, -1,
      1770, 2546, 2547, -1,
      1770, 2547, 1768, -1,
      1768, 2547, 2548, -1,
      1768, 2548, 1568, -1,
      1568, 2548, 2549, -1,
      1568, 2549, 1569, -1,
      1569, 2549, 2550, -1,
      1569, 2550, 1686, -1,
      1686, 2550, 2551, -1,
      1686, 2551, 1687, -1,
      1687, 2551, 2552, -1,
      1687, 2552, 1671, -1,
      1671, 2552, 2553, -1,
      1671, 2553, 2249, -1,
      2249, 2553, 2554, -1,
      2249, 2554, 2248, -1,
      2248, 2554, 2555, -1,
      2248, 2555, 2258, -1,
      2258, 2555, 2556, -1,
      2258, 2556, 2257, -1,
      2257, 2556, 2557, -1,
      2257, 2557, 2256, -1,
      2256, 2557, 2558, -1,
      2256, 2558, 2255, -1,
      2255, 2558, 2559, -1,
      2255, 2559, 2263, -1,
      2263, 2559, 2560, -1,
      2263, 2560, 2262, -1,
      2262, 2560, 2561, -1,
      2262, 2561, 2261, -1,
      2261, 2561, 2562, -1,
      2261, 2562, 2260, -1,
      2260, 2562, 2563, -1,
      2260, 2563, 2259, -1,
      2259, 2563, 2564, -1,
      2259, 2564, 2268, -1,
      2268, 2564, 2565, -1,
      2268, 2565, 2267, -1,
      2267, 2565, 2566, -1,
      2267, 2566, 2266, -1,
      2266, 2566, 2567, -1,
      2266, 2567, 2265, -1,
      2265, 2567, 2568, -1,
      2265, 2568, 2264, -1,
      2264, 2568, 2569, -1,
      2264, 2569, 2270, -1,
      2270, 2569, 2570, -1,
      2270, 2570, 2269, -1,
      2269, 2570, 2571, -1,
      2269, 2571, 2278, -1,
      2278, 2571, 2572, -1,
      2278, 2572, 2277, -1,
      2277, 2572, 2573, -1,
      2277, 2573, 2276, -1,
      2276, 2573, 2574, -1,
      2276, 2574, 2275, -1,
      2275, 2574, 2575, -1,
      2275, 2575, 2274, -1,
      2274, 2575, 2576, -1,
      2274, 2576, 2273, -1,
      2273, 2576, 2577, -1,
      2273, 2577, 2272, -1,
      2272, 2577, 2578, -1,
      2272, 2578, 2271, -1,
      2271, 2578, 2579, -1,
      2271, 2579, 2282, -1,
      2282, 2579, 2580, -1,
      2282, 2580, 2281, -1,
      2281, 2580, 2581, -1,
      2281, 2581, 2280, -1,
      2280, 2581, 2582, -1,
      2280, 2582, 2279, -1,
      2279, 2582, 2583, -1,
      2279, 2583, 2284, -1,
      2284, 2583, 2584, -1,
      2284, 2584, 2283, -1,
      2283, 2584, 2585, -1,
      2283, 2585, 2292, -1,
      2292, 2585, 2586, -1,
      2292, 2586, 2291, -1,
      2291, 2586, 2587, -1,
      2291, 2587, 2290, -1,
      2290, 2587, 2588, -1,
      2290, 2588, 2289, -1,
      2289, 2588, 2589, -1,
      2289, 2589, 2288, -1,
      2288, 2589, 2590, -1,
      2288, 2590, 2287, -1,
      2287, 2590, 2591, -1,
      2287, 2591, 2286, -1,
      2286, 2591, 2592, -1,
      2286, 2592, 2285, -1,
      2285, 2592, 2593, -1,
      2285, 2593, 2296, -1,
      2296, 2593, 2594, -1,
      2296, 2594, 2295, -1,
      2295, 2594, 2595, -1,
      2295, 2595, 2294, -1,
      2294, 2595, 2596, -1,
      2294, 2596, 2293, -1,
      2293, 2596, 2597, -1,
      2293, 2597, 2297, -1,
      2297, 2597, 2598, -1,
      2297, 2598, 2298, -1,
      2298, 2598, 2599, -1,
      2298, 2599, 2299, -1,
      2299, 2599, 2600, -1,
      2299, 2600, 2300, -1,
      2300, 2600, 2601, -1,
      2300, 2601, 2301, -1,
      2301, 2601, 2602, -1,
      2301, 2602, 2302, -1,
      2302, 2602, 2603, -1,
      2302, 2603, 2303, -1,
      2303, 2603, 2604, -1,
      2303, 2604, 2304, -1,
      2304, 2604, 2605, -1,
      2304, 2605, 1497, -1,
    ]
  }
}

Shape {
  appearance Appearance {
    material Material {
      diffuseColor 1.0000 1.0000 1.0000
      specularColor 0.5020 0.5020 0.5020
      ambientIntensity 0.2
      transparency 0.0000
      shininess 0.5
    }
  }
  geometry IndexedFaceSet {
    ccw TRUE
    solid FALSE
    coord DEF co Coordinate {
      point [
        0.688976 0.118110 0.078740,
        0.658407 0.114086 -1.574803,
        0.658407 0.114086 0.078740,
        0.629921 0.102287 -1.574803,
        0.629921 0.102287 0.078740,
        0.605460 0.083517 -1.574803,
        0.605460 0.083517 0.078740,
        0.586690 0.059055 -1.574803,
        0.586690 0.059055 0.078740,
        0.574891 0.030569 -1.574803,
        0.574891 0.030569 0.078740,
        0.570866 0.000000 -1.574803,
        0.570866 0.000000 0.078740,
        0.574891 -0.030569 -1.574803,
        0.574891 -0.030569 0.078740,
        0.586690 -0.059055 -1.574803,
        0.586690 -0.059055 0.078740,
        0.605460 -0.083517 -1.574803,
        0.605460 -0.083517 0.078740,
        0.629921 -0.102287 -1.574803,
        0.629921 -0.102287 0.078740,
        0.658407 -0.114086 -1.574803,
        0.658407 -0.114086 0.078740,
        0.688976 -0.118110 -1.574803,
        0.688976 -0.118110 0.078740,
        0.719546 -0.114086 -1.574803,
        0.719546 -0.114086 0.078740,
        0.748031 -0.102287 -1.574803,
        0.748031 -0.102287 0.078740,
        0.772493 -0.083517 -1.574803,
        0.772493 -0.083517 0.078740,
        0.791263 -0.059055 -1.574803,
        0.791263 -0.059055 0.078740,
        0.803062 -0.030569 -1.574803,
        0.803062 -0.030569 0.078740,
        0.807087 0.000000 -1.574803,
        0.807087 0.000000 0.078740,
        0.803062 0.030569 -1.574803,
        0.803062 0.030569 0.078740,
        0.791263 0.059055 -1.574803,
        0.791263 0.059055 0.078740,
        0.772493 0.083517 -1.574803,
        0.772493 0.083517 0.078740,
        0.748031 0.102287 -1.574803,
        0.748031 0.102287 0.078740,
        0.719546 0.114086 -1.574803,
        0.719546 0.114086 0.078740,
        0.688976 0.118110 -1.574803,
      ]
    }
    coordIndex [
      0, 1, 2, -1,
      2, 1, 3, -1,
      2, 3, 4, -1,
      4, 3, 5, -1,
      4, 5, 6, -1,
      6, 5, 7, -1,
      6, 7, 8, -1,
      8, 7, 9, -1,
      8, 9, 10, -1,
      10, 9, 11, -1,
      10, 11, 12, -1,
      12, 11, 13, -1,
      12, 13, 14, -1,
      14, 13, 15, -1,
      14, 15, 16, -1,
      16, 15, 17, -1,
      16, 17, 18, -1,
      18, 17, 19, -1,
      18, 19, 20, -1,
      20, 19, 21, -1,
      20, 21, 22, -1,
      22, 21, 23, -1,
      22, 23, 24, -1,
      24, 23, 25, -1,
      24, 25, 26, -1,
      26, 25, 27, -1,
      26, 27, 28, -1,
      28, 27, 29, -1,
      28, 29, 30, -1,
      30, 29, 31, -1,
      30, 31, 32, -1,
      32, 31, 33, -1,
      32, 33, 34, -1,
      34, 33, 35, -1,
      34, 35, 36, -1,
      36, 35, 37, -1,
      36, 37, 38, -1,
      38, 37, 39, -1,
      38, 39, 40, -1,
      40, 39, 41, -1,
      40, 41, 42, -1,
      42, 41, 43, -1,
      42, 43, 44, -1,
      44, 43, 45, -1,
      44, 45, 46, -1,
      46, 45, 47, -1,
      46, 47, 0, -1,
      0, 47, 1, -1,
    ]
  }
}

Shape {
  appearance Appearance {
    material Material {
      diffuseColor 0.2235 0.2235 0.2235
      specularColor 0.1137 0.1137 0.1137
      ambientIntensity 0.2
      transparency 0.0000
      shininess 0.5
    }
  }
  geometry IndexedFaceSet {
    ccw TRUE
    solid FALSE
    coord DEF co Coordinate {
      point [
        0.000000 -1.181102 0.000000,
        0.199607 -1.164113 0.000000,
        0.297612 1.142992 0.000000,
        0.486498 1.076254 0.000000,
        0.661387 0.978555 0.000000,
        -0.741992 -0.918940 0.000000,
        -0.886621 -0.780324 0.000000,
        -1.005743 -0.619261 0.000000,
        -0.199607 -1.164113 0.000000,
        -0.393472 -1.113635 0.000000,
        -0.576018 -1.031119 0.000000,
        0.393472 -1.113635 0.000000,
        -1.054637 0.531737 0.000000,
        -0.949603 0.702323 0.000000,
        -0.817250 0.852704 0.000000,
        0.817250 0.852704 0.000000,
        0.949603 0.702323 0.000000,
        1.054637 0.531737 0.000000,
        1.091196 0.451988 0.000000,
        -0.661387 0.978555 0.000000,
        -1.095932 -0.440381 0.000000,
        -1.154593 -0.248834 0.000000,
        0.576018 -1.031119 0.000000,
        -0.486498 1.076254 0.000000,
        -0.297612 1.142992 0.000000,
        -1.129331 0.345854 0.000000,
        0.741992 -0.918940 0.000000,
        0.886621 -0.780324 0.000000,
        0.100165 1.176847 0.000000,
        -1.180038 -0.050128 0.000000,
        -1.171536 0.150021 0.000000,
        1.005743 -0.619261 0.000000,
        1.091196 -0.451988 0.000000,
        -0.100165 1.176847 0.000000,
        1.095932 -0.440381 -0.003937,
        1.091196 -0.451988 -0.003937,
        1.129331 0.345854 0.078740,
        1.129331 0.345854 -0.003937,
        1.171536 0.150021 0.078740,
        1.171536 0.150021 -0.003937,
        1.180038 -0.050128 0.078740,
        1.180038 -0.050128 -0.003937,
        1.154593 -0.248834 0.078740,
        1.154593 -0.248834 -0.003937,
        1.095932 -0.440381 0.078740,
        1.091196 0.451988 -0.003937,
        1.054637 0.531737 0.078740,
        0.949603 0.702323 0.078740,
        0.817250 0.852704 0.078740,
        0.661387 0.978555 0.078740,
        0.486498 1.076254 0.078740,
        0.297612 1.142992 0.078740,
        0.100165 1.176847 0.078740,
        -0.100165 1.176847 0.078740,
        -0.297612 1.142992 0.078740,
        -0.486498 1.076254 0.078740,
        -0.661387 0.978555 0.078740,
        -0.817250 0.852704 0.078740,
        -0.949603 0.702323 0.078740,
        -1.054637 0.531737 0.078740,
        -1.129331 0.345854 0.078740,
        -1.171536 0.150021 0.078740,
        -1.180038 -0.050128 0.078740,
        -1.154593 -0.248834 0.078740,
        -1.095932 -0.440381 0.078740,
        -1.005743 -0.619261 0.078740,
        -0.886621 -0.780324 0.078740,
        -0.741992 -0.918940 0.078740,
        -0.576018 -1.031119 0.078740,
        -0.393472 -1.113635 0.078740,
        -0.199607 -1.164113 0.078740,
        0.000000 -1.181102 0.078740,
        0.199607 -1.164113 0.078740,
        0.393472 -1.113635 0.078740,
        0.576018 -1.031119 0.078740,
        0.741992 -0.918940 0.078740,
        0.886621 -0.780324 0.078740,
        1.005743 -0.619261 0.078740,
      ]
    }
    coordIndex [
      34, 35, 32, -1,
      36, 37, 38, -1,
      38, 37, 39, -1,
      38, 39, 40, -1,
      40, 39, 41, -1,
      40, 41, 42, -1,
      42, 41, 43, -1,
      42, 43, 44, -1,
      45, 37, 18, -1,
      18, 37, 36, -1,
      18, 36, 17, -1,
      17, 36, 46, -1,
      17, 46, 16, -1,
      16, 46, 47, -1,
      16, 47, 15, -1,
      15, 47, 48, -1,
      15, 48, 4, -1,
      4, 48, 49, -1,
      4, 49, 3, -1,
      3, 49, 50, -1,
      3, 50, 2, -1,
      2, 50, 51, -1,
      2, 51, 28, -1,
      28, 51, 52, -1,
      28, 52, 33, -1,
      33, 52, 53, -1,
      33, 53, 24, -1,
      24, 53, 54, -1,
      24, 54, 23, -1,
      23, 54, 55, -1,
      23, 55, 19, -1,
      19, 55, 56, -1,
      19, 56, 14, -1,
      14, 56, 57, -1,
      14, 57, 13, -1,
      13, 57, 58, -1,
      13, 58, 12, -1,
      12, 58, 59, -1,
      12, 59, 25, -1,
      25, 59, 60, -1,
      25, 60, 30, -1,
      30, 60, 61, -1,
      30, 61, 29, -1,
      29, 61, 62, -1,
      29, 62, 21, -1,
      21, 62, 63, -1,
      21, 63, 20, -1,
      20, 63, 64, -1,
      20, 64, 7, -1,
      7, 64, 65, -1,
      7, 65, 6, -1,
      6, 65, 66, -1,
      6, 66, 5, -1,
      5, 66, 67, -1,
      5, 67, 10, -1,
      10, 67, 68, -1,
      10, 68, 9, -1,
      9, 68, 69, -1,
      9, 69, 8, -1,
      8, 69, 70, -1,
      8, 70, 0, -1,
      0, 70, 71, -1,
      0, 71, 1, -1,
      1, 71, 72, -1,
      1, 72, 11, -1,
      11, 72, 73, -1,
      11, 73, 22, -1,
      22, 73, 74, -1,
      22, 74, 26, -1,
      26, 74, 75, -1,
      26, 75, 27, -1,
      27, 75, 76, -1,
      27, 76, 31, -1,
      31, 76, 77, -1,
      31, 77, 32, -1,
      32, 77, 44, -1,
      32, 44, 34, -1,
      34, 44, 43, -1,
    ]
  }
}

Shape {
  appearance Appearance {
    material Material {
      diffuseColor 0.2510 0.2510 0.2510
      specularColor 0.1255 0.1255 0.1255
      ambientIntensity 0.2
      transparency 0.0000
      shininess 0.5
    }
  }
  geometry IndexedFaceSet {
    ccw TRUE
    solid FALSE
    coord DEF co Coordinate {
      point [
        0.688976 0.118110 0.078740,
        0.658407 0.114086 0.078740,
        0.629921 0.102287 0.078740,
        0.605460 0.083517 0.078740,
        0.586690 0.059055 0.078740,
        0.574891 0.030569 0.078740,
        0.570866 0.000000 0.078740,
        0.574891 -0.030569 0.078740,
        0.586690 -0.059055 0.078740,
        0.605460 -0.083517 0.078740,
        0.629921 -0.102287 0.078740,
        0.658407 -0.114086 0.078740,
        0.688976 -0.118110 0.078740,
        0.719546 -0.114086 0.078740,
        0.748031 -0.102287 0.078740,
        0.772493 -0.083517 0.078740,
        0.791263 -0.059055 0.078740,
        0.803062 -0.030569 0.078740,
        0.807087 0.000000 0.078740,
        0.803062 0.030569 0.078740,
        0.791263 0.059055 0.078740,
        0.772493 0.083517 0.078740,
        0.748031 0.102287 0.078740,
        0.719546 0.114086 0.078740,
        1.129331 0.345854 0.078740,
        1.171536 0.150021 0.078740,
        1.180038 -0.050128 0.078740,
        1.154593 -0.248834 0.078740,
        1.095932 -0.440381 0.078740,
        1.054637 0.531737 0.078740,
        0.949603 0.702323 0.078740,
        0.817250 0.852704 0.078740,
        0.661387 0.978555 0.078740,
        0.486498 1.076254 0.078740,
        0.297612 1.142992 0.078740,
        0.100165 1.176847 0.078740,
        -0.100165 1.176847 0.078740,
        -0.297612 1.142992 0.078740,
        -0.486498 1.076254 0.078740,
        -0.661387 0.978555 0.078740,
        -0.817250 0.852704 0.078740,
        -0.949603 0.702323 0.078740,
        -1.054637 0.531737 0.078740,
        -1.129331 0.345854 0.078740,
        -1.171536 0.150021 0.078740,
        -1.180038 -0.050128 0.078740,
        -1.154593 -0.248834 0.078740,
        -1.095932 -0.440381 0.078740,
        -1.005743 -0.619261 0.078740,
        -0.886621 -0.780324 0.078740,
        -0.741992 -0.918940 0.078740,
        -0.576018 -1.031119 0.078740,
        -0.393472 -1.113635 0.078740,
        -0.199607 -1.164113 0.078740,
        0.000000 -1.181102 0.078740,
        0.199607 -1.164113 0.078740,
        0.393472 -1.113635 0.078740,
        0.576018 -1.031119 0.078740,
        0.741992 -0.918940 0.078740,
        0.886621 -0.780324 0.078740,
        1.005743 -0.619261 0.078740,
        -0.719546 0.114086 0.078740,
        -0.748031 0.102287 0.078740,
        -0.772493 0.083517 0.078740,
        -0.791263 0.059055 0.078740,
        -0.803062 0.030569 0.078740,
        -0.574891 0.030569 0.078740,
        -0.586690 0.059055 0.078740,
        -0.605460 0.083517 0.078740,
        -0.658407 0.114086 0.078740,
        -0.629921 0.102287 0.078740,
        -0.658407 -0.114086 0.078740,
        -0.629921 -0.102287 0.078740,
        -0.574891 -0.030569 0.078740,
        -0.586690 -0.059055 0.078740,
        -0.605460 -0.083517 0.078740,
        -0.570866 -0.000000 0.078740,
        -0.688976 0.118110 0.078740,
        -0.807087 -0.000000 0.078740,
        -0.803062 -0.030569 0.078740,
        -0.791263 -0.059055 0.078740,
        -0.772493 -0.083517 0.078740,
        -0.748031 -0.102287 0.078740,
        -0.719546 -0.114086 0.078740,
        -0.688976 -0.118110 0.078740,
      ]
    }
    coordIndex [
      0, 1, 33, -1,
      56, 10, 11, -1,
      24, 25, 19, -1,
      61, 62, 42, -1,
      42, 62, 43, -1,
      62, 63, 43, -1,
      43, 63, 64, -1,
      43, 64, 44, -1,
      44, 64, 65, -1,
      44, 65, 45, -1,
      19, 25, 18, -1,
      18, 25, 26, -1,
      18, 26, 17, -1,
      66, 67, 33, -1,
      33, 67, 68, -1,
      33, 68, 34, -1,
      17, 26, 16, -1,
      16, 26, 27, -1,
      16, 27, 15, -1,
      15, 27, 28, -1,
      15, 28, 14, -1,
      14, 28, 60, -1,
      14, 60, 13, -1,
      13, 60, 59, -1,
      13, 59, 12, -1,
      12, 59, 58, -1,
      12, 58, 11, -1,
      11, 58, 57, -1,
      11, 57, 56, -1,
      33, 1, 66, -1,
      66, 1, 2, -1,
      66, 2, 3, -1,
      69, 37, 70, -1,
      70, 37, 36, -1,
      70, 36, 68, -1,
      68, 36, 35, -1,
      68, 35, 34, -1,
      71, 72, 53, -1,
      8, 9, 73, -1,
      73, 9, 10, -1,
      73, 10, 74, -1,
      74, 10, 56, -1,
      74, 56, 75, -1,
      75, 56, 55, -1,
      75, 55, 72, -1,
      72, 55, 54, -1,
      72, 54, 53, -1,
      19, 20, 24, -1,
      24, 20, 21, -1,
      24, 21, 29, -1,
      29, 21, 22, -1,
      29, 22, 30, -1,
      30, 22, 23, -1,
      30, 23, 31, -1,
      31, 23, 0, -1,
      31, 0, 32, -1,
      32, 0, 33, -1,
      3, 4, 66, -1,
      66, 4, 5, -1,
      66, 5, 76, -1,
      76, 5, 6, -1,
      76, 6, 73, -1,
      73, 6, 7, -1,
      73, 7, 8, -1,
      42, 41, 61, -1,
      61, 41, 40, -1,
      61, 40, 77, -1,
      77, 40, 39, -1,
      77, 39, 69, -1,
      69, 39, 38, -1,
      69, 38, 37, -1,
      65, 78, 45, -1,
      45, 78, 79, -1,
      45, 79, 46, -1,
      46, 79, 80, -1,
      46, 80, 47, -1,
      47, 80, 81, -1,
      47, 81, 48, -1,
      48, 81, 82, -1,
      48, 82, 49, -1,
      49, 82, 83, -1,
      49, 83, 50, -1,
      50, 83, 84, -1,
      50, 84, 51, -1,
      51, 84, 71, -1,
      51, 71, 52, -1,
      52, 71, 53, -1,
    ]
  }
}

Shape {
  appearance Appearance {
    material Material {
      diffuseColor 1.0000 1.0000 1.0000
      specularColor 0.5020 0.5020 0.5020
      ambientIntensity 0.2
      transparency 0.0000
      shininess 0.5
    }
  }
  geometry IndexedFaceSet {
    ccw TRUE
    solid FALSE
    coord DEF co Coordinate {
      point [
        0.658407 0.114086 -1.574803,
        0.629921 0.102287 -1.574803,
        0.605460 0.083517 -1.574803,
        0.586690 0.059055 -1.574803,
        0.574891 0.030569 -1.574803,
        0.570866 0.000000 -1.574803,
        0.574891 -0.030569 -1.574803,
        0.586690 -0.059055 -1.574803,
        0.605460 -0.083517 -1.574803,
        0.629921 -0.102287 -1.574803,
        0.658407 -0.114086 -1.574803,
        0.688976 -0.118110 -1.574803,
        0.719546 -0.114086 -1.574803,
        0.748031 -0.102287 -1.574803,
        0.772493 -0.083517 -1.574803,
        0.791263 -0.059055 -1.574803,
        0.803062 -0.030569 -1.574803,
        0.807087 0.000000 -1.574803,
        0.803062 0.030569 -1.574803,
        0.791263 0.059055 -1.574803,
        0.772493 0.083517 -1.574803,
        0.748031 0.102287 -1.574803,
        0.719546 0.114086 -1.574803,
        0.688976 0.118110 -1.574803,
        -0.719546 0.114086 0.078740,
        -0.748031 0.102287 0.078740,
        -0.772493 0.083517 0.078740,
        -0.791263 0.059055 0.078740,
        -0.803062 0.030569 0.078740,
        -0.574891 0.030569 0.078740,
        -0.586690 0.059055 0.078740,
        -0.605460 0.083517 0.078740,
        -0.658407 0.114086 0.078740,
        -0.629921 0.102287 0.078740,
        -0.658407 -0.114086 0.078740,
        -0.629921 -0.102287 0.078740,
        -0.574891 -0.030569 0.078740,
        -0.586690 -0.059055 0.078740,
        -0.605460 -0.083517 0.078740,
        -0.570866 -0.000000 0.078740,
        -0.688976 0.118110 0.078740,
        -0.807087 -0.000000 0.078740,
        -0.803062 -0.030569 0.078740,
        -0.791263 -0.059055 0.078740,
        -0.772493 -0.083517 0.078740,
        -0.748031 -0.102287 0.078740,
        -0.719546 -0.114086 0.078740,
        -0.688976 -0.118110 0.078740,
        -0.719546 0.114086 -1.968504,
        -0.748031 0.102287 -1.968504,
        -0.772493 0.083517 -1.968504,
        -0.791263 0.059055 -1.968504,
        -0.803062 0.030569 -1.968504,
        -0.807087 -0.000000 -1.968504,
        -0.803062 -0.030569 -1.968504,
        -0.791263 -0.059055 -1.968504,
        -0.772493 -0.083517 -1.968504,
        -0.748031 -0.102287 -1.968504,
        -0.719546 -0.114086 -1.968504,
        -0.688976 -0.118110 -1.968504,
        -0.658407 -0.114086 -1.968504,
        -0.629921 -0.102287 -1.968504,
        -0.605460 -0.083517 -1.968504,
        -0.586690 -0.059055 -1.968504,
        -0.574891 -0.030569 -1.968504,
        -0.570866 -0.000000 -1.968504,
        -0.574891 0.030569 -1.968504,
        -0.586690 0.059055 -1.968504,
        -0.605460 0.083517 -1.968504,
        -0.629921 0.102287 -1.968504,
        -0.658407 0.114086 -1.968504,
        -0.688976 0.118110 -1.968504,
        -0.688976 -0.000000 -1.968504,
        0.688976 0.000000 -1.574803,
      ]
    }
    coordIndex [
      40, 48, 24, -1,
      24, 48, 49, -1,
      24, 49, 25, -1,
      25, 49, 50, -1,
      25, 50, 26, -1,
      26, 50, 51, -1,
      26, 51, 27, -1,
      27, 51, 52, -1,
      27, 52, 28, -1,
      28, 52, 53, -1,
      28, 53, 41, -1,
      41, 53, 54, -1,
      41, 54, 42, -1,
      42, 54, 55, -1,
      42, 55, 43, -1,
      43, 55, 56, -1,
      43, 56, 44, -1,
      44, 56, 57, -1,
      44, 57, 45, -1,
      45, 57, 58, -1,
      45, 58, 46, -1,
      46, 58, 59, -1,
      46, 59, 47, -1,
      47, 59, 60, -1,
      47, 60, 34, -1,
      34, 60, 61, -1,
      34, 61, 35, -1,
      35, 61, 62, -1,
      35, 62, 38, -1,
      38, 62, 63, -1,
      38, 63, 37, -1,
      37, 63, 64, -1,
      37, 64, 36, -1,
      36, 64, 65, -1,
      36, 65, 39, -1,
      39, 65, 66, -1,
      39, 66, 29, -1,
      29, 66, 67, -1,
      29, 67, 30, -1,
      30, 67, 68, -1,
      30, 68, 31, -1,
      31, 68, 69, -1,
      31, 69, 33, -1,
      33, 69, 70, -1,
      33, 70, 32, -1,
      32, 70, 71, -1,
      32, 71, 40, -1,
      40, 71, 48, -1,
      49, 48, 72, -1,
      72, 48, 71, -1,
      72, 71, 70, -1,
      52, 51, 72, -1,
      72, 51, 50, -1,
      72, 50, 49, -1,
      55, 54, 72, -1,
      72, 54, 53, -1,
      72, 53, 52, -1,
      58, 57, 72, -1,
      72, 57, 56, -1,
      72, 56, 55, -1,
      61, 60, 72, -1,
      72, 60, 59, -1,
      72, 59, 58, -1,
      64, 63, 72, -1,
      72, 63, 62, -1,
      72, 62, 61, -1,
      67, 66, 72, -1,
      72, 66, 65, -1,
      72, 65, 64, -1,
      70, 69, 72, -1,
      72, 69, 68, -1,
      72, 68, 67, -1,
      13, 12, 73, -1,
      73, 12, 11, -1,
      73, 11, 10, -1,
      16, 15, 73, -1,
      73, 15, 14, -1,
      73, 14, 13, -1,
      19, 18, 73, -1,
      73, 18, 17, -1,
      73, 17, 16, -1,
      22, 21, 73, -1,
      73, 21, 20, -1,
      73, 20, 19, -1,
      1, 0, 73, -1,
      73, 0, 23, -1,
      73, 23, 22, -1,
      4, 3, 73, -1,
      73, 3, 2, -1,
      73, 2, 1, -1,
      7, 6, 73, -1,
      73, 6, 5, -1,
      73, 5, 4, -1,
      10, 9, 73, -1,
      73, 9, 8, -1,
      73, 8, 7, -1,
    ]
  }
}

Shape {
  appearance Appearance {
    material Material {
      diffuseColor 0.7529 0.7529 0.7529
      specularColor 0.3765 0.3765 0.3765
      ambientIntensity 0.2
      transparency 0.0000
      shininess 0.5
    }
  }
  geometry IndexedFaceSet {
    ccw TRUE
    solid FALSE
    coord DEF co Coordinate {
      point [
        0.059055 0.059055 3.464567,
        0.059055 0.984252 3.464567,
        -0.059055 0.059055 3.464567,
        -0.059055 0.984252 3.464567,
        1.091196 -0.451988 3.543307,
        1.054637 -0.531737 3.543307,
        0.949603 -0.702323 3.543307,
        0.817250 -0.852704 3.543307,
        0.661387 -0.978555 3.543307,
        0.297612 -1.142992 3.543307,
        0.486498 -1.076254 3.543307,
        0.100165 -1.176847 3.543307,
        0.576018 1.031119 3.543307,
        0.741992 0.918940 3.543307,
        -0.297612 -1.142992 3.543307,
        -0.100165 -1.176847 3.543307,
        -0.661387 -0.978555 3.543307,
        -0.486498 -1.076254 3.543307,
        -0.741992 0.918940 3.543307,
        -0.576018 1.031119 3.543307,
        -0.199607 1.164113 3.543307,
        -0.393472 1.113635 3.543307,
        -1.054637 -0.531737 3.543307,
        -0.949603 -0.702323 3.543307,
        -0.817250 -0.852704 3.543307,
        0.886621 0.780324 3.543307,
        -1.180038 0.050128 3.543307,
        -1.154593 0.248834 3.543307,
        -0.000000 1.181102 3.543307,
        1.005743 0.619261 3.543307,
        1.091196 0.451988 3.543307,
        -1.129331 -0.345854 3.543307,
        -1.171536 -0.150021 3.543307,
        -1.005743 0.619261 3.543307,
        -1.095932 0.440381 3.543307,
        -0.886621 0.780324 3.543307,
        0.393472 1.113635 3.543307,
        0.199607 1.164113 3.543307,
        1.095932 0.440381 3.547244,
        1.091196 0.451988 3.547244,
        1.129331 -0.345854 3.464567,
        1.129331 -0.345854 3.547244,
        1.171536 -0.150021 3.464567,
        1.171536 -0.150021 3.547244,
        1.180038 0.050128 3.464567,
        1.180038 0.050128 3.547244,
        1.154593 0.248834 3.464567,
        1.154593 0.248834 3.547244,
        1.095932 0.440381 3.464567,
        1.091196 -0.451988 3.547244,
        1.054637 -0.531737 3.464567,
        0.949603 -0.702323 3.464567,
        0.817250 -0.852704 3.464567,
        0.661387 -0.978555 3.464567,
        0.486498 -1.076254 3.464567,
        0.297612 -1.142992 3.464567,
        0.100165 -1.176847 3.464567,
        -0.100165 -1.176847 3.464567,
        -0.297612 -1.142992 3.464567,
        -0.486498 -1.076254 3.464567,
        -0.661387 -0.978555 3.464567,
        -0.817250 -0.852704 3.464567,
        -0.949603 -0.702323 3.464567,
        -1.054637 -0.531737 3.464567,
        -1.129331 -0.345854 3.464567,
        -1.171536 -0.150021 3.464567,
        -1.180038 0.050128 3.464567,
        -1.154593 0.248834 3.464567,
        -1.095932 0.440381 3.464567,
        -1.005743 0.619261 3.464567,
        -0.886621 0.780324 3.464567,
        -0.741992 0.918940 3.464567,
        -0.576018 1.031119 3.464567,
        -0.393472 1.113635 3.464567,
        -0.199607 1.164113 3.464567,
        -0.000000 1.181102 3.464567,
        0.199607 1.164113 3.464567,
        0.393472 1.113635 3.464567,
        0.576018 1.031119 3.464567,
        0.741992 0.918940 3.464567,
        0.886621 0.780324 3.464567,
        1.005743 0.619261 3.464567,
        -0.059055 -0.059055 3.464567,
        -0.984252 -0.059055 3.464567,
        0.984252 0.059055 3.464567,
        0.984252 -0.059055 3.464567,
        0.059055 -0.059055 3.464567,
        0.059055 -0.984252 3.464567,
        -0.059055 -0.984252 3.464567,
        -0.984252 0.059055 3.464567,
      ]
    }
    coordIndex [
      38, 39, 30, -1,
      40, 41, 42, -1,
      42, 41, 43, -1,
      42, 43, 44, -1,
      44, 43, 45, -1,
      44, 45, 46, -1,
      46, 45, 47, -1,
      46, 47, 48, -1,
      49, 41, 4, -1,
      4, 41, 40, -1,
      4, 40, 5, -1,
      5, 40, 50, -1,
      5, 50, 6, -1,
      6, 50, 51, -1,
      6, 51, 7, -1,
      7, 51, 52, -1,
      7, 52, 8, -1,
      8, 52, 53, -1,
      8, 53, 10, -1,
      10, 53, 54, -1,
      10, 54, 9, -1,
      9, 54, 55, -1,
      9, 55, 11, -1,
      11, 55, 56, -1,
      11, 56, 15, -1,
      15, 56, 57, -1,
      15, 57, 14, -1,
      14, 57, 58, -1,
      14, 58, 17, -1,
      17, 58, 59, -1,
      17, 59, 16, -1,
      16, 59, 60, -1,
      16, 60, 24, -1,
      24, 60, 61, -1,
      24, 61, 23, -1,
      23, 61, 62, -1,
      23, 62, 22, -1,
      22, 62, 63, -1,
      22, 63, 31, -1,
      31, 63, 64, -1,
      31, 64, 32, -1,
      32, 64, 65, -1,
      32, 65, 26, -1,
      26, 65, 66, -1,
      26, 66, 27, -1,
      27, 66, 67, -1,
      27, 67, 34, -1,
      34, 67, 68, -1,
      34, 68, 33, -1,
      33, 68, 69, -1,
      33, 69, 35, -1,
      35, 69, 70, -1,
      35, 70, 18, -1,
      18, 70, 71, -1,
      18, 71, 19, -1,
      19, 71, 72, -1,
      19, 72, 21, -1,
      21, 72, 73, -1,
      21, 73, 20, -1,
      20, 73, 74, -1,
      20, 74, 28, -1,
      28, 74, 75, -1,
      28, 75, 37, -1,
      37, 75, 76, -1,
      37, 76, 36, -1,
      36, 76, 77, -1,
      36, 77, 12, -1,
      12, 77, 78, -1,
      12, 78, 13, -1,
      13, 78, 79, -1,
      13, 79, 25, -1,
      25, 79, 80, -1,
      25, 80, 29, -1,
      29, 80, 81, -1,
      29, 81, 30, -1,
      30, 81, 48, -1,
      30, 48, 38, -1,
      38, 48, 47, -1,
      82, 83, 64, -1,
      48, 0, 46, -1,
      46, 0, 84, -1,
      46, 84, 44, -1,
      44, 84, 85, -1,
      44, 85, 42, -1,
      53, 52, 86, -1,
      87, 88, 57, -1,
      64, 63, 82, -1,
      82, 63, 62, -1,
      82, 62, 61, -1,
      89, 66, 83, -1,
      83, 66, 65, -1,
      83, 65, 64, -1,
      70, 69, 2, -1,
      2, 69, 68, -1,
      2, 68, 89, -1,
      89, 68, 67, -1,
      89, 67, 66, -1,
      57, 56, 87, -1,
      87, 56, 55, -1,
      87, 55, 86, -1,
      86, 55, 54, -1,
      86, 54, 53, -1,
      52, 51, 86, -1,
      86, 51, 50, -1,
      86, 50, 85, -1,
      85, 50, 40, -1,
      85, 40, 42, -1,
      3, 74, 2, -1,
      2, 74, 73, -1,
      73, 72, 2, -1,
      2, 72, 71, -1,
      2, 71, 70, -1,
      48, 81, 0, -1,
      0, 81, 80, -1,
      0, 80, 79, -1,
      61, 60, 82, -1,
      82, 60, 59, -1,
      82, 59, 88, -1,
      88, 59, 58, -1,
      88, 58, 57, -1,
      79, 78, 0, -1,
      0, 78, 77, -1,
      0, 77, 1, -1,
      1, 77, 76, -1,
      1, 76, 3, -1,
      3, 76, 75, -1,
      3, 75, 74, -1,
    ]
  }
}

Shape {
  appearance Appearance {
    material Material {
      diffuseColor 0.8235 0.8235 0.8235
      specularColor 0.4118 0.4118 0.4118
      ambientIntensity 0.2
      transparency 0.0000
      shininess 0.5
    }
  }
  geometry IndexedFaceSet {
    ccw TRUE
    solid FALSE
    coord DEF co Coordinate {
      point [
        1.454928 0.602651 0.336286,
        1.454928 0.602651 0.118110,
        1.454928 -0.602651 0.118110,
        1.454928 -0.602651 0.336286,
        1.091196 0.451988 0.000000,
        1.345809 0.557452 0.000000,
        1.091196 -0.451988 0.000000,
        1.345809 -0.557452 0.000000,
        1.374051 -0.569150 0.004024,
        1.400369 -0.580052 0.015824,
        1.422968 -0.589413 0.034594,
        1.440309 -0.596596 0.059055,
        1.451210 -0.601111 0.087541,
        1.451210 0.601111 0.087541,
        1.440309 0.596596 0.059055,
        1.422968 0.589413 0.034594,
        1.400369 0.580052 0.015824,
        1.374051 0.569150 0.004024,
        1.434761 0.594297 0.776177,
        1.404776 0.581877 0.718803,
        1.404776 -0.581877 0.718803,
        1.434761 -0.594297 0.776177,
        1.386263 -0.574209 0.656006,
        1.380003 -0.571616 0.590437,
        1.386263 -0.574209 0.524869,
        1.404776 -0.581877 0.462071,
        1.434761 -0.594297 0.404697,
        1.386263 0.574209 0.656006,
        1.380003 0.571616 0.590437,
        1.386263 0.574209 0.524869,
        1.404776 0.581877 0.462071,
        1.434761 0.594297 0.404697,
        1.345809 -0.557452 3.543307,
        1.091196 -0.451988 3.543307,
        1.091196 0.451988 3.543307,
        1.345809 0.557452 3.543307,
        1.374051 -0.569150 3.539283,
        1.400369 -0.580052 3.527483,
        1.422968 -0.589413 3.508713,
        1.440309 -0.596596 3.484252,
        1.451210 -0.601111 3.455766,
        1.454928 -0.602651 3.425197,
        1.454928 0.602651 3.425197,
        1.451210 0.601111 3.455766,
        1.440309 0.596596 3.484252,
        1.422968 0.589413 3.508713,
        1.400369 0.580052 3.527483,
        1.374051 0.569150 3.539283,
        1.454928 0.602651 0.844588,
        1.454928 -0.602651 0.844588,
        1.445804 0.598872 0.383565,
        1.452623 0.601696 0.360436,
        1.452623 -0.601696 0.360436,
        1.445804 -0.598872 0.383565,
        1.452623 0.601696 0.820438,
        1.445804 -0.598872 0.797309,
        1.452623 -0.601696 0.820438,
        1.445804 0.598872 0.797309,
        1.095932 -0.440381 -0.003937,
        1.091196 -0.451988 -0.003937,
        1.129331 0.345854 -0.003937,
        1.171536 0.150021 -0.003937,
        1.180038 -0.050128 -0.003937,
        1.154593 -0.248834 -0.003937,
        1.091196 0.451988 -0.003937,
        1.095932 0.440381 3.547244,
        1.091196 0.451988 3.547244,
        1.129331 -0.345854 3.547244,
        1.171536 -0.150021 3.547244,
        1.180038 0.050128 3.547244,
        1.154593 0.248834 3.547244,
        1.091196 -0.451988 3.547244,
        1.345809 -0.557452 3.547244,
        1.449679 0.142781 3.547244,
        1.393968 -0.422856 3.547244,
        1.428703 -0.284187 3.547244,
        1.449679 -0.142781 3.547244,
        1.456693 0.000000 3.547244,
        1.428703 0.284187 3.547244,
        1.393968 0.422856 3.547244,
        1.345809 0.557452 3.547244,
        1.523306 -0.408197 3.425197,
        1.548405 -0.307997 3.425197,
        1.544326 -0.307185 3.456785,
        1.563562 0.205819 3.425197,
        1.548405 0.307997 3.425197,
        1.544326 0.307185 3.456785,
        1.424196 0.432025 3.543085,
        1.459684 0.290349 3.543085,
        1.452364 0.440570 3.530893,
        1.488554 0.296092 3.530893,
        1.476552 0.447907 3.511497,
        1.513345 0.301023 3.511497,
        1.495113 0.453537 3.486220,
        1.532368 0.304807 3.486220,
        1.506781 0.457077 3.456785,
        1.481115 -0.145877 3.543085,
        1.459684 -0.290349 3.543085,
        1.510408 -0.148762 3.530893,
        1.488554 -0.296092 3.530893,
        1.535563 -0.151240 3.511497,
        1.513345 -0.301023 3.511497,
        1.554866 -0.153141 3.486220,
        1.532368 -0.304807 3.486220,
        1.567000 -0.154336 3.456785,
        1.374993 0.569541 3.543085,
        1.402187 0.580805 3.530893,
        1.425540 0.590478 3.511497,
        1.443459 0.597900 3.486220,
        1.454724 0.602566 3.456785,
        1.458566 0.604158 3.425197,
        1.510760 0.458284 3.425197,
        1.523306 0.408197 3.425197,
        1.571138 0.154744 3.425197,
        1.567000 0.154336 3.456785,
        1.554866 0.153141 3.486220,
        1.535563 0.151240 3.511497,
        1.510408 0.148762 3.530893,
        1.481115 0.145877 3.543085,
        1.488281 0.000000 3.543085,
        1.517717 0.000000 3.530893,
        1.542993 0.000000 3.511497,
        1.562389 0.000000 3.486220,
        1.574581 0.000000 3.456785,
        1.578740 0.000000 3.425197,
        1.571138 -0.154744 3.425197,
        1.563562 -0.205819 3.425197,
        1.510760 -0.458284 3.425197,
        1.506781 -0.457077 3.456785,
        1.495113 -0.453537 3.486220,
        1.476552 -0.447907 3.511497,
        1.452364 -0.440570 3.530893,
        1.424196 -0.432025 3.543085,
        1.374993 -0.569541 3.543085,
        1.402187 -0.580805 3.530893,
        1.425540 -0.590478 3.511497,
        1.443459 -0.597900 3.486220,
        1.454724 -0.602566 3.456785,
        1.458566 -0.604158 3.425197,
        1.458566 0.604158 0.844588,
        1.494957 0.507469 0.844588,
        1.524946 0.408608 0.844588,
        1.548405 0.307997 0.844588,
        1.565234 0.206067 0.844588,
        1.575360 0.103255 0.844588,
        1.578740 0.000000 0.844588,
        1.575360 -0.103255 0.844588,
        1.565234 -0.206067 0.844588,
        1.548405 -0.307997 0.844588,
        1.524946 -0.408608 0.844588,
        1.494957 -0.507469 0.844588,
        1.458566 -0.604158 0.844588,
        1.437726 0.595525 0.773896,
        1.449137 0.600252 0.795733,
        1.485293 0.504189 0.795733,
        1.456183 0.603171 0.819633,
        1.492515 0.506641 0.819633,
        1.555116 0.204735 0.795733,
        1.526281 0.303596 0.773896,
        1.538396 0.306006 0.795733,
        1.501541 0.402365 0.773896,
        1.515089 0.405967 0.795733,
        1.489174 0.451736 0.773896,
        1.472028 0.499657 0.773896,
        1.565177 -0.102587 0.795733,
        1.556183 0.000000 0.773896,
        1.568535 0.000000 0.795733,
        1.551187 0.101698 0.773896,
        1.565177 0.102587 0.795733,
        1.548689 0.152533 0.773896,
        1.541221 0.202878 0.773896,
        1.522455 0.407941 0.819633,
        1.545876 0.307494 0.819633,
        1.562677 0.205730 0.819633,
        1.572787 0.103086 0.819633,
        1.576162 0.000000 0.819633,
        1.572787 -0.103086 0.819633,
        1.562677 -0.205730 0.819633,
        1.545876 -0.307494 0.819633,
        1.522455 -0.407941 0.819633,
        1.555116 -0.204735 0.795733,
        1.538396 -0.306006 0.795733,
        1.515089 -0.405967 0.795733,
        1.489174 -0.451736 0.773896,
        1.501541 -0.402365 0.773896,
        1.526281 -0.303596 0.773896,
        1.541221 -0.202878 0.773896,
        1.548689 -0.152533 0.773896,
        1.551187 -0.101698 0.773896,
        1.472028 -0.499657 0.773896,
        1.485293 -0.504189 0.795733,
        1.492515 -0.506641 0.819633,
        1.456183 -0.603171 0.819633,
        1.449137 -0.600252 0.795733,
        1.437726 -0.595525 0.773896,
        1.408109 -0.583258 0.717227,
        1.494841 -0.297342 0.717227,
        1.524126 0.000000 0.717227,
        1.494841 0.297342 0.717227,
        1.458498 0.442430 0.717227,
        1.516787 0.149391 0.717227,
        1.516787 -0.149391 0.717227,
        1.458498 -0.442430 0.717227,
        1.503157 0.402770 0.406978,
        1.488377 0.451494 0.406978,
        1.458498 0.442430 0.463647,
        1.473596 0.500219 0.406978,
        1.408109 0.583258 0.717227,
        1.439557 0.436685 0.655200,
        1.389823 0.575683 0.655200,
        1.433154 0.434743 0.590437,
        1.383641 0.573123 0.590437,
        1.439557 0.436685 0.525674,
        1.389823 0.575683 0.525674,
        1.408109 0.583258 0.463647,
        1.437726 0.595525 0.406978,
        1.475428 0.293481 0.655200,
        1.468865 0.292176 0.590437,
        1.475428 0.293481 0.525674,
        1.494841 0.297342 0.463647,
        1.526281 0.303596 0.406978,
        1.552851 0.101779 0.406978,
        1.547860 0.152451 0.406978,
        1.516787 0.149391 0.463647,
        1.542870 0.203122 0.406978,
        1.497090 0.147450 0.655200,
        1.490430 0.146794 0.590437,
        1.497090 0.147450 0.525674,
        1.504333 0.000000 0.655200,
        1.497642 0.000000 0.590437,
        1.504333 0.000000 0.525674,
        1.524126 0.000000 0.463647,
        1.556183 0.000000 0.406978,
        1.542870 -0.203122 0.406978,
        1.547860 -0.152451 0.406978,
        1.516787 -0.149391 0.463647,
        1.552851 -0.101779 0.406978,
        1.497090 -0.147450 0.655200,
        1.490430 -0.146794 0.590437,
        1.497090 -0.147450 0.525674,
        1.475428 -0.293481 0.655200,
        1.468865 -0.292176 0.590437,
        1.475428 -0.293481 0.525674,
        1.494841 -0.297342 0.463647,
        1.526281 -0.303596 0.406978,
        1.473596 -0.500219 0.406978,
        1.488377 -0.451494 0.406978,
        1.458498 -0.442430 0.463647,
        1.503157 -0.402770 0.406978,
        1.439557 -0.436685 0.655200,
        1.433154 -0.434743 0.590437,
        1.439557 -0.436685 0.525674,
        1.389823 -0.575683 0.655200,
        1.383641 -0.573123 0.590437,
        1.389823 -0.575683 0.525674,
        1.408109 -0.583258 0.463647,
        1.437726 -0.595525 0.406978,
        1.458566 0.604158 0.336286,
        1.456183 0.603171 0.361241,
        1.492515 0.506641 0.361241,
        1.449137 0.600252 0.385141,
        1.485293 0.504189 0.385141,
        1.515089 0.405967 0.385141,
        1.538396 0.306006 0.385141,
        1.555116 0.204735 0.385141,
        1.565177 0.102587 0.385141,
        1.568535 0.000000 0.385141,
        1.565177 -0.102587 0.385141,
        1.555116 -0.204735 0.385141,
        1.538396 -0.306006 0.385141,
        1.515089 -0.405967 0.385141,
        1.485293 -0.504189 0.385141,
        1.449137 -0.600252 0.385141,
        1.522455 0.407941 0.361241,
        1.545876 0.307494 0.361241,
        1.562677 0.205730 0.361241,
        1.572787 0.103086 0.361241,
        1.576162 0.000000 0.361241,
        1.572787 -0.103086 0.361241,
        1.562677 -0.205730 0.361241,
        1.545876 -0.307494 0.361241,
        1.522455 -0.407941 0.361241,
        1.492515 -0.506641 0.361241,
        1.456183 -0.603171 0.361241,
        1.494957 0.507469 0.336286,
        1.524946 0.408608 0.336286,
        1.548405 0.307997 0.336286,
        1.565234 0.206067 0.336286,
        1.575360 0.103255 0.336286,
        1.578740 0.000000 0.336286,
        1.575360 -0.103255 0.336286,
        1.565234 -0.206067 0.336286,
        1.548405 -0.307997 0.336286,
        1.524946 -0.408608 0.336286,
        1.494957 -0.507469 0.336286,
        1.458566 -0.604158 0.336286,
        1.523306 0.408197 0.118110,
        1.510760 0.458284 0.118110,
        1.458566 0.604158 0.118110,
        1.548405 0.307997 0.118110,
        1.563562 0.205819 0.118110,
        1.571138 0.154744 0.118110,
        1.578740 0.000000 0.118110,
        1.571138 -0.154744 0.118110,
        1.458566 -0.604158 0.118110,
        1.510760 -0.458284 0.118110,
        1.523306 -0.408197 0.118110,
        1.548405 -0.307997 0.118110,
        1.563562 -0.205819 0.118110,
        1.345809 0.557452 -0.003937,
        1.374993 0.569541 0.000222,
        1.424196 0.432025 0.000222,
        1.402187 0.580805 0.012414,
        1.452364 0.440570 0.012414,
        1.425540 0.590478 0.031810,
        1.476552 0.447907 0.031810,
        1.443459 0.597900 0.057087,
        1.495113 0.453537 0.057087,
        1.454724 0.602566 0.086522,
        1.506781 0.457077 0.086522,
        1.567000 0.154336 0.086522,
        1.544326 0.307185 0.086522,
        1.574581 0.000000 0.086522,
        1.567000 -0.154336 0.086522,
        1.544326 -0.307185 0.086522,
        1.506781 -0.457077 0.086522,
        1.454724 -0.602566 0.086522,
        1.532368 0.304807 0.057087,
        1.554866 0.153141 0.057087,
        1.562389 0.000000 0.057087,
        1.554866 -0.153141 0.057087,
        1.532368 -0.304807 0.057087,
        1.495113 -0.453537 0.057087,
        1.443459 -0.597900 0.057087,
        1.513345 0.301023 0.031810,
        1.535563 0.151240 0.031810,
        1.542993 0.000000 0.031810,
        1.535563 -0.151240 0.031810,
        1.513345 -0.301023 0.031810,
        1.476552 -0.447907 0.031810,
        1.425540 -0.590478 0.031810,
        1.488554 0.296092 0.012414,
        1.510408 0.148762 0.012414,
        1.517717 0.000000 0.012414,
        1.510408 -0.148762 0.012414,
        1.488554 -0.296092 0.012414,
        1.452364 -0.440570 0.012414,
        1.402187 -0.580805 0.012414,
        1.459684 0.290349 0.000222,
        1.481115 0.145877 0.000222,
        1.488281 0.000000 0.000222,
        1.481115 -0.145877 0.000222,
        1.459684 -0.290349 0.000222,
        1.424196 -0.432025 0.000222,
        1.374993 -0.569541 0.000222,
        1.393968 0.422856 -0.003937,
        1.428703 0.284187 -0.003937,
        1.449679 0.142781 -0.003937,
        1.456693 0.000000 -0.003937,
        1.449679 -0.142781 -0.003937,
        1.428703 -0.284187 -0.003937,
        1.393968 -0.422856 -0.003937,
        1.345809 -0.557452 -0.003937,
      ]
    }
    coordIndex [
      67, 71, 72, -1,
      70, 69, 73, -1,
      72, 74, 67, -1,
      67, 74, 75, -1,
      67, 75, 68, -1,
      68, 75, 76, -1,
      68, 76, 69, -1,
      69, 76, 77, -1,
      69, 77, 73, -1,
      73, 78, 70, -1,
      70, 78, 79, -1,
      70, 79, 65, -1,
      65, 79, 80, -1,
      65, 80, 66, -1,
      81, 82, 83, -1,
      84, 85, 86, -1,
      79, 78, 87, -1,
      87, 78, 88, -1,
      87, 88, 89, -1,
      89, 88, 90, -1,
      89, 90, 91, -1,
      91, 90, 92, -1,
      91, 92, 93, -1,
      93, 92, 94, -1,
      93, 94, 95, -1,
      95, 94, 86, -1,
      76, 75, 96, -1,
      96, 75, 97, -1,
      96, 97, 98, -1,
      98, 97, 99, -1,
      98, 99, 100, -1,
      100, 99, 101, -1,
      100, 101, 102, -1,
      102, 101, 103, -1,
      102, 103, 104, -1,
      104, 103, 83, -1,
      80, 79, 105, -1,
      105, 79, 87, -1,
      105, 87, 106, -1,
      106, 87, 89, -1,
      106, 89, 107, -1,
      107, 89, 91, -1,
      107, 91, 108, -1,
      108, 91, 93, -1,
      108, 93, 109, -1,
      109, 93, 95, -1,
      109, 95, 110, -1,
      110, 95, 111, -1,
      86, 85, 95, -1,
      95, 85, 112, -1,
      95, 112, 111, -1,
      113, 84, 114, -1,
      114, 84, 86, -1,
      114, 86, 115, -1,
      115, 86, 94, -1,
      115, 94, 116, -1,
      116, 94, 92, -1,
      116, 92, 117, -1,
      117, 92, 90, -1,
      117, 90, 118, -1,
      118, 90, 88, -1,
      118, 88, 73, -1,
      73, 88, 78, -1,
      73, 77, 118, -1,
      118, 77, 119, -1,
      118, 119, 117, -1,
      117, 119, 120, -1,
      117, 120, 116, -1,
      116, 120, 121, -1,
      116, 121, 115, -1,
      115, 121, 122, -1,
      115, 122, 114, -1,
      114, 122, 123, -1,
      114, 123, 113, -1,
      113, 123, 124, -1,
      77, 76, 119, -1,
      119, 76, 96, -1,
      119, 96, 120, -1,
      120, 96, 98, -1,
      120, 98, 121, -1,
      121, 98, 100, -1,
      121, 100, 122, -1,
      122, 100, 102, -1,
      122, 102, 123, -1,
      123, 102, 104, -1,
      123, 104, 124, -1,
      124, 104, 125, -1,
      83, 82, 104, -1,
      104, 82, 126, -1,
      104, 126, 125, -1,
      127, 81, 128, -1,
      128, 81, 83, -1,
      128, 83, 129, -1,
      129, 83, 103, -1,
      129, 103, 130, -1,
      130, 103, 101, -1,
      130, 101, 131, -1,
      131, 101, 99, -1,
      131, 99, 132, -1,
      132, 99, 97, -1,
      132, 97, 74, -1,
      74, 97, 75, -1,
      74, 72, 132, -1,
      132, 72, 133, -1,
      132, 133, 131, -1,
      131, 133, 134, -1,
      131, 134, 130, -1,
      130, 134, 135, -1,
      130, 135, 129, -1,
      129, 135, 136, -1,
      129, 136, 128, -1,
      128, 136, 137, -1,
      128, 137, 127, -1,
      127, 137, 138, -1,
      139, 110, 140, -1,
      140, 110, 111, -1,
      140, 111, 141, -1,
      141, 111, 112, -1,
      141, 112, 142, -1,
      142, 112, 85, -1,
      142, 85, 143, -1,
      143, 85, 84, -1,
      143, 84, 144, -1,
      144, 84, 113, -1,
      144, 113, 145, -1,
      145, 113, 124, -1,
      145, 124, 146, -1,
      146, 124, 125, -1,
      146, 125, 147, -1,
      147, 125, 126, -1,
      147, 126, 148, -1,
      148, 126, 82, -1,
      148, 82, 149, -1,
      149, 82, 81, -1,
      149, 81, 150, -1,
      150, 81, 127, -1,
      150, 127, 151, -1,
      151, 127, 138, -1,
      152, 153, 154, -1,
      153, 155, 156, -1,
      155, 139, 140, -1,
      157, 158, 159, -1,
      159, 158, 160, -1,
      159, 160, 161, -1,
      161, 160, 162, -1,
      161, 162, 154, -1,
      154, 162, 163, -1,
      154, 163, 152, -1,
      164, 165, 166, -1,
      166, 165, 167, -1,
      166, 167, 168, -1,
      168, 167, 169, -1,
      168, 169, 157, -1,
      157, 169, 170, -1,
      157, 170, 158, -1,
      155, 140, 156, -1,
      156, 140, 141, -1,
      156, 141, 171, -1,
      171, 141, 142, -1,
      171, 142, 172, -1,
      172, 142, 143, -1,
      172, 143, 173, -1,
      173, 143, 144, -1,
      173, 144, 174, -1,
      174, 144, 145, -1,
      174, 145, 175, -1,
      175, 145, 146, -1,
      175, 146, 176, -1,
      176, 146, 147, -1,
      176, 147, 177, -1,
      177, 147, 148, -1,
      177, 148, 178, -1,
      178, 148, 149, -1,
      178, 149, 179, -1,
      153, 156, 154, -1,
      154, 156, 171, -1,
      154, 171, 161, -1,
      161, 171, 172, -1,
      161, 172, 159, -1,
      159, 172, 173, -1,
      159, 173, 157, -1,
      157, 173, 174, -1,
      157, 174, 168, -1,
      168, 174, 175, -1,
      168, 175, 166, -1,
      166, 175, 176, -1,
      166, 176, 164, -1,
      164, 176, 177, -1,
      164, 177, 180, -1,
      180, 177, 178, -1,
      180, 178, 181, -1,
      181, 178, 179, -1,
      181, 179, 182, -1,
      183, 184, 182, -1,
      182, 184, 185, -1,
      182, 185, 181, -1,
      181, 185, 186, -1,
      181, 186, 180, -1,
      180, 186, 187, -1,
      180, 187, 164, -1,
      164, 187, 188, -1,
      164, 188, 165, -1,
      189, 183, 190, -1,
      190, 183, 182, -1,
      190, 182, 191, -1,
      191, 182, 179, -1,
      191, 179, 150, -1,
      150, 179, 149, -1,
      150, 151, 191, -1,
      191, 151, 192, -1,
      191, 192, 190, -1,
      190, 192, 193, -1,
      190, 193, 189, -1,
      189, 193, 194, -1,
      189, 194, 195, -1,
      186, 185, 196, -1,
      167, 165, 197, -1,
      160, 158, 198, -1,
      152, 163, 199, -1,
      199, 163, 162, -1,
      199, 162, 160, -1,
      158, 170, 200, -1,
      200, 170, 169, -1,
      200, 169, 167, -1,
      165, 188, 201, -1,
      201, 188, 187, -1,
      201, 187, 186, -1,
      185, 184, 202, -1,
      202, 184, 183, -1,
      202, 183, 189, -1,
      203, 204, 205, -1,
      205, 204, 206, -1,
      152, 199, 207, -1,
      207, 199, 208, -1,
      207, 208, 209, -1,
      209, 208, 210, -1,
      209, 210, 211, -1,
      211, 210, 212, -1,
      211, 212, 213, -1,
      213, 212, 205, -1,
      213, 205, 214, -1,
      214, 205, 206, -1,
      214, 206, 215, -1,
      160, 198, 199, -1,
      199, 198, 216, -1,
      199, 216, 208, -1,
      208, 216, 217, -1,
      208, 217, 210, -1,
      210, 217, 218, -1,
      210, 218, 212, -1,
      212, 218, 219, -1,
      212, 219, 205, -1,
      205, 219, 220, -1,
      205, 220, 203, -1,
      221, 222, 223, -1,
      223, 222, 224, -1,
      158, 200, 198, -1,
      198, 200, 225, -1,
      198, 225, 216, -1,
      216, 225, 226, -1,
      216, 226, 217, -1,
      217, 226, 227, -1,
      217, 227, 218, -1,
      218, 227, 223, -1,
      218, 223, 219, -1,
      219, 223, 224, -1,
      219, 224, 220, -1,
      167, 197, 200, -1,
      200, 197, 228, -1,
      200, 228, 225, -1,
      225, 228, 229, -1,
      225, 229, 226, -1,
      226, 229, 230, -1,
      226, 230, 227, -1,
      227, 230, 231, -1,
      227, 231, 223, -1,
      223, 231, 232, -1,
      223, 232, 221, -1,
      233, 234, 235, -1,
      235, 234, 236, -1,
      165, 201, 197, -1,
      197, 201, 237, -1,
      197, 237, 228, -1,
      228, 237, 238, -1,
      228, 238, 229, -1,
      229, 238, 239, -1,
      229, 239, 230, -1,
      230, 239, 235, -1,
      230, 235, 231, -1,
      231, 235, 236, -1,
      231, 236, 232, -1,
      186, 196, 201, -1,
      201, 196, 240, -1,
      201, 240, 237, -1,
      237, 240, 241, -1,
      237, 241, 238, -1,
      238, 241, 242, -1,
      238, 242, 239, -1,
      239, 242, 243, -1,
      239, 243, 235, -1,
      235, 243, 244, -1,
      235, 244, 233, -1,
      245, 246, 247, -1,
      247, 246, 248, -1,
      185, 202, 196, -1,
      196, 202, 249, -1,
      196, 249, 240, -1,
      240, 249, 250, -1,
      240, 250, 241, -1,
      241, 250, 251, -1,
      241, 251, 242, -1,
      242, 251, 247, -1,
      242, 247, 243, -1,
      243, 247, 248, -1,
      243, 248, 244, -1,
      189, 195, 202, -1,
      202, 195, 252, -1,
      202, 252, 249, -1,
      249, 252, 253, -1,
      249, 253, 250, -1,
      250, 253, 254, -1,
      250, 254, 251, -1,
      251, 254, 255, -1,
      251, 255, 247, -1,
      247, 255, 256, -1,
      247, 256, 245, -1,
      257, 258, 259, -1,
      258, 260, 261, -1,
      260, 215, 206, -1,
      260, 206, 261, -1,
      261, 206, 204, -1,
      261, 204, 262, -1,
      204, 203, 262, -1,
      262, 203, 220, -1,
      262, 220, 263, -1,
      263, 220, 224, -1,
      263, 224, 264, -1,
      264, 224, 222, -1,
      264, 222, 265, -1,
      222, 221, 265, -1,
      265, 221, 232, -1,
      265, 232, 266, -1,
      266, 232, 236, -1,
      266, 236, 267, -1,
      267, 236, 234, -1,
      267, 234, 268, -1,
      234, 233, 268, -1,
      268, 233, 244, -1,
      268, 244, 269, -1,
      269, 244, 248, -1,
      269, 248, 270, -1,
      270, 248, 246, -1,
      270, 246, 271, -1,
      246, 245, 271, -1,
      271, 245, 256, -1,
      271, 256, 272, -1,
      258, 261, 259, -1,
      259, 261, 262, -1,
      259, 262, 273, -1,
      273, 262, 263, -1,
      273, 263, 274, -1,
      274, 263, 264, -1,
      274, 264, 275, -1,
      275, 264, 265, -1,
      275, 265, 276, -1,
      276, 265, 266, -1,
      276, 266, 277, -1,
      277, 266, 267, -1,
      277, 267, 278, -1,
      278, 267, 268, -1,
      278, 268, 279, -1,
      279, 268, 269, -1,
      279, 269, 280, -1,
      280, 269, 270, -1,
      280, 270, 281, -1,
      281, 270, 271, -1,
      281, 271, 282, -1,
      282, 271, 272, -1,
      282, 272, 283, -1,
      257, 259, 284, -1,
      284, 259, 273, -1,
      284, 273, 285, -1,
      285, 273, 274, -1,
      285, 274, 286, -1,
      286, 274, 275, -1,
      286, 275, 287, -1,
      287, 275, 276, -1,
      287, 276, 288, -1,
      288, 276, 277, -1,
      288, 277, 289, -1,
      289, 277, 278, -1,
      289, 278, 290, -1,
      290, 278, 279, -1,
      290, 279, 291, -1,
      291, 279, 280, -1,
      291, 280, 292, -1,
      292, 280, 281, -1,
      292, 281, 293, -1,
      293, 281, 282, -1,
      293, 282, 294, -1,
      294, 282, 283, -1,
      294, 283, 295, -1,
      285, 296, 297, -1,
      285, 297, 284, -1,
      284, 297, 298, -1,
      284, 298, 257, -1,
      296, 285, 299, -1,
      299, 285, 286, -1,
      299, 286, 300, -1,
      300, 286, 287, -1,
      300, 287, 301, -1,
      301, 287, 288, -1,
      301, 288, 302, -1,
      291, 303, 290, -1,
      290, 303, 302, -1,
      290, 302, 289, -1,
      289, 302, 288, -1,
      295, 304, 294, -1,
      294, 304, 305, -1,
      294, 305, 293, -1,
      293, 305, 306, -1,
      293, 306, 292, -1,
      292, 306, 307, -1,
      292, 307, 291, -1,
      291, 307, 308, -1,
      291, 308, 303, -1,
      309, 310, 311, -1,
      310, 312, 313, -1,
      312, 314, 315, -1,
      314, 316, 317, -1,
      316, 318, 319, -1,
      300, 320, 299, -1,
      299, 320, 321, -1,
      299, 321, 296, -1,
      296, 321, 319, -1,
      296, 319, 297, -1,
      297, 319, 318, -1,
      297, 318, 298, -1,
      300, 301, 320, -1,
      320, 301, 302, -1,
      320, 302, 322, -1,
      322, 302, 303, -1,
      322, 303, 323, -1,
      323, 303, 308, -1,
      323, 308, 324, -1,
      324, 308, 307, -1,
      324, 307, 325, -1,
      325, 307, 306, -1,
      306, 305, 325, -1,
      325, 305, 304, -1,
      325, 304, 326, -1,
      316, 319, 317, -1,
      317, 319, 321, -1,
      317, 321, 327, -1,
      327, 321, 320, -1,
      327, 320, 328, -1,
      328, 320, 322, -1,
      328, 322, 329, -1,
      329, 322, 323, -1,
      329, 323, 330, -1,
      330, 323, 324, -1,
      330, 324, 331, -1,
      331, 324, 325, -1,
      331, 325, 332, -1,
      332, 325, 326, -1,
      332, 326, 333, -1,
      314, 317, 315, -1,
      315, 317, 327, -1,
      315, 327, 334, -1,
      334, 327, 328, -1,
      334, 328, 335, -1,
      335, 328, 329, -1,
      335, 329, 336, -1,
      336, 329, 330, -1,
      336, 330, 337, -1,
      337, 330, 331, -1,
      337, 331, 338, -1,
      338, 331, 332, -1,
      338, 332, 339, -1,
      339, 332, 333, -1,
      339, 333, 340, -1,
      312, 315, 313, -1,
      313, 315, 334, -1,
      313, 334, 341, -1,
      341, 334, 335, -1,
      341, 335, 342, -1,
      342, 335, 336, -1,
      342, 336, 343, -1,
      343, 336, 337, -1,
      343, 337, 344, -1,
      344, 337, 338, -1,
      344, 338, 345, -1,
      345, 338, 339, -1,
      345, 339, 346, -1,
      346, 339, 340, -1,
      346, 340, 347, -1,
      310, 313, 311, -1,
      311, 313, 341, -1,
      311, 341, 348, -1,
      348, 341, 342, -1,
      348, 342, 349, -1,
      349, 342, 343, -1,
      349, 343, 350, -1,
      350, 343, 344, -1,
      350, 344, 351, -1,
      351, 344, 345, -1,
      351, 345, 352, -1,
      352, 345, 346, -1,
      352, 346, 353, -1,
      353, 346, 347, -1,
      353, 347, 354, -1,
      309, 311, 355, -1,
      355, 311, 348, -1,
      355, 348, 356, -1,
      356, 348, 349, -1,
      356, 349, 357, -1,
      357, 349, 350, -1,
      357, 350, 358, -1,
      358, 350, 351, -1,
      358, 351, 359, -1,
      359, 351, 352, -1,
      359, 352, 360, -1,
      360, 352, 353, -1,
      360, 353, 361, -1,
      361, 353, 354, -1,
      361, 354, 362, -1,
      60, 64, 309, -1,
      63, 361, 58, -1,
      58, 361, 362, -1,
      58, 362, 59, -1,
      62, 359, 63, -1,
      63, 359, 360, -1,
      63, 360, 361, -1,
      309, 355, 60, -1,
      60, 355, 356, -1,
      60, 356, 61, -1,
      61, 356, 357, -1,
      61, 357, 62, -1,
      62, 357, 358, -1,
      62, 358, 359, -1,
      6, 59, 7, -1,
      7, 59, 362, -1,
      7, 362, 8, -1,
      8, 362, 354, -1,
      8, 354, 9, -1,
      9, 354, 347, -1,
      9, 347, 10, -1,
      10, 347, 340, -1,
      10, 340, 11, -1,
      11, 340, 333, -1,
      11, 333, 12, -1,
      12, 333, 326, -1,
      12, 326, 2, -1,
      2, 326, 304, -1,
      2, 304, 3, -1,
      3, 304, 295, -1,
      3, 295, 52, -1,
      52, 295, 283, -1,
      52, 283, 53, -1,
      53, 283, 272, -1,
      53, 272, 26, -1,
      26, 272, 256, -1,
      26, 256, 25, -1,
      25, 256, 255, -1,
      25, 255, 24, -1,
      24, 255, 254, -1,
      24, 254, 23, -1,
      23, 254, 253, -1,
      23, 253, 22, -1,
      22, 253, 252, -1,
      22, 252, 20, -1,
      20, 252, 195, -1,
      20, 195, 21, -1,
      21, 195, 194, -1,
      21, 194, 55, -1,
      55, 194, 193, -1,
      55, 193, 56, -1,
      56, 193, 192, -1,
      56, 192, 49, -1,
      49, 192, 151, -1,
      49, 151, 41, -1,
      41, 151, 138, -1,
      41, 138, 40, -1,
      40, 138, 137, -1,
      40, 137, 39, -1,
      39, 137, 136, -1,
      39, 136, 38, -1,
      38, 136, 135, -1,
      38, 135, 37, -1,
      37, 135, 134, -1,
      37, 134, 36, -1,
      36, 134, 133, -1,
      36, 133, 32, -1,
      32, 133, 72, -1,
      32, 72, 33, -1,
      33, 72, 71, -1,
      34, 66, 35, -1,
      35, 66, 80, -1,
      35, 80, 47, -1,
      47, 80, 105, -1,
      47, 105, 46, -1,
      46, 105, 106, -1,
      46, 106, 45, -1,
      45, 106, 107, -1,
      45, 107, 44, -1,
      44, 107, 108, -1,
      44, 108, 43, -1,
      43, 108, 109, -1,
      43, 109, 42, -1,
      42, 109, 110, -1,
      42, 110, 48, -1,
      48, 110, 139, -1,
      48, 139, 54, -1,
      54, 139, 155, -1,
      54, 155, 57, -1,
      57, 155, 153, -1,
      57, 153, 18, -1,
      18, 153, 152, -1,
      18, 152, 19, -1,
      19, 152, 207, -1,
      19, 207, 27, -1,
      27, 207, 209, -1,
      27, 209, 28, -1,
      28, 209, 211, -1,
      28, 211, 29, -1,
      29, 211, 213, -1,
      29, 213, 30, -1,
      30, 213, 214, -1,
      30, 214, 31, -1,
      31, 214, 215, -1,
      31, 215, 50, -1,
      50, 215, 260, -1,
      50, 260, 51, -1,
      51, 260, 258, -1,
      51, 258, 0, -1,
      0, 258, 257, -1,
      0, 257, 1, -1,
      1, 257, 298, -1,
      1, 298, 13, -1,
      13, 298, 318, -1,
      13, 318, 14, -1,
      14, 318, 316, -1,
      14, 316, 15, -1,
      15, 316, 314, -1,
      15, 314, 16, -1,
      16, 314, 312, -1,
      16, 312, 17, -1,
      17, 312, 310, -1,
      17, 310, 5, -1,
      5, 310, 309, -1,
      5, 309, 4, -1,
      4, 309, 64, -1,
    ]
  }
}

Shape {
  appearance Appearance {
    material Material {
      diffuseColor 0.7529 0.7529 0.7529
      specularColor 0.3765 0.3765 0.3765
      ambientIntensity 0.2
      transparency 0.0000
      shininess 0.5
    }
  }
  geometry IndexedFaceSet {
    ccw TRUE
    solid FALSE
    coord DEF co Coordinate {
      point [
        0.059055 0.059055 3.464567,
        0.059055 0.984252 3.464567,
        0.059055 0.059055 3.425197,
        0.059055 0.984252 3.425197,
        -0.059055 0.059055 3.425197,
        -0.059055 0.984252 3.425197,
        -0.059055 0.059055 3.464567,
        -0.059055 0.984252 3.464567,
        -0.059055 -0.059055 3.464567,
        -0.984252 -0.059055 3.464567,
        0.984252 0.059055 3.464567,
        0.984252 -0.059055 3.464567,
        0.059055 -0.059055 3.464567,
        0.059055 -0.984252 3.464567,
        -0.059055 -0.984252 3.464567,
        -0.984252 0.059055 3.464567,
        0.059055 -0.059055 3.425197,
        0.059055 -0.984252 3.425197,
        -0.059055 -0.984252 3.425197,
        -0.059055 -0.059055 3.425197,
        -0.984252 0.059055 3.425197,
        -0.984252 -0.059055 3.425197,
        0.984252 -0.059055 3.425197,
        0.984252 0.059055 3.425197,
      ]
    }
    coordIndex [
      5, 3, 7, -1,
      7, 3, 1, -1,
      16, 17, 12, -1,
      12, 17, 13, -1,
      17, 18, 13, -1,
      13, 18, 14, -1,
      8, 14, 19, -1,
      19, 14, 18, -1,
      20, 21, 4, -1,
      4, 21, 19, -1,
      22, 23, 16, -1,
      16, 23, 2, -1,
      3, 5, 2, -1,
      2, 5, 4, -1,
      2, 4, 16, -1,
      16, 4, 19, -1,
      16, 19, 17, -1,
      17, 19, 18, -1,
      9, 8, 21, -1,
      21, 8, 19, -1,
      20, 4, 15, -1,
      15, 4, 6, -1,
      21, 20, 9, -1,
      9, 20, 15, -1,
      10, 0, 23, -1,
      23, 0, 2, -1,
      22, 16, 11, -1,
      11, 16, 12, -1,
      23, 22, 10, -1,
      10, 22, 11, -1,
    ]
  }
}

Shape {
  appearance Appearance {
    material Material {
      diffuseColor 1.0000 1.0000 1.0000
      specularColor 0.5020 0.5020 0.5020
      ambientIntensity 0.2
      transparency 0.0000
      shininess 0.5
    }
  }
  geometry IndexedFaceSet {
    ccw TRUE
    solid FALSE
    coord DEF co Coordinate {
      point [
        -0.276520 1.550336 1.471381,
        -0.276520 1.550336 1.631520,
        -0.357307 1.533733 1.631520,
        -0.357307 1.533733 1.613100,
        -0.360855 1.532902 1.489639,
        -0.296847 1.546572 1.543509,
        -0.296847 1.546572 1.489639,
        -0.352881 1.534757 1.543509,
        -0.352881 1.534757 1.561848,
        -0.296847 1.546572 1.561848,
        -0.296847 1.546572 1.613100,
        -0.390233 1.525688 1.471381,
        -0.432747 1.514178 1.471381,
        -0.454197 1.507859 1.473916,
        -0.490943 1.496322 1.492662,
        -0.490166 1.496577 1.491941,
        -0.479495 1.500011 1.484411,
        -0.474533 1.501607 1.480909,
        -0.467476 1.503793 1.478198,
        -0.457276 1.506952 1.474280,
        -0.451246 1.508737 1.629579,
        -0.456676 1.507136 1.628956,
        -0.360855 1.532902 1.471381,
        -0.390233 1.525688 1.631520,
        -0.434321 1.513727 1.631520,
        -0.466153 1.504199 1.625435,
        -0.475713 1.501236 1.621884,
        -0.479728 1.499939 1.619064,
        -0.490941 1.496316 1.611187,
        -0.492181 1.495915 1.610316,
        -0.497832 1.494047 1.604344,
        -0.498233 1.493915 1.603919,
        -0.504696 1.491745 1.594022,
        -0.507522 1.490797 1.589695,
        -0.509583 1.490090 1.583793,
        -0.512757 1.489000 1.574702,
        -0.513053 1.488897 1.571989,
        -0.515065 1.488191 1.553498,
        -0.514612 1.488348 1.543739,
        -0.514326 1.488447 1.542189,
        -0.511766 1.489329 1.528304,
        -0.511282 1.489495 1.525683,
        -0.507297 1.490852 1.516496,
        -0.504076 1.491949 1.509069,
        -0.501251 1.492891 1.505446,
        -0.492181 1.495915 1.493814,
        -0.055671 1.573819 1.631520,
        -0.055671 1.573819 1.489639,
        -0.119345 1.570274 1.489639,
        -0.244911 1.555643 1.497826,
        -0.244911 1.555643 1.478013,
        -0.242918 1.555955 1.477023,
        -0.236574 1.556909 1.474915,
        -0.225081 1.558637 1.471096,
        -0.222372 1.559006 1.470824,
        -0.201026 1.561920 1.468680,
        -0.195665 1.562600 1.468854,
        -0.193304 1.562881 1.469258,
        -0.177885 1.564710 1.471903,
        -0.175401 1.565005 1.472329,
        -0.167139 1.565890 1.476080,
        -0.160287 1.566624 1.479190,
        -0.119345 1.570274 1.471381,
        -0.156975 1.566948 1.481887,
        -0.146348 1.567988 1.490539,
        -0.144261 1.568182 1.492903,
        -0.144256 1.568183 1.492911,
        -0.035007 1.574414 1.471381,
        -0.035007 1.574414 1.631520,
        -0.227968 1.558217 1.632517,
        -0.212223 1.560413 1.633820,
        -0.207358 1.561092 1.634222,
        -0.231949 1.557612 1.631378,
        -0.244911 1.555643 1.627672,
        -0.244911 1.555643 1.606059,
        -0.136699 1.568862 1.504212,
        -0.134392 1.569069 1.507661,
        -0.131582 1.569305 1.515443,
        -0.128537 1.569560 1.523876,
        -0.128028 1.569599 1.528572,
        -0.125875 1.569764 1.548422,
        -0.125922 1.569761 1.551233,
        -0.126065 1.569749 1.552258,
        -0.128806 1.569526 1.571994,
        -0.129417 1.569476 1.576397,
        -0.132891 1.569182 1.584896,
        -0.136761 1.568854 1.594361,
        -0.139672 1.568589 1.598261,
        -0.148915 1.567746 1.610643,
        -0.151055 1.567541 1.612653,
        -0.153353 1.567320 1.614811,
        -0.162963 1.566335 1.621429,
        -0.168957 1.565721 1.625556,
        -0.175464 1.564985 1.627983,
        -0.185260 1.563876 1.631639,
        -0.188179 1.563507 1.631980,
        -0.189168 1.563400 1.612940,
        -0.209810 1.560764 1.487315,
        -0.219354 1.559423 1.489003,
        -0.228581 1.558126 1.490634,
        -0.232666 1.557505 1.492433,
        -0.199170 1.562154 1.614923,
        -0.223428 1.558854 1.613543,
        -0.207561 1.561065 1.615556,
        -0.200539 1.561984 1.615194,
        -0.187412 1.563618 1.612591,
        -0.180163 1.564459 1.609287,
        -0.176175 1.564922 1.607469,
        -0.172283 1.565344 1.604315,
        -0.164231 1.566216 1.597790,
        -0.162884 1.566357 1.596255,
        -0.157441 1.566909 1.588095,
        -0.154804 1.567176 1.584144,
        -0.152801 1.567371 1.578658,
        -0.149856 1.567657 1.570592,
        -0.149568 1.567684 1.568047,
        -0.147489 1.567881 1.549650,
        -0.147931 1.567841 1.545462,
        -0.149516 1.567696 1.530476,
        -0.149595 1.567689 1.529731,
        -0.152858 1.567372 1.520815,
        -0.154510 1.567211 1.516302,
        -0.157303 1.566926 1.512305,
        -0.163131 1.566331 1.503966,
        -0.165760 1.566056 1.501376,
        -0.166607 1.565963 1.500750,
        -0.174220 1.565136 1.495129,
        -0.176011 1.564941 1.493806,
        -0.181864 1.564263 1.491385,
        -0.186726 1.563700 1.489375,
        -0.190470 1.563230 1.488881,
        -0.203990 1.561535 1.487100,
        -0.227130 1.558338 1.613074,
        -0.236258 1.556954 1.609473,
        -0.055810 1.577753 1.631520,
        -0.055810 1.577753 1.489639,
        -0.035095 1.578350 1.631520,
        -0.035095 1.578350 1.471381,
        -0.119644 1.574200 1.471381,
        -0.119644 1.574200 1.489639,
        -0.204500 1.565439 1.487100,
        -0.208706 1.564884 1.487221,
        -0.219893 1.563318 1.489087,
        -0.229126 1.562025 1.490626,
        -0.233247 1.561398 1.492435,
        -0.245523 1.559531 1.497826,
        -0.163537 1.570247 1.503969,
        -0.166996 1.569882 1.500700,
        -0.167898 1.569787 1.499848,
        -0.174675 1.569042 1.495172,
        -0.177226 1.568761 1.493412,
        -0.182310 1.568170 1.491375,
        -0.187272 1.567594 1.489386,
        -0.190948 1.567134 1.488898,
        -0.147857 1.571801 1.549650,
        -0.148345 1.571755 1.545471,
        -0.150091 1.571589 1.530501,
        -0.150247 1.571574 1.529159,
        -0.153331 1.571275 1.520851,
        -0.155149 1.571098 1.515952,
        -0.157699 1.570839 1.512308,
        -0.149936 1.571604 1.568048,
        -0.150216 1.571578 1.570529,
        -0.153263 1.571281 1.578623,
        -0.155735 1.571040 1.585190,
        -0.157798 1.570830 1.588108,
        -0.164644 1.570131 1.597793,
        -0.208080 1.564968 1.615556,
        -0.201278 1.565857 1.615204,
        -0.199673 1.566056 1.614891,
        -0.189641 1.567303 1.612932,
        -0.188106 1.567494 1.612631,
        -0.180631 1.568363 1.609244,
        -0.176559 1.568836 1.607399,
        -0.172720 1.569254 1.604304,
        -0.245523 1.559531 1.606059,
        -0.236874 1.560846 1.609547,
        -0.228925 1.562054 1.612752,
        -0.223967 1.562747 1.613419,
        -0.245523 1.559531 1.627672,
        -0.207877 1.564994 1.634222,
        -0.212757 1.564315 1.633839,
        -0.227634 1.562243 1.632670,
        -0.232511 1.561504 1.631307,
        -0.149287 1.571666 1.610643,
        -0.151425 1.571460 1.612661,
        -0.153101 1.571299 1.614243,
        -0.163383 1.570244 1.621415,
        -0.168969 1.569672 1.625311,
        -0.175890 1.568895 1.628039,
        -0.183409 1.568050 1.631002,
        -0.188688 1.567391 1.631697,
        -0.126190 1.573689 1.548422,
        -0.126272 1.573682 1.552274,
        -0.126276 1.573682 1.552466,
        -0.129180 1.573446 1.571981,
        -0.129948 1.573383 1.577143,
        -0.133177 1.573109 1.584911,
        -0.137107 1.572775 1.594369,
        -0.140020 1.572510 1.598261,
        -0.146713 1.571908 1.490539,
        -0.146093 1.571966 1.491223,
        -0.144803 1.572082 1.493044,
        -0.136935 1.572787 1.504150,
        -0.135812 1.572888 1.505735,
        -0.132128 1.573198 1.515533,
        -0.129019 1.573459 1.523804,
        -0.128469 1.573504 1.528589,
        -0.201529 1.565824 1.468680,
        -0.194991 1.566652 1.468926,
        -0.193770 1.566796 1.469149,
        -0.178344 1.568617 1.471972,
        -0.175071 1.569003 1.472571,
        -0.167540 1.569808 1.476035,
        -0.160669 1.570543 1.479196,
        -0.157363 1.570867 1.481883,
        -0.245523 1.559531 1.478013,
        -0.237141 1.560804 1.474941,
        -0.228277 1.562149 1.471694,
        -0.222893 1.562889 1.471087,
        -0.297589 1.550439 1.543509,
        -0.297589 1.550439 1.489639,
        -0.353763 1.538594 1.543509,
        -0.353763 1.538594 1.561848,
        -0.297589 1.550439 1.561848,
        -0.297589 1.550439 1.613100,
        -0.358201 1.537567 1.613100,
        -0.358201 1.537567 1.631520,
        -0.277212 1.554212 1.631520,
        -0.277212 1.554212 1.471381,
        -0.361757 1.536734 1.471381,
        -0.361757 1.536734 1.489639,
        -0.435407 1.517511 1.631520,
        -0.391208 1.529502 1.631520,
        -0.452375 1.512507 1.629582,
        -0.457781 1.510913 1.628964,
        -0.467318 1.507957 1.625434,
        -0.476888 1.504991 1.621892,
        -0.480927 1.503687 1.619062,
        -0.493412 1.499655 1.610316,
        -0.499043 1.497789 1.604311,
        -0.499885 1.497510 1.603413,
        -0.505954 1.495464 1.594024,
        -0.508768 1.494515 1.589670,
        -0.510830 1.493809 1.583783,
        -0.513994 1.492726 1.574745,
        -0.514301 1.492620 1.571985,
        -0.516352 1.491912 1.553498,
        -0.515417 1.492234 1.542228,
        -0.516063 1.492012 1.545815,
        -0.493412 1.499655 1.493814,
        -0.502510 1.496622 1.505443,
        -0.505324 1.495683 1.509040,
        -0.508619 1.494561 1.516476,
        -0.512263 1.493321 1.524701,
        -0.512916 1.493096 1.528330,
        -0.433829 1.517963 1.471381,
        -0.455327 1.511628 1.473954,
        -0.458632 1.510654 1.474349,
        -0.468604 1.507561 1.478291,
        -0.477022 1.504948 1.481619,
        -0.480711 1.503757 1.484364,
        -0.391208 1.529502 1.471381,
        -0.478031 1.504628 1.505058,
        -0.477093 1.504926 1.504176,
        -0.469998 1.507148 1.499252,
        -0.466307 1.508304 1.496690,
        -0.461434 1.509788 1.494846,
        -0.453862 1.512094 1.491980,
        -0.451633 1.512748 1.491721,
        -0.433711 1.517997 1.489639,
        -0.411252 1.524235 1.489639,
        -0.411252 1.524235 1.613100,
        -0.434618 1.517738 1.613100,
        -0.450284 1.513150 1.611330,
        -0.453128 1.512317 1.611008,
        -0.461524 1.509758 1.607996,
        -0.467162 1.508041 1.605974,
        -0.471163 1.506783 1.603283,
        -0.478966 1.504331 1.598035,
        -0.482796 1.503105 1.593929,
        -0.483730 1.502806 1.592929,
        -0.487780 1.501494 1.586515,
        -0.489733 1.500861 1.583422,
        -0.491338 1.500335 1.578787,
        -0.493634 1.499582 1.572160,
        -0.493888 1.499498 1.569806,
        -0.495711 1.498896 1.552924,
        -0.495560 1.498947 1.547857,
        -0.495228 1.499056 1.545733,
        -0.493048 1.499774 1.531767,
        -0.492724 1.499881 1.529693,
        -0.489879 1.500811 1.522861,
        -0.487558 1.501569 1.517288,
        -0.485030 1.502381 1.513898,
        -0.479396 1.504194 1.506340,
        -0.432629 1.514212 1.489639,
        -0.410226 1.520434 1.489639,
        -0.478200 1.500443 1.506340,
        -0.477243 1.500748 1.505410,
        -0.476817 1.500881 1.505095,
        -0.468849 1.503384 1.499199,
        -0.450506 1.508975 1.491721,
        -0.452713 1.508329 1.491978,
        -0.460243 1.506031 1.494940,
        -0.466325 1.504176 1.497332,
        -0.494475 1.495159 1.552924,
        -0.494149 1.495266 1.545702,
        -0.494102 1.495282 1.544664,
        -0.491677 1.496080 1.531805,
        -0.490920 1.496330 1.527793,
        -0.488754 1.497037 1.522821,
        -0.486346 1.497822 1.517295,
        -0.483820 1.498635 1.513897,
        -0.477771 1.500580 1.598035,
        -0.481624 1.499347 1.593962,
        -0.482011 1.499223 1.593553,
        -0.486529 1.497760 1.586489,
        -0.492663 1.495757 1.569806,
        -0.492418 1.495837 1.572085,
        -0.490117 1.496591 1.578790,
        -0.488571 1.497098 1.583297,
        -0.433534 1.513953 1.613100,
        -0.449160 1.509375 1.611327,
        -0.452026 1.508535 1.611002,
        -0.460372 1.505992 1.607997,
        -0.466007 1.504275 1.605969,
        -0.469988 1.503024 1.603284,
        -0.410226 1.520434 1.613100,
      ]
    }
    coordIndex [
      46, 134, 47, -1,
      47, 134, 135, -1,
      68, 136, 46, -1,
      46, 136, 134, -1,
      67, 137, 68, -1,
      68, 137, 136, -1,
      62, 138, 67, -1,
      67, 138, 137, -1,
      48, 139, 62, -1,
      62, 139, 138, -1,
      135, 139, 47, -1,
      47, 139, 48, -1,
      134, 136, 135, -1,
      135, 136, 137, -1,
      135, 137, 139, -1,
      139, 137, 138, -1,
      131, 140, 97, -1,
      97, 140, 141, -1,
      97, 141, 98, -1,
      98, 141, 142, -1,
      98, 142, 99, -1,
      99, 142, 143, -1,
      99, 143, 100, -1,
      100, 143, 144, -1,
      100, 144, 49, -1,
      49, 144, 145, -1,
      123, 146, 124, -1,
      124, 146, 147, -1,
      124, 147, 125, -1,
      125, 147, 148, -1,
      125, 148, 126, -1,
      126, 148, 149, -1,
      126, 149, 127, -1,
      127, 149, 150, -1,
      127, 150, 128, -1,
      128, 150, 151, -1,
      128, 151, 129, -1,
      129, 151, 152, -1,
      129, 152, 130, -1,
      130, 152, 153, -1,
      130, 153, 131, -1,
      131, 153, 140, -1,
      116, 154, 117, -1,
      117, 154, 155, -1,
      117, 155, 118, -1,
      118, 155, 156, -1,
      118, 156, 119, -1,
      119, 156, 157, -1,
      119, 157, 120, -1,
      120, 157, 158, -1,
      120, 158, 121, -1,
      121, 158, 159, -1,
      121, 159, 122, -1,
      122, 159, 160, -1,
      122, 160, 123, -1,
      123, 160, 146, -1,
      154, 116, 161, -1,
      161, 116, 115, -1,
      161, 115, 162, -1,
      162, 115, 114, -1,
      162, 114, 163, -1,
      163, 114, 113, -1,
      163, 113, 164, -1,
      164, 113, 112, -1,
      164, 112, 165, -1,
      165, 112, 111, -1,
      165, 111, 166, -1,
      166, 111, 110, -1,
      166, 110, 109, -1,
      103, 167, 104, -1,
      104, 167, 168, -1,
      104, 168, 101, -1,
      101, 168, 169, -1,
      101, 169, 96, -1,
      96, 169, 170, -1,
      96, 170, 105, -1,
      105, 170, 171, -1,
      105, 171, 106, -1,
      106, 171, 172, -1,
      106, 172, 107, -1,
      107, 172, 173, -1,
      107, 173, 108, -1,
      108, 173, 174, -1,
      108, 174, 109, -1,
      109, 174, 166, -1,
      74, 175, 133, -1,
      133, 175, 176, -1,
      133, 176, 132, -1,
      132, 176, 177, -1,
      132, 177, 102, -1,
      102, 177, 178, -1,
      102, 178, 103, -1,
      103, 178, 167, -1,
      73, 179, 74, -1,
      74, 179, 175, -1,
      71, 180, 70, -1,
      70, 180, 181, -1,
      70, 181, 69, -1,
      69, 181, 182, -1,
      69, 182, 72, -1,
      72, 182, 183, -1,
      72, 183, 73, -1,
      73, 183, 179, -1,
      88, 184, 89, -1,
      89, 184, 185, -1,
      89, 185, 90, -1,
      90, 185, 186, -1,
      90, 186, 91, -1,
      91, 186, 187, -1,
      91, 187, 92, -1,
      92, 187, 188, -1,
      92, 188, 93, -1,
      93, 188, 189, -1,
      93, 189, 94, -1,
      94, 189, 190, -1,
      94, 190, 95, -1,
      95, 190, 191, -1,
      95, 191, 71, -1,
      71, 191, 180, -1,
      80, 192, 81, -1,
      81, 192, 193, -1,
      81, 193, 82, -1,
      82, 193, 194, -1,
      82, 194, 83, -1,
      83, 194, 195, -1,
      83, 195, 84, -1,
      84, 195, 196, -1,
      84, 196, 85, -1,
      85, 196, 197, -1,
      85, 197, 86, -1,
      86, 197, 198, -1,
      86, 198, 87, -1,
      87, 198, 199, -1,
      87, 199, 88, -1,
      88, 199, 184, -1,
      64, 200, 65, -1,
      65, 200, 201, -1,
      65, 201, 66, -1,
      66, 201, 202, -1,
      66, 202, 75, -1,
      75, 202, 203, -1,
      75, 203, 76, -1,
      76, 203, 204, -1,
      76, 204, 77, -1,
      77, 204, 205, -1,
      77, 205, 78, -1,
      78, 205, 206, -1,
      78, 206, 79, -1,
      79, 206, 207, -1,
      79, 207, 80, -1,
      80, 207, 192, -1,
      55, 208, 56, -1,
      56, 208, 209, -1,
      56, 209, 57, -1,
      57, 209, 210, -1,
      57, 210, 58, -1,
      58, 210, 211, -1,
      58, 211, 59, -1,
      59, 211, 212, -1,
      59, 212, 60, -1,
      60, 212, 213, -1,
      60, 213, 61, -1,
      61, 213, 214, -1,
      61, 214, 63, -1,
      63, 214, 215, -1,
      63, 215, 64, -1,
      64, 215, 200, -1,
      51, 50, 216, -1,
      51, 216, 52, -1,
      52, 216, 217, -1,
      52, 217, 53, -1,
      53, 217, 218, -1,
      53, 218, 219, -1,
      208, 55, 219, -1,
      219, 55, 54, -1,
      219, 54, 53, -1,
      145, 216, 49, -1,
      49, 216, 50, -1,
      208, 219, 142, -1,
      142, 219, 218, -1,
      142, 218, 143, -1,
      143, 218, 217, -1,
      143, 217, 144, -1,
      144, 217, 216, -1,
      144, 216, 145, -1,
      142, 141, 208, -1,
      208, 141, 140, -1,
      208, 140, 209, -1,
      209, 140, 153, -1,
      209, 153, 210, -1,
      210, 153, 211, -1,
      211, 153, 152, -1,
      211, 152, 212, -1,
      212, 152, 151, -1,
      212, 151, 213, -1,
      213, 151, 150, -1,
      213, 150, 214, -1,
      214, 150, 149, -1,
      214, 149, 215, -1,
      149, 148, 215, -1,
      215, 148, 147, -1,
      215, 147, 200, -1,
      200, 147, 146, -1,
      200, 146, 201, -1,
      201, 146, 202, -1,
      202, 146, 203, -1,
      203, 146, 160, -1,
      203, 160, 204, -1,
      204, 160, 159, -1,
      204, 159, 205, -1,
      205, 159, 158, -1,
      205, 158, 206, -1,
      206, 158, 157, -1,
      206, 157, 207, -1,
      157, 156, 207, -1,
      207, 156, 155, -1,
      207, 155, 192, -1,
      192, 155, 154, -1,
      192, 154, 193, -1,
      193, 154, 194, -1,
      194, 154, 161, -1,
      194, 161, 195, -1,
      195, 161, 196, -1,
      196, 161, 162, -1,
      196, 162, 197, -1,
      197, 162, 163, -1,
      197, 163, 198, -1,
      198, 163, 164, -1,
      198, 164, 199, -1,
      199, 164, 165, -1,
      199, 165, 184, -1,
      184, 165, 166, -1,
      184, 166, 185, -1,
      185, 166, 186, -1,
      186, 166, 174, -1,
      186, 174, 187, -1,
      181, 180, 167, -1,
      187, 174, 188, -1,
      188, 174, 173, -1,
      188, 173, 189, -1,
      189, 173, 172, -1,
      189, 172, 190, -1,
      190, 172, 171, -1,
      190, 171, 191, -1,
      171, 170, 191, -1,
      191, 170, 169, -1,
      191, 169, 180, -1,
      180, 169, 168, -1,
      180, 168, 167, -1,
      181, 167, 182, -1,
      182, 167, 178, -1,
      182, 178, 183, -1,
      175, 179, 176, -1,
      176, 179, 183, -1,
      176, 183, 177, -1,
      177, 183, 178, -1,
      5, 220, 6, -1,
      6, 220, 221, -1,
      7, 222, 5, -1,
      5, 222, 220, -1,
      8, 223, 7, -1,
      7, 223, 222, -1,
      9, 224, 8, -1,
      8, 224, 223, -1,
      10, 225, 9, -1,
      9, 225, 224, -1,
      3, 226, 10, -1,
      10, 226, 225, -1,
      2, 227, 3, -1,
      3, 227, 226, -1,
      1, 228, 2, -1,
      2, 228, 227, -1,
      0, 229, 1, -1,
      1, 229, 228, -1,
      22, 230, 0, -1,
      0, 230, 229, -1,
      4, 231, 22, -1,
      22, 231, 230, -1,
      221, 231, 6, -1,
      6, 231, 4, -1,
      229, 230, 231, -1,
      231, 221, 229, -1,
      229, 221, 220, -1,
      229, 220, 228, -1,
      226, 227, 225, -1,
      225, 227, 228, -1,
      225, 228, 224, -1,
      224, 228, 220, -1,
      224, 220, 223, -1,
      223, 220, 222, -1,
      232, 24, 233, -1,
      233, 24, 23, -1,
      24, 232, 20, -1,
      20, 232, 234, -1,
      20, 234, 21, -1,
      21, 234, 235, -1,
      21, 235, 25, -1,
      25, 235, 236, -1,
      25, 236, 26, -1,
      26, 236, 237, -1,
      26, 237, 27, -1,
      27, 237, 238, -1,
      27, 238, 28, -1,
      28, 238, 239, -1,
      28, 239, 29, -1,
      29, 239, 30, -1,
      30, 239, 240, -1,
      30, 240, 31, -1,
      31, 240, 241, -1,
      31, 241, 32, -1,
      32, 241, 242, -1,
      32, 242, 33, -1,
      33, 242, 243, -1,
      33, 243, 34, -1,
      34, 243, 244, -1,
      34, 244, 35, -1,
      35, 244, 245, -1,
      35, 245, 36, -1,
      36, 245, 246, -1,
      36, 246, 37, -1,
      37, 246, 247, -1,
      248, 38, 249, -1,
      249, 38, 37, -1,
      249, 37, 247, -1,
      250, 45, 251, -1,
      251, 45, 44, -1,
      251, 44, 252, -1,
      252, 44, 43, -1,
      252, 43, 253, -1,
      253, 43, 42, -1,
      253, 42, 254, -1,
      254, 42, 41, -1,
      254, 41, 255, -1,
      255, 41, 40, -1,
      255, 40, 248, -1,
      248, 40, 39, -1,
      248, 39, 38, -1,
      14, 45, 250, -1,
      256, 12, 257, -1,
      257, 12, 13, -1,
      257, 13, 258, -1,
      258, 13, 19, -1,
      258, 19, 259, -1,
      259, 19, 18, -1,
      259, 18, 260, -1,
      260, 18, 17, -1,
      260, 17, 261, -1,
      261, 17, 16, -1,
      261, 16, 250, -1,
      250, 16, 15, -1,
      250, 15, 14, -1,
      262, 11, 256, -1,
      256, 11, 12, -1,
      23, 11, 233, -1,
      233, 11, 262, -1,
      263, 264, 250, -1,
      250, 264, 261, -1,
      261, 264, 265, -1,
      261, 265, 260, -1,
      260, 265, 266, -1,
      260, 266, 259, -1,
      259, 266, 267, -1,
      259, 267, 258, -1,
      258, 267, 268, -1,
      258, 268, 257, -1,
      257, 268, 269, -1,
      257, 269, 256, -1,
      256, 269, 270, -1,
      256, 270, 262, -1,
      262, 270, 271, -1,
      262, 271, 233, -1,
      233, 271, 272, -1,
      233, 272, 232, -1,
      232, 272, 273, -1,
      232, 273, 234, -1,
      234, 273, 274, -1,
      234, 274, 235, -1,
      235, 274, 275, -1,
      235, 275, 236, -1,
      236, 275, 276, -1,
      236, 276, 237, -1,
      237, 276, 277, -1,
      237, 277, 238, -1,
      238, 277, 278, -1,
      238, 278, 239, -1,
      278, 279, 239, -1,
      239, 279, 280, -1,
      239, 280, 240, -1,
      240, 280, 281, -1,
      240, 281, 241, -1,
      241, 281, 282, -1,
      241, 282, 242, -1,
      242, 282, 283, -1,
      242, 283, 243, -1,
      243, 283, 284, -1,
      243, 284, 244, -1,
      244, 284, 245, -1,
      245, 284, 285, -1,
      245, 285, 246, -1,
      246, 285, 286, -1,
      246, 286, 247, -1,
      247, 286, 287, -1,
      247, 287, 249, -1,
      249, 287, 288, -1,
      249, 288, 248, -1,
      248, 288, 289, -1,
      248, 289, 255, -1,
      255, 289, 290, -1,
      255, 290, 254, -1,
      254, 290, 291, -1,
      254, 291, 253, -1,
      253, 291, 292, -1,
      253, 292, 252, -1,
      252, 292, 293, -1,
      252, 293, 251, -1,
      251, 293, 294, -1,
      251, 294, 250, -1,
      250, 294, 295, -1,
      250, 295, 263, -1,
      270, 296, 271, -1,
      271, 296, 297, -1,
      263, 295, 298, -1,
      298, 299, 263, -1,
      263, 299, 300, -1,
      263, 300, 264, -1,
      264, 300, 301, -1,
      296, 270, 302, -1,
      302, 270, 269, -1,
      302, 269, 303, -1,
      303, 269, 268, -1,
      303, 268, 304, -1,
      304, 268, 267, -1,
      304, 267, 305, -1,
      305, 267, 266, -1,
      305, 266, 301, -1,
      301, 266, 265, -1,
      301, 265, 264, -1,
      287, 306, 288, -1,
      288, 306, 307, -1,
      288, 307, 289, -1,
      289, 307, 308, -1,
      289, 308, 290, -1,
      290, 308, 309, -1,
      290, 309, 291, -1,
      291, 309, 310, -1,
      291, 310, 292, -1,
      292, 310, 311, -1,
      292, 311, 293, -1,
      293, 311, 312, -1,
      293, 312, 294, -1,
      294, 312, 313, -1,
      294, 313, 295, -1,
      295, 313, 298, -1,
      280, 279, 314, -1,
      314, 315, 280, -1,
      280, 315, 316, -1,
      280, 316, 281, -1,
      281, 316, 317, -1,
      306, 287, 318, -1,
      318, 287, 286, -1,
      318, 286, 319, -1,
      319, 286, 285, -1,
      319, 285, 320, -1,
      320, 285, 284, -1,
      320, 284, 321, -1,
      321, 284, 283, -1,
      321, 283, 317, -1,
      317, 283, 282, -1,
      317, 282, 281, -1,
      273, 322, 274, -1,
      274, 322, 323, -1,
      274, 323, 275, -1,
      275, 323, 324, -1,
      275, 324, 276, -1,
      276, 324, 325, -1,
      276, 325, 277, -1,
      277, 325, 326, -1,
      277, 326, 278, -1,
      278, 326, 327, -1,
      278, 327, 279, -1,
      279, 327, 314, -1,
      272, 328, 273, -1,
      273, 328, 322, -1,
      272, 271, 328, -1,
      328, 271, 297, -1,
    ]
  }
}

Shape {
  appearance Appearance {
    material Material {
      diffuseColor 0.2235 0.2235 0.2235
      specularColor 0.1137 0.1137 0.1137
      ambientIntensity 0.2
      transparency 0.0000
      shininess 0.5
    }
  }
  geometry IndexedFaceSet {
    ccw TRUE
    solid FALSE
    coord DEF co Coordinate {
      point [
        -0.432629 1.514212 1.489639,
        -0.410226 1.520434 1.489639,
        -0.478200 1.500443 1.506340,
        -0.477243 1.500748 1.505410,
        -0.476817 1.500881 1.505095,
        -0.468849 1.503384 1.499199,
        -0.450506 1.508975 1.491721,
        -0.452713 1.508329 1.491978,
        -0.460243 1.506031 1.494940,
        -0.466325 1.504176 1.497332,
        -0.494475 1.495159 1.552924,
        -0.494149 1.495266 1.545702,
        -0.494102 1.495282 1.544664,
        -0.491677 1.496080 1.531805,
        -0.490920 1.496330 1.527793,
        -0.488754 1.497037 1.522821,
        -0.486346 1.497822 1.517295,
        -0.483820 1.498635 1.513897,
        -0.477771 1.500580 1.598035,
        -0.481624 1.499347 1.593962,
        -0.482011 1.499223 1.593553,
        -0.486529 1.497760 1.586489,
        -0.492663 1.495757 1.569806,
        -0.492418 1.495837 1.572085,
        -0.490117 1.496591 1.578790,
        -0.488571 1.497098 1.583297,
        -0.433534 1.513953 1.613100,
        -0.449160 1.509375 1.611327,
        -0.452026 1.508535 1.611002,
        -0.460372 1.505992 1.607997,
        -0.466007 1.504275 1.605969,
        -0.469988 1.503024 1.603284,
        -0.410226 1.520434 1.613100,
      ]
    }
    coordIndex [
      6, 32, 0, -1,
      0, 32, 1, -1,
      6, 7, 32, -1,
      32, 7, 8, -1,
      32, 8, 9, -1,
      9, 5, 32, -1,
      32, 5, 4, -1,
      32, 4, 3, -1,
      3, 2, 32, -1,
      32, 2, 17, -1,
      32, 17, 16, -1,
      16, 15, 32, -1,
      32, 15, 14, -1,
      32, 14, 13, -1,
      24, 31, 23, -1,
      23, 31, 22, -1,
      24, 25, 21, -1,
      21, 20, 19, -1,
      24, 21, 31, -1,
      31, 21, 19, -1,
      31, 19, 18, -1,
      30, 11, 31, -1,
      31, 11, 10, -1,
      31, 10, 22, -1,
      30, 29, 11, -1,
      11, 29, 28, -1,
      11, 28, 27, -1,
      13, 12, 32, -1,
      32, 12, 11, -1,
      32, 11, 26, -1,
      26, 11, 27, -1,
    ]
  }
}

Shape {
  appearance Appearance {
    material Material {
      diffuseColor 1.0000 1.0000 1.0000
      specularColor 0.5020 0.5020 0.5020
      ambientIntensity 0.2
      transparency 0.0000
      shininess 0.5
    }
  }
  geometry IndexedFaceSet {
    ccw TRUE
    solid FALSE
    coord DEF co Coordinate {
      point [
        -0.656971 1.431221 1.471381,
        -0.636143 1.440599 1.471381,
        -0.628664 1.443879 1.493282,
        -0.544938 1.477514 1.471381,
        -0.552152 1.474833 1.493282,
        -0.621168 1.447120 1.515182,
        -0.559353 1.472117 1.515182,
        -0.523451 1.485262 1.471381,
        -0.580569 1.463880 1.631520,
        -0.552114 1.474848 1.551451,
        -0.601060 1.455587 1.631520,
        -0.629133 1.443674 1.551451,
        -0.524759 1.488976 1.471381,
        -0.582021 1.467539 1.631520,
        -0.546300 1.481208 1.471381,
        -0.560751 1.475798 1.515182,
        -0.622721 1.450737 1.515182,
        -0.637734 1.444201 1.471381,
        -0.658613 1.434799 1.471381,
        -0.602562 1.459226 1.631520,
        -0.616833 1.453251 1.533276,
        -0.566884 1.473453 1.533276,
        -0.578070 1.469100 1.566556,
        -0.589224 1.464663 1.599836,
        -0.590506 1.464146 1.604728,
        -0.591659 1.463680 1.611053,
        -0.592116 1.463495 1.611053,
        -0.593281 1.463024 1.604609,
        -0.594436 1.462555 1.599836,
        -0.605652 1.457946 1.566556,
        -0.590184 1.460030 1.611053,
        -0.587754 1.461010 1.599836,
        -0.590639 1.459846 1.611053,
        -0.592954 1.458907 1.599836,
        -0.615295 1.449626 1.533276,
        -0.565470 1.469778 1.533276,
      ]
    }
    coordIndex [
      7, 12, 9, -1,
      9, 12, 13, -1,
      9, 13, 8, -1,
      3, 14, 7, -1,
      7, 14, 12, -1,
      6, 15, 4, -1,
      4, 15, 14, -1,
      4, 14, 3, -1,
      5, 16, 6, -1,
      6, 16, 15, -1,
      1, 17, 2, -1,
      2, 17, 16, -1,
      2, 16, 5, -1,
      0, 18, 1, -1,
      1, 18, 17, -1,
      10, 19, 11, -1,
      11, 19, 18, -1,
      11, 18, 0, -1,
      13, 19, 8, -1,
      8, 19, 10, -1,
      12, 14, 15, -1,
      16, 20, 15, -1,
      15, 20, 21, -1,
      15, 21, 12, -1,
      12, 21, 22, -1,
      12, 22, 13, -1,
      13, 22, 23, -1,
      23, 24, 13, -1,
      13, 24, 25, -1,
      13, 25, 19, -1,
      25, 26, 19, -1,
      19, 26, 27, -1,
      19, 27, 28, -1,
      28, 29, 19, -1,
      19, 29, 20, -1,
      19, 20, 18, -1,
      18, 20, 16, -1,
      18, 16, 17, -1,
      30, 25, 31, -1,
      31, 25, 24, -1,
      31, 24, 23, -1,
      32, 26, 30, -1,
      30, 26, 25, -1,
      26, 32, 27, -1,
      27, 32, 33, -1,
      27, 33, 28, -1,
      28, 33, 29, -1,
      29, 33, 34, -1,
      29, 34, 20, -1,
      35, 21, 34, -1,
      34, 21, 20, -1,
      21, 35, 22, -1,
      22, 35, 31, -1,
      22, 31, 23, -1,
    ]
  }
}

Shape {
  appearance Appearance {
    material Material {
      diffuseColor 0.2235 0.2235 0.2235
      specularColor 0.1137 0.1137 0.1137
      ambientIntensity 0.2
      transparency 0.0000
      shininess 0.5
    }
  }
  geometry IndexedFaceSet {
    ccw TRUE
    solid FALSE
    coord DEF co Coordinate {
      point [
        -0.590184 1.460030 1.611053,
        -0.587754 1.461010 1.599836,
        -0.590639 1.459846 1.611053,
        -0.592954 1.458907 1.599836,
        -0.615295 1.449626 1.533276,
        -0.565470 1.469778 1.533276,
      ]
    }
    coordIndex [
      2, 0, 3, -1,
      3, 0, 1, -1,
      3, 1, 4, -1,
      4, 1, 5, -1,
    ]
  }
}

Shape {
  appearance Appearance {
    material Material {
      diffuseColor 1.0000 1.0000 1.0000
      specularColor 0.5020 0.5020 0.5020
      ambientIntensity 0.2
      transparency 0.0000
      shininess 0.5
    }
  }
  geometry IndexedFaceSet {
    ccw TRUE
    solid FALSE
    coord DEF co Coordinate {
      point [
        -0.141415 1.568442 1.257302,
        -0.141763 1.568411 1.259669,
        -0.112854 1.570754 1.289465,
        -0.143144 1.568285 1.263074,
        -0.144600 1.568152 1.266666,
        -0.151279 1.567520 1.304201,
        -0.145552 1.568063 1.267999,
        -0.148533 1.567783 1.272172,
        -0.148611 1.567776 1.272280,
        -0.151851 1.567463 1.275091,
        -0.153985 1.567257 1.276942,
        -0.156789 1.566974 1.278409,
        -0.162228 1.566425 1.281255,
        -0.162237 1.566412 1.310938,
        -0.164021 1.566230 1.281717,
        -0.165579 1.566074 1.312992,
        -0.177904 1.564722 1.285289,
        -0.194731 1.562717 1.287663,
        -0.188556 1.563474 1.318037,
        -0.182489 1.564186 1.317442,
        -0.178629 1.564640 1.317063,
        -0.171852 1.565385 1.314949,
        -0.211537 1.560531 1.290038,
        -0.211007 1.560603 1.297439,
        -0.210981 1.560607 1.297547,
        -0.209391 1.560820 1.303950,
        -0.209036 1.560869 1.305380,
        -0.207662 1.561051 1.307986,
        -0.206648 1.561186 1.309909,
        -0.206025 1.561268 1.310602,
        -0.203903 1.561547 1.312965,
        -0.203892 1.561548 1.312972,
        -0.201454 1.561864 1.314648,
        -0.200562 1.561980 1.315262,
        -0.198366 1.562258 1.316109,
        -0.195917 1.562569 1.317054,
        -0.194342 1.562763 1.317264,
        -0.117386 1.570422 1.359055,
        -0.055671 1.573819 1.359055,
        -0.055671 1.573819 1.307804,
        -0.112854 1.570754 1.307804,
        -0.055671 1.573819 1.289465,
        -0.055671 1.573819 1.235594,
        -0.121019 1.570146 1.235594,
        -0.231396 1.557710 1.290938,
        -0.231396 1.557710 1.217337,
        -0.211537 1.560531 1.217337,
        -0.035007 1.574414 1.217337,
        -0.035007 1.574414 1.377476,
        -0.121019 1.570146 1.217337,
        -0.165099 1.566126 1.215969,
        -0.161343 1.566511 1.217343,
        -0.156857 1.566972 1.218983,
        -0.155467 1.567108 1.219919,
        -0.149934 1.567650 1.223641,
        -0.148456 1.567790 1.225145,
        -0.147581 1.567872 1.226323,
        -0.144416 1.568170 1.230585,
        -0.141591 1.568428 1.237056,
        -0.142465 1.568348 1.234957,
        -0.144120 1.568198 1.230983,
        -0.141201 1.568462 1.240006,
        -0.140151 1.568554 1.247956,
        -0.140175 1.568552 1.248864,
        -0.140349 1.568537 1.250051,
        -0.211537 1.560531 1.235020,
        -0.211010 1.560602 1.235020,
        -0.208022 1.561005 1.230500,
        -0.206813 1.561164 1.229153,
        -0.202224 1.561770 1.224038,
        -0.191815 1.563079 1.217707,
        -0.186860 1.563682 1.215898,
        -0.201936 1.561808 1.223717,
        -0.197072 1.562427 1.220378,
        -0.194731 1.562724 1.218771,
        -0.185561 1.563832 1.215744,
        -0.176236 1.564911 1.214635,
        -0.168114 1.565797 1.215608,
        -0.117386 1.570422 1.377476,
        -0.151279 1.567520 1.323687,
        -0.229822 1.557959 1.305102,
        -0.211941 1.560509 1.330118,
        -0.215576 1.560013 1.327865,
        -0.218259 1.559648 1.326203,
        -0.219887 1.559418 1.324596,
        -0.221937 1.559129 1.322573,
        -0.222478 1.559052 1.322039,
        -0.224972 1.558688 1.318150,
        -0.226496 1.558466 1.315774,
        -0.227621 1.558295 1.312591,
        -0.229618 1.557992 1.306940,
        -0.154209 1.567235 1.325388,
        -0.162206 1.566409 1.328602,
        -0.169574 1.565647 1.331565,
        -0.174405 1.565091 1.332205,
        -0.190425 1.563248 1.334330,
        -0.193520 1.562861 1.333991,
        -0.203854 1.561569 1.332860,
        -0.204176 1.561526 1.332752,
        -0.210530 1.560693 1.330596,
        -0.055810 1.577753 1.289465,
        -0.055810 1.577753 1.235594,
        -0.113137 1.574681 1.289465,
        -0.113137 1.574681 1.307804,
        -0.055810 1.577753 1.307804,
        -0.055810 1.577753 1.359055,
        -0.117680 1.574348 1.359055,
        -0.117680 1.574348 1.377476,
        -0.035095 1.578350 1.377476,
        -0.035095 1.578350 1.217337,
        -0.121321 1.574072 1.217337,
        -0.121321 1.574072 1.235594,
        -0.189027 1.567383 1.318037,
        -0.182945 1.568097 1.317442,
        -0.179075 1.568551 1.317063,
        -0.172280 1.569298 1.314950,
        -0.166008 1.569988 1.312998,
        -0.162643 1.570328 1.310936,
        -0.151657 1.571439 1.304201,
        -0.212066 1.564432 1.290038,
        -0.211526 1.564506 1.297499,
        -0.211514 1.564507 1.297549,
        -0.209913 1.564722 1.303950,
        -0.209550 1.564771 1.305401,
        -0.208182 1.564954 1.307986,
        -0.207165 1.565089 1.309909,
        -0.206548 1.565170 1.310611,
        -0.204720 1.565410 1.312693,
        -0.204376 1.565455 1.312935,
        -0.201953 1.565769 1.314644,
        -0.201119 1.565877 1.315232,
        -0.198861 1.566164 1.316106,
        -0.196422 1.566473 1.317050,
        -0.194828 1.566670 1.317263,
        -0.178348 1.568634 1.285289,
        -0.140502 1.572476 1.247956,
        -0.140784 1.572450 1.250041,
        -0.141767 1.572362 1.257305,
        -0.142057 1.572336 1.259453,
        -0.143502 1.572204 1.263075,
        -0.144860 1.572080 1.266482,
        -0.148900 1.571703 1.272172,
        -0.148821 1.571710 1.272104,
        -0.145925 1.571981 1.267993,
        -0.164432 1.570146 1.281714,
        -0.162613 1.570343 1.281247,
        -0.157188 1.570891 1.278397,
        -0.154290 1.571183 1.276876,
        -0.152237 1.571381 1.275084,
        -0.150311 1.571569 1.223639,
        -0.147865 1.571800 1.226234,
        -0.147854 1.571801 1.226250,
        -0.144858 1.572080 1.230639,
        -0.144089 1.572151 1.231765,
        -0.142865 1.572262 1.234969,
        -0.141756 1.572363 1.237869,
        -0.141491 1.572387 1.239996,
        -0.176676 1.568823 1.214635,
        -0.168533 1.569711 1.215607,
        -0.165519 1.570039 1.215967,
        -0.161746 1.570427 1.217343,
        -0.157248 1.570889 1.218984,
        -0.155855 1.571026 1.219919,
        -0.207206 1.565080 1.229257,
        -0.209722 1.564748 1.232182,
        -0.211537 1.564504 1.235020,
        -0.186024 1.567739 1.215744,
        -0.187103 1.567614 1.215872,
        -0.192264 1.566983 1.217785,
        -0.195759 1.566556 1.219080,
        -0.197575 1.566326 1.220358,
        -0.202582 1.565689 1.223882,
        -0.202721 1.565670 1.224043,
        -0.212066 1.564432 1.235020,
        -0.212066 1.564432 1.217337,
        -0.231974 1.561604 1.217337,
        -0.231974 1.561604 1.290938,
        -0.190901 1.567156 1.334330,
        -0.194025 1.566768 1.334144,
        -0.198069 1.566266 1.333905,
        -0.204613 1.565414 1.332422,
        -0.209544 1.564772 1.331306,
        -0.211021 1.564571 1.330573,
        -0.222456 1.562988 1.322566,
        -0.222046 1.563047 1.323147,
        -0.220398 1.563278 1.324539,
        -0.216424 1.563835 1.327894,
        -0.216201 1.563866 1.328004,
        -0.230380 1.561840 1.305100,
        -0.230179 1.561870 1.306888,
        -0.228068 1.562179 1.312541,
        -0.226420 1.562419 1.316954,
        -0.225565 1.562542 1.318164,
        -0.151657 1.571439 1.323687,
        -0.154531 1.571159 1.325352,
        -0.162611 1.570324 1.328601,
        -0.169951 1.569566 1.331552,
        -0.174841 1.569004 1.332200,
        -0.169972 1.569562 1.266519,
        -0.173809 1.569145 1.268348,
        -0.174966 1.569012 1.268625,
        -0.185441 1.567811 1.271126,
        -0.198761 1.566178 1.272927,
        -0.212066 1.564432 1.274728,
        -0.203521 1.565567 1.240422,
        -0.201096 1.565881 1.238081,
        -0.200806 1.565918 1.237877,
        -0.196818 1.566424 1.235069,
        -0.195731 1.566563 1.234303,
        -0.166599 1.569925 1.236250,
        -0.170150 1.569543 1.234044,
        -0.171317 1.569418 1.233320,
        -0.173859 1.569136 1.232513,
        -0.176595 1.568832 1.231645,
        -0.178123 1.568658 1.231484,
        -0.181854 1.568231 1.231091,
        -0.188372 1.567460 1.231910,
        -0.190122 1.567253 1.232130,
        -0.192861 1.566916 1.233191,
        -0.164652 1.570131 1.238332,
        -0.160804 1.570530 1.249594,
        -0.161276 1.570481 1.245634,
        -0.161393 1.570470 1.244656,
        -0.161982 1.570409 1.243036,
        -0.162569 1.570349 1.241421,
        -0.162982 1.570306 1.240809,
        -0.164514 1.570146 1.238537,
        -0.161750 1.570433 1.256213,
        -0.161558 1.570452 1.254871,
        -0.163545 1.570247 1.260565,
        -0.164188 1.570179 1.261446,
        -0.162637 1.570341 1.258365,
        -0.168378 1.569736 1.265759,
        -0.166110 1.569977 1.264085,
        -0.166938 1.569889 1.264696,
        -0.212066 1.564432 1.263757,
        -0.211219 1.564548 1.256730,
        -0.211011 1.564576 1.255009,
        -0.209463 1.564783 1.250757,
        -0.208183 1.564955 1.247243,
        -0.206826 1.565133 1.245258,
        -0.166185 1.566010 1.236249,
        -0.164335 1.566206 1.238237,
        -0.164121 1.566228 1.238549,
        -0.162572 1.566389 1.240807,
        -0.162225 1.566425 1.241312,
        -0.161578 1.566492 1.243037,
        -0.161063 1.566545 1.244412,
        -0.160907 1.566561 1.245639,
        -0.160403 1.566613 1.249594,
        -0.181401 1.564320 1.231091,
        -0.177679 1.564746 1.231485,
        -0.176145 1.564921 1.231647,
        -0.173425 1.565222 1.232513,
        -0.170887 1.565504 1.233321,
        -0.169726 1.565629 1.234044,
        -0.203015 1.561663 1.240424,
        -0.201694 1.561833 1.239099,
        -0.200224 1.562020 1.237982,
        -0.196345 1.562514 1.235036,
        -0.195788 1.562585 1.234612,
        -0.192379 1.563006 1.233179,
        -0.190380 1.563253 1.232338,
        -0.187889 1.563549 1.231992,
        -0.211537 1.560531 1.263757,
        -0.210685 1.560646 1.256731,
        -0.210476 1.560674 1.255001,
        -0.208935 1.560881 1.250758,
        -0.207655 1.561052 1.247235,
        -0.206309 1.561230 1.245258,
        -0.211537 1.560531 1.274728,
        -0.184979 1.563902 1.271126,
        -0.165696 1.566062 1.264085,
        -0.166513 1.565975 1.264709,
        -0.167477 1.565872 1.265446,
        -0.169558 1.565646 1.266509,
        -0.172549 1.565322 1.268036,
        -0.174553 1.565093 1.268534,
        -0.161113 1.566540 1.254878,
        -0.161230 1.566528 1.255748,
        -0.162236 1.566424 1.258367,
        -0.162930 1.566352 1.260174,
        -0.163813 1.566259 1.261423,
      ]
    }
    coordIndex [
      41, 100, 42, -1,
      42, 100, 101, -1,
      2, 102, 41, -1,
      41, 102, 100, -1,
      40, 103, 2, -1,
      2, 103, 102, -1,
      39, 104, 40, -1,
      40, 104, 103, -1,
      38, 105, 39, -1,
      39, 105, 104, -1,
      37, 106, 38, -1,
      38, 106, 105, -1,
      78, 107, 37, -1,
      37, 107, 106, -1,
      48, 108, 78, -1,
      78, 108, 107, -1,
      47, 109, 48, -1,
      48, 109, 108, -1,
      49, 110, 47, -1,
      47, 110, 109, -1,
      43, 111, 49, -1,
      49, 111, 110, -1,
      101, 111, 42, -1,
      42, 111, 43, -1,
      109, 110, 111, -1,
      111, 101, 109, -1,
      109, 101, 100, -1,
      109, 100, 108, -1,
      106, 107, 105, -1,
      105, 107, 108, -1,
      105, 108, 104, -1,
      104, 108, 100, -1,
      104, 100, 103, -1,
      103, 100, 102, -1,
      18, 112, 19, -1,
      19, 112, 113, -1,
      19, 113, 20, -1,
      20, 113, 114, -1,
      20, 114, 21, -1,
      21, 114, 115, -1,
      21, 115, 15, -1,
      15, 115, 116, -1,
      15, 116, 13, -1,
      13, 116, 117, -1,
      13, 117, 5, -1,
      5, 117, 118, -1,
      22, 119, 23, -1,
      23, 119, 120, -1,
      23, 120, 24, -1,
      24, 120, 121, -1,
      24, 121, 25, -1,
      25, 121, 122, -1,
      25, 122, 26, -1,
      26, 122, 123, -1,
      26, 123, 27, -1,
      27, 123, 124, -1,
      27, 124, 28, -1,
      28, 124, 125, -1,
      28, 125, 29, -1,
      29, 125, 126, -1,
      29, 126, 30, -1,
      30, 126, 127, -1,
      30, 127, 31, -1,
      31, 127, 128, -1,
      31, 128, 32, -1,
      32, 128, 129, -1,
      32, 129, 33, -1,
      33, 129, 130, -1,
      33, 130, 34, -1,
      34, 130, 131, -1,
      34, 131, 35, -1,
      35, 131, 132, -1,
      35, 132, 36, -1,
      36, 132, 133, -1,
      36, 133, 18, -1,
      18, 133, 112, -1,
      16, 134, 17, -1,
      17, 134, 119, -1,
      17, 119, 22, -1,
      62, 135, 63, -1,
      63, 135, 136, -1,
      63, 136, 64, -1,
      64, 136, 0, -1,
      0, 136, 137, -1,
      0, 137, 1, -1,
      1, 137, 138, -1,
      1, 138, 3, -1,
      3, 138, 139, -1,
      3, 139, 4, -1,
      4, 139, 140, -1,
      4, 140, 6, -1,
      141, 7, 142, -1,
      142, 7, 6, -1,
      142, 6, 143, -1,
      143, 6, 140, -1,
      134, 16, 144, -1,
      144, 16, 14, -1,
      144, 14, 145, -1,
      145, 14, 12, -1,
      145, 12, 146, -1,
      146, 12, 11, -1,
      146, 11, 147, -1,
      147, 11, 10, -1,
      147, 10, 148, -1,
      148, 10, 9, -1,
      148, 9, 141, -1,
      141, 9, 8, -1,
      141, 8, 7, -1,
      54, 149, 55, -1,
      55, 149, 150, -1,
      55, 150, 56, -1,
      56, 150, 151, -1,
      56, 151, 57, -1,
      57, 151, 152, -1,
      57, 152, 60, -1,
      60, 152, 153, -1,
      60, 153, 59, -1,
      59, 153, 154, -1,
      59, 154, 58, -1,
      58, 154, 155, -1,
      58, 155, 61, -1,
      61, 155, 156, -1,
      61, 156, 62, -1,
      62, 156, 135, -1,
      76, 157, 77, -1,
      77, 157, 158, -1,
      77, 158, 50, -1,
      50, 158, 159, -1,
      50, 159, 51, -1,
      51, 159, 160, -1,
      51, 160, 52, -1,
      52, 160, 161, -1,
      52, 161, 53, -1,
      53, 161, 162, -1,
      53, 162, 54, -1,
      54, 162, 149, -1,
      163, 67, 164, -1,
      164, 67, 66, -1,
      164, 66, 165, -1,
      157, 76, 166, -1,
      166, 76, 75, -1,
      166, 75, 167, -1,
      167, 75, 71, -1,
      167, 71, 168, -1,
      168, 71, 70, -1,
      168, 70, 169, -1,
      169, 70, 74, -1,
      169, 74, 170, -1,
      170, 74, 73, -1,
      170, 73, 171, -1,
      171, 73, 72, -1,
      171, 72, 172, -1,
      172, 72, 69, -1,
      172, 69, 163, -1,
      163, 69, 68, -1,
      163, 68, 67, -1,
      65, 173, 66, -1,
      66, 173, 165, -1,
      46, 174, 65, -1,
      65, 174, 173, -1,
      45, 175, 46, -1,
      46, 175, 174, -1,
      44, 176, 45, -1,
      45, 176, 175, -1,
      96, 95, 177, -1,
      177, 178, 96, -1,
      96, 178, 179, -1,
      96, 179, 97, -1,
      97, 179, 180, -1,
      97, 180, 98, -1,
      98, 180, 181, -1,
      98, 181, 99, -1,
      99, 181, 182, -1,
      99, 182, 81, -1,
      81, 182, 82, -1,
      183, 85, 184, -1,
      184, 85, 84, -1,
      184, 84, 185, -1,
      185, 84, 83, -1,
      185, 83, 186, -1,
      186, 83, 82, -1,
      186, 82, 187, -1,
      187, 82, 182, -1,
      176, 44, 188, -1,
      188, 44, 80, -1,
      188, 80, 189, -1,
      189, 80, 90, -1,
      189, 90, 190, -1,
      190, 90, 89, -1,
      190, 89, 191, -1,
      191, 89, 88, -1,
      191, 88, 192, -1,
      192, 88, 87, -1,
      192, 87, 183, -1,
      183, 87, 86, -1,
      183, 86, 85, -1,
      79, 193, 91, -1,
      91, 193, 194, -1,
      91, 194, 92, -1,
      92, 194, 195, -1,
      92, 195, 93, -1,
      93, 195, 196, -1,
      93, 196, 94, -1,
      94, 196, 197, -1,
      94, 197, 95, -1,
      95, 197, 177, -1,
      118, 193, 5, -1,
      5, 193, 79, -1,
      193, 118, 194, -1,
      194, 118, 117, -1,
      194, 117, 195, -1,
      195, 117, 116, -1,
      195, 116, 196, -1,
      196, 116, 115, -1,
      196, 115, 197, -1,
      115, 114, 197, -1,
      197, 114, 113, -1,
      197, 113, 177, -1,
      177, 113, 112, -1,
      177, 112, 178, -1,
      178, 112, 133, -1,
      178, 133, 179, -1,
      179, 133, 132, -1,
      179, 132, 180, -1,
      180, 132, 131, -1,
      180, 131, 181, -1,
      181, 131, 130, -1,
      181, 130, 182, -1,
      182, 130, 129, -1,
      182, 129, 187, -1,
      187, 129, 128, -1,
      187, 128, 186, -1,
      186, 128, 127, -1,
      186, 127, 185, -1,
      185, 127, 126, -1,
      123, 191, 124, -1,
      124, 191, 192, -1,
      124, 192, 125, -1,
      125, 192, 183, -1,
      125, 183, 126, -1,
      126, 183, 184, -1,
      126, 184, 185, -1,
      121, 120, 188, -1,
      121, 188, 122, -1,
      122, 188, 189, -1,
      122, 189, 123, -1,
      123, 189, 190, -1,
      123, 190, 191, -1,
      198, 199, 119, -1,
      119, 199, 200, -1,
      200, 201, 119, -1,
      119, 201, 202, -1,
      119, 202, 203, -1,
      165, 204, 164, -1,
      164, 204, 205, -1,
      164, 205, 163, -1,
      163, 205, 206, -1,
      163, 206, 172, -1,
      172, 206, 207, -1,
      172, 207, 208, -1,
      209, 161, 210, -1,
      210, 161, 160, -1,
      210, 160, 211, -1,
      211, 160, 159, -1,
      211, 159, 212, -1,
      212, 159, 158, -1,
      212, 158, 213, -1,
      213, 158, 157, -1,
      213, 157, 214, -1,
      214, 157, 166, -1,
      214, 166, 215, -1,
      215, 166, 167, -1,
      215, 167, 216, -1,
      216, 167, 168, -1,
      216, 168, 217, -1,
      217, 168, 169, -1,
      217, 169, 218, -1,
      218, 169, 170, -1,
      218, 170, 208, -1,
      208, 170, 171, -1,
      208, 171, 172, -1,
      219, 149, 209, -1,
      209, 149, 162, -1,
      209, 162, 161, -1,
      220, 135, 221, -1,
      221, 135, 156, -1,
      221, 156, 222, -1,
      222, 156, 155, -1,
      222, 155, 223, -1,
      223, 155, 154, -1,
      223, 154, 224, -1,
      224, 154, 153, -1,
      224, 153, 225, -1,
      225, 153, 152, -1,
      225, 152, 226, -1,
      226, 152, 151, -1,
      226, 151, 219, -1,
      219, 151, 150, -1,
      219, 150, 149, -1,
      227, 138, 228, -1,
      228, 138, 137, -1,
      228, 137, 220, -1,
      220, 137, 136, -1,
      220, 136, 135, -1,
      141, 229, 148, -1,
      148, 229, 230, -1,
      148, 230, 147, -1,
      141, 142, 229, -1,
      229, 142, 143, -1,
      229, 143, 231, -1,
      231, 143, 140, -1,
      231, 140, 227, -1,
      227, 140, 139, -1,
      227, 139, 138, -1,
      198, 119, 232, -1,
      232, 119, 134, -1,
      232, 134, 144, -1,
      230, 233, 147, -1,
      147, 233, 234, -1,
      147, 234, 146, -1,
      146, 234, 232, -1,
      146, 232, 145, -1,
      145, 232, 144, -1,
      120, 119, 188, -1,
      188, 119, 203, -1,
      188, 203, 176, -1,
      176, 203, 235, -1,
      176, 235, 236, -1,
      237, 238, 173, -1,
      173, 238, 239, -1,
      173, 239, 165, -1,
      165, 239, 240, -1,
      165, 240, 204, -1,
      174, 175, 173, -1,
      173, 175, 176, -1,
      173, 176, 237, -1,
      237, 176, 236, -1,
      209, 241, 219, -1,
      219, 241, 242, -1,
      219, 242, 226, -1,
      226, 242, 243, -1,
      226, 243, 225, -1,
      225, 243, 244, -1,
      225, 244, 224, -1,
      224, 244, 245, -1,
      224, 245, 223, -1,
      223, 245, 246, -1,
      223, 246, 222, -1,
      222, 246, 247, -1,
      222, 247, 221, -1,
      221, 247, 248, -1,
      221, 248, 220, -1,
      220, 248, 249, -1,
      215, 250, 214, -1,
      214, 250, 251, -1,
      214, 251, 213, -1,
      213, 251, 252, -1,
      213, 252, 212, -1,
      212, 252, 253, -1,
      212, 253, 211, -1,
      211, 253, 254, -1,
      211, 254, 210, -1,
      210, 254, 255, -1,
      210, 255, 209, -1,
      209, 255, 241, -1,
      204, 256, 205, -1,
      205, 256, 257, -1,
      205, 257, 206, -1,
      206, 257, 258, -1,
      206, 258, 207, -1,
      207, 258, 259, -1,
      207, 259, 208, -1,
      208, 259, 260, -1,
      208, 260, 218, -1,
      218, 260, 261, -1,
      218, 261, 217, -1,
      217, 261, 262, -1,
      217, 262, 216, -1,
      216, 262, 263, -1,
      216, 263, 215, -1,
      215, 263, 250, -1,
      235, 264, 236, -1,
      236, 264, 265, -1,
      236, 265, 237, -1,
      237, 265, 266, -1,
      237, 266, 238, -1,
      238, 266, 267, -1,
      238, 267, 239, -1,
      239, 267, 268, -1,
      239, 268, 240, -1,
      240, 268, 269, -1,
      240, 269, 204, -1,
      204, 269, 256, -1,
      203, 270, 235, -1,
      235, 270, 264, -1,
      201, 271, 202, -1,
      202, 271, 270, -1,
      202, 270, 203, -1,
      233, 272, 234, -1,
      234, 272, 273, -1,
      234, 273, 232, -1,
      232, 273, 274, -1,
      232, 274, 198, -1,
      198, 274, 275, -1,
      198, 275, 199, -1,
      199, 275, 276, -1,
      199, 276, 200, -1,
      200, 276, 277, -1,
      200, 277, 201, -1,
      201, 277, 271, -1,
      220, 249, 228, -1,
      228, 249, 278, -1,
      228, 278, 227, -1,
      227, 278, 279, -1,
      227, 279, 231, -1,
      231, 279, 280, -1,
      231, 280, 229, -1,
      229, 280, 281, -1,
      229, 281, 230, -1,
      230, 281, 282, -1,
      230, 282, 233, -1,
      233, 282, 272, -1,
    ]
  }
}

Shape {
  appearance Appearance {
    material Material {
      diffuseColor 0.2235 0.2235 0.2235
      specularColor 0.1137 0.1137 0.1137
      ambientIntensity 0.2
      transparency 0.0000
      shininess 0.5
    }
  }
  geometry IndexedFaceSet {
    ccw TRUE
    solid FALSE
    coord DEF co Coordinate {
      point [
        -0.166185 1.566010 1.236249,
        -0.164335 1.566206 1.238237,
        -0.164121 1.566228 1.238549,
        -0.162572 1.566389 1.240807,
        -0.162225 1.566425 1.241312,
        -0.161578 1.566492 1.243037,
        -0.161063 1.566545 1.244412,
        -0.160907 1.566561 1.245639,
        -0.160403 1.566613 1.249594,
        -0.181401 1.564320 1.231091,
        -0.177679 1.564746 1.231485,
        -0.176145 1.564921 1.231647,
        -0.173425 1.565222 1.232513,
        -0.170887 1.565504 1.233321,
        -0.169726 1.565629 1.234044,
        -0.203015 1.561663 1.240424,
        -0.201694 1.561833 1.239099,
        -0.200224 1.562020 1.237982,
        -0.196345 1.562514 1.235036,
        -0.195788 1.562585 1.234612,
        -0.192379 1.563006 1.233179,
        -0.190380 1.563253 1.232338,
        -0.187889 1.563549 1.231992,
        -0.211537 1.560531 1.263757,
        -0.210685 1.560646 1.256731,
        -0.210476 1.560674 1.255001,
        -0.208935 1.560881 1.250758,
        -0.207655 1.561052 1.247235,
        -0.206309 1.561230 1.245258,
        -0.211537 1.560531 1.274728,
        -0.184979 1.563902 1.271126,
        -0.165696 1.566062 1.264085,
        -0.166513 1.565975 1.264709,
        -0.167477 1.565872 1.265446,
        -0.169558 1.565646 1.266509,
        -0.172549 1.565322 1.268036,
        -0.174553 1.565093 1.268534,
        -0.161113 1.566540 1.254878,
        -0.161230 1.566528 1.255748,
        -0.162236 1.566424 1.258367,
        -0.162930 1.566352 1.260174,
        -0.163813 1.566259 1.261423,
      ]
    }
    coordIndex [
      41, 40, 39, -1,
      32, 31, 41, -1,
      32, 41, 33, -1,
      33, 41, 34, -1,
      34, 41, 39, -1,
      34, 39, 38, -1,
      38, 37, 34, -1,
      34, 37, 8, -1,
      34, 8, 7, -1,
      7, 6, 34, -1,
      34, 6, 5, -1,
      34, 5, 4, -1,
      4, 3, 34, -1,
      34, 3, 2, -1,
      34, 2, 35, -1,
      35, 2, 1, -1,
      35, 1, 0, -1,
      0, 14, 35, -1,
      35, 14, 13, -1,
      35, 13, 12, -1,
      12, 11, 35, -1,
      35, 11, 10, -1,
      35, 10, 9, -1,
      9, 22, 35, -1,
      35, 22, 21, -1,
      35, 21, 20, -1,
      20, 19, 35, -1,
      35, 19, 18, -1,
      35, 18, 17, -1,
      17, 16, 35, -1,
      35, 16, 15, -1,
      35, 15, 28, -1,
      28, 27, 35, -1,
      35, 27, 26, -1,
      35, 26, 36, -1,
      26, 25, 36, -1,
      36, 25, 24, -1,
      36, 24, 30, -1,
      30, 24, 23, -1,
      30, 23, 29, -1,
    ]
  }
}

Shape {
  appearance Appearance {
    material Material {
      diffuseColor 1.0000 1.0000 1.0000
      specularColor 0.5020 0.5020 0.5020
      ambientIntensity 0.2
      transparency 0.0000
      shininess 0.5
    }
  }
  geometry IndexedFaceSet {
    ccw TRUE
    solid FALSE
    coord DEF co Coordinate {
      point [
        -0.490859 1.496350 1.289465,
        -0.490859 1.496350 1.235594,
        -0.490943 1.496322 1.235594,
        -0.490859 1.496350 1.359055,
        -0.490859 1.496350 1.307804,
        -0.490943 1.496322 1.307804,
        -0.328742 1.540108 1.329254,
        -0.328742 1.540108 1.309769,
        -0.348331 1.535796 1.182951,
        -0.348331 1.535796 1.165103,
        -0.366152 1.531645 1.274646,
        -0.344298 1.536706 1.331710,
        -0.316026 1.542768 1.332983,
        -0.271038 1.551304 1.325242,
        -0.265957 1.552182 1.320323,
        -0.265694 1.552228 1.320068,
        -0.272769 1.550999 1.326318,
        -0.274858 1.550632 1.327617,
        -0.280534 1.549605 1.329937,
        -0.285842 1.548645 1.332108,
        -0.289540 1.547942 1.332610,
        -0.302193 1.545537 1.334330,
        -0.351308 1.535118 1.181955,
        -0.353891 1.534520 1.181542,
        -0.359420 1.533239 1.180659,
        -0.361403 1.532772 1.180880,
        -0.363119 1.532368 1.181072,
        -0.364985 1.531922 1.181661,
        -0.371044 1.530468 1.184628,
        -0.373188 1.529945 1.186845,
        -0.374712 1.529574 1.188420,
        -0.375690 1.529333 1.190167,
        -0.379396 1.528419 1.196787,
        -0.383665 1.527352 1.207185,
        -0.387932 1.526274 1.217582,
        -0.367452 1.531334 1.182439,
        -0.368097 1.531179 1.182832,
        -0.370767 1.530535 1.184459,
        -0.366152 1.531645 1.331710,
        -0.397525 1.523804 1.236331,
        -0.398040 1.523670 1.236331,
        -0.395148 1.524422 1.245746,
        -0.400416 1.523047 1.245582,
        -0.380667 1.528102 1.288728,
        -0.415500 1.519001 1.288646,
        -0.430543 1.514806 1.331710,
        -0.450507 1.508989 1.331710,
        -0.471175 1.502664 1.217337,
        -0.490943 1.496322 1.217337,
        -0.378763 1.528572 1.169085,
        -0.376940 1.529026 1.167743,
        -0.390943 1.525506 1.181215,
        -0.395744 1.524259 1.190649,
        -0.400535 1.523016 1.200062,
        -0.389374 1.525904 1.179356,
        -0.384026 1.527261 1.173022,
        -0.383881 1.527298 1.172850,
        -0.373172 1.529946 1.166191,
        -0.369613 1.530814 1.164725,
        -0.367483 1.531322 1.164416,
        -0.360934 1.532883 1.163466,
        -0.354190 1.534456 1.163926,
        -0.323302 1.541259 1.270991,
        -0.327541 1.540364 1.267359,
        -0.326190 1.540651 1.311293,
        -0.319032 1.542139 1.314235,
        -0.280539 1.549615 1.309324,
        -0.314621 1.543055 1.316049,
        -0.309967 1.543981 1.316694,
        -0.300264 1.545913 1.318037,
        -0.298587 1.546236 1.317927,
        -0.296392 1.546660 1.317782,
        -0.293125 1.547279 1.317056,
        -0.281681 1.549407 1.310969,
        -0.288739 1.548105 1.315726,
        -0.284738 1.548848 1.313780,
        -0.284115 1.548962 1.313213,
        -0.290080 1.547856 1.316379,
        -0.281730 1.549398 1.311039,
        -0.280163 1.549683 1.308781,
        -0.279739 1.549759 1.307661,
        -0.279235 1.549850 1.306327,
        -0.279145 1.549866 1.305663,
        -0.278737 1.549939 1.302646,
        -0.278884 1.549913 1.300418,
        -0.278904 1.549909 1.300327,
        -0.279443 1.549813 1.297737,
        -0.279565 1.549791 1.297148,
        -0.280126 1.549689 1.296015,
        -0.280717 1.549582 1.294819,
        -0.281154 1.549503 1.294291,
        -0.290331 1.547811 1.287479,
        -0.284106 1.548962 1.291345,
        -0.283046 1.549158 1.292003,
        -0.302193 1.545537 1.282178,
        -0.308305 1.544330 1.279659,
        -0.327608 1.540350 1.310445,
        -0.314179 1.543131 1.276451,
        -0.321763 1.541583 1.272308,
        -0.329513 1.539943 1.264426,
        -0.330372 1.539760 1.263149,
        -0.331839 1.539444 1.259533,
        -0.332899 1.539216 1.256922,
        -0.333241 1.539141 1.254513,
        -0.334104 1.538954 1.248447,
        -0.333929 1.538993 1.246767,
        -0.333368 1.539116 1.241392,
        -0.333020 1.539191 1.240305,
        -0.331583 1.539503 1.235815,
        -0.331413 1.539540 1.235287,
        -0.329422 1.539966 1.232040,
        -0.328290 1.540208 1.230195,
        -0.326370 1.540612 1.228367,
        -0.321492 1.541638 1.223722,
        -0.319752 1.541999 1.222640,
        -0.303099 1.545342 1.216508,
        -0.288803 1.548095 1.214635,
        -0.317734 1.542417 1.221385,
        -0.312298 1.543518 1.219184,
        -0.306924 1.544605 1.217009,
        -0.279321 1.549813 1.215665,
        -0.272576 1.551035 1.216398,
        -0.267548 1.551894 1.218135,
        -0.580836 1.463774 1.217337,
        -0.580836 1.463774 1.377476,
        -0.549199 1.475935 1.359055,
        -0.549199 1.475935 1.377476,
        -0.653412 1.432817 1.371391,
        -0.662519 1.428664 1.367840,
        -0.666337 1.426867 1.365019,
        -0.678178 1.421295 1.356271,
        -0.683545 1.418725 1.350299,
        -0.683927 1.418542 1.349874,
        -0.690062 1.415569 1.339978,
        -0.692745 1.414270 1.335650,
        -0.490943 1.496322 1.377476,
        -0.623048 1.446311 1.377476,
        -0.639203 1.439212 1.375534,
        -0.644385 1.436935 1.374911,
        -0.699895 1.410728 1.299453,
        -0.699466 1.410941 1.289694,
        -0.699195 1.411075 1.288144,
        -0.696767 1.412275 1.274259,
        -0.696309 1.412501 1.271639,
        -0.692528 1.414353 1.262452,
        -0.689472 1.415851 1.255024,
        -0.686790 1.417144 1.251402,
        -0.678178 1.421295 1.239769,
        -0.676263 1.422207 1.237896,
        -0.666114 1.426969 1.230366,
        -0.661396 1.429182 1.226865,
        -0.654672 1.432247 1.224153,
        -0.644957 1.436676 1.220235,
        -0.642018 1.437967 1.219871,
        -0.621544 1.446958 1.217337,
        -0.552612 1.474661 1.217337,
        -0.471175 1.502664 1.377476,
        -0.425579 1.516208 1.265886,
        -0.694699 1.413307 1.329748,
        -0.697709 1.411823 1.320657,
        -0.697989 1.411683 1.317944,
        -0.258246 1.553484 1.242061,
        -0.258246 1.553484 1.221348,
        -0.265698 1.552210 1.218774,
        -0.263991 1.552522 1.318420,
        -0.259246 1.553318 1.294494,
        -0.260893 1.553046 1.313266,
        -0.260743 1.553071 1.312776,
        -0.259348 1.553303 1.308237,
        -0.258367 1.553464 1.300844,
        -0.258462 1.553449 1.301796,
        -0.258988 1.553363 1.307065,
        -0.262888 1.552709 1.316583,
        -0.261815 1.552884 1.239795,
        -0.265701 1.552226 1.281059,
        -0.263979 1.552520 1.282751,
        -0.263104 1.552669 1.284155,
        -0.262166 1.552828 1.285661,
        -0.260721 1.553071 1.289272,
        -0.259572 1.553264 1.292147,
        -0.273633 1.550838 1.275289,
        -0.268096 1.551817 1.278705,
        -0.265700 1.552221 1.237682,
        -0.271490 1.551211 1.235278,
        -0.277073 1.550237 1.232961,
        -0.288280 1.548193 1.267605,
        -0.281402 1.549444 1.232342,
        -0.290734 1.547733 1.231009,
        -0.294899 1.546940 1.231322,
        -0.298686 1.546219 1.231607,
        -0.302043 1.545563 1.232474,
        -0.305021 1.544981 1.233243,
        -0.305841 1.544819 1.233685,
        -0.306127 1.544762 1.233840,
        -0.308258 1.544339 1.234991,
        -0.308757 1.544239 1.235437,
        -0.310324 1.543925 1.236837,
        -0.311740 1.543639 1.238722,
        -0.312113 1.543564 1.239263,
        -0.312678 1.543450 1.240674,
        -0.313317 1.543320 1.242273,
        -0.313452 1.543293 1.243165,
        -0.313046 1.543376 1.251528,
        -0.313630 1.543257 1.249452,
        -0.313669 1.543249 1.249315,
        -0.313955 1.543191 1.246482,
        -0.312870 1.543411 1.252152,
        -0.312228 1.543542 1.253281,
        -0.311517 1.543685 1.254530,
        -0.311027 1.543783 1.255061,
        -0.308899 1.544211 1.257371,
        -0.308044 1.544380 1.257885,
        -0.310626 1.543864 1.237108,
        -0.300869 1.545797 1.262195,
        -0.280070 1.549700 1.271319,
        -0.264093 1.552501 1.238349,
        -0.267000 1.552004 1.279782,
        -0.544938 1.477514 1.289465,
        -0.544938 1.477514 1.307804,
        -0.490943 1.496322 1.359055,
        -0.552612 1.474661 1.235594,
        -0.490943 1.496322 1.289465,
        -0.289525 1.551965 1.214635,
        -0.280015 1.553689 1.215634,
        -0.273749 1.554826 1.216292,
        -0.268226 1.555770 1.218171,
        -0.258892 1.557368 1.221348,
        -0.322296 1.545492 1.223722,
        -0.320554 1.545853 1.222636,
        -0.318727 1.546232 1.221495,
        -0.313078 1.547376 1.219183,
        -0.307932 1.548418 1.217076,
        -0.303852 1.549204 1.216535,
        -0.334940 1.542801 1.248447,
        -0.334770 1.542838 1.246765,
        -0.334285 1.542943 1.241957,
        -0.333784 1.543052 1.240326,
        -0.332398 1.543351 1.235819,
        -0.332280 1.543376 1.235435,
        -0.330204 1.543821 1.232067,
        -0.328982 1.544083 1.230083,
        -0.327182 1.544462 1.228371,
        -0.328360 1.544215 1.267359,
        -0.330343 1.543792 1.264430,
        -0.331143 1.543620 1.263248,
        -0.332663 1.543293 1.259530,
        -0.333734 1.543063 1.256912,
        -0.334076 1.542989 1.254513,
        -0.302945 1.549402 1.282179,
        -0.305963 1.548808 1.280981,
        -0.314901 1.546993 1.276313,
        -0.322568 1.545435 1.272308,
        -0.324110 1.545111 1.270991,
        -0.283754 1.553031 1.292003,
        -0.284778 1.552843 1.291274,
        -0.286550 1.552517 1.290014,
        -0.291198 1.551634 1.287793,
        -0.279682 1.553769 1.300342,
        -0.279519 1.553798 1.301235,
        -0.279433 1.553814 1.302646,
        -0.281894 1.553369 1.294322,
        -0.281272 1.553482 1.295096,
        -0.280844 1.553559 1.296021,
        -0.280234 1.553670 1.297337,
        -0.280160 1.553683 1.297739,
        -0.285450 1.552720 1.313780,
        -0.281211 1.553493 1.309351,
        -0.281217 1.553492 1.309363,
        -0.282460 1.553266 1.310906,
        -0.283199 1.553132 1.311822,
        -0.284812 1.552837 1.313226,
        -0.279921 1.553726 1.305648,
        -0.280122 1.553690 1.306891,
        -0.280457 1.553630 1.307647,
        -0.301015 1.549778 1.318037,
        -0.299332 1.550103 1.317952,
        -0.298266 1.550309 1.317897,
        -0.293865 1.551145 1.317002,
        -0.290811 1.551725 1.316381,
        -0.289460 1.551976 1.315726,
        -0.329564 1.543959 1.309769,
        -0.328431 1.544200 1.310452,
        -0.327500 1.544398 1.311013,
        -0.319819 1.545995 1.314214,
        -0.315440 1.546906 1.316040,
        -0.310742 1.547841 1.316691,
        -0.329564 1.543959 1.329254,
        -0.302948 1.549401 1.334330,
        -0.316723 1.546628 1.332625,
        -0.312967 1.547408 1.333611,
        -0.271713 1.555182 1.325240,
        -0.273442 1.554879 1.326333,
        -0.274820 1.554636 1.327205,
        -0.281255 1.553474 1.329896,
        -0.286520 1.552523 1.332098,
        -0.290264 1.551811 1.332606,
        -0.259013 1.557348 1.300844,
        -0.259104 1.557333 1.301796,
        -0.259544 1.557259 1.306436,
        -0.260063 1.557173 1.308219,
        -0.261390 1.556951 1.312779,
        -0.261445 1.556942 1.312968,
        -0.263585 1.556580 1.316559,
        -0.264704 1.556391 1.318437,
        -0.266634 1.556058 1.320310,
        -0.264639 1.556402 1.282751,
        -0.263753 1.556552 1.284150,
        -0.262993 1.556681 1.285350,
        -0.261391 1.556950 1.289281,
        -0.260218 1.557147 1.292157,
        -0.259894 1.557201 1.294494,
        -0.289004 1.552062 1.267604,
        -0.280778 1.553571 1.271315,
        -0.274317 1.554713 1.275290,
        -0.268764 1.555695 1.278706,
        -0.267667 1.555883 1.279782,
        -0.309671 1.548071 1.257371,
        -0.308846 1.548235 1.257944,
        -0.306949 1.548613 1.259261,
        -0.301448 1.549670 1.261819,
        -0.314377 1.547122 1.249441,
        -0.314482 1.547101 1.249047,
        -0.314739 1.547049 1.246482,
        -0.311774 1.547648 1.255033,
        -0.312391 1.547525 1.254348,
        -0.312987 1.547404 1.253269,
        -0.313705 1.547259 1.251968,
        -0.313822 1.547235 1.251527,
        -0.291461 1.551603 1.231009,
        -0.295642 1.550809 1.231263,
        -0.297903 1.550379 1.231401,
        -0.302804 1.549425 1.232476,
        -0.305077 1.548983 1.232974,
        -0.306594 1.548682 1.233718,
        -0.306887 1.548624 1.233861,
        -0.308706 1.548264 1.234753,
        -0.311124 1.547780 1.236806,
        -0.311093 1.547786 1.236762,
        -0.309526 1.548100 1.235443,
        -0.314232 1.547152 1.243166,
        -0.314090 1.547181 1.242235,
        -0.313460 1.547308 1.240674,
        -0.312880 1.547426 1.239237,
        -0.312512 1.547500 1.238728,
        -0.258892 1.557368 1.242061,
        -0.262465 1.556767 1.239787,
        -0.264498 1.556426 1.238493,
        -0.272174 1.555088 1.235290,
        -0.282106 1.553317 1.232345,
        -0.277734 1.554119 1.232969,
        -0.399035 1.527479 1.236331,
        -0.401417 1.526855 1.245582,
        -0.398519 1.527613 1.236331,
        -0.396136 1.528233 1.245746,
        -0.367067 1.535474 1.331710,
        -0.345159 1.540547 1.331710,
        -0.388902 1.530090 1.217582,
        -0.380344 1.532240 1.196787,
        -0.360316 1.537073 1.180659,
        -0.362298 1.536605 1.180930,
        -0.365151 1.535931 1.181322,
        -0.365909 1.535750 1.181610,
        -0.369042 1.535001 1.182802,
        -0.369345 1.534928 1.182918,
        -0.371649 1.534371 1.184523,
        -0.372812 1.534090 1.185333,
        -0.374139 1.533766 1.186819,
        -0.375960 1.533321 1.188858,
        -0.376670 1.533146 1.190143,
        -0.349202 1.539636 1.182951,
        -0.352182 1.538957 1.181956,
        -0.354776 1.538356 1.181543,
        -0.349202 1.539636 1.165103,
        -0.361837 1.536715 1.163466,
        -0.360607 1.537004 1.163494,
        -0.401536 1.526823 1.200062,
        -0.396769 1.528062 1.190630,
        -0.392270 1.529230 1.181732,
        -0.390310 1.529728 1.179387,
        -0.384987 1.531080 1.173021,
        -0.384853 1.531113 1.172860,
        -0.379711 1.532393 1.169084,
        -0.377896 1.532846 1.167750,
        -0.374104 1.533770 1.166191,
        -0.370538 1.534641 1.164725,
        -0.368402 1.535150 1.164416,
        -0.451633 1.512761 1.331710,
        -0.431619 1.518593 1.331710,
        -0.492086 1.500091 1.289465,
        -0.492086 1.500091 1.235594,
        -0.546300 1.481208 1.289465,
        -0.546300 1.481208 1.307804,
        -0.492086 1.500091 1.307804,
        -0.492086 1.500091 1.359055,
        -0.550572 1.479625 1.359055,
        -0.550572 1.479625 1.377476,
        -0.472353 1.506420 1.377476,
        -0.472353 1.506420 1.217337,
        -0.553994 1.478348 1.217337,
        -0.553994 1.478348 1.235594,
        -0.624606 1.449927 1.377476,
        -0.582288 1.467433 1.377476,
        -0.640801 1.442808 1.375537,
        -0.645961 1.440540 1.374920,
        -0.655045 1.436397 1.371389,
        -0.664161 1.432240 1.367847,
        -0.668002 1.430433 1.365017,
        -0.679873 1.424848 1.356271,
        -0.685222 1.422282 1.350266,
        -0.686022 1.421898 1.349368,
        -0.691781 1.419098 1.339979,
        -0.694452 1.417800 1.335625,
        -0.696407 1.416838 1.329739,
        -0.699409 1.415361 1.320700,
        -0.699700 1.415217 1.317940,
        -0.701644 1.414254 1.299453,
        -0.700758 1.414693 1.288183,
        -0.701370 1.414390 1.291771,
        -0.679873 1.424848 1.239769,
        -0.688513 1.420684 1.251398,
        -0.691185 1.419396 1.254995,
        -0.694310 1.417865 1.262431,
        -0.697767 1.416171 1.270656,
        -0.698386 1.415865 1.274285,
        -0.623098 1.450576 1.217337,
        -0.643618 1.441561 1.219909,
        -0.646772 1.440176 1.220305,
        -0.656271 1.435840 1.224247,
        -0.664289 1.432180 1.227574,
        -0.667797 1.430530 1.230319,
        -0.582288 1.467433 1.217337,
        -0.665249 1.431734 1.251014,
        -0.664356 1.432150 1.250131,
        -0.657601 1.435254 1.245207,
        -0.654086 1.436869 1.242645,
        -0.649441 1.438960 1.240801,
        -0.642224 1.442210 1.237935,
        -0.640095 1.443141 1.237676,
        -0.622985 1.450624 1.235594,
        -0.601500 1.459664 1.235594,
        -0.601500 1.459664 1.359055,
        -0.623852 1.450251 1.359055,
        -0.638808 1.443711 1.357285,
        -0.641524 1.442524 1.356963,
        -0.649527 1.438919 1.353952,
        -0.654901 1.436500 1.351929,
        -0.658711 1.434744 1.349238,
        -0.666138 1.431321 1.343991,
        -0.669782 1.429619 1.339884,
        -0.670670 1.429204 1.338884,
        -0.674520 1.427387 1.332470,
        -0.676377 1.426512 1.329377,
        -0.677903 1.425786 1.324743,
        -0.680084 1.424748 1.318115,
        -0.680326 1.424632 1.315761,
        -0.682058 1.423804 1.298880,
        -0.681914 1.423873 1.293813,
        -0.681599 1.424023 1.291689,
        -0.679527 1.425013 1.277722,
        -0.679220 1.425160 1.275648,
        -0.676515 1.426443 1.268816,
        -0.674310 1.427490 1.263243,
        -0.671906 1.428617 1.259853,
        -0.666548 1.431131 1.252295,
        -0.621431 1.447006 1.235594,
        -0.600000 1.456024 1.235594,
        -0.664885 1.427562 1.252295,
        -0.663975 1.427985 1.251365,
        -0.663569 1.428172 1.251050,
        -0.655983 1.431666 1.245155,
        -0.638499 1.439542 1.237676,
        -0.640606 1.438620 1.237933,
        -0.647783 1.435386 1.240895,
        -0.653580 1.432773 1.243287,
        -0.680357 1.420254 1.298880,
        -0.680047 1.420402 1.291657,
        -0.680003 1.420423 1.290619,
        -0.677699 1.421523 1.277760,
        -0.676980 1.421866 1.273748,
        -0.674921 1.422843 1.268776,
        -0.672632 1.423928 1.263250,
        -0.670230 1.425055 1.259852,
        -0.664477 1.427752 1.343991,
        -0.668142 1.426040 1.339917,
        -0.668510 1.425868 1.339508,
        -0.672806 1.423843 1.332444,
        -0.678635 1.421077 1.315762,
        -0.678403 1.421188 1.318041,
        -0.676216 1.422228 1.324745,
        -0.674747 1.422927 1.329252,
        -0.622296 1.446635 1.359055,
        -0.637214 1.440109 1.357282,
        -0.639950 1.438912 1.356957,
        -0.647906 1.435330 1.353952,
        -0.653278 1.432911 1.351924,
        -0.657067 1.431165 1.349239,
        -0.600000 1.456024 1.359055,
      ]
    }
    coordIndex [
      116, 222, 120, -1,
      120, 222, 223, -1,
      120, 223, 121, -1,
      121, 223, 224, -1,
      121, 224, 122, -1,
      122, 224, 225, -1,
      122, 225, 163, -1,
      163, 225, 226, -1,
      163, 226, 162, -1,
      113, 227, 114, -1,
      114, 227, 228, -1,
      114, 228, 117, -1,
      117, 228, 229, -1,
      117, 229, 118, -1,
      118, 229, 230, -1,
      118, 230, 119, -1,
      119, 230, 231, -1,
      119, 231, 115, -1,
      115, 231, 232, -1,
      115, 232, 116, -1,
      116, 232, 222, -1,
      104, 233, 105, -1,
      105, 233, 234, -1,
      105, 234, 106, -1,
      106, 234, 235, -1,
      106, 235, 107, -1,
      107, 235, 236, -1,
      107, 236, 108, -1,
      108, 236, 237, -1,
      108, 237, 109, -1,
      109, 237, 238, -1,
      109, 238, 110, -1,
      110, 238, 239, -1,
      110, 239, 111, -1,
      111, 239, 240, -1,
      111, 240, 112, -1,
      112, 240, 241, -1,
      112, 241, 113, -1,
      113, 241, 227, -1,
      63, 242, 99, -1,
      99, 242, 243, -1,
      99, 243, 100, -1,
      100, 243, 244, -1,
      100, 244, 101, -1,
      101, 244, 245, -1,
      101, 245, 102, -1,
      102, 245, 246, -1,
      102, 246, 103, -1,
      103, 246, 247, -1,
      103, 247, 104, -1,
      104, 247, 233, -1,
      94, 248, 95, -1,
      95, 248, 249, -1,
      95, 249, 97, -1,
      97, 249, 250, -1,
      97, 250, 98, -1,
      98, 250, 251, -1,
      98, 251, 62, -1,
      62, 251, 252, -1,
      62, 252, 63, -1,
      63, 252, 242, -1,
      92, 93, 253, -1,
      253, 254, 92, -1,
      92, 254, 255, -1,
      92, 255, 91, -1,
      91, 255, 256, -1,
      91, 256, 94, -1,
      94, 256, 248, -1,
      257, 84, 258, -1,
      258, 84, 83, -1,
      258, 83, 259, -1,
      253, 93, 260, -1,
      260, 93, 90, -1,
      260, 90, 261, -1,
      261, 90, 89, -1,
      261, 89, 262, -1,
      262, 89, 88, -1,
      262, 88, 263, -1,
      263, 88, 87, -1,
      263, 87, 264, -1,
      264, 87, 86, -1,
      264, 86, 257, -1,
      257, 86, 85, -1,
      257, 85, 84, -1,
      76, 75, 265, -1,
      266, 66, 267, -1,
      267, 66, 73, -1,
      267, 73, 268, -1,
      268, 73, 78, -1,
      268, 78, 269, -1,
      269, 78, 76, -1,
      269, 76, 270, -1,
      270, 76, 265, -1,
      259, 83, 271, -1,
      271, 83, 82, -1,
      271, 82, 272, -1,
      272, 82, 81, -1,
      272, 81, 273, -1,
      273, 81, 80, -1,
      273, 80, 266, -1,
      266, 80, 79, -1,
      266, 79, 66, -1,
      69, 274, 70, -1,
      70, 274, 275, -1,
      70, 275, 71, -1,
      71, 275, 276, -1,
      71, 276, 72, -1,
      72, 276, 277, -1,
      72, 277, 77, -1,
      77, 277, 278, -1,
      77, 278, 74, -1,
      74, 278, 279, -1,
      74, 279, 75, -1,
      75, 279, 265, -1,
      7, 280, 96, -1,
      96, 280, 281, -1,
      96, 281, 64, -1,
      64, 281, 282, -1,
      64, 282, 65, -1,
      65, 282, 283, -1,
      65, 283, 67, -1,
      67, 283, 284, -1,
      67, 284, 68, -1,
      68, 284, 285, -1,
      68, 285, 69, -1,
      69, 285, 274, -1,
      6, 286, 7, -1,
      7, 286, 280, -1,
      12, 21, 287, -1,
      286, 6, 288, -1,
      288, 6, 12, -1,
      288, 12, 289, -1,
      289, 12, 287, -1,
      13, 290, 16, -1,
      16, 290, 291, -1,
      16, 291, 17, -1,
      17, 291, 292, -1,
      17, 292, 18, -1,
      18, 292, 293, -1,
      18, 293, 19, -1,
      19, 293, 294, -1,
      19, 294, 20, -1,
      20, 294, 295, -1,
      20, 295, 21, -1,
      21, 295, 287, -1,
      169, 296, 170, -1,
      170, 296, 297, -1,
      170, 297, 171, -1,
      171, 297, 298, -1,
      171, 298, 168, -1,
      168, 298, 299, -1,
      168, 299, 167, -1,
      167, 299, 300, -1,
      167, 300, 166, -1,
      166, 300, 301, -1,
      166, 301, 172, -1,
      172, 301, 302, -1,
      172, 302, 164, -1,
      164, 302, 303, -1,
      164, 303, 15, -1,
      15, 303, 304, -1,
      290, 13, 304, -1,
      304, 13, 14, -1,
      304, 14, 15, -1,
      175, 305, 176, -1,
      176, 305, 306, -1,
      176, 306, 177, -1,
      177, 306, 307, -1,
      177, 307, 178, -1,
      178, 307, 308, -1,
      178, 308, 179, -1,
      179, 308, 309, -1,
      179, 309, 165, -1,
      165, 309, 310, -1,
      165, 310, 169, -1,
      169, 310, 296, -1,
      185, 311, 214, -1,
      214, 311, 312, -1,
      214, 312, 180, -1,
      180, 312, 313, -1,
      180, 313, 181, -1,
      181, 313, 314, -1,
      181, 314, 216, -1,
      216, 314, 315, -1,
      216, 315, 174, -1,
      174, 315, 305, -1,
      174, 305, 175, -1,
      211, 210, 316, -1,
      316, 317, 211, -1,
      211, 317, 318, -1,
      211, 318, 213, -1,
      213, 318, 319, -1,
      213, 319, 185, -1,
      185, 319, 311, -1,
      320, 204, 321, -1,
      321, 204, 205, -1,
      321, 205, 322, -1,
      316, 210, 323, -1,
      323, 210, 209, -1,
      323, 209, 324, -1,
      324, 209, 208, -1,
      324, 208, 325, -1,
      325, 208, 207, -1,
      325, 207, 326, -1,
      326, 207, 206, -1,
      326, 206, 327, -1,
      327, 206, 202, -1,
      327, 202, 320, -1,
      320, 202, 203, -1,
      320, 203, 204, -1,
      187, 328, 188, -1,
      188, 328, 329, -1,
      188, 329, 189, -1,
      189, 329, 330, -1,
      189, 330, 190, -1,
      190, 330, 331, -1,
      190, 331, 191, -1,
      191, 331, 332, -1,
      191, 332, 192, -1,
      192, 332, 333, -1,
      192, 333, 193, -1,
      193, 333, 334, -1,
      193, 334, 194, -1,
      194, 334, 335, -1,
      194, 335, 195, -1,
      336, 196, 337, -1,
      337, 196, 195, -1,
      337, 195, 338, -1,
      338, 195, 335, -1,
      322, 205, 339, -1,
      339, 205, 201, -1,
      339, 201, 340, -1,
      340, 201, 200, -1,
      340, 200, 341, -1,
      341, 200, 199, -1,
      341, 199, 342, -1,
      342, 199, 198, -1,
      342, 198, 343, -1,
      343, 198, 197, -1,
      343, 197, 336, -1,
      336, 197, 212, -1,
      336, 212, 196, -1,
      161, 344, 173, -1,
      173, 344, 345, -1,
      173, 345, 215, -1,
      215, 345, 346, -1,
      215, 346, 182, -1,
      182, 346, 347, -1,
      328, 187, 348, -1,
      348, 187, 186, -1,
      348, 186, 349, -1,
      349, 186, 184, -1,
      349, 184, 347, -1,
      347, 184, 183, -1,
      347, 183, 182, -1,
      226, 344, 162, -1,
      162, 344, 161, -1,
      281, 280, 286, -1,
      345, 344, 226, -1,
      325, 326, 245, -1,
      245, 326, 246, -1,
      246, 326, 327, -1,
      246, 327, 247, -1,
      327, 320, 247, -1,
      247, 320, 321, -1,
      247, 321, 233, -1,
      233, 321, 322, -1,
      233, 322, 234, -1,
      240, 239, 341, -1,
      341, 239, 238, -1,
      341, 238, 340, -1,
      340, 238, 237, -1,
      340, 237, 339, -1,
      339, 237, 236, -1,
      339, 236, 322, -1,
      322, 236, 235, -1,
      322, 235, 234, -1,
      341, 342, 240, -1,
      240, 342, 343, -1,
      240, 343, 241, -1,
      241, 343, 336, -1,
      241, 336, 227, -1,
      227, 336, 337, -1,
      227, 337, 228, -1,
      228, 337, 338, -1,
      228, 338, 229, -1,
      229, 338, 335, -1,
      229, 335, 230, -1,
      335, 334, 230, -1,
      230, 334, 333, -1,
      230, 333, 231, -1,
      333, 332, 231, -1,
      231, 332, 331, -1,
      231, 331, 232, -1,
      331, 330, 232, -1,
      232, 330, 329, -1,
      232, 329, 222, -1,
      222, 329, 328, -1,
      222, 328, 223, -1,
      223, 328, 348, -1,
      223, 348, 224, -1,
      224, 348, 349, -1,
      224, 349, 225, -1,
      225, 349, 347, -1,
      225, 347, 226, -1,
      226, 347, 346, -1,
      226, 346, 345, -1,
      245, 244, 325, -1,
      325, 244, 243, -1,
      325, 243, 324, -1,
      324, 243, 242, -1,
      324, 242, 323, -1,
      323, 242, 252, -1,
      323, 252, 316, -1,
      316, 252, 251, -1,
      316, 251, 317, -1,
      317, 251, 250, -1,
      317, 250, 318, -1,
      318, 250, 249, -1,
      318, 249, 319, -1,
      319, 249, 248, -1,
      319, 248, 311, -1,
      311, 248, 256, -1,
      311, 256, 312, -1,
      312, 256, 255, -1,
      312, 255, 313, -1,
      313, 255, 254, -1,
      313, 254, 314, -1,
      314, 254, 253, -1,
      314, 253, 315, -1,
      315, 253, 260, -1,
      315, 260, 305, -1,
      305, 260, 261, -1,
      259, 297, 258, -1,
      258, 297, 296, -1,
      258, 296, 257, -1,
      257, 296, 310, -1,
      257, 310, 264, -1,
      264, 310, 309, -1,
      264, 309, 263, -1,
      263, 309, 308, -1,
      263, 308, 262, -1,
      262, 308, 307, -1,
      262, 307, 261, -1,
      261, 307, 306, -1,
      261, 306, 305, -1,
      302, 301, 272, -1,
      272, 301, 300, -1,
      272, 300, 271, -1,
      271, 300, 299, -1,
      271, 299, 259, -1,
      259, 299, 298, -1,
      259, 298, 297, -1,
      272, 273, 302, -1,
      302, 273, 266, -1,
      302, 266, 303, -1,
      303, 266, 267, -1,
      303, 267, 304, -1,
      304, 267, 268, -1,
      304, 268, 290, -1,
      290, 268, 269, -1,
      290, 269, 291, -1,
      291, 269, 270, -1,
      291, 270, 292, -1,
      292, 270, 265, -1,
      292, 265, 293, -1,
      293, 265, 279, -1,
      293, 279, 294, -1,
      279, 278, 294, -1,
      294, 278, 277, -1,
      294, 277, 295, -1,
      277, 276, 295, -1,
      295, 276, 275, -1,
      295, 275, 287, -1,
      287, 275, 274, -1,
      287, 274, 289, -1,
      289, 274, 285, -1,
      289, 285, 288, -1,
      285, 284, 288, -1,
      288, 284, 283, -1,
      288, 283, 286, -1,
      286, 283, 282, -1,
      286, 282, 281, -1,
      40, 350, 42, -1,
      42, 350, 351, -1,
      39, 352, 40, -1,
      40, 352, 350, -1,
      41, 353, 39, -1,
      39, 353, 352, -1,
      38, 354, 43, -1,
      43, 354, 353, -1,
      43, 353, 41, -1,
      11, 355, 38, -1,
      38, 355, 354, -1,
      34, 356, 10, -1,
      10, 356, 355, -1,
      10, 355, 11, -1,
      356, 34, 357, -1,
      357, 34, 33, -1,
      357, 33, 32, -1,
      24, 358, 25, -1,
      25, 358, 359, -1,
      25, 359, 26, -1,
      26, 359, 360, -1,
      26, 360, 27, -1,
      27, 360, 361, -1,
      27, 361, 35, -1,
      35, 361, 362, -1,
      35, 362, 36, -1,
      36, 362, 363, -1,
      36, 363, 37, -1,
      37, 363, 364, -1,
      37, 364, 28, -1,
      28, 364, 365, -1,
      28, 365, 29, -1,
      29, 365, 366, -1,
      29, 366, 30, -1,
      30, 366, 367, -1,
      30, 367, 31, -1,
      31, 367, 368, -1,
      31, 368, 32, -1,
      32, 368, 357, -1,
      8, 369, 22, -1,
      22, 369, 370, -1,
      22, 370, 23, -1,
      23, 370, 371, -1,
      23, 371, 24, -1,
      24, 371, 358, -1,
      9, 372, 8, -1,
      8, 372, 369, -1,
      60, 373, 61, -1,
      61, 373, 374, -1,
      61, 374, 9, -1,
      9, 374, 372, -1,
      53, 375, 52, -1,
      52, 375, 376, -1,
      52, 376, 51, -1,
      51, 376, 377, -1,
      51, 377, 54, -1,
      54, 377, 378, -1,
      54, 378, 55, -1,
      55, 378, 379, -1,
      55, 379, 56, -1,
      56, 379, 380, -1,
      56, 380, 49, -1,
      49, 380, 381, -1,
      49, 381, 50, -1,
      50, 381, 382, -1,
      50, 382, 57, -1,
      57, 382, 383, -1,
      57, 383, 58, -1,
      58, 383, 384, -1,
      58, 384, 59, -1,
      59, 384, 385, -1,
      59, 385, 60, -1,
      60, 385, 373, -1,
      46, 386, 157, -1,
      157, 386, 375, -1,
      157, 375, 53, -1,
      45, 387, 46, -1,
      46, 387, 386, -1,
      42, 351, 44, -1,
      44, 351, 387, -1,
      44, 387, 45, -1,
      386, 387, 375, -1,
      375, 387, 351, -1,
      375, 356, 376, -1,
      376, 356, 357, -1,
      376, 357, 377, -1,
      377, 357, 368, -1,
      377, 368, 378, -1,
      378, 368, 367, -1,
      378, 367, 379, -1,
      379, 367, 366, -1,
      379, 366, 380, -1,
      366, 365, 380, -1,
      380, 365, 364, -1,
      380, 364, 381, -1,
      381, 364, 363, -1,
      381, 363, 382, -1,
      382, 363, 383, -1,
      383, 363, 362, -1,
      383, 362, 384, -1,
      384, 362, 361, -1,
      384, 361, 385, -1,
      385, 361, 360, -1,
      385, 360, 373, -1,
      373, 360, 359, -1,
      373, 359, 374, -1,
      359, 358, 374, -1,
      374, 358, 371, -1,
      374, 371, 372, -1,
      372, 371, 370, -1,
      372, 370, 369, -1,
      354, 355, 353, -1,
      353, 355, 356, -1,
      353, 356, 352, -1,
      352, 356, 375, -1,
      352, 375, 350, -1,
      350, 375, 351, -1,
      0, 388, 1, -1,
      1, 388, 389, -1,
      217, 390, 221, -1,
      221, 390, 388, -1,
      221, 388, 0, -1,
      218, 391, 217, -1,
      217, 391, 390, -1,
      391, 218, 392, -1,
      392, 218, 5, -1,
      392, 5, 4, -1,
      3, 393, 4, -1,
      4, 393, 392, -1,
      125, 394, 219, -1,
      219, 394, 393, -1,
      219, 393, 3, -1,
      126, 395, 125, -1,
      125, 395, 394, -1,
      156, 396, 135, -1,
      135, 396, 395, -1,
      135, 395, 126, -1,
      47, 397, 156, -1,
      156, 397, 396, -1,
      155, 398, 48, -1,
      48, 398, 397, -1,
      48, 397, 47, -1,
      220, 399, 155, -1,
      155, 399, 398, -1,
      399, 220, 389, -1,
      389, 220, 2, -1,
      389, 2, 1, -1,
      397, 398, 399, -1,
      399, 389, 397, -1,
      397, 389, 388, -1,
      397, 388, 396, -1,
      394, 395, 393, -1,
      393, 395, 396, -1,
      393, 396, 392, -1,
      392, 396, 388, -1,
      392, 388, 391, -1,
      391, 388, 390, -1,
      400, 136, 401, -1,
      401, 136, 124, -1,
      136, 400, 137, -1,
      137, 400, 402, -1,
      137, 402, 138, -1,
      138, 402, 403, -1,
      138, 403, 127, -1,
      127, 403, 404, -1,
      127, 404, 128, -1,
      128, 404, 405, -1,
      128, 405, 129, -1,
      129, 405, 406, -1,
      129, 406, 130, -1,
      130, 406, 407, -1,
      130, 407, 131, -1,
      131, 407, 408, -1,
      131, 408, 132, -1,
      132, 408, 409, -1,
      132, 409, 133, -1,
      133, 409, 410, -1,
      133, 410, 134, -1,
      134, 410, 411, -1,
      134, 411, 158, -1,
      158, 411, 412, -1,
      158, 412, 159, -1,
      159, 412, 413, -1,
      159, 413, 160, -1,
      160, 413, 414, -1,
      160, 414, 139, -1,
      139, 414, 415, -1,
      416, 140, 417, -1,
      417, 140, 139, -1,
      417, 139, 415, -1,
      418, 147, 419, -1,
      419, 147, 146, -1,
      419, 146, 420, -1,
      420, 146, 145, -1,
      420, 145, 421, -1,
      421, 145, 144, -1,
      421, 144, 422, -1,
      422, 144, 143, -1,
      422, 143, 423, -1,
      423, 143, 142, -1,
      423, 142, 416, -1,
      416, 142, 141, -1,
      416, 141, 140, -1,
      424, 154, 425, -1,
      425, 154, 153, -1,
      425, 153, 426, -1,
      426, 153, 152, -1,
      426, 152, 427, -1,
      427, 152, 151, -1,
      427, 151, 428, -1,
      428, 151, 150, -1,
      428, 150, 429, -1,
      429, 150, 149, -1,
      429, 149, 418, -1,
      418, 149, 148, -1,
      418, 148, 147, -1,
      430, 123, 424, -1,
      424, 123, 154, -1,
      124, 123, 401, -1,
      401, 123, 430, -1,
      431, 432, 418, -1,
      418, 432, 429, -1,
      429, 432, 433, -1,
      429, 433, 428, -1,
      428, 433, 434, -1,
      428, 434, 427, -1,
      427, 434, 435, -1,
      427, 435, 426, -1,
      426, 435, 436, -1,
      426, 436, 425, -1,
      425, 436, 437, -1,
      425, 437, 424, -1,
      424, 437, 438, -1,
      424, 438, 430, -1,
      430, 438, 439, -1,
      430, 439, 401, -1,
      401, 439, 440, -1,
      401, 440, 400, -1,
      400, 440, 441, -1,
      400, 441, 402, -1,
      402, 441, 442, -1,
      402, 442, 403, -1,
      403, 442, 443, -1,
      403, 443, 404, -1,
      404, 443, 444, -1,
      404, 444, 405, -1,
      405, 444, 445, -1,
      405, 445, 406, -1,
      406, 445, 446, -1,
      406, 446, 407, -1,
      446, 447, 407, -1,
      407, 447, 448, -1,
      407, 448, 408, -1,
      408, 448, 449, -1,
      408, 449, 409, -1,
      409, 449, 450, -1,
      409, 450, 410, -1,
      410, 450, 451, -1,
      410, 451, 411, -1,
      411, 451, 452, -1,
      411, 452, 412, -1,
      412, 452, 413, -1,
      413, 452, 453, -1,
      413, 453, 414, -1,
      414, 453, 454, -1,
      414, 454, 415, -1,
      415, 454, 455, -1,
      415, 455, 417, -1,
      417, 455, 456, -1,
      417, 456, 416, -1,
      416, 456, 457, -1,
      416, 457, 423, -1,
      423, 457, 458, -1,
      423, 458, 422, -1,
      422, 458, 459, -1,
      422, 459, 421, -1,
      421, 459, 460, -1,
      421, 460, 420, -1,
      420, 460, 461, -1,
      420, 461, 419, -1,
      419, 461, 462, -1,
      419, 462, 418, -1,
      418, 462, 463, -1,
      418, 463, 431, -1,
      438, 464, 439, -1,
      439, 464, 465, -1,
      431, 463, 466, -1,
      466, 467, 431, -1,
      431, 467, 468, -1,
      431, 468, 432, -1,
      432, 468, 469, -1,
      464, 438, 470, -1,
      470, 438, 437, -1,
      470, 437, 471, -1,
      471, 437, 436, -1,
      471, 436, 472, -1,
      472, 436, 435, -1,
      472, 435, 473, -1,
      473, 435, 434, -1,
      473, 434, 469, -1,
      469, 434, 433, -1,
      469, 433, 432, -1,
      455, 474, 456, -1,
      456, 474, 475, -1,
      456, 475, 457, -1,
      457, 475, 476, -1,
      457, 476, 458, -1,
      458, 476, 477, -1,
      458, 477, 459, -1,
      459, 477, 478, -1,
      459, 478, 460, -1,
      460, 478, 479, -1,
      460, 479, 461, -1,
      461, 479, 480, -1,
      461, 480, 462, -1,
      462, 480, 481, -1,
      462, 481, 463, -1,
      463, 481, 466, -1,
      448, 447, 482, -1,
      482, 483, 448, -1,
      448, 483, 484, -1,
      448, 484, 449, -1,
      449, 484, 485, -1,
      474, 455, 486, -1,
      486, 455, 454, -1,
      486, 454, 487, -1,
      487, 454, 453, -1,
      487, 453, 488, -1,
      488, 453, 452, -1,
      488, 452, 489, -1,
      489, 452, 451, -1,
      489, 451, 485, -1,
      485, 451, 450, -1,
      485, 450, 449, -1,
      441, 490, 442, -1,
      442, 490, 491, -1,
      442, 491, 443, -1,
      443, 491, 492, -1,
      443, 492, 444, -1,
      444, 492, 493, -1,
      444, 493, 445, -1,
      445, 493, 494, -1,
      445, 494, 446, -1,
      446, 494, 495, -1,
      446, 495, 447, -1,
      447, 495, 482, -1,
      440, 496, 441, -1,
      441, 496, 490, -1,
      440, 439, 496, -1,
      496, 439, 465, -1,
    ]
  }
}

Shape {
  appearance Appearance {
    material Material {
      diffuseColor 0.2235 0.2235 0.2235
      specularColor 0.1137 0.1137 0.1137
      ambientIntensity 0.2
      transparency 0.0000
      shininess 0.5
    }
  }
  geometry IndexedFaceSet {
    ccw TRUE
    solid FALSE
    coord DEF co Coordinate {
      point [
        -0.621431 1.447006 1.235594,
        -0.600000 1.456024 1.235594,
        -0.664885 1.427562 1.252295,
        -0.663975 1.427985 1.251365,
        -0.663569 1.428172 1.251050,
        -0.655983 1.431666 1.245155,
        -0.638499 1.439542 1.237676,
        -0.640606 1.438620 1.237933,
        -0.647783 1.435386 1.240895,
        -0.653580 1.432773 1.243287,
        -0.680357 1.420254 1.298880,
        -0.680047 1.420402 1.291657,
        -0.680003 1.420423 1.290619,
        -0.677699 1.421523 1.277760,
        -0.676980 1.421866 1.273748,
        -0.674921 1.422843 1.268776,
        -0.672632 1.423928 1.263250,
        -0.670230 1.425055 1.259852,
        -0.664477 1.427752 1.343991,
        -0.668142 1.426040 1.339917,
        -0.668510 1.425868 1.339508,
        -0.672806 1.423843 1.332444,
        -0.678635 1.421077 1.315762,
        -0.678403 1.421188 1.318041,
        -0.676216 1.422228 1.324745,
        -0.674747 1.422927 1.329252,
        -0.622296 1.446635 1.359055,
        -0.637214 1.440109 1.357282,
        -0.639950 1.438912 1.356957,
        -0.647906 1.435330 1.353952,
        -0.653278 1.432911 1.351924,
        -0.657067 1.431165 1.349239,
        -0.600000 1.456024 1.359055,
      ]
    }
    coordIndex [
      32, 1, 0, -1,
      0, 6, 32, -1,
      32, 6, 7, -1,
      32, 7, 8, -1,
      8, 9, 32, -1,
      32, 9, 5, -1,
      32, 5, 4, -1,
      4, 3, 32, -1,
      32, 3, 2, -1,
      32, 2, 17, -1,
      17, 16, 32, -1,
      32, 16, 15, -1,
      32, 15, 14, -1,
      14, 13, 32, -1,
      32, 13, 12, -1,
      32, 12, 11, -1,
      11, 10, 32, -1,
      32, 10, 22, -1,
      32, 22, 23, -1,
      23, 24, 32, -1,
      32, 24, 25, -1,
      32, 25, 21, -1,
      21, 20, 32, -1,
      32, 20, 19, -1,
      32, 19, 18, -1,
      31, 30, 29, -1,
      29, 28, 27, -1,
      18, 31, 32, -1,
      32, 31, 29, -1,
      32, 29, 26, -1,
      26, 29, 27, -1,
    ]
  }
}

Shape {
  appearance Appearance {
    material Material {
      diffuseColor 1.0000 1.0000 1.0000
      specularColor 0.5020 0.5020 0.5020
      ambientIntensity 0.2
      transparency 0.0000
      shininess 0.5
    }
  }
  geometry IndexedFaceSet {
    ccw TRUE
    solid FALSE
    coord DEF co Coordinate {
      point [
        -0.813949 1.348144 1.217337,
        -0.806947 1.352347 1.239237,
        -0.728170 1.396343 1.217337,
        -0.734985 1.392768 1.239237,
        -0.799923 1.356513 1.261137,
        -0.741783 1.389159 1.261137,
        -0.833417 1.336196 1.217337,
        -0.707841 1.406757 1.217337,
        -0.734949 1.392787 1.297406,
        -0.761782 1.378294 1.377476,
        -0.781053 1.367465 1.377476,
        -0.807386 1.352084 1.297406,
        -0.709611 1.410274 1.217337,
        -0.763686 1.381739 1.377476,
        -0.729991 1.399833 1.217337,
        -0.743637 1.392632 1.261137,
        -0.801923 1.359904 1.261137,
        -0.815984 1.351514 1.217337,
        -0.835501 1.339537 1.217337,
        -0.783006 1.370884 1.377476,
        -0.796402 1.363145 1.279231,
        -0.749423 1.389527 1.279231,
        -0.759966 1.383789 1.312511,
        -0.770465 1.377971 1.345792,
        -0.771672 1.377296 1.350683,
        -0.772757 1.376687 1.357008,
        -0.773186 1.376446 1.357008,
        -0.774282 1.375830 1.350564,
        -0.775368 1.375219 1.345792,
        -0.785908 1.369222 1.312511,
        -0.770830 1.373254 1.357008,
        -0.768544 1.374535 1.345792,
        -0.771258 1.373013 1.357008,
        -0.773434 1.371789 1.345792,
        -0.794416 1.359746 1.279231,
        -0.747554 1.386062 1.279231,
      ]
    }
    coordIndex [
      7, 12, 8, -1,
      8, 12, 13, -1,
      8, 13, 9, -1,
      2, 14, 7, -1,
      7, 14, 12, -1,
      5, 15, 3, -1,
      3, 15, 14, -1,
      3, 14, 2, -1,
      4, 16, 5, -1,
      5, 16, 15, -1,
      0, 17, 1, -1,
      1, 17, 16, -1,
      1, 16, 4, -1,
      6, 18, 0, -1,
      0, 18, 17, -1,
      10, 19, 11, -1,
      11, 19, 18, -1,
      11, 18, 6, -1,
      13, 19, 9, -1,
      9, 19, 10, -1,
      12, 14, 15, -1,
      16, 20, 15, -1,
      15, 20, 21, -1,
      15, 21, 12, -1,
      12, 21, 22, -1,
      12, 22, 13, -1,
      13, 22, 23, -1,
      23, 24, 13, -1,
      13, 24, 25, -1,
      13, 25, 19, -1,
      25, 26, 19, -1,
      19, 26, 27, -1,
      19, 27, 28, -1,
      28, 29, 19, -1,
      19, 29, 20, -1,
      19, 20, 18, -1,
      18, 20, 16, -1,
      18, 16, 17, -1,
      30, 25, 31, -1,
      31, 25, 24, -1,
      31, 24, 23, -1,
      32, 26, 30, -1,
      30, 26, 25, -1,
      26, 32, 27, -1,
      27, 32, 33, -1,
      27, 33, 28, -1,
      28, 33, 29, -1,
      29, 33, 34, -1,
      29, 34, 20, -1,
      35, 21, 34, -1,
      34, 21, 20, -1,
      21, 35, 22, -1,
      22, 35, 31, -1,
      22, 31, 23, -1,
    ]
  }
}

Shape {
  appearance Appearance {
    material Material {
      diffuseColor 0.2235 0.2235 0.2235
      specularColor 0.1137 0.1137 0.1137
      ambientIntensity 0.2
      transparency 0.0000
      shininess 0.5
    }
  }
  geometry IndexedFaceSet {
    ccw TRUE
    solid FALSE
    coord DEF co Coordinate {
      point [
        -0.770830 1.373254 1.357008,
        -0.768544 1.374535 1.345792,
        -0.771258 1.373013 1.357008,
        -0.773434 1.371789 1.345792,
        -0.794416 1.359746 1.279231,
        -0.747554 1.386062 1.279231,
      ]
    }
    coordIndex [
      2, 0, 3, -1,
      3, 0, 1, -1,
      3, 1, 4, -1,
      4, 1, 5, -1,
    ]
  }
}

Shape {
  appearance Appearance {
    material Material {
      diffuseColor 1.0000 1.0000 1.0000
      specularColor 0.5020 0.5020 0.5020
      ambientIntensity 0.2
      transparency 0.0000
      shininess 0.5
    }
  }
  geometry IndexedFaceSet {
    ccw TRUE
    solid FALSE
    coord DEF co Coordinate {
      point [
        0.533754 1.481541 1.640866,
        0.525662 1.484482 1.646244,
        0.610775 1.451539 1.581660,
        0.596631 1.457407 1.579986,
        0.573687 1.466591 1.608381,
        0.549975 1.475646 1.630083,
        0.642785 1.437624 1.182308,
        0.642963 1.437544 1.182541,
        0.651251 1.433838 1.193362,
        0.653944 1.432600 1.199586,
        0.692725 1.414125 1.232793,
        0.679302 1.420760 1.224965,
        0.662373 1.428730 1.219058,
        0.716426 1.402409 1.246616,
        0.720016 1.400530 1.250162,
        0.743856 1.388050 1.273710,
        0.759570 1.379471 1.299961,
        0.768366 1.374669 1.314654,
        0.773239 1.371911 1.330346,
        0.781803 1.367066 1.357916,
        0.782311 1.366771 1.363173,
        0.785656 1.364826 1.397814,
        0.785388 1.364983 1.405767,
        0.785215 1.365085 1.410907,
        0.780485 1.367816 1.438580,
        0.777559 1.369505 1.455692,
        0.771415 1.372937 1.470561,
        0.760694 1.378927 1.496509,
        0.757774 1.380504 1.500664,
        0.738833 1.390730 1.527611,
        0.733329 1.393629 1.533343,
        0.729419 1.395688 1.537415,
        0.708623 1.406228 1.552977,
        0.695670 1.412792 1.562669,
        0.681806 1.419390 1.568139,
        0.657169 1.431113 1.577859,
        0.652412 1.433228 1.578435,
        0.642772 1.437512 1.579602,
        0.620783 1.447285 1.582263,
        0.424433 1.516028 1.283656,
        0.455040 1.507628 1.266878,
        0.455040 1.507628 1.255493,
        0.461680 1.505616 1.219242,
        0.457331 1.506946 1.232748,
        0.456637 1.507153 1.239640,
        0.465878 1.504332 1.206207,
        0.469585 1.503161 1.200172,
        0.480294 1.499777 1.182736,
        0.480523 1.499703 1.182480,
        0.489246 1.496877 1.172748,
        0.489323 1.496852 1.172663,
        0.505507 1.491424 1.160183,
        0.511000 1.489581 1.155948,
        0.523247 1.485265 1.150760,
        0.535939 1.480791 1.145382,
        0.542441 1.478374 1.144474,
        0.589901 1.460146 1.145311,
        0.576626 1.465366 1.143513,
        0.562757 1.470820 1.141635,
        0.595474 1.457840 1.147696,
        0.613698 1.450301 1.155498,
        0.614016 1.450169 1.155633,
        0.629839 1.443335 1.168041,
        0.634895 1.441152 1.172006,
        0.409057 1.520749 1.371627,
        0.336763 1.538287 1.580497,
        0.347162 1.536044 1.587876,
        0.362407 1.532409 1.593741,
        0.383241 1.527443 1.601754,
        0.389944 1.525680 1.602584,
        0.418943 1.518055 1.606173,
        0.424543 1.516432 1.605458,
        0.424474 1.516198 1.363229,
        0.211741 1.560496 1.452572,
        0.221862 1.559055 1.456661,
        0.300370 1.545892 1.351133,
        0.232309 1.557567 1.460881,
        0.271794 1.551188 1.499805,
        0.280631 1.549587 1.517462,
        0.334940 1.538772 1.411477,
        0.237693 1.556726 1.461605,
        0.254421 1.554115 1.463852,
        0.317675 1.542429 1.381305,
        0.263406 1.552618 1.463852,
        0.269506 1.551578 1.489999,
        0.289533 1.547975 1.535246,
        0.295907 1.546724 1.542679,
        0.315246 1.542927 1.565229,
        0.240928 1.556265 1.216781,
        0.210447 1.560618 1.223150,
        0.203983 1.561541 1.224501,
        0.244303 1.555738 1.216781,
        0.247677 1.555205 1.216781,
        0.307074 1.544575 1.216781,
        0.312865 1.543409 1.217881,
        0.314504 1.543079 1.218193,
        0.318718 1.542209 1.220071,
        0.322294 1.541471 1.221665,
        0.324315 1.541044 1.223265,
        0.328720 1.540113 1.226756,
        0.329189 1.540013 1.227254,
        0.330170 1.539803 1.228298,
        0.330328 1.539769 1.228465,
        0.333909 1.538996 1.233607,
        0.335243 1.538708 1.235523,
        0.336726 1.538383 1.239344,
        0.338158 1.538070 1.243035,
        0.338454 1.538004 1.245209,
        0.339389 1.537797 1.252077,
        0.338963 1.537892 1.256676,
        0.338847 1.537918 1.257937,
        0.337415 1.538232 1.262954,
        0.328232 1.540217 1.277927,
        0.327983 1.540270 1.278206,
        0.378189 1.528717 1.309006,
        0.331866 1.539438 1.273848,
        0.336509 1.538432 1.266129,
        0.335017 1.538756 1.268760,
        0.332599 1.539281 1.273025,
        0.323183 1.541281 1.281698,
        0.321176 1.541704 1.283157,
        0.317570 1.542446 1.284607,
        0.313838 1.543215 1.286107,
        0.311774 1.543628 1.286397,
        0.304840 1.545017 1.287372,
        0.298135 1.546325 1.286234,
        0.247677 1.555205 1.286234,
        0.245356 1.555557 1.286704,
        0.228882 1.558064 1.290040,
        0.225662 1.558554 1.290693,
        0.214689 1.560073 1.296038,
        0.206435 1.561217 1.300059,
        0.202280 1.561744 1.303583,
        0.197074 1.562405 1.307997,
        0.457822 1.506789 1.601209,
        0.466235 1.504124 1.597738,
        0.501976 1.492649 1.350481,
        0.492769 1.495719 1.586791,
        0.513631 1.488626 1.356933,
        0.493075 1.495622 1.586665,
        0.516309 1.487697 1.568896,
        0.523931 1.485098 1.563067,
        0.535525 1.480902 1.548163,
        0.482214 1.499158 1.331777,
        0.497191 1.494225 1.345952,
        0.439199 1.512185 1.603587,
        0.618944 1.448039 1.351942,
        0.613917 1.450211 1.356007,
        0.642813 1.437615 1.510867,
        0.633739 1.441646 1.339980,
        0.593196 1.458809 1.510160,
        0.599643 1.456119 1.511080,
        0.589698 1.460227 1.366704,
        0.619737 1.447733 1.513948,
        0.602074 1.455109 1.361238,
        0.634689 1.441192 1.512156,
        0.641614 1.438163 1.511326,
        0.580390 1.463889 1.504701,
        0.583277 1.462752 1.367606,
        0.568139 1.468748 1.499480,
        0.562757 1.470820 1.370489,
        0.563820 1.470412 1.496870,
        0.550402 1.475483 1.369665,
        0.550160 1.475574 1.369648,
        0.548314 1.476274 1.531724,
        0.550876 1.475306 1.525967,
        0.524940 1.484724 1.363193,
        0.531243 1.482437 1.364806,
        0.693033 1.414078 1.321187,
        0.685247 1.417905 1.311875,
        0.656759 1.431311 1.305675,
        0.679593 1.420578 1.307965,
        0.661339 1.429208 1.295343,
        0.652176 1.433417 1.316016,
        0.715044 1.403107 1.358937,
        0.712387 1.404464 1.350215,
        0.706463 1.407443 1.339199,
        0.705515 1.407920 1.337437,
        0.703526 1.408920 1.333737,
        0.720622 1.400259 1.377249,
        0.646669 1.435884 1.323485,
        0.720769 1.400183 1.378864,
        0.653267 1.432844 1.506866,
        0.642817 1.437610 1.328709,
        0.635637 1.440826 1.338445,
        0.665650 1.427192 1.502127,
        0.670578 1.424852 1.498535,
        0.686497 1.417292 1.486930,
        0.686720 1.417186 1.486767,
        0.694755 1.413266 1.478289,
        0.694808 1.413240 1.478209,
        0.706087 1.407632 1.461089,
        0.709813 1.405779 1.455432,
        0.714516 1.403384 1.442304,
        0.719325 1.400935 1.428881,
        0.720148 1.400508 1.421854,
        0.722696 1.399183 1.400091,
        0.190233 1.563271 1.313897,
        0.193878 1.562823 1.439354,
        0.190650 1.563220 1.313444,
        0.177041 1.564828 1.332128,
        0.173144 1.565260 1.341868,
        0.180190 1.564457 1.327717,
        0.167976 1.565824 1.388714,
        0.189437 1.563368 1.314761,
        0.166421 1.565985 1.375043,
        0.168898 1.565726 1.356320,
        0.169658 1.565647 1.350580,
        0.168603 1.565758 1.394227,
        0.189577 1.563351 1.314610,
        0.172282 1.565355 1.404678,
        0.175860 1.564963 1.414839,
        0.178894 1.564608 1.419450,
        0.187636 1.563586 1.432731,
        0.187820 1.563564 1.432926,
        0.193939 1.562815 1.439419,
        0.197075 1.562407 1.441736,
        0.207180 1.561090 1.449202,
        0.165284 1.566067 1.503348,
        0.141799 1.568388 1.483792,
        0.139587 1.568607 1.481950,
        0.122764 1.569980 1.458883,
        0.115707 1.570555 1.449209,
        0.109428 1.570991 1.433600,
        0.101179 1.571565 1.413095,
        0.100195 1.571623 1.405974,
        0.096081 1.571869 1.376181,
        0.099835 1.571651 1.347583,
        0.101492 1.571554 1.334965,
        0.107737 1.571120 1.319481,
        0.116287 1.570526 1.298287,
        0.120344 1.570193 1.292654,
        0.138090 1.568737 1.268017,
        0.161853 1.566415 1.247683,
        0.168737 1.565743 1.241792,
        0.185999 1.563685 1.233324,
        0.197069 1.562366 1.227893,
        0.496976 1.494097 1.658176,
        0.475031 1.501452 1.667305,
        0.457628 1.506611 1.669578,
        0.424539 1.516419 1.673900,
        0.420041 1.517752 1.674487,
        0.383747 1.527135 1.670070,
        0.369669 1.530774 1.668357,
        0.342401 1.536888 1.658202,
        0.319484 1.542026 1.649667,
        0.302209 1.545322 1.637897,
        0.269016 1.551656 1.615281,
        0.249297 1.554844 1.592327,
        0.232772 1.557517 1.573091,
        0.225479 1.558545 1.558889,
        0.208247 1.560974 1.525334,
        0.197065 1.562330 1.520114,
        0.190918 1.563076 1.517244,
        0.170557 1.565546 1.507739,
        0.269689 1.555535 1.615281,
        0.302217 1.549508 1.639099,
        0.305530 1.548894 1.641525,
        0.342819 1.541050 1.659595,
        0.344399 1.540717 1.660361,
        0.384626 1.531158 1.671222,
        0.385522 1.530945 1.671464,
        0.421091 1.521546 1.674487,
        0.551350 1.479335 1.630083,
        0.537912 1.484275 1.639532,
        0.535185 1.485225 1.640973,
        0.501504 1.496968 1.658766,
        0.498827 1.497827 1.659570,
        0.462531 1.509465 1.670468,
        0.458981 1.510500 1.670812,
        0.453964 1.511963 1.671299,
        0.598123 1.461051 1.579986,
        0.574804 1.470340 1.608009,
        0.579341 1.468600 1.603739,
        0.622335 1.450903 1.582263,
        0.740680 1.394207 1.527611,
        0.734956 1.397194 1.533074,
        0.719644 1.405181 1.547685,
        0.710724 1.409633 1.553394,
        0.690292 1.419830 1.566472,
        0.683778 1.422905 1.568805,
        0.657519 1.435301 1.578213,
        0.654074 1.436829 1.578609,
        0.643783 1.441393 1.579794,
        0.787620 1.368238 1.397814,
        0.787063 1.368558 1.405735,
        0.785549 1.369428 1.427284,
        0.782899 1.370937 1.438634,
        0.777023 1.374284 1.463795,
        0.773892 1.376031 1.470846,
        0.761961 1.382691 1.497713,
        0.759783 1.383870 1.500773,
        0.784411 1.370080 1.363152,
        0.784059 1.370281 1.359354,
        0.775769 1.374984 1.330081,
        0.773741 1.376134 1.322924,
        0.761973 1.382658 1.299504,
        0.757100 1.385359 1.289807,
        0.745716 1.391520 1.273710,
        0.664029 1.432301 1.219058,
        0.689845 1.420047 1.228918,
        0.694816 1.417567 1.232061,
        0.719734 1.405135 1.247818,
        0.721936 1.403981 1.250012,
        0.564163 1.474496 1.141635,
        0.571404 1.471706 1.141923,
        0.578070 1.469050 1.143259,
        0.597101 1.461469 1.147075,
        0.597188 1.461432 1.147118,
        0.615078 1.453967 1.155843,
        0.618828 1.452402 1.157672,
        0.631339 1.446970 1.168116,
        0.638722 1.443764 1.174279,
        0.643821 1.441479 1.181087,
        0.644770 1.441054 1.182354,
        0.655581 1.436177 1.199586,
        0.652698 1.437500 1.192939,
        0.456178 1.511398 1.255493,
        0.490501 1.500606 1.172797,
        0.490075 1.500749 1.173130,
        0.482196 1.503277 1.182904,
        0.474602 1.505714 1.192325,
        0.470841 1.506882 1.200141,
        0.462418 1.509500 1.217649,
        0.462138 1.509585 1.218987,
        0.457797 1.510906 1.239698,
        0.456685 1.511244 1.245004,
        0.543799 1.482072 1.144484,
        0.536708 1.484710 1.145476,
        0.524551 1.488989 1.150726,
        0.511536 1.493570 1.156348,
        0.506726 1.495179 1.160109,
        0.456178 1.511398 1.266878,
        0.453971 1.511979 1.268081,
        0.348185 1.539866 1.325775,
        0.301121 1.549757 1.351133,
        0.335777 1.542619 1.411477,
        0.483420 1.502906 1.331777,
        0.453961 1.511958 1.347836,
        0.443995 1.515021 1.353269,
        0.564163 1.474496 1.370489,
        0.551778 1.479176 1.369689,
        0.551631 1.479231 1.369680,
        0.532565 1.486156 1.364841,
        0.526266 1.488444 1.363243,
        0.514891 1.492368 1.356982,
        0.503481 1.496305 1.350702,
        0.498439 1.497964 1.345946,
        0.662993 1.432781 1.295343,
        0.658263 1.434948 1.305588,
        0.652064 1.437788 1.319014,
        0.648465 1.439395 1.323620,
        0.643817 1.441471 1.329571,
        0.635561 1.445159 1.340142,
        0.635481 1.445193 1.340205,
        0.620493 1.451656 1.351926,
        0.614647 1.454177 1.356498,
        0.603611 1.458737 1.361307,
        0.591287 1.463831 1.366679,
        0.584735 1.466407 1.367599,
        0.724503 1.402681 1.400091,
        0.723369 1.403267 1.383326,
        0.722310 1.403810 1.378969,
        0.681291 1.424128 1.307968,
        0.686825 1.421511 1.311786,
        0.694815 1.417589 1.321149,
        0.704382 1.412893 1.332359,
        0.707028 1.411559 1.337587,
        0.707933 1.411103 1.339375,
        0.717081 1.406491 1.357452,
        0.717387 1.406333 1.358715,
        0.621286 1.451353 1.513948,
        0.696519 1.416785 1.478187,
        0.696300 1.416894 1.478516,
        0.687828 1.420993 1.486443,
        0.678986 1.425271 1.494716,
        0.672279 1.428401 1.498426,
        0.655963 1.436013 1.507449,
        0.655175 1.436365 1.507637,
        0.643804 1.441440 1.510348,
        0.636225 1.444822 1.512154,
        0.630874 1.447211 1.513430,
        0.721947 1.403998 1.421854,
        0.721063 1.404453 1.429376,
        0.716335 1.406860 1.442314,
        0.711337 1.409404 1.455992,
        0.707906 1.411113 1.461131,
        0.565230 1.474088 1.496870,
        0.568980 1.472645 1.499144,
        0.581854 1.467541 1.504667,
        0.594615 1.462482 1.510142,
        0.601142 1.459758 1.511074,
        0.419991 1.521850 1.606173,
        0.440450 1.516025 1.604538,
        0.444694 1.514816 1.604199,
        0.453973 1.511996 1.601745,
        0.467624 1.507848 1.598135,
        0.473347 1.506109 1.596621,
        0.493621 1.499512 1.586037,
        0.503589 1.496268 1.580833,
        0.517529 1.491439 1.568883,
        0.530001 1.487118 1.558190,
        0.537165 1.484508 1.548454,
        0.550610 1.479611 1.530183,
        0.552422 1.478927 1.526055,
        0.264064 1.556500 1.463852,
        0.268252 1.555783 1.486252,
        0.269706 1.555526 1.490061,
        0.280361 1.553644 1.517977,
        0.280898 1.553550 1.519382,
        0.296230 1.550689 1.543110,
        0.298309 1.550301 1.546328,
        0.316552 1.546637 1.564685,
        0.323285 1.545285 1.571459,
        0.337498 1.542170 1.580579,
        0.352667 1.538846 1.590311,
        0.363173 1.536320 1.594102,
        0.385333 1.530993 1.602098,
        0.390903 1.529524 1.602753,
        0.256684 1.557733 1.463852,
        0.255057 1.558001 1.463852,
        0.166837 1.569900 1.375043,
        0.167272 1.569854 1.383393,
        0.168424 1.569729 1.388664,
        0.171946 1.569349 1.404776,
        0.172024 1.569340 1.404932,
        0.179341 1.568515 1.419515,
        0.181776 1.568241 1.424368,
        0.188655 1.567416 1.432617,
        0.193947 1.566782 1.438962,
        0.194398 1.566723 1.439304,
        0.238287 1.560620 1.461606,
        0.232180 1.561574 1.460788,
        0.222398 1.562962 1.456725,
        0.211390 1.564524 1.452152,
        0.207628 1.565011 1.449307,
        0.202807 1.565643 1.303601,
        0.190798 1.567164 1.314002,
        0.248296 1.559093 1.286234,
        0.245970 1.559446 1.286706,
        0.229456 1.561956 1.290052,
        0.226117 1.562463 1.290729,
        0.215231 1.563970 1.296050,
        0.206726 1.565147 1.300208,
        0.169315 1.569634 1.356320,
        0.170048 1.569556 1.350783,
        0.173601 1.569162 1.341878,
        0.177452 1.568735 1.332224,
        0.180657 1.568360 1.327729,
        0.189871 1.567281 1.314805,
        0.190070 1.567256 1.314633,
        0.298880 1.550191 1.286234,
        0.256684 1.557733 1.286234,
        0.305601 1.548880 1.287372,
        0.339839 1.541730 1.256672,
        0.339930 1.541709 1.256289,
        0.340237 1.541642 1.252077,
        0.338334 1.542060 1.262985,
        0.337943 1.542146 1.264627,
        0.332594 1.543306 1.273761,
        0.334372 1.542924 1.271676,
        0.335845 1.542603 1.268767,
        0.312554 1.547487 1.286397,
        0.314644 1.547068 1.286104,
        0.318365 1.546302 1.284611,
        0.321991 1.545556 1.283155,
        0.323993 1.545134 1.281700,
        0.328812 1.544119 1.278198,
        0.329047 1.544069 1.277922,
        0.307841 1.548436 1.216781,
        0.313622 1.547270 1.217989,
        0.316589 1.546671 1.218609,
        0.319506 1.546067 1.220063,
        0.324406 1.545050 1.222504,
        0.325178 1.544887 1.223187,
        0.329912 1.543882 1.227374,
        0.339301 1.541848 1.245209,
        0.339006 1.541913 1.243049,
        0.337568 1.542228 1.239344,
        0.336093 1.542550 1.235545,
        0.334743 1.542843 1.233608,
        0.331180 1.543613 1.228495,
        0.330980 1.543655 1.228318,
        0.256684 1.557733 1.216781,
        0.248296 1.559093 1.216781,
        0.244914 1.559628 1.216781,
        0.241530 1.560155 1.216781,
        0.206321 1.565200 1.223897,
        0.186293 1.567634 1.233028,
        0.174556 1.569060 1.238379,
        0.162278 1.570315 1.247790,
        0.146437 1.571934 1.259931,
        0.138435 1.572659 1.268017,
        0.210934 1.564539 1.222965,
        0.120508 1.574115 1.292560,
        0.117244 1.574381 1.297028,
        0.107636 1.575053 1.319353,
        0.103234 1.575361 1.329582,
        0.099897 1.575573 1.347609,
        0.096783 1.575771 1.364433,
        0.096321 1.575799 1.376181,
        0.208768 1.564876 1.525334,
        0.190982 1.567114 1.518117,
        0.185433 1.567812 1.515865,
        0.165543 1.569994 1.503406,
        0.158777 1.570736 1.499169,
        0.142563 1.572242 1.483403,
        0.133273 1.573105 1.474370,
        0.123047 1.573906 1.458953,
        0.113315 1.574668 1.444281,
        0.109349 1.574938 1.433761,
        0.100991 1.575507 1.411592,
        0.100254 1.575553 1.406003,
        0.256679 1.557706 1.601762,
        0.250059 1.558811 1.594882,
        0.248886 1.558990 1.593266,
        0.226763 1.562370 1.562785,
        0.225126 1.562598 1.559378,
        0.329411 1.543991 1.232636,
        0.565230 1.474088 1.298758,
        0.562649 1.475068 1.298430,
        0.555695 1.477709 1.297544,
        0.554910 1.478002 1.297240,
        0.547882 1.480619 1.294524,
        0.546141 1.481267 1.293850,
        0.541861 1.482831 1.290720,
        0.537647 1.484371 1.287637,
        0.535913 1.484994 1.285563,
        0.530947 1.486781 1.279623,
        0.530733 1.486858 1.279367,
        0.527313 1.488074 1.272412,
        0.526030 1.488530 1.269802,
        0.524956 1.488908 1.264904,
        0.523635 1.489372 1.258883,
        0.523666 1.489361 1.257497,
        0.523845 1.489298 1.249432,
        0.523873 1.489288 1.248178,
        0.525423 1.488741 1.241787,
        0.526374 1.488406 1.237868,
        0.528144 1.487777 1.234394,
        0.530760 1.486847 1.229259,
        0.531872 1.486447 1.227961,
        0.537354 1.484474 1.221568,
        0.546573 1.481109 1.214542,
        0.543251 1.482324 1.216904,
        0.538385 1.484104 1.220365,
        0.573083 1.471048 1.210945,
        0.565230 1.474088 1.209950,
        0.556517 1.477396 1.211057,
        0.555274 1.477869 1.211215,
        0.549784 1.479913 1.213314,
        0.594634 1.462471 1.223530,
        0.599377 1.460538 1.229273,
        0.593379 1.462982 1.222010,
        0.592557 1.463317 1.221015,
        0.586977 1.465558 1.216901,
        0.584151 1.466694 1.214817,
        0.580194 1.468255 1.213286,
        0.574663 1.470437 1.211145,
        0.599658 1.460422 1.229853,
        0.603163 1.458979 1.237087,
        0.604011 1.458630 1.238836,
        0.605270 1.458106 1.244669,
        0.606374 1.457646 1.249783,
        0.606325 1.457667 1.252102,
        0.606150 1.457739 1.260534,
        0.606007 1.457798 1.261142,
        0.604239 1.458532 1.268665,
        0.603744 1.458737 1.270768,
        0.601577 1.459630 1.275141,
        0.599520 1.460478 1.279292,
        0.597744 1.461202 1.281406,
        0.593120 1.463087 1.286909,
        0.592087 1.463507 1.288139,
        0.575122 1.470258 1.297466,
        0.580661 1.468072 1.295317,
        0.583885 1.466800 1.294067,
        0.587213 1.465464 1.291661,
        0.573884 1.470737 1.297628,
        0.563820 1.470412 1.298758,
        0.562498 1.470918 1.298711,
        0.561245 1.471392 1.298494,
        0.553520 1.474315 1.297157,
        0.551906 1.474925 1.296878,
        0.546582 1.476898 1.294393,
        0.542461 1.478425 1.292471,
        0.540472 1.479149 1.290808,
        0.534401 1.481358 1.285730,
        0.563820 1.470412 1.209950,
        0.555130 1.473711 1.211064,
        0.554101 1.474102 1.211196,
        0.548428 1.476215 1.213362,
        0.545215 1.477411 1.214589,
        0.541916 1.478619 1.216935,
        0.536913 1.480449 1.220492,
        0.535994 1.480780 1.221550,
        0.530483 1.482763 1.227902,
        0.529814 1.483004 1.228673,
        0.526789 1.484080 1.234376,
        0.525211 1.484641 1.237352,
        0.524068 1.485044 1.241778,
        0.522598 1.485563 1.247474,
        0.522544 1.485581 1.249433,
        0.522322 1.485659 1.257497,
        0.522299 1.485668 1.258333,
        0.523573 1.485219 1.264930,
        0.524230 1.484987 1.268337,
        0.526055 1.484340 1.272394,
        0.528654 1.483419 1.278172,
        0.529705 1.483042 1.279555,
        0.571646 1.467381 1.210993,
        0.573736 1.466571 1.211272,
        0.578739 1.464596 1.213294,
        0.583174 1.462844 1.215087,
        0.585524 1.461900 1.216876,
        0.591510 1.459493 1.221432,
        0.591941 1.459318 1.221969,
        0.593174 1.458815 1.223503,
        0.598193 1.456767 1.229752,
        0.598223 1.456754 1.229818,
        0.601631 1.455349 1.237099,
        0.602661 1.454924 1.239300,
        0.603811 1.454447 1.244656,
        0.604788 1.454041 1.249209,
        0.604776 1.454046 1.252106,
        0.604742 1.454061 1.260143,
        0.604517 1.454154 1.261148,
        0.602824 1.454857 1.268692,
        0.602477 1.455000 1.270238,
        0.600100 1.455981 1.275157,
        0.598290 1.456727 1.278903,
        0.596270 1.457552 1.281430,
        0.591926 1.459324 1.286863,
        0.591746 1.459397 1.287004,
        0.585771 1.461802 1.291715,
        0.572423 1.467075 1.297441,
        0.575242 1.465981 1.297009,
        0.579183 1.464422 1.295271,
        0.583897 1.462556 1.293193,
      ]
    }
    coordIndex [
      255, 247, 256, -1,
      256, 247, 246, -1,
      256, 246, 257, -1,
      257, 246, 245, -1,
      257, 245, 258, -1,
      258, 245, 244, -1,
      258, 244, 259, -1,
      259, 244, 243, -1,
      259, 243, 260, -1,
      260, 243, 242, -1,
      260, 242, 261, -1,
      261, 242, 241, -1,
      261, 241, 262, -1,
      0, 5, 263, -1,
      263, 264, 0, -1,
      0, 264, 265, -1,
      0, 265, 1, -1,
      1, 265, 266, -1,
      1, 266, 237, -1,
      237, 266, 267, -1,
      237, 267, 238, -1,
      238, 267, 268, -1,
      238, 268, 239, -1,
      268, 269, 239, -1,
      239, 269, 270, -1,
      239, 270, 240, -1,
      240, 270, 262, -1,
      240, 262, 241, -1,
      4, 3, 271, -1,
      263, 5, 272, -1,
      272, 5, 4, -1,
      272, 4, 273, -1,
      273, 4, 271, -1,
      271, 3, 274, -1,
      274, 3, 2, -1,
      274, 2, 38, -1,
      29, 275, 30, -1,
      30, 275, 276, -1,
      30, 276, 31, -1,
      31, 276, 277, -1,
      31, 277, 32, -1,
      32, 277, 278, -1,
      32, 278, 33, -1,
      33, 278, 279, -1,
      33, 279, 34, -1,
      34, 279, 280, -1,
      34, 280, 35, -1,
      35, 280, 281, -1,
      35, 281, 36, -1,
      36, 281, 282, -1,
      36, 282, 37, -1,
      37, 282, 283, -1,
      37, 283, 38, -1,
      38, 283, 274, -1,
      21, 284, 22, -1,
      22, 284, 285, -1,
      22, 285, 23, -1,
      23, 285, 286, -1,
      23, 286, 24, -1,
      24, 286, 287, -1,
      24, 287, 25, -1,
      25, 287, 288, -1,
      25, 288, 26, -1,
      26, 288, 289, -1,
      26, 289, 27, -1,
      27, 289, 290, -1,
      27, 290, 28, -1,
      28, 290, 291, -1,
      28, 291, 29, -1,
      29, 291, 275, -1,
      284, 21, 292, -1,
      292, 21, 20, -1,
      292, 20, 293, -1,
      293, 20, 19, -1,
      293, 19, 294, -1,
      294, 19, 18, -1,
      294, 18, 295, -1,
      295, 18, 17, -1,
      295, 17, 296, -1,
      296, 17, 16, -1,
      296, 16, 297, -1,
      297, 16, 15, -1,
      297, 15, 298, -1,
      12, 299, 11, -1,
      11, 299, 300, -1,
      11, 300, 10, -1,
      10, 300, 301, -1,
      10, 301, 13, -1,
      13, 301, 302, -1,
      13, 302, 14, -1,
      14, 302, 303, -1,
      14, 303, 15, -1,
      15, 303, 298, -1,
      57, 58, 304, -1,
      304, 305, 57, -1,
      57, 305, 306, -1,
      57, 306, 56, -1,
      56, 306, 307, -1,
      56, 307, 59, -1,
      59, 307, 308, -1,
      59, 308, 60, -1,
      60, 308, 309, -1,
      60, 309, 61, -1,
      61, 309, 310, -1,
      61, 310, 62, -1,
      62, 310, 311, -1,
      62, 311, 63, -1,
      63, 311, 312, -1,
      63, 312, 6, -1,
      6, 312, 313, -1,
      6, 313, 314, -1,
      299, 12, 315, -1,
      315, 12, 9, -1,
      315, 9, 316, -1,
      316, 9, 8, -1,
      316, 8, 314, -1,
      314, 8, 7, -1,
      314, 7, 6, -1,
      44, 41, 317, -1,
      318, 49, 319, -1,
      319, 49, 48, -1,
      319, 48, 320, -1,
      320, 48, 47, -1,
      320, 47, 321, -1,
      321, 47, 46, -1,
      321, 46, 322, -1,
      322, 46, 45, -1,
      322, 45, 323, -1,
      323, 45, 42, -1,
      323, 42, 324, -1,
      324, 42, 43, -1,
      324, 43, 325, -1,
      325, 43, 44, -1,
      325, 44, 326, -1,
      326, 44, 317, -1,
      304, 58, 327, -1,
      327, 58, 55, -1,
      327, 55, 328, -1,
      328, 55, 54, -1,
      328, 54, 329, -1,
      329, 54, 53, -1,
      329, 53, 330, -1,
      330, 53, 52, -1,
      330, 52, 331, -1,
      331, 52, 51, -1,
      331, 51, 318, -1,
      318, 51, 50, -1,
      318, 50, 49, -1,
      40, 332, 41, -1,
      41, 332, 317, -1,
      333, 332, 40, -1,
      40, 39, 333, -1,
      333, 39, 114, -1,
      333, 114, 334, -1,
      334, 114, 75, -1,
      334, 75, 335, -1,
      79, 336, 82, -1,
      82, 336, 335, -1,
      82, 335, 75, -1,
      143, 337, 338, -1,
      143, 338, 72, -1,
      72, 338, 339, -1,
      72, 339, 64, -1,
      64, 339, 336, -1,
      64, 336, 79, -1,
      160, 340, 162, -1,
      162, 340, 341, -1,
      162, 341, 163, -1,
      163, 341, 342, -1,
      163, 342, 167, -1,
      167, 342, 343, -1,
      167, 343, 166, -1,
      166, 343, 344, -1,
      166, 344, 138, -1,
      138, 344, 345, -1,
      138, 345, 136, -1,
      136, 345, 346, -1,
      136, 346, 144, -1,
      144, 346, 347, -1,
      144, 347, 143, -1,
      143, 347, 337, -1,
      172, 348, 170, -1,
      170, 348, 349, -1,
      170, 349, 173, -1,
      173, 349, 350, -1,
      173, 350, 180, -1,
      180, 350, 351, -1,
      180, 351, 183, -1,
      183, 351, 352, -1,
      183, 352, 184, -1,
      184, 352, 353, -1,
      184, 353, 149, -1,
      149, 353, 354, -1,
      149, 354, 146, -1,
      146, 354, 355, -1,
      146, 355, 147, -1,
      147, 355, 356, -1,
      147, 356, 154, -1,
      154, 356, 357, -1,
      154, 357, 152, -1,
      152, 357, 358, -1,
      152, 358, 158, -1,
      158, 358, 359, -1,
      158, 359, 160, -1,
      160, 359, 340, -1,
      196, 360, 181, -1,
      181, 360, 361, -1,
      181, 361, 362, -1,
      348, 172, 363, -1,
      363, 172, 171, -1,
      363, 171, 364, -1,
      364, 171, 169, -1,
      364, 169, 365, -1,
      365, 169, 168, -1,
      365, 168, 366, -1,
      366, 168, 178, -1,
      366, 178, 367, -1,
      367, 178, 177, -1,
      367, 177, 368, -1,
      368, 177, 176, -1,
      368, 176, 369, -1,
      369, 176, 175, -1,
      369, 175, 370, -1,
      370, 175, 174, -1,
      370, 174, 362, -1,
      362, 174, 179, -1,
      362, 179, 181, -1,
      155, 153, 371, -1,
      372, 189, 373, -1,
      373, 189, 188, -1,
      373, 188, 374, -1,
      374, 188, 187, -1,
      374, 187, 375, -1,
      375, 187, 186, -1,
      375, 186, 376, -1,
      376, 186, 185, -1,
      376, 185, 377, -1,
      377, 185, 182, -1,
      377, 182, 378, -1,
      378, 182, 148, -1,
      378, 148, 379, -1,
      379, 148, 156, -1,
      379, 156, 380, -1,
      380, 156, 155, -1,
      380, 155, 381, -1,
      381, 155, 371, -1,
      360, 196, 382, -1,
      382, 196, 195, -1,
      382, 195, 383, -1,
      383, 195, 194, -1,
      383, 194, 384, -1,
      384, 194, 193, -1,
      384, 193, 385, -1,
      385, 193, 192, -1,
      385, 192, 386, -1,
      386, 192, 191, -1,
      386, 191, 372, -1,
      372, 191, 190, -1,
      372, 190, 189, -1,
      161, 387, 159, -1,
      159, 387, 388, -1,
      159, 388, 157, -1,
      157, 388, 389, -1,
      157, 389, 150, -1,
      150, 389, 390, -1,
      150, 390, 151, -1,
      151, 390, 391, -1,
      151, 391, 153, -1,
      153, 391, 371, -1,
      71, 70, 392, -1,
      71, 392, 145, -1,
      392, 393, 145, -1,
      145, 393, 394, -1,
      145, 394, 134, -1,
      134, 394, 395, -1,
      134, 395, 135, -1,
      395, 396, 135, -1,
      135, 396, 397, -1,
      135, 397, 137, -1,
      137, 397, 398, -1,
      137, 398, 139, -1,
      139, 398, 399, -1,
      139, 399, 140, -1,
      140, 399, 400, -1,
      140, 400, 141, -1,
      141, 400, 401, -1,
      141, 401, 142, -1,
      142, 401, 402, -1,
      142, 402, 164, -1,
      164, 402, 403, -1,
      164, 403, 165, -1,
      165, 403, 404, -1,
      165, 404, 161, -1,
      161, 404, 387, -1,
      84, 83, 405, -1,
      405, 406, 84, -1,
      84, 406, 407, -1,
      84, 407, 77, -1,
      77, 407, 408, -1,
      77, 408, 78, -1,
      78, 408, 409, -1,
      78, 409, 85, -1,
      85, 409, 410, -1,
      85, 410, 86, -1,
      86, 410, 411, -1,
      86, 411, 87, -1,
      411, 412, 87, -1,
      87, 412, 413, -1,
      87, 413, 65, -1,
      65, 413, 414, -1,
      65, 414, 66, -1,
      66, 414, 415, -1,
      66, 415, 67, -1,
      67, 415, 416, -1,
      67, 416, 68, -1,
      68, 416, 417, -1,
      68, 417, 69, -1,
      69, 417, 418, -1,
      69, 418, 70, -1,
      70, 418, 392, -1,
      405, 83, 419, -1,
      419, 83, 81, -1,
      419, 81, 420, -1,
      203, 205, 421, -1,
      421, 422, 203, -1,
      203, 422, 423, -1,
      203, 423, 208, -1,
      208, 423, 424, -1,
      208, 424, 210, -1,
      210, 424, 425, -1,
      210, 425, 211, -1,
      211, 425, 426, -1,
      211, 426, 212, -1,
      212, 426, 427, -1,
      212, 427, 213, -1,
      213, 427, 428, -1,
      213, 428, 214, -1,
      214, 428, 429, -1,
      214, 429, 198, -1,
      198, 429, 430, -1,
      198, 430, 215, -1,
      420, 81, 431, -1,
      431, 81, 80, -1,
      431, 80, 432, -1,
      432, 80, 76, -1,
      432, 76, 433, -1,
      433, 76, 74, -1,
      433, 74, 434, -1,
      434, 74, 73, -1,
      434, 73, 435, -1,
      435, 73, 217, -1,
      435, 217, 430, -1,
      430, 217, 216, -1,
      430, 216, 215, -1,
      436, 437, 199, -1,
      126, 438, 127, -1,
      127, 438, 439, -1,
      127, 439, 128, -1,
      128, 439, 440, -1,
      128, 440, 129, -1,
      129, 440, 441, -1,
      129, 441, 130, -1,
      130, 441, 442, -1,
      130, 442, 131, -1,
      131, 442, 443, -1,
      131, 443, 132, -1,
      132, 443, 436, -1,
      132, 436, 133, -1,
      133, 436, 199, -1,
      421, 205, 444, -1,
      444, 205, 206, -1,
      444, 206, 445, -1,
      445, 206, 207, -1,
      445, 207, 446, -1,
      446, 207, 201, -1,
      446, 201, 447, -1,
      447, 201, 200, -1,
      447, 200, 448, -1,
      448, 200, 202, -1,
      448, 202, 449, -1,
      449, 202, 204, -1,
      449, 204, 450, -1,
      450, 204, 209, -1,
      450, 209, 437, -1,
      437, 209, 197, -1,
      437, 197, 199, -1,
      125, 451, 126, -1,
      126, 451, 452, -1,
      126, 452, 438, -1,
      124, 453, 125, -1,
      125, 453, 451, -1,
      110, 109, 454, -1,
      454, 109, 455, -1,
      455, 109, 108, -1,
      455, 108, 456, -1,
      110, 454, 111, -1,
      111, 454, 457, -1,
      111, 457, 116, -1,
      116, 457, 458, -1,
      116, 458, 117, -1,
      459, 118, 460, -1,
      460, 118, 117, -1,
      460, 117, 461, -1,
      461, 117, 458, -1,
      453, 124, 462, -1,
      462, 124, 123, -1,
      462, 123, 463, -1,
      463, 123, 122, -1,
      463, 122, 464, -1,
      464, 122, 121, -1,
      464, 121, 465, -1,
      465, 121, 120, -1,
      465, 120, 466, -1,
      466, 120, 119, -1,
      466, 119, 467, -1,
      467, 119, 113, -1,
      467, 113, 468, -1,
      468, 113, 112, -1,
      468, 112, 459, -1,
      459, 112, 115, -1,
      459, 115, 118, -1,
      93, 469, 94, -1,
      94, 469, 470, -1,
      94, 470, 95, -1,
      95, 470, 471, -1,
      95, 471, 96, -1,
      96, 471, 472, -1,
      96, 472, 97, -1,
      97, 472, 473, -1,
      97, 473, 98, -1,
      98, 473, 474, -1,
      98, 474, 99, -1,
      99, 474, 475, -1,
      456, 108, 476, -1,
      476, 108, 107, -1,
      476, 107, 477, -1,
      477, 107, 106, -1,
      477, 106, 478, -1,
      478, 106, 105, -1,
      478, 105, 479, -1,
      479, 105, 104, -1,
      479, 104, 480, -1,
      480, 104, 103, -1,
      480, 103, 481, -1,
      481, 103, 102, -1,
      481, 102, 482, -1,
      482, 102, 101, -1,
      482, 101, 475, -1,
      475, 101, 100, -1,
      475, 100, 99, -1,
      469, 93, 483, -1,
      483, 93, 92, -1,
      483, 92, 484, -1,
      91, 485, 92, -1,
      92, 485, 484, -1,
      88, 486, 91, -1,
      91, 486, 485, -1,
      487, 236, 488, -1,
      488, 236, 235, -1,
      488, 235, 489, -1,
      489, 235, 234, -1,
      489, 234, 490, -1,
      490, 234, 233, -1,
      490, 233, 491, -1,
      491, 233, 232, -1,
      491, 232, 492, -1,
      486, 88, 493, -1,
      493, 88, 89, -1,
      493, 89, 487, -1,
      487, 89, 90, -1,
      487, 90, 236, -1,
      492, 232, 494, -1,
      494, 232, 231, -1,
      494, 231, 495, -1,
      495, 231, 230, -1,
      495, 230, 496, -1,
      496, 230, 229, -1,
      496, 229, 497, -1,
      497, 229, 228, -1,
      497, 228, 498, -1,
      498, 228, 227, -1,
      498, 227, 499, -1,
      499, 227, 226, -1,
      499, 226, 500, -1,
      251, 501, 252, -1,
      252, 501, 502, -1,
      252, 502, 253, -1,
      253, 502, 503, -1,
      253, 503, 254, -1,
      254, 503, 504, -1,
      254, 504, 218, -1,
      218, 504, 505, -1,
      218, 505, 219, -1,
      219, 505, 506, -1,
      219, 506, 220, -1,
      220, 506, 507, -1,
      220, 507, 221, -1,
      221, 507, 508, -1,
      221, 508, 222, -1,
      222, 508, 509, -1,
      222, 509, 223, -1,
      223, 509, 510, -1,
      223, 510, 224, -1,
      224, 510, 511, -1,
      224, 511, 225, -1,
      225, 511, 512, -1,
      225, 512, 226, -1,
      226, 512, 500, -1,
      247, 255, 248, -1,
      248, 255, 513, -1,
      513, 514, 248, -1,
      248, 514, 515, -1,
      248, 515, 249, -1,
      249, 515, 516, -1,
      249, 516, 250, -1,
      250, 516, 517, -1,
      250, 517, 251, -1,
      251, 517, 501, -1,
      334, 335, 336, -1,
      501, 420, 431, -1,
      431, 432, 501, -1,
      501, 432, 433, -1,
      501, 433, 502, -1,
      502, 433, 434, -1,
      502, 434, 503, -1,
      503, 434, 504, -1,
      504, 434, 435, -1,
      504, 435, 505, -1,
      505, 435, 430, -1,
      505, 430, 506, -1,
      506, 430, 429, -1,
      506, 429, 507, -1,
      507, 429, 428, -1,
      507, 428, 508, -1,
      508, 428, 427, -1,
      508, 427, 509, -1,
      427, 426, 509, -1,
      509, 426, 425, -1,
      509, 425, 510, -1,
      510, 425, 424, -1,
      510, 424, 511, -1,
      511, 424, 423, -1,
      511, 423, 512, -1,
      512, 423, 422, -1,
      512, 422, 500, -1,
      500, 422, 421, -1,
      500, 421, 499, -1,
      499, 421, 444, -1,
      499, 444, 498, -1,
      498, 444, 497, -1,
      497, 444, 445, -1,
      497, 445, 496, -1,
      496, 445, 446, -1,
      496, 446, 495, -1,
      495, 446, 447, -1,
      495, 447, 494, -1,
      494, 447, 448, -1,
      494, 448, 492, -1,
      492, 448, 449, -1,
      492, 449, 491, -1,
      449, 450, 491, -1,
      491, 450, 437, -1,
      491, 437, 490, -1,
      490, 437, 436, -1,
      490, 436, 489, -1,
      489, 436, 443, -1,
      489, 443, 488, -1,
      488, 443, 442, -1,
      488, 442, 487, -1,
      487, 442, 441, -1,
      487, 441, 493, -1,
      493, 441, 440, -1,
      493, 440, 486, -1,
      440, 439, 486, -1,
      486, 439, 438, -1,
      486, 438, 485, -1,
      485, 438, 484, -1,
      420, 501, 419, -1,
      419, 501, 517, -1,
      419, 517, 516, -1,
      516, 515, 419, -1,
      419, 515, 514, -1,
      419, 514, 513, -1,
      453, 462, 469, -1,
      484, 438, 483, -1,
      483, 438, 452, -1,
      483, 452, 469, -1,
      469, 452, 451, -1,
      469, 451, 453, -1,
      462, 463, 469, -1,
      469, 463, 464, -1,
      469, 464, 465, -1,
      465, 466, 469, -1,
      469, 466, 467, -1,
      469, 467, 468, -1,
      468, 459, 469, -1,
      469, 459, 460, -1,
      469, 460, 461, -1,
      461, 458, 469, -1,
      469, 458, 457, -1,
      469, 457, 470, -1,
      457, 454, 518, -1,
      518, 454, 455, -1,
      518, 455, 456, -1,
      456, 476, 518, -1,
      518, 476, 477, -1,
      518, 477, 478, -1,
      478, 479, 518, -1,
      518, 479, 480, -1,
      518, 480, 481, -1,
      481, 482, 518, -1,
      518, 482, 475, -1,
      518, 475, 474, -1,
      474, 473, 518, -1,
      518, 473, 472, -1,
      518, 472, 457, -1,
      457, 472, 471, -1,
      457, 471, 470, -1,
      395, 394, 270, -1,
      270, 394, 393, -1,
      270, 393, 262, -1,
      262, 393, 392, -1,
      262, 392, 261, -1,
      261, 392, 418, -1,
      261, 418, 260, -1,
      260, 418, 417, -1,
      260, 417, 259, -1,
      259, 417, 416, -1,
      259, 416, 258, -1,
      258, 416, 415, -1,
      258, 415, 257, -1,
      257, 415, 414, -1,
      257, 414, 256, -1,
      256, 414, 255, -1,
      411, 513, 412, -1,
      412, 513, 255, -1,
      412, 255, 413, -1,
      413, 255, 414, -1,
      411, 410, 513, -1,
      513, 410, 409, -1,
      513, 409, 408, -1,
      405, 419, 406, -1,
      406, 419, 513, -1,
      406, 513, 407, -1,
      407, 513, 408, -1,
      404, 403, 271, -1,
      271, 403, 402, -1,
      271, 402, 273, -1,
      273, 402, 401, -1,
      270, 269, 395, -1,
      395, 269, 268, -1,
      395, 268, 396, -1,
      396, 268, 267, -1,
      396, 267, 397, -1,
      397, 267, 266, -1,
      397, 266, 398, -1,
      398, 266, 265, -1,
      398, 265, 399, -1,
      399, 265, 264, -1,
      399, 264, 400, -1,
      400, 264, 263, -1,
      400, 263, 401, -1,
      401, 263, 272, -1,
      401, 272, 273, -1,
      274, 283, 381, -1,
      389, 388, 271, -1,
      271, 388, 387, -1,
      271, 387, 404, -1,
      381, 371, 274, -1,
      274, 371, 391, -1,
      274, 391, 271, -1,
      271, 391, 390, -1,
      271, 390, 389, -1,
      313, 352, 351, -1,
      351, 350, 313, -1,
      313, 350, 349, -1,
      313, 349, 348, -1,
      301, 348, 302, -1,
      302, 348, 363, -1,
      302, 363, 303, -1,
      303, 363, 364, -1,
      303, 364, 298, -1,
      298, 364, 365, -1,
      298, 365, 297, -1,
      297, 365, 366, -1,
      297, 366, 296, -1,
      366, 367, 296, -1,
      296, 367, 368, -1,
      296, 368, 295, -1,
      295, 368, 369, -1,
      295, 369, 294, -1,
      294, 369, 370, -1,
      294, 370, 293, -1,
      293, 370, 362, -1,
      293, 362, 292, -1,
      292, 362, 361, -1,
      292, 361, 284, -1,
      284, 361, 360, -1,
      284, 360, 285, -1,
      285, 360, 286, -1,
      286, 360, 382, -1,
      286, 382, 287, -1,
      287, 382, 383, -1,
      287, 383, 288, -1,
      288, 383, 384, -1,
      288, 384, 289, -1,
      289, 384, 290, -1,
      290, 384, 385, -1,
      290, 385, 291, -1,
      291, 385, 386, -1,
      291, 386, 275, -1,
      386, 372, 275, -1,
      275, 372, 373, -1,
      275, 373, 276, -1,
      276, 373, 374, -1,
      276, 374, 277, -1,
      277, 374, 375, -1,
      277, 375, 278, -1,
      278, 375, 279, -1,
      279, 375, 376, -1,
      279, 376, 280, -1,
      280, 376, 377, -1,
      280, 377, 281, -1,
      281, 377, 378, -1,
      281, 378, 282, -1,
      282, 378, 379, -1,
      282, 379, 283, -1,
      283, 379, 380, -1,
      283, 380, 381, -1,
      301, 300, 348, -1,
      348, 300, 299, -1,
      348, 299, 315, -1,
      315, 316, 348, -1,
      348, 316, 314, -1,
      348, 314, 313, -1,
      337, 519, 520, -1,
      520, 521, 337, -1,
      337, 521, 522, -1,
      337, 522, 523, -1,
      523, 524, 337, -1,
      337, 524, 525, -1,
      337, 525, 526, -1,
      526, 527, 337, -1,
      337, 527, 528, -1,
      337, 528, 338, -1,
      528, 529, 338, -1,
      338, 529, 530, -1,
      338, 530, 333, -1,
      530, 531, 333, -1,
      333, 531, 532, -1,
      333, 532, 332, -1,
      332, 532, 533, -1,
      332, 533, 317, -1,
      317, 533, 534, -1,
      317, 534, 326, -1,
      326, 534, 535, -1,
      326, 535, 325, -1,
      535, 536, 325, -1,
      325, 536, 537, -1,
      325, 537, 324, -1,
      324, 537, 538, -1,
      324, 538, 323, -1,
      323, 538, 539, -1,
      323, 539, 322, -1,
      322, 539, 540, -1,
      322, 540, 321, -1,
      321, 540, 320, -1,
      320, 540, 541, -1,
      320, 541, 319, -1,
      319, 541, 542, -1,
      319, 542, 318, -1,
      543, 331, 544, -1,
      544, 331, 318, -1,
      544, 318, 545, -1,
      545, 318, 542, -1,
      546, 305, 547, -1,
      547, 305, 304, -1,
      547, 304, 548, -1,
      548, 304, 327, -1,
      548, 327, 549, -1,
      549, 327, 328, -1,
      549, 328, 550, -1,
      550, 328, 329, -1,
      550, 329, 543, -1,
      543, 329, 330, -1,
      543, 330, 331, -1,
      551, 552, 313, -1,
      551, 313, 553, -1,
      553, 313, 312, -1,
      553, 312, 554, -1,
      554, 312, 311, -1,
      554, 311, 555, -1,
      555, 311, 310, -1,
      555, 310, 556, -1,
      556, 310, 309, -1,
      556, 309, 557, -1,
      557, 309, 308, -1,
      557, 308, 558, -1,
      558, 308, 307, -1,
      558, 307, 546, -1,
      546, 307, 306, -1,
      546, 306, 305, -1,
      552, 559, 313, -1,
      313, 559, 560, -1,
      313, 560, 561, -1,
      561, 562, 313, -1,
      313, 562, 563, -1,
      313, 563, 352, -1,
      352, 563, 564, -1,
      564, 565, 352, -1,
      352, 565, 566, -1,
      352, 566, 567, -1,
      567, 568, 352, -1,
      352, 568, 569, -1,
      352, 569, 570, -1,
      570, 571, 352, -1,
      352, 571, 572, -1,
      352, 572, 353, -1,
      353, 572, 573, -1,
      574, 358, 575, -1,
      575, 358, 357, -1,
      575, 357, 576, -1,
      576, 357, 356, -1,
      576, 356, 577, -1,
      577, 356, 355, -1,
      577, 355, 573, -1,
      573, 355, 354, -1,
      573, 354, 353, -1,
      347, 574, 337, -1,
      337, 574, 578, -1,
      337, 578, 519, -1,
      347, 346, 574, -1,
      574, 346, 345, -1,
      574, 345, 344, -1,
      344, 343, 574, -1,
      574, 343, 342, -1,
      574, 342, 341, -1,
      341, 340, 574, -1,
      574, 340, 359, -1,
      574, 359, 358, -1,
      334, 336, 333, -1,
      333, 336, 339, -1,
      333, 339, 338, -1,
      520, 519, 579, -1,
      579, 580, 520, -1,
      520, 580, 581, -1,
      520, 581, 521, -1,
      521, 581, 582, -1,
      521, 582, 522, -1,
      522, 582, 583, -1,
      522, 583, 523, -1,
      523, 583, 584, -1,
      523, 584, 524, -1,
      524, 584, 525, -1,
      584, 585, 525, -1,
      525, 585, 586, -1,
      525, 586, 526, -1,
      526, 586, 587, -1,
      588, 547, 589, -1,
      589, 547, 548, -1,
      589, 548, 590, -1,
      590, 548, 549, -1,
      590, 549, 591, -1,
      591, 549, 550, -1,
      591, 550, 592, -1,
      592, 550, 543, -1,
      592, 543, 593, -1,
      593, 543, 544, -1,
      593, 544, 594, -1,
      594, 544, 545, -1,
      594, 545, 595, -1,
      595, 545, 542, -1,
      595, 542, 596, -1,
      596, 542, 541, -1,
      596, 541, 597, -1,
      597, 541, 540, -1,
      597, 540, 598, -1,
      598, 540, 539, -1,
      598, 539, 599, -1,
      599, 539, 538, -1,
      599, 538, 600, -1,
      600, 538, 537, -1,
      600, 537, 601, -1,
      601, 537, 536, -1,
      601, 536, 602, -1,
      602, 536, 535, -1,
      602, 535, 603, -1,
      603, 535, 534, -1,
      603, 534, 604, -1,
      604, 534, 533, -1,
      604, 533, 605, -1,
      605, 533, 532, -1,
      605, 532, 606, -1,
      606, 532, 531, -1,
      606, 531, 607, -1,
      607, 531, 530, -1,
      607, 530, 608, -1,
      608, 530, 529, -1,
      608, 529, 609, -1,
      609, 529, 528, -1,
      609, 528, 587, -1,
      587, 528, 527, -1,
      587, 527, 526, -1,
      547, 588, 546, -1,
      546, 588, 610, -1,
      546, 610, 558, -1,
      558, 610, 611, -1,
      558, 611, 557, -1,
      557, 611, 612, -1,
      557, 612, 556, -1,
      556, 612, 613, -1,
      556, 613, 555, -1,
      555, 613, 614, -1,
      555, 614, 554, -1,
      554, 614, 615, -1,
      554, 615, 553, -1,
      553, 615, 616, -1,
      553, 616, 551, -1,
      551, 616, 617, -1,
      551, 617, 552, -1,
      552, 617, 618, -1,
      552, 618, 559, -1,
      559, 618, 619, -1,
      559, 619, 560, -1,
      560, 619, 620, -1,
      560, 620, 561, -1,
      561, 620, 621, -1,
      561, 621, 562, -1,
      562, 621, 622, -1,
      562, 622, 563, -1,
      563, 622, 623, -1,
      563, 623, 564, -1,
      564, 623, 624, -1,
      564, 624, 565, -1,
      565, 624, 625, -1,
      565, 625, 566, -1,
      566, 625, 626, -1,
      566, 626, 567, -1,
      567, 626, 627, -1,
      567, 627, 568, -1,
      568, 627, 628, -1,
      568, 628, 569, -1,
      569, 628, 629, -1,
      569, 629, 570, -1,
      570, 629, 630, -1,
      570, 630, 571, -1,
      571, 630, 631, -1,
      571, 631, 572, -1,
      631, 632, 572, -1,
      572, 632, 633, -1,
      572, 633, 573, -1,
      573, 633, 634, -1,
      579, 519, 635, -1,
      635, 519, 578, -1,
      635, 578, 636, -1,
      636, 578, 574, -1,
      636, 574, 637, -1,
      637, 574, 575, -1,
      637, 575, 638, -1,
      638, 575, 576, -1,
      638, 576, 634, -1,
      634, 576, 577, -1,
      634, 577, 573, -1,
    ]
  }
}

Shape {
  appearance Appearance {
    material Material {
      diffuseColor 0.2235 0.2235 0.2235
      specularColor 0.1137 0.1137 0.1137
      ambientIntensity 0.2
      transparency 0.0000
      shininess 0.5
    }
  }
  geometry IndexedFaceSet {
    ccw TRUE
    solid FALSE
    coord DEF co Coordinate {
      point [
        0.563820 1.470412 1.298758,
        0.562498 1.470918 1.298711,
        0.561245 1.471392 1.298494,
        0.553520 1.474315 1.297157,
        0.551906 1.474925 1.296878,
        0.546582 1.476898 1.294393,
        0.542461 1.478425 1.292471,
        0.540472 1.479149 1.290808,
        0.534401 1.481358 1.285730,
        0.563820 1.470412 1.209950,
        0.555130 1.473711 1.211064,
        0.554101 1.474102 1.211196,
        0.548428 1.476215 1.213362,
        0.545215 1.477411 1.214589,
        0.541916 1.478619 1.216935,
        0.536913 1.480449 1.220492,
        0.535994 1.480780 1.221550,
        0.530483 1.482763 1.227902,
        0.529814 1.483004 1.228673,
        0.526789 1.484080 1.234376,
        0.525211 1.484641 1.237352,
        0.524068 1.485044 1.241778,
        0.522598 1.485563 1.247474,
        0.522544 1.485581 1.249433,
        0.522322 1.485659 1.257497,
        0.522299 1.485668 1.258333,
        0.523573 1.485219 1.264930,
        0.524230 1.484987 1.268337,
        0.526055 1.484340 1.272394,
        0.528654 1.483419 1.278172,
        0.529705 1.483042 1.279555,
        0.571646 1.467381 1.210993,
        0.573736 1.466571 1.211272,
        0.578739 1.464596 1.213294,
        0.583174 1.462844 1.215087,
        0.585524 1.461900 1.216876,
        0.591510 1.459493 1.221432,
        0.591941 1.459318 1.221969,
        0.593174 1.458815 1.223503,
        0.598193 1.456767 1.229752,
        0.598223 1.456754 1.229818,
        0.601631 1.455349 1.237099,
        0.602661 1.454924 1.239300,
        0.603811 1.454447 1.244656,
        0.604788 1.454041 1.249209,
        0.604776 1.454046 1.252106,
        0.604742 1.454061 1.260143,
        0.604517 1.454154 1.261148,
        0.602824 1.454857 1.268692,
        0.602477 1.455000 1.270238,
        0.600100 1.455981 1.275157,
        0.598290 1.456727 1.278903,
        0.596270 1.457552 1.281430,
        0.591926 1.459324 1.286863,
        0.591746 1.459397 1.287004,
        0.585771 1.461802 1.291715,
        0.572423 1.467075 1.297441,
        0.575242 1.465981 1.297009,
        0.579183 1.464422 1.295271,
        0.583897 1.462556 1.293193,
        0.541631 1.478730 1.288356,
        0.538760 1.479778 1.234280,
      ]
    }
    coordIndex [
      26, 27, 40, -1,
      0, 56, 30, -1,
      30, 56, 29, -1,
      6, 5, 60, -1,
      60, 5, 4, -1,
      30, 8, 60, -1,
      60, 8, 7, -1,
      60, 7, 6, -1,
      4, 3, 60, -1,
      60, 3, 2, -1,
      60, 2, 30, -1,
      30, 2, 1, -1,
      30, 1, 0, -1,
      57, 27, 56, -1,
      56, 27, 28, -1,
      56, 28, 29, -1,
      57, 58, 27, -1,
      27, 58, 59, -1,
      27, 59, 55, -1,
      55, 54, 27, -1,
      27, 54, 53, -1,
      27, 53, 52, -1,
      52, 51, 27, -1,
      27, 51, 50, -1,
      27, 50, 49, -1,
      49, 48, 27, -1,
      27, 48, 47, -1,
      27, 47, 46, -1,
      46, 45, 27, -1,
      27, 45, 44, -1,
      27, 44, 43, -1,
      43, 42, 27, -1,
      27, 42, 41, -1,
      27, 41, 40, -1,
      39, 38, 24, -1,
      24, 38, 37, -1,
      24, 37, 36, -1,
      36, 35, 24, -1,
      24, 35, 34, -1,
      24, 34, 33, -1,
      33, 32, 24, -1,
      24, 32, 31, -1,
      24, 31, 61, -1,
      61, 31, 9, -1,
      9, 10, 61, -1,
      61, 10, 11, -1,
      61, 11, 12, -1,
      12, 13, 61, -1,
      61, 13, 14, -1,
      61, 14, 15, -1,
      15, 16, 61, -1,
      61, 16, 17, -1,
      61, 17, 18, -1,
      18, 19, 61, -1,
      61, 19, 20, -1,
      61, 20, 21, -1,
      21, 22, 61, -1,
      61, 22, 23, -1,
      61, 23, 24, -1,
      39, 24, 40, -1,
      40, 24, 25, -1,
      40, 25, 26, -1,
    ]
  }
}
