#VRML V2.0 utf8

Shape {
  appearance Appearance {
    material Material {
      diffuseColor 0.2235 0.2235 0.2235
      specularColor 0.1137 0.1137 0.1137
      ambientIntensity 0.2
      transparency 0.0000
      shininess 0.5
    }
  }
  geometry IndexedFaceSet {
    ccw TRUE
    solid FALSE
    coord DEF co Coordinate {
      point [
        -0.393701 0.393701 0.000000,
        -0.305118 0.393701 0.000000,
        -0.305118 0.279528 0.000000,
        -0.206693 0.279528 0.000000,
        -0.206693 0.393701 0.000000,
        -0.049213 0.393701 0.000000,
        0.314961 0.188452 0.000000,
        -0.049213 0.279528 0.000000,
        0.049213 0.279528 0.000000,
        0.305118 0.279528 0.000000,
        0.206693 0.279528 0.000000,
        0.206693 0.393701 0.000000,
        0.049213 0.393701 0.000000,
        0.393701 -0.393701 0.000000,
        0.305118 -0.393701 0.000000,
        0.305118 -0.279528 0.000000,
        0.305118 0.393701 0.000000,
        0.393701 0.393701 0.000000,
        0.314961 -0.205249 0.000000,
        0.206693 -0.393701 0.000000,
        0.049213 -0.393701 0.000000,
        0.206693 -0.279528 0.000000,
        0.049213 -0.279528 0.000000,
        -0.236220 -0.205249 0.000000,
        -0.049213 -0.279528 0.000000,
        -0.305118 -0.393701 0.000000,
        -0.393701 -0.393701 0.000000,
        -0.305118 -0.279528 0.000000,
        -0.314961 0.188452 0.000000,
        -0.314961 -0.126509 0.000000,
        -0.206693 -0.279528 0.000000,
        -0.206693 -0.393701 0.000000,
        -0.049213 -0.393701 0.000000,
        -0.206693 -0.393701 0.078740,
        -0.049213 -0.393701 0.078740,
        0.049213 -0.393701 0.078740,
        0.393701 -0.393701 0.295276,
        -0.305118 -0.393701 0.078740,
        -0.393701 -0.393701 0.295276,
        0.305118 -0.393701 0.078740,
        0.206693 -0.393701 0.078740,
        0.049213 0.393701 0.078740,
        -0.049213 0.393701 0.078740,
        -0.393701 0.393701 0.295276,
        0.393701 0.393701 0.295276,
        0.305118 0.393701 0.078740,
        0.206693 0.393701 0.078740,
        -0.305118 0.393701 0.078740,
        -0.206693 0.393701 0.078740,
        -0.254915 -0.254242 0.295276,
        -0.245647 -0.266321 0.295276,
        -0.237833 -0.295482 0.295276,
        -0.239820 -0.310576 0.295276,
        -0.245647 -0.324643 0.295276,
        -0.254915 -0.336721 0.295276,
        -0.346663 -0.266321 0.295276,
        -0.352489 -0.280387 0.295276,
        -0.239820 -0.280387 0.295276,
        -0.311250 -0.351816 0.295276,
        -0.325315 -0.345990 0.295276,
        -0.337394 -0.336721 0.295276,
        -0.346663 -0.324643 0.295276,
        -0.266994 -0.345990 0.295276,
        -0.281060 -0.351816 0.295276,
        -0.296155 -0.353803 0.295276,
        -0.352489 -0.310576 0.295276,
        -0.354476 -0.295482 0.295276,
        -0.337394 -0.254242 0.295276,
        -0.325315 -0.244974 0.295276,
        -0.311250 -0.239148 0.295276,
        -0.296155 -0.237160 0.295276,
        -0.281060 -0.239148 0.295276,
        -0.266994 -0.244974 0.295276,
      ]
    }
    coordIndex [
      0, 1, 2, -1,
      3, 4, 5, -1,
      6, 7, 8, -1,
      9, 6, 10, -1,
      10, 6, 8, -1,
      10, 8, 11, -1,
      11, 8, 12, -1,
      13, 14, 15, -1,
      16, 17, 9, -1,
      9, 17, 13, -1,
      9, 13, 6, -1,
      6, 13, 18, -1,
      19, 20, 21, -1,
      21, 20, 22, -1,
      13, 15, 18, -1,
      18, 15, 21, -1,
      18, 21, 23, -1,
      23, 21, 22, -1,
      23, 22, 24, -1,
      25, 26, 27, -1,
      27, 26, 0, -1,
      5, 7, 3, -1,
      3, 7, 6, -1,
      3, 6, 2, -1,
      2, 6, 28, -1,
      2, 28, 0, -1,
      0, 28, 29, -1,
      0, 29, 27, -1,
      27, 29, 23, -1,
      27, 23, 30, -1,
      30, 23, 24, -1,
      30, 24, 31, -1,
      31, 24, 32, -1,
      33, 31, 32, -1,
      34, 35, 36, -1,
      32, 34, 33, -1,
      33, 34, 36, -1,
      33, 36, 37, -1,
      37, 36, 38, -1,
      37, 38, 25, -1,
      25, 38, 26, -1,
      14, 13, 39, -1,
      39, 13, 36, -1,
      39, 36, 40, -1,
      40, 36, 35, -1,
      40, 35, 19, -1,
      19, 35, 20, -1,
      41, 42, 43, -1,
      17, 16, 44, -1,
      44, 16, 45, -1,
      44, 45, 46, -1,
      11, 12, 46, -1,
      46, 12, 41, -1,
      46, 41, 44, -1,
      44, 41, 43, -1,
      1, 0, 47, -1,
      47, 0, 43, -1,
      47, 43, 48, -1,
      48, 43, 42, -1,
      48, 42, 4, -1,
      4, 42, 5, -1,
      44, 36, 17, -1,
      17, 36, 13, -1,
      38, 43, 26, -1,
      26, 43, 0, -1,
      49, 50, 44, -1,
      51, 52, 36, -1,
      36, 52, 53, -1,
      36, 53, 54, -1,
      55, 43, 56, -1,
      56, 43, 38, -1,
      44, 50, 36, -1,
      36, 50, 57, -1,
      36, 57, 51, -1,
      58, 59, 38, -1,
      38, 59, 60, -1,
      38, 60, 61, -1,
      54, 62, 36, -1,
      36, 62, 63, -1,
      36, 63, 38, -1,
      38, 63, 64, -1,
      38, 64, 58, -1,
      61, 65, 38, -1,
      38, 65, 66, -1,
      38, 66, 56, -1,
      55, 67, 43, -1,
      43, 67, 68, -1,
      43, 68, 69, -1,
      69, 70, 43, -1,
      43, 70, 71, -1,
      43, 71, 44, -1,
      44, 71, 72, -1,
      44, 72, 49, -1,
    ]
  }
}

Shape {
  appearance Appearance {
    material Material {
      diffuseColor 0.7529 0.7529 0.7529
      specularColor 0.3765 0.3765 0.3765
      ambientIntensity 0.2
      transparency 0.0000
      shininess 0.5
    }
  }
  geometry IndexedFaceSet {
    ccw TRUE
    solid FALSE
    coord DEF co Coordinate {
      point [
        -0.254915 -0.254242 0.295276,
        -0.245647 -0.266321 0.295276,
        -0.237833 -0.295482 0.295276,
        -0.239820 -0.310576 0.295276,
        -0.245647 -0.324643 0.295276,
        -0.254915 -0.336721 0.295276,
        -0.346663 -0.266321 0.295276,
        -0.352489 -0.280387 0.295276,
        -0.239820 -0.280387 0.295276,
        -0.311250 -0.351816 0.295276,
        -0.325315 -0.345990 0.295276,
        -0.337394 -0.336721 0.295276,
        -0.346663 -0.324643 0.295276,
        -0.266994 -0.345990 0.295276,
        -0.281060 -0.351816 0.295276,
        -0.296155 -0.353803 0.295276,
        -0.352489 -0.310576 0.295276,
        -0.354476 -0.295482 0.295276,
        -0.337394 -0.254242 0.295276,
        -0.325315 -0.244974 0.295276,
        -0.311250 -0.239148 0.295276,
        -0.296155 -0.237160 0.295276,
        -0.281060 -0.239148 0.295276,
        -0.266994 -0.244974 0.295276,
        -0.237833 -0.295482 0.291339,
        -0.239820 -0.280387 0.291339,
        -0.245647 -0.266321 0.291339,
        -0.254915 -0.254242 0.291339,
        -0.266994 -0.244974 0.291339,
        -0.281060 -0.239148 0.291339,
        -0.296155 -0.237160 0.291339,
        -0.311250 -0.239148 0.291339,
        -0.325315 -0.244974 0.291339,
        -0.337394 -0.254242 0.291339,
        -0.346663 -0.266321 0.291339,
        -0.352489 -0.280387 0.291339,
        -0.354476 -0.295482 0.291339,
        -0.352489 -0.310576 0.291339,
        -0.346663 -0.324643 0.291339,
        -0.337394 -0.336721 0.291339,
        -0.325315 -0.345990 0.291339,
        -0.311250 -0.351816 0.291339,
        -0.296155 -0.353803 0.291339,
        -0.281060 -0.351816 0.291339,
        -0.266994 -0.345990 0.291339,
        -0.254915 -0.336721 0.291339,
        -0.245647 -0.324643 0.291339,
        -0.239820 -0.310576 0.291339,
        -0.296155 -0.295482 0.291339,
      ]
    }
    coordIndex [
      24, 2, 25, -1,
      25, 2, 8, -1,
      25, 8, 26, -1,
      26, 8, 1, -1,
      26, 1, 27, -1,
      27, 1, 0, -1,
      27, 0, 28, -1,
      28, 0, 23, -1,
      28, 23, 29, -1,
      29, 23, 22, -1,
      29, 22, 30, -1,
      30, 22, 21, -1,
      30, 21, 31, -1,
      31, 21, 20, -1,
      31, 20, 32, -1,
      32, 20, 19, -1,
      32, 19, 33, -1,
      33, 19, 18, -1,
      33, 18, 34, -1,
      34, 18, 6, -1,
      34, 6, 35, -1,
      35, 6, 7, -1,
      35, 7, 36, -1,
      36, 7, 17, -1,
      36, 17, 37, -1,
      37, 17, 16, -1,
      37, 16, 38, -1,
      38, 16, 12, -1,
      38, 12, 39, -1,
      39, 12, 11, -1,
      39, 11, 40, -1,
      40, 11, 10, -1,
      40, 10, 41, -1,
      41, 10, 9, -1,
      41, 9, 42, -1,
      42, 9, 15, -1,
      42, 15, 43, -1,
      43, 15, 14, -1,
      43, 14, 44, -1,
      44, 14, 13, -1,
      44, 13, 45, -1,
      45, 13, 5, -1,
      45, 5, 46, -1,
      46, 5, 4, -1,
      46, 4, 47, -1,
      47, 4, 3, -1,
      47, 3, 24, -1,
      24, 3, 2, -1,
      46, 47, 48, -1,
      48, 47, 24, -1,
      48, 24, 25, -1,
      43, 44, 48, -1,
      48, 44, 45, -1,
      48, 45, 46, -1,
      40, 41, 48, -1,
      48, 41, 42, -1,
      48, 42, 43, -1,
      37, 38, 48, -1,
      48, 38, 39, -1,
      48, 39, 40, -1,
      34, 35, 48, -1,
      48, 35, 36, -1,
      48, 36, 37, -1,
      31, 32, 48, -1,
      48, 32, 33, -1,
      48, 33, 34, -1,
      28, 29, 48, -1,
      48, 29, 30, -1,
      48, 30, 31, -1,
      25, 26, 48, -1,
      48, 26, 27, -1,
      48, 27, 28, -1,
    ]
  }
}

Shape {
  appearance Appearance {
    material Material {
      diffuseColor 1.0000 1.0000 1.0000
      specularColor 0.5020 0.5020 0.5020
      ambientIntensity 0.2
      transparency 0.0000
      shininess 0.5
    }
  }
  geometry IndexedFaceSet {
    ccw TRUE
    solid FALSE
    coord DEF co Coordinate {
      point [
        -0.305118 0.393701 0.000000,
        -0.305118 0.279528 0.000000,
        -0.206693 0.279528 0.000000,
        -0.206693 0.393701 0.000000,
        -0.049213 0.393701 0.000000,
        0.314961 0.188452 0.000000,
        -0.049213 0.279528 0.000000,
        0.049213 0.279528 0.000000,
        0.305118 0.279528 0.000000,
        0.206693 0.279528 0.000000,
        0.206693 0.393701 0.000000,
        0.049213 0.393701 0.000000,
        0.305118 -0.393701 0.000000,
        0.305118 -0.279528 0.000000,
        0.305118 0.393701 0.000000,
        0.314961 -0.205249 0.000000,
        0.206693 -0.393701 0.000000,
        0.049213 -0.393701 0.000000,
        0.206693 -0.279528 0.000000,
        0.049213 -0.279528 0.000000,
        -0.236220 -0.205249 0.000000,
        -0.049213 -0.279528 0.000000,
        -0.305118 -0.393701 0.000000,
        -0.305118 -0.279528 0.000000,
        -0.314961 0.188452 0.000000,
        -0.314961 -0.126509 0.000000,
        -0.206693 -0.279528 0.000000,
        -0.206693 -0.393701 0.000000,
        -0.049213 -0.393701 0.000000,
        -0.206693 -0.393701 0.078740,
        -0.049213 -0.393701 0.078740,
        0.049213 -0.393701 0.078740,
        -0.305118 -0.393701 0.078740,
        0.305118 -0.393701 0.078740,
        0.206693 -0.393701 0.078740,
        0.049213 0.393701 0.078740,
        -0.049213 0.393701 0.078740,
        0.305118 0.393701 0.078740,
        0.206693 0.393701 0.078740,
        -0.305118 0.393701 0.078740,
        -0.206693 0.393701 0.078740,
        -0.236220 -0.205249 -0.003937,
        0.314961 -0.205249 -0.003937,
        0.314961 0.188452 -0.003937,
        -0.314961 0.188452 -0.003937,
        -0.314961 -0.126509 -0.003937,
        0.305118 0.397638 0.078740,
        0.206693 0.397638 0.078740,
        0.305118 0.279528 -0.003937,
        0.305118 0.397638 -0.003937,
        0.206693 0.397638 -0.003937,
        0.206693 0.279528 -0.003937,
        0.049213 0.397638 0.078740,
        -0.049213 0.397638 0.078740,
        -0.049213 0.397638 -0.003937,
        -0.049213 0.279528 -0.003937,
        0.049213 0.279528 -0.003937,
        0.049213 0.397638 -0.003937,
        -0.206693 0.397638 0.078740,
        -0.305118 0.397638 0.078740,
        -0.305118 0.397638 -0.003937,
        -0.305118 0.279528 -0.003937,
        -0.206693 0.279528 -0.003937,
        -0.206693 0.397638 -0.003937,
        0.305118 -0.279528 -0.003937,
        0.206693 -0.279528 -0.003937,
        0.305118 -0.397638 0.078740,
        0.305118 -0.397638 -0.003937,
        0.206693 -0.397638 -0.003937,
        0.206693 -0.397638 0.078740,
        0.049213 -0.279528 -0.003937,
        -0.049213 -0.279528 -0.003937,
        -0.049213 -0.397638 -0.003937,
        -0.049213 -0.397638 0.078740,
        0.049213 -0.397638 0.078740,
        0.049213 -0.397638 -0.003937,
        -0.206693 -0.279528 -0.003937,
        -0.305118 -0.279528 -0.003937,
        -0.305118 -0.397638 -0.003937,
        -0.305118 -0.397638 0.078740,
        -0.206693 -0.397638 0.078740,
        -0.206693 -0.397638 -0.003937,
        0.397638 -0.185802 0.101041,
        0.397638 -0.185802 0.097998,
        0.393701 -0.185802 0.101041,
        0.393701 -0.185802 0.097998,
        0.397638 -0.196431 0.101041,
        0.393701 -0.196431 0.101041,
        0.397638 -0.196431 0.124688,
        0.393701 -0.196431 0.124688,
        0.397638 -0.199876 0.124688,
        0.393701 -0.199876 0.124688,
        0.397638 -0.199876 0.097998,
        0.393701 -0.199876 0.097998,
        0.397638 -0.172115 0.097548,
        0.393701 -0.172115 0.097548,
        0.393701 -0.170481 0.097604,
        0.397638 -0.170481 0.097604,
        0.393701 -0.168963 0.097771,
        0.397638 -0.168963 0.097771,
        0.393701 -0.167594 0.098039,
        0.397638 -0.167594 0.098039,
        0.393701 -0.166361 0.098399,
        0.397638 -0.166361 0.098399,
        0.393701 -0.165251 0.098844,
        0.397638 -0.165251 0.098844,
        0.393701 -0.164727 0.099103,
        0.397638 -0.164727 0.099103,
        0.397638 -0.164727 0.102405,
        0.393701 -0.164727 0.102405,
        0.393701 -0.165735 0.101859,
        0.397638 -0.165735 0.101859,
        0.393701 -0.166802 0.101411,
        0.397638 -0.166802 0.101411,
        0.393701 -0.167930 0.101062,
        0.397638 -0.167930 0.101062,
        0.393701 -0.169126 0.100811,
        0.397638 -0.169126 0.100811,
        0.393701 -0.170396 0.100662,
        0.397638 -0.170396 0.100662,
        0.393701 -0.171617 0.100618,
        0.397638 -0.171617 0.100618,
        0.393701 -0.172783 0.100674,
        0.397638 -0.172783 0.100674,
        0.393701 -0.173878 0.100842,
        0.397638 -0.173878 0.100842,
        0.393701 -0.174888 0.101114,
        0.397638 -0.174888 0.101114,
        0.393701 -0.175820 0.101485,
        0.397638 -0.175820 0.101485,
        0.393701 -0.176685 0.101952,
        0.397638 -0.176685 0.101952,
        0.393701 -0.177488 0.102517,
        0.397638 -0.177488 0.102517,
        0.393701 -0.178236 0.103183,
        0.397638 -0.178236 0.103183,
        0.393701 -0.178474 0.103428,
        0.397638 -0.178474 0.103428,
        0.393701 -0.179122 0.104211,
        0.397638 -0.179122 0.104211,
        0.393701 -0.179678 0.105062,
        0.397638 -0.179678 0.105062,
        0.393701 -0.180142 0.105983,
        0.397638 -0.180142 0.105983,
        0.393701 -0.180517 0.106979,
        0.397638 -0.180517 0.106979,
        0.393701 -0.180801 0.108059,
        0.397638 -0.180801 0.108059,
        0.393701 -0.180993 0.109232,
        0.397638 -0.180993 0.109232,
        0.393701 -0.181086 0.110509,
        0.397638 -0.181086 0.110509,
        0.393701 -0.181094 0.111043,
        0.397638 -0.181094 0.111043,
        0.393701 -0.181038 0.112429,
        0.397638 -0.181038 0.112429,
        0.393701 -0.180870 0.113726,
        0.397638 -0.180870 0.113726,
        0.393701 -0.180600 0.114910,
        0.397638 -0.180600 0.114910,
        0.393701 -0.180233 0.115993,
        0.397638 -0.180233 0.115993,
        0.393701 -0.179776 0.116984,
        0.397638 -0.179776 0.116984,
        0.393701 -0.179230 0.117892,
        0.397638 -0.179230 0.117892,
        0.393701 -0.178595 0.118725,
        0.397638 -0.178595 0.118725,
        0.393701 -0.178290 0.119066,
        0.397638 -0.178290 0.119066,
        0.393701 -0.177517 0.119799,
        0.397638 -0.177517 0.119799,
        0.393701 -0.176689 0.120426,
        0.397638 -0.176689 0.120426,
        0.393701 -0.175813 0.120944,
        0.397638 -0.175813 0.120944,
        0.393701 -0.174886 0.121359,
        0.397638 -0.174886 0.121359,
        0.393701 -0.173902 0.121675,
        0.397638 -0.173902 0.121675,
        0.393701 -0.172852 0.121892,
        0.397638 -0.172852 0.121892,
        0.393701 -0.171728 0.122007,
        0.397638 -0.171728 0.122007,
        0.393701 -0.171017 0.122027,
        0.397638 -0.171017 0.122027,
        0.393701 -0.169731 0.121970,
        0.397638 -0.169731 0.121970,
        0.393701 -0.168491 0.121800,
        0.397638 -0.168491 0.121800,
        0.393701 -0.167311 0.121521,
        0.397638 -0.167311 0.121521,
        0.393701 -0.166183 0.121136,
        0.397638 -0.166183 0.121136,
        0.393701 -0.165101 0.120644,
        0.397638 -0.165101 0.120644,
        0.393701 -0.164727 0.120444,
        0.397638 -0.164727 0.120444,
        0.397638 -0.164727 0.124046,
        0.393701 -0.164727 0.124046,
        0.393701 -0.165760 0.124431,
        0.397638 -0.165760 0.124431,
        0.393701 -0.166902 0.124735,
        0.397638 -0.166902 0.124735,
        0.393701 -0.168187 0.124960,
        0.397638 -0.168187 0.124960,
        0.393701 -0.169630 0.125097,
        0.397638 -0.169630 0.125097,
        0.393701 -0.171051 0.125138,
        0.397638 -0.171051 0.125138,
        0.393701 -0.172448 0.125081,
        0.397638 -0.172448 0.125081,
        0.393701 -0.173780 0.124913,
        0.397638 -0.173780 0.124913,
        0.393701 -0.175030 0.124637,
        0.397638 -0.175030 0.124637,
        0.393701 -0.176204 0.124261,
        0.397638 -0.176204 0.124261,
        0.393701 -0.177311 0.123784,
        0.397638 -0.177311 0.123784,
        0.393701 -0.178358 0.123209,
        0.397638 -0.178358 0.123209,
        0.393701 -0.179349 0.122533,
        0.397638 -0.179349 0.122533,
        0.393701 -0.180288 0.121754,
        0.397638 -0.180288 0.121754,
        0.393701 -0.180855 0.121208,
        0.397638 -0.180855 0.121208,
        0.393701 -0.181674 0.120293,
        0.397638 -0.181674 0.120293,
        0.393701 -0.182394 0.119316,
        0.397638 -0.182394 0.119316,
        0.393701 -0.183013 0.118282,
        0.397638 -0.183013 0.118282,
        0.393701 -0.183536 0.117185,
        0.397638 -0.183536 0.117185,
        0.393701 -0.183964 0.116022,
        0.397638 -0.183964 0.116022,
        0.393701 -0.184298 0.114784,
        0.397638 -0.184298 0.114784,
        0.393701 -0.184536 0.113465,
        0.397638 -0.184536 0.113465,
        0.393701 -0.184674 0.112057,
        0.397638 -0.184674 0.112057,
        0.393701 -0.184710 0.110838,
        0.397638 -0.184710 0.110838,
        0.393701 -0.184654 0.109335,
        0.397638 -0.184654 0.109335,
        0.393701 -0.184485 0.107917,
        0.397638 -0.184485 0.107917,
        0.393701 -0.184213 0.106605,
        0.397638 -0.184213 0.106605,
        0.393701 -0.183842 0.105391,
        0.397638 -0.183842 0.105391,
        0.393701 -0.183378 0.104267,
        0.397638 -0.183378 0.104267,
        0.393701 -0.182823 0.103224,
        0.397638 -0.182823 0.103224,
        0.393701 -0.182177 0.102256,
        0.397638 -0.182177 0.102256,
        0.393701 -0.181479 0.101402,
        0.397638 -0.181479 0.101402,
        0.393701 -0.181285 0.101191,
        0.397638 -0.181285 0.101191,
        0.393701 -0.180454 0.100390,
        0.397638 -0.180454 0.100390,
        0.393701 -0.179561 0.099690,
        0.397638 -0.179561 0.099690,
        0.393701 -0.178613 0.099093,
        0.397638 -0.178613 0.099093,
        0.393701 -0.177607 0.098595,
        0.397638 -0.177607 0.098595,
        0.393701 -0.176535 0.098192,
        0.397638 -0.176535 0.098192,
        0.393701 -0.175393 0.097884,
        0.397638 -0.175393 0.097884,
        0.393701 -0.174172 0.097674,
        0.397638 -0.174172 0.097674,
        0.393701 -0.172865 0.097563,
        0.397638 -0.172865 0.097563,
        0.397638 -0.145030 0.101041,
        0.397638 -0.145030 0.097998,
        0.393701 -0.145030 0.101041,
        0.393701 -0.145030 0.097998,
        0.397638 -0.155939 0.101041,
        0.393701 -0.155939 0.101041,
        0.397638 -0.155939 0.110019,
        0.393701 -0.155939 0.110019,
        0.397638 -0.146394 0.110019,
        0.393701 -0.146394 0.110019,
        0.397638 -0.146394 0.113076,
        0.393701 -0.146394 0.113076,
        0.397638 -0.155939 0.113076,
        0.393701 -0.155939 0.113076,
        0.397638 -0.155939 0.121617,
        0.393701 -0.155939 0.121617,
        0.397638 -0.145637 0.121617,
        0.393701 -0.145637 0.121617,
        0.397638 -0.145637 0.124688,
        0.393701 -0.145637 0.124688,
        0.397638 -0.159385 0.124688,
        0.393701 -0.159385 0.124688,
        0.397638 -0.159385 0.097998,
        0.393701 -0.159385 0.097998,
        0.397638 -0.127695 0.101904,
        0.397638 -0.125844 0.099355,
        0.397638 -0.126726 0.102359,
        0.397638 -0.124733 0.099926,
        0.397638 -0.125847 0.102900,
        0.397638 -0.123690 0.100592,
        0.397638 -0.125052 0.103527,
        0.397638 -0.122711 0.101355,
        0.397638 -0.124733 0.103824,
        0.397638 -0.122283 0.101737,
        0.397638 -0.124057 0.104559,
        0.397638 -0.121429 0.102611,
        0.397638 -0.123473 0.105364,
        0.397638 -0.120677 0.103546,
        0.397638 -0.122980 0.106241,
        0.397638 -0.120032 0.104534,
        0.397638 -0.122576 0.107194,
        0.397638 -0.122106 0.114170,
        0.397638 -0.118761 0.115578,
        0.397638 -0.122376 0.115280,
        0.397638 -0.119138 0.116705,
        0.397638 -0.122739 0.116273,
        0.397638 -0.119612 0.117757,
        0.397638 -0.123187 0.117161,
        0.397638 -0.120183 0.118741,
        0.397638 -0.123720 0.117956,
        0.397638 -0.120852 0.119663,
        0.397638 -0.121622 0.120528,
        0.397638 -0.124336 0.118665,
        0.397638 -0.122283 0.121154,
        0.397638 -0.124808 0.119107,
        0.397638 -0.123275 0.121950,
        0.397638 -0.125637 0.119743,
        0.397638 -0.124324 0.122643,
        0.397638 -0.126533 0.120287,
        0.397638 -0.125426 0.123233,
        0.397638 -0.127502 0.120738,
        0.397638 -0.126585 0.123722,
        0.397638 -0.128548 0.121099,
        0.397638 -0.127807 0.124113,
        0.397638 -0.129680 0.121368,
        0.397638 -0.129100 0.124405,
        0.397638 -0.130907 0.121542,
        0.397638 -0.130467 0.124596,
        0.397638 -0.132207 0.121615,
        0.397638 -0.131919 0.124683,
        0.397638 -0.132511 0.121617,
        0.397638 -0.132374 0.124688,
        0.397638 -0.136543 0.121617,
        0.397638 -0.139988 0.124688,
        0.397638 -0.136543 0.101041,
        0.397638 -0.139988 0.097998,
        0.397638 -0.132667 0.101041,
        0.397638 -0.132647 0.097998,
        0.397638 -0.131260 0.101098,
        0.397638 -0.131114 0.098055,
        0.397638 -0.129951 0.101267,
        0.397638 -0.129657 0.098225,
        0.397638 -0.128767 0.101538,
        0.397638 -0.128299 0.098502,
        0.397638 -0.127030 0.098880,
        0.397638 -0.119489 0.105578,
        0.397638 -0.119044 0.106683,
        0.397638 -0.122261 0.108233,
        0.397638 -0.118698 0.107856,
        0.397638 -0.122038 0.109367,
        0.397638 -0.118449 0.109103,
        0.397638 -0.121910 0.110605,
        0.397638 -0.118301 0.110431,
        0.397638 -0.121881 0.111588,
        0.397638 -0.118258 0.111684,
        0.397638 -0.121938 0.112931,
        0.397638 -0.118315 0.113062,
        0.397638 -0.118485 0.114366,
        0.393701 -0.125637 0.119743,
        0.393701 -0.123275 0.121950,
        0.393701 -0.124808 0.119107,
        0.393701 -0.122283 0.121154,
        0.393701 -0.124336 0.118665,
        0.393701 -0.121622 0.120528,
        0.393701 -0.123720 0.117956,
        0.393701 -0.120852 0.119663,
        0.393701 -0.123187 0.117161,
        0.393701 -0.120183 0.118741,
        0.393701 -0.122739 0.116273,
        0.393701 -0.119612 0.117757,
        0.393701 -0.122376 0.115280,
        0.393701 -0.126726 0.102359,
        0.393701 -0.125844 0.099355,
        0.393701 -0.127695 0.101904,
        0.393701 -0.127030 0.098880,
        0.393701 -0.128767 0.101538,
        0.393701 -0.128299 0.098502,
        0.393701 -0.129951 0.101267,
        0.393701 -0.129657 0.098225,
        0.393701 -0.131260 0.101098,
        0.393701 -0.131114 0.098055,
        0.393701 -0.132667 0.101041,
        0.393701 -0.132647 0.097998,
        0.393701 -0.136543 0.101041,
        0.393701 -0.139988 0.097998,
        0.393701 -0.136543 0.121617,
        0.393701 -0.139988 0.124688,
        0.393701 -0.132511 0.121617,
        0.393701 -0.132374 0.124688,
        0.393701 -0.132207 0.121615,
        0.393701 -0.131919 0.124683,
        0.393701 -0.130907 0.121542,
        0.393701 -0.130467 0.124596,
        0.393701 -0.129680 0.121368,
        0.393701 -0.129100 0.124405,
        0.393701 -0.128548 0.121099,
        0.393701 -0.127807 0.124113,
        0.393701 -0.127502 0.120738,
        0.393701 -0.126585 0.123722,
        0.393701 -0.126533 0.120287,
        0.393701 -0.125426 0.123233,
        0.393701 -0.124324 0.122643,
        0.393701 -0.122261 0.108233,
        0.393701 -0.119044 0.106683,
        0.393701 -0.122576 0.107194,
        0.393701 -0.119489 0.105578,
        0.393701 -0.122980 0.106241,
        0.393701 -0.120032 0.104534,
        0.393701 -0.123473 0.105364,
        0.393701 -0.120677 0.103546,
        0.393701 -0.124057 0.104559,
        0.393701 -0.121429 0.102611,
        0.393701 -0.124733 0.103824,
        0.393701 -0.122283 0.101737,
        0.393701 -0.125052 0.103527,
        0.393701 -0.122711 0.101355,
        0.393701 -0.125847 0.102900,
        0.393701 -0.123690 0.100592,
        0.393701 -0.124733 0.099926,
        0.393701 -0.119138 0.116705,
        0.393701 -0.118761 0.115578,
        0.393701 -0.122106 0.114170,
        0.393701 -0.118485 0.114366,
        0.393701 -0.121938 0.112931,
        0.393701 -0.118315 0.113062,
        0.393701 -0.121881 0.111588,
        0.393701 -0.118258 0.111684,
        0.393701 -0.121910 0.110605,
        0.393701 -0.118301 0.110431,
        0.393701 -0.122038 0.109367,
        0.393701 -0.118449 0.109103,
        0.393701 -0.118698 0.107856,
        0.397638 -0.109314 0.108313,
        0.397638 -0.110406 0.105298,
        0.397638 -0.100356 0.108313,
        0.397638 -0.099291 0.105298,
        0.397638 -0.105323 0.119407,
        0.397638 -0.106612 0.124688,
        0.397638 -0.116778 0.097998,
        0.397638 -0.112971 0.097998,
        0.397638 -0.105091 0.120204,
        0.397638 -0.104886 0.121276,
        0.397638 -0.102928 0.124688,
        0.397638 -0.104804 0.121276,
        0.397638 -0.104588 0.120147,
        0.397638 -0.104388 0.119407,
        0.397638 -0.092762 0.097998,
        0.397638 -0.096569 0.097998,
        0.393701 -0.100356 0.108313,
        0.393701 -0.104388 0.119407,
        0.393701 -0.102928 0.124688,
        0.393701 -0.104588 0.120147,
        0.393701 -0.104804 0.121276,
        0.393701 -0.106612 0.124688,
        0.393701 -0.104886 0.121276,
        0.393701 -0.105091 0.120204,
        0.393701 -0.105323 0.119407,
        0.393701 -0.109314 0.108313,
        0.393701 -0.116778 0.097998,
        0.393701 -0.092762 0.097998,
        0.393701 -0.096569 0.097998,
        0.393701 -0.099291 0.105298,
        0.393701 -0.112971 0.097998,
        0.393701 -0.110406 0.105298,
        0.397638 -0.185522 0.058700,
        0.397638 -0.185522 0.055657,
        0.393701 -0.185522 0.058700,
        0.393701 -0.185522 0.055657,
        0.397638 -0.196431 0.058700,
        0.393701 -0.196431 0.058700,
        0.397638 -0.196431 0.067678,
        0.393701 -0.196431 0.067678,
        0.397638 -0.186886 0.067678,
        0.393701 -0.186886 0.067678,
        0.397638 -0.186886 0.070735,
        0.393701 -0.186886 0.070735,
        0.397638 -0.196431 0.070735,
        0.393701 -0.196431 0.070735,
        0.397638 -0.196431 0.079277,
        0.393701 -0.196431 0.079277,
        0.397638 -0.186129 0.079277,
        0.393701 -0.186129 0.079277,
        0.397638 -0.186129 0.082347,
        0.393701 -0.186129 0.082347,
        0.397638 -0.199876 0.082347,
        0.393701 -0.199876 0.082347,
        0.397638 -0.199876 0.055657,
        0.393701 -0.199876 0.055657,
        0.397638 -0.170348 0.055657,
        0.397638 -0.167006 0.055657,
        0.397638 -0.170348 0.058604,
        0.397638 -0.167006 0.067924,
        0.397638 -0.172899 0.072276,
        0.397638 -0.172369 0.072083,
        0.397638 -0.171016 0.074750,
        0.397638 -0.178869 0.066219,
        0.397638 -0.179589 0.065856,
        0.397638 -0.177673 0.063742,
        0.397638 -0.178044 0.063448,
        0.397638 -0.170347 0.074491,
        0.397638 -0.171916 0.071825,
        0.397638 -0.169747 0.074172,
        0.397638 -0.171528 0.071506,
        0.397638 -0.169209 0.073793,
        0.397638 -0.180206 0.065448,
        0.397638 -0.180730 0.064997,
        0.397638 -0.178356 0.063084,
        0.397638 -0.168729 0.073351,
        0.397638 -0.171196 0.071120,
        0.397638 -0.168321 0.072867,
        0.397638 -0.180772 0.064956,
        0.397638 -0.181205 0.064463,
        0.397638 -0.178601 0.062668,
        0.397638 -0.181565 0.063923,
        0.397638 -0.178780 0.062196,
        0.397638 -0.178033 0.066533,
        0.397638 -0.177214 0.063995,
        0.397638 -0.177069 0.066791,
        0.397638 -0.176619 0.064227,
        0.397638 -0.175998 0.066982,
        0.397638 -0.178296 0.059152,
        0.397638 -0.178568 0.059548,
        0.397638 -0.181348 0.057447,
        0.397638 -0.178890 0.060487,
        0.397638 -0.182156 0.059240,
        0.397638 -0.178766 0.059989,
        0.397638 -0.181957 0.058581,
        0.397638 -0.181687 0.057986,
        0.397638 -0.171004 0.060585,
        0.397638 -0.170437 0.058604,
        0.397638 -0.171354 0.060024,
        0.397638 -0.170582 0.058364,
        0.397638 -0.174709 0.057991,
        0.397638 -0.173938 0.055576,
        0.397638 -0.174053 0.058116,
        0.397638 -0.173271 0.055851,
        0.397638 -0.173450 0.058318,
        0.397638 -0.172654 0.056198,
        0.397638 -0.172895 0.058594,
        0.397638 -0.170350 0.063246,
        0.397638 -0.170401 0.062519,
        0.397638 -0.170529 0.061827,
        0.397638 -0.170729 0.061184,
        0.397638 -0.167946 0.072285,
        0.397638 -0.170918 0.070668,
        0.397638 -0.167627 0.071619,
        0.397638 -0.170691 0.070138,
        0.397638 -0.167366 0.070858,
        0.397638 -0.170517 0.069519,
        0.397638 -0.167170 0.069991,
        0.397638 -0.170348 0.065222,
        0.397638 -0.170348 0.067774,
        0.397638 -0.174810 0.064622,
        0.397638 -0.175859 0.064434,
        0.397638 -0.172079 0.056620,
        0.397638 -0.171544 0.057118,
        0.397638 -0.172381 0.058946,
        0.397638 -0.171045 0.057697,
        0.397638 -0.171905 0.059374,
        0.397638 -0.171781 0.059505,
        0.397638 -0.167047 0.069005,
        0.397638 -0.170401 0.068796,
        0.397638 -0.170350 0.067957,
        0.397638 -0.177963 0.058809,
        0.397638 -0.179590 0.055939,
        0.397638 -0.177553 0.058500,
        0.397638 -0.178965 0.055656,
        0.397638 -0.177093 0.058259,
        0.397638 -0.178281 0.055440,
        0.397638 -0.176580 0.058087,
        0.397638 -0.180939 0.056957,
        0.397638 -0.180685 0.056707,
        0.397638 -0.180163 0.056289,
        0.397638 -0.181855 0.063335,
        0.397638 -0.182076 0.062694,
        0.397638 -0.178891 0.061663,
        0.397638 -0.182228 0.061993,
        0.397638 -0.178931 0.061033,
        0.397638 -0.170348 0.063394,
        0.397638 -0.171761 0.074949,
        0.397638 -0.172593 0.075084,
        0.397638 -0.173518 0.072399,
        0.397638 -0.173520 0.075150,
        0.397638 -0.174210 0.072441,
        0.397638 -0.173896 0.075156,
        0.397638 -0.174514 0.072436,
        0.397638 -0.175026 0.075114,
        0.397638 -0.175411 0.072367,
        0.397638 -0.176110 0.074988,
        0.397638 -0.176287 0.072215,
        0.397638 -0.177134 0.074783,
        0.397638 -0.177146 0.071979,
        0.397638 -0.178103 0.074501,
        0.397638 -0.177992 0.071656,
        0.397638 -0.179022 0.074144,
        0.397638 -0.178826 0.071244,
        0.397638 -0.179896 0.073713,
        0.397638 -0.179653 0.070735,
        0.397638 -0.180459 0.073382,
        0.397638 -0.180459 0.070135,
        0.397638 -0.177533 0.055293,
        0.397638 -0.176712 0.055216,
        0.397638 -0.176006 0.057982,
        0.397638 -0.176277 0.055207,
        0.397638 -0.175411 0.057949,
        0.397638 -0.175444 0.055248,
        0.397638 -0.174660 0.055373,
        0.397638 -0.182309 0.061225,
        0.397638 -0.182322 0.060760,
        0.397638 -0.182280 0.059971,
        0.393701 -0.179653 0.070735,
        0.393701 -0.180459 0.070135,
        0.393701 -0.180459 0.073382,
        0.393701 -0.169747 0.074172,
        0.393701 -0.171528 0.071506,
        0.393701 -0.171916 0.071825,
        0.393701 -0.170529 0.061827,
        0.393701 -0.170401 0.062519,
        0.393701 -0.167006 0.067924,
        0.393701 -0.169209 0.073793,
        0.393701 -0.168729 0.073351,
        0.393701 -0.171196 0.071120,
        0.393701 -0.168321 0.072867,
        0.393701 -0.170918 0.070668,
        0.393701 -0.167946 0.072285,
        0.393701 -0.170691 0.070138,
        0.393701 -0.173518 0.072399,
        0.393701 -0.172593 0.075084,
        0.393701 -0.172899 0.072276,
        0.393701 -0.171761 0.074949,
        0.393701 -0.172369 0.072083,
        0.393701 -0.171016 0.074750,
        0.393701 -0.170347 0.074491,
        0.393701 -0.170729 0.061184,
        0.393701 -0.170348 0.058604,
        0.393701 -0.170348 0.055657,
        0.393701 -0.167006 0.055657,
        0.393701 -0.178044 0.063448,
        0.393701 -0.178356 0.063084,
        0.393701 -0.180730 0.064997,
        0.393701 -0.178296 0.059152,
        0.393701 -0.181348 0.057447,
        0.393701 -0.178568 0.059548,
        0.393701 -0.181687 0.057986,
        0.393701 -0.178766 0.059989,
        0.393701 -0.180206 0.065448,
        0.393701 -0.179589 0.065856,
        0.393701 -0.177673 0.063742,
        0.393701 -0.178869 0.066219,
        0.393701 -0.177214 0.063995,
        0.393701 -0.178033 0.066533,
        0.393701 -0.176619 0.064227,
        0.393701 -0.177069 0.066791,
        0.393701 -0.175859 0.064434,
        0.393701 -0.175998 0.066982,
        0.393701 -0.178601 0.062668,
        0.393701 -0.181205 0.064463,
        0.393701 -0.180772 0.064956,
        0.393701 -0.170348 0.065222,
        0.393701 -0.167047 0.069005,
        0.393701 -0.170348 0.063394,
        0.393701 -0.170350 0.063246,
        0.393701 -0.181957 0.058581,
        0.393701 -0.182156 0.059240,
        0.393701 -0.178890 0.060487,
        0.393701 -0.177963 0.058809,
        0.393701 -0.180685 0.056707,
        0.393701 -0.180939 0.056957,
        0.393701 -0.177553 0.058500,
        0.393701 -0.179590 0.055939,
        0.393701 -0.180163 0.056289,
        0.393701 -0.167627 0.071619,
        0.393701 -0.167366 0.070858,
        0.393701 -0.170517 0.069519,
        0.393701 -0.167170 0.069991,
        0.393701 -0.170401 0.068796,
        0.393701 -0.170350 0.067957,
        0.393701 -0.170348 0.067774,
        0.393701 -0.174810 0.064622,
        0.393701 -0.178891 0.061663,
        0.393701 -0.182076 0.062694,
        0.393701 -0.178780 0.062196,
        0.393701 -0.181855 0.063335,
        0.393701 -0.181565 0.063923,
        0.393701 -0.182280 0.059971,
        0.393701 -0.182322 0.060760,
        0.393701 -0.178931 0.061033,
        0.393701 -0.182309 0.061225,
        0.393701 -0.182228 0.061993,
        0.393701 -0.178826 0.071244,
        0.393701 -0.179896 0.073713,
        0.393701 -0.177992 0.071656,
        0.393701 -0.179022 0.074144,
        0.393701 -0.177146 0.071979,
        0.393701 -0.178103 0.074501,
        0.393701 -0.176287 0.072215,
        0.393701 -0.177134 0.074783,
        0.393701 -0.175411 0.072367,
        0.393701 -0.176110 0.074988,
        0.393701 -0.174514 0.072436,
        0.393701 -0.175026 0.075114,
        0.393701 -0.174210 0.072441,
        0.393701 -0.173896 0.075156,
        0.393701 -0.173520 0.075150,
        0.393701 -0.170582 0.058364,
        0.393701 -0.171045 0.057697,
        0.393701 -0.172381 0.058946,
        0.393701 -0.171544 0.057118,
        0.393701 -0.172895 0.058594,
        0.393701 -0.172079 0.056620,
        0.393701 -0.173450 0.058318,
        0.393701 -0.172654 0.056198,
        0.393701 -0.174053 0.058116,
        0.393701 -0.176006 0.057982,
        0.393701 -0.176712 0.055216,
        0.393701 -0.176580 0.058087,
        0.393701 -0.177533 0.055293,
        0.393701 -0.177093 0.058259,
        0.393701 -0.178281 0.055440,
        0.393701 -0.178965 0.055656,
        0.393701 -0.173271 0.055851,
        0.393701 -0.173938 0.055576,
        0.393701 -0.174709 0.057991,
        0.393701 -0.174660 0.055373,
        0.393701 -0.175411 0.057949,
        0.393701 -0.175444 0.055248,
        0.393701 -0.176277 0.055207,
        0.393701 -0.171905 0.059374,
        0.393701 -0.171781 0.059505,
        0.393701 -0.170437 0.058604,
        0.393701 -0.171354 0.060024,
        0.393701 -0.171004 0.060585,
        0.397638 -0.156976 0.057936,
        0.393701 -0.156976 0.057936,
        0.393701 -0.157836 0.057976,
        0.397638 -0.157836 0.057976,
        0.393701 -0.158677 0.058095,
        0.397638 -0.158677 0.058095,
        0.393701 -0.159496 0.058293,
        0.397638 -0.159496 0.058293,
        0.393701 -0.160297 0.058570,
        0.397638 -0.160297 0.058570,
        0.393701 -0.161085 0.058927,
        0.397638 -0.161085 0.058927,
        0.393701 -0.161864 0.059367,
        0.397638 -0.161864 0.059367,
        0.393701 -0.162475 0.059778,
        0.397638 -0.162475 0.059778,
        0.397638 -0.162475 0.056326,
        0.393701 -0.162475 0.056326,
        0.393701 -0.161669 0.055968,
        0.397638 -0.161669 0.055968,
        0.393701 -0.160816 0.055678,
        0.397638 -0.160816 0.055678,
        0.393701 -0.159913 0.055455,
        0.397638 -0.159913 0.055455,
        0.393701 -0.158953 0.055302,
        0.397638 -0.158953 0.055302,
        0.393701 -0.157933 0.055220,
        0.397638 -0.157933 0.055220,
        0.393701 -0.157304 0.055207,
        0.397638 -0.157304 0.055207,
        0.393701 -0.156235 0.055246,
        0.397638 -0.156235 0.055246,
        0.393701 -0.155239 0.055364,
        0.397638 -0.155239 0.055364,
        0.393701 -0.154332 0.055553,
        0.397638 -0.154332 0.055553,
        0.393701 -0.153508 0.055808,
        0.397638 -0.153508 0.055808,
        0.393701 -0.152760 0.056125,
        0.397638 -0.152760 0.056125,
        0.393701 -0.152081 0.056501,
        0.397638 -0.152081 0.056501,
        0.393701 -0.151750 0.056721,
        0.397638 -0.151750 0.056721,
        0.393701 -0.151209 0.057146,
        0.397638 -0.151209 0.057146,
        0.393701 -0.150748 0.057609,
        0.397638 -0.150748 0.057609,
        0.393701 -0.150372 0.058103,
        0.397638 -0.150372 0.058103,
        0.393701 -0.150075 0.058627,
        0.397638 -0.150075 0.058627,
        0.393701 -0.149850 0.059186,
        0.397638 -0.149850 0.059186,
        0.393701 -0.149697 0.059783,
        0.397638 -0.149697 0.059783,
        0.393701 -0.149615 0.060425,
        0.397638 -0.149615 0.060425,
        0.393701 -0.149601 0.060842,
        0.397638 -0.149601 0.060842,
        0.393701 -0.149641 0.061526,
        0.397638 -0.149641 0.061526,
        0.393701 -0.149758 0.062164,
        0.397638 -0.149758 0.062164,
        0.393701 -0.149948 0.062746,
        0.397638 -0.149948 0.062746,
        0.393701 -0.150207 0.063279,
        0.397638 -0.150207 0.063279,
        0.393701 -0.150534 0.063769,
        0.397638 -0.150534 0.063769,
        0.393701 -0.150720 0.063994,
        0.397638 -0.150720 0.063994,
        0.393701 -0.151143 0.064408,
        0.397638 -0.151143 0.064408,
        0.393701 -0.151682 0.064824,
        0.397638 -0.151682 0.064824,
        0.393701 -0.152378 0.065260,
        0.397638 -0.152378 0.065260,
        0.393701 -0.153254 0.065718,
        0.397638 -0.153254 0.065718,
        0.393701 -0.154336 0.066194,
        0.397638 -0.154336 0.066194,
        0.393701 -0.155032 0.066464,
        0.397638 -0.155032 0.066464,
        0.393701 -0.156489 0.067073,
        0.397638 -0.156489 0.067073,
        0.393701 -0.157393 0.067517,
        0.397638 -0.157393 0.067517,
        0.393701 -0.157978 0.067870,
        0.397638 -0.157978 0.067870,
        0.393701 -0.158280 0.068101,
        0.397638 -0.158280 0.068101,
        0.393701 -0.158561 0.068400,
        0.397638 -0.158561 0.068400,
        0.393701 -0.158773 0.068743,
        0.397638 -0.158773 0.068743,
        0.393701 -0.158917 0.069130,
        0.397638 -0.158917 0.069130,
        0.393701 -0.158995 0.069569,
        0.397638 -0.158995 0.069569,
        0.393701 -0.159009 0.069875,
        0.397638 -0.159009 0.069875,
        0.393701 -0.158970 0.070309,
        0.397638 -0.158970 0.070309,
        0.393701 -0.158853 0.070708,
        0.397638 -0.158853 0.070708,
        0.393701 -0.158663 0.071067,
        0.397638 -0.158663 0.071067,
        0.393701 -0.158400 0.071391,
        0.397638 -0.158400 0.071391,
        0.393701 -0.158068 0.071678,
        0.397638 -0.158068 0.071678,
        0.393701 -0.157993 0.071731,
        0.397638 -0.157993 0.071731,
        0.393701 -0.157550 0.071995,
        0.397638 -0.157550 0.071995,
        0.393701 -0.157054 0.072197,
        0.397638 -0.157054 0.072197,
        0.393701 -0.156493 0.072341,
        0.397638 -0.156493 0.072341,
        0.393701 -0.155856 0.072423,
        0.397638 -0.155856 0.072423,
        0.393701 -0.155359 0.072441,
        0.397638 -0.155359 0.072441,
        0.393701 -0.154459 0.072401,
        0.397638 -0.154459 0.072401,
        0.393701 -0.153594 0.072282,
        0.397638 -0.153594 0.072282,
        0.393701 -0.152773 0.072088,
        0.397638 -0.152773 0.072088,
        0.393701 -0.151989 0.071820,
        0.397638 -0.151989 0.071820,
        0.393701 -0.151238 0.071479,
        0.397638 -0.151238 0.071479,
        0.393701 -0.150515 0.071062,
        0.397638 -0.150515 0.071062,
        0.397638 -0.150515 0.074310,
        0.393701 -0.150515 0.074310,
        0.393701 -0.151386 0.074625,
        0.397638 -0.151386 0.074625,
        0.393701 -0.152285 0.074866,
        0.397638 -0.152285 0.074866,
        0.393701 -0.153223 0.075035,
        0.397638 -0.153223 0.075035,
        0.393701 -0.154206 0.075131,
        0.397638 -0.154206 0.075131,
        0.393701 -0.155032 0.075156,
        0.397638 -0.155032 0.075156,
        0.393701 -0.156019 0.075116,
        0.397638 -0.156019 0.075116,
        0.393701 -0.156950 0.074998,
        0.397638 -0.156950 0.074998,
        0.393701 -0.157811 0.074807,
        0.397638 -0.157811 0.074807,
        0.393701 -0.158608 0.074547,
        0.397638 -0.158608 0.074547,
        0.393701 -0.159348 0.074220,
        0.397638 -0.159348 0.074220,
        0.393701 -0.160034 0.073828,
        0.397638 -0.160034 0.073828,
        0.393701 -0.160313 0.073641,
        0.397638 -0.160313 0.073641,
        0.393701 -0.160866 0.073195,
        0.397638 -0.160866 0.073195,
        0.393701 -0.161335 0.072714,
        0.397638 -0.161335 0.072714,
        0.393701 -0.161713 0.072209,
        0.397638 -0.161713 0.072209,
        0.393701 -0.162008 0.071678,
        0.397638 -0.162008 0.071678,
        0.393701 -0.162228 0.071119,
        0.397638 -0.162228 0.071119,
        0.393701 -0.162373 0.070526,
        0.397638 -0.162373 0.070526,
        0.393701 -0.162446 0.069893,
        0.397638 -0.162446 0.069893,
        0.393701 -0.162455 0.069575,
        0.397638 -0.162455 0.069575,
        0.393701 -0.162415 0.068875,
        0.397638 -0.162415 0.068875,
        0.393701 -0.162297 0.068220,
        0.397638 -0.162297 0.068220,
        0.393701 -0.162107 0.067623,
        0.397638 -0.162107 0.067623,
        0.393701 -0.161847 0.067077,
        0.397638 -0.161847 0.067077,
        0.393701 -0.161506 0.066559,
        0.397638 -0.161506 0.066559,
        0.393701 -0.161164 0.066174,
        0.397638 -0.161164 0.066174,
        0.393701 -0.160708 0.065782,
        0.397638 -0.160708 0.065782,
        0.393701 -0.160098 0.065360,
        0.397638 -0.160098 0.065360,
        0.393701 -0.159304 0.064906,
        0.397638 -0.159304 0.064906,
        0.393701 -0.158296 0.064418,
        0.397638 -0.158296 0.064418,
        0.393701 -0.157393 0.064035,
        0.397638 -0.157393 0.064035,
        0.393701 -0.155919 0.063446,
        0.397638 -0.155919 0.063446,
        0.393701 -0.154951 0.062992,
        0.397638 -0.154951 0.062992,
        0.393701 -0.154290 0.062616,
        0.397638 -0.154290 0.062616,
        0.393701 -0.153893 0.062330,
        0.397638 -0.153893 0.062330,
        0.393701 -0.153560 0.062002,
        0.397638 -0.153560 0.062002,
        0.393701 -0.153311 0.061641,
        0.397638 -0.153311 0.061641,
        0.393701 -0.153144 0.061257,
        0.397638 -0.153144 0.061257,
        0.393701 -0.153053 0.060844,
        0.397638 -0.153053 0.060844,
        0.393701 -0.153033 0.060515,
        0.397638 -0.153033 0.060515,
        0.393701 -0.153072 0.060028,
        0.397638 -0.153072 0.060028,
        0.393701 -0.153187 0.059595,
        0.397638 -0.153187 0.059595,
        0.393701 -0.153371 0.059226,
        0.397638 -0.153371 0.059226,
        0.393701 -0.153619 0.058910,
        0.397638 -0.153619 0.058910,
        0.393701 -0.153935 0.058639,
        0.397638 -0.153935 0.058639,
        0.393701 -0.154298 0.058421,
        0.397638 -0.154298 0.058421,
        0.393701 -0.154770 0.058228,
        0.397638 -0.154770 0.058228,
        0.393701 -0.155344 0.058078,
        0.397638 -0.155344 0.058078,
        0.393701 -0.156037 0.057978,
        0.397638 -0.156037 0.057978,
        0.397638 -0.133029 0.074719,
        0.397638 -0.129563 0.074719,
        0.393701 -0.133029 0.074719,
        0.393701 -0.129563 0.074719,
        0.397638 -0.138235 0.060365,
        0.393701 -0.138235 0.060365,
        0.393701 -0.138491 0.059476,
        0.397638 -0.138491 0.059476,
        0.393701 -0.138644 0.058823,
        0.397638 -0.138644 0.058823,
        0.397638 -0.138733 0.058823,
        0.393701 -0.138733 0.058823,
        0.397638 -0.139142 0.060392,
        0.393701 -0.139142 0.060392,
        0.397638 -0.144122 0.074719,
        0.393701 -0.144122 0.074719,
        0.397638 -0.147861 0.074719,
        0.393701 -0.147861 0.074719,
        0.397638 -0.140384 0.055698,
        0.393701 -0.140384 0.055698,
        0.397638 -0.141851 0.052232,
        0.393701 -0.141851 0.052232,
        0.393701 -0.142244 0.051437,
        0.397638 -0.142244 0.051437,
        0.393701 -0.142643 0.050847,
        0.397638 -0.142643 0.050847,
        0.393701 -0.143117 0.050344,
        0.397638 -0.143117 0.050344,
        0.393701 -0.143607 0.049984,
        0.397638 -0.143607 0.049984,
        0.393701 -0.144140 0.049732,
        0.397638 -0.144140 0.049732,
        0.393701 -0.144713 0.049587,
        0.397638 -0.144713 0.049587,
        0.393701 -0.145276 0.049544,
        0.397638 -0.145276 0.049544,
        0.393701 -0.145999 0.049600,
        0.397638 -0.145999 0.049600,
        0.393701 -0.146739 0.049773,
        0.397638 -0.146739 0.049773,
        0.393701 -0.147172 0.049926,
        0.397638 -0.147172 0.049926,
        0.397638 -0.147172 0.046952,
        0.393701 -0.147172 0.046952,
        0.393701 -0.146381 0.046776,
        0.397638 -0.146381 0.046776,
        0.393701 -0.145458 0.046688,
        0.397638 -0.145458 0.046688,
        0.393701 -0.145016 0.046678,
        0.397638 -0.145016 0.046678,
        0.393701 -0.144196 0.046734,
        0.397638 -0.144196 0.046734,
        0.393701 -0.143414 0.046900,
        0.397638 -0.143414 0.046900,
        0.393701 -0.142677 0.047173,
        0.397638 -0.142677 0.047173,
        0.393701 -0.141977 0.047552,
        0.397638 -0.141977 0.047552,
        0.393701 -0.141307 0.048043,
        0.397638 -0.141307 0.048043,
        0.393701 -0.140648 0.048667,
        0.397638 -0.140648 0.048667,
        0.393701 -0.140024 0.049415,
        0.397638 -0.140024 0.049415,
        0.393701 -0.139420 0.050310,
        0.397638 -0.139420 0.050310,
        0.393701 -0.138836 0.051373,
        0.397638 -0.138836 0.051373,
        0.393701 -0.138281 0.052611,
        0.397638 -0.138281 0.052611,
        0.393701 -0.138214 0.052778,
        0.397638 -0.138214 0.052778,
        0.397638 -0.111606 0.058700,
        0.397638 -0.111606 0.055657,
        0.393701 -0.111606 0.058700,
        0.393701 -0.111606 0.055657,
        0.397638 -0.122515 0.058700,
        0.393701 -0.122515 0.058700,
        0.397638 -0.122515 0.067678,
        0.393701 -0.122515 0.067678,
        0.397638 -0.112971 0.067678,
        0.393701 -0.112971 0.067678,
        0.397638 -0.112971 0.070735,
        0.393701 -0.112971 0.070735,
        0.397638 -0.122515 0.070735,
        0.393701 -0.122515 0.070735,
        0.397638 -0.122515 0.079277,
        0.393701 -0.122515 0.079277,
        0.397638 -0.112213 0.079277,
        0.393701 -0.112213 0.079277,
        0.397638 -0.112213 0.082347,
        0.393701 -0.112213 0.082347,
        0.397638 -0.125961 0.082347,
        0.393701 -0.125961 0.082347,
        0.397638 -0.125961 0.055657,
        0.393701 -0.125961 0.055657,
        0.397638 -0.094272 0.059563,
        0.397638 -0.092420 0.057014,
        0.397638 -0.093302 0.060018,
        0.397638 -0.091309 0.057585,
        0.397638 -0.092424 0.060559,
        0.397638 -0.090267 0.058251,
        0.397638 -0.091629 0.061186,
        0.397638 -0.089287 0.059014,
        0.397638 -0.091309 0.061483,
        0.397638 -0.088860 0.059396,
        0.397638 -0.090633 0.062218,
        0.397638 -0.088005 0.060270,
        0.397638 -0.090049 0.063023,
        0.397638 -0.087254 0.061205,
        0.397638 -0.089557 0.063900,
        0.397638 -0.086609 0.062193,
        0.397638 -0.089153 0.064853,
        0.397638 -0.088683 0.071830,
        0.397638 -0.085338 0.073237,
        0.397638 -0.088952 0.072939,
        0.397638 -0.085714 0.074364,
        0.397638 -0.089315 0.073932,
        0.397638 -0.086189 0.075416,
        0.397638 -0.089764 0.074820,
        0.397638 -0.086759 0.076400,
        0.397638 -0.090296 0.075615,
        0.397638 -0.087428 0.077322,
        0.397638 -0.088199 0.078187,
        0.397638 -0.090912 0.076324,
        0.397638 -0.088860 0.078813,
        0.397638 -0.091384 0.076766,
        0.397638 -0.089851 0.079609,
        0.397638 -0.092213 0.077403,
        0.397638 -0.090900 0.080302,
        0.397638 -0.093110 0.077946,
        0.397638 -0.092002 0.080892,
        0.397638 -0.094078 0.078397,
        0.397638 -0.093161 0.081381,
        0.397638 -0.095124 0.078758,
        0.397638 -0.094384 0.081772,
        0.397638 -0.096256 0.079027,
        0.397638 -0.095676 0.082064,
        0.397638 -0.097484 0.079201,
        0.397638 -0.097044 0.082255,
        0.397638 -0.098783 0.079274,
        0.397638 -0.098496 0.082342,
        0.397638 -0.099087 0.079277,
        0.397638 -0.098950 0.082347,
        0.397638 -0.103119 0.079277,
        0.397638 -0.106564 0.082347,
        0.397638 -0.103119 0.058700,
        0.397638 -0.106564 0.055657,
        0.397638 -0.099244 0.058700,
        0.397638 -0.099223 0.055657,
        0.397638 -0.097836 0.058757,
        0.397638 -0.097690 0.055714,
        0.397638 -0.096527 0.058926,
        0.397638 -0.096233 0.055885,
        0.397638 -0.095343 0.059197,
        0.397638 -0.094875 0.056161,
        0.397638 -0.093607 0.056539,
        0.397638 -0.086065 0.063237,
        0.397638 -0.085621 0.064343,
        0.397638 -0.088838 0.065892,
        0.397638 -0.085274 0.065515,
        0.397638 -0.088614 0.067026,
        0.397638 -0.085025 0.066762,
        0.397638 -0.088486 0.068264,
        0.397638 -0.084878 0.068090,
        0.397638 -0.088457 0.069248,
        0.397638 -0.084835 0.069343,
        0.397638 -0.088514 0.070590,
        0.397638 -0.084892 0.070721,
        0.397638 -0.085062 0.072025,
        0.393701 -0.092213 0.077403,
        0.393701 -0.089851 0.079609,
        0.393701 -0.091384 0.076766,
        0.393701 -0.088860 0.078813,
        0.393701 -0.090912 0.076324,
        0.393701 -0.088199 0.078187,
        0.393701 -0.090296 0.075615,
        0.393701 -0.087428 0.077322,
        0.393701 -0.089764 0.074820,
        0.393701 -0.086759 0.076400,
        0.393701 -0.089315 0.073932,
        0.393701 -0.086189 0.075416,
        0.393701 -0.088952 0.072939,
        0.393701 -0.093302 0.060018,
        0.393701 -0.092420 0.057014,
        0.393701 -0.094272 0.059563,
        0.393701 -0.093607 0.056539,
        0.393701 -0.095343 0.059197,
        0.393701 -0.094875 0.056161,
        0.393701 -0.096527 0.058926,
        0.393701 -0.096233 0.055885,
        0.393701 -0.097836 0.058757,
        0.393701 -0.097690 0.055714,
        0.393701 -0.099244 0.058700,
        0.393701 -0.099223 0.055657,
        0.393701 -0.103119 0.058700,
        0.393701 -0.106564 0.055657,
        0.393701 -0.103119 0.079277,
        0.393701 -0.106564 0.082347,
        0.393701 -0.099087 0.079277,
        0.393701 -0.098950 0.082347,
        0.393701 -0.098783 0.079274,
        0.393701 -0.098496 0.082342,
        0.393701 -0.097484 0.079201,
        0.393701 -0.097044 0.082255,
        0.393701 -0.096256 0.079027,
        0.393701 -0.095676 0.082064,
        0.393701 -0.095124 0.078758,
        0.393701 -0.094384 0.081772,
        0.393701 -0.094078 0.078397,
        0.393701 -0.093161 0.081381,
        0.393701 -0.093110 0.077946,
        0.393701 -0.092002 0.080892,
        0.393701 -0.090900 0.080302,
        0.393701 -0.088838 0.065892,
        0.393701 -0.085621 0.064343,
        0.393701 -0.089153 0.064853,
        0.393701 -0.086065 0.063237,
        0.393701 -0.089557 0.063900,
        0.393701 -0.086609 0.062193,
        0.393701 -0.090049 0.063023,
        0.393701 -0.087254 0.061205,
        0.393701 -0.090633 0.062218,
        0.393701 -0.088005 0.060270,
        0.393701 -0.091309 0.061483,
        0.393701 -0.088860 0.059396,
        0.393701 -0.091629 0.061186,
        0.393701 -0.089287 0.059014,
        0.393701 -0.092424 0.060559,
        0.393701 -0.090267 0.058251,
        0.393701 -0.091309 0.057585,
        0.393701 -0.085714 0.074364,
        0.393701 -0.085338 0.073237,
        0.393701 -0.088683 0.071830,
        0.393701 -0.085062 0.072025,
        0.393701 -0.088514 0.070590,
        0.393701 -0.084892 0.070721,
        0.393701 -0.088457 0.069248,
        0.393701 -0.084835 0.069343,
        0.393701 -0.088486 0.068264,
        0.393701 -0.084878 0.068090,
        0.393701 -0.088614 0.067026,
        0.393701 -0.085025 0.066762,
        0.393701 -0.085274 0.065515,
        0.397638 -0.075890 0.065973,
        0.397638 -0.076982 0.062957,
        0.397638 -0.066932 0.065973,
        0.397638 -0.065868 0.062957,
        0.397638 -0.071899 0.077066,
        0.397638 -0.073189 0.082347,
        0.397638 -0.083354 0.055657,
        0.397638 -0.079547 0.055657,
        0.397638 -0.071668 0.077863,
        0.397638 -0.071462 0.078935,
        0.397638 -0.069504 0.082347,
        0.397638 -0.071380 0.078935,
        0.397638 -0.071165 0.077806,
        0.397638 -0.070964 0.077066,
        0.397638 -0.059339 0.055657,
        0.397638 -0.063146 0.055657,
        0.393701 -0.066932 0.065973,
        0.393701 -0.070964 0.077066,
        0.393701 -0.069504 0.082347,
        0.393701 -0.071165 0.077806,
        0.393701 -0.071380 0.078935,
        0.393701 -0.073189 0.082347,
        0.393701 -0.071462 0.078935,
        0.393701 -0.071668 0.077863,
        0.393701 -0.071899 0.077066,
        0.393701 -0.075890 0.065973,
        0.393701 -0.083354 0.055657,
        0.393701 -0.059339 0.055657,
        0.393701 -0.063146 0.055657,
        0.393701 -0.065868 0.062957,
        0.393701 -0.079547 0.055657,
        0.393701 -0.076982 0.062957,
        0.397638 -0.314918 0.048381,
        0.397638 -0.312844 0.046646,
        0.397638 -0.319463 0.068658,
        0.397638 -0.303181 0.102993,
        0.397638 -0.301815 0.102246,
        0.397638 -0.307697 0.116098,
        0.397638 -0.290729 0.116361,
        0.397638 -0.287497 0.118099,
        0.397638 -0.293417 0.127977,
        0.397638 -0.252991 0.106611,
        0.397638 -0.251424 0.103264,
        0.397638 -0.240521 0.106990,
        0.397638 -0.250338 0.099739,
        0.397638 -0.249820 0.096743,
        0.397638 -0.300530 0.069114,
        0.397638 -0.298741 0.068555,
        0.397638 -0.294776 0.079924,
        0.397638 -0.242617 0.068207,
        0.397638 -0.245246 0.067405,
        0.397638 -0.242444 0.056120,
        0.397638 -0.319652 0.055944,
        0.397638 -0.318490 0.053168,
        0.397638 -0.316909 0.050644,
        0.397638 -0.256082 0.077956,
        0.397638 -0.261965 0.088014,
        0.397638 -0.282648 0.063914,
        0.397638 -0.287393 0.074730,
        0.397638 -0.282648 0.062017,
        0.397638 -0.292915 0.045170,
        0.397638 -0.282805 0.059586,
        0.397638 -0.290343 0.046783,
        0.397638 -0.288223 0.048615,
        0.397638 -0.303514 0.054625,
        0.397638 -0.304243 0.043217,
        0.397638 -0.301815 0.054426,
        0.397638 -0.301625 0.043040,
        0.397638 -0.299999 0.054649,
        0.397638 -0.306772 0.056338,
        0.397638 -0.305265 0.055284,
        0.397638 -0.310199 0.045047,
        0.397638 -0.307307 0.043891,
        0.397638 -0.295009 0.064743,
        0.397638 -0.294508 0.063017,
        0.397638 -0.294443 0.061178,
        0.397638 -0.294846 0.059344,
        0.397638 -0.295688 0.057685,
        0.397638 -0.317349 0.104282,
        0.397638 -0.319785 0.115491,
        0.397638 -0.323484 0.114270,
        0.397638 -0.246024 0.055565,
        0.397638 -0.247163 0.067140,
        0.397638 -0.257220 0.055565,
        0.397638 -0.255702 0.067140,
        0.397638 -0.258167 0.055706,
        0.397638 -0.289387 0.129660,
        0.397638 -0.284045 0.119376,
        0.397638 -0.285231 0.130869,
        0.397638 -0.322201 0.070184,
        0.397638 -0.325425 0.058039,
        0.397638 -0.321796 0.056576,
        0.397638 -0.320243 0.103133,
        0.397638 -0.327020 0.112577,
        0.397638 -0.322911 0.101527,
        0.397638 -0.330339 0.110429,
        0.397638 -0.325274 0.099518,
        0.397638 -0.286214 0.050977,
        0.397638 -0.284607 0.053645,
        0.397638 -0.283459 0.056539,
        0.397638 -0.309176 0.061051,
        0.397638 -0.308772 0.059294,
        0.397638 -0.307973 0.057722,
        0.397638 -0.292013 0.078593,
        0.397638 -0.297170 0.067582,
        0.397638 -0.289537 0.076848,
        0.397638 -0.234124 0.086196,
        0.397638 -0.224073 0.092421,
        0.397638 -0.235159 0.088745,
        0.397638 -0.225785 0.095591,
        0.397638 -0.236646 0.091053,
        0.397638 -0.227956 0.098565,
        0.397638 -0.238524 0.093043,
        0.397638 -0.230515 0.101226,
        0.397638 -0.240690 0.094631,
        0.397638 -0.326790 0.074428,
        0.397638 -0.334833 0.065052,
        0.397638 -0.324657 0.072116,
        0.397638 -0.331948 0.062272,
        0.397638 -0.328807 0.059935,
        0.397638 -0.315971 0.116229,
        0.397638 -0.314302 0.104936,
        0.397638 -0.312062 0.116478,
        0.397638 -0.311872 0.105093,
        0.397638 -0.309880 0.116359,
        0.397638 -0.308915 0.104846,
        0.397638 -0.306028 0.104147,
        0.397638 -0.309138 0.062903,
        0.397638 -0.308635 0.064707,
        0.397638 -0.318617 0.070606,
        0.397638 -0.307700 0.066311,
        0.397638 -0.301815 0.069227,
        0.397638 -0.304646 0.080937,
        0.397638 -0.303602 0.069007,
        0.397638 -0.307526 0.080224,
        0.397638 -0.305263 0.068369,
        0.397638 -0.297751 0.080792,
        0.397638 -0.300641 0.081157,
        0.397638 -0.301625 0.081182,
        0.397638 -0.296895 0.056301,
        0.397638 -0.298348 0.055286,
        0.397638 -0.295681 0.043999,
        0.397638 -0.298580 0.043286,
        0.397638 -0.239011 0.057152,
        0.397638 -0.235736 0.058650,
        0.397638 -0.240198 0.069479,
        0.397638 -0.232665 0.060602,
        0.397638 -0.238066 0.071171,
        0.397638 -0.229844 0.062989,
        0.397638 -0.237206 0.072067,
        0.397638 -0.228756 0.064104,
        0.397638 -0.235618 0.074241,
        0.397638 -0.297299 0.125822,
        0.397638 -0.299348 0.124448,
        0.397638 -0.293677 0.114204,
        0.397638 -0.302360 0.122022,
        0.397638 -0.296306 0.111659,
        0.397638 -0.305110 0.119239,
        0.397638 -0.298559 0.108787,
        0.397638 -0.300399 0.105644,
        0.397638 -0.242183 0.110798,
        0.397638 -0.244288 0.114414,
        0.397638 -0.255005 0.109713,
        0.397638 -0.246865 0.117886,
        0.397638 -0.257417 0.112505,
        0.397638 -0.330538 0.082702,
        0.397638 -0.341816 0.078034,
        0.397638 -0.329720 0.079694,
        0.397638 -0.340593 0.074310,
        0.397638 -0.328412 0.076853,
        0.397638 -0.338896 0.070742,
        0.397638 -0.336750 0.067404,
        0.397638 -0.295896 0.066268,
        0.397638 -0.233746 0.079216,
        0.397638 -0.221786 0.080476,
        0.397638 -0.233500 0.081941,
        0.397638 -0.221735 0.082131,
        0.397638 -0.233581 0.083489,
        0.397638 -0.222041 0.085673,
        0.397638 -0.222822 0.089097,
        0.397638 -0.226490 0.066925,
        0.397638 -0.224646 0.070002,
        0.397638 -0.234456 0.076647,
        0.397638 -0.223226 0.073324,
        0.397638 -0.222263 0.076837,
        0.397638 -0.310285 0.079054,
        0.397638 -0.312607 0.077624,
        0.397638 -0.306756 0.067330,
        0.397638 -0.314961 0.075634,
        0.397638 -0.316989 0.073272,
        0.397638 -0.256625 0.067312,
        0.397638 -0.261245 0.057587,
        0.397638 -0.260678 0.057019,
        0.397638 -0.276576 0.131849,
        0.397638 -0.276387 0.120463,
        0.397638 -0.275257 0.131826,
        0.397638 -0.272769 0.120217,
        0.397638 -0.328718 0.094826,
        0.397638 -0.340353 0.097778,
        0.397638 -0.329889 0.092060,
        0.397638 -0.341653 0.094081,
        0.397638 -0.330602 0.089161,
        0.397638 -0.342475 0.090228,
        0.397638 -0.330848 0.086116,
        0.397638 -0.342793 0.086530,
        0.397638 -0.330841 0.085570,
        0.397638 -0.342803 0.085737,
        0.397638 -0.342554 0.081848,
        0.397638 -0.248302 0.096743,
        0.397638 -0.245611 0.096498,
        0.397638 -0.239807 0.106753,
        0.397638 -0.243076 0.095790,
        0.397638 -0.236630 0.105415,
        0.397638 -0.233428 0.103530,
        0.397638 -0.262724 0.061447,
        0.397638 -0.262553 0.060072,
        0.397638 -0.262063 0.058783,
        0.397638 -0.256056 0.067183,
        0.397638 -0.259428 0.056170,
        0.397638 -0.280966 0.131601,
        0.397638 -0.280424 0.120169,
        0.397638 -0.276938 0.120457,
        0.397638 -0.258257 0.067155,
        0.397638 -0.259563 0.066654,
        0.397638 -0.262696 0.062016,
        0.397638 -0.260737 0.065839,
        0.397638 -0.261668 0.064792,
        0.397638 -0.262360 0.063471,
        0.397638 -0.333223 0.108012,
        0.397638 -0.333884 0.107369,
        0.397638 -0.327105 0.097398,
        0.397638 -0.336446 0.104456,
        0.397638 -0.338605 0.101254,
        0.397638 -0.256841 0.067330,
        0.397638 -0.249893 0.121155,
        0.397638 -0.250769 0.121981,
        0.397638 -0.259742 0.114597,
        0.397638 -0.254379 0.124786,
        0.397638 -0.262723 0.116672,
        0.397638 -0.258244 0.127157,
        0.397638 -0.265924 0.118311,
        0.397638 -0.262322 0.129068,
        0.397638 -0.269288 0.119497,
        0.397638 -0.266552 0.130493,
        0.397638 -0.270881 0.131415,
        0.393701 -0.261965 0.088014,
        0.393701 -0.256082 0.077956,
        0.393701 -0.287393 0.074730,
        0.393701 -0.282648 0.063914,
        0.393701 -0.292915 0.045170,
        0.393701 -0.282648 0.062017,
        0.393701 -0.282805 0.059586,
        0.393701 -0.290343 0.046783,
        0.393701 -0.288223 0.048615,
        0.393701 -0.303602 0.069007,
        0.393701 -0.305263 0.068369,
        0.393701 -0.319463 0.068658,
        0.393701 -0.306756 0.067330,
        0.393701 -0.287497 0.118099,
        0.393701 -0.290729 0.116361,
        0.393701 -0.297299 0.125822,
        0.393701 -0.314918 0.048381,
        0.393701 -0.316909 0.050644,
        0.393701 -0.308635 0.064707,
        0.393701 -0.318490 0.053168,
        0.393701 -0.319652 0.055944,
        0.393701 -0.295688 0.057685,
        0.393701 -0.294846 0.059344,
        0.393701 -0.294443 0.061178,
        0.393701 -0.294508 0.063017,
        0.393701 -0.329720 0.079694,
        0.393701 -0.328412 0.076853,
        0.393701 -0.338896 0.070742,
        0.393701 -0.283459 0.056539,
        0.393701 -0.284607 0.053645,
        0.393701 -0.286214 0.050977,
        0.393701 -0.301815 0.054426,
        0.393701 -0.299999 0.054649,
        0.393701 -0.298580 0.043286,
        0.393701 -0.320243 0.103133,
        0.393701 -0.323484 0.114270,
        0.393701 -0.317349 0.104282,
        0.393701 -0.319785 0.115491,
        0.393701 -0.314302 0.104936,
        0.393701 -0.315971 0.116229,
        0.393701 -0.311872 0.105093,
        0.393701 -0.336750 0.067404,
        0.393701 -0.326790 0.074428,
        0.393701 -0.334833 0.065052,
        0.393701 -0.324657 0.072116,
        0.393701 -0.331948 0.062272,
        0.393701 -0.328807 0.059935,
        0.393701 -0.322201 0.070184,
        0.393701 -0.325425 0.058039,
        0.393701 -0.321796 0.056576,
        0.393701 -0.307700 0.066311,
        0.393701 -0.255005 0.109713,
        0.393701 -0.244288 0.114414,
        0.393701 -0.252991 0.106611,
        0.393701 -0.242183 0.110798,
        0.393701 -0.251424 0.103264,
        0.393701 -0.240521 0.106990,
        0.393701 -0.250338 0.099739,
        0.393701 -0.299348 0.124448,
        0.393701 -0.293677 0.114204,
        0.393701 -0.302360 0.122022,
        0.393701 -0.243076 0.095790,
        0.393701 -0.245611 0.096498,
        0.393701 -0.309138 0.062903,
        0.393701 -0.309176 0.061051,
        0.393701 -0.308772 0.059294,
        0.393701 -0.305110 0.119239,
        0.393701 -0.296306 0.111659,
        0.393701 -0.307697 0.116098,
        0.393701 -0.298559 0.108787,
        0.393701 -0.300399 0.105644,
        0.393701 -0.234456 0.076647,
        0.393701 -0.224646 0.070002,
        0.393701 -0.235618 0.074241,
        0.393701 -0.226490 0.066925,
        0.393701 -0.237206 0.072067,
        0.393701 -0.228756 0.064104,
        0.393701 -0.238066 0.071171,
        0.393701 -0.229844 0.062989,
        0.393701 -0.240198 0.069479,
        0.393701 -0.235159 0.088745,
        0.393701 -0.224073 0.092421,
        0.393701 -0.234124 0.086196,
        0.393701 -0.222822 0.089097,
        0.393701 -0.233581 0.083489,
        0.393701 -0.222041 0.085673,
        0.393701 -0.233500 0.081941,
        0.393701 -0.248302 0.096743,
        0.393701 -0.249820 0.096743,
        0.393701 -0.305265 0.055284,
        0.393701 -0.312844 0.046646,
        0.393701 -0.306772 0.056338,
        0.393701 -0.307973 0.057722,
        0.393701 -0.301815 0.069227,
        0.393701 -0.300641 0.081157,
        0.393701 -0.300530 0.069114,
        0.393701 -0.297751 0.080792,
        0.393701 -0.298741 0.068555,
        0.393701 -0.312062 0.116478,
        0.393701 -0.309880 0.116359,
        0.393701 -0.308915 0.104846,
        0.393701 -0.306028 0.104147,
        0.393701 -0.295681 0.043999,
        0.393701 -0.298348 0.055286,
        0.393701 -0.296895 0.056301,
        0.393701 -0.294776 0.079924,
        0.393701 -0.292013 0.078593,
        0.393701 -0.297170 0.067582,
        0.393701 -0.289537 0.076848,
        0.393701 -0.295896 0.066268,
        0.393701 -0.295009 0.064743,
        0.393701 -0.310285 0.079054,
        0.393701 -0.307526 0.080224,
        0.393701 -0.303181 0.102993,
        0.393701 -0.301815 0.102246,
        0.393701 -0.260678 0.057019,
        0.393701 -0.261245 0.057587,
        0.393701 -0.256625 0.067312,
        0.393701 -0.262063 0.058783,
        0.393701 -0.221735 0.082131,
        0.393701 -0.221786 0.080476,
        0.393701 -0.233746 0.079216,
        0.393701 -0.222263 0.076837,
        0.393701 -0.223226 0.073324,
        0.393701 -0.239807 0.106753,
        0.393701 -0.236630 0.105415,
        0.393701 -0.240690 0.094631,
        0.393701 -0.233428 0.103530,
        0.393701 -0.238524 0.093043,
        0.393701 -0.230515 0.101226,
        0.393701 -0.236646 0.091053,
        0.393701 -0.227956 0.098565,
        0.393701 -0.225785 0.095591,
        0.393701 -0.301625 0.043040,
        0.393701 -0.304243 0.043217,
        0.393701 -0.303514 0.054625,
        0.393701 -0.307307 0.043891,
        0.393701 -0.310199 0.045047,
        0.393701 -0.316989 0.073272,
        0.393701 -0.314961 0.075634,
        0.393701 -0.312607 0.077624,
        0.393701 -0.304646 0.080937,
        0.393701 -0.301625 0.081182,
        0.393701 -0.329889 0.092060,
        0.393701 -0.340353 0.097778,
        0.393701 -0.328718 0.094826,
        0.393701 -0.338605 0.101254,
        0.393701 -0.327105 0.097398,
        0.393701 -0.340593 0.074310,
        0.393701 -0.341816 0.078034,
        0.393701 -0.330538 0.082702,
        0.393701 -0.342554 0.081848,
        0.393701 -0.330841 0.085570,
        0.393701 -0.342803 0.085737,
        0.393701 -0.330848 0.086116,
        0.393701 -0.342793 0.086530,
        0.393701 -0.330602 0.089161,
        0.393701 -0.342475 0.090228,
        0.393701 -0.341653 0.094081,
        0.393701 -0.232665 0.060602,
        0.393701 -0.235736 0.058650,
        0.393701 -0.242617 0.068207,
        0.393701 -0.239011 0.057152,
        0.393701 -0.245246 0.067405,
        0.393701 -0.242444 0.056120,
        0.393701 -0.247163 0.067140,
        0.393701 -0.246024 0.055565,
        0.393701 -0.255702 0.067140,
        0.393701 -0.257220 0.055565,
        0.393701 -0.256056 0.067183,
        0.393701 -0.258167 0.055706,
        0.393701 -0.259428 0.056170,
        0.393701 -0.262553 0.060072,
        0.393701 -0.262724 0.061447,
        0.393701 -0.262696 0.062016,
        0.393701 -0.318617 0.070606,
        0.393701 -0.336446 0.104456,
        0.393701 -0.333884 0.107369,
        0.393701 -0.325274 0.099518,
        0.393701 -0.333223 0.108012,
        0.393701 -0.322911 0.101527,
        0.393701 -0.330339 0.110429,
        0.393701 -0.327020 0.112577,
        0.393701 -0.262360 0.063471,
        0.393701 -0.261668 0.064792,
        0.393701 -0.260737 0.065839,
        0.393701 -0.259563 0.066654,
        0.393701 -0.259742 0.114597,
        0.393701 -0.250769 0.121981,
        0.393701 -0.257417 0.112505,
        0.393701 -0.249893 0.121155,
        0.393701 -0.246865 0.117886,
        0.393701 -0.293417 0.127977,
        0.393701 -0.289387 0.129660,
        0.393701 -0.284045 0.119376,
        0.393701 -0.285231 0.130869,
        0.393701 -0.280424 0.120169,
        0.393701 -0.280966 0.131601,
        0.393701 -0.276938 0.120457,
        0.393701 -0.276576 0.131849,
        0.393701 -0.276387 0.120463,
        0.393701 -0.275257 0.131826,
        0.393701 -0.272769 0.120217,
        0.393701 -0.270881 0.131415,
        0.393701 -0.269288 0.119497,
        0.393701 -0.266552 0.130493,
        0.393701 -0.265924 0.118311,
        0.393701 -0.262322 0.129068,
        0.393701 -0.262723 0.116672,
        0.393701 -0.258244 0.127157,
        0.393701 -0.254379 0.124786,
        0.393701 -0.258257 0.067155,
        0.393701 -0.256841 0.067330,
      ]
    }
    coordIndex [
      41, 42, 20, -1,
      20, 42, 15, -1,
      15, 42, 5, -1,
      5, 42, 43, -1,
      5, 43, 24, -1,
      24, 43, 44, -1,
      44, 45, 24, -1,
      24, 45, 25, -1,
      45, 41, 25, -1,
      25, 41, 20, -1,
      45, 44, 41, -1,
      41, 44, 43, -1,
      41, 43, 42, -1,
      46, 47, 37, -1,
      37, 47, 38, -1,
      8, 48, 14, -1,
      14, 48, 49, -1,
      14, 49, 37, -1,
      37, 49, 46, -1,
      38, 47, 10, -1,
      10, 47, 50, -1,
      10, 50, 9, -1,
      9, 50, 51, -1,
      51, 48, 9, -1,
      9, 48, 8, -1,
      50, 47, 49, -1,
      49, 47, 46, -1,
      51, 50, 48, -1,
      48, 50, 49, -1,
      35, 52, 36, -1,
      36, 52, 53, -1,
      36, 53, 4, -1,
      4, 53, 54, -1,
      4, 54, 6, -1,
      6, 54, 55, -1,
      6, 55, 7, -1,
      7, 55, 56, -1,
      7, 56, 11, -1,
      11, 56, 57, -1,
      11, 57, 35, -1,
      35, 57, 52, -1,
      54, 53, 57, -1,
      57, 53, 52, -1,
      57, 56, 54, -1,
      54, 56, 55, -1,
      40, 58, 39, -1,
      39, 58, 59, -1,
      39, 59, 0, -1,
      0, 59, 60, -1,
      0, 60, 1, -1,
      1, 60, 61, -1,
      1, 61, 2, -1,
      2, 61, 62, -1,
      2, 62, 3, -1,
      3, 62, 63, -1,
      3, 63, 40, -1,
      40, 63, 58, -1,
      60, 59, 63, -1,
      63, 59, 58, -1,
      63, 62, 60, -1,
      60, 62, 61, -1,
      13, 64, 18, -1,
      18, 64, 65, -1,
      33, 66, 12, -1,
      12, 66, 67, -1,
      12, 67, 13, -1,
      13, 67, 64, -1,
      18, 65, 16, -1,
      16, 65, 68, -1,
      16, 68, 34, -1,
      34, 68, 69, -1,
      34, 69, 33, -1,
      33, 69, 66, -1,
      67, 66, 68, -1,
      68, 66, 69, -1,
      68, 65, 67, -1,
      67, 65, 64, -1,
      70, 71, 19, -1,
      19, 71, 21, -1,
      21, 71, 28, -1,
      28, 71, 72, -1,
      28, 72, 30, -1,
      30, 72, 73, -1,
      31, 74, 17, -1,
      17, 74, 75, -1,
      17, 75, 19, -1,
      19, 75, 70, -1,
      73, 74, 30, -1,
      30, 74, 31, -1,
      75, 74, 72, -1,
      72, 74, 73, -1,
      70, 75, 71, -1,
      71, 75, 72, -1,
      76, 77, 26, -1,
      26, 77, 23, -1,
      23, 77, 22, -1,
      22, 77, 78, -1,
      22, 78, 32, -1,
      32, 78, 79, -1,
      29, 80, 27, -1,
      27, 80, 81, -1,
      27, 81, 26, -1,
      26, 81, 76, -1,
      79, 80, 32, -1,
      32, 80, 29, -1,
      81, 80, 78, -1,
      78, 80, 79, -1,
      76, 81, 77, -1,
      77, 81, 78, -1,
      82, 83, 84, -1,
      84, 83, 85, -1,
      86, 82, 87, -1,
      87, 82, 84, -1,
      88, 86, 89, -1,
      89, 86, 87, -1,
      90, 88, 91, -1,
      91, 88, 89, -1,
      92, 90, 93, -1,
      93, 90, 91, -1,
      83, 92, 85, -1,
      85, 92, 93, -1,
      88, 90, 86, -1,
      86, 90, 92, -1,
      86, 92, 82, -1,
      82, 92, 83, -1,
      84, 85, 87, -1,
      87, 85, 93, -1,
      87, 93, 89, -1,
      89, 93, 91, -1,
      94, 95, 96, -1,
      94, 96, 97, -1,
      97, 96, 98, -1,
      97, 98, 99, -1,
      99, 98, 100, -1,
      99, 100, 101, -1,
      101, 100, 102, -1,
      101, 102, 103, -1,
      103, 102, 104, -1,
      103, 104, 105, -1,
      105, 104, 106, -1,
      105, 106, 107, -1,
      108, 107, 109, -1,
      109, 107, 106, -1,
      108, 109, 110, -1,
      108, 110, 111, -1,
      111, 110, 112, -1,
      111, 112, 113, -1,
      113, 112, 114, -1,
      113, 114, 115, -1,
      115, 114, 116, -1,
      115, 116, 117, -1,
      117, 116, 118, -1,
      117, 118, 119, -1,
      119, 118, 120, -1,
      119, 120, 121, -1,
      121, 120, 122, -1,
      121, 122, 123, -1,
      123, 122, 124, -1,
      123, 124, 125, -1,
      125, 124, 126, -1,
      125, 126, 127, -1,
      127, 126, 128, -1,
      127, 128, 129, -1,
      129, 128, 130, -1,
      129, 130, 131, -1,
      131, 130, 132, -1,
      131, 132, 133, -1,
      133, 132, 134, -1,
      133, 134, 135, -1,
      135, 134, 136, -1,
      135, 136, 137, -1,
      137, 136, 138, -1,
      137, 138, 139, -1,
      139, 138, 140, -1,
      139, 140, 141, -1,
      141, 140, 142, -1,
      141, 142, 143, -1,
      143, 142, 144, -1,
      143, 144, 145, -1,
      145, 144, 146, -1,
      145, 146, 147, -1,
      147, 146, 148, -1,
      147, 148, 149, -1,
      149, 148, 150, -1,
      149, 150, 151, -1,
      151, 150, 152, -1,
      151, 152, 153, -1,
      153, 152, 154, -1,
      153, 154, 155, -1,
      155, 154, 156, -1,
      155, 156, 157, -1,
      157, 156, 158, -1,
      157, 158, 159, -1,
      159, 158, 160, -1,
      159, 160, 161, -1,
      161, 160, 162, -1,
      161, 162, 163, -1,
      163, 162, 164, -1,
      163, 164, 165, -1,
      165, 164, 166, -1,
      165, 166, 167, -1,
      167, 166, 168, -1,
      167, 168, 169, -1,
      169, 168, 170, -1,
      169, 170, 171, -1,
      171, 170, 172, -1,
      171, 172, 173, -1,
      173, 172, 174, -1,
      173, 174, 175, -1,
      175, 174, 176, -1,
      175, 176, 177, -1,
      177, 176, 178, -1,
      177, 178, 179, -1,
      179, 178, 180, -1,
      179, 180, 181, -1,
      181, 180, 182, -1,
      181, 182, 183, -1,
      183, 182, 184, -1,
      183, 184, 185, -1,
      185, 184, 186, -1,
      185, 186, 187, -1,
      187, 186, 188, -1,
      187, 188, 189, -1,
      189, 188, 190, -1,
      189, 190, 191, -1,
      191, 190, 192, -1,
      191, 192, 193, -1,
      193, 192, 194, -1,
      193, 194, 195, -1,
      195, 194, 196, -1,
      195, 196, 197, -1,
      198, 197, 199, -1,
      199, 197, 196, -1,
      198, 199, 200, -1,
      198, 200, 201, -1,
      201, 200, 202, -1,
      201, 202, 203, -1,
      203, 202, 204, -1,
      203, 204, 205, -1,
      205, 204, 206, -1,
      205, 206, 207, -1,
      207, 206, 208, -1,
      207, 208, 209, -1,
      209, 208, 210, -1,
      209, 210, 211, -1,
      211, 210, 212, -1,
      211, 212, 213, -1,
      213, 212, 214, -1,
      213, 214, 215, -1,
      215, 214, 216, -1,
      215, 216, 217, -1,
      217, 216, 218, -1,
      217, 218, 219, -1,
      219, 218, 220, -1,
      219, 220, 221, -1,
      221, 220, 222, -1,
      221, 222, 223, -1,
      223, 222, 224, -1,
      223, 224, 225, -1,
      225, 224, 226, -1,
      225, 226, 227, -1,
      227, 226, 228, -1,
      227, 228, 229, -1,
      229, 228, 230, -1,
      229, 230, 231, -1,
      231, 230, 232, -1,
      231, 232, 233, -1,
      233, 232, 234, -1,
      233, 234, 235, -1,
      235, 234, 236, -1,
      235, 236, 237, -1,
      237, 236, 238, -1,
      237, 238, 239, -1,
      239, 238, 240, -1,
      239, 240, 241, -1,
      241, 240, 242, -1,
      241, 242, 243, -1,
      243, 242, 244, -1,
      243, 244, 245, -1,
      245, 244, 246, -1,
      245, 246, 247, -1,
      247, 246, 248, -1,
      247, 248, 249, -1,
      249, 248, 250, -1,
      249, 250, 251, -1,
      251, 250, 252, -1,
      251, 252, 253, -1,
      253, 252, 254, -1,
      253, 254, 255, -1,
      255, 254, 256, -1,
      255, 256, 257, -1,
      257, 256, 258, -1,
      257, 258, 259, -1,
      259, 258, 260, -1,
      259, 260, 261, -1,
      261, 260, 262, -1,
      261, 262, 263, -1,
      263, 262, 264, -1,
      263, 264, 265, -1,
      265, 264, 266, -1,
      265, 266, 267, -1,
      267, 266, 268, -1,
      267, 268, 269, -1,
      269, 268, 270, -1,
      269, 270, 271, -1,
      271, 270, 272, -1,
      271, 272, 273, -1,
      273, 272, 274, -1,
      273, 274, 275, -1,
      275, 274, 276, -1,
      275, 276, 277, -1,
      277, 276, 278, -1,
      277, 278, 279, -1,
      279, 278, 95, -1,
      279, 95, 94, -1,
      195, 197, 198, -1,
      139, 259, 261, -1,
      115, 103, 113, -1,
      113, 103, 105, -1,
      113, 105, 111, -1,
      111, 105, 107, -1,
      111, 107, 108, -1,
      139, 261, 137, -1,
      137, 261, 263, -1,
      137, 263, 135, -1,
      135, 263, 265, -1,
      135, 265, 133, -1,
      133, 265, 267, -1,
      133, 267, 131, -1,
      131, 267, 269, -1,
      131, 269, 129, -1,
      269, 271, 129, -1,
      129, 271, 273, -1,
      129, 273, 127, -1,
      127, 273, 275, -1,
      127, 275, 125, -1,
      125, 275, 277, -1,
      125, 277, 123, -1,
      123, 277, 279, -1,
      123, 279, 121, -1,
      121, 279, 94, -1,
      121, 94, 119, -1,
      119, 94, 97, -1,
      119, 97, 117, -1,
      117, 97, 99, -1,
      117, 99, 115, -1,
      115, 99, 101, -1,
      115, 101, 103, -1,
      171, 225, 169, -1,
      169, 225, 227, -1,
      169, 227, 167, -1,
      167, 227, 229, -1,
      167, 229, 165, -1,
      165, 229, 231, -1,
      165, 231, 163, -1,
      163, 231, 233, -1,
      163, 233, 161, -1,
      161, 233, 235, -1,
      161, 235, 159, -1,
      159, 235, 237, -1,
      159, 237, 157, -1,
      195, 198, 193, -1,
      193, 198, 201, -1,
      193, 201, 191, -1,
      191, 201, 203, -1,
      191, 203, 189, -1,
      189, 203, 205, -1,
      189, 205, 187, -1,
      187, 205, 207, -1,
      187, 207, 185, -1,
      185, 207, 209, -1,
      185, 209, 183, -1,
      183, 209, 211, -1,
      183, 211, 181, -1,
      181, 211, 213, -1,
      181, 213, 179, -1,
      179, 213, 215, -1,
      179, 215, 177, -1,
      177, 215, 217, -1,
      177, 217, 175, -1,
      175, 217, 219, -1,
      175, 219, 173, -1,
      173, 219, 221, -1,
      173, 221, 171, -1,
      171, 221, 223, -1,
      171, 223, 225, -1,
      259, 139, 257, -1,
      257, 139, 141, -1,
      257, 141, 255, -1,
      255, 141, 143, -1,
      255, 143, 253, -1,
      253, 143, 145, -1,
      253, 145, 251, -1,
      251, 145, 147, -1,
      251, 147, 249, -1,
      249, 147, 247, -1,
      247, 147, 149, -1,
      247, 149, 245, -1,
      237, 239, 157, -1,
      157, 239, 241, -1,
      157, 241, 155, -1,
      155, 241, 243, -1,
      155, 243, 153, -1,
      153, 243, 245, -1,
      153, 245, 151, -1,
      151, 245, 149, -1,
      110, 109, 106, -1,
      110, 106, 112, -1,
      126, 272, 128, -1,
      128, 272, 270, -1,
      128, 270, 130, -1,
      130, 270, 268, -1,
      130, 268, 132, -1,
      132, 268, 266, -1,
      132, 266, 134, -1,
      134, 266, 264, -1,
      134, 264, 136, -1,
      196, 194, 199, -1,
      199, 194, 192, -1,
      199, 192, 200, -1,
      200, 192, 190, -1,
      264, 262, 136, -1,
      136, 262, 260, -1,
      136, 260, 138, -1,
      138, 260, 258, -1,
      138, 258, 140, -1,
      140, 258, 256, -1,
      140, 256, 142, -1,
      142, 256, 254, -1,
      142, 254, 144, -1,
      106, 104, 112, -1,
      112, 104, 102, -1,
      112, 102, 114, -1,
      114, 102, 100, -1,
      114, 100, 116, -1,
      116, 100, 98, -1,
      116, 98, 118, -1,
      118, 98, 96, -1,
      118, 96, 120, -1,
      120, 96, 95, -1,
      120, 95, 122, -1,
      122, 95, 278, -1,
      122, 278, 124, -1,
      124, 278, 276, -1,
      124, 276, 126, -1,
      126, 276, 274, -1,
      126, 274, 272, -1,
      164, 228, 166, -1,
      166, 228, 226, -1,
      166, 226, 168, -1,
      168, 226, 224, -1,
      168, 224, 170, -1,
      170, 224, 222, -1,
      170, 222, 172, -1,
      172, 222, 220, -1,
      172, 220, 174, -1,
      174, 220, 218, -1,
      174, 218, 176, -1,
      176, 218, 216, -1,
      176, 216, 178, -1,
      178, 216, 214, -1,
      178, 214, 180, -1,
      180, 214, 212, -1,
      180, 212, 182, -1,
      182, 212, 210, -1,
      182, 210, 184, -1,
      184, 210, 208, -1,
      184, 208, 186, -1,
      186, 208, 206, -1,
      186, 206, 188, -1,
      188, 206, 204, -1,
      188, 204, 190, -1,
      190, 204, 202, -1,
      190, 202, 200, -1,
      244, 242, 154, -1,
      154, 242, 240, -1,
      154, 240, 156, -1,
      156, 240, 238, -1,
      156, 238, 158, -1,
      158, 238, 236, -1,
      158, 236, 160, -1,
      160, 236, 234, -1,
      160, 234, 162, -1,
      162, 234, 232, -1,
      162, 232, 164, -1,
      164, 232, 230, -1,
      164, 230, 228, -1,
      254, 252, 144, -1,
      144, 252, 250, -1,
      144, 250, 146, -1,
      146, 250, 248, -1,
      146, 248, 148, -1,
      148, 248, 246, -1,
      148, 246, 150, -1,
      150, 246, 244, -1,
      150, 244, 152, -1,
      152, 244, 154, -1,
      280, 281, 282, -1,
      282, 281, 283, -1,
      284, 280, 285, -1,
      285, 280, 282, -1,
      286, 284, 287, -1,
      287, 284, 285, -1,
      288, 286, 289, -1,
      289, 286, 287, -1,
      290, 288, 291, -1,
      291, 288, 289, -1,
      292, 290, 293, -1,
      293, 290, 291, -1,
      294, 292, 295, -1,
      295, 292, 293, -1,
      296, 294, 297, -1,
      297, 294, 295, -1,
      298, 296, 299, -1,
      299, 296, 297, -1,
      300, 298, 301, -1,
      301, 298, 299, -1,
      302, 300, 303, -1,
      303, 300, 301, -1,
      281, 302, 283, -1,
      283, 302, 303, -1,
      302, 281, 280, -1,
      280, 284, 302, -1,
      302, 284, 286, -1,
      302, 286, 300, -1,
      296, 298, 294, -1,
      294, 298, 300, -1,
      294, 300, 292, -1,
      292, 300, 286, -1,
      292, 286, 290, -1,
      290, 286, 288, -1,
      291, 289, 293, -1,
      293, 289, 287, -1,
      299, 297, 301, -1,
      301, 297, 295, -1,
      282, 283, 285, -1,
      285, 283, 303, -1,
      285, 303, 287, -1,
      287, 303, 301, -1,
      287, 301, 293, -1,
      293, 301, 295, -1,
      304, 305, 306, -1,
      306, 305, 307, -1,
      306, 307, 308, -1,
      308, 307, 309, -1,
      308, 309, 310, -1,
      310, 309, 311, -1,
      310, 311, 312, -1,
      312, 311, 313, -1,
      312, 313, 314, -1,
      314, 313, 315, -1,
      314, 315, 316, -1,
      316, 315, 317, -1,
      316, 317, 318, -1,
      318, 317, 319, -1,
      318, 319, 320, -1,
      321, 322, 323, -1,
      323, 322, 324, -1,
      323, 324, 325, -1,
      325, 324, 326, -1,
      325, 326, 327, -1,
      327, 326, 328, -1,
      327, 328, 329, -1,
      328, 330, 329, -1,
      329, 330, 331, -1,
      329, 331, 332, -1,
      332, 331, 333, -1,
      332, 333, 334, -1,
      334, 333, 335, -1,
      334, 335, 336, -1,
      336, 335, 337, -1,
      336, 337, 338, -1,
      338, 337, 339, -1,
      338, 339, 340, -1,
      340, 339, 341, -1,
      340, 341, 342, -1,
      342, 341, 343, -1,
      342, 343, 344, -1,
      344, 343, 345, -1,
      344, 345, 346, -1,
      346, 345, 347, -1,
      346, 347, 348, -1,
      348, 347, 349, -1,
      348, 349, 350, -1,
      350, 349, 351, -1,
      350, 351, 352, -1,
      352, 351, 353, -1,
      352, 353, 354, -1,
      354, 353, 355, -1,
      354, 355, 356, -1,
      356, 355, 357, -1,
      356, 357, 358, -1,
      358, 357, 359, -1,
      358, 359, 360, -1,
      360, 359, 361, -1,
      360, 361, 362, -1,
      362, 361, 363, -1,
      362, 363, 304, -1,
      304, 363, 364, -1,
      304, 364, 305, -1,
      319, 365, 320, -1,
      320, 365, 366, -1,
      320, 366, 367, -1,
      367, 366, 368, -1,
      367, 368, 369, -1,
      369, 368, 370, -1,
      369, 370, 371, -1,
      371, 370, 372, -1,
      371, 372, 373, -1,
      373, 372, 374, -1,
      373, 374, 375, -1,
      375, 374, 376, -1,
      375, 376, 321, -1,
      321, 376, 377, -1,
      321, 377, 322, -1,
      378, 379, 380, -1,
      380, 379, 381, -1,
      380, 381, 382, -1,
      382, 381, 383, -1,
      382, 383, 384, -1,
      384, 383, 385, -1,
      384, 385, 386, -1,
      386, 385, 387, -1,
      386, 387, 388, -1,
      388, 387, 389, -1,
      388, 389, 390, -1,
      391, 392, 393, -1,
      393, 392, 394, -1,
      393, 394, 395, -1,
      395, 394, 396, -1,
      395, 396, 397, -1,
      397, 396, 398, -1,
      397, 398, 399, -1,
      399, 398, 400, -1,
      399, 400, 401, -1,
      401, 400, 402, -1,
      401, 402, 403, -1,
      403, 402, 404, -1,
      403, 404, 405, -1,
      405, 404, 406, -1,
      405, 406, 407, -1,
      407, 406, 408, -1,
      407, 408, 409, -1,
      409, 408, 410, -1,
      409, 410, 411, -1,
      411, 410, 412, -1,
      411, 412, 413, -1,
      413, 412, 414, -1,
      413, 414, 415, -1,
      415, 414, 416, -1,
      415, 416, 417, -1,
      417, 416, 418, -1,
      417, 418, 419, -1,
      419, 418, 420, -1,
      419, 420, 378, -1,
      378, 420, 421, -1,
      378, 421, 379, -1,
      422, 423, 424, -1,
      424, 423, 425, -1,
      424, 425, 426, -1,
      426, 425, 427, -1,
      426, 427, 428, -1,
      428, 427, 429, -1,
      428, 429, 430, -1,
      430, 429, 431, -1,
      430, 431, 432, -1,
      432, 431, 433, -1,
      432, 433, 434, -1,
      434, 433, 435, -1,
      434, 435, 436, -1,
      436, 435, 437, -1,
      436, 437, 391, -1,
      391, 437, 438, -1,
      391, 438, 392, -1,
      389, 439, 390, -1,
      390, 439, 440, -1,
      390, 440, 441, -1,
      441, 440, 442, -1,
      441, 442, 443, -1,
      443, 442, 444, -1,
      443, 444, 445, -1,
      445, 444, 446, -1,
      445, 446, 447, -1,
      447, 446, 448, -1,
      447, 448, 449, -1,
      449, 448, 450, -1,
      449, 450, 422, -1,
      422, 450, 451, -1,
      422, 451, 423, -1,
      357, 355, 402, -1,
      402, 355, 404, -1,
      357, 402, 400, -1,
      357, 400, 359, -1,
      359, 400, 398, -1,
      359, 398, 361, -1,
      361, 398, 396, -1,
      361, 396, 363, -1,
      363, 396, 394, -1,
      363, 394, 364, -1,
      364, 394, 392, -1,
      364, 392, 305, -1,
      305, 392, 438, -1,
      305, 438, 307, -1,
      307, 438, 437, -1,
      307, 437, 309, -1,
      309, 437, 435, -1,
      309, 435, 311, -1,
      311, 435, 433, -1,
      311, 433, 313, -1,
      313, 433, 431, -1,
      313, 431, 315, -1,
      315, 431, 429, -1,
      315, 429, 317, -1,
      317, 429, 427, -1,
      317, 427, 319, -1,
      319, 427, 425, -1,
      319, 425, 365, -1,
      365, 425, 423, -1,
      365, 423, 366, -1,
      366, 423, 451, -1,
      366, 451, 368, -1,
      368, 451, 450, -1,
      368, 450, 370, -1,
      370, 450, 448, -1,
      370, 448, 372, -1,
      372, 448, 446, -1,
      372, 446, 374, -1,
      374, 446, 444, -1,
      374, 444, 376, -1,
      376, 444, 442, -1,
      376, 442, 377, -1,
      377, 442, 440, -1,
      377, 440, 322, -1,
      322, 440, 439, -1,
      322, 439, 324, -1,
      324, 439, 389, -1,
      324, 389, 326, -1,
      326, 389, 387, -1,
      326, 387, 328, -1,
      328, 387, 385, -1,
      328, 385, 330, -1,
      330, 385, 383, -1,
      330, 383, 331, -1,
      331, 383, 381, -1,
      331, 381, 333, -1,
      333, 381, 379, -1,
      333, 379, 335, -1,
      335, 379, 421, -1,
      335, 421, 337, -1,
      337, 421, 420, -1,
      337, 420, 339, -1,
      339, 420, 418, -1,
      339, 418, 341, -1,
      341, 418, 416, -1,
      341, 416, 343, -1,
      343, 416, 414, -1,
      343, 414, 345, -1,
      345, 414, 412, -1,
      345, 412, 347, -1,
      347, 412, 410, -1,
      347, 410, 349, -1,
      349, 410, 408, -1,
      349, 408, 351, -1,
      353, 351, 406, -1,
      406, 351, 408, -1,
      355, 353, 404, -1,
      404, 353, 406, -1,
      350, 352, 407, -1,
      407, 352, 405, -1,
      352, 354, 405, -1,
      405, 354, 403, -1,
      354, 356, 403, -1,
      403, 356, 401, -1,
      312, 432, 434, -1,
      312, 434, 310, -1,
      310, 434, 436, -1,
      310, 436, 308, -1,
      308, 436, 391, -1,
      308, 391, 306, -1,
      306, 391, 393, -1,
      306, 393, 304, -1,
      304, 393, 395, -1,
      304, 395, 362, -1,
      362, 395, 397, -1,
      362, 397, 360, -1,
      360, 397, 399, -1,
      360, 399, 358, -1,
      358, 399, 401, -1,
      358, 401, 356, -1,
      373, 445, 447, -1,
      373, 447, 371, -1,
      371, 447, 449, -1,
      371, 449, 369, -1,
      369, 449, 422, -1,
      369, 422, 367, -1,
      367, 422, 424, -1,
      367, 424, 320, -1,
      320, 424, 426, -1,
      320, 426, 318, -1,
      318, 426, 428, -1,
      318, 428, 316, -1,
      316, 428, 430, -1,
      316, 430, 314, -1,
      314, 430, 432, -1,
      314, 432, 312, -1,
      334, 380, 382, -1,
      334, 382, 332, -1,
      332, 382, 384, -1,
      332, 384, 329, -1,
      329, 384, 386, -1,
      329, 386, 327, -1,
      327, 386, 388, -1,
      327, 388, 325, -1,
      325, 388, 390, -1,
      325, 390, 323, -1,
      323, 390, 441, -1,
      323, 441, 321, -1,
      321, 441, 443, -1,
      321, 443, 375, -1,
      375, 443, 445, -1,
      375, 445, 373, -1,
      350, 407, 409, -1,
      350, 409, 348, -1,
      348, 409, 411, -1,
      348, 411, 346, -1,
      346, 411, 413, -1,
      346, 413, 344, -1,
      344, 413, 415, -1,
      344, 415, 342, -1,
      342, 415, 417, -1,
      342, 417, 340, -1,
      340, 417, 419, -1,
      340, 419, 338, -1,
      338, 419, 378, -1,
      338, 378, 336, -1,
      336, 378, 380, -1,
      336, 380, 334, -1,
      452, 453, 454, -1,
      454, 453, 455, -1,
      456, 457, 452, -1,
      452, 457, 458, -1,
      452, 458, 453, -1,
      453, 458, 459, -1,
      456, 460, 457, -1,
      457, 460, 461, -1,
      457, 461, 462, -1,
      462, 461, 463, -1,
      462, 463, 464, -1,
      464, 465, 462, -1,
      462, 465, 454, -1,
      462, 454, 466, -1,
      466, 454, 455, -1,
      466, 455, 467, -1,
      468, 469, 470, -1,
      469, 471, 470, -1,
      470, 471, 472, -1,
      470, 472, 473, -1,
      473, 472, 474, -1,
      473, 474, 475, -1,
      475, 476, 473, -1,
      473, 476, 477, -1,
      473, 477, 478, -1,
      479, 480, 481, -1,
      482, 478, 483, -1,
      483, 478, 477, -1,
      483, 477, 481, -1,
      481, 477, 468, -1,
      481, 468, 479, -1,
      479, 468, 470, -1,
      462, 466, 470, -1,
      470, 466, 479, -1,
      457, 462, 473, -1,
      473, 462, 470, -1,
      458, 457, 478, -1,
      478, 457, 473, -1,
      459, 458, 482, -1,
      482, 458, 478, -1,
      453, 459, 483, -1,
      483, 459, 482, -1,
      455, 453, 481, -1,
      481, 453, 483, -1,
      467, 455, 480, -1,
      480, 455, 481, -1,
      466, 467, 479, -1,
      479, 467, 480, -1,
      452, 454, 477, -1,
      477, 454, 468, -1,
      454, 465, 468, -1,
      468, 465, 469, -1,
      463, 472, 471, -1,
      463, 471, 464, -1,
      464, 471, 469, -1,
      464, 469, 465, -1,
      463, 461, 472, -1,
      472, 461, 474, -1,
      456, 476, 475, -1,
      456, 475, 460, -1,
      460, 475, 474, -1,
      460, 474, 461, -1,
      456, 452, 476, -1,
      476, 452, 477, -1,
      484, 485, 486, -1,
      486, 485, 487, -1,
      488, 484, 489, -1,
      489, 484, 486, -1,
      490, 488, 491, -1,
      491, 488, 489, -1,
      492, 490, 493, -1,
      493, 490, 491, -1,
      494, 492, 495, -1,
      495, 492, 493, -1,
      496, 494, 497, -1,
      497, 494, 495, -1,
      498, 496, 499, -1,
      499, 496, 497, -1,
      500, 498, 501, -1,
      501, 498, 499, -1,
      502, 500, 503, -1,
      503, 500, 501, -1,
      504, 502, 505, -1,
      505, 502, 503, -1,
      506, 504, 507, -1,
      507, 504, 505, -1,
      485, 506, 487, -1,
      487, 506, 507, -1,
      506, 485, 484, -1,
      484, 488, 506, -1,
      506, 488, 490, -1,
      506, 490, 504, -1,
      500, 502, 498, -1,
      498, 502, 504, -1,
      498, 504, 496, -1,
      496, 504, 490, -1,
      496, 490, 494, -1,
      494, 490, 492, -1,
      505, 503, 501, -1,
      501, 499, 505, -1,
      505, 499, 497, -1,
      505, 497, 507, -1,
      486, 487, 489, -1,
      489, 487, 507, -1,
      489, 507, 491, -1,
      491, 507, 497, -1,
      491, 497, 493, -1,
      493, 497, 495, -1,
      508, 509, 510, -1,
      510, 509, 511, -1,
      512, 513, 514, -1,
      515, 516, 517, -1,
      517, 516, 518, -1,
      514, 513, 519, -1,
      519, 513, 520, -1,
      519, 520, 521, -1,
      521, 520, 522, -1,
      521, 522, 523, -1,
      516, 524, 518, -1,
      518, 524, 525, -1,
      518, 525, 526, -1,
      523, 522, 527, -1,
      527, 522, 528, -1,
      527, 528, 529, -1,
      525, 530, 526, -1,
      526, 530, 531, -1,
      526, 531, 532, -1,
      532, 531, 533, -1,
      532, 533, 534, -1,
      515, 517, 535, -1,
      535, 517, 536, -1,
      535, 536, 537, -1,
      537, 536, 538, -1,
      537, 538, 539, -1,
      540, 541, 542, -1,
      543, 544, 545, -1,
      545, 544, 546, -1,
      545, 546, 541, -1,
      541, 546, 547, -1,
      541, 547, 542, -1,
      510, 548, 549, -1,
      549, 548, 550, -1,
      549, 550, 551, -1,
      552, 553, 554, -1,
      554, 553, 555, -1,
      554, 555, 556, -1,
      556, 555, 557, -1,
      556, 557, 558, -1,
      559, 560, 511, -1,
      511, 560, 561, -1,
      511, 561, 510, -1,
      510, 561, 562, -1,
      510, 562, 548, -1,
      529, 528, 563, -1,
      563, 528, 564, -1,
      563, 564, 565, -1,
      565, 564, 566, -1,
      565, 566, 567, -1,
      567, 566, 568, -1,
      567, 568, 569, -1,
      570, 571, 572, -1,
      572, 571, 539, -1,
      572, 539, 573, -1,
      573, 539, 538, -1,
      557, 574, 558, -1,
      558, 574, 575, -1,
      558, 575, 576, -1,
      576, 575, 577, -1,
      576, 577, 578, -1,
      578, 577, 551, -1,
      578, 551, 579, -1,
      579, 551, 550, -1,
      569, 568, 580, -1,
      580, 568, 581, -1,
      580, 581, 582, -1,
      583, 584, 585, -1,
      585, 584, 586, -1,
      585, 586, 587, -1,
      587, 586, 588, -1,
      587, 588, 589, -1,
      542, 590, 540, -1,
      540, 590, 591, -1,
      540, 591, 583, -1,
      583, 591, 592, -1,
      583, 592, 584, -1,
      533, 593, 534, -1,
      534, 593, 594, -1,
      534, 594, 595, -1,
      595, 594, 596, -1,
      595, 596, 597, -1,
      582, 571, 580, -1,
      580, 571, 570, -1,
      580, 570, 511, -1,
      511, 570, 598, -1,
      511, 598, 559, -1,
      514, 599, 512, -1,
      512, 599, 600, -1,
      512, 600, 601, -1,
      601, 600, 602, -1,
      601, 602, 603, -1,
      603, 602, 604, -1,
      603, 604, 605, -1,
      605, 604, 606, -1,
      605, 606, 607, -1,
      607, 606, 608, -1,
      607, 608, 609, -1,
      609, 608, 610, -1,
      609, 610, 611, -1,
      611, 610, 612, -1,
      611, 612, 613, -1,
      613, 612, 614, -1,
      613, 614, 615, -1,
      615, 614, 616, -1,
      615, 616, 617, -1,
      617, 616, 618, -1,
      617, 618, 619, -1,
      588, 620, 589, -1,
      589, 620, 621, -1,
      589, 621, 622, -1,
      622, 621, 623, -1,
      622, 623, 624, -1,
      624, 623, 625, -1,
      624, 625, 552, -1,
      552, 625, 626, -1,
      552, 626, 553, -1,
      596, 627, 597, -1,
      597, 627, 628, -1,
      597, 628, 543, -1,
      543, 628, 629, -1,
      543, 629, 544, -1,
      630, 631, 632, -1,
      633, 634, 635, -1,
      636, 637, 638, -1,
      633, 639, 634, -1,
      634, 639, 640, -1,
      634, 640, 641, -1,
      641, 640, 642, -1,
      641, 642, 643, -1,
      643, 642, 644, -1,
      643, 644, 645, -1,
      646, 647, 648, -1,
      648, 647, 649, -1,
      648, 649, 650, -1,
      650, 649, 651, -1,
      650, 651, 635, -1,
      635, 651, 652, -1,
      635, 652, 633, -1,
      653, 636, 654, -1,
      654, 636, 638, -1,
      654, 638, 655, -1,
      655, 638, 656, -1,
      657, 658, 659, -1,
      660, 661, 662, -1,
      662, 661, 663, -1,
      662, 663, 664, -1,
      659, 665, 657, -1,
      657, 665, 666, -1,
      657, 666, 667, -1,
      667, 666, 668, -1,
      667, 668, 669, -1,
      669, 668, 670, -1,
      669, 670, 671, -1,
      671, 670, 672, -1,
      671, 672, 673, -1,
      673, 672, 674, -1,
      675, 676, 658, -1,
      658, 676, 677, -1,
      658, 677, 659, -1,
      678, 679, 680, -1,
      680, 679, 638, -1,
      680, 638, 681, -1,
      681, 638, 637, -1,
      663, 682, 664, -1,
      664, 682, 683, -1,
      664, 683, 684, -1,
      685, 686, 660, -1,
      660, 686, 687, -1,
      660, 687, 661, -1,
      688, 689, 685, -1,
      685, 689, 690, -1,
      685, 690, 686, -1,
      644, 691, 645, -1,
      645, 691, 692, -1,
      645, 692, 693, -1,
      693, 692, 694, -1,
      693, 694, 695, -1,
      695, 694, 679, -1,
      695, 679, 696, -1,
      696, 679, 697, -1,
      697, 679, 678, -1,
      697, 678, 674, -1,
      674, 678, 698, -1,
      674, 698, 673, -1,
      699, 700, 701, -1,
      701, 700, 702, -1,
      701, 702, 675, -1,
      675, 702, 703, -1,
      675, 703, 676, -1,
      683, 704, 684, -1,
      684, 704, 705, -1,
      684, 705, 706, -1,
      706, 705, 707, -1,
      706, 707, 699, -1,
      699, 707, 708, -1,
      699, 708, 700, -1,
      630, 632, 709, -1,
      709, 632, 710, -1,
      709, 710, 711, -1,
      711, 710, 712, -1,
      711, 712, 713, -1,
      713, 712, 714, -1,
      713, 714, 715, -1,
      715, 714, 716, -1,
      715, 716, 717, -1,
      717, 716, 718, -1,
      717, 718, 719, -1,
      719, 718, 720, -1,
      719, 720, 721, -1,
      721, 720, 722, -1,
      721, 722, 646, -1,
      646, 722, 723, -1,
      646, 723, 647, -1,
      724, 725, 726, -1,
      726, 725, 727, -1,
      726, 727, 728, -1,
      728, 727, 729, -1,
      728, 729, 730, -1,
      730, 729, 731, -1,
      730, 731, 732, -1,
      733, 734, 735, -1,
      735, 734, 736, -1,
      735, 736, 737, -1,
      737, 736, 738, -1,
      737, 738, 688, -1,
      688, 738, 739, -1,
      688, 739, 689, -1,
      731, 740, 732, -1,
      732, 740, 741, -1,
      732, 741, 742, -1,
      742, 741, 743, -1,
      742, 743, 744, -1,
      744, 743, 745, -1,
      744, 745, 733, -1,
      733, 745, 746, -1,
      733, 746, 734, -1,
      726, 747, 724, -1,
      724, 747, 748, -1,
      724, 748, 749, -1,
      749, 748, 750, -1,
      749, 750, 654, -1,
      654, 750, 751, -1,
      654, 751, 653, -1,
      604, 722, 720, -1,
      604, 720, 606, -1,
      606, 720, 718, -1,
      606, 718, 608, -1,
      608, 718, 716, -1,
      608, 716, 610, -1,
      610, 716, 714, -1,
      610, 714, 612, -1,
      612, 714, 712, -1,
      612, 712, 614, -1,
      614, 712, 710, -1,
      614, 710, 616, -1,
      616, 710, 632, -1,
      616, 632, 618, -1,
      619, 618, 631, -1,
      631, 618, 632, -1,
      619, 631, 630, -1,
      619, 630, 617, -1,
      617, 630, 709, -1,
      617, 709, 615, -1,
      615, 709, 711, -1,
      615, 711, 613, -1,
      613, 711, 713, -1,
      613, 713, 611, -1,
      611, 713, 715, -1,
      611, 715, 609, -1,
      609, 715, 717, -1,
      609, 717, 607, -1,
      607, 717, 719, -1,
      607, 719, 605, -1,
      605, 719, 721, -1,
      605, 721, 603, -1,
      603, 721, 646, -1,
      603, 646, 601, -1,
      601, 646, 648, -1,
      601, 648, 512, -1,
      512, 648, 650, -1,
      512, 650, 513, -1,
      513, 650, 635, -1,
      513, 635, 520, -1,
      520, 635, 634, -1,
      520, 634, 522, -1,
      522, 634, 641, -1,
      522, 641, 528, -1,
      528, 641, 643, -1,
      528, 643, 564, -1,
      564, 643, 645, -1,
      564, 645, 566, -1,
      566, 645, 693, -1,
      566, 693, 568, -1,
      568, 693, 695, -1,
      568, 695, 581, -1,
      581, 695, 696, -1,
      581, 696, 582, -1,
      582, 696, 697, -1,
      582, 697, 571, -1,
      539, 571, 674, -1,
      674, 571, 697, -1,
      539, 674, 672, -1,
      539, 672, 537, -1,
      537, 672, 670, -1,
      537, 670, 535, -1,
      535, 670, 668, -1,
      535, 668, 515, -1,
      515, 668, 666, -1,
      515, 666, 516, -1,
      516, 666, 665, -1,
      516, 665, 524, -1,
      524, 665, 659, -1,
      524, 659, 525, -1,
      525, 659, 677, -1,
      525, 677, 530, -1,
      530, 677, 676, -1,
      530, 676, 531, -1,
      531, 676, 703, -1,
      531, 703, 533, -1,
      533, 703, 702, -1,
      533, 702, 593, -1,
      593, 702, 700, -1,
      593, 700, 594, -1,
      594, 700, 708, -1,
      594, 708, 596, -1,
      596, 708, 707, -1,
      596, 707, 627, -1,
      627, 707, 705, -1,
      627, 705, 628, -1,
      628, 705, 704, -1,
      628, 704, 629, -1,
      629, 704, 683, -1,
      629, 683, 544, -1,
      544, 683, 682, -1,
      544, 682, 546, -1,
      546, 682, 663, -1,
      546, 663, 547, -1,
      547, 663, 661, -1,
      547, 661, 542, -1,
      542, 661, 687, -1,
      542, 687, 590, -1,
      590, 687, 686, -1,
      590, 686, 591, -1,
      591, 686, 690, -1,
      591, 690, 592, -1,
      592, 690, 689, -1,
      592, 689, 584, -1,
      584, 689, 739, -1,
      584, 739, 586, -1,
      586, 739, 738, -1,
      586, 738, 588, -1,
      588, 738, 736, -1,
      588, 736, 620, -1,
      620, 736, 734, -1,
      620, 734, 621, -1,
      621, 734, 746, -1,
      621, 746, 623, -1,
      623, 746, 745, -1,
      623, 745, 625, -1,
      625, 745, 743, -1,
      625, 743, 626, -1,
      626, 743, 741, -1,
      626, 741, 553, -1,
      553, 741, 740, -1,
      553, 740, 555, -1,
      555, 740, 731, -1,
      555, 731, 557, -1,
      557, 731, 729, -1,
      557, 729, 574, -1,
      574, 729, 727, -1,
      574, 727, 575, -1,
      575, 727, 725, -1,
      575, 725, 577, -1,
      577, 725, 724, -1,
      577, 724, 551, -1,
      551, 724, 749, -1,
      551, 749, 549, -1,
      510, 549, 654, -1,
      654, 549, 749, -1,
      508, 510, 655, -1,
      655, 510, 654, -1,
      509, 508, 656, -1,
      656, 508, 655, -1,
      511, 509, 638, -1,
      638, 509, 656, -1,
      511, 638, 679, -1,
      511, 679, 580, -1,
      580, 679, 694, -1,
      580, 694, 569, -1,
      569, 694, 692, -1,
      569, 692, 567, -1,
      567, 692, 691, -1,
      567, 691, 565, -1,
      565, 691, 644, -1,
      565, 644, 563, -1,
      563, 644, 642, -1,
      563, 642, 529, -1,
      529, 642, 640, -1,
      529, 640, 527, -1,
      527, 640, 639, -1,
      527, 639, 523, -1,
      523, 639, 633, -1,
      523, 633, 521, -1,
      521, 633, 652, -1,
      521, 652, 519, -1,
      519, 652, 651, -1,
      519, 651, 514, -1,
      514, 651, 649, -1,
      514, 649, 599, -1,
      599, 649, 647, -1,
      599, 647, 600, -1,
      600, 647, 723, -1,
      600, 723, 602, -1,
      602, 723, 722, -1,
      602, 722, 604, -1,
      518, 657, 667, -1,
      518, 667, 517, -1,
      517, 667, 669, -1,
      517, 669, 536, -1,
      536, 669, 671, -1,
      536, 671, 538, -1,
      538, 671, 673, -1,
      538, 673, 573, -1,
      573, 673, 698, -1,
      573, 698, 572, -1,
      597, 706, 699, -1,
      597, 699, 595, -1,
      595, 699, 701, -1,
      595, 701, 534, -1,
      534, 701, 675, -1,
      534, 675, 532, -1,
      532, 675, 658, -1,
      532, 658, 526, -1,
      526, 658, 657, -1,
      526, 657, 518, -1,
      583, 685, 660, -1,
      583, 660, 540, -1,
      540, 660, 662, -1,
      540, 662, 541, -1,
      541, 662, 664, -1,
      541, 664, 545, -1,
      545, 664, 684, -1,
      545, 684, 543, -1,
      543, 684, 706, -1,
      543, 706, 597, -1,
      624, 744, 733, -1,
      624, 733, 622, -1,
      622, 733, 735, -1,
      622, 735, 589, -1,
      589, 735, 737, -1,
      589, 737, 587, -1,
      587, 737, 688, -1,
      587, 688, 585, -1,
      585, 688, 685, -1,
      585, 685, 583, -1,
      579, 748, 747, -1,
      579, 747, 578, -1,
      578, 747, 726, -1,
      578, 726, 576, -1,
      576, 726, 728, -1,
      576, 728, 558, -1,
      558, 728, 730, -1,
      558, 730, 556, -1,
      556, 730, 732, -1,
      556, 732, 554, -1,
      554, 732, 742, -1,
      554, 742, 552, -1,
      552, 742, 744, -1,
      552, 744, 624, -1,
      598, 680, 681, -1,
      598, 681, 559, -1,
      559, 681, 637, -1,
      559, 637, 560, -1,
      560, 637, 636, -1,
      560, 636, 561, -1,
      561, 636, 653, -1,
      561, 653, 562, -1,
      562, 653, 751, -1,
      562, 751, 548, -1,
      548, 751, 750, -1,
      548, 750, 550, -1,
      550, 750, 748, -1,
      550, 748, 579, -1,
      598, 570, 680, -1,
      680, 570, 678, -1,
      570, 572, 678, -1,
      678, 572, 698, -1,
      752, 753, 754, -1,
      752, 754, 755, -1,
      755, 754, 756, -1,
      755, 756, 757, -1,
      757, 756, 758, -1,
      757, 758, 759, -1,
      759, 758, 760, -1,
      759, 760, 761, -1,
      761, 760, 762, -1,
      761, 762, 763, -1,
      763, 762, 764, -1,
      763, 764, 765, -1,
      765, 764, 766, -1,
      765, 766, 767, -1,
      768, 767, 769, -1,
      769, 767, 766, -1,
      768, 769, 770, -1,
      768, 770, 771, -1,
      771, 770, 772, -1,
      771, 772, 773, -1,
      773, 772, 774, -1,
      773, 774, 775, -1,
      775, 774, 776, -1,
      775, 776, 777, -1,
      777, 776, 778, -1,
      777, 778, 779, -1,
      779, 778, 780, -1,
      779, 780, 781, -1,
      781, 780, 782, -1,
      781, 782, 783, -1,
      783, 782, 784, -1,
      783, 784, 785, -1,
      785, 784, 786, -1,
      785, 786, 787, -1,
      787, 786, 788, -1,
      787, 788, 789, -1,
      789, 788, 790, -1,
      789, 790, 791, -1,
      791, 790, 792, -1,
      791, 792, 793, -1,
      793, 792, 794, -1,
      793, 794, 795, -1,
      795, 794, 796, -1,
      795, 796, 797, -1,
      797, 796, 798, -1,
      797, 798, 799, -1,
      799, 798, 800, -1,
      799, 800, 801, -1,
      801, 800, 802, -1,
      801, 802, 803, -1,
      803, 802, 804, -1,
      803, 804, 805, -1,
      805, 804, 806, -1,
      805, 806, 807, -1,
      807, 806, 808, -1,
      807, 808, 809, -1,
      809, 808, 810, -1,
      809, 810, 811, -1,
      811, 810, 812, -1,
      811, 812, 813, -1,
      813, 812, 814, -1,
      813, 814, 815, -1,
      815, 814, 816, -1,
      815, 816, 817, -1,
      817, 816, 818, -1,
      817, 818, 819, -1,
      819, 818, 820, -1,
      819, 820, 821, -1,
      821, 820, 822, -1,
      821, 822, 823, -1,
      823, 822, 824, -1,
      823, 824, 825, -1,
      825, 824, 826, -1,
      825, 826, 827, -1,
      827, 826, 828, -1,
      827, 828, 829, -1,
      829, 828, 830, -1,
      829, 830, 831, -1,
      831, 830, 832, -1,
      831, 832, 833, -1,
      833, 832, 834, -1,
      833, 834, 835, -1,
      835, 834, 836, -1,
      835, 836, 837, -1,
      837, 836, 838, -1,
      837, 838, 839, -1,
      839, 838, 840, -1,
      839, 840, 841, -1,
      841, 840, 842, -1,
      841, 842, 843, -1,
      843, 842, 844, -1,
      843, 844, 845, -1,
      845, 844, 846, -1,
      845, 846, 847, -1,
      847, 846, 848, -1,
      847, 848, 849, -1,
      849, 848, 850, -1,
      849, 850, 851, -1,
      851, 850, 852, -1,
      851, 852, 853, -1,
      853, 852, 854, -1,
      853, 854, 855, -1,
      855, 854, 856, -1,
      855, 856, 857, -1,
      857, 856, 858, -1,
      857, 858, 859, -1,
      859, 858, 860, -1,
      859, 860, 861, -1,
      861, 860, 862, -1,
      861, 862, 863, -1,
      863, 862, 864, -1,
      863, 864, 865, -1,
      865, 864, 866, -1,
      865, 866, 867, -1,
      867, 866, 868, -1,
      867, 868, 869, -1,
      869, 868, 870, -1,
      869, 870, 871, -1,
      871, 870, 872, -1,
      871, 872, 873, -1,
      873, 872, 874, -1,
      873, 874, 875, -1,
      875, 874, 876, -1,
      875, 876, 877, -1,
      877, 876, 878, -1,
      877, 878, 879, -1,
      879, 878, 880, -1,
      879, 880, 881, -1,
      881, 880, 882, -1,
      881, 882, 883, -1,
      883, 882, 884, -1,
      883, 884, 885, -1,
      885, 884, 886, -1,
      885, 886, 887, -1,
      888, 887, 889, -1,
      889, 887, 886, -1,
      888, 889, 890, -1,
      888, 890, 891, -1,
      891, 890, 892, -1,
      891, 892, 893, -1,
      893, 892, 894, -1,
      893, 894, 895, -1,
      895, 894, 896, -1,
      895, 896, 897, -1,
      897, 896, 898, -1,
      897, 898, 899, -1,
      899, 898, 900, -1,
      899, 900, 901, -1,
      901, 900, 902, -1,
      901, 902, 903, -1,
      903, 902, 904, -1,
      903, 904, 905, -1,
      905, 904, 906, -1,
      905, 906, 907, -1,
      907, 906, 908, -1,
      907, 908, 909, -1,
      909, 908, 910, -1,
      909, 910, 911, -1,
      911, 910, 912, -1,
      911, 912, 913, -1,
      913, 912, 914, -1,
      913, 914, 915, -1,
      915, 914, 916, -1,
      915, 916, 917, -1,
      917, 916, 918, -1,
      917, 918, 919, -1,
      919, 918, 920, -1,
      919, 920, 921, -1,
      921, 920, 922, -1,
      921, 922, 923, -1,
      923, 922, 924, -1,
      923, 924, 925, -1,
      925, 924, 926, -1,
      925, 926, 927, -1,
      927, 926, 928, -1,
      927, 928, 929, -1,
      929, 928, 930, -1,
      929, 930, 931, -1,
      931, 930, 932, -1,
      931, 932, 933, -1,
      933, 932, 934, -1,
      933, 934, 935, -1,
      935, 934, 936, -1,
      935, 936, 937, -1,
      937, 936, 938, -1,
      937, 938, 939, -1,
      939, 938, 940, -1,
      939, 940, 941, -1,
      941, 940, 942, -1,
      941, 942, 943, -1,
      943, 942, 944, -1,
      943, 944, 945, -1,
      945, 944, 946, -1,
      945, 946, 947, -1,
      947, 946, 948, -1,
      947, 948, 949, -1,
      949, 948, 950, -1,
      949, 950, 951, -1,
      951, 950, 952, -1,
      951, 952, 953, -1,
      953, 952, 954, -1,
      953, 954, 955, -1,
      955, 954, 956, -1,
      955, 956, 957, -1,
      957, 956, 958, -1,
      957, 958, 959, -1,
      959, 958, 960, -1,
      959, 960, 961, -1,
      961, 960, 962, -1,
      961, 962, 963, -1,
      963, 962, 964, -1,
      963, 964, 965, -1,
      965, 964, 966, -1,
      965, 966, 967, -1,
      967, 966, 968, -1,
      967, 968, 969, -1,
      969, 968, 970, -1,
      969, 970, 971, -1,
      971, 970, 972, -1,
      971, 972, 973, -1,
      973, 972, 974, -1,
      973, 974, 975, -1,
      975, 974, 976, -1,
      975, 976, 977, -1,
      977, 976, 978, -1,
      977, 978, 979, -1,
      979, 978, 980, -1,
      979, 980, 981, -1,
      981, 980, 982, -1,
      981, 982, 983, -1,
      983, 982, 984, -1,
      983, 984, 985, -1,
      985, 984, 986, -1,
      985, 986, 987, -1,
      987, 986, 753, -1,
      987, 753, 752, -1,
      765, 767, 768, -1,
      885, 887, 888, -1,
      795, 797, 977, -1,
      977, 797, 975, -1,
      797, 799, 975, -1,
      975, 799, 801, -1,
      975, 801, 973, -1,
      973, 801, 803, -1,
      973, 803, 971, -1,
      859, 919, 857, -1,
      857, 919, 921, -1,
      857, 921, 855, -1,
      861, 915, 859, -1,
      859, 915, 917, -1,
      859, 917, 919, -1,
      819, 963, 817, -1,
      817, 963, 965, -1,
      935, 847, 849, -1,
      795, 977, 793, -1,
      793, 977, 979, -1,
      793, 979, 791, -1,
      791, 979, 981, -1,
      791, 981, 789, -1,
      789, 981, 983, -1,
      789, 983, 787, -1,
      787, 983, 985, -1,
      787, 985, 785, -1,
      921, 923, 855, -1,
      855, 923, 925, -1,
      855, 925, 853, -1,
      935, 937, 847, -1,
      847, 937, 939, -1,
      847, 939, 845, -1,
      845, 939, 941, -1,
      845, 941, 843, -1,
      843, 941, 943, -1,
      843, 943, 841, -1,
      841, 943, 945, -1,
      841, 945, 839, -1,
      969, 811, 967, -1,
      967, 811, 813, -1,
      967, 813, 965, -1,
      965, 813, 815, -1,
      965, 815, 817, -1,
      803, 805, 971, -1,
      971, 805, 807, -1,
      971, 807, 969, -1,
      969, 807, 809, -1,
      969, 809, 811, -1,
      925, 927, 853, -1,
      853, 927, 929, -1,
      853, 929, 851, -1,
      851, 929, 931, -1,
      851, 931, 849, -1,
      849, 931, 933, -1,
      849, 933, 935, -1,
      819, 821, 963, -1,
      963, 821, 823, -1,
      963, 823, 961, -1,
      961, 823, 825, -1,
      961, 825, 959, -1,
      959, 825, 827, -1,
      959, 827, 957, -1,
      957, 827, 829, -1,
      957, 829, 955, -1,
      955, 829, 831, -1,
      955, 831, 953, -1,
      785, 985, 783, -1,
      783, 985, 987, -1,
      783, 987, 781, -1,
      781, 987, 752, -1,
      781, 752, 779, -1,
      779, 752, 755, -1,
      779, 755, 777, -1,
      777, 755, 757, -1,
      777, 757, 775, -1,
      775, 757, 759, -1,
      775, 759, 773, -1,
      773, 759, 761, -1,
      773, 761, 771, -1,
      771, 761, 768, -1,
      768, 761, 763, -1,
      768, 763, 765, -1,
      945, 947, 839, -1,
      839, 947, 949, -1,
      839, 949, 837, -1,
      837, 949, 951, -1,
      837, 951, 835, -1,
      835, 951, 953, -1,
      835, 953, 833, -1,
      833, 953, 831, -1,
      885, 888, 883, -1,
      883, 888, 891, -1,
      883, 891, 881, -1,
      881, 891, 893, -1,
      881, 893, 879, -1,
      879, 893, 895, -1,
      879, 895, 877, -1,
      877, 895, 897, -1,
      877, 897, 875, -1,
      875, 897, 899, -1,
      875, 899, 873, -1,
      873, 899, 901, -1,
      873, 901, 871, -1,
      871, 901, 903, -1,
      871, 903, 869, -1,
      869, 903, 905, -1,
      869, 905, 867, -1,
      867, 905, 907, -1,
      867, 907, 865, -1,
      865, 907, 909, -1,
      865, 909, 863, -1,
      863, 909, 911, -1,
      863, 911, 861, -1,
      861, 911, 913, -1,
      861, 913, 915, -1,
      974, 796, 976, -1,
      976, 796, 794, -1,
      976, 794, 978, -1,
      978, 794, 792, -1,
      978, 792, 980, -1,
      980, 792, 790, -1,
      980, 790, 982, -1,
      938, 846, 844, -1,
      972, 800, 974, -1,
      974, 800, 798, -1,
      974, 798, 796, -1,
      966, 964, 814, -1,
      858, 856, 918, -1,
      814, 964, 816, -1,
      816, 964, 962, -1,
      816, 962, 818, -1,
      960, 822, 962, -1,
      962, 822, 820, -1,
      962, 820, 818, -1,
      938, 936, 846, -1,
      846, 936, 934, -1,
      846, 934, 848, -1,
      848, 934, 932, -1,
      848, 932, 850, -1,
      852, 924, 854, -1,
      854, 924, 922, -1,
      854, 922, 856, -1,
      856, 922, 920, -1,
      856, 920, 918, -1,
      932, 930, 850, -1,
      850, 930, 928, -1,
      850, 928, 852, -1,
      852, 928, 926, -1,
      852, 926, 924, -1,
      968, 806, 970, -1,
      970, 806, 804, -1,
      970, 804, 972, -1,
      972, 804, 802, -1,
      972, 802, 800, -1,
      814, 812, 966, -1,
      966, 812, 810, -1,
      966, 810, 968, -1,
      968, 810, 808, -1,
      968, 808, 806, -1,
      790, 788, 982, -1,
      982, 788, 786, -1,
      982, 786, 984, -1,
      984, 786, 784, -1,
      984, 784, 986, -1,
      986, 784, 782, -1,
      986, 782, 753, -1,
      753, 782, 780, -1,
      753, 780, 754, -1,
      754, 780, 778, -1,
      754, 778, 756, -1,
      756, 778, 776, -1,
      756, 776, 758, -1,
      886, 884, 889, -1,
      889, 884, 882, -1,
      889, 882, 890, -1,
      890, 882, 880, -1,
      776, 774, 758, -1,
      758, 774, 772, -1,
      758, 772, 760, -1,
      760, 772, 770, -1,
      760, 770, 762, -1,
      762, 770, 769, -1,
      762, 769, 764, -1,
      764, 769, 766, -1,
      952, 950, 836, -1,
      836, 950, 948, -1,
      836, 948, 838, -1,
      838, 948, 946, -1,
      838, 946, 840, -1,
      840, 946, 944, -1,
      840, 944, 842, -1,
      842, 944, 942, -1,
      842, 942, 844, -1,
      844, 942, 940, -1,
      844, 940, 938, -1,
      918, 916, 858, -1,
      858, 916, 914, -1,
      858, 914, 860, -1,
      860, 914, 912, -1,
      860, 912, 862, -1,
      862, 912, 910, -1,
      862, 910, 864, -1,
      864, 910, 908, -1,
      864, 908, 866, -1,
      866, 908, 906, -1,
      866, 906, 868, -1,
      868, 906, 904, -1,
      868, 904, 870, -1,
      870, 904, 902, -1,
      870, 902, 872, -1,
      872, 902, 900, -1,
      872, 900, 874, -1,
      874, 900, 898, -1,
      874, 898, 876, -1,
      876, 898, 896, -1,
      876, 896, 878, -1,
      878, 896, 894, -1,
      878, 894, 880, -1,
      880, 894, 892, -1,
      880, 892, 890, -1,
      836, 834, 952, -1,
      952, 834, 832, -1,
      952, 832, 954, -1,
      954, 832, 830, -1,
      954, 830, 956, -1,
      956, 830, 828, -1,
      956, 828, 958, -1,
      958, 828, 826, -1,
      958, 826, 960, -1,
      960, 826, 824, -1,
      960, 824, 822, -1,
      988, 989, 990, -1,
      990, 989, 991, -1,
      992, 988, 993, -1,
      993, 988, 990, -1,
      992, 993, 994, -1,
      992, 994, 995, -1,
      995, 994, 996, -1,
      995, 996, 997, -1,
      998, 997, 999, -1,
      999, 997, 996, -1,
      1000, 998, 1001, -1,
      1001, 998, 999, -1,
      1002, 1000, 1003, -1,
      1003, 1000, 1001, -1,
      1004, 1002, 1005, -1,
      1005, 1002, 1003, -1,
      1006, 1004, 1007, -1,
      1007, 1004, 1005, -1,
      1008, 1006, 1009, -1,
      1009, 1006, 1007, -1,
      1008, 1009, 1010, -1,
      1008, 1010, 1011, -1,
      1011, 1010, 1012, -1,
      1011, 1012, 1013, -1,
      1013, 1012, 1014, -1,
      1013, 1014, 1015, -1,
      1015, 1014, 1016, -1,
      1015, 1016, 1017, -1,
      1017, 1016, 1018, -1,
      1017, 1018, 1019, -1,
      1019, 1018, 1020, -1,
      1019, 1020, 1021, -1,
      1021, 1020, 1022, -1,
      1021, 1022, 1023, -1,
      1023, 1022, 1024, -1,
      1023, 1024, 1025, -1,
      1025, 1024, 1026, -1,
      1025, 1026, 1027, -1,
      1027, 1026, 1028, -1,
      1027, 1028, 1029, -1,
      1030, 1029, 1031, -1,
      1031, 1029, 1028, -1,
      1030, 1031, 1032, -1,
      1030, 1032, 1033, -1,
      1033, 1032, 1034, -1,
      1033, 1034, 1035, -1,
      1035, 1034, 1036, -1,
      1035, 1036, 1037, -1,
      1037, 1036, 1038, -1,
      1037, 1038, 1039, -1,
      1039, 1038, 1040, -1,
      1039, 1040, 1041, -1,
      1041, 1040, 1042, -1,
      1041, 1042, 1043, -1,
      1043, 1042, 1044, -1,
      1043, 1044, 1045, -1,
      1045, 1044, 1046, -1,
      1045, 1046, 1047, -1,
      1047, 1046, 1048, -1,
      1047, 1048, 1049, -1,
      1049, 1048, 1050, -1,
      1049, 1050, 1051, -1,
      1051, 1050, 1052, -1,
      1051, 1052, 1053, -1,
      1053, 1052, 1054, -1,
      1053, 1054, 1055, -1,
      1055, 1054, 1056, -1,
      1055, 1056, 1057, -1,
      1057, 1056, 1058, -1,
      1057, 1058, 1059, -1,
      989, 1059, 991, -1,
      991, 1059, 1058, -1,
      995, 997, 1059, -1,
      989, 988, 1059, -1,
      1059, 988, 992, -1,
      1059, 992, 995, -1,
      1002, 1004, 1000, -1,
      1000, 1004, 1006, -1,
      1000, 1006, 998, -1,
      1013, 1015, 1047, -1,
      1047, 1015, 1045, -1,
      1045, 1015, 1017, -1,
      1045, 1017, 1043, -1,
      1043, 1017, 1019, -1,
      1043, 1019, 1041, -1,
      1041, 1019, 1039, -1,
      1039, 1019, 1021, -1,
      1039, 1021, 1037, -1,
      1037, 1021, 1023, -1,
      1037, 1023, 1035, -1,
      1047, 1049, 1013, -1,
      1013, 1049, 1051, -1,
      1013, 1051, 1011, -1,
      1011, 1051, 1053, -1,
      1011, 1053, 1008, -1,
      1035, 1023, 1033, -1,
      1033, 1023, 1025, -1,
      1033, 1025, 1030, -1,
      1030, 1025, 1027, -1,
      1030, 1027, 1029, -1,
      1053, 1055, 1008, -1,
      1008, 1055, 1057, -1,
      1008, 1057, 1006, -1,
      1006, 1057, 1059, -1,
      1006, 1059, 998, -1,
      998, 1059, 997, -1,
      1020, 1018, 1040, -1,
      1007, 1005, 1003, -1,
      990, 991, 993, -1,
      993, 991, 1058, -1,
      1040, 1018, 1042, -1,
      1042, 1018, 1016, -1,
      1042, 1016, 1044, -1,
      1040, 1038, 1020, -1,
      1020, 1038, 1036, -1,
      1020, 1036, 1022, -1,
      1022, 1036, 1034, -1,
      1022, 1034, 1024, -1,
      1024, 1034, 1032, -1,
      1024, 1032, 1026, -1,
      1026, 1032, 1031, -1,
      1026, 1031, 1028, -1,
      1044, 1016, 1046, -1,
      1046, 1016, 1014, -1,
      1046, 1014, 1048, -1,
      1048, 1014, 1012, -1,
      1048, 1012, 1050, -1,
      1050, 1012, 1010, -1,
      1050, 1010, 1052, -1,
      1052, 1010, 1054, -1,
      1054, 1010, 1009, -1,
      1054, 1009, 1056, -1,
      999, 996, 1058, -1,
      1058, 996, 994, -1,
      1058, 994, 993, -1,
      1003, 1001, 1007, -1,
      1007, 1001, 999, -1,
      1007, 999, 1009, -1,
      1009, 999, 1058, -1,
      1009, 1058, 1056, -1,
      1060, 1061, 1062, -1,
      1062, 1061, 1063, -1,
      1064, 1060, 1065, -1,
      1065, 1060, 1062, -1,
      1066, 1064, 1067, -1,
      1067, 1064, 1065, -1,
      1068, 1066, 1069, -1,
      1069, 1066, 1067, -1,
      1070, 1068, 1071, -1,
      1071, 1068, 1069, -1,
      1072, 1070, 1073, -1,
      1073, 1070, 1071, -1,
      1074, 1072, 1075, -1,
      1075, 1072, 1073, -1,
      1076, 1074, 1077, -1,
      1077, 1074, 1075, -1,
      1078, 1076, 1079, -1,
      1079, 1076, 1077, -1,
      1080, 1078, 1081, -1,
      1081, 1078, 1079, -1,
      1082, 1080, 1083, -1,
      1083, 1080, 1081, -1,
      1061, 1082, 1063, -1,
      1063, 1082, 1083, -1,
      1082, 1061, 1060, -1,
      1060, 1064, 1082, -1,
      1082, 1064, 1066, -1,
      1082, 1066, 1080, -1,
      1076, 1078, 1074, -1,
      1074, 1078, 1080, -1,
      1074, 1080, 1072, -1,
      1072, 1080, 1066, -1,
      1072, 1066, 1070, -1,
      1070, 1066, 1068, -1,
      1079, 1077, 1081, -1,
      1081, 1077, 1075, -1,
      1071, 1069, 1073, -1,
      1073, 1069, 1067, -1,
      1062, 1063, 1065, -1,
      1065, 1063, 1083, -1,
      1065, 1083, 1067, -1,
      1067, 1083, 1081, -1,
      1067, 1081, 1073, -1,
      1073, 1081, 1075, -1,
      1084, 1085, 1086, -1,
      1086, 1085, 1087, -1,
      1086, 1087, 1088, -1,
      1088, 1087, 1089, -1,
      1088, 1089, 1090, -1,
      1090, 1089, 1091, -1,
      1090, 1091, 1092, -1,
      1092, 1091, 1093, -1,
      1092, 1093, 1094, -1,
      1094, 1093, 1095, -1,
      1094, 1095, 1096, -1,
      1096, 1095, 1097, -1,
      1096, 1097, 1098, -1,
      1098, 1097, 1099, -1,
      1098, 1099, 1100, -1,
      1101, 1102, 1103, -1,
      1103, 1102, 1104, -1,
      1103, 1104, 1105, -1,
      1105, 1104, 1106, -1,
      1105, 1106, 1107, -1,
      1107, 1106, 1108, -1,
      1107, 1108, 1109, -1,
      1108, 1110, 1109, -1,
      1109, 1110, 1111, -1,
      1109, 1111, 1112, -1,
      1112, 1111, 1113, -1,
      1112, 1113, 1114, -1,
      1114, 1113, 1115, -1,
      1114, 1115, 1116, -1,
      1116, 1115, 1117, -1,
      1116, 1117, 1118, -1,
      1118, 1117, 1119, -1,
      1118, 1119, 1120, -1,
      1120, 1119, 1121, -1,
      1120, 1121, 1122, -1,
      1122, 1121, 1123, -1,
      1122, 1123, 1124, -1,
      1124, 1123, 1125, -1,
      1124, 1125, 1126, -1,
      1126, 1125, 1127, -1,
      1126, 1127, 1128, -1,
      1128, 1127, 1129, -1,
      1128, 1129, 1130, -1,
      1130, 1129, 1131, -1,
      1130, 1131, 1132, -1,
      1132, 1131, 1133, -1,
      1132, 1133, 1134, -1,
      1134, 1133, 1135, -1,
      1134, 1135, 1136, -1,
      1136, 1135, 1137, -1,
      1136, 1137, 1138, -1,
      1138, 1137, 1139, -1,
      1138, 1139, 1140, -1,
      1140, 1139, 1141, -1,
      1140, 1141, 1142, -1,
      1142, 1141, 1143, -1,
      1142, 1143, 1084, -1,
      1084, 1143, 1144, -1,
      1084, 1144, 1085, -1,
      1099, 1145, 1100, -1,
      1100, 1145, 1146, -1,
      1100, 1146, 1147, -1,
      1147, 1146, 1148, -1,
      1147, 1148, 1149, -1,
      1149, 1148, 1150, -1,
      1149, 1150, 1151, -1,
      1151, 1150, 1152, -1,
      1151, 1152, 1153, -1,
      1153, 1152, 1154, -1,
      1153, 1154, 1155, -1,
      1155, 1154, 1156, -1,
      1155, 1156, 1101, -1,
      1101, 1156, 1157, -1,
      1101, 1157, 1102, -1,
      1158, 1159, 1160, -1,
      1160, 1159, 1161, -1,
      1160, 1161, 1162, -1,
      1162, 1161, 1163, -1,
      1162, 1163, 1164, -1,
      1164, 1163, 1165, -1,
      1164, 1165, 1166, -1,
      1166, 1165, 1167, -1,
      1166, 1167, 1168, -1,
      1168, 1167, 1169, -1,
      1168, 1169, 1170, -1,
      1171, 1172, 1173, -1,
      1173, 1172, 1174, -1,
      1173, 1174, 1175, -1,
      1175, 1174, 1176, -1,
      1175, 1176, 1177, -1,
      1177, 1176, 1178, -1,
      1177, 1178, 1179, -1,
      1179, 1178, 1180, -1,
      1179, 1180, 1181, -1,
      1181, 1180, 1182, -1,
      1181, 1182, 1183, -1,
      1183, 1182, 1184, -1,
      1183, 1184, 1185, -1,
      1185, 1184, 1186, -1,
      1185, 1186, 1187, -1,
      1187, 1186, 1188, -1,
      1187, 1188, 1189, -1,
      1189, 1188, 1190, -1,
      1189, 1190, 1191, -1,
      1191, 1190, 1192, -1,
      1191, 1192, 1193, -1,
      1193, 1192, 1194, -1,
      1193, 1194, 1195, -1,
      1195, 1194, 1196, -1,
      1195, 1196, 1197, -1,
      1197, 1196, 1198, -1,
      1197, 1198, 1199, -1,
      1199, 1198, 1200, -1,
      1199, 1200, 1158, -1,
      1158, 1200, 1201, -1,
      1158, 1201, 1159, -1,
      1202, 1203, 1204, -1,
      1204, 1203, 1205, -1,
      1204, 1205, 1206, -1,
      1206, 1205, 1207, -1,
      1206, 1207, 1208, -1,
      1208, 1207, 1209, -1,
      1208, 1209, 1210, -1,
      1210, 1209, 1211, -1,
      1210, 1211, 1212, -1,
      1212, 1211, 1213, -1,
      1212, 1213, 1214, -1,
      1214, 1213, 1215, -1,
      1214, 1215, 1216, -1,
      1216, 1215, 1217, -1,
      1216, 1217, 1171, -1,
      1171, 1217, 1218, -1,
      1171, 1218, 1172, -1,
      1169, 1219, 1170, -1,
      1170, 1219, 1220, -1,
      1170, 1220, 1221, -1,
      1221, 1220, 1222, -1,
      1221, 1222, 1223, -1,
      1223, 1222, 1224, -1,
      1223, 1224, 1225, -1,
      1225, 1224, 1226, -1,
      1225, 1226, 1227, -1,
      1227, 1226, 1228, -1,
      1227, 1228, 1229, -1,
      1229, 1228, 1230, -1,
      1229, 1230, 1202, -1,
      1202, 1230, 1231, -1,
      1202, 1231, 1203, -1,
      1137, 1135, 1182, -1,
      1182, 1135, 1184, -1,
      1137, 1182, 1180, -1,
      1137, 1180, 1139, -1,
      1139, 1180, 1178, -1,
      1139, 1178, 1141, -1,
      1141, 1178, 1176, -1,
      1141, 1176, 1143, -1,
      1143, 1176, 1174, -1,
      1143, 1174, 1144, -1,
      1144, 1174, 1172, -1,
      1144, 1172, 1085, -1,
      1085, 1172, 1218, -1,
      1085, 1218, 1087, -1,
      1087, 1218, 1217, -1,
      1087, 1217, 1089, -1,
      1089, 1217, 1215, -1,
      1089, 1215, 1091, -1,
      1091, 1215, 1213, -1,
      1091, 1213, 1093, -1,
      1093, 1213, 1211, -1,
      1093, 1211, 1095, -1,
      1095, 1211, 1209, -1,
      1095, 1209, 1097, -1,
      1097, 1209, 1207, -1,
      1097, 1207, 1099, -1,
      1099, 1207, 1205, -1,
      1099, 1205, 1145, -1,
      1145, 1205, 1203, -1,
      1145, 1203, 1146, -1,
      1146, 1203, 1231, -1,
      1146, 1231, 1148, -1,
      1148, 1231, 1230, -1,
      1148, 1230, 1150, -1,
      1150, 1230, 1228, -1,
      1150, 1228, 1152, -1,
      1152, 1228, 1226, -1,
      1152, 1226, 1154, -1,
      1154, 1226, 1224, -1,
      1154, 1224, 1156, -1,
      1156, 1224, 1222, -1,
      1156, 1222, 1157, -1,
      1157, 1222, 1220, -1,
      1157, 1220, 1102, -1,
      1102, 1220, 1219, -1,
      1102, 1219, 1104, -1,
      1104, 1219, 1169, -1,
      1104, 1169, 1106, -1,
      1106, 1169, 1167, -1,
      1106, 1167, 1108, -1,
      1108, 1167, 1165, -1,
      1108, 1165, 1110, -1,
      1110, 1165, 1163, -1,
      1110, 1163, 1111, -1,
      1111, 1163, 1161, -1,
      1111, 1161, 1113, -1,
      1113, 1161, 1159, -1,
      1113, 1159, 1115, -1,
      1115, 1159, 1201, -1,
      1115, 1201, 1117, -1,
      1117, 1201, 1200, -1,
      1117, 1200, 1119, -1,
      1119, 1200, 1198, -1,
      1119, 1198, 1121, -1,
      1121, 1198, 1196, -1,
      1121, 1196, 1123, -1,
      1123, 1196, 1194, -1,
      1123, 1194, 1125, -1,
      1125, 1194, 1192, -1,
      1125, 1192, 1127, -1,
      1127, 1192, 1190, -1,
      1127, 1190, 1129, -1,
      1129, 1190, 1188, -1,
      1129, 1188, 1131, -1,
      1133, 1131, 1186, -1,
      1186, 1131, 1188, -1,
      1135, 1133, 1184, -1,
      1184, 1133, 1186, -1,
      1130, 1132, 1187, -1,
      1187, 1132, 1185, -1,
      1132, 1134, 1185, -1,
      1185, 1134, 1183, -1,
      1134, 1136, 1183, -1,
      1183, 1136, 1181, -1,
      1092, 1212, 1214, -1,
      1092, 1214, 1090, -1,
      1090, 1214, 1216, -1,
      1090, 1216, 1088, -1,
      1088, 1216, 1171, -1,
      1088, 1171, 1086, -1,
      1086, 1171, 1173, -1,
      1086, 1173, 1084, -1,
      1084, 1173, 1175, -1,
      1084, 1175, 1142, -1,
      1142, 1175, 1177, -1,
      1142, 1177, 1140, -1,
      1140, 1177, 1179, -1,
      1140, 1179, 1138, -1,
      1138, 1179, 1181, -1,
      1138, 1181, 1136, -1,
      1153, 1225, 1227, -1,
      1153, 1227, 1151, -1,
      1151, 1227, 1229, -1,
      1151, 1229, 1149, -1,
      1149, 1229, 1202, -1,
      1149, 1202, 1147, -1,
      1147, 1202, 1204, -1,
      1147, 1204, 1100, -1,
      1100, 1204, 1206, -1,
      1100, 1206, 1098, -1,
      1098, 1206, 1208, -1,
      1098, 1208, 1096, -1,
      1096, 1208, 1210, -1,
      1096, 1210, 1094, -1,
      1094, 1210, 1212, -1,
      1094, 1212, 1092, -1,
      1114, 1160, 1162, -1,
      1114, 1162, 1112, -1,
      1112, 1162, 1164, -1,
      1112, 1164, 1109, -1,
      1109, 1164, 1166, -1,
      1109, 1166, 1107, -1,
      1107, 1166, 1168, -1,
      1107, 1168, 1105, -1,
      1105, 1168, 1170, -1,
      1105, 1170, 1103, -1,
      1103, 1170, 1221, -1,
      1103, 1221, 1101, -1,
      1101, 1221, 1223, -1,
      1101, 1223, 1155, -1,
      1155, 1223, 1225, -1,
      1155, 1225, 1153, -1,
      1130, 1187, 1189, -1,
      1130, 1189, 1128, -1,
      1128, 1189, 1191, -1,
      1128, 1191, 1126, -1,
      1126, 1191, 1193, -1,
      1126, 1193, 1124, -1,
      1124, 1193, 1195, -1,
      1124, 1195, 1122, -1,
      1122, 1195, 1197, -1,
      1122, 1197, 1120, -1,
      1120, 1197, 1199, -1,
      1120, 1199, 1118, -1,
      1118, 1199, 1158, -1,
      1118, 1158, 1116, -1,
      1116, 1158, 1160, -1,
      1116, 1160, 1114, -1,
      1232, 1233, 1234, -1,
      1234, 1233, 1235, -1,
      1236, 1237, 1232, -1,
      1232, 1237, 1238, -1,
      1232, 1238, 1233, -1,
      1233, 1238, 1239, -1,
      1236, 1240, 1237, -1,
      1237, 1240, 1241, -1,
      1237, 1241, 1242, -1,
      1242, 1241, 1243, -1,
      1242, 1243, 1244, -1,
      1244, 1245, 1242, -1,
      1242, 1245, 1234, -1,
      1242, 1234, 1246, -1,
      1246, 1234, 1235, -1,
      1246, 1235, 1247, -1,
      1248, 1249, 1250, -1,
      1249, 1251, 1250, -1,
      1250, 1251, 1252, -1,
      1250, 1252, 1253, -1,
      1253, 1252, 1254, -1,
      1253, 1254, 1255, -1,
      1255, 1256, 1253, -1,
      1253, 1256, 1257, -1,
      1253, 1257, 1258, -1,
      1259, 1260, 1261, -1,
      1262, 1258, 1263, -1,
      1263, 1258, 1257, -1,
      1263, 1257, 1261, -1,
      1261, 1257, 1248, -1,
      1261, 1248, 1259, -1,
      1259, 1248, 1250, -1,
      1242, 1246, 1250, -1,
      1250, 1246, 1259, -1,
      1237, 1242, 1253, -1,
      1253, 1242, 1250, -1,
      1238, 1237, 1258, -1,
      1258, 1237, 1253, -1,
      1239, 1238, 1262, -1,
      1262, 1238, 1258, -1,
      1233, 1239, 1263, -1,
      1263, 1239, 1262, -1,
      1235, 1233, 1261, -1,
      1261, 1233, 1263, -1,
      1247, 1235, 1260, -1,
      1260, 1235, 1261, -1,
      1246, 1247, 1259, -1,
      1259, 1247, 1260, -1,
      1232, 1234, 1257, -1,
      1257, 1234, 1248, -1,
      1234, 1245, 1248, -1,
      1248, 1245, 1249, -1,
      1243, 1252, 1251, -1,
      1243, 1251, 1244, -1,
      1244, 1251, 1249, -1,
      1244, 1249, 1245, -1,
      1243, 1241, 1252, -1,
      1252, 1241, 1254, -1,
      1236, 1256, 1255, -1,
      1236, 1255, 1240, -1,
      1240, 1255, 1254, -1,
      1240, 1254, 1241, -1,
      1236, 1232, 1256, -1,
      1256, 1232, 1257, -1,
      1264, 1265, 1266, -1,
      1267, 1268, 1269, -1,
      1270, 1271, 1272, -1,
      1273, 1274, 1275, -1,
      1275, 1274, 1276, -1,
      1275, 1276, 1277, -1,
      1278, 1279, 1280, -1,
      1281, 1282, 1283, -1,
      1284, 1285, 1266, -1,
      1266, 1285, 1286, -1,
      1266, 1286, 1264, -1,
      1287, 1288, 1289, -1,
      1289, 1288, 1290, -1,
      1289, 1290, 1291, -1,
      1291, 1290, 1292, -1,
      1291, 1292, 1293, -1,
      1293, 1292, 1294, -1,
      1293, 1294, 1295, -1,
      1296, 1297, 1298, -1,
      1298, 1297, 1299, -1,
      1298, 1299, 1300, -1,
      1301, 1265, 1302, -1,
      1302, 1265, 1303, -1,
      1302, 1303, 1296, -1,
      1296, 1303, 1304, -1,
      1296, 1304, 1297, -1,
      1305, 1306, 1290, -1,
      1290, 1306, 1307, -1,
      1290, 1307, 1292, -1,
      1292, 1307, 1308, -1,
      1292, 1308, 1309, -1,
      1310, 1311, 1312, -1,
      1283, 1282, 1313, -1,
      1313, 1282, 1314, -1,
      1313, 1314, 1315, -1,
      1315, 1314, 1316, -1,
      1315, 1316, 1317, -1,
      1272, 1271, 1318, -1,
      1318, 1271, 1319, -1,
      1318, 1319, 1320, -1,
      1321, 1322, 1266, -1,
      1266, 1322, 1323, -1,
      1266, 1323, 1284, -1,
      1310, 1312, 1324, -1,
      1324, 1312, 1325, -1,
      1324, 1325, 1326, -1,
      1326, 1325, 1327, -1,
      1326, 1327, 1328, -1,
      1295, 1329, 1293, -1,
      1293, 1329, 1330, -1,
      1293, 1330, 1331, -1,
      1332, 1266, 1333, -1,
      1333, 1266, 1265, -1,
      1333, 1265, 1334, -1,
      1334, 1265, 1301, -1,
      1280, 1279, 1335, -1,
      1335, 1279, 1336, -1,
      1335, 1336, 1337, -1,
      1338, 1339, 1340, -1,
      1340, 1339, 1341, -1,
      1340, 1341, 1342, -1,
      1342, 1341, 1343, -1,
      1342, 1343, 1344, -1,
      1344, 1343, 1345, -1,
      1344, 1345, 1346, -1,
      1347, 1348, 1349, -1,
      1349, 1348, 1350, -1,
      1349, 1350, 1321, -1,
      1321, 1350, 1351, -1,
      1321, 1351, 1322, -1,
      1311, 1310, 1352, -1,
      1352, 1310, 1353, -1,
      1352, 1353, 1354, -1,
      1354, 1353, 1355, -1,
      1354, 1355, 1356, -1,
      1356, 1355, 1357, -1,
      1356, 1357, 1269, -1,
      1269, 1357, 1358, -1,
      1269, 1358, 1267, -1,
      1332, 1359, 1266, -1,
      1266, 1359, 1360, -1,
      1266, 1360, 1361, -1,
      1361, 1360, 1362, -1,
      1363, 1364, 1365, -1,
      1365, 1364, 1366, -1,
      1365, 1366, 1367, -1,
      1280, 1368, 1278, -1,
      1278, 1368, 1369, -1,
      1278, 1369, 1363, -1,
      1363, 1369, 1370, -1,
      1363, 1370, 1364, -1,
      1309, 1371, 1292, -1,
      1292, 1371, 1372, -1,
      1292, 1372, 1373, -1,
      1373, 1372, 1300, -1,
      1373, 1300, 1374, -1,
      1374, 1300, 1299, -1,
      1283, 1375, 1281, -1,
      1281, 1375, 1376, -1,
      1281, 1376, 1377, -1,
      1377, 1376, 1378, -1,
      1377, 1378, 1379, -1,
      1379, 1378, 1380, -1,
      1379, 1380, 1381, -1,
      1381, 1380, 1382, -1,
      1381, 1382, 1383, -1,
      1272, 1384, 1270, -1,
      1270, 1384, 1385, -1,
      1270, 1385, 1386, -1,
      1386, 1385, 1387, -1,
      1386, 1387, 1388, -1,
      1388, 1387, 1389, -1,
      1388, 1389, 1390, -1,
      1390, 1389, 1269, -1,
      1390, 1269, 1391, -1,
      1391, 1269, 1268, -1,
      1275, 1392, 1273, -1,
      1273, 1392, 1393, -1,
      1273, 1393, 1394, -1,
      1394, 1393, 1395, -1,
      1394, 1395, 1396, -1,
      1397, 1398, 1399, -1,
      1399, 1398, 1400, -1,
      1399, 1400, 1401, -1,
      1401, 1400, 1402, -1,
      1401, 1402, 1347, -1,
      1347, 1402, 1403, -1,
      1347, 1403, 1348, -1,
      1337, 1336, 1290, -1,
      1290, 1336, 1404, -1,
      1290, 1404, 1305, -1,
      1405, 1406, 1407, -1,
      1407, 1406, 1408, -1,
      1407, 1408, 1409, -1,
      1409, 1408, 1410, -1,
      1409, 1410, 1338, -1,
      1338, 1410, 1411, -1,
      1338, 1411, 1339, -1,
      1382, 1412, 1383, -1,
      1383, 1412, 1413, -1,
      1383, 1413, 1414, -1,
      1414, 1413, 1415, -1,
      1414, 1415, 1405, -1,
      1405, 1415, 1416, -1,
      1405, 1416, 1406, -1,
      1366, 1417, 1367, -1,
      1367, 1417, 1418, -1,
      1367, 1418, 1419, -1,
      1419, 1418, 1420, -1,
      1419, 1420, 1362, -1,
      1362, 1420, 1421, -1,
      1362, 1421, 1361, -1,
      1422, 1423, 1424, -1,
      1425, 1426, 1427, -1,
      1427, 1426, 1428, -1,
      1429, 1430, 1431, -1,
      1431, 1430, 1432, -1,
      1431, 1432, 1433, -1,
      1433, 1432, 1434, -1,
      1433, 1434, 1435, -1,
      1435, 1434, 1436, -1,
      1435, 1436, 1437, -1,
      1437, 1436, 1438, -1,
      1437, 1438, 1397, -1,
      1397, 1438, 1439, -1,
      1397, 1439, 1398, -1,
      1277, 1440, 1275, -1,
      1275, 1440, 1441, -1,
      1275, 1441, 1442, -1,
      1442, 1441, 1443, -1,
      1442, 1443, 1444, -1,
      1444, 1443, 1346, -1,
      1444, 1346, 1445, -1,
      1445, 1346, 1345, -1,
      1446, 1447, 1422, -1,
      1422, 1447, 1448, -1,
      1422, 1448, 1423, -1,
      1316, 1449, 1317, -1,
      1317, 1449, 1422, -1,
      1317, 1422, 1450, -1,
      1450, 1422, 1424, -1,
      1320, 1319, 1451, -1,
      1451, 1319, 1452, -1,
      1451, 1452, 1425, -1,
      1425, 1452, 1453, -1,
      1425, 1453, 1426, -1,
      1454, 1455, 1456, -1,
      1455, 1457, 1456, -1,
      1456, 1457, 1458, -1,
      1456, 1458, 1459, -1,
      1327, 1460, 1328, -1,
      1328, 1460, 1461, -1,
      1328, 1461, 1462, -1,
      1462, 1461, 1463, -1,
      1462, 1463, 1429, -1,
      1429, 1463, 1464, -1,
      1429, 1464, 1430, -1,
      1446, 1422, 1456, -1,
      1456, 1422, 1465, -1,
      1456, 1465, 1454, -1,
      1395, 1466, 1396, -1,
      1396, 1466, 1467, -1,
      1396, 1467, 1468, -1,
      1468, 1467, 1469, -1,
      1468, 1469, 1470, -1,
      1470, 1469, 1471, -1,
      1470, 1471, 1472, -1,
      1472, 1471, 1473, -1,
      1472, 1473, 1474, -1,
      1474, 1473, 1475, -1,
      1474, 1475, 1428, -1,
      1428, 1475, 1476, -1,
      1428, 1476, 1427, -1,
      1477, 1478, 1479, -1,
      1479, 1478, 1480, -1,
      1479, 1480, 1481, -1,
      1480, 1482, 1481, -1,
      1481, 1482, 1483, -1,
      1481, 1483, 1484, -1,
      1484, 1483, 1485, -1,
      1486, 1487, 1488, -1,
      1488, 1487, 1489, -1,
      1490, 1491, 1492, -1,
      1493, 1494, 1495, -1,
      1495, 1494, 1496, -1,
      1495, 1496, 1497, -1,
      1498, 1499, 1481, -1,
      1481, 1499, 1500, -1,
      1481, 1500, 1479, -1,
      1479, 1500, 1501, -1,
      1502, 1503, 1504, -1,
      1505, 1506, 1483, -1,
      1483, 1506, 1507, -1,
      1483, 1507, 1485, -1,
      1508, 1509, 1510, -1,
      1511, 1512, 1513, -1,
      1513, 1512, 1514, -1,
      1513, 1514, 1515, -1,
      1515, 1514, 1516, -1,
      1515, 1516, 1517, -1,
      1504, 1503, 1518, -1,
      1518, 1503, 1519, -1,
      1518, 1519, 1520, -1,
      1520, 1519, 1521, -1,
      1520, 1521, 1522, -1,
      1522, 1521, 1523, -1,
      1523, 1521, 1524, -1,
      1523, 1524, 1525, -1,
      1525, 1524, 1488, -1,
      1525, 1488, 1526, -1,
      1526, 1488, 1489, -1,
      1526, 1489, 1497, -1,
      1497, 1489, 1527, -1,
      1497, 1527, 1495, -1,
      1528, 1529, 1530, -1,
      1530, 1529, 1531, -1,
      1530, 1531, 1532, -1,
      1532, 1531, 1533, -1,
      1532, 1533, 1534, -1,
      1492, 1491, 1535, -1,
      1535, 1491, 1536, -1,
      1535, 1536, 1537, -1,
      1538, 1539, 1533, -1,
      1495, 1540, 1493, -1,
      1493, 1540, 1541, -1,
      1493, 1541, 1542, -1,
      1537, 1536, 1543, -1,
      1543, 1536, 1544, -1,
      1543, 1544, 1545, -1,
      1545, 1544, 1546, -1,
      1545, 1546, 1547, -1,
      1548, 1549, 1550, -1,
      1550, 1549, 1551, -1,
      1550, 1551, 1552, -1,
      1552, 1551, 1553, -1,
      1552, 1553, 1554, -1,
      1554, 1553, 1555, -1,
      1554, 1555, 1556, -1,
      1557, 1558, 1559, -1,
      1559, 1558, 1560, -1,
      1559, 1560, 1561, -1,
      1561, 1560, 1562, -1,
      1561, 1562, 1563, -1,
      1539, 1564, 1533, -1,
      1533, 1564, 1565, -1,
      1533, 1565, 1534, -1,
      1566, 1567, 1568, -1,
      1568, 1567, 1493, -1,
      1568, 1493, 1569, -1,
      1569, 1493, 1542, -1,
      1570, 1571, 1572, -1,
      1572, 1571, 1573, -1,
      1572, 1573, 1574, -1,
      1516, 1575, 1517, -1,
      1517, 1575, 1576, -1,
      1517, 1576, 1577, -1,
      1577, 1576, 1545, -1,
      1577, 1545, 1578, -1,
      1510, 1509, 1579, -1,
      1579, 1509, 1580, -1,
      1579, 1580, 1481, -1,
      1481, 1580, 1581, -1,
      1481, 1581, 1498, -1,
      1573, 1582, 1574, -1,
      1574, 1582, 1583, -1,
      1574, 1583, 1584, -1,
      1584, 1583, 1585, -1,
      1584, 1585, 1586, -1,
      1586, 1585, 1479, -1,
      1586, 1479, 1587, -1,
      1587, 1479, 1501, -1,
      1570, 1588, 1589, -1,
      1578, 1545, 1590, -1,
      1590, 1545, 1547, -1,
      1590, 1547, 1591, -1,
      1592, 1593, 1594, -1,
      1594, 1593, 1595, -1,
      1562, 1596, 1563, -1,
      1563, 1596, 1597, -1,
      1563, 1597, 1598, -1,
      1598, 1597, 1599, -1,
      1598, 1599, 1548, -1,
      1548, 1599, 1600, -1,
      1548, 1600, 1549, -1,
      1533, 1601, 1538, -1,
      1538, 1601, 1602, -1,
      1538, 1602, 1603, -1,
      1603, 1602, 1604, -1,
      1603, 1604, 1605, -1,
      1605, 1604, 1606, -1,
      1605, 1606, 1607, -1,
      1607, 1606, 1608, -1,
      1607, 1608, 1557, -1,
      1557, 1608, 1609, -1,
      1557, 1609, 1558, -1,
      1510, 1610, 1508, -1,
      1508, 1610, 1611, -1,
      1508, 1611, 1612, -1,
      1612, 1611, 1613, -1,
      1612, 1613, 1566, -1,
      1566, 1613, 1614, -1,
      1566, 1614, 1567, -1,
      1615, 1616, 1570, -1,
      1570, 1616, 1617, -1,
      1570, 1617, 1588, -1,
      1589, 1618, 1570, -1,
      1570, 1618, 1619, -1,
      1570, 1619, 1571, -1,
      1620, 1621, 1622, -1,
      1622, 1621, 1623, -1,
      1622, 1623, 1624, -1,
      1504, 1625, 1502, -1,
      1502, 1625, 1626, -1,
      1502, 1626, 1627, -1,
      1627, 1626, 1628, -1,
      1627, 1628, 1629, -1,
      1629, 1628, 1630, -1,
      1629, 1630, 1631, -1,
      1631, 1630, 1632, -1,
      1631, 1632, 1633, -1,
      1633, 1632, 1634, -1,
      1633, 1634, 1620, -1,
      1620, 1634, 1635, -1,
      1620, 1635, 1621, -1,
      1555, 1636, 1556, -1,
      1556, 1636, 1637, -1,
      1556, 1637, 1638, -1,
      1638, 1637, 1639, -1,
      1638, 1639, 1640, -1,
      1640, 1639, 1641, -1,
      1640, 1641, 1642, -1,
      1642, 1641, 1643, -1,
      1642, 1643, 1644, -1,
      1644, 1643, 1645, -1,
      1644, 1645, 1646, -1,
      1646, 1645, 1647, -1,
      1646, 1647, 1594, -1,
      1594, 1647, 1648, -1,
      1594, 1648, 1592, -1,
      1595, 1649, 1594, -1,
      1594, 1649, 1650, -1,
      1594, 1650, 1651, -1,
      1486, 1488, 1570, -1,
      1570, 1488, 1652, -1,
      1570, 1652, 1615, -1,
      1623, 1653, 1624, -1,
      1624, 1653, 1654, -1,
      1624, 1654, 1655, -1,
      1655, 1654, 1656, -1,
      1655, 1656, 1657, -1,
      1657, 1656, 1658, -1,
      1657, 1658, 1511, -1,
      1511, 1658, 1659, -1,
      1511, 1659, 1512, -1,
      1660, 1661, 1651, -1,
      1651, 1661, 1662, -1,
      1651, 1662, 1663, -1,
      1664, 1665, 1666, -1,
      1666, 1665, 1667, -1,
      1666, 1667, 1528, -1,
      1528, 1667, 1668, -1,
      1528, 1668, 1529, -1,
      1492, 1669, 1490, -1,
      1490, 1669, 1670, -1,
      1490, 1670, 1671, -1,
      1671, 1670, 1672, -1,
      1671, 1672, 1673, -1,
      1673, 1672, 1674, -1,
      1673, 1674, 1675, -1,
      1675, 1674, 1676, -1,
      1675, 1676, 1677, -1,
      1677, 1676, 1678, -1,
      1677, 1678, 1679, -1,
      1679, 1678, 1680, -1,
      1679, 1680, 1681, -1,
      1681, 1680, 1682, -1,
      1681, 1682, 1683, -1,
      1683, 1682, 1684, -1,
      1683, 1684, 1685, -1,
      1685, 1684, 1686, -1,
      1685, 1686, 1664, -1,
      1664, 1686, 1687, -1,
      1664, 1687, 1665, -1,
      1663, 1688, 1651, -1,
      1651, 1688, 1689, -1,
      1651, 1689, 1594, -1,
      1408, 1596, 1562, -1,
      1408, 1562, 1410, -1,
      1410, 1562, 1560, -1,
      1410, 1560, 1411, -1,
      1411, 1560, 1558, -1,
      1411, 1558, 1339, -1,
      1339, 1558, 1609, -1,
      1339, 1609, 1341, -1,
      1341, 1609, 1608, -1,
      1341, 1608, 1343, -1,
      1343, 1608, 1606, -1,
      1343, 1606, 1345, -1,
      1345, 1606, 1604, -1,
      1345, 1604, 1445, -1,
      1445, 1604, 1602, -1,
      1445, 1602, 1444, -1,
      1444, 1602, 1601, -1,
      1444, 1601, 1442, -1,
      1442, 1601, 1533, -1,
      1442, 1533, 1275, -1,
      1275, 1533, 1531, -1,
      1275, 1531, 1392, -1,
      1392, 1531, 1529, -1,
      1392, 1529, 1393, -1,
      1393, 1529, 1668, -1,
      1393, 1668, 1395, -1,
      1395, 1668, 1667, -1,
      1395, 1667, 1466, -1,
      1466, 1667, 1665, -1,
      1466, 1665, 1467, -1,
      1467, 1665, 1687, -1,
      1467, 1687, 1469, -1,
      1469, 1687, 1686, -1,
      1469, 1686, 1471, -1,
      1471, 1686, 1684, -1,
      1471, 1684, 1473, -1,
      1473, 1684, 1682, -1,
      1473, 1682, 1475, -1,
      1475, 1682, 1680, -1,
      1475, 1680, 1476, -1,
      1476, 1680, 1678, -1,
      1476, 1678, 1427, -1,
      1427, 1678, 1676, -1,
      1427, 1676, 1425, -1,
      1425, 1676, 1674, -1,
      1425, 1674, 1451, -1,
      1451, 1674, 1672, -1,
      1451, 1672, 1320, -1,
      1320, 1672, 1670, -1,
      1320, 1670, 1318, -1,
      1318, 1670, 1669, -1,
      1318, 1669, 1272, -1,
      1272, 1669, 1492, -1,
      1272, 1492, 1384, -1,
      1384, 1492, 1535, -1,
      1384, 1535, 1385, -1,
      1385, 1535, 1537, -1,
      1385, 1537, 1387, -1,
      1387, 1537, 1543, -1,
      1387, 1543, 1389, -1,
      1389, 1543, 1545, -1,
      1389, 1545, 1269, -1,
      1269, 1545, 1576, -1,
      1269, 1576, 1356, -1,
      1356, 1576, 1575, -1,
      1356, 1575, 1354, -1,
      1354, 1575, 1516, -1,
      1354, 1516, 1352, -1,
      1352, 1516, 1514, -1,
      1352, 1514, 1311, -1,
      1311, 1514, 1512, -1,
      1311, 1512, 1312, -1,
      1312, 1512, 1659, -1,
      1312, 1659, 1325, -1,
      1325, 1659, 1658, -1,
      1325, 1658, 1327, -1,
      1327, 1658, 1656, -1,
      1327, 1656, 1460, -1,
      1460, 1656, 1654, -1,
      1460, 1654, 1461, -1,
      1461, 1654, 1653, -1,
      1461, 1653, 1463, -1,
      1463, 1653, 1623, -1,
      1463, 1623, 1464, -1,
      1464, 1623, 1621, -1,
      1464, 1621, 1430, -1,
      1430, 1621, 1635, -1,
      1430, 1635, 1432, -1,
      1432, 1635, 1634, -1,
      1432, 1634, 1434, -1,
      1434, 1634, 1632, -1,
      1434, 1632, 1436, -1,
      1436, 1632, 1630, -1,
      1436, 1630, 1438, -1,
      1438, 1630, 1628, -1,
      1438, 1628, 1439, -1,
      1439, 1628, 1626, -1,
      1439, 1626, 1398, -1,
      1398, 1626, 1625, -1,
      1398, 1625, 1400, -1,
      1400, 1625, 1504, -1,
      1400, 1504, 1402, -1,
      1402, 1504, 1518, -1,
      1402, 1518, 1403, -1,
      1403, 1518, 1520, -1,
      1403, 1520, 1348, -1,
      1348, 1520, 1522, -1,
      1348, 1522, 1350, -1,
      1350, 1522, 1523, -1,
      1350, 1523, 1351, -1,
      1351, 1523, 1525, -1,
      1351, 1525, 1322, -1,
      1322, 1525, 1526, -1,
      1322, 1526, 1323, -1,
      1323, 1526, 1497, -1,
      1323, 1497, 1284, -1,
      1284, 1497, 1496, -1,
      1284, 1496, 1285, -1,
      1285, 1496, 1494, -1,
      1285, 1494, 1286, -1,
      1286, 1494, 1493, -1,
      1286, 1493, 1264, -1,
      1264, 1493, 1567, -1,
      1264, 1567, 1265, -1,
      1265, 1567, 1614, -1,
      1265, 1614, 1303, -1,
      1303, 1614, 1613, -1,
      1303, 1613, 1304, -1,
      1304, 1613, 1611, -1,
      1304, 1611, 1297, -1,
      1297, 1611, 1610, -1,
      1297, 1610, 1299, -1,
      1299, 1610, 1510, -1,
      1299, 1510, 1374, -1,
      1374, 1510, 1579, -1,
      1374, 1579, 1373, -1,
      1373, 1579, 1481, -1,
      1373, 1481, 1292, -1,
      1292, 1481, 1484, -1,
      1292, 1484, 1294, -1,
      1294, 1484, 1485, -1,
      1294, 1485, 1295, -1,
      1295, 1485, 1507, -1,
      1295, 1507, 1329, -1,
      1329, 1507, 1506, -1,
      1329, 1506, 1330, -1,
      1330, 1506, 1505, -1,
      1330, 1505, 1331, -1,
      1331, 1505, 1483, -1,
      1331, 1483, 1293, -1,
      1293, 1483, 1482, -1,
      1293, 1482, 1291, -1,
      1289, 1291, 1480, -1,
      1480, 1291, 1482, -1,
      1287, 1289, 1478, -1,
      1478, 1289, 1480, -1,
      1288, 1287, 1477, -1,
      1477, 1287, 1478, -1,
      1290, 1288, 1479, -1,
      1479, 1288, 1477, -1,
      1290, 1479, 1585, -1,
      1290, 1585, 1337, -1,
      1337, 1585, 1583, -1,
      1337, 1583, 1335, -1,
      1335, 1583, 1582, -1,
      1335, 1582, 1280, -1,
      1280, 1582, 1573, -1,
      1280, 1573, 1368, -1,
      1368, 1573, 1571, -1,
      1368, 1571, 1369, -1,
      1369, 1571, 1619, -1,
      1369, 1619, 1370, -1,
      1370, 1619, 1618, -1,
      1370, 1618, 1364, -1,
      1364, 1618, 1589, -1,
      1364, 1589, 1366, -1,
      1366, 1589, 1588, -1,
      1366, 1588, 1417, -1,
      1417, 1588, 1617, -1,
      1417, 1617, 1418, -1,
      1418, 1617, 1616, -1,
      1418, 1616, 1420, -1,
      1420, 1616, 1615, -1,
      1420, 1615, 1421, -1,
      1421, 1615, 1652, -1,
      1421, 1652, 1361, -1,
      1361, 1652, 1488, -1,
      1361, 1488, 1266, -1,
      1266, 1488, 1524, -1,
      1266, 1524, 1321, -1,
      1321, 1524, 1521, -1,
      1321, 1521, 1349, -1,
      1349, 1521, 1519, -1,
      1349, 1519, 1347, -1,
      1347, 1519, 1503, -1,
      1347, 1503, 1401, -1,
      1401, 1503, 1502, -1,
      1401, 1502, 1399, -1,
      1399, 1502, 1627, -1,
      1399, 1627, 1397, -1,
      1397, 1627, 1629, -1,
      1397, 1629, 1437, -1,
      1437, 1629, 1631, -1,
      1437, 1631, 1435, -1,
      1435, 1631, 1633, -1,
      1435, 1633, 1433, -1,
      1433, 1633, 1620, -1,
      1433, 1620, 1431, -1,
      1431, 1620, 1622, -1,
      1431, 1622, 1429, -1,
      1429, 1622, 1624, -1,
      1429, 1624, 1462, -1,
      1462, 1624, 1655, -1,
      1462, 1655, 1328, -1,
      1328, 1655, 1657, -1,
      1328, 1657, 1326, -1,
      1326, 1657, 1511, -1,
      1326, 1511, 1324, -1,
      1324, 1511, 1513, -1,
      1324, 1513, 1310, -1,
      1310, 1513, 1515, -1,
      1310, 1515, 1353, -1,
      1353, 1515, 1517, -1,
      1353, 1517, 1355, -1,
      1355, 1517, 1577, -1,
      1355, 1577, 1357, -1,
      1357, 1577, 1578, -1,
      1357, 1578, 1358, -1,
      1358, 1578, 1590, -1,
      1358, 1590, 1267, -1,
      1267, 1590, 1591, -1,
      1267, 1591, 1268, -1,
      1268, 1591, 1547, -1,
      1268, 1547, 1391, -1,
      1391, 1547, 1546, -1,
      1391, 1546, 1390, -1,
      1390, 1546, 1544, -1,
      1390, 1544, 1388, -1,
      1388, 1544, 1536, -1,
      1388, 1536, 1386, -1,
      1386, 1536, 1491, -1,
      1386, 1491, 1270, -1,
      1270, 1491, 1490, -1,
      1270, 1490, 1271, -1,
      1271, 1490, 1671, -1,
      1271, 1671, 1319, -1,
      1319, 1671, 1673, -1,
      1319, 1673, 1452, -1,
      1452, 1673, 1675, -1,
      1452, 1675, 1453, -1,
      1453, 1675, 1677, -1,
      1453, 1677, 1426, -1,
      1426, 1677, 1679, -1,
      1426, 1679, 1428, -1,
      1428, 1679, 1681, -1,
      1428, 1681, 1474, -1,
      1474, 1681, 1683, -1,
      1474, 1683, 1472, -1,
      1472, 1683, 1685, -1,
      1472, 1685, 1470, -1,
      1470, 1685, 1664, -1,
      1470, 1664, 1468, -1,
      1468, 1664, 1666, -1,
      1468, 1666, 1396, -1,
      1396, 1666, 1528, -1,
      1396, 1528, 1394, -1,
      1394, 1528, 1530, -1,
      1394, 1530, 1273, -1,
      1273, 1530, 1532, -1,
      1273, 1532, 1274, -1,
      1274, 1532, 1534, -1,
      1274, 1534, 1276, -1,
      1276, 1534, 1565, -1,
      1276, 1565, 1277, -1,
      1440, 1277, 1564, -1,
      1564, 1277, 1565, -1,
      1440, 1564, 1539, -1,
      1440, 1539, 1441, -1,
      1441, 1539, 1538, -1,
      1441, 1538, 1443, -1,
      1443, 1538, 1603, -1,
      1443, 1603, 1346, -1,
      1346, 1603, 1605, -1,
      1346, 1605, 1344, -1,
      1344, 1605, 1607, -1,
      1344, 1607, 1342, -1,
      1342, 1607, 1557, -1,
      1342, 1557, 1340, -1,
      1340, 1557, 1559, -1,
      1340, 1559, 1338, -1,
      1338, 1559, 1561, -1,
      1338, 1561, 1409, -1,
      1409, 1561, 1563, -1,
      1409, 1563, 1407, -1,
      1407, 1563, 1598, -1,
      1407, 1598, 1405, -1,
      1405, 1598, 1548, -1,
      1405, 1548, 1414, -1,
      1414, 1548, 1550, -1,
      1414, 1550, 1383, -1,
      1383, 1550, 1552, -1,
      1383, 1552, 1381, -1,
      1381, 1552, 1554, -1,
      1381, 1554, 1379, -1,
      1379, 1554, 1556, -1,
      1379, 1556, 1377, -1,
      1377, 1556, 1638, -1,
      1377, 1638, 1281, -1,
      1281, 1638, 1640, -1,
      1281, 1640, 1282, -1,
      1282, 1640, 1642, -1,
      1282, 1642, 1314, -1,
      1316, 1314, 1644, -1,
      1644, 1314, 1642, -1,
      1316, 1644, 1646, -1,
      1316, 1646, 1449, -1,
      1449, 1646, 1594, -1,
      1449, 1594, 1422, -1,
      1422, 1594, 1689, -1,
      1422, 1689, 1465, -1,
      1465, 1689, 1688, -1,
      1465, 1688, 1454, -1,
      1454, 1688, 1663, -1,
      1454, 1663, 1455, -1,
      1455, 1663, 1662, -1,
      1455, 1662, 1457, -1,
      1457, 1662, 1661, -1,
      1457, 1661, 1458, -1,
      1458, 1661, 1660, -1,
      1458, 1660, 1459, -1,
      1459, 1660, 1651, -1,
      1459, 1651, 1456, -1,
      1456, 1651, 1650, -1,
      1456, 1650, 1446, -1,
      1446, 1650, 1649, -1,
      1446, 1649, 1447, -1,
      1447, 1649, 1595, -1,
      1447, 1595, 1448, -1,
      1448, 1595, 1593, -1,
      1448, 1593, 1423, -1,
      1423, 1593, 1592, -1,
      1423, 1592, 1424, -1,
      1424, 1592, 1648, -1,
      1424, 1648, 1450, -1,
      1450, 1648, 1647, -1,
      1450, 1647, 1317, -1,
      1317, 1647, 1645, -1,
      1317, 1645, 1315, -1,
      1313, 1315, 1643, -1,
      1643, 1315, 1645, -1,
      1313, 1643, 1641, -1,
      1313, 1641, 1283, -1,
      1283, 1641, 1639, -1,
      1283, 1639, 1375, -1,
      1375, 1639, 1637, -1,
      1375, 1637, 1376, -1,
      1376, 1637, 1636, -1,
      1376, 1636, 1378, -1,
      1378, 1636, 1555, -1,
      1378, 1555, 1380, -1,
      1380, 1555, 1553, -1,
      1380, 1553, 1382, -1,
      1382, 1553, 1551, -1,
      1382, 1551, 1412, -1,
      1412, 1551, 1549, -1,
      1412, 1549, 1413, -1,
      1413, 1549, 1600, -1,
      1413, 1600, 1415, -1,
      1415, 1600, 1599, -1,
      1415, 1599, 1416, -1,
      1416, 1599, 1597, -1,
      1416, 1597, 1406, -1,
      1406, 1597, 1596, -1,
      1406, 1596, 1408, -1,
      1363, 1570, 1572, -1,
      1363, 1572, 1278, -1,
      1278, 1572, 1574, -1,
      1278, 1574, 1279, -1,
      1279, 1574, 1584, -1,
      1279, 1584, 1336, -1,
      1336, 1584, 1586, -1,
      1336, 1586, 1404, -1,
      1404, 1586, 1587, -1,
      1404, 1587, 1305, -1,
      1305, 1587, 1501, -1,
      1305, 1501, 1306, -1,
      1306, 1501, 1500, -1,
      1306, 1500, 1307, -1,
      1307, 1500, 1499, -1,
      1307, 1499, 1308, -1,
      1308, 1499, 1498, -1,
      1308, 1498, 1309, -1,
      1309, 1498, 1581, -1,
      1309, 1581, 1371, -1,
      1371, 1581, 1580, -1,
      1371, 1580, 1372, -1,
      1372, 1580, 1509, -1,
      1372, 1509, 1300, -1,
      1300, 1509, 1508, -1,
      1300, 1508, 1298, -1,
      1298, 1508, 1612, -1,
      1298, 1612, 1296, -1,
      1296, 1612, 1566, -1,
      1296, 1566, 1302, -1,
      1302, 1566, 1568, -1,
      1302, 1568, 1301, -1,
      1301, 1568, 1569, -1,
      1301, 1569, 1334, -1,
      1334, 1569, 1542, -1,
      1334, 1542, 1333, -1,
      1333, 1542, 1541, -1,
      1333, 1541, 1332, -1,
      1332, 1541, 1540, -1,
      1332, 1540, 1359, -1,
      1359, 1540, 1495, -1,
      1359, 1495, 1360, -1,
      1360, 1495, 1527, -1,
      1360, 1527, 1362, -1,
      1362, 1527, 1489, -1,
      1362, 1489, 1419, -1,
      1419, 1489, 1487, -1,
      1419, 1487, 1367, -1,
      1367, 1487, 1486, -1,
      1367, 1486, 1365, -1,
      1365, 1486, 1570, -1,
      1365, 1570, 1363, -1,
    ]
  }
}
