#VRML V2.0 utf8

Shape {
  appearance Appearance {
    material Material {
      diffuseColor 0.8314 0.8314 0.8196
      specularColor 0.6667 0.6667 0.6549
      ambientIntensity 0.2
      transparency 0.0000
      shininess 0.5
    }
  }
  geometry IndexedFaceSet {
    ccw TRUE
    solid FALSE
    coord DEF co Coordinate {
      point [
        6.397638 -1.909449 0.661417,
        6.397638 -1.909449 0.787402,
        6.318897 -1.909449 0.661417,
        6.318897 -1.909449 0.787402,
        6.397638 -1.889764 0.661417,
        6.318897 -1.889764 0.661417,
        6.397638 -1.889764 0.590551,
        6.318897 -1.889764 0.590551,
        6.397638 -1.909449 0.590551,
        6.318897 -1.909449 0.590551,
        6.397638 -1.909449 0.531496,
        6.318897 -1.909449 0.531496,
        6.397638 -1.889764 0.531496,
        6.318897 -1.889764 0.531496,
        6.397638 -1.889764 0.413386,
        6.318897 -1.889764 0.413386,
        6.397638 -1.909449 0.413386,
        6.318897 -1.909449 0.413386,
        6.397638 -1.909449 0.354331,
        6.318897 -1.909449 0.354331,
        6.397638 -1.889764 0.354331,
        6.318897 -1.889764 0.354331,
        6.397638 -1.889764 0.349870,
        6.318897 -1.889764 0.349870,
        6.397638 -2.086614 0.118110,
        6.318897 -2.086614 0.118110,
        6.397638 -2.374016 0.118110,
        6.318897 -2.374016 0.118110,
        6.318897 -2.381148 0.117171,
        6.397638 -2.381148 0.117171,
        6.318897 -2.387795 0.114418,
        6.397638 -2.387795 0.114418,
        6.318897 -2.393503 0.110038,
        6.397638 -2.393503 0.110038,
        6.318897 -2.397883 0.104331,
        6.397638 -2.397883 0.104331,
        6.318897 -2.400636 0.097684,
        6.397638 -2.400636 0.097684,
        6.318897 -2.401575 0.090551,
        6.397638 -2.401575 0.090551,
        6.397638 -2.401575 0.027559,
        6.318897 -2.401575 0.027559,
        6.318897 -2.400636 0.020426,
        6.397638 -2.400636 0.020426,
        6.318897 -2.397883 0.013780,
        6.397638 -2.397883 0.013780,
        6.318897 -2.393503 0.008072,
        6.397638 -2.393503 0.008072,
        6.318897 -2.387795 0.003692,
        6.397638 -2.387795 0.003692,
        6.318897 -2.381148 0.000939,
        6.397638 -2.381148 0.000939,
        6.318897 -2.374016 0.000000,
        6.397638 -2.374016 0.000000,
        6.397638 -2.204724 0.000000,
        6.318897 -2.204724 0.000000,
        6.397638 -2.184660 0.023622,
        6.318897 -2.184660 0.023622,
        6.397638 -1.909449 0.023622,
        6.318897 -1.909449 0.023622,
        6.397638 -1.909449 0.118110,
        6.318897 -1.909449 0.118110,
        6.397638 -1.594488 0.118110,
        6.318897 -1.594488 0.118110,
        6.397638 -0.898306 0.213933,
        6.318897 -0.898306 0.213933,
        6.397638 -0.843188 0.202053,
        6.318897 -0.843188 0.202053,
        6.318897 -0.833121 0.201209,
        6.397638 -0.833121 0.201209,
        6.318897 -0.823172 0.202954,
        6.397638 -0.823172 0.202954,
        6.318897 -0.813993 0.207174,
        6.397638 -0.813993 0.207174,
        6.318897 -0.806191 0.213591,
        6.397638 -0.806191 0.213591,
        6.318897 -0.800278 0.221782,
        6.397638 -0.800278 0.221782,
        6.318897 -0.796645 0.231208,
        6.397638 -0.796645 0.231208,
        6.318897 -0.795529 0.241248,
        6.397638 -0.795529 0.241248,
        6.318897 -0.797006 0.251241,
        6.397638 -0.797006 0.251241,
        6.318897 -0.800976 0.260530,
        6.397638 -0.800976 0.260530,
        6.318897 -0.807180 0.268503,
        6.397638 -0.807180 0.268503,
        6.318897 -0.815208 0.274635,
        6.397638 -0.815208 0.274635,
        6.397638 -0.905512 0.326772,
        6.318897 -0.905512 0.326772,
        6.397638 -0.905512 0.267717,
        6.318897 -0.905512 0.267717,
        6.397638 -0.906183 0.262622,
        6.318897 -0.906183 0.262622,
        6.397638 -0.908149 0.257874,
        6.318897 -0.908149 0.257874,
        6.397638 -0.911278 0.253797,
        6.318897 -0.911278 0.253797,
        6.397638 -0.915354 0.250669,
        6.318897 -0.915354 0.250669,
        6.397638 -0.920102 0.248702,
        6.318897 -0.920102 0.248702,
        6.397638 -0.925197 0.248031,
        6.318897 -0.925197 0.248031,
        6.397638 -1.535433 0.248031,
        6.318897 -1.535433 0.248031,
        6.397638 -1.570476 0.251980,
        6.318897 -1.570476 0.251980,
        6.397638 -1.603761 0.263627,
        6.318897 -1.603761 0.263627,
        6.397638 -1.633620 0.282389,
        6.318897 -1.633620 0.282389,
        6.397638 -1.658556 0.307324,
        6.318897 -1.658556 0.307324,
        6.397638 -1.677318 0.337184,
        6.318897 -1.677318 0.337184,
        6.397638 -1.688965 0.370469,
        6.318897 -1.688965 0.370469,
        6.397638 -1.692913 0.405512,
        6.318897 -1.692913 0.405512,
        6.397638 -1.692913 0.484252,
        6.318897 -1.692913 0.484252,
        6.397638 -1.690230 0.504631,
        6.318897 -1.690230 0.504631,
        6.397638 -1.682364 0.523622,
        6.318897 -1.682364 0.523622,
        6.397638 -1.669851 0.539930,
        6.318897 -1.669851 0.539930,
        6.397638 -1.653543 0.552443,
        6.318897 -1.653543 0.552443,
        6.397638 -1.634553 0.560309,
        6.318897 -1.634553 0.560309,
        6.397638 -1.614173 0.562992,
        6.318897 -1.614173 0.562992,
        6.397638 -0.964567 0.562992,
        6.318897 -0.964567 0.562992,
        6.318897 -0.951830 0.564669,
        6.397638 -0.951830 0.564669,
        6.318897 -0.939961 0.569585,
        6.397638 -0.939961 0.569585,
        6.318897 -0.929769 0.577406,
        6.397638 -0.929769 0.577406,
        6.318897 -0.921948 0.587598,
        6.397638 -0.921948 0.587598,
        6.318897 -0.917031 0.599468,
        6.397638 -0.917031 0.599468,
        6.318897 -0.915354 0.612205,
        6.397638 -0.915354 0.612205,
        6.318897 -0.917031 0.624942,
        6.397638 -0.917031 0.624942,
        6.318897 -0.921948 0.636811,
        6.397638 -0.921948 0.636811,
        6.318897 -0.929769 0.647003,
        6.397638 -0.929769 0.647003,
        6.318897 -0.939961 0.654824,
        6.397638 -0.939961 0.654824,
        6.318897 -0.951830 0.659741,
        6.397638 -0.951830 0.659741,
        6.318897 -0.964567 0.661417,
        6.397638 -0.964567 0.661417,
        6.397638 -1.811024 0.661417,
        6.318897 -1.811024 0.661417,
        6.397638 -1.811024 0.787402,
        6.318897 -1.811024 0.787402,
        4.625984 -1.909449 0.661417,
        4.625984 -1.909449 0.787402,
        4.547244 -1.909449 0.661417,
        4.547244 -1.909449 0.787402,
        4.625984 -1.889764 0.661417,
        4.547244 -1.889764 0.661417,
        4.625984 -1.889764 0.590551,
        4.547244 -1.889764 0.590551,
        4.625984 -1.909449 0.590551,
        4.547244 -1.909449 0.590551,
        4.625984 -1.909449 0.531496,
        4.547244 -1.909449 0.531496,
        4.625984 -1.889764 0.531496,
        4.547244 -1.889764 0.531496,
        4.625984 -1.889764 0.413386,
        4.547244 -1.889764 0.413386,
        4.625984 -1.909449 0.413386,
        4.547244 -1.909449 0.413386,
        4.625984 -1.909449 0.354331,
        4.547244 -1.909449 0.354331,
        4.625984 -1.889764 0.354331,
        4.547244 -1.889764 0.354331,
        4.625984 -1.889764 0.349870,
        4.547244 -1.889764 0.349870,
        4.625984 -2.086614 0.118110,
        4.547244 -2.086614 0.118110,
        4.625984 -2.374016 0.118110,
        4.547244 -2.374016 0.118110,
        4.547244 -2.381148 0.117171,
        4.625984 -2.381148 0.117171,
        4.547244 -2.387795 0.114418,
        4.625984 -2.387795 0.114418,
        4.547244 -2.393503 0.110038,
        4.625984 -2.393503 0.110038,
        4.547244 -2.397883 0.104331,
        4.625984 -2.397883 0.104331,
        4.547244 -2.400636 0.097684,
        4.625984 -2.400636 0.097684,
        4.547244 -2.401575 0.090551,
        4.625984 -2.401575 0.090551,
        4.625984 -2.401575 0.027559,
        4.547244 -2.401575 0.027559,
        4.547244 -2.400636 0.020426,
        4.625984 -2.400636 0.020426,
        4.547244 -2.397883 0.013780,
        4.625984 -2.397883 0.013780,
        4.547244 -2.393503 0.008072,
        4.625984 -2.393503 0.008072,
        4.547244 -2.387795 0.003692,
        4.625984 -2.387795 0.003692,
        4.547244 -2.381148 0.000939,
        4.625984 -2.381148 0.000939,
        4.547244 -2.374016 0.000000,
        4.625984 -2.374016 0.000000,
        4.625984 -2.204724 0.000000,
        4.547244 -2.204724 0.000000,
        4.625984 -2.184660 0.023622,
        4.547244 -2.184660 0.023622,
        4.625984 -1.909449 0.023622,
        4.547244 -1.909449 0.023622,
        4.625984 -1.909449 0.118110,
        4.547244 -1.909449 0.118110,
        4.625984 -1.594488 0.118110,
        4.547244 -1.594488 0.118110,
        4.625984 -0.898306 0.213933,
        4.547244 -0.898306 0.213933,
        4.625984 -0.843188 0.202053,
        4.547244 -0.843188 0.202053,
        4.547244 -0.833121 0.201209,
        4.625984 -0.833121 0.201209,
        4.547244 -0.823172 0.202954,
        4.625984 -0.823172 0.202954,
        4.547244 -0.813993 0.207174,
        4.625984 -0.813993 0.207174,
        4.547244 -0.806191 0.213591,
        4.625984 -0.806191 0.213591,
        4.547244 -0.800278 0.221782,
        4.625984 -0.800278 0.221782,
        4.547244 -0.796645 0.231208,
        4.625984 -0.796645 0.231208,
        4.547244 -0.795529 0.241248,
        4.625984 -0.795529 0.241248,
        4.547244 -0.797006 0.251241,
        4.625984 -0.797006 0.251241,
        4.547244 -0.800976 0.260530,
        4.625984 -0.800976 0.260530,
        4.547244 -0.807180 0.268503,
        4.625984 -0.807180 0.268503,
        4.547244 -0.815208 0.274635,
        4.625984 -0.815208 0.274635,
        4.625984 -0.905512 0.326772,
        4.547244 -0.905512 0.326772,
        4.625984 -0.905512 0.267717,
        4.547244 -0.905512 0.267717,
        4.625984 -0.906183 0.262622,
        4.547244 -0.906183 0.262622,
        4.625984 -0.908149 0.257874,
        4.547244 -0.908149 0.257874,
        4.625984 -0.911278 0.253797,
        4.547244 -0.911278 0.253797,
        4.625984 -0.915354 0.250669,
        4.547244 -0.915354 0.250669,
        4.625984 -0.920102 0.248702,
        4.547244 -0.920102 0.248702,
        4.625984 -0.925197 0.248031,
        4.547244 -0.925197 0.248031,
        4.625984 -1.535433 0.248031,
        4.547244 -1.535433 0.248031,
        4.625984 -1.570476 0.251980,
        4.547244 -1.570476 0.251980,
        4.625984 -1.603761 0.263627,
        4.547244 -1.603761 0.263627,
        4.625984 -1.633620 0.282389,
        4.547244 -1.633620 0.282389,
        4.625984 -1.658556 0.307324,
        4.547244 -1.658556 0.307324,
        4.625984 -1.677318 0.337184,
        4.547244 -1.677318 0.337184,
        4.625984 -1.688965 0.370469,
        4.547244 -1.688965 0.370469,
        4.625984 -1.692913 0.405512,
        4.547244 -1.692913 0.405512,
        4.625984 -1.692913 0.484252,
        4.547244 -1.692913 0.484252,
        4.625984 -1.690230 0.504631,
        4.547244 -1.690230 0.504631,
        4.625984 -1.682364 0.523622,
        4.547244 -1.682364 0.523622,
        4.625984 -1.669851 0.539930,
        4.547244 -1.669851 0.539930,
        4.625984 -1.653543 0.552443,
        4.547244 -1.653543 0.552443,
        4.625984 -1.634553 0.560309,
        4.547244 -1.634553 0.560309,
        4.625984 -1.614173 0.562992,
        4.547244 -1.614173 0.562992,
        4.625984 -0.964567 0.562992,
        4.547244 -0.964567 0.562992,
        4.547244 -0.951830 0.564669,
        4.625984 -0.951830 0.564669,
        4.547244 -0.939961 0.569585,
        4.625984 -0.939961 0.569585,
        4.547244 -0.929769 0.577406,
        4.625984 -0.929769 0.577406,
        4.547244 -0.921948 0.587598,
        4.625984 -0.921948 0.587598,
        4.547244 -0.917031 0.599468,
        4.625984 -0.917031 0.599468,
        4.547244 -0.915354 0.612205,
        4.625984 -0.915354 0.612205,
        4.547244 -0.917031 0.624942,
        4.625984 -0.917031 0.624942,
        4.547244 -0.921948 0.636811,
        4.625984 -0.921948 0.636811,
        4.547244 -0.929769 0.647003,
        4.625984 -0.929769 0.647003,
        4.547244 -0.939961 0.654824,
        4.625984 -0.939961 0.654824,
        4.547244 -0.951830 0.659741,
        4.625984 -0.951830 0.659741,
        4.547244 -0.964567 0.661417,
        4.625984 -0.964567 0.661417,
        4.625984 -1.811024 0.661417,
        4.547244 -1.811024 0.661417,
        4.625984 -1.811024 0.787402,
        4.547244 -1.811024 0.787402,
      ]
    }
    coordIndex [
      0, 1, 2, -1,
      2, 1, 3, -1,
      4, 0, 5, -1,
      5, 0, 2, -1,
      6, 4, 7, -1,
      7, 4, 5, -1,
      8, 6, 9, -1,
      9, 6, 7, -1,
      10, 8, 11, -1,
      11, 8, 9, -1,
      12, 10, 13, -1,
      13, 10, 11, -1,
      14, 12, 15, -1,
      15, 12, 13, -1,
      16, 14, 17, -1,
      17, 14, 15, -1,
      18, 16, 19, -1,
      19, 16, 17, -1,
      20, 18, 21, -1,
      21, 18, 19, -1,
      22, 20, 23, -1,
      23, 20, 21, -1,
      24, 22, 25, -1,
      25, 22, 23, -1,
      26, 24, 27, -1,
      27, 24, 25, -1,
      26, 27, 28, -1,
      26, 28, 29, -1,
      29, 28, 30, -1,
      29, 30, 31, -1,
      31, 30, 32, -1,
      31, 32, 33, -1,
      33, 32, 34, -1,
      33, 34, 35, -1,
      35, 34, 36, -1,
      35, 36, 37, -1,
      37, 36, 38, -1,
      37, 38, 39, -1,
      40, 39, 41, -1,
      41, 39, 38, -1,
      40, 41, 42, -1,
      40, 42, 43, -1,
      43, 42, 44, -1,
      43, 44, 45, -1,
      45, 44, 46, -1,
      45, 46, 47, -1,
      47, 46, 48, -1,
      47, 48, 49, -1,
      49, 48, 50, -1,
      49, 50, 51, -1,
      51, 50, 52, -1,
      51, 52, 53, -1,
      54, 53, 55, -1,
      55, 53, 52, -1,
      56, 54, 57, -1,
      57, 54, 55, -1,
      58, 56, 59, -1,
      59, 56, 57, -1,
      60, 58, 61, -1,
      61, 58, 59, -1,
      62, 60, 63, -1,
      63, 60, 61, -1,
      64, 62, 65, -1,
      65, 62, 63, -1,
      66, 64, 67, -1,
      67, 64, 65, -1,
      66, 67, 68, -1,
      66, 68, 69, -1,
      69, 68, 70, -1,
      69, 70, 71, -1,
      71, 70, 72, -1,
      71, 72, 73, -1,
      73, 72, 74, -1,
      73, 74, 75, -1,
      75, 74, 76, -1,
      75, 76, 77, -1,
      77, 76, 78, -1,
      77, 78, 79, -1,
      79, 78, 80, -1,
      79, 80, 81, -1,
      81, 80, 82, -1,
      81, 82, 83, -1,
      83, 82, 84, -1,
      83, 84, 85, -1,
      85, 84, 86, -1,
      85, 86, 87, -1,
      87, 86, 88, -1,
      87, 88, 89, -1,
      90, 89, 91, -1,
      91, 89, 88, -1,
      92, 90, 93, -1,
      93, 90, 91, -1,
      92, 93, 94, -1,
      94, 93, 95, -1,
      94, 95, 96, -1,
      96, 95, 97, -1,
      96, 97, 98, -1,
      98, 97, 99, -1,
      98, 99, 100, -1,
      100, 99, 101, -1,
      100, 101, 102, -1,
      102, 101, 103, -1,
      102, 103, 104, -1,
      104, 103, 105, -1,
      106, 104, 107, -1,
      107, 104, 105, -1,
      106, 107, 108, -1,
      108, 107, 109, -1,
      108, 109, 110, -1,
      110, 109, 111, -1,
      110, 111, 112, -1,
      112, 111, 113, -1,
      112, 113, 114, -1,
      114, 113, 115, -1,
      114, 115, 116, -1,
      116, 115, 117, -1,
      116, 117, 118, -1,
      118, 117, 119, -1,
      118, 119, 120, -1,
      120, 119, 121, -1,
      122, 120, 123, -1,
      123, 120, 121, -1,
      122, 123, 124, -1,
      124, 123, 125, -1,
      124, 125, 126, -1,
      126, 125, 127, -1,
      126, 127, 128, -1,
      128, 127, 129, -1,
      128, 129, 130, -1,
      130, 129, 131, -1,
      130, 131, 132, -1,
      132, 131, 133, -1,
      132, 133, 134, -1,
      134, 133, 135, -1,
      136, 134, 137, -1,
      137, 134, 135, -1,
      136, 137, 138, -1,
      136, 138, 139, -1,
      139, 138, 140, -1,
      139, 140, 141, -1,
      141, 140, 142, -1,
      141, 142, 143, -1,
      143, 142, 144, -1,
      143, 144, 145, -1,
      145, 144, 146, -1,
      145, 146, 147, -1,
      147, 146, 148, -1,
      147, 148, 149, -1,
      149, 148, 150, -1,
      149, 150, 151, -1,
      151, 150, 152, -1,
      151, 152, 153, -1,
      153, 152, 154, -1,
      153, 154, 155, -1,
      155, 154, 156, -1,
      155, 156, 157, -1,
      157, 156, 158, -1,
      157, 158, 159, -1,
      159, 158, 160, -1,
      159, 160, 161, -1,
      162, 161, 163, -1,
      163, 161, 160, -1,
      164, 162, 165, -1,
      165, 162, 163, -1,
      1, 164, 3, -1,
      3, 164, 165, -1,
      6, 8, 10, -1,
      56, 58, 60, -1,
      1, 0, 164, -1,
      164, 0, 4, -1,
      164, 4, 162, -1,
      162, 4, 6, -1,
      75, 77, 89, -1,
      94, 64, 92, -1,
      92, 64, 90, -1,
      94, 96, 64, -1,
      64, 96, 98, -1,
      64, 98, 100, -1,
      90, 64, 89, -1,
      89, 64, 66, -1,
      89, 66, 69, -1,
      60, 29, 56, -1,
      56, 29, 53, -1,
      56, 53, 54, -1,
      16, 18, 14, -1,
      14, 18, 20, -1,
      14, 20, 62, -1,
      62, 20, 22, -1,
      62, 22, 60, -1,
      60, 22, 24, -1,
      60, 24, 29, -1,
      29, 24, 26, -1,
      6, 10, 162, -1,
      162, 10, 12, -1,
      162, 12, 124, -1,
      124, 126, 162, -1,
      162, 126, 128, -1,
      162, 128, 130, -1,
      69, 71, 89, -1,
      89, 71, 73, -1,
      89, 73, 75, -1,
      81, 83, 79, -1,
      79, 83, 85, -1,
      79, 85, 77, -1,
      77, 85, 87, -1,
      77, 87, 89, -1,
      145, 147, 161, -1,
      33, 35, 37, -1,
      40, 43, 53, -1,
      53, 43, 45, -1,
      45, 47, 53, -1,
      53, 47, 49, -1,
      53, 49, 51, -1,
      130, 132, 162, -1,
      162, 132, 134, -1,
      162, 134, 161, -1,
      161, 134, 136, -1,
      161, 136, 139, -1,
      40, 53, 39, -1,
      39, 53, 29, -1,
      39, 29, 37, -1,
      37, 29, 31, -1,
      37, 31, 33, -1,
      108, 110, 62, -1,
      62, 110, 112, -1,
      62, 112, 14, -1,
      14, 112, 114, -1,
      14, 114, 116, -1,
      139, 141, 161, -1,
      161, 141, 143, -1,
      161, 143, 145, -1,
      157, 151, 155, -1,
      155, 151, 153, -1,
      147, 149, 161, -1,
      161, 149, 151, -1,
      161, 151, 159, -1,
      159, 151, 157, -1,
      116, 118, 14, -1,
      14, 118, 120, -1,
      14, 120, 12, -1,
      12, 120, 122, -1,
      12, 122, 124, -1,
      100, 102, 64, -1,
      64, 102, 104, -1,
      64, 104, 62, -1,
      62, 104, 106, -1,
      62, 106, 108, -1,
      21, 19, 17, -1,
      11, 9, 13, -1,
      13, 9, 7, -1,
      17, 15, 21, -1,
      21, 15, 163, -1,
      21, 163, 23, -1,
      61, 59, 25, -1,
      25, 59, 57, -1,
      25, 57, 27, -1,
      2, 3, 5, -1,
      5, 3, 165, -1,
      5, 165, 7, -1,
      7, 165, 163, -1,
      7, 163, 13, -1,
      13, 163, 15, -1,
      42, 41, 52, -1,
      52, 41, 38, -1,
      52, 38, 55, -1,
      34, 32, 57, -1,
      65, 103, 101, -1,
      88, 67, 91, -1,
      91, 67, 65, -1,
      91, 65, 93, -1,
      93, 65, 95, -1,
      129, 163, 131, -1,
      131, 163, 133, -1,
      55, 38, 57, -1,
      57, 38, 36, -1,
      57, 36, 34, -1,
      88, 86, 67, -1,
      67, 86, 84, -1,
      67, 84, 82, -1,
      101, 99, 65, -1,
      65, 99, 97, -1,
      65, 97, 95, -1,
      160, 137, 163, -1,
      163, 137, 135, -1,
      163, 135, 133, -1,
      121, 119, 23, -1,
      23, 119, 117, -1,
      23, 117, 115, -1,
      115, 113, 23, -1,
      23, 113, 111, -1,
      23, 111, 109, -1,
      50, 48, 46, -1,
      32, 30, 57, -1,
      57, 30, 28, -1,
      57, 28, 27, -1,
      70, 68, 78, -1,
      78, 68, 67, -1,
      78, 67, 80, -1,
      80, 67, 82, -1,
      70, 78, 72, -1,
      72, 78, 76, -1,
      72, 76, 74, -1,
      144, 142, 160, -1,
      129, 127, 163, -1,
      163, 127, 125, -1,
      163, 125, 23, -1,
      23, 125, 123, -1,
      23, 123, 121, -1,
      50, 46, 52, -1,
      52, 46, 44, -1,
      52, 44, 42, -1,
      25, 23, 61, -1,
      61, 23, 109, -1,
      61, 109, 63, -1,
      63, 109, 107, -1,
      63, 107, 65, -1,
      65, 107, 105, -1,
      65, 105, 103, -1,
      158, 156, 148, -1,
      148, 156, 154, -1,
      148, 154, 150, -1,
      150, 154, 152, -1,
      158, 148, 160, -1,
      160, 148, 146, -1,
      160, 146, 144, -1,
      142, 140, 160, -1,
      160, 140, 138, -1,
      160, 138, 137, -1,
      166, 167, 168, -1,
      168, 167, 169, -1,
      170, 166, 171, -1,
      171, 166, 168, -1,
      172, 170, 173, -1,
      173, 170, 171, -1,
      174, 172, 175, -1,
      175, 172, 173, -1,
      176, 174, 177, -1,
      177, 174, 175, -1,
      178, 176, 179, -1,
      179, 176, 177, -1,
      180, 178, 181, -1,
      181, 178, 179, -1,
      182, 180, 183, -1,
      183, 180, 181, -1,
      184, 182, 185, -1,
      185, 182, 183, -1,
      186, 184, 187, -1,
      187, 184, 185, -1,
      188, 186, 189, -1,
      189, 186, 187, -1,
      190, 188, 191, -1,
      191, 188, 189, -1,
      192, 190, 193, -1,
      193, 190, 191, -1,
      192, 193, 194, -1,
      192, 194, 195, -1,
      195, 194, 196, -1,
      195, 196, 197, -1,
      197, 196, 198, -1,
      197, 198, 199, -1,
      199, 198, 200, -1,
      199, 200, 201, -1,
      201, 200, 202, -1,
      201, 202, 203, -1,
      203, 202, 204, -1,
      203, 204, 205, -1,
      206, 205, 207, -1,
      207, 205, 204, -1,
      206, 207, 208, -1,
      206, 208, 209, -1,
      209, 208, 210, -1,
      209, 210, 211, -1,
      211, 210, 212, -1,
      211, 212, 213, -1,
      213, 212, 214, -1,
      213, 214, 215, -1,
      215, 214, 216, -1,
      215, 216, 217, -1,
      217, 216, 218, -1,
      217, 218, 219, -1,
      220, 219, 221, -1,
      221, 219, 218, -1,
      222, 220, 223, -1,
      223, 220, 221, -1,
      224, 222, 225, -1,
      225, 222, 223, -1,
      226, 224, 227, -1,
      227, 224, 225, -1,
      228, 226, 229, -1,
      229, 226, 227, -1,
      230, 228, 231, -1,
      231, 228, 229, -1,
      232, 230, 233, -1,
      233, 230, 231, -1,
      232, 233, 234, -1,
      232, 234, 235, -1,
      235, 234, 236, -1,
      235, 236, 237, -1,
      237, 236, 238, -1,
      237, 238, 239, -1,
      239, 238, 240, -1,
      239, 240, 241, -1,
      241, 240, 242, -1,
      241, 242, 243, -1,
      243, 242, 244, -1,
      243, 244, 245, -1,
      245, 244, 246, -1,
      245, 246, 247, -1,
      247, 246, 248, -1,
      247, 248, 249, -1,
      249, 248, 250, -1,
      249, 250, 251, -1,
      251, 250, 252, -1,
      251, 252, 253, -1,
      253, 252, 254, -1,
      253, 254, 255, -1,
      256, 255, 257, -1,
      257, 255, 254, -1,
      258, 256, 259, -1,
      259, 256, 257, -1,
      258, 259, 260, -1,
      260, 259, 261, -1,
      260, 261, 262, -1,
      262, 261, 263, -1,
      262, 263, 264, -1,
      264, 263, 265, -1,
      264, 265, 266, -1,
      266, 265, 267, -1,
      266, 267, 268, -1,
      268, 267, 269, -1,
      268, 269, 270, -1,
      270, 269, 271, -1,
      272, 270, 273, -1,
      273, 270, 271, -1,
      272, 273, 274, -1,
      274, 273, 275, -1,
      274, 275, 276, -1,
      276, 275, 277, -1,
      276, 277, 278, -1,
      278, 277, 279, -1,
      278, 279, 280, -1,
      280, 279, 281, -1,
      280, 281, 282, -1,
      282, 281, 283, -1,
      282, 283, 284, -1,
      284, 283, 285, -1,
      284, 285, 286, -1,
      286, 285, 287, -1,
      288, 286, 289, -1,
      289, 286, 287, -1,
      288, 289, 290, -1,
      290, 289, 291, -1,
      290, 291, 292, -1,
      292, 291, 293, -1,
      292, 293, 294, -1,
      294, 293, 295, -1,
      294, 295, 296, -1,
      296, 295, 297, -1,
      296, 297, 298, -1,
      298, 297, 299, -1,
      298, 299, 300, -1,
      300, 299, 301, -1,
      302, 300, 303, -1,
      303, 300, 301, -1,
      302, 303, 304, -1,
      302, 304, 305, -1,
      305, 304, 306, -1,
      305, 306, 307, -1,
      307, 306, 308, -1,
      307, 308, 309, -1,
      309, 308, 310, -1,
      309, 310, 311, -1,
      311, 310, 312, -1,
      311, 312, 313, -1,
      313, 312, 314, -1,
      313, 314, 315, -1,
      315, 314, 316, -1,
      315, 316, 317, -1,
      317, 316, 318, -1,
      317, 318, 319, -1,
      319, 318, 320, -1,
      319, 320, 321, -1,
      321, 320, 322, -1,
      321, 322, 323, -1,
      323, 322, 324, -1,
      323, 324, 325, -1,
      325, 324, 326, -1,
      325, 326, 327, -1,
      328, 327, 329, -1,
      329, 327, 326, -1,
      330, 328, 331, -1,
      331, 328, 329, -1,
      167, 330, 169, -1,
      169, 330, 331, -1,
      172, 174, 176, -1,
      222, 224, 226, -1,
      167, 166, 330, -1,
      330, 166, 170, -1,
      330, 170, 328, -1,
      328, 170, 172, -1,
      241, 243, 255, -1,
      260, 230, 258, -1,
      258, 230, 256, -1,
      260, 262, 230, -1,
      230, 262, 264, -1,
      230, 264, 266, -1,
      256, 230, 255, -1,
      255, 230, 232, -1,
      255, 232, 235, -1,
      226, 195, 222, -1,
      222, 195, 219, -1,
      222, 219, 220, -1,
      182, 184, 180, -1,
      180, 184, 186, -1,
      180, 186, 228, -1,
      228, 186, 188, -1,
      228, 188, 226, -1,
      226, 188, 190, -1,
      226, 190, 195, -1,
      195, 190, 192, -1,
      172, 176, 328, -1,
      328, 176, 178, -1,
      328, 178, 290, -1,
      235, 237, 255, -1,
      255, 237, 239, -1,
      255, 239, 241, -1,
      247, 249, 245, -1,
      245, 249, 251, -1,
      245, 251, 243, -1,
      243, 251, 253, -1,
      243, 253, 255, -1,
      290, 292, 328, -1,
      328, 292, 294, -1,
      328, 294, 296, -1,
      199, 201, 203, -1,
      311, 313, 327, -1,
      206, 209, 219, -1,
      219, 209, 211, -1,
      211, 213, 219, -1,
      219, 213, 215, -1,
      219, 215, 217, -1,
      274, 276, 228, -1,
      228, 276, 278, -1,
      228, 278, 180, -1,
      180, 278, 280, -1,
      180, 280, 282, -1,
      206, 219, 205, -1,
      205, 219, 195, -1,
      205, 195, 203, -1,
      203, 195, 197, -1,
      203, 197, 199, -1,
      282, 284, 180, -1,
      180, 284, 286, -1,
      180, 286, 178, -1,
      178, 286, 288, -1,
      178, 288, 290, -1,
      296, 298, 328, -1,
      328, 298, 300, -1,
      328, 300, 327, -1,
      327, 300, 302, -1,
      327, 302, 305, -1,
      266, 268, 230, -1,
      230, 268, 270, -1,
      230, 270, 228, -1,
      228, 270, 272, -1,
      228, 272, 274, -1,
      305, 307, 327, -1,
      327, 307, 309, -1,
      327, 309, 311, -1,
      323, 317, 321, -1,
      321, 317, 319, -1,
      313, 315, 327, -1,
      327, 315, 317, -1,
      327, 317, 325, -1,
      325, 317, 323, -1,
      187, 185, 183, -1,
      227, 225, 191, -1,
      191, 225, 223, -1,
      191, 223, 193, -1,
      183, 181, 187, -1,
      187, 181, 329, -1,
      187, 329, 189, -1,
      177, 175, 179, -1,
      179, 175, 173, -1,
      269, 267, 231, -1,
      208, 207, 218, -1,
      218, 207, 204, -1,
      218, 204, 221, -1,
      200, 198, 223, -1,
      267, 265, 231, -1,
      231, 265, 263, -1,
      231, 263, 261, -1,
      254, 233, 257, -1,
      257, 233, 231, -1,
      257, 231, 259, -1,
      259, 231, 261, -1,
      295, 329, 297, -1,
      297, 329, 299, -1,
      221, 204, 223, -1,
      223, 204, 202, -1,
      223, 202, 200, -1,
      168, 169, 171, -1,
      171, 169, 331, -1,
      171, 331, 173, -1,
      173, 331, 329, -1,
      173, 329, 179, -1,
      179, 329, 181, -1,
      254, 252, 233, -1,
      233, 252, 250, -1,
      233, 250, 248, -1,
      326, 303, 329, -1,
      329, 303, 301, -1,
      329, 301, 299, -1,
      287, 285, 189, -1,
      189, 285, 283, -1,
      189, 283, 281, -1,
      281, 279, 189, -1,
      189, 279, 277, -1,
      189, 277, 275, -1,
      216, 214, 212, -1,
      198, 196, 223, -1,
      223, 196, 194, -1,
      223, 194, 193, -1,
      236, 234, 244, -1,
      244, 234, 233, -1,
      244, 233, 246, -1,
      246, 233, 248, -1,
      236, 244, 238, -1,
      238, 244, 242, -1,
      238, 242, 240, -1,
      310, 308, 326, -1,
      295, 293, 329, -1,
      329, 293, 291, -1,
      329, 291, 189, -1,
      189, 291, 289, -1,
      189, 289, 287, -1,
      216, 212, 218, -1,
      218, 212, 210, -1,
      218, 210, 208, -1,
      191, 189, 227, -1,
      227, 189, 275, -1,
      227, 275, 229, -1,
      229, 275, 273, -1,
      229, 273, 231, -1,
      231, 273, 271, -1,
      231, 271, 269, -1,
      324, 322, 314, -1,
      314, 322, 320, -1,
      314, 320, 316, -1,
      316, 320, 318, -1,
      324, 314, 326, -1,
      326, 314, 312, -1,
      326, 312, 310, -1,
      308, 306, 326, -1,
      326, 306, 304, -1,
      326, 304, 303, -1,
    ]
  }
}

Shape {
  appearance Appearance {
    material Material {
      diffuseColor 0.6784 0.6784 0.6784
      specularColor 0.0471 0.0471 0.0471
      ambientIntensity 0.2
      transparency 0.0000
      shininess 0.5
    }
  }
  geometry IndexedFaceSet {
    ccw TRUE
    solid FALSE
    coord DEF co Coordinate {
      point [
        9.409449 -1.811024 0.255906,
        9.409449 -1.811024 0.204724,
        9.409449 -0.708661 0.255906,
        9.409449 -0.708661 0.204724,
        9.406766 -1.831403 0.255906,
        9.406766 -1.831403 0.184345,
        9.398900 -1.850394 0.255906,
        9.398900 -1.850394 0.165354,
        9.386386 -1.866701 0.255906,
        9.386386 -1.866701 0.149047,
        9.378643 -1.873492 0.142256,
        9.370079 -1.879215 0.255906,
        9.370079 -1.879215 0.136533,
        9.360841 -1.883770 0.131978,
        9.351088 -1.887081 0.255906,
        9.351088 -1.887081 0.128667,
        9.340986 -1.889090 0.126658,
        9.330709 -1.889764 0.255906,
        9.330709 -1.889764 0.125984,
        8.779527 -1.889764 0.787402,
        8.572835 -1.889764 0.787402,
        8.779527 -1.889764 0.000000,
        8.572835 -1.889764 0.000000,
        9.409449 -0.708661 0.582677,
        9.409449 -0.708661 0.531496,
        9.074804 -0.708661 0.531496,
        9.074804 -0.708661 0.255906,
        9.406766 -0.708661 0.603057,
        9.330709 -0.708661 0.661417,
        9.406766 -0.708661 0.184345,
        9.398900 -0.708661 0.165354,
        9.330709 -0.708661 0.125984,
        9.370079 -0.708661 0.650868,
        9.386386 -0.708661 0.638355,
        9.398900 -0.708661 0.622047,
        8.917323 -0.708661 0.661417,
        8.917323 -0.708661 0.125984,
        9.386386 -0.708661 0.149047,
        9.370079 -0.708661 0.136533,
        9.351088 -0.708661 0.128667,
        9.351088 -0.708661 0.658734,
        6.309055 -1.791339 0.787402,
        6.407480 -1.791339 0.787402,
        8.779527 -0.708661 0.787402,
        4.133858 -1.889764 0.787402,
        4.340552 -1.889764 0.787402,
        4.340552 -1.791339 0.787402,
        6.210630 -1.791339 0.787402,
        6.210630 -1.889764 0.787402,
        6.309055 -1.889764 0.787402,
        4.133858 -0.708661 0.787402,
        4.438976 -1.791339 0.787402,
        6.604331 -1.791339 0.787402,
        6.505906 -1.791339 0.787402,
        6.505906 -1.889764 0.787402,
        6.407480 -1.889764 0.787402,
        4.635827 -1.791339 0.787402,
        4.635827 -1.889764 0.787402,
        4.734252 -1.889764 0.787402,
        4.734252 -1.791339 0.787402,
        4.832678 -1.791339 0.787402,
        4.537402 -1.791339 0.787402,
        4.537402 -1.889764 0.787402,
        4.438976 -1.889764 0.787402,
        7.490157 -1.791339 0.787402,
        7.588583 -1.791339 0.787402,
        5.029528 -1.791339 0.787402,
        5.029528 -1.889764 0.787402,
        5.127953 -1.889764 0.787402,
        7.391732 -1.791339 0.787402,
        7.391732 -1.889764 0.787402,
        7.490157 -1.889764 0.787402,
        7.883858 -1.791339 0.787402,
        7.982283 -1.791339 0.787402,
        5.127953 -1.791339 0.787402,
        5.226378 -1.791339 0.787402,
        6.604331 -1.889764 0.787402,
        6.702756 -1.889764 0.787402,
        6.702756 -1.791339 0.787402,
        6.801181 -1.791339 0.787402,
        7.785433 -1.791339 0.787402,
        7.785433 -1.889764 0.787402,
        7.883858 -1.889764 0.787402,
        4.931102 -1.791339 0.787402,
        4.931102 -1.889764 0.787402,
        4.832678 -1.889764 0.787402,
        7.687009 -1.791339 0.787402,
        7.687009 -1.889764 0.787402,
        7.588583 -1.889764 0.787402,
        8.277559 -1.791339 0.787402,
        8.375985 -1.791339 0.787402,
        6.801181 -1.889764 0.787402,
        6.899606 -1.889764 0.787402,
        6.899606 -1.791339 0.787402,
        6.998031 -1.791339 0.787402,
        8.179134 -1.791339 0.787402,
        8.179134 -1.889764 0.787402,
        8.277559 -1.889764 0.787402,
        5.423229 -1.791339 0.787402,
        5.423229 -1.889764 0.787402,
        5.521654 -1.889764 0.787402,
        8.080709 -1.791339 0.787402,
        8.080709 -1.889764 0.787402,
        7.982283 -1.889764 0.787402,
        5.521654 -1.791339 0.787402,
        5.620079 -1.791339 0.787402,
        6.998031 -1.889764 0.787402,
        7.096457 -1.889764 0.787402,
        7.096457 -1.791339 0.787402,
        7.194882 -1.791339 0.787402,
        8.572835 -1.791339 0.787402,
        8.474409 -1.791339 0.787402,
        8.474409 -1.889764 0.787402,
        8.375985 -1.889764 0.787402,
        5.324803 -1.791339 0.787402,
        5.324803 -1.889764 0.787402,
        5.226378 -1.889764 0.787402,
        7.293308 -1.791339 0.787402,
        7.293308 -1.889764 0.787402,
        7.194882 -1.889764 0.787402,
        5.816929 -1.791339 0.787402,
        5.816929 -1.889764 0.787402,
        5.915354 -1.889764 0.787402,
        5.915354 -1.791339 0.787402,
        6.013780 -1.791339 0.787402,
        5.718504 -1.791339 0.787402,
        5.718504 -1.889764 0.787402,
        5.620079 -1.889764 0.787402,
        6.112205 -1.791339 0.787402,
        6.112205 -1.889764 0.787402,
        6.013780 -1.889764 0.787402,
        9.330709 -1.889764 0.531496,
        9.330709 -1.889764 0.661417,
        9.074804 -1.889764 0.531496,
        8.917323 -1.889764 0.661417,
        9.074804 -1.889764 0.255906,
        8.917323 -1.889764 0.125984,
        6.505906 -1.791339 0.000000,
        6.505906 -1.889764 0.000000,
        6.454391 -1.889764 0.000000,
        8.779527 -0.708661 0.000000,
        8.779527 -1.134825 0.000000,
        8.622047 -0.708661 0.000000,
        6.535063 -1.134825 0.000000,
        8.622047 -0.314961 -0.000000,
        6.454391 -0.314961 -0.000000,
        4.133858 -1.134825 0.000000,
        4.133858 -0.708661 0.000000,
        4.291339 -0.708661 0.000000,
        5.521654 -1.791339 0.000000,
        5.521654 -1.889764 0.000000,
        5.423229 -1.889764 0.000000,
        6.309055 -1.791339 0.000000,
        6.309055 -1.889764 0.000000,
        6.210630 -1.889764 0.000000,
        6.441152 -1.332827 0.000000,
        6.441152 -1.135976 0.000000,
        6.454391 -1.134825 0.000000,
        6.329488 -1.135976 0.000000,
        6.297256 -1.332827 0.000000,
        6.297256 -1.135976 0.000000,
        6.329488 -1.157849 0.000000,
        6.020974 -1.332827 0.000000,
        5.423229 -1.791339 0.000000,
        6.078200 -1.134825 0.000000,
        5.324803 -1.791339 0.000000,
        5.324803 -1.889764 0.000000,
        5.226378 -1.889764 0.000000,
        5.226378 -1.791339 0.000000,
        5.127953 -1.791339 0.000000,
        6.112205 -1.889764 0.000000,
        6.013780 -1.889764 0.000000,
        6.112205 -1.791339 0.000000,
        6.013780 -1.791339 0.000000,
        5.718504 -1.791339 0.000000,
        5.718504 -1.889764 0.000000,
        5.620079 -1.889764 0.000000,
        6.336395 -1.240733 0.000000,
        6.336395 -1.218861 0.000000,
        6.414675 -1.218861 0.000000,
        6.414675 -1.157849 0.000000,
        5.127953 -1.889764 0.000000,
        5.029528 -1.889764 0.000000,
        5.029528 -1.791339 0.000000,
        4.931102 -1.791339 0.000000,
        4.537402 -1.791339 0.000000,
        4.537402 -1.889764 0.000000,
        4.438976 -1.889764 0.000000,
        5.915354 -1.889764 0.000000,
        5.816929 -1.889764 0.000000,
        5.915354 -1.791339 0.000000,
        5.816929 -1.791339 0.000000,
        6.159115 -1.332827 0.000000,
        6.407480 -1.889764 0.000000,
        6.407480 -1.791339 0.000000,
        4.931102 -1.889764 0.000000,
        4.832678 -1.889764 0.000000,
        4.832678 -1.791339 0.000000,
        4.734252 -1.791339 0.000000,
        6.210630 -1.791339 0.000000,
        6.219006 -1.142556 0.000000,
        6.205756 -1.149665 0.000000,
        6.101889 -1.134825 0.000000,
        4.734252 -1.889764 0.000000,
        4.635827 -1.889764 0.000000,
        4.635827 -1.791339 0.000000,
        4.438976 -1.791339 0.000000,
        4.340552 -1.889764 0.000000,
        4.133858 -1.889764 0.000000,
        4.340552 -1.791339 0.000000,
        6.195671 -1.158640 0.000000,
        6.187501 -1.170563 0.000000,
        6.180128 -1.190038 0.000000,
        5.620079 -1.791339 0.000000,
        6.115370 -1.271815 0.000000,
        6.131487 -1.332827 0.000000,
        6.064719 -1.271815 0.000000,
        6.048602 -1.332827 0.000000,
        6.258116 -1.135976 0.000000,
        6.236615 -1.137689 0.000000,
        6.101556 -1.133674 0.000000,
        4.291339 -0.314961 -0.000000,
        6.078533 -1.133674 0.000000,
        6.182074 -1.284157 0.000000,
        6.189105 -1.299362 0.000000,
        6.197389 -1.310082 0.000000,
        6.209104 -1.319723 0.000000,
        6.224305 -1.327309 0.000000,
        6.242307 -1.331766 0.000000,
        6.258116 -1.332827 0.000000,
        6.175370 -1.226297 0.000000,
        6.175231 -1.234977 0.000000,
        6.177156 -1.263347 0.000000,
        6.738155 -1.332827 0.000000,
        8.375985 -1.791339 0.000000,
        6.618433 -1.332827 0.000000,
        8.277559 -1.791339 0.000000,
        6.526339 -1.133674 0.000000,
        6.517310 -1.134825 0.000000,
        6.511074 -1.135620 0.000000,
        6.499691 -1.140144 0.000000,
        6.553100 -1.170488 0.000000,
        6.559014 -1.181598 0.000000,
        6.494106 -1.206198 0.000000,
        6.494106 -1.254547 0.000000,
        6.468780 -1.206198 0.000000,
        8.572835 -1.791339 0.000000,
        6.489277 -1.147597 0.000000,
        6.479848 -1.158485 0.000000,
        6.473519 -1.171206 0.000000,
        6.469361 -1.189672 0.000000,
        6.467629 -1.254547 0.000000,
        6.564250 -1.202166 0.000000,
        6.566630 -1.238431 0.000000,
        6.495647 -1.277865 0.000000,
        6.563902 -1.273688 0.000000,
        8.474409 -1.791339 0.000000,
        6.738155 -1.135976 0.000000,
        8.080709 -1.791339 0.000000,
        8.080709 -1.889764 0.000000,
        7.982283 -1.889764 0.000000,
        7.982283 -1.791339 0.000000,
        7.883858 -1.791339 0.000000,
        8.375985 -1.889764 0.000000,
        8.474409 -1.889764 0.000000,
        8.277559 -1.889764 0.000000,
        8.179134 -1.889764 0.000000,
        8.179134 -1.791339 0.000000,
        6.507707 -1.304581 0.000000,
        6.502517 -1.298533 0.000000,
        6.499132 -1.291748 0.000000,
        7.687009 -1.791339 0.000000,
        7.687009 -1.889764 0.000000,
        7.588583 -1.889764 0.000000,
        7.588583 -1.791339 0.000000,
        7.490157 -1.791339 0.000000,
        7.883858 -1.889764 0.000000,
        7.785433 -1.889764 0.000000,
        7.785433 -1.791339 0.000000,
        6.559422 -1.289315 0.000000,
        6.554383 -1.298448 0.000000,
        6.547555 -1.305955 0.000000,
        6.495575 -1.186888 0.000000,
        6.498924 -1.174573 0.000000,
        6.524644 -1.155606 0.000000,
        6.502153 -1.168227 0.000000,
        6.517136 -1.156778 0.000000,
        6.506203 -1.163130 0.000000,
        6.511289 -1.159218 0.000000,
        6.534783 -1.156655 0.000000,
        6.541296 -1.159333 0.000000,
        6.547433 -1.163869 0.000000,
        7.293308 -1.791339 0.000000,
        7.293308 -1.889764 0.000000,
        7.194882 -1.889764 0.000000,
        7.194882 -1.791339 0.000000,
        7.096457 -1.791339 0.000000,
        6.526339 -1.155546 0.000000,
        7.490157 -1.889764 0.000000,
        7.391732 -1.889764 0.000000,
        7.391732 -1.791339 0.000000,
        6.541295 -1.310109 0.000000,
        6.534835 -1.312456 0.000000,
        6.514033 -1.309452 0.000000,
        6.527491 -1.313257 0.000000,
        6.520389 -1.312239 0.000000,
        6.899606 -1.791339 0.000000,
        6.899606 -1.889764 0.000000,
        6.801181 -1.889764 0.000000,
        6.702756 -1.889764 0.000000,
        6.604331 -1.889764 0.000000,
        6.702756 -1.791339 0.000000,
        6.604331 -1.791339 0.000000,
        7.096457 -1.889764 0.000000,
        6.998031 -1.889764 0.000000,
        6.998031 -1.791339 0.000000,
        6.801181 -1.791339 0.000000,
        6.711678 -1.135976 0.000000,
        6.542353 -1.135787 0.000000,
        6.527491 -1.335129 0.000000,
        6.542605 -1.333291 0.000000,
        6.470229 -1.281224 0.000000,
        6.475455 -1.299585 0.000000,
        6.575847 -1.161012 0.000000,
        6.564860 -1.148381 0.000000,
        6.553995 -1.140533 0.000000,
        6.618433 -1.310955 0.000000,
        6.555349 -1.328371 0.000000,
        6.567092 -1.320297 0.000000,
        6.577668 -1.308953 0.000000,
        6.585341 -1.295237 0.000000,
        6.591722 -1.272731 0.000000,
        6.481914 -1.311605 0.000000,
        6.491933 -1.322267 0.000000,
        6.503739 -1.329912 0.000000,
        6.414675 -1.240733 0.000000,
        6.414675 -1.310955 0.000000,
        6.323733 -1.310955 0.000000,
        6.323733 -1.332827 0.000000,
        6.711678 -1.310955 0.000000,
        6.594258 -1.240733 0.000000,
        6.591135 -1.201429 0.000000,
        6.583526 -1.175044 0.000000,
        6.515446 -1.333893 0.000000,
        8.759843 -0.708661 0.551181,
        8.622047 -0.708661 0.551181,
        8.622047 -0.708661 0.629921,
        8.622047 -0.708661 0.157480,
        4.291339 -0.708661 0.157480,
        4.153543 -0.708661 0.157480,
        4.153543 -0.708661 0.551181,
        4.291339 -0.708661 0.551181,
        4.291339 -0.708661 0.629921,
        8.759843 -0.708661 0.157480,
        8.572835 -0.708661 0.629921,
        8.474409 -0.708661 0.629921,
        8.375985 -0.708661 0.629921,
        8.474409 -0.708661 0.669291,
        8.375985 -0.708661 0.669291,
        7.883858 -0.708661 0.669291,
        7.883858 -0.708661 0.629921,
        7.785433 -0.708661 0.629921,
        7.785433 -0.708661 0.669291,
        7.687009 -0.708661 0.669291,
        8.572835 -0.708661 0.669291,
        8.277559 -0.708661 0.669291,
        7.293308 -0.708661 0.669291,
        7.293308 -0.708661 0.629921,
        7.194882 -0.708661 0.629921,
        8.277559 -0.708661 0.629921,
        8.179134 -0.708661 0.629921,
        8.179134 -0.708661 0.669291,
        8.080709 -0.708661 0.669291,
        8.080709 -0.708661 0.629921,
        7.982283 -0.708661 0.629921,
        7.982283 -0.708661 0.669291,
        7.194882 -0.708661 0.669291,
        7.096457 -0.708661 0.669291,
        6.899606 -0.708661 0.669291,
        6.899606 -0.708661 0.629921,
        6.801181 -0.708661 0.629921,
        7.687009 -0.708661 0.629921,
        7.588583 -0.708661 0.629921,
        7.588583 -0.708661 0.669291,
        7.490157 -0.708661 0.669291,
        7.490157 -0.708661 0.629921,
        7.391732 -0.708661 0.629921,
        7.391732 -0.708661 0.669291,
        6.801181 -0.708661 0.669291,
        6.702756 -0.708661 0.669291,
        6.998031 -0.708661 0.669291,
        6.998031 -0.708661 0.629921,
        7.096457 -0.708661 0.629921,
        6.309055 -0.708661 0.669291,
        6.309055 -0.708661 0.629921,
        6.210630 -0.708661 0.629921,
        6.210630 -0.708661 0.669291,
        6.112205 -0.708661 0.669291,
        6.702756 -0.708661 0.629921,
        6.604331 -0.708661 0.629921,
        6.604331 -0.708661 0.669291,
        6.505906 -0.708661 0.669291,
        6.407480 -0.708661 0.669291,
        6.407480 -0.708661 0.629921,
        6.505906 -0.708661 0.629921,
        5.915354 -0.708661 0.669291,
        5.915354 -0.708661 0.629921,
        5.816929 -0.708661 0.629921,
        5.816929 -0.708661 0.669291,
        5.718504 -0.708661 0.669291,
        6.013780 -0.708661 0.669291,
        6.013780 -0.708661 0.629921,
        6.112205 -0.708661 0.629921,
        5.521654 -0.708661 0.669291,
        5.521654 -0.708661 0.629921,
        5.423229 -0.708661 0.629921,
        5.423229 -0.708661 0.669291,
        5.324803 -0.708661 0.669291,
        5.620079 -0.708661 0.669291,
        5.620079 -0.708661 0.629921,
        5.718504 -0.708661 0.629921,
        5.127953 -0.708661 0.669291,
        5.127953 -0.708661 0.629921,
        5.029528 -0.708661 0.629921,
        5.029528 -0.708661 0.669291,
        4.931102 -0.708661 0.669291,
        5.226378 -0.708661 0.669291,
        5.226378 -0.708661 0.629921,
        5.324803 -0.708661 0.629921,
        4.734252 -0.708661 0.669291,
        4.734252 -0.708661 0.629921,
        4.635827 -0.708661 0.629921,
        4.635827 -0.708661 0.669291,
        4.537402 -0.708661 0.669291,
        4.832678 -0.708661 0.669291,
        4.832678 -0.708661 0.629921,
        4.931102 -0.708661 0.629921,
        4.340552 -0.708661 0.629921,
        4.340552 -0.708661 0.669291,
        4.438976 -0.708661 0.669291,
        4.438976 -0.708661 0.629921,
        4.537402 -0.708661 0.629921,
        9.409449 -1.811024 0.531496,
        9.409449 -1.811024 0.582677,
        8.622047 -0.787402 0.551181,
        8.917323 -0.728346 0.125984,
        8.917323 -1.870079 0.125984,
        8.779527 -1.870079 0.125984,
        8.779527 -0.728346 0.125984,
        8.917323 -0.728346 0.661417,
        8.917323 -1.870079 0.661417,
        8.779527 -1.870079 0.661417,
        8.779527 -0.728346 0.661417,
        9.406766 -1.831403 0.603057,
        9.398900 -1.850394 0.622047,
        9.386386 -1.866701 0.638355,
        9.378643 -1.873492 0.645146,
        9.370079 -1.879215 0.650868,
        9.360841 -1.883770 0.655424,
        9.351088 -1.887081 0.658734,
        9.340986 -1.889090 0.660744,
        9.351088 -1.887081 0.531496,
        9.370079 -1.879215 0.531496,
        9.386386 -1.866701 0.531496,
        9.398900 -1.850394 0.531496,
        9.406766 -1.831403 0.531496,
        8.622047 -0.433071 0.236220,
        8.572835 -0.433071 0.236220,
        8.622047 -0.787402 0.236220,
        8.572835 -1.751969 0.236220,
        8.759843 -0.787402 0.236220,
        8.759843 -1.751969 0.236220,
        8.759843 -1.751969 0.551181,
        8.572835 -0.787402 0.551181,
        8.572835 -1.751969 0.551181,
        8.474409 -0.314961 0.118110,
        8.375985 -0.314961 0.118110,
        8.375985 -0.318985 0.148680,
        8.474409 -0.318985 0.148680,
        8.375985 -0.330784 0.177165,
        8.474409 -0.330784 0.177165,
        8.375985 -0.349554 0.201627,
        8.474409 -0.349554 0.201627,
        8.375985 -0.374016 0.220397,
        8.474409 -0.374016 0.220397,
        8.375985 -0.402502 0.232196,
        8.474409 -0.402502 0.232196,
        8.375985 -0.433071 0.236220,
        8.474409 -0.433071 0.236220,
        8.375985 -1.751969 0.236220,
        8.474409 -1.751969 0.236220,
        8.474409 -1.751969 0.551181,
        8.375985 -1.751969 0.551181,
        8.474409 -0.787402 0.551181,
        8.375985 -0.787402 0.551181,
        6.505906 -0.314961 0.118110,
        6.604331 -0.314961 0.118110,
        6.702756 -0.314961 0.118110,
        4.291339 -0.314961 0.118110,
        4.340552 -0.314961 0.118110,
        4.438976 -0.314961 0.118110,
        4.537402 -0.314961 0.118110,
        6.801181 -0.314961 0.118110,
        6.899606 -0.314961 0.118110,
        6.998031 -0.314961 0.118110,
        4.635827 -0.314961 0.118110,
        4.734252 -0.314961 0.118110,
        4.832678 -0.314961 0.118110,
        7.096457 -0.314961 0.118110,
        7.194882 -0.314961 0.118110,
        7.293308 -0.314961 0.118110,
        4.931102 -0.314961 0.118110,
        5.029528 -0.314961 0.118110,
        5.127953 -0.314961 0.118110,
        7.391732 -0.314961 0.118110,
        7.490157 -0.314961 0.118110,
        5.226378 -0.314961 0.118110,
        5.324803 -0.314961 0.118110,
        7.588583 -0.314961 0.118110,
        7.687009 -0.314961 0.118110,
        7.785433 -0.314961 0.118110,
        5.423229 -0.314961 0.118110,
        5.521654 -0.314961 0.118110,
        5.620079 -0.314961 0.118110,
        7.883858 -0.314961 0.118110,
        7.982283 -0.314961 0.118110,
        8.080709 -0.314961 0.118110,
        5.718504 -0.314961 0.118110,
        5.816929 -0.314961 0.118110,
        5.915354 -0.314961 0.118110,
        8.179134 -0.314961 0.118110,
        8.277559 -0.314961 0.118110,
        6.013780 -0.314961 0.118110,
        6.112205 -0.314961 0.118110,
        6.210630 -0.314961 0.118110,
        6.309055 -0.314961 0.118110,
        6.407480 -0.314961 0.118110,
        8.572835 -0.314961 0.118110,
        8.622047 -0.314961 0.118110,
        8.572835 -0.318985 0.148680,
        8.622047 -0.318985 0.148680,
        8.572835 -0.330784 0.177165,
        8.622047 -0.330784 0.177165,
        8.572835 -0.349554 0.201627,
        8.622047 -0.349554 0.201627,
        8.572835 -0.374016 0.220397,
        8.622047 -0.374016 0.220397,
        8.572835 -0.402502 0.232196,
        8.622047 -0.402502 0.232196,
        8.474409 -1.791339 0.669291,
        8.572835 -1.791339 0.669291,
        8.474409 -1.791339 0.118110,
        8.572835 -1.791339 0.118110,
        8.179134 -0.318985 0.148680,
        8.277559 -0.318985 0.148680,
        8.179134 -0.330784 0.177165,
        8.277559 -0.330784 0.177165,
        8.179134 -0.349554 0.201627,
        8.277559 -0.349554 0.201627,
        8.179134 -0.374016 0.220397,
        8.277559 -0.374016 0.220397,
        8.179134 -0.402502 0.232196,
        8.277559 -0.402502 0.232196,
        8.179134 -0.433071 0.236220,
        8.277559 -0.433071 0.236220,
        8.179134 -1.751969 0.236220,
        8.277559 -1.751969 0.236220,
        8.277559 -1.751969 0.551181,
        8.179134 -1.751969 0.551181,
        8.277559 -0.787402 0.551181,
        8.179134 -0.787402 0.551181,
        8.277559 -1.791339 0.669291,
        8.375985 -1.791339 0.669291,
        8.277559 -1.791339 0.118110,
        8.375985 -1.791339 0.118110,
        7.982283 -0.318985 0.148680,
        8.080709 -0.318985 0.148680,
        7.982283 -0.330784 0.177165,
        8.080709 -0.330784 0.177165,
        7.982283 -0.349554 0.201627,
        8.080709 -0.349554 0.201627,
        7.982283 -0.374016 0.220397,
        8.080709 -0.374016 0.220397,
        7.982283 -0.402502 0.232196,
        8.080709 -0.402502 0.232196,
        7.982283 -0.433071 0.236220,
        8.080709 -0.433071 0.236220,
        7.982283 -1.751969 0.236220,
        8.080709 -1.751969 0.236220,
        8.080709 -1.751969 0.551181,
        7.982283 -1.751969 0.551181,
        8.080709 -0.787402 0.551181,
        7.982283 -0.787402 0.551181,
        8.080709 -1.791339 0.669291,
        8.179134 -1.791339 0.669291,
        8.080709 -1.791339 0.118110,
        8.179134 -1.791339 0.118110,
        7.785433 -0.318985 0.148680,
        7.883858 -0.318985 0.148680,
        7.785433 -0.330784 0.177165,
        7.883858 -0.330784 0.177165,
        7.785433 -0.349554 0.201627,
        7.883858 -0.349554 0.201627,
        7.785433 -0.374016 0.220397,
        7.883858 -0.374016 0.220397,
        7.785433 -0.402502 0.232196,
        7.883858 -0.402502 0.232196,
        7.785433 -0.433071 0.236220,
        7.883858 -0.433071 0.236220,
        7.785433 -1.751969 0.236220,
        7.883858 -1.751969 0.236220,
        7.883858 -1.751969 0.551181,
        7.785433 -1.751969 0.551181,
        7.883858 -0.787402 0.551181,
        7.785433 -0.787402 0.551181,
        7.883858 -1.791339 0.669291,
        7.982283 -1.791339 0.669291,
        7.883858 -1.791339 0.118110,
        7.982283 -1.791339 0.118110,
        4.291339 -0.787402 0.551181,
        3.503937 -1.811024 0.204724,
        3.503937 -1.811024 0.255906,
        3.503937 -0.708661 0.204724,
        3.503937 -0.708661 0.255906,
        3.582677 -1.889764 0.125984,
        3.582677 -1.889764 0.255906,
        3.572400 -1.889090 0.126658,
        3.562298 -1.887081 0.255906,
        3.543307 -1.879215 0.255906,
        3.552544 -1.883770 0.131978,
        3.562298 -1.887081 0.128667,
        3.527000 -1.866701 0.149047,
        3.534743 -1.873492 0.142256,
        3.543307 -1.879215 0.136533,
        3.527000 -1.866701 0.255906,
        3.514486 -1.850394 0.255906,
        3.514486 -1.850394 0.165354,
        3.506620 -1.831403 0.255906,
        3.506620 -1.831403 0.184345,
        3.503937 -0.708661 0.531496,
        3.582677 -0.708661 0.661417,
        3.838583 -0.708661 0.531496,
        3.996063 -0.708661 0.661417,
        3.838583 -0.708661 0.255906,
        3.996063 -0.708661 0.125984,
        3.582677 -0.708661 0.125984,
        3.543307 -0.708661 0.650868,
        3.506620 -0.708661 0.603057,
        3.527000 -0.708661 0.638355,
        3.514486 -0.708661 0.622047,
        3.503937 -0.708661 0.582677,
        3.562298 -0.708661 0.658734,
        3.562298 -0.708661 0.128667,
        3.506620 -0.708661 0.184345,
        3.543307 -0.708661 0.136533,
        3.527000 -0.708661 0.149047,
        3.514486 -0.708661 0.165354,
        3.838583 -1.889764 0.255906,
        3.996063 -1.889764 0.125984,
        3.838583 -1.889764 0.531496,
        3.996063 -1.889764 0.661417,
        3.582677 -1.889764 0.531496,
        3.582677 -1.889764 0.661417,
        3.503937 -1.811024 0.582677,
        3.503937 -1.811024 0.531496,
        3.996063 -1.870079 0.125984,
        3.996063 -0.728346 0.125984,
        4.133858 -0.728346 0.125984,
        4.133858 -1.870079 0.125984,
        3.996063 -1.870079 0.661417,
        3.996063 -0.728346 0.661417,
        4.133858 -0.728346 0.661417,
        4.133858 -1.870079 0.661417,
        3.572400 -1.889090 0.660744,
        3.552544 -1.883770 0.655424,
        3.562298 -1.887081 0.658734,
        3.527000 -1.866701 0.638355,
        3.534743 -1.873492 0.645146,
        3.543307 -1.879215 0.650868,
        3.514486 -1.850394 0.622047,
        3.506620 -1.831403 0.603057,
        3.506620 -1.831403 0.531496,
        3.514486 -1.850394 0.531496,
        3.527000 -1.866701 0.531496,
        3.543307 -1.879215 0.531496,
        3.562298 -1.887081 0.531496,
        4.340552 -0.433071 0.236220,
        4.291339 -0.433071 0.236220,
        4.291339 -0.787402 0.236220,
        4.153543 -0.787402 0.236220,
        4.153543 -1.751969 0.236220,
        4.340552 -1.751969 0.236220,
        4.153543 -1.751969 0.551181,
        4.340552 -0.787402 0.551181,
        4.340552 -1.751969 0.551181,
        4.291339 -0.402502 0.232196,
        4.291339 -0.374016 0.220397,
        4.291339 -0.349554 0.201627,
        4.291339 -0.330784 0.177165,
        4.291339 -0.318985 0.148680,
        4.340552 -0.318985 0.148680,
        4.340552 -0.330784 0.177165,
        4.340552 -0.349554 0.201627,
        4.340552 -0.374016 0.220397,
        4.340552 -0.402502 0.232196,
        4.438976 -0.318985 0.148680,
        4.537402 -0.318985 0.148680,
        4.438976 -0.330784 0.177165,
        4.537402 -0.330784 0.177165,
        4.438976 -0.349554 0.201627,
        4.537402 -0.349554 0.201627,
        4.438976 -0.374016 0.220397,
        4.537402 -0.374016 0.220397,
        4.438976 -0.402502 0.232196,
        4.537402 -0.402502 0.232196,
        4.438976 -0.433071 0.236220,
        4.537402 -0.433071 0.236220,
        4.438976 -1.751969 0.236220,
        4.537402 -1.751969 0.236220,
        4.537402 -1.751969 0.551181,
        4.438976 -1.751969 0.551181,
        4.537402 -0.787402 0.551181,
        4.438976 -0.787402 0.551181,
        4.340552 -1.791339 0.669291,
        4.438976 -1.791339 0.669291,
        4.340552 -1.791339 0.118110,
        4.438976 -1.791339 0.118110,
        4.635827 -0.318985 0.148680,
        4.734252 -0.318985 0.148680,
        4.635827 -0.330784 0.177165,
        4.734252 -0.330784 0.177165,
        4.635827 -0.349554 0.201627,
        4.734252 -0.349554 0.201627,
        4.635827 -0.374016 0.220397,
        4.734252 -0.374016 0.220397,
        4.635827 -0.402502 0.232196,
        4.734252 -0.402502 0.232196,
        4.635827 -0.433071 0.236220,
        4.734252 -0.433071 0.236220,
        4.635827 -1.751969 0.236220,
        4.734252 -1.751969 0.236220,
        4.734252 -1.751969 0.551181,
        4.635827 -1.751969 0.551181,
        4.734252 -0.787402 0.551181,
        4.635827 -0.787402 0.551181,
        4.537402 -1.791339 0.669291,
        4.635827 -1.791339 0.669291,
        4.537402 -1.791339 0.118110,
        4.635827 -1.791339 0.118110,
        4.832678 -0.318985 0.148680,
        4.931102 -0.318985 0.148680,
        4.832678 -0.330784 0.177165,
        4.931102 -0.330784 0.177165,
        4.832678 -0.349554 0.201627,
        4.931102 -0.349554 0.201627,
        4.832678 -0.374016 0.220397,
        4.931102 -0.374016 0.220397,
        4.832678 -0.402502 0.232196,
        4.931102 -0.402502 0.232196,
        4.832678 -0.433071 0.236220,
        4.931102 -0.433071 0.236220,
        4.832678 -1.751969 0.236220,
        4.931102 -1.751969 0.236220,
        4.931102 -1.751969 0.551181,
        4.832678 -1.751969 0.551181,
        4.931102 -0.787402 0.551181,
        4.832678 -0.787402 0.551181,
        4.734252 -1.791339 0.669291,
        4.832678 -1.791339 0.669291,
        4.734252 -1.791339 0.118110,
        4.832678 -1.791339 0.118110,
        5.029528 -0.318985 0.148680,
        5.127953 -0.318985 0.148680,
        5.029528 -0.330784 0.177165,
        5.127953 -0.330784 0.177165,
        5.029528 -0.349554 0.201627,
        5.127953 -0.349554 0.201627,
        5.029528 -0.374016 0.220397,
        5.127953 -0.374016 0.220397,
        5.029528 -0.402502 0.232196,
        5.127953 -0.402502 0.232196,
        5.029528 -0.433071 0.236220,
        5.127953 -0.433071 0.236220,
        5.029528 -1.751969 0.236220,
        5.127953 -1.751969 0.236220,
        5.127953 -1.751969 0.551181,
        5.029528 -1.751969 0.551181,
        5.127953 -0.787402 0.551181,
        5.029528 -0.787402 0.551181,
        4.931102 -1.791339 0.669291,
        5.029528 -1.791339 0.669291,
        4.931102 -1.791339 0.118110,
        5.029528 -1.791339 0.118110,
        5.226378 -0.318985 0.148680,
        5.324803 -0.318985 0.148680,
        5.226378 -0.330784 0.177165,
        5.324803 -0.330784 0.177165,
        5.226378 -0.349554 0.201627,
        5.324803 -0.349554 0.201627,
        5.226378 -0.374016 0.220397,
        5.324803 -0.374016 0.220397,
        5.226378 -0.402502 0.232196,
        5.324803 -0.402502 0.232196,
        5.226378 -0.433071 0.236220,
        5.324803 -0.433071 0.236220,
        5.226378 -1.751969 0.236220,
        5.324803 -1.751969 0.236220,
        5.324803 -1.751969 0.551181,
        5.226378 -1.751969 0.551181,
        5.324803 -0.787402 0.551181,
        5.226378 -0.787402 0.551181,
        5.127953 -1.791339 0.669291,
        5.226378 -1.791339 0.669291,
        5.127953 -1.791339 0.118110,
        5.226378 -1.791339 0.118110,
        5.423229 -0.318985 0.148680,
        5.521654 -0.318985 0.148680,
        5.423229 -0.330784 0.177165,
        5.521654 -0.330784 0.177165,
        5.423229 -0.349554 0.201627,
        5.521654 -0.349554 0.201627,
        5.423229 -0.374016 0.220397,
        5.521654 -0.374016 0.220397,
        5.423229 -0.402502 0.232196,
        5.521654 -0.402502 0.232196,
        5.423229 -0.433071 0.236220,
        5.521654 -0.433071 0.236220,
        5.423229 -1.751969 0.236220,
        5.521654 -1.751969 0.236220,
        5.521654 -1.751969 0.551181,
        5.423229 -1.751969 0.551181,
        5.521654 -0.787402 0.551181,
        5.423229 -0.787402 0.551181,
        5.324803 -1.791339 0.669291,
        5.423229 -1.791339 0.669291,
        5.324803 -1.791339 0.118110,
        5.423229 -1.791339 0.118110,
        5.620079 -0.318985 0.148680,
        5.718504 -0.318985 0.148680,
        5.620079 -0.330784 0.177165,
        5.718504 -0.330784 0.177165,
        5.620079 -0.349554 0.201627,
        5.718504 -0.349554 0.201627,
        5.620079 -0.374016 0.220397,
        5.718504 -0.374016 0.220397,
        5.620079 -0.402502 0.232196,
        5.718504 -0.402502 0.232196,
        5.620079 -0.433071 0.236220,
        5.718504 -0.433071 0.236220,
        5.620079 -1.751969 0.236220,
        5.718504 -1.751969 0.236220,
        5.718504 -1.751969 0.551181,
        5.620079 -1.751969 0.551181,
        5.718504 -0.787402 0.551181,
        5.620079 -0.787402 0.551181,
        5.816929 -0.318985 0.148680,
        5.915354 -0.318985 0.148680,
        5.816929 -0.330784 0.177165,
        5.915354 -0.330784 0.177165,
        5.816929 -0.349554 0.201627,
        5.915354 -0.349554 0.201627,
        5.816929 -0.374016 0.220397,
        5.915354 -0.374016 0.220397,
        5.816929 -0.402502 0.232196,
        5.915354 -0.402502 0.232196,
        5.816929 -0.433071 0.236220,
        5.915354 -0.433071 0.236220,
        5.816929 -1.751969 0.236220,
        5.915354 -1.751969 0.236220,
        5.915354 -1.751969 0.551181,
        5.816929 -1.751969 0.551181,
        5.915354 -0.787402 0.551181,
        5.816929 -0.787402 0.551181,
        5.718504 -1.791339 0.669291,
        5.816929 -1.791339 0.669291,
        5.718504 -1.791339 0.118110,
        5.816929 -1.791339 0.118110,
        5.521654 -1.791339 0.669291,
        5.620079 -1.791339 0.669291,
        5.521654 -1.791339 0.118110,
        5.620079 -1.791339 0.118110,
        6.013780 -0.318985 0.148680,
        6.112205 -0.318985 0.148680,
        6.013780 -0.330784 0.177165,
        6.112205 -0.330784 0.177165,
        6.013780 -0.349554 0.201627,
        6.112205 -0.349554 0.201627,
        6.013780 -0.374016 0.220397,
        6.112205 -0.374016 0.220397,
        6.013780 -0.402502 0.232196,
        6.112205 -0.402502 0.232196,
        6.013780 -0.433071 0.236220,
        6.112205 -0.433071 0.236220,
        6.013780 -1.751969 0.236220,
        6.112205 -1.751969 0.236220,
        6.112205 -1.751969 0.551181,
        6.013780 -1.751969 0.551181,
        6.112205 -0.787402 0.551181,
        6.013780 -0.787402 0.551181,
        5.915354 -1.791339 0.669291,
        6.013780 -1.791339 0.669291,
        5.915354 -1.791339 0.118110,
        6.013780 -1.791339 0.118110,
        6.210630 -0.318985 0.148680,
        6.309055 -0.318985 0.148680,
        6.210630 -0.330784 0.177165,
        6.309055 -0.330784 0.177165,
        6.210630 -0.349554 0.201627,
        6.309055 -0.349554 0.201627,
        6.210630 -0.374016 0.220397,
        6.309055 -0.374016 0.220397,
        6.210630 -0.402502 0.232196,
        6.309055 -0.402502 0.232196,
        6.210630 -0.433071 0.236220,
        6.309055 -0.433071 0.236220,
        6.210630 -1.751969 0.236220,
        6.309055 -1.751969 0.236220,
        6.309055 -1.751969 0.551181,
        6.210630 -1.751969 0.551181,
        6.309055 -0.787402 0.551181,
        6.210630 -0.787402 0.551181,
        6.112205 -1.791339 0.669291,
        6.210630 -1.791339 0.669291,
        6.112205 -1.791339 0.118110,
        6.210630 -1.791339 0.118110,
        6.407480 -0.318985 0.148680,
        6.505906 -0.318985 0.148680,
        6.407480 -0.330784 0.177165,
        6.505906 -0.330784 0.177165,
        6.407480 -0.349554 0.201627,
        6.505906 -0.349554 0.201627,
        6.407480 -0.374016 0.220397,
        6.505906 -0.374016 0.220397,
        6.407480 -0.402502 0.232196,
        6.505906 -0.402502 0.232196,
        6.407480 -0.433071 0.236220,
        6.505906 -0.433071 0.236220,
        6.407480 -1.751969 0.236220,
        6.505906 -1.751969 0.236220,
        6.505906 -1.751969 0.551181,
        6.407480 -1.751969 0.551181,
        6.505906 -0.787402 0.551181,
        6.407480 -0.787402 0.551181,
        6.309055 -1.791339 0.669291,
        6.407480 -1.791339 0.669291,
        6.309055 -1.791339 0.118110,
        6.407480 -1.791339 0.118110,
        6.604331 -0.318985 0.148680,
        6.702756 -0.318985 0.148680,
        6.604331 -0.330784 0.177165,
        6.702756 -0.330784 0.177165,
        6.604331 -0.349554 0.201627,
        6.702756 -0.349554 0.201627,
        6.604331 -0.374016 0.220397,
        6.702756 -0.374016 0.220397,
        6.604331 -0.402502 0.232196,
        6.702756 -0.402502 0.232196,
        6.604331 -0.433071 0.236220,
        6.702756 -0.433071 0.236220,
        6.604331 -1.751969 0.236220,
        6.702756 -1.751969 0.236220,
        6.702756 -1.751969 0.551181,
        6.604331 -1.751969 0.551181,
        6.702756 -0.787402 0.551181,
        6.604331 -0.787402 0.551181,
        6.505906 -1.791339 0.669291,
        6.604331 -1.791339 0.669291,
        6.505906 -1.791339 0.118110,
        6.604331 -1.791339 0.118110,
        6.801181 -0.318985 0.148680,
        6.899606 -0.318985 0.148680,
        6.801181 -0.330784 0.177165,
        6.899606 -0.330784 0.177165,
        6.801181 -0.349554 0.201627,
        6.899606 -0.349554 0.201627,
        6.801181 -0.374016 0.220397,
        6.899606 -0.374016 0.220397,
        6.801181 -0.402502 0.232196,
        6.899606 -0.402502 0.232196,
        6.801181 -0.433071 0.236220,
        6.899606 -0.433071 0.236220,
        6.801181 -1.751969 0.236220,
        6.899606 -1.751969 0.236220,
        6.899606 -1.751969 0.551181,
        6.801181 -1.751969 0.551181,
        6.899606 -0.787402 0.551181,
        6.801181 -0.787402 0.551181,
        6.702756 -1.791339 0.669291,
        6.801181 -1.791339 0.669291,
        6.702756 -1.791339 0.118110,
        6.801181 -1.791339 0.118110,
        6.998031 -0.318985 0.148680,
        7.096457 -0.318985 0.148680,
        6.998031 -0.330784 0.177165,
        7.096457 -0.330784 0.177165,
        6.998031 -0.349554 0.201627,
        7.096457 -0.349554 0.201627,
        6.998031 -0.374016 0.220397,
        7.096457 -0.374016 0.220397,
        6.998031 -0.402502 0.232196,
        7.096457 -0.402502 0.232196,
        6.998031 -0.433071 0.236220,
        7.096457 -0.433071 0.236220,
        6.998031 -1.751969 0.236220,
        7.096457 -1.751969 0.236220,
        7.096457 -1.751969 0.551181,
        6.998031 -1.751969 0.551181,
        7.096457 -0.787402 0.551181,
        6.998031 -0.787402 0.551181,
        6.899606 -1.791339 0.669291,
        6.998031 -1.791339 0.669291,
        6.899606 -1.791339 0.118110,
        6.998031 -1.791339 0.118110,
        7.194882 -0.318985 0.148680,
        7.293308 -0.318985 0.148680,
        7.194882 -0.330784 0.177165,
        7.293308 -0.330784 0.177165,
        7.194882 -0.349554 0.201627,
        7.293308 -0.349554 0.201627,
        7.194882 -0.374016 0.220397,
        7.293308 -0.374016 0.220397,
        7.194882 -0.402502 0.232196,
        7.293308 -0.402502 0.232196,
        7.194882 -0.433071 0.236220,
        7.293308 -0.433071 0.236220,
        7.194882 -1.751969 0.236220,
        7.293308 -1.751969 0.236220,
        7.293308 -1.751969 0.551181,
        7.194882 -1.751969 0.551181,
        7.293308 -0.787402 0.551181,
        7.194882 -0.787402 0.551181,
        7.096457 -1.791339 0.669291,
        7.194882 -1.791339 0.669291,
        7.096457 -1.791339 0.118110,
        7.194882 -1.791339 0.118110,
        7.391732 -0.318985 0.148680,
        7.490157 -0.318985 0.148680,
        7.391732 -0.330784 0.177165,
        7.490157 -0.330784 0.177165,
        7.391732 -0.349554 0.201627,
        7.490157 -0.349554 0.201627,
        7.391732 -0.374016 0.220397,
        7.490157 -0.374016 0.220397,
        7.391732 -0.402502 0.232196,
        7.490157 -0.402502 0.232196,
        7.391732 -0.433071 0.236220,
        7.490157 -0.433071 0.236220,
        7.391732 -1.751969 0.236220,
        7.490157 -1.751969 0.236220,
        7.490157 -1.751969 0.551181,
        7.391732 -1.751969 0.551181,
        7.490157 -0.787402 0.551181,
        7.391732 -0.787402 0.551181,
        7.293308 -1.791339 0.669291,
        7.391732 -1.791339 0.669291,
        7.293308 -1.791339 0.118110,
        7.391732 -1.791339 0.118110,
        7.588583 -0.318985 0.148680,
        7.687009 -0.318985 0.148680,
        7.588583 -0.330784 0.177165,
        7.687009 -0.330784 0.177165,
        7.588583 -0.349554 0.201627,
        7.687009 -0.349554 0.201627,
        7.588583 -0.374016 0.220397,
        7.687009 -0.374016 0.220397,
        7.588583 -0.402502 0.232196,
        7.687009 -0.402502 0.232196,
        7.588583 -0.433071 0.236220,
        7.687009 -0.433071 0.236220,
        7.588583 -1.751969 0.236220,
        7.687009 -1.751969 0.236220,
        7.687009 -1.751969 0.551181,
        7.588583 -1.751969 0.551181,
        7.687009 -0.787402 0.551181,
        7.588583 -0.787402 0.551181,
        7.490157 -1.791339 0.669291,
        7.588583 -1.791339 0.669291,
        7.490157 -1.791339 0.118110,
        7.588583 -1.791339 0.118110,
        7.687009 -1.791339 0.669291,
        7.785433 -1.791339 0.669291,
        7.687009 -1.791339 0.118110,
        7.785433 -1.791339 0.118110,
      ]
    }
    coordIndex [
      0, 1, 2, -1,
      2, 1, 3, -1,
      1, 0, 4, -1,
      1, 4, 5, -1,
      5, 4, 6, -1,
      5, 6, 7, -1,
      7, 6, 8, -1,
      7, 8, 9, -1,
      9, 8, 10, -1,
      10, 8, 11, -1,
      10, 11, 12, -1,
      12, 11, 13, -1,
      13, 11, 14, -1,
      13, 14, 15, -1,
      15, 14, 16, -1,
      16, 14, 17, -1,
      16, 17, 18, -1,
      19, 20, 21, -1,
      21, 20, 22, -1,
      23, 24, 25, -1,
      26, 2, 3, -1,
      27, 23, 28, -1,
      29, 30, 31, -1,
      32, 33, 34, -1,
      28, 23, 35, -1,
      35, 23, 25, -1,
      35, 25, 36, -1,
      36, 25, 26, -1,
      36, 26, 31, -1,
      31, 26, 3, -1,
      31, 3, 29, -1,
      37, 38, 30, -1,
      30, 38, 39, -1,
      30, 39, 31, -1,
      27, 28, 34, -1,
      34, 28, 40, -1,
      34, 40, 32, -1,
      41, 42, 43, -1,
      44, 45, 46, -1,
      47, 48, 49, -1,
      44, 46, 50, -1,
      50, 46, 51, -1,
      50, 51, 43, -1,
      52, 43, 53, -1,
      53, 43, 42, -1,
      53, 42, 54, -1,
      54, 42, 55, -1,
      56, 57, 58, -1,
      59, 60, 43, -1,
      58, 59, 56, -1,
      56, 59, 43, -1,
      56, 43, 61, -1,
      61, 43, 51, -1,
      61, 51, 62, -1,
      62, 51, 63, -1,
      64, 65, 43, -1,
      66, 67, 68, -1,
      69, 70, 71, -1,
      72, 73, 43, -1,
      74, 75, 43, -1,
      76, 77, 52, -1,
      52, 77, 78, -1,
      52, 78, 43, -1,
      43, 78, 79, -1,
      80, 81, 82, -1,
      68, 74, 66, -1,
      66, 74, 43, -1,
      66, 43, 83, -1,
      83, 43, 60, -1,
      83, 60, 84, -1,
      84, 60, 85, -1,
      82, 72, 80, -1,
      80, 72, 43, -1,
      80, 43, 86, -1,
      86, 43, 65, -1,
      86, 65, 87, -1,
      87, 65, 88, -1,
      89, 90, 43, -1,
      91, 92, 79, -1,
      79, 92, 93, -1,
      79, 93, 43, -1,
      43, 93, 94, -1,
      95, 96, 97, -1,
      98, 99, 100, -1,
      97, 89, 95, -1,
      95, 89, 43, -1,
      95, 43, 101, -1,
      101, 43, 73, -1,
      101, 73, 102, -1,
      102, 73, 103, -1,
      104, 105, 43, -1,
      106, 107, 94, -1,
      94, 107, 108, -1,
      94, 108, 43, -1,
      43, 108, 109, -1,
      20, 19, 110, -1,
      110, 19, 43, -1,
      110, 43, 111, -1,
      111, 43, 90, -1,
      111, 90, 112, -1,
      112, 90, 113, -1,
      100, 104, 98, -1,
      98, 104, 43, -1,
      98, 43, 114, -1,
      114, 43, 75, -1,
      114, 75, 115, -1,
      115, 75, 116, -1,
      71, 64, 69, -1,
      69, 64, 43, -1,
      69, 43, 117, -1,
      117, 43, 109, -1,
      117, 109, 118, -1,
      118, 109, 119, -1,
      120, 121, 122, -1,
      123, 124, 43, -1,
      122, 123, 120, -1,
      120, 123, 43, -1,
      120, 43, 125, -1,
      125, 43, 105, -1,
      125, 105, 126, -1,
      126, 105, 127, -1,
      49, 41, 47, -1,
      47, 41, 43, -1,
      47, 43, 128, -1,
      128, 43, 124, -1,
      128, 124, 129, -1,
      129, 124, 130, -1,
      131, 132, 133, -1,
      133, 132, 134, -1,
      133, 134, 135, -1,
      135, 134, 136, -1,
      135, 136, 17, -1,
      17, 136, 18, -1,
      137, 138, 139, -1,
      140, 141, 142, -1,
      142, 141, 143, -1,
      142, 143, 144, -1,
      144, 143, 145, -1,
      146, 147, 148, -1,
      149, 150, 151, -1,
      152, 153, 154, -1,
      155, 156, 157, -1,
      157, 156, 158, -1,
      159, 160, 161, -1,
      161, 160, 158, -1,
      162, 163, 164, -1,
      164, 163, 165, -1,
      166, 167, 165, -1,
      165, 167, 168, -1,
      165, 168, 164, -1,
      164, 168, 169, -1,
      170, 171, 172, -1,
      172, 171, 173, -1,
      174, 175, 176, -1,
      177, 159, 178, -1,
      178, 159, 161, -1,
      178, 161, 179, -1,
      179, 161, 180, -1,
      181, 182, 169, -1,
      169, 182, 183, -1,
      169, 183, 164, -1,
      164, 183, 184, -1,
      185, 186, 187, -1,
      188, 189, 190, -1,
      190, 189, 191, -1,
      190, 191, 192, -1,
      139, 193, 194, -1,
      195, 196, 184, -1,
      184, 196, 197, -1,
      184, 197, 164, -1,
      164, 197, 198, -1,
      199, 172, 192, -1,
      192, 172, 173, -1,
      192, 173, 190, -1,
      200, 201, 202, -1,
      203, 204, 198, -1,
      198, 204, 205, -1,
      198, 205, 164, -1,
      164, 205, 185, -1,
      164, 185, 206, -1,
      206, 185, 187, -1,
      207, 208, 209, -1,
      209, 208, 146, -1,
      201, 210, 202, -1,
      202, 210, 211, -1,
      202, 211, 212, -1,
      176, 213, 174, -1,
      174, 213, 214, -1,
      174, 214, 191, -1,
      191, 214, 215, -1,
      191, 215, 192, -1,
      216, 214, 217, -1,
      217, 214, 213, -1,
      217, 213, 162, -1,
      162, 213, 149, -1,
      162, 149, 163, -1,
      163, 149, 151, -1,
      160, 218, 202, -1,
      202, 218, 219, -1,
      202, 219, 200, -1,
      158, 160, 157, -1,
      157, 160, 202, -1,
      157, 202, 145, -1,
      145, 202, 220, -1,
      145, 220, 221, -1,
      221, 220, 222, -1,
      221, 222, 148, -1,
      148, 222, 164, -1,
      148, 164, 146, -1,
      146, 164, 206, -1,
      146, 206, 209, -1,
      223, 224, 192, -1,
      192, 224, 225, -1,
      192, 225, 226, -1,
      154, 199, 152, -1,
      152, 199, 192, -1,
      152, 192, 194, -1,
      194, 192, 226, -1,
      194, 226, 227, -1,
      227, 228, 194, -1,
      194, 228, 229, -1,
      194, 229, 159, -1,
      212, 230, 202, -1,
      202, 230, 231, -1,
      202, 231, 192, -1,
      192, 231, 232, -1,
      192, 232, 223, -1,
      233, 234, 235, -1,
      235, 234, 236, -1,
      143, 237, 145, -1,
      145, 237, 238, -1,
      145, 238, 157, -1,
      157, 238, 239, -1,
      157, 239, 240, -1,
      241, 242, 243, -1,
      243, 242, 244, -1,
      243, 244, 245, -1,
      21, 22, 246, -1,
      240, 247, 157, -1,
      157, 247, 248, -1,
      157, 248, 249, -1,
      249, 250, 157, -1,
      157, 250, 245, -1,
      157, 245, 251, -1,
      251, 245, 244, -1,
      242, 252, 244, -1,
      244, 252, 253, -1,
      244, 253, 254, -1,
      254, 253, 255, -1,
      246, 256, 257, -1,
      258, 259, 260, -1,
      235, 261, 262, -1,
      233, 257, 234, -1,
      234, 257, 256, -1,
      234, 256, 263, -1,
      263, 256, 264, -1,
      265, 266, 236, -1,
      236, 266, 267, -1,
      236, 267, 235, -1,
      235, 267, 258, -1,
      235, 258, 261, -1,
      261, 258, 260, -1,
      268, 269, 255, -1,
      255, 269, 270, -1,
      255, 270, 254, -1,
      271, 272, 273, -1,
      235, 274, 275, -1,
      276, 277, 262, -1,
      262, 277, 278, -1,
      262, 278, 235, -1,
      235, 278, 271, -1,
      235, 271, 274, -1,
      274, 271, 273, -1,
      255, 279, 268, -1,
      268, 279, 280, -1,
      268, 280, 281, -1,
      282, 283, 284, -1,
      284, 283, 285, -1,
      284, 285, 286, -1,
      286, 285, 287, -1,
      286, 287, 288, -1,
      289, 290, 243, -1,
      243, 290, 291, -1,
      243, 291, 241, -1,
      292, 293, 294, -1,
      235, 295, 296, -1,
      282, 284, 243, -1,
      243, 284, 297, -1,
      243, 297, 289, -1,
      298, 299, 275, -1,
      275, 299, 300, -1,
      275, 300, 235, -1,
      235, 300, 292, -1,
      235, 292, 295, -1,
      295, 292, 294, -1,
      281, 301, 268, -1,
      268, 301, 302, -1,
      268, 302, 303, -1,
      303, 302, 304, -1,
      303, 304, 305, -1,
      306, 307, 308, -1,
      309, 310, 311, -1,
      311, 310, 312, -1,
      313, 314, 296, -1,
      296, 314, 315, -1,
      296, 315, 235, -1,
      235, 315, 306, -1,
      235, 306, 316, -1,
      316, 306, 308, -1,
      21, 246, 141, -1,
      141, 246, 257, -1,
      141, 257, 143, -1,
      143, 257, 317, -1,
      143, 317, 318, -1,
      235, 319, 320, -1,
      321, 322, 137, -1,
      323, 324, 317, -1,
      317, 324, 325, -1,
      317, 325, 318, -1,
      235, 320, 326, -1,
      326, 320, 327, -1,
      326, 327, 328, -1,
      328, 329, 326, -1,
      326, 329, 330, -1,
      326, 330, 331, -1,
      322, 332, 137, -1,
      137, 332, 333, -1,
      137, 333, 334, -1,
      335, 336, 177, -1,
      177, 336, 337, -1,
      177, 337, 159, -1,
      159, 337, 338, -1,
      159, 338, 194, -1,
      194, 338, 155, -1,
      194, 155, 139, -1,
      139, 155, 157, -1,
      139, 157, 137, -1,
      137, 157, 251, -1,
      137, 251, 321, -1,
      317, 339, 326, -1,
      331, 340, 326, -1,
      326, 340, 341, -1,
      326, 341, 317, -1,
      317, 341, 342, -1,
      317, 342, 323, -1,
      334, 343, 137, -1,
      137, 343, 319, -1,
      137, 319, 312, -1,
      312, 319, 235, -1,
      312, 235, 311, -1,
      311, 235, 316, -1,
      344, 345, 346, -1,
      140, 142, 347, -1,
      348, 148, 349, -1,
      349, 148, 147, -1,
      349, 147, 350, -1,
      350, 147, 50, -1,
      350, 50, 351, -1,
      351, 50, 352, -1,
      347, 353, 140, -1,
      140, 353, 344, -1,
      140, 344, 43, -1,
      43, 344, 346, -1,
      43, 346, 354, -1,
      355, 356, 357, -1,
      357, 356, 358, -1,
      359, 360, 361, -1,
      362, 363, 50, -1,
      354, 364, 43, -1,
      43, 364, 357, -1,
      43, 357, 50, -1,
      50, 357, 358, -1,
      50, 358, 365, -1,
      366, 367, 368, -1,
      369, 370, 365, -1,
      365, 370, 371, -1,
      365, 371, 50, -1,
      50, 371, 372, -1,
      373, 374, 372, -1,
      372, 374, 375, -1,
      372, 375, 50, -1,
      50, 375, 359, -1,
      50, 359, 362, -1,
      362, 359, 361, -1,
      376, 377, 50, -1,
      378, 379, 380, -1,
      381, 382, 363, -1,
      363, 382, 383, -1,
      363, 383, 50, -1,
      50, 383, 384, -1,
      385, 386, 384, -1,
      384, 386, 387, -1,
      384, 387, 50, -1,
      50, 387, 366, -1,
      50, 366, 376, -1,
      376, 366, 368, -1,
      388, 389, 50, -1,
      380, 388, 378, -1,
      378, 388, 50, -1,
      378, 50, 390, -1,
      390, 50, 377, -1,
      390, 377, 391, -1,
      391, 377, 392, -1,
      393, 394, 395, -1,
      396, 397, 50, -1,
      398, 399, 389, -1,
      389, 399, 400, -1,
      389, 400, 50, -1,
      50, 400, 401, -1,
      395, 396, 393, -1,
      393, 396, 50, -1,
      393, 50, 402, -1,
      402, 50, 401, -1,
      402, 401, 403, -1,
      403, 401, 404, -1,
      405, 406, 407, -1,
      408, 409, 50, -1,
      407, 408, 405, -1,
      405, 408, 50, -1,
      405, 50, 410, -1,
      410, 50, 397, -1,
      410, 397, 411, -1,
      411, 397, 412, -1,
      413, 414, 415, -1,
      416, 417, 50, -1,
      415, 416, 413, -1,
      413, 416, 50, -1,
      413, 50, 418, -1,
      418, 50, 409, -1,
      418, 409, 419, -1,
      419, 409, 420, -1,
      421, 422, 423, -1,
      424, 425, 50, -1,
      423, 424, 421, -1,
      421, 424, 50, -1,
      421, 50, 426, -1,
      426, 50, 417, -1,
      426, 417, 427, -1,
      427, 417, 428, -1,
      429, 430, 431, -1,
      432, 433, 50, -1,
      431, 432, 429, -1,
      429, 432, 50, -1,
      429, 50, 434, -1,
      434, 50, 425, -1,
      434, 425, 435, -1,
      435, 425, 436, -1,
      437, 352, 438, -1,
      438, 352, 50, -1,
      438, 50, 439, -1,
      439, 50, 433, -1,
      439, 433, 440, -1,
      440, 433, 441, -1,
      24, 23, 442, -1,
      442, 23, 443, -1,
      346, 345, 444, -1,
      445, 36, 31, -1,
      18, 136, 446, -1,
      447, 448, 446, -1,
      446, 448, 445, -1,
      446, 445, 18, -1,
      18, 445, 31, -1,
      28, 35, 132, -1,
      132, 35, 449, -1,
      134, 132, 450, -1,
      450, 132, 449, -1,
      450, 449, 451, -1,
      451, 449, 452, -1,
      19, 21, 447, -1,
      447, 21, 141, -1,
      447, 141, 448, -1,
      448, 141, 140, -1,
      448, 140, 452, -1,
      452, 140, 43, -1,
      452, 43, 451, -1,
      451, 43, 19, -1,
      451, 19, 447, -1,
      449, 35, 445, -1,
      445, 35, 36, -1,
      452, 449, 448, -1,
      448, 449, 445, -1,
      450, 451, 446, -1,
      446, 451, 447, -1,
      134, 450, 136, -1,
      136, 450, 446, -1,
      443, 23, 27, -1,
      443, 27, 453, -1,
      453, 27, 34, -1,
      453, 34, 454, -1,
      454, 34, 33, -1,
      454, 33, 455, -1,
      455, 33, 456, -1,
      456, 33, 32, -1,
      456, 32, 457, -1,
      457, 32, 458, -1,
      458, 32, 40, -1,
      458, 40, 459, -1,
      459, 40, 460, -1,
      460, 40, 28, -1,
      460, 28, 132, -1,
      18, 31, 16, -1,
      16, 31, 39, -1,
      38, 13, 39, -1,
      39, 13, 15, -1,
      39, 15, 16, -1,
      9, 10, 38, -1,
      38, 10, 12, -1,
      38, 12, 13, -1,
      38, 37, 9, -1,
      9, 37, 30, -1,
      9, 30, 7, -1,
      7, 30, 29, -1,
      7, 29, 5, -1,
      5, 29, 3, -1,
      5, 3, 1, -1,
      132, 131, 460, -1,
      460, 131, 461, -1,
      462, 458, 461, -1,
      461, 458, 459, -1,
      461, 459, 460, -1,
      455, 456, 462, -1,
      462, 456, 457, -1,
      462, 457, 458, -1,
      462, 463, 455, -1,
      455, 463, 464, -1,
      455, 464, 454, -1,
      454, 464, 465, -1,
      454, 465, 453, -1,
      453, 465, 442, -1,
      453, 442, 443, -1,
      26, 25, 135, -1,
      135, 25, 133, -1,
      26, 135, 2, -1,
      2, 135, 17, -1,
      2, 17, 0, -1,
      0, 17, 4, -1,
      11, 8, 6, -1,
      4, 17, 6, -1,
      6, 17, 14, -1,
      6, 14, 11, -1,
      133, 25, 131, -1,
      131, 25, 24, -1,
      131, 24, 442, -1,
      464, 463, 462, -1,
      442, 465, 131, -1,
      131, 465, 464, -1,
      131, 464, 461, -1,
      461, 464, 462, -1,
      466, 467, 468, -1,
      468, 467, 469, -1,
      468, 469, 470, -1,
      470, 469, 471, -1,
      471, 472, 470, -1,
      470, 472, 344, -1,
      470, 344, 353, -1,
      345, 344, 444, -1,
      444, 344, 472, -1,
      444, 472, 473, -1,
      473, 472, 474, -1,
      474, 472, 469, -1,
      469, 472, 471, -1,
      347, 468, 353, -1,
      353, 468, 470, -1,
      475, 476, 477, -1,
      475, 477, 478, -1,
      478, 477, 479, -1,
      478, 479, 480, -1,
      480, 479, 481, -1,
      480, 481, 482, -1,
      482, 481, 483, -1,
      482, 483, 484, -1,
      484, 483, 485, -1,
      484, 485, 486, -1,
      486, 485, 487, -1,
      486, 487, 488, -1,
      487, 489, 488, -1,
      488, 489, 490, -1,
      490, 489, 491, -1,
      491, 489, 492, -1,
      491, 492, 493, -1,
      493, 492, 494, -1,
      493, 494, 355, -1,
      355, 494, 356, -1,
      113, 263, 112, -1,
      112, 263, 264, -1,
      495, 496, 145, -1,
      145, 496, 497, -1,
      498, 499, 221, -1,
      221, 499, 500, -1,
      221, 500, 501, -1,
      497, 502, 145, -1,
      145, 502, 503, -1,
      145, 503, 504, -1,
      501, 505, 221, -1,
      221, 505, 506, -1,
      221, 506, 507, -1,
      504, 508, 145, -1,
      145, 508, 509, -1,
      145, 509, 510, -1,
      507, 511, 221, -1,
      221, 511, 512, -1,
      221, 512, 513, -1,
      510, 514, 145, -1,
      145, 514, 515, -1,
      145, 515, 144, -1,
      513, 516, 221, -1,
      221, 516, 517, -1,
      221, 517, 145, -1,
      515, 518, 144, -1,
      144, 518, 519, -1,
      144, 519, 520, -1,
      517, 521, 145, -1,
      145, 521, 522, -1,
      145, 522, 523, -1,
      520, 524, 144, -1,
      144, 524, 525, -1,
      144, 525, 526, -1,
      523, 527, 145, -1,
      145, 527, 528, -1,
      145, 528, 529, -1,
      526, 530, 144, -1,
      144, 530, 531, -1,
      144, 531, 476, -1,
      529, 532, 145, -1,
      145, 532, 533, -1,
      145, 533, 534, -1,
      534, 535, 145, -1,
      145, 535, 536, -1,
      145, 536, 495, -1,
      476, 475, 144, -1,
      144, 475, 537, -1,
      144, 537, 538, -1,
      538, 537, 539, -1,
      538, 539, 540, -1,
      540, 539, 541, -1,
      540, 541, 542, -1,
      542, 541, 543, -1,
      542, 543, 544, -1,
      544, 543, 545, -1,
      544, 545, 546, -1,
      546, 545, 547, -1,
      546, 547, 548, -1,
      548, 547, 467, -1,
      548, 467, 466, -1,
      346, 444, 354, -1,
      354, 444, 473, -1,
      548, 466, 347, -1,
      347, 466, 468, -1,
      347, 142, 144, -1,
      144, 538, 347, -1,
      347, 538, 540, -1,
      347, 540, 542, -1,
      542, 544, 347, -1,
      347, 544, 546, -1,
      347, 546, 548, -1,
      549, 357, 550, -1,
      550, 357, 364, -1,
      475, 551, 537, -1,
      537, 551, 552, -1,
      551, 256, 552, -1,
      552, 256, 246, -1,
      111, 549, 110, -1,
      110, 549, 550, -1,
      493, 355, 357, -1,
      111, 112, 549, -1,
      549, 112, 264, -1,
      549, 264, 551, -1,
      551, 264, 256, -1,
      493, 357, 491, -1,
      491, 357, 549, -1,
      491, 549, 490, -1,
      490, 549, 551, -1,
      490, 551, 488, -1,
      488, 551, 475, -1,
      488, 475, 486, -1,
      486, 475, 478, -1,
      486, 478, 484, -1,
      484, 478, 480, -1,
      484, 480, 482, -1,
      22, 20, 550, -1,
      550, 20, 110, -1,
      354, 473, 474, -1,
      364, 354, 550, -1,
      550, 354, 474, -1,
      550, 474, 22, -1,
      22, 474, 469, -1,
      547, 545, 537, -1,
      246, 22, 552, -1,
      552, 22, 469, -1,
      552, 469, 537, -1,
      537, 469, 467, -1,
      537, 467, 547, -1,
      545, 543, 537, -1,
      537, 543, 541, -1,
      537, 541, 539, -1,
      531, 530, 553, -1,
      531, 553, 554, -1,
      554, 553, 555, -1,
      554, 555, 556, -1,
      556, 555, 557, -1,
      556, 557, 558, -1,
      558, 557, 559, -1,
      558, 559, 560, -1,
      560, 559, 561, -1,
      560, 561, 562, -1,
      562, 561, 563, -1,
      562, 563, 564, -1,
      563, 565, 564, -1,
      564, 565, 566, -1,
      566, 565, 567, -1,
      567, 565, 568, -1,
      567, 568, 569, -1,
      569, 568, 570, -1,
      569, 570, 369, -1,
      369, 570, 370, -1,
      96, 266, 97, -1,
      97, 266, 265, -1,
      571, 365, 572, -1,
      572, 365, 358, -1,
      531, 573, 476, -1,
      476, 573, 574, -1,
      573, 236, 574, -1,
      574, 236, 234, -1,
      89, 571, 90, -1,
      90, 571, 572, -1,
      569, 369, 365, -1,
      89, 97, 571, -1,
      571, 97, 265, -1,
      571, 265, 573, -1,
      573, 265, 236, -1,
      569, 365, 567, -1,
      567, 365, 571, -1,
      567, 571, 566, -1,
      566, 571, 573, -1,
      566, 573, 564, -1,
      564, 573, 531, -1,
      564, 531, 562, -1,
      562, 531, 554, -1,
      562, 554, 560, -1,
      560, 554, 556, -1,
      560, 556, 558, -1,
      263, 113, 572, -1,
      572, 113, 90, -1,
      356, 494, 492, -1,
      358, 356, 572, -1,
      572, 356, 492, -1,
      572, 492, 263, -1,
      263, 492, 489, -1,
      234, 263, 574, -1,
      574, 263, 489, -1,
      574, 489, 476, -1,
      476, 489, 487, -1,
      476, 487, 477, -1,
      477, 487, 485, -1,
      485, 483, 477, -1,
      477, 483, 481, -1,
      477, 481, 479, -1,
      526, 525, 575, -1,
      526, 575, 576, -1,
      576, 575, 577, -1,
      576, 577, 578, -1,
      578, 577, 579, -1,
      578, 579, 580, -1,
      580, 579, 581, -1,
      580, 581, 582, -1,
      582, 581, 583, -1,
      582, 583, 584, -1,
      584, 583, 585, -1,
      584, 585, 586, -1,
      585, 587, 586, -1,
      586, 587, 588, -1,
      588, 587, 589, -1,
      589, 587, 590, -1,
      589, 590, 591, -1,
      591, 590, 592, -1,
      591, 592, 373, -1,
      373, 592, 374, -1,
      103, 260, 102, -1,
      102, 260, 259, -1,
      593, 372, 594, -1,
      594, 372, 371, -1,
      526, 595, 530, -1,
      530, 595, 596, -1,
      595, 258, 596, -1,
      596, 258, 267, -1,
      101, 593, 95, -1,
      95, 593, 594, -1,
      591, 373, 372, -1,
      101, 102, 593, -1,
      593, 102, 259, -1,
      593, 259, 595, -1,
      595, 259, 258, -1,
      591, 372, 589, -1,
      589, 372, 593, -1,
      589, 593, 588, -1,
      588, 593, 595, -1,
      588, 595, 586, -1,
      586, 595, 526, -1,
      586, 526, 584, -1,
      584, 526, 576, -1,
      584, 576, 582, -1,
      582, 576, 578, -1,
      582, 578, 580, -1,
      266, 96, 594, -1,
      594, 96, 95, -1,
      370, 570, 568, -1,
      371, 370, 594, -1,
      594, 370, 568, -1,
      594, 568, 266, -1,
      266, 568, 565, -1,
      267, 266, 596, -1,
      596, 266, 565, -1,
      596, 565, 530, -1,
      530, 565, 563, -1,
      530, 563, 553, -1,
      553, 563, 561, -1,
      561, 559, 553, -1,
      553, 559, 557, -1,
      553, 557, 555, -1,
      524, 520, 597, -1,
      524, 597, 598, -1,
      598, 597, 599, -1,
      598, 599, 600, -1,
      600, 599, 601, -1,
      600, 601, 602, -1,
      602, 601, 603, -1,
      602, 603, 604, -1,
      604, 603, 605, -1,
      604, 605, 606, -1,
      606, 605, 607, -1,
      606, 607, 608, -1,
      607, 609, 608, -1,
      608, 609, 610, -1,
      610, 609, 611, -1,
      611, 609, 612, -1,
      611, 612, 613, -1,
      613, 612, 614, -1,
      613, 614, 360, -1,
      360, 614, 361, -1,
      81, 277, 82, -1,
      82, 277, 276, -1,
      615, 359, 616, -1,
      616, 359, 375, -1,
      524, 617, 525, -1,
      525, 617, 618, -1,
      617, 262, 618, -1,
      618, 262, 261, -1,
      72, 615, 73, -1,
      73, 615, 616, -1,
      613, 360, 359, -1,
      72, 82, 615, -1,
      615, 82, 276, -1,
      615, 276, 617, -1,
      617, 276, 262, -1,
      613, 359, 611, -1,
      611, 359, 615, -1,
      611, 615, 610, -1,
      610, 615, 617, -1,
      610, 617, 608, -1,
      608, 617, 524, -1,
      608, 524, 606, -1,
      606, 524, 598, -1,
      606, 598, 604, -1,
      604, 598, 600, -1,
      604, 600, 602, -1,
      260, 103, 616, -1,
      616, 103, 73, -1,
      374, 592, 590, -1,
      375, 374, 616, -1,
      616, 374, 590, -1,
      616, 590, 260, -1,
      260, 590, 587, -1,
      583, 581, 525, -1,
      261, 260, 618, -1,
      618, 260, 587, -1,
      618, 587, 525, -1,
      525, 587, 585, -1,
      525, 585, 583, -1,
      581, 579, 525, -1,
      525, 579, 577, -1,
      525, 577, 575, -1,
      352, 619, 351, -1,
      620, 621, 622, -1,
      622, 621, 623, -1,
      624, 625, 626, -1,
      626, 625, 627, -1,
      628, 629, 627, -1,
      627, 629, 630, -1,
      627, 630, 626, -1,
      631, 632, 628, -1,
      628, 632, 633, -1,
      628, 633, 629, -1,
      628, 634, 631, -1,
      631, 634, 635, -1,
      631, 635, 636, -1,
      636, 635, 637, -1,
      636, 637, 638, -1,
      638, 637, 621, -1,
      638, 621, 620, -1,
      45, 44, 207, -1,
      207, 44, 208, -1,
      639, 640, 641, -1,
      641, 640, 642, -1,
      641, 642, 643, -1,
      643, 642, 644, -1,
      643, 644, 623, -1,
      623, 644, 645, -1,
      646, 647, 648, -1,
      648, 647, 649, -1,
      639, 650, 640, -1,
      640, 650, 647, -1,
      640, 647, 651, -1,
      651, 647, 646, -1,
      652, 653, 645, -1,
      645, 653, 622, -1,
      645, 622, 623, -1,
      652, 654, 653, -1,
      653, 654, 655, -1,
      653, 655, 656, -1,
      625, 624, 657, -1,
      657, 624, 658, -1,
      657, 658, 659, -1,
      659, 658, 660, -1,
      659, 660, 661, -1,
      661, 660, 662, -1,
      650, 639, 663, -1,
      663, 639, 664, -1,
      665, 658, 624, -1,
      645, 644, 666, -1,
      667, 668, 666, -1,
      666, 668, 665, -1,
      666, 665, 645, -1,
      645, 665, 624, -1,
      662, 660, 640, -1,
      640, 660, 669, -1,
      642, 640, 670, -1,
      670, 640, 669, -1,
      670, 669, 671, -1,
      671, 669, 672, -1,
      44, 50, 671, -1,
      671, 50, 147, -1,
      671, 147, 667, -1,
      667, 147, 146, -1,
      667, 146, 668, -1,
      668, 146, 208, -1,
      668, 208, 672, -1,
      672, 208, 44, -1,
      672, 44, 671, -1,
      642, 670, 644, -1,
      644, 670, 666, -1,
      670, 671, 666, -1,
      666, 671, 667, -1,
      672, 669, 668, -1,
      668, 669, 665, -1,
      669, 660, 665, -1,
      665, 660, 658, -1,
      662, 640, 673, -1,
      673, 640, 651, -1,
      646, 674, 651, -1,
      651, 674, 675, -1,
      651, 675, 673, -1,
      676, 677, 646, -1,
      646, 677, 678, -1,
      646, 678, 674, -1,
      646, 648, 676, -1,
      676, 648, 649, -1,
      676, 649, 679, -1,
      679, 649, 647, -1,
      679, 647, 680, -1,
      680, 647, 650, -1,
      680, 650, 663, -1,
      620, 622, 653, -1,
      620, 653, 638, -1,
      638, 653, 656, -1,
      638, 656, 636, -1,
      636, 656, 655, -1,
      636, 655, 631, -1,
      631, 655, 632, -1,
      632, 655, 654, -1,
      632, 654, 633, -1,
      633, 654, 629, -1,
      629, 654, 652, -1,
      629, 652, 630, -1,
      630, 652, 626, -1,
      626, 652, 645, -1,
      626, 645, 624, -1,
      663, 664, 681, -1,
      663, 681, 680, -1,
      680, 681, 682, -1,
      680, 682, 679, -1,
      679, 682, 683, -1,
      679, 683, 676, -1,
      676, 683, 677, -1,
      677, 683, 684, -1,
      677, 684, 678, -1,
      678, 684, 674, -1,
      674, 684, 685, -1,
      674, 685, 675, -1,
      675, 685, 673, -1,
      673, 685, 661, -1,
      673, 661, 662, -1,
      641, 643, 659, -1,
      659, 643, 657, -1,
      657, 643, 625, -1,
      625, 643, 623, -1,
      623, 621, 625, -1,
      625, 621, 637, -1,
      625, 637, 635, -1,
      634, 628, 635, -1,
      635, 628, 627, -1,
      635, 627, 625, -1,
      681, 664, 661, -1,
      639, 641, 664, -1,
      664, 641, 659, -1,
      664, 659, 661, -1,
      684, 683, 682, -1,
      681, 661, 682, -1,
      682, 661, 685, -1,
      682, 685, 684, -1,
      686, 687, 688, -1,
      689, 690, 688, -1,
      688, 690, 691, -1,
      688, 691, 686, -1,
      692, 690, 350, -1,
      350, 690, 689, -1,
      350, 689, 349, -1,
      350, 351, 619, -1,
      693, 694, 619, -1,
      619, 694, 692, -1,
      619, 692, 350, -1,
      691, 690, 694, -1,
      694, 690, 692, -1,
      688, 348, 689, -1,
      689, 348, 349, -1,
      688, 687, 348, -1,
      348, 687, 695, -1,
      695, 696, 348, -1,
      348, 696, 697, -1,
      348, 697, 698, -1,
      221, 148, 498, -1,
      498, 148, 348, -1,
      498, 348, 699, -1,
      699, 348, 698, -1,
      499, 498, 699, -1,
      499, 699, 700, -1,
      700, 699, 698, -1,
      700, 698, 701, -1,
      701, 698, 697, -1,
      701, 697, 702, -1,
      702, 697, 696, -1,
      702, 696, 703, -1,
      703, 696, 695, -1,
      703, 695, 704, -1,
      704, 695, 687, -1,
      704, 687, 686, -1,
      693, 619, 437, -1,
      437, 619, 352, -1,
      501, 500, 705, -1,
      501, 705, 706, -1,
      706, 705, 707, -1,
      706, 707, 708, -1,
      708, 707, 709, -1,
      708, 709, 710, -1,
      710, 709, 711, -1,
      710, 711, 712, -1,
      712, 711, 713, -1,
      712, 713, 714, -1,
      714, 713, 715, -1,
      714, 715, 716, -1,
      717, 718, 715, -1,
      715, 718, 716, -1,
      719, 718, 720, -1,
      720, 718, 717, -1,
      721, 719, 722, -1,
      722, 719, 720, -1,
      441, 721, 440, -1,
      440, 721, 722, -1,
      187, 186, 63, -1,
      63, 186, 62, -1,
      723, 438, 724, -1,
      724, 438, 439, -1,
      499, 725, 500, -1,
      500, 725, 726, -1,
      725, 209, 726, -1,
      726, 209, 206, -1,
      46, 723, 51, -1,
      51, 723, 724, -1,
      693, 437, 438, -1,
      46, 45, 723, -1,
      723, 45, 207, -1,
      723, 207, 725, -1,
      725, 207, 209, -1,
      693, 438, 694, -1,
      694, 438, 723, -1,
      694, 723, 691, -1,
      691, 723, 725, -1,
      691, 725, 686, -1,
      686, 725, 499, -1,
      686, 499, 704, -1,
      704, 499, 700, -1,
      704, 700, 703, -1,
      703, 700, 701, -1,
      703, 701, 702, -1,
      63, 51, 724, -1,
      439, 440, 722, -1,
      63, 724, 187, -1,
      187, 724, 726, -1,
      187, 726, 206, -1,
      713, 711, 500, -1,
      439, 722, 724, -1,
      724, 722, 720, -1,
      724, 720, 726, -1,
      726, 720, 717, -1,
      726, 717, 500, -1,
      500, 717, 715, -1,
      500, 715, 713, -1,
      711, 709, 500, -1,
      500, 709, 707, -1,
      500, 707, 705, -1,
      506, 505, 727, -1,
      506, 727, 728, -1,
      728, 727, 729, -1,
      728, 729, 730, -1,
      730, 729, 731, -1,
      730, 731, 732, -1,
      732, 731, 733, -1,
      732, 733, 734, -1,
      734, 733, 735, -1,
      734, 735, 736, -1,
      736, 735, 737, -1,
      736, 737, 738, -1,
      739, 740, 737, -1,
      737, 740, 738, -1,
      741, 740, 742, -1,
      742, 740, 739, -1,
      743, 741, 744, -1,
      744, 741, 742, -1,
      430, 743, 431, -1,
      431, 743, 744, -1,
      204, 203, 57, -1,
      57, 203, 58, -1,
      745, 433, 746, -1,
      746, 433, 432, -1,
      501, 747, 505, -1,
      505, 747, 748, -1,
      747, 185, 748, -1,
      748, 185, 205, -1,
      61, 745, 56, -1,
      56, 745, 746, -1,
      721, 441, 433, -1,
      61, 62, 745, -1,
      745, 62, 186, -1,
      745, 186, 747, -1,
      747, 186, 185, -1,
      714, 716, 706, -1,
      721, 433, 719, -1,
      719, 433, 745, -1,
      719, 745, 718, -1,
      718, 745, 747, -1,
      718, 747, 716, -1,
      716, 747, 501, -1,
      716, 501, 706, -1,
      714, 706, 712, -1,
      712, 706, 708, -1,
      712, 708, 710, -1,
      57, 56, 746, -1,
      432, 431, 744, -1,
      57, 746, 204, -1,
      204, 746, 748, -1,
      204, 748, 205, -1,
      735, 733, 505, -1,
      432, 744, 746, -1,
      746, 744, 742, -1,
      746, 742, 748, -1,
      748, 742, 739, -1,
      748, 739, 505, -1,
      505, 739, 737, -1,
      505, 737, 735, -1,
      733, 731, 505, -1,
      505, 731, 729, -1,
      505, 729, 727, -1,
      511, 507, 749, -1,
      511, 749, 750, -1,
      750, 749, 751, -1,
      750, 751, 752, -1,
      752, 751, 753, -1,
      752, 753, 754, -1,
      754, 753, 755, -1,
      754, 755, 756, -1,
      756, 755, 757, -1,
      756, 757, 758, -1,
      758, 757, 759, -1,
      758, 759, 760, -1,
      761, 762, 759, -1,
      759, 762, 760, -1,
      763, 762, 764, -1,
      764, 762, 761, -1,
      765, 763, 766, -1,
      766, 763, 764, -1,
      436, 765, 435, -1,
      435, 765, 766, -1,
      196, 195, 85, -1,
      85, 195, 84, -1,
      767, 429, 768, -1,
      768, 429, 434, -1,
      506, 769, 507, -1,
      507, 769, 770, -1,
      769, 198, 770, -1,
      770, 198, 197, -1,
      59, 767, 60, -1,
      60, 767, 768, -1,
      743, 430, 429, -1,
      59, 58, 767, -1,
      767, 58, 203, -1,
      767, 203, 769, -1,
      769, 203, 198, -1,
      743, 429, 741, -1,
      741, 429, 767, -1,
      741, 767, 740, -1,
      740, 767, 769, -1,
      740, 769, 738, -1,
      738, 769, 506, -1,
      738, 506, 736, -1,
      736, 506, 728, -1,
      736, 728, 734, -1,
      734, 728, 730, -1,
      734, 730, 732, -1,
      85, 60, 768, -1,
      434, 435, 766, -1,
      85, 768, 196, -1,
      196, 768, 770, -1,
      196, 770, 197, -1,
      757, 755, 507, -1,
      434, 766, 768, -1,
      768, 766, 764, -1,
      768, 764, 770, -1,
      770, 764, 761, -1,
      770, 761, 507, -1,
      507, 761, 759, -1,
      507, 759, 757, -1,
      755, 753, 507, -1,
      507, 753, 751, -1,
      507, 751, 749, -1,
      513, 512, 771, -1,
      513, 771, 772, -1,
      772, 771, 773, -1,
      772, 773, 774, -1,
      774, 773, 775, -1,
      774, 775, 776, -1,
      776, 775, 777, -1,
      776, 777, 778, -1,
      778, 777, 779, -1,
      778, 779, 780, -1,
      780, 779, 781, -1,
      780, 781, 782, -1,
      783, 784, 781, -1,
      781, 784, 782, -1,
      785, 784, 786, -1,
      786, 784, 783, -1,
      787, 785, 788, -1,
      788, 785, 786, -1,
      422, 787, 423, -1,
      423, 787, 788, -1,
      182, 181, 67, -1,
      67, 181, 68, -1,
      789, 425, 790, -1,
      790, 425, 424, -1,
      511, 791, 512, -1,
      512, 791, 792, -1,
      791, 184, 792, -1,
      792, 184, 183, -1,
      83, 789, 66, -1,
      66, 789, 790, -1,
      765, 436, 425, -1,
      83, 84, 789, -1,
      789, 84, 195, -1,
      789, 195, 791, -1,
      791, 195, 184, -1,
      765, 425, 763, -1,
      763, 425, 789, -1,
      763, 789, 762, -1,
      762, 789, 791, -1,
      762, 791, 760, -1,
      760, 791, 511, -1,
      760, 511, 758, -1,
      758, 511, 750, -1,
      758, 750, 756, -1,
      756, 750, 752, -1,
      756, 752, 754, -1,
      67, 66, 790, -1,
      424, 423, 788, -1,
      67, 790, 182, -1,
      182, 790, 792, -1,
      182, 792, 183, -1,
      779, 777, 512, -1,
      424, 788, 790, -1,
      790, 788, 786, -1,
      790, 786, 792, -1,
      792, 786, 783, -1,
      792, 783, 512, -1,
      512, 783, 781, -1,
      512, 781, 779, -1,
      777, 775, 512, -1,
      512, 775, 773, -1,
      512, 773, 771, -1,
      517, 516, 793, -1,
      517, 793, 794, -1,
      794, 793, 795, -1,
      794, 795, 796, -1,
      796, 795, 797, -1,
      796, 797, 798, -1,
      798, 797, 799, -1,
      798, 799, 800, -1,
      800, 799, 801, -1,
      800, 801, 802, -1,
      802, 801, 803, -1,
      802, 803, 804, -1,
      805, 806, 803, -1,
      803, 806, 804, -1,
      807, 806, 808, -1,
      808, 806, 805, -1,
      809, 807, 810, -1,
      810, 807, 808, -1,
      428, 809, 427, -1,
      427, 809, 810, -1,
      167, 166, 116, -1,
      116, 166, 115, -1,
      811, 421, 812, -1,
      812, 421, 426, -1,
      513, 813, 516, -1,
      516, 813, 814, -1,
      813, 169, 814, -1,
      814, 169, 168, -1,
      74, 811, 75, -1,
      75, 811, 812, -1,
      787, 422, 421, -1,
      74, 68, 811, -1,
      811, 68, 181, -1,
      811, 181, 813, -1,
      813, 181, 169, -1,
      787, 421, 785, -1,
      785, 421, 811, -1,
      785, 811, 784, -1,
      784, 811, 813, -1,
      784, 813, 782, -1,
      782, 813, 513, -1,
      782, 513, 780, -1,
      780, 513, 772, -1,
      780, 772, 778, -1,
      778, 772, 774, -1,
      778, 774, 776, -1,
      116, 75, 812, -1,
      426, 427, 810, -1,
      116, 812, 167, -1,
      167, 812, 814, -1,
      167, 814, 168, -1,
      801, 799, 516, -1,
      426, 810, 812, -1,
      812, 810, 808, -1,
      812, 808, 814, -1,
      814, 808, 805, -1,
      814, 805, 516, -1,
      516, 805, 803, -1,
      516, 803, 801, -1,
      799, 797, 516, -1,
      516, 797, 795, -1,
      516, 795, 793, -1,
      522, 521, 815, -1,
      522, 815, 816, -1,
      816, 815, 817, -1,
      816, 817, 818, -1,
      818, 817, 819, -1,
      818, 819, 820, -1,
      820, 819, 821, -1,
      820, 821, 822, -1,
      822, 821, 823, -1,
      822, 823, 824, -1,
      824, 823, 825, -1,
      824, 825, 826, -1,
      827, 828, 825, -1,
      825, 828, 826, -1,
      829, 828, 830, -1,
      830, 828, 827, -1,
      831, 829, 832, -1,
      832, 829, 830, -1,
      414, 831, 415, -1,
      415, 831, 832, -1,
      151, 150, 99, -1,
      99, 150, 100, -1,
      833, 417, 834, -1,
      834, 417, 416, -1,
      517, 835, 521, -1,
      521, 835, 836, -1,
      835, 165, 836, -1,
      836, 165, 163, -1,
      114, 833, 98, -1,
      98, 833, 834, -1,
      809, 428, 417, -1,
      114, 115, 833, -1,
      833, 115, 166, -1,
      833, 166, 835, -1,
      835, 166, 165, -1,
      809, 417, 807, -1,
      807, 417, 833, -1,
      807, 833, 806, -1,
      806, 833, 835, -1,
      806, 835, 804, -1,
      804, 835, 517, -1,
      804, 517, 802, -1,
      802, 517, 794, -1,
      802, 794, 800, -1,
      800, 794, 796, -1,
      800, 796, 798, -1,
      99, 98, 834, -1,
      416, 415, 832, -1,
      99, 834, 151, -1,
      151, 834, 836, -1,
      151, 836, 163, -1,
      823, 821, 521, -1,
      416, 832, 834, -1,
      834, 832, 830, -1,
      834, 830, 836, -1,
      836, 830, 827, -1,
      836, 827, 521, -1,
      521, 827, 825, -1,
      521, 825, 823, -1,
      821, 819, 521, -1,
      521, 819, 817, -1,
      521, 817, 815, -1,
      527, 523, 837, -1,
      527, 837, 838, -1,
      838, 837, 839, -1,
      838, 839, 840, -1,
      840, 839, 841, -1,
      840, 841, 842, -1,
      842, 841, 843, -1,
      842, 843, 844, -1,
      844, 843, 845, -1,
      844, 845, 846, -1,
      846, 845, 847, -1,
      846, 847, 848, -1,
      847, 849, 848, -1,
      848, 849, 850, -1,
      850, 849, 851, -1,
      851, 849, 852, -1,
      851, 852, 853, -1,
      853, 852, 854, -1,
      853, 854, 420, -1,
      420, 854, 419, -1,
      127, 176, 126, -1,
      126, 176, 175, -1,
      529, 528, 855, -1,
      529, 855, 856, -1,
      856, 855, 857, -1,
      856, 857, 858, -1,
      858, 857, 859, -1,
      858, 859, 860, -1,
      860, 859, 861, -1,
      860, 861, 862, -1,
      862, 861, 863, -1,
      862, 863, 864, -1,
      864, 863, 865, -1,
      864, 865, 866, -1,
      867, 868, 865, -1,
      865, 868, 866, -1,
      869, 868, 870, -1,
      870, 868, 867, -1,
      871, 869, 872, -1,
      872, 869, 870, -1,
      406, 871, 407, -1,
      407, 871, 872, -1,
      189, 188, 121, -1,
      121, 188, 122, -1,
      873, 409, 874, -1,
      874, 409, 408, -1,
      527, 875, 528, -1,
      528, 875, 876, -1,
      875, 174, 876, -1,
      876, 174, 191, -1,
      125, 873, 120, -1,
      120, 873, 874, -1,
      853, 420, 409, -1,
      125, 126, 873, -1,
      873, 126, 175, -1,
      873, 175, 875, -1,
      875, 175, 174, -1,
      853, 409, 851, -1,
      851, 409, 873, -1,
      851, 873, 850, -1,
      850, 873, 875, -1,
      850, 875, 848, -1,
      848, 875, 527, -1,
      848, 527, 846, -1,
      846, 527, 838, -1,
      846, 838, 844, -1,
      844, 838, 840, -1,
      844, 840, 842, -1,
      189, 121, 874, -1,
      874, 121, 120, -1,
      867, 189, 870, -1,
      870, 189, 874, -1,
      870, 874, 872, -1,
      872, 874, 408, -1,
      872, 408, 407, -1,
      863, 861, 528, -1,
      191, 189, 876, -1,
      876, 189, 867, -1,
      876, 867, 528, -1,
      528, 867, 865, -1,
      528, 865, 863, -1,
      861, 859, 528, -1,
      528, 859, 857, -1,
      528, 857, 855, -1,
      877, 413, 878, -1,
      878, 413, 418, -1,
      522, 879, 523, -1,
      523, 879, 880, -1,
      879, 149, 880, -1,
      880, 149, 213, -1,
      104, 877, 105, -1,
      105, 877, 878, -1,
      831, 414, 413, -1,
      104, 100, 877, -1,
      877, 100, 150, -1,
      877, 150, 879, -1,
      879, 150, 149, -1,
      831, 413, 829, -1,
      829, 413, 877, -1,
      829, 877, 828, -1,
      828, 877, 879, -1,
      828, 879, 826, -1,
      826, 879, 522, -1,
      826, 522, 824, -1,
      824, 522, 816, -1,
      824, 816, 822, -1,
      822, 816, 818, -1,
      822, 818, 820, -1,
      176, 127, 878, -1,
      878, 127, 105, -1,
      849, 176, 852, -1,
      852, 176, 878, -1,
      852, 878, 854, -1,
      854, 878, 418, -1,
      854, 418, 419, -1,
      845, 843, 523, -1,
      213, 176, 880, -1,
      880, 176, 849, -1,
      880, 849, 523, -1,
      523, 849, 847, -1,
      523, 847, 845, -1,
      843, 841, 523, -1,
      523, 841, 839, -1,
      523, 839, 837, -1,
      533, 532, 881, -1,
      533, 881, 882, -1,
      882, 881, 883, -1,
      882, 883, 884, -1,
      884, 883, 885, -1,
      884, 885, 886, -1,
      886, 885, 887, -1,
      886, 887, 888, -1,
      888, 887, 889, -1,
      888, 889, 890, -1,
      890, 889, 891, -1,
      890, 891, 892, -1,
      893, 894, 891, -1,
      891, 894, 892, -1,
      895, 894, 896, -1,
      896, 894, 893, -1,
      897, 895, 898, -1,
      898, 895, 896, -1,
      412, 897, 411, -1,
      411, 897, 898, -1,
      171, 170, 130, -1,
      130, 170, 129, -1,
      899, 405, 900, -1,
      900, 405, 410, -1,
      529, 901, 532, -1,
      532, 901, 902, -1,
      901, 190, 902, -1,
      902, 190, 173, -1,
      123, 899, 124, -1,
      124, 899, 900, -1,
      871, 406, 405, -1,
      123, 122, 899, -1,
      899, 122, 188, -1,
      899, 188, 901, -1,
      901, 188, 190, -1,
      871, 405, 869, -1,
      869, 405, 899, -1,
      869, 899, 868, -1,
      868, 899, 901, -1,
      868, 901, 866, -1,
      866, 901, 529, -1,
      866, 529, 864, -1,
      864, 529, 856, -1,
      864, 856, 862, -1,
      862, 856, 858, -1,
      862, 858, 860, -1,
      171, 130, 900, -1,
      900, 130, 124, -1,
      893, 171, 896, -1,
      896, 171, 900, -1,
      896, 900, 898, -1,
      898, 900, 410, -1,
      898, 410, 411, -1,
      889, 887, 532, -1,
      173, 171, 902, -1,
      902, 171, 893, -1,
      902, 893, 532, -1,
      532, 893, 891, -1,
      532, 891, 889, -1,
      887, 885, 532, -1,
      532, 885, 883, -1,
      532, 883, 881, -1,
      535, 534, 903, -1,
      535, 903, 904, -1,
      904, 903, 905, -1,
      904, 905, 906, -1,
      906, 905, 907, -1,
      906, 907, 908, -1,
      908, 907, 909, -1,
      908, 909, 910, -1,
      910, 909, 911, -1,
      910, 911, 912, -1,
      912, 911, 913, -1,
      912, 913, 914, -1,
      915, 916, 913, -1,
      913, 916, 914, -1,
      917, 916, 918, -1,
      918, 916, 915, -1,
      919, 917, 920, -1,
      920, 917, 918, -1,
      394, 919, 395, -1,
      395, 919, 920, -1,
      154, 153, 48, -1,
      48, 153, 49, -1,
      921, 397, 922, -1,
      922, 397, 396, -1,
      533, 923, 534, -1,
      534, 923, 924, -1,
      923, 172, 924, -1,
      924, 172, 199, -1,
      128, 921, 47, -1,
      47, 921, 922, -1,
      897, 412, 397, -1,
      128, 129, 921, -1,
      921, 129, 170, -1,
      921, 170, 923, -1,
      923, 170, 172, -1,
      897, 397, 895, -1,
      895, 397, 921, -1,
      895, 921, 894, -1,
      894, 921, 923, -1,
      894, 923, 892, -1,
      892, 923, 533, -1,
      892, 533, 890, -1,
      890, 533, 882, -1,
      890, 882, 888, -1,
      888, 882, 884, -1,
      888, 884, 886, -1,
      154, 48, 922, -1,
      922, 48, 47, -1,
      915, 154, 918, -1,
      918, 154, 922, -1,
      918, 922, 920, -1,
      920, 922, 396, -1,
      920, 396, 395, -1,
      911, 909, 534, -1,
      199, 154, 924, -1,
      924, 154, 915, -1,
      924, 915, 534, -1,
      534, 915, 913, -1,
      534, 913, 911, -1,
      909, 907, 534, -1,
      534, 907, 905, -1,
      534, 905, 903, -1,
      495, 536, 925, -1,
      495, 925, 926, -1,
      926, 925, 927, -1,
      926, 927, 928, -1,
      928, 927, 929, -1,
      928, 929, 930, -1,
      930, 929, 931, -1,
      930, 931, 932, -1,
      932, 931, 933, -1,
      932, 933, 934, -1,
      934, 933, 935, -1,
      934, 935, 936, -1,
      937, 938, 935, -1,
      935, 938, 936, -1,
      939, 938, 940, -1,
      940, 938, 937, -1,
      941, 939, 942, -1,
      942, 939, 940, -1,
      404, 941, 403, -1,
      403, 941, 942, -1,
      138, 54, 139, -1,
      139, 54, 55, -1,
      139, 55, 193, -1,
      943, 393, 944, -1,
      944, 393, 402, -1,
      535, 945, 536, -1,
      536, 945, 946, -1,
      945, 152, 946, -1,
      946, 152, 194, -1,
      41, 943, 42, -1,
      42, 943, 944, -1,
      919, 394, 393, -1,
      41, 49, 943, -1,
      943, 49, 153, -1,
      943, 153, 945, -1,
      945, 153, 152, -1,
      919, 393, 917, -1,
      917, 393, 943, -1,
      917, 943, 916, -1,
      916, 943, 945, -1,
      916, 945, 914, -1,
      914, 945, 535, -1,
      914, 535, 912, -1,
      912, 535, 904, -1,
      912, 904, 910, -1,
      910, 904, 906, -1,
      910, 906, 908, -1,
      193, 55, 944, -1,
      944, 55, 42, -1,
      937, 193, 940, -1,
      940, 193, 944, -1,
      940, 944, 942, -1,
      942, 944, 402, -1,
      942, 402, 403, -1,
      933, 931, 536, -1,
      194, 193, 946, -1,
      946, 193, 937, -1,
      946, 937, 536, -1,
      536, 937, 935, -1,
      536, 935, 933, -1,
      931, 929, 536, -1,
      536, 929, 927, -1,
      536, 927, 925, -1,
      497, 496, 947, -1,
      497, 947, 948, -1,
      948, 947, 949, -1,
      948, 949, 950, -1,
      950, 949, 951, -1,
      950, 951, 952, -1,
      952, 951, 953, -1,
      952, 953, 954, -1,
      954, 953, 955, -1,
      954, 955, 956, -1,
      956, 955, 957, -1,
      956, 957, 958, -1,
      959, 960, 957, -1,
      957, 960, 958, -1,
      961, 960, 962, -1,
      962, 960, 959, -1,
      963, 961, 964, -1,
      964, 961, 962, -1,
      398, 963, 399, -1,
      399, 963, 964, -1,
      310, 309, 76, -1,
      76, 309, 77, -1,
      965, 401, 966, -1,
      966, 401, 400, -1,
      495, 967, 496, -1,
      496, 967, 968, -1,
      967, 137, 968, -1,
      968, 137, 312, -1,
      53, 965, 52, -1,
      52, 965, 966, -1,
      941, 404, 401, -1,
      53, 54, 965, -1,
      965, 54, 138, -1,
      965, 138, 967, -1,
      967, 138, 137, -1,
      941, 401, 939, -1,
      939, 401, 965, -1,
      939, 965, 938, -1,
      938, 965, 967, -1,
      938, 967, 936, -1,
      936, 967, 495, -1,
      936, 495, 934, -1,
      934, 495, 926, -1,
      934, 926, 932, -1,
      932, 926, 928, -1,
      932, 928, 930, -1,
      310, 76, 966, -1,
      966, 76, 52, -1,
      959, 310, 962, -1,
      962, 310, 966, -1,
      962, 966, 964, -1,
      964, 966, 400, -1,
      964, 400, 399, -1,
      955, 953, 496, -1,
      312, 310, 968, -1,
      968, 310, 959, -1,
      968, 959, 496, -1,
      496, 959, 957, -1,
      496, 957, 955, -1,
      953, 951, 496, -1,
      496, 951, 949, -1,
      496, 949, 947, -1,
      503, 502, 969, -1,
      503, 969, 970, -1,
      970, 969, 971, -1,
      970, 971, 972, -1,
      972, 971, 973, -1,
      972, 973, 974, -1,
      974, 973, 975, -1,
      974, 975, 976, -1,
      976, 975, 977, -1,
      976, 977, 978, -1,
      978, 977, 979, -1,
      978, 979, 980, -1,
      981, 982, 979, -1,
      979, 982, 980, -1,
      983, 982, 984, -1,
      984, 982, 981, -1,
      985, 983, 986, -1,
      986, 983, 984, -1,
      379, 985, 380, -1,
      380, 985, 986, -1,
      308, 307, 91, -1,
      91, 307, 92, -1,
      987, 389, 988, -1,
      988, 389, 388, -1,
      497, 989, 502, -1,
      502, 989, 990, -1,
      989, 311, 990, -1,
      990, 311, 316, -1,
      78, 987, 79, -1,
      79, 987, 988, -1,
      963, 398, 389, -1,
      78, 77, 987, -1,
      987, 77, 309, -1,
      987, 309, 989, -1,
      989, 309, 311, -1,
      963, 389, 961, -1,
      961, 389, 987, -1,
      961, 987, 960, -1,
      960, 987, 989, -1,
      960, 989, 958, -1,
      958, 989, 497, -1,
      958, 497, 956, -1,
      956, 497, 948, -1,
      956, 948, 954, -1,
      954, 948, 950, -1,
      954, 950, 952, -1,
      308, 91, 988, -1,
      988, 91, 79, -1,
      981, 308, 984, -1,
      984, 308, 988, -1,
      984, 988, 986, -1,
      986, 988, 388, -1,
      986, 388, 380, -1,
      977, 975, 502, -1,
      316, 308, 990, -1,
      990, 308, 981, -1,
      990, 981, 502, -1,
      502, 981, 979, -1,
      502, 979, 977, -1,
      975, 973, 502, -1,
      502, 973, 971, -1,
      502, 971, 969, -1,
      508, 504, 991, -1,
      508, 991, 992, -1,
      992, 991, 993, -1,
      992, 993, 994, -1,
      994, 993, 995, -1,
      994, 995, 996, -1,
      996, 995, 997, -1,
      996, 997, 998, -1,
      998, 997, 999, -1,
      998, 999, 1000, -1,
      1000, 999, 1001, -1,
      1000, 1001, 1002, -1,
      1003, 1004, 1001, -1,
      1001, 1004, 1002, -1,
      1005, 1004, 1006, -1,
      1006, 1004, 1003, -1,
      1007, 1005, 1008, -1,
      1008, 1005, 1006, -1,
      392, 1007, 391, -1,
      391, 1007, 1008, -1,
      314, 313, 106, -1,
      106, 313, 107, -1,
      1009, 378, 1010, -1,
      1010, 378, 390, -1,
      503, 1011, 504, -1,
      504, 1011, 1012, -1,
      1011, 306, 1012, -1,
      1012, 306, 315, -1,
      93, 1009, 94, -1,
      94, 1009, 1010, -1,
      985, 379, 378, -1,
      93, 92, 1009, -1,
      1009, 92, 307, -1,
      1009, 307, 1011, -1,
      1011, 307, 306, -1,
      985, 378, 983, -1,
      983, 378, 1009, -1,
      983, 1009, 982, -1,
      982, 1009, 1011, -1,
      982, 1011, 980, -1,
      980, 1011, 503, -1,
      980, 503, 978, -1,
      978, 503, 970, -1,
      978, 970, 976, -1,
      976, 970, 972, -1,
      976, 972, 974, -1,
      314, 106, 1010, -1,
      1010, 106, 94, -1,
      1003, 314, 1006, -1,
      1006, 314, 1010, -1,
      1006, 1010, 1008, -1,
      1008, 1010, 390, -1,
      1008, 390, 391, -1,
      999, 997, 504, -1,
      315, 314, 1012, -1,
      1012, 314, 1003, -1,
      1012, 1003, 504, -1,
      504, 1003, 1001, -1,
      504, 1001, 999, -1,
      997, 995, 504, -1,
      504, 995, 993, -1,
      504, 993, 991, -1,
      510, 509, 1013, -1,
      510, 1013, 1014, -1,
      1014, 1013, 1015, -1,
      1014, 1015, 1016, -1,
      1016, 1015, 1017, -1,
      1016, 1017, 1018, -1,
      1018, 1017, 1019, -1,
      1018, 1019, 1020, -1,
      1020, 1019, 1021, -1,
      1020, 1021, 1022, -1,
      1022, 1021, 1023, -1,
      1022, 1023, 1024, -1,
      1025, 1026, 1023, -1,
      1023, 1026, 1024, -1,
      1027, 1026, 1028, -1,
      1028, 1026, 1025, -1,
      1029, 1027, 1030, -1,
      1030, 1027, 1028, -1,
      367, 1029, 368, -1,
      368, 1029, 1030, -1,
      294, 293, 119, -1,
      119, 293, 118, -1,
      1031, 377, 1032, -1,
      1032, 377, 376, -1,
      508, 1033, 509, -1,
      509, 1033, 1034, -1,
      1033, 296, 1034, -1,
      1034, 296, 295, -1,
      108, 1031, 109, -1,
      109, 1031, 1032, -1,
      1007, 392, 377, -1,
      108, 107, 1031, -1,
      1031, 107, 313, -1,
      1031, 313, 1033, -1,
      1033, 313, 296, -1,
      1007, 377, 1005, -1,
      1005, 377, 1031, -1,
      1005, 1031, 1004, -1,
      1004, 1031, 1033, -1,
      1004, 1033, 1002, -1,
      1002, 1033, 508, -1,
      1002, 508, 1000, -1,
      1000, 508, 992, -1,
      1000, 992, 998, -1,
      998, 992, 994, -1,
      998, 994, 996, -1,
      294, 119, 1032, -1,
      1032, 119, 109, -1,
      1025, 294, 1028, -1,
      1028, 294, 1032, -1,
      1028, 1032, 1030, -1,
      1030, 1032, 376, -1,
      1030, 376, 368, -1,
      1021, 1019, 509, -1,
      295, 294, 1034, -1,
      1034, 294, 1025, -1,
      1034, 1025, 509, -1,
      509, 1025, 1023, -1,
      509, 1023, 1021, -1,
      1019, 1017, 509, -1,
      509, 1017, 1015, -1,
      509, 1015, 1013, -1,
      515, 514, 1035, -1,
      515, 1035, 1036, -1,
      1036, 1035, 1037, -1,
      1036, 1037, 1038, -1,
      1038, 1037, 1039, -1,
      1038, 1039, 1040, -1,
      1040, 1039, 1041, -1,
      1040, 1041, 1042, -1,
      1042, 1041, 1043, -1,
      1042, 1043, 1044, -1,
      1044, 1043, 1045, -1,
      1044, 1045, 1046, -1,
      1047, 1048, 1045, -1,
      1045, 1048, 1046, -1,
      1049, 1048, 1050, -1,
      1050, 1048, 1047, -1,
      1051, 1049, 1052, -1,
      1052, 1049, 1050, -1,
      385, 1051, 386, -1,
      386, 1051, 1052, -1,
      299, 298, 70, -1,
      70, 298, 71, -1,
      1053, 366, 1054, -1,
      1054, 366, 387, -1,
      510, 1055, 514, -1,
      514, 1055, 1056, -1,
      1055, 292, 1056, -1,
      1056, 292, 300, -1,
      117, 1053, 69, -1,
      69, 1053, 1054, -1,
      1029, 367, 366, -1,
      117, 118, 1053, -1,
      1053, 118, 293, -1,
      1053, 293, 1055, -1,
      1055, 293, 292, -1,
      1029, 366, 1027, -1,
      1027, 366, 1053, -1,
      1027, 1053, 1026, -1,
      1026, 1053, 1055, -1,
      1026, 1055, 1024, -1,
      1024, 1055, 510, -1,
      1024, 510, 1022, -1,
      1022, 510, 1014, -1,
      1022, 1014, 1020, -1,
      1020, 1014, 1016, -1,
      1020, 1016, 1018, -1,
      299, 70, 1054, -1,
      1054, 70, 69, -1,
      1047, 299, 1050, -1,
      1050, 299, 1054, -1,
      1050, 1054, 1052, -1,
      1052, 1054, 387, -1,
      1052, 387, 386, -1,
      1043, 1041, 514, -1,
      300, 299, 1056, -1,
      1056, 299, 1047, -1,
      1056, 1047, 514, -1,
      514, 1047, 1045, -1,
      514, 1045, 1043, -1,
      1041, 1039, 514, -1,
      514, 1039, 1037, -1,
      514, 1037, 1035, -1,
      519, 518, 1057, -1,
      519, 1057, 1058, -1,
      1058, 1057, 1059, -1,
      1058, 1059, 1060, -1,
      1060, 1059, 1061, -1,
      1060, 1061, 1062, -1,
      1062, 1061, 1063, -1,
      1062, 1063, 1064, -1,
      1064, 1063, 1065, -1,
      1064, 1065, 1066, -1,
      1066, 1065, 1067, -1,
      1066, 1067, 1068, -1,
      1069, 1070, 1067, -1,
      1067, 1070, 1068, -1,
      1071, 1070, 1072, -1,
      1072, 1070, 1069, -1,
      1073, 1071, 1074, -1,
      1074, 1071, 1072, -1,
      381, 1073, 382, -1,
      382, 1073, 1074, -1,
      273, 272, 88, -1,
      88, 272, 87, -1,
      1075, 384, 1076, -1,
      1076, 384, 383, -1,
      515, 1077, 518, -1,
      518, 1077, 1078, -1,
      1077, 275, 1078, -1,
      1078, 275, 274, -1,
      64, 1075, 65, -1,
      65, 1075, 1076, -1,
      1051, 385, 384, -1,
      64, 71, 1075, -1,
      1075, 71, 298, -1,
      1075, 298, 1077, -1,
      1077, 298, 275, -1,
      1051, 384, 1049, -1,
      1049, 384, 1075, -1,
      1049, 1075, 1048, -1,
      1048, 1075, 1077, -1,
      1048, 1077, 1046, -1,
      1046, 1077, 515, -1,
      1046, 515, 1044, -1,
      1044, 515, 1036, -1,
      1044, 1036, 1042, -1,
      1042, 1036, 1038, -1,
      1042, 1038, 1040, -1,
      273, 88, 1076, -1,
      1076, 88, 65, -1,
      382, 1074, 1072, -1,
      383, 382, 1076, -1,
      1076, 382, 1072, -1,
      1076, 1072, 273, -1,
      273, 1072, 1069, -1,
      1065, 1063, 518, -1,
      274, 273, 1078, -1,
      1078, 273, 1069, -1,
      1078, 1069, 518, -1,
      518, 1069, 1067, -1,
      518, 1067, 1065, -1,
      1063, 1061, 518, -1,
      518, 1061, 1059, -1,
      518, 1059, 1057, -1,
      1079, 363, 1080, -1,
      1080, 363, 362, -1,
      519, 1081, 520, -1,
      520, 1081, 1082, -1,
      1081, 271, 1082, -1,
      1082, 271, 278, -1,
      86, 1079, 80, -1,
      80, 1079, 1080, -1,
      1073, 381, 363, -1,
      86, 87, 1079, -1,
      1079, 87, 272, -1,
      1079, 272, 1081, -1,
      1081, 272, 271, -1,
      1073, 363, 1071, -1,
      1071, 363, 1079, -1,
      1071, 1079, 1070, -1,
      1070, 1079, 1081, -1,
      1070, 1081, 1068, -1,
      1068, 1081, 519, -1,
      1068, 519, 1066, -1,
      1066, 519, 1058, -1,
      1066, 1058, 1064, -1,
      1064, 1058, 1060, -1,
      1064, 1060, 1062, -1,
      277, 81, 1080, -1,
      1080, 81, 80, -1,
      361, 614, 612, -1,
      362, 361, 1080, -1,
      1080, 361, 612, -1,
      1080, 612, 277, -1,
      277, 612, 609, -1,
      605, 603, 520, -1,
      278, 277, 1082, -1,
      1082, 277, 609, -1,
      1082, 609, 520, -1,
      520, 609, 607, -1,
      520, 607, 605, -1,
      603, 601, 520, -1,
      520, 601, 599, -1,
      520, 599, 597, -1,
    ]
  }
}

Shape {
  appearance Appearance {
    material Material {
      diffuseColor 0.0706 0.0706 0.0706
      specularColor 0.0039 0.0039 0.0039
      ambientIntensity 0.2
      transparency 0.0000
      shininess 0.5
    }
  }
  geometry IndexedFaceSet {
    ccw TRUE
    solid FALSE
    coord DEF co Coordinate {
      point [
        6.535063 -1.134825 0.000000,
        6.441152 -1.332827 0.000000,
        6.441152 -1.135976 0.000000,
        6.329488 -1.135976 0.000000,
        6.297256 -1.332827 0.000000,
        6.297256 -1.135976 0.000000,
        6.329488 -1.157849 0.000000,
        6.020974 -1.332827 0.000000,
        6.078200 -1.134825 0.000000,
        6.336395 -1.240733 0.000000,
        6.336395 -1.218861 0.000000,
        6.414675 -1.218861 0.000000,
        6.414675 -1.157849 0.000000,
        6.159115 -1.332827 0.000000,
        6.219006 -1.142556 0.000000,
        6.205756 -1.149665 0.000000,
        6.101889 -1.134825 0.000000,
        6.195671 -1.158640 0.000000,
        6.187501 -1.170563 0.000000,
        6.180128 -1.190038 0.000000,
        6.115370 -1.271815 0.000000,
        6.131487 -1.332827 0.000000,
        6.064719 -1.271815 0.000000,
        6.048602 -1.332827 0.000000,
        6.258116 -1.135976 0.000000,
        6.236615 -1.137689 0.000000,
        6.101556 -1.133674 0.000000,
        6.078533 -1.133674 0.000000,
        6.182074 -1.284157 0.000000,
        6.189105 -1.299362 0.000000,
        6.197389 -1.310082 0.000000,
        6.209104 -1.319723 0.000000,
        6.224305 -1.327309 0.000000,
        6.242307 -1.331766 0.000000,
        6.258116 -1.332827 0.000000,
        6.175370 -1.226297 0.000000,
        6.175231 -1.234977 0.000000,
        6.177156 -1.263347 0.000000,
        6.738155 -1.332827 0.000000,
        6.618433 -1.332827 0.000000,
        6.526339 -1.133674 0.000000,
        6.517310 -1.134825 0.000000,
        6.511074 -1.135620 0.000000,
        6.499691 -1.140144 0.000000,
        6.553100 -1.170488 0.000000,
        6.559014 -1.181598 0.000000,
        6.494106 -1.206198 0.000000,
        6.494106 -1.254547 0.000000,
        6.468780 -1.206198 0.000000,
        6.489277 -1.147597 0.000000,
        6.479848 -1.158485 0.000000,
        6.473519 -1.171206 0.000000,
        6.469361 -1.189672 0.000000,
        6.467629 -1.254547 0.000000,
        6.564250 -1.202166 0.000000,
        6.566630 -1.238431 0.000000,
        6.495647 -1.277865 0.000000,
        6.563902 -1.273688 0.000000,
        6.738155 -1.135976 0.000000,
        6.507707 -1.304581 0.000000,
        6.502517 -1.298533 0.000000,
        6.499132 -1.291748 0.000000,
        6.559422 -1.289315 0.000000,
        6.554383 -1.298448 0.000000,
        6.547555 -1.305955 0.000000,
        6.495575 -1.186888 0.000000,
        6.498924 -1.174573 0.000000,
        6.524644 -1.155606 0.000000,
        6.502153 -1.168227 0.000000,
        6.517136 -1.156778 0.000000,
        6.506203 -1.163130 0.000000,
        6.511289 -1.159218 0.000000,
        6.534783 -1.156655 0.000000,
        6.541296 -1.159333 0.000000,
        6.547433 -1.163869 0.000000,
        6.526339 -1.155546 0.000000,
        6.541295 -1.310109 0.000000,
        6.534835 -1.312456 0.000000,
        6.514033 -1.309452 0.000000,
        6.527491 -1.313257 0.000000,
        6.520389 -1.312239 0.000000,
        6.711678 -1.135976 0.000000,
        6.542353 -1.135787 0.000000,
        6.527491 -1.335129 0.000000,
        6.542605 -1.333291 0.000000,
        6.470229 -1.281224 0.000000,
        6.475455 -1.299585 0.000000,
        6.575847 -1.161012 0.000000,
        6.564860 -1.148381 0.000000,
        6.553995 -1.140533 0.000000,
        6.618433 -1.310955 0.000000,
        6.555349 -1.328371 0.000000,
        6.567092 -1.320297 0.000000,
        6.577668 -1.308953 0.000000,
        6.585341 -1.295237 0.000000,
        6.591722 -1.272731 0.000000,
        6.481914 -1.311605 0.000000,
        6.491933 -1.322267 0.000000,
        6.503739 -1.329912 0.000000,
        6.414675 -1.240733 0.000000,
        6.414675 -1.310955 0.000000,
        6.323733 -1.310955 0.000000,
        6.323733 -1.332827 0.000000,
        6.711678 -1.310955 0.000000,
        6.594258 -1.240733 0.000000,
        6.591135 -1.201429 0.000000,
        6.583526 -1.175044 0.000000,
        6.515446 -1.333893 0.000000,
        6.064719 -1.271815 0.003937,
        6.048602 -1.332827 0.003937,
        6.115370 -1.271815 0.003937,
        6.131487 -1.332827 0.003937,
        6.159115 -1.332827 0.003937,
        6.101556 -1.133674 0.003937,
        6.078533 -1.133674 0.003937,
        6.020974 -1.332827 0.003937,
        6.070474 -1.249943 0.003937,
        6.088894 -1.179721 0.003937,
        6.091196 -1.179721 0.003937,
        6.109615 -1.249943 0.003937,
        6.091196 -1.179721 0.000000,
        6.088894 -1.179721 0.000000,
        6.109615 -1.249943 0.000000,
        6.070474 -1.249943 0.000000,
        6.297256 -1.332827 0.003937,
        6.258116 -1.332827 0.003937,
        6.297256 -1.135976 0.003937,
        6.258116 -1.135976 0.003937,
        6.236615 -1.137689 0.003937,
        6.219006 -1.142556 0.003937,
        6.205756 -1.149665 0.003937,
        6.195671 -1.158640 0.003937,
        6.187501 -1.170563 0.003937,
        6.180128 -1.190038 0.003937,
        6.175370 -1.226297 0.003937,
        6.175231 -1.234977 0.003937,
        6.177156 -1.263347 0.003937,
        6.182074 -1.284157 0.003937,
        6.189105 -1.299362 0.003937,
        6.197389 -1.310082 0.003937,
        6.209104 -1.319723 0.003937,
        6.224305 -1.327309 0.003937,
        6.242307 -1.331766 0.003937,
        6.270779 -1.157849 0.003937,
        6.210450 -1.283921 0.003937,
        6.205342 -1.266378 0.003937,
        6.202860 -1.234977 0.003937,
        6.270779 -1.310955 0.003937,
        6.258116 -1.310955 0.003937,
        6.242563 -1.309416 0.003937,
        6.231775 -1.305835 0.003937,
        6.223141 -1.300595 0.003937,
        6.215667 -1.292960 0.003937,
        6.258116 -1.157849 0.003937,
        6.253698 -1.157971 0.003937,
        6.239059 -1.160365 0.003937,
        6.229009 -1.164577 0.003937,
        6.220697 -1.170724 0.003937,
        6.214366 -1.178345 0.003937,
        6.209095 -1.189197 0.003937,
        6.204686 -1.207457 0.003937,
        6.270779 -1.157849 0.000000,
        6.258116 -1.157849 0.000000,
        6.270779 -1.310955 0.000000,
        6.258116 -1.310955 0.000000,
        6.242563 -1.309416 0.000000,
        6.231775 -1.305835 0.000000,
        6.223141 -1.300595 0.000000,
        6.215667 -1.292960 0.000000,
        6.210450 -1.283921 0.000000,
        6.205342 -1.266378 0.000000,
        6.202860 -1.234977 0.000000,
        6.204686 -1.207457 0.000000,
        6.209095 -1.189197 0.000000,
        6.214366 -1.178345 0.000000,
        6.220697 -1.170724 0.000000,
        6.229009 -1.164577 0.000000,
        6.239059 -1.160365 0.000000,
        6.253698 -1.157971 0.000000,
        6.441152 -1.135976 0.003937,
        6.441152 -1.332827 0.003937,
        6.329488 -1.135976 0.003937,
        6.329488 -1.157849 0.003937,
        6.414675 -1.157849 0.003937,
        6.414675 -1.218861 0.003937,
        6.336395 -1.218861 0.003937,
        6.336395 -1.240733 0.003937,
        6.414675 -1.240733 0.003937,
        6.414675 -1.310955 0.003937,
        6.323733 -1.310955 0.003937,
        6.323733 -1.332827 0.003937,
        6.527491 -1.335129 0.003937,
        6.542605 -1.333291 0.003937,
        6.555349 -1.328371 0.003937,
        6.567092 -1.320297 0.003937,
        6.577668 -1.308953 0.003937,
        6.585341 -1.295237 0.003937,
        6.591722 -1.272731 0.003937,
        6.594258 -1.240733 0.003937,
        6.591135 -1.201429 0.003937,
        6.583526 -1.175044 0.003937,
        6.575847 -1.161012 0.003937,
        6.564860 -1.148381 0.003937,
        6.553995 -1.140533 0.003937,
        6.542353 -1.135787 0.003937,
        6.526339 -1.133674 0.003937,
        6.511074 -1.135620 0.003937,
        6.499691 -1.140144 0.003937,
        6.489277 -1.147597 0.003937,
        6.479848 -1.158485 0.003937,
        6.473519 -1.171206 0.003937,
        6.469361 -1.189672 0.003937,
        6.468780 -1.206198 0.003937,
        6.494106 -1.206198 0.003937,
        6.495575 -1.186888 0.003937,
        6.498924 -1.174573 0.003937,
        6.502153 -1.168227 0.003937,
        6.506203 -1.163130 0.003937,
        6.511289 -1.159218 0.003937,
        6.517136 -1.156778 0.003937,
        6.524644 -1.155606 0.003937,
        6.526339 -1.155546 0.003937,
        6.534783 -1.156655 0.003937,
        6.541296 -1.159333 0.003937,
        6.547433 -1.163869 0.003937,
        6.553100 -1.170488 0.003937,
        6.559014 -1.181598 0.003937,
        6.564250 -1.202166 0.003937,
        6.566630 -1.238431 0.003937,
        6.563902 -1.273688 0.003937,
        6.559422 -1.289315 0.003937,
        6.554383 -1.298448 0.003937,
        6.547555 -1.305955 0.003937,
        6.541295 -1.310109 0.003937,
        6.534835 -1.312456 0.003937,
        6.527491 -1.313257 0.003937,
        6.520389 -1.312239 0.003937,
        6.514033 -1.309452 0.003937,
        6.507707 -1.304581 0.003937,
        6.502517 -1.298533 0.003937,
        6.499132 -1.291748 0.003937,
        6.495647 -1.277865 0.003937,
        6.494106 -1.254547 0.003937,
        6.467629 -1.254547 0.003937,
        6.470229 -1.281224 0.003937,
        6.475455 -1.299585 0.003937,
        6.481914 -1.311605 0.003937,
        6.491933 -1.322267 0.003937,
        6.503739 -1.329912 0.003937,
        6.515446 -1.333893 0.003937,
        6.738155 -1.135976 0.003937,
        6.738155 -1.332827 0.003937,
        6.711678 -1.135976 0.003937,
        6.711678 -1.310955 0.003937,
        6.618433 -1.310955 0.003937,
        6.618433 -1.332827 0.003937,
      ]
    }
    coordIndex [
      108, 22, 109, -1,
      109, 22, 23, -1,
      110, 20, 108, -1,
      108, 20, 22, -1,
      111, 21, 110, -1,
      110, 21, 20, -1,
      112, 13, 111, -1,
      111, 13, 21, -1,
      13, 112, 16, -1,
      16, 112, 113, -1,
      16, 113, 26, -1,
      114, 27, 113, -1,
      113, 27, 26, -1,
      27, 114, 8, -1,
      8, 114, 115, -1,
      8, 115, 7, -1,
      115, 109, 7, -1,
      7, 109, 23, -1,
      115, 114, 116, -1,
      116, 114, 117, -1,
      112, 111, 110, -1,
      117, 114, 118, -1,
      118, 114, 113, -1,
      118, 113, 119, -1,
      109, 115, 108, -1,
      108, 115, 116, -1,
      108, 116, 110, -1,
      110, 116, 119, -1,
      110, 119, 112, -1,
      112, 119, 113, -1,
      118, 120, 117, -1,
      117, 120, 121, -1,
      119, 122, 118, -1,
      118, 122, 120, -1,
      116, 123, 119, -1,
      119, 123, 122, -1,
      121, 123, 117, -1,
      117, 123, 116, -1,
      124, 4, 125, -1,
      125, 4, 34, -1,
      126, 5, 124, -1,
      124, 5, 4, -1,
      127, 24, 126, -1,
      126, 24, 5, -1,
      24, 127, 128, -1,
      24, 128, 25, -1,
      25, 128, 129, -1,
      25, 129, 14, -1,
      14, 129, 130, -1,
      14, 130, 15, -1,
      15, 130, 131, -1,
      15, 131, 17, -1,
      17, 131, 132, -1,
      17, 132, 18, -1,
      18, 132, 133, -1,
      18, 133, 19, -1,
      19, 133, 134, -1,
      19, 134, 35, -1,
      35, 134, 135, -1,
      35, 135, 36, -1,
      36, 135, 136, -1,
      36, 136, 37, -1,
      37, 136, 137, -1,
      37, 137, 28, -1,
      28, 137, 138, -1,
      28, 138, 29, -1,
      29, 138, 139, -1,
      29, 139, 30, -1,
      30, 139, 140, -1,
      30, 140, 31, -1,
      31, 140, 141, -1,
      31, 141, 32, -1,
      32, 141, 142, -1,
      32, 142, 33, -1,
      33, 142, 125, -1,
      33, 125, 34, -1,
      127, 126, 143, -1,
      144, 137, 145, -1,
      145, 137, 136, -1,
      145, 136, 146, -1,
      143, 126, 147, -1,
      147, 126, 124, -1,
      147, 124, 148, -1,
      148, 124, 125, -1,
      148, 125, 149, -1,
      149, 125, 142, -1,
      149, 142, 150, -1,
      150, 142, 141, -1,
      150, 141, 151, -1,
      151, 141, 140, -1,
      151, 140, 152, -1,
      152, 140, 139, -1,
      152, 139, 144, -1,
      144, 139, 138, -1,
      144, 138, 137, -1,
      143, 153, 127, -1,
      127, 153, 154, -1,
      127, 154, 128, -1,
      128, 154, 155, -1,
      128, 155, 129, -1,
      129, 155, 156, -1,
      129, 156, 130, -1,
      130, 156, 157, -1,
      130, 157, 131, -1,
      131, 157, 158, -1,
      131, 158, 132, -1,
      132, 158, 159, -1,
      132, 159, 133, -1,
      133, 159, 160, -1,
      133, 160, 134, -1,
      134, 160, 146, -1,
      134, 146, 135, -1,
      135, 146, 136, -1,
      143, 161, 153, -1,
      153, 161, 162, -1,
      147, 163, 143, -1,
      143, 163, 161, -1,
      148, 164, 147, -1,
      147, 164, 163, -1,
      164, 148, 149, -1,
      164, 149, 165, -1,
      165, 149, 150, -1,
      165, 150, 166, -1,
      166, 150, 151, -1,
      166, 151, 167, -1,
      167, 151, 152, -1,
      167, 152, 168, -1,
      168, 152, 144, -1,
      168, 144, 169, -1,
      169, 144, 145, -1,
      169, 145, 170, -1,
      170, 145, 146, -1,
      170, 146, 171, -1,
      171, 146, 160, -1,
      171, 160, 172, -1,
      172, 160, 159, -1,
      172, 159, 173, -1,
      173, 159, 158, -1,
      173, 158, 174, -1,
      174, 158, 157, -1,
      174, 157, 175, -1,
      175, 157, 156, -1,
      175, 156, 176, -1,
      176, 156, 155, -1,
      176, 155, 177, -1,
      177, 155, 154, -1,
      177, 154, 178, -1,
      178, 154, 153, -1,
      178, 153, 162, -1,
      179, 2, 180, -1,
      180, 2, 1, -1,
      181, 3, 179, -1,
      179, 3, 2, -1,
      182, 6, 181, -1,
      181, 6, 3, -1,
      183, 12, 182, -1,
      182, 12, 6, -1,
      184, 11, 183, -1,
      183, 11, 12, -1,
      185, 10, 184, -1,
      184, 10, 11, -1,
      186, 9, 185, -1,
      185, 9, 10, -1,
      187, 99, 186, -1,
      186, 99, 9, -1,
      188, 100, 187, -1,
      187, 100, 99, -1,
      189, 101, 188, -1,
      188, 101, 100, -1,
      190, 102, 189, -1,
      189, 102, 101, -1,
      190, 180, 102, -1,
      102, 180, 1, -1,
      180, 190, 189, -1,
      189, 188, 180, -1,
      180, 188, 187, -1,
      180, 187, 179, -1,
      182, 181, 183, -1,
      183, 181, 179, -1,
      183, 179, 184, -1,
      184, 179, 187, -1,
      184, 187, 185, -1,
      185, 187, 186, -1,
      83, 191, 192, -1,
      83, 192, 84, -1,
      84, 192, 193, -1,
      84, 193, 91, -1,
      91, 193, 194, -1,
      91, 194, 92, -1,
      92, 194, 195, -1,
      92, 195, 93, -1,
      93, 195, 196, -1,
      93, 196, 94, -1,
      94, 196, 197, -1,
      94, 197, 95, -1,
      95, 197, 198, -1,
      95, 198, 104, -1,
      104, 198, 199, -1,
      104, 199, 105, -1,
      105, 199, 200, -1,
      105, 200, 106, -1,
      106, 200, 201, -1,
      106, 201, 87, -1,
      87, 201, 202, -1,
      87, 202, 88, -1,
      88, 202, 203, -1,
      88, 203, 89, -1,
      89, 203, 204, -1,
      89, 204, 82, -1,
      205, 40, 204, -1,
      204, 40, 0, -1,
      204, 0, 82, -1,
      40, 205, 41, -1,
      41, 205, 206, -1,
      41, 206, 42, -1,
      42, 206, 207, -1,
      42, 207, 43, -1,
      43, 207, 208, -1,
      43, 208, 49, -1,
      49, 208, 209, -1,
      49, 209, 50, -1,
      50, 209, 210, -1,
      50, 210, 51, -1,
      51, 210, 211, -1,
      51, 211, 52, -1,
      52, 211, 212, -1,
      52, 212, 48, -1,
      213, 46, 212, -1,
      212, 46, 48, -1,
      46, 213, 214, -1,
      46, 214, 65, -1,
      65, 214, 215, -1,
      65, 215, 66, -1,
      66, 215, 216, -1,
      66, 216, 68, -1,
      68, 216, 217, -1,
      68, 217, 70, -1,
      70, 217, 218, -1,
      70, 218, 71, -1,
      71, 218, 219, -1,
      71, 219, 69, -1,
      69, 219, 220, -1,
      69, 220, 67, -1,
      67, 220, 221, -1,
      67, 221, 75, -1,
      75, 221, 222, -1,
      75, 222, 72, -1,
      72, 222, 223, -1,
      72, 223, 73, -1,
      73, 223, 224, -1,
      73, 224, 74, -1,
      74, 224, 225, -1,
      74, 225, 44, -1,
      44, 225, 226, -1,
      44, 226, 45, -1,
      45, 226, 227, -1,
      45, 227, 54, -1,
      54, 227, 228, -1,
      54, 228, 55, -1,
      55, 228, 229, -1,
      55, 229, 57, -1,
      57, 229, 230, -1,
      57, 230, 62, -1,
      62, 230, 231, -1,
      62, 231, 63, -1,
      63, 231, 232, -1,
      63, 232, 64, -1,
      64, 232, 233, -1,
      64, 233, 76, -1,
      76, 233, 234, -1,
      76, 234, 77, -1,
      77, 234, 235, -1,
      77, 235, 79, -1,
      79, 235, 236, -1,
      79, 236, 80, -1,
      80, 236, 237, -1,
      80, 237, 78, -1,
      78, 237, 238, -1,
      78, 238, 59, -1,
      59, 238, 239, -1,
      59, 239, 60, -1,
      60, 239, 240, -1,
      60, 240, 61, -1,
      61, 240, 241, -1,
      61, 241, 56, -1,
      56, 241, 242, -1,
      56, 242, 47, -1,
      243, 53, 242, -1,
      242, 53, 47, -1,
      53, 243, 244, -1,
      53, 244, 85, -1,
      85, 244, 245, -1,
      85, 245, 86, -1,
      86, 245, 246, -1,
      86, 246, 96, -1,
      96, 246, 247, -1,
      96, 247, 97, -1,
      97, 247, 248, -1,
      97, 248, 98, -1,
      98, 248, 249, -1,
      98, 249, 107, -1,
      107, 249, 191, -1,
      107, 191, 83, -1,
      213, 212, 214, -1,
      214, 212, 211, -1,
      214, 211, 215, -1,
      215, 211, 210, -1,
      215, 210, 216, -1,
      216, 210, 209, -1,
      216, 209, 217, -1,
      217, 209, 208, -1,
      217, 208, 218, -1,
      218, 208, 207, -1,
      218, 207, 219, -1,
      219, 207, 206, -1,
      219, 206, 220, -1,
      220, 206, 205, -1,
      243, 242, 244, -1,
      244, 242, 241, -1,
      244, 241, 245, -1,
      245, 241, 240, -1,
      245, 240, 246, -1,
      246, 240, 239, -1,
      246, 239, 247, -1,
      247, 239, 238, -1,
      247, 238, 248, -1,
      248, 238, 237, -1,
      248, 237, 249, -1,
      249, 237, 236, -1,
      249, 236, 191, -1,
      191, 236, 235, -1,
      191, 235, 192, -1,
      192, 235, 234, -1,
      192, 234, 193, -1,
      193, 234, 233, -1,
      193, 233, 194, -1,
      194, 233, 232, -1,
      194, 232, 195, -1,
      195, 232, 231, -1,
      195, 231, 196, -1,
      196, 231, 230, -1,
      196, 230, 197, -1,
      197, 230, 229, -1,
      197, 229, 198, -1,
      198, 229, 228, -1,
      198, 228, 199, -1,
      199, 228, 227, -1,
      199, 227, 200, -1,
      200, 227, 226, -1,
      200, 226, 201, -1,
      201, 226, 225, -1,
      201, 225, 202, -1,
      202, 225, 224, -1,
      202, 224, 203, -1,
      203, 224, 223, -1,
      203, 223, 204, -1,
      204, 223, 222, -1,
      204, 222, 205, -1,
      205, 222, 221, -1,
      205, 221, 220, -1,
      250, 58, 251, -1,
      251, 58, 38, -1,
      252, 81, 250, -1,
      250, 81, 58, -1,
      253, 103, 252, -1,
      252, 103, 81, -1,
      254, 90, 253, -1,
      253, 90, 103, -1,
      255, 39, 254, -1,
      254, 39, 90, -1,
      255, 251, 39, -1,
      39, 251, 38, -1,
      252, 250, 253, -1,
      253, 250, 251, -1,
      253, 251, 254, -1,
      254, 251, 255, -1,
    ]
  }
}

Shape {
  appearance Appearance {
    material Material {
      diffuseColor 0.6784 0.6784 0.6784
      specularColor 0.0471 0.0471 0.0471
      ambientIntensity 0.2
      transparency 0.0000
      shininess 0.5
    }
  }
  geometry IndexedFaceSet {
    ccw TRUE
    solid FALSE
    coord DEF co Coordinate {
      point [
        6.091196 -1.179721 0.000000,
        6.088894 -1.179721 0.000000,
        6.109615 -1.249943 0.000000,
        6.070474 -1.249943 0.000000,
        6.270779 -1.157849 0.000000,
        6.258116 -1.157849 0.000000,
        6.270779 -1.310955 0.000000,
        6.258116 -1.310955 0.000000,
        6.242563 -1.309416 0.000000,
        6.231775 -1.305835 0.000000,
        6.223141 -1.300595 0.000000,
        6.215667 -1.292960 0.000000,
        6.210450 -1.283921 0.000000,
        6.205342 -1.266378 0.000000,
        6.202860 -1.234977 0.000000,
        6.204686 -1.207457 0.000000,
        6.209095 -1.189197 0.000000,
        6.214366 -1.178345 0.000000,
        6.220697 -1.170724 0.000000,
        6.229009 -1.164577 0.000000,
        6.239059 -1.160365 0.000000,
        6.253698 -1.157971 0.000000,
      ]
    }
    coordIndex [
      2, 3, 0, -1,
      0, 3, 1, -1,
      20, 21, 16, -1,
      4, 6, 5, -1,
      5, 6, 7, -1,
      5, 7, 21, -1,
      13, 14, 7, -1,
      7, 14, 21, -1,
      21, 14, 15, -1,
      21, 15, 16, -1,
      7, 8, 13, -1,
      13, 8, 9, -1,
      13, 9, 12, -1,
      12, 9, 10, -1,
      12, 10, 11, -1,
      17, 18, 16, -1,
      16, 18, 19, -1,
      16, 19, 20, -1,
    ]
  }
}

Shape {
  appearance Appearance {
    material Material {
      diffuseColor 0.8314 0.8314 0.8196
      specularColor 0.6667 0.6667 0.6549
      ambientIntensity 0.2
      transparency 0.0000
      shininess 0.5
    }
  }
  geometry IndexedFaceSet {
    ccw TRUE
    solid FALSE
    coord DEF co Coordinate {
      point [
        7.972441 -1.909449 0.661417,
        7.972441 -1.909449 0.787402,
        7.893701 -1.909449 0.661417,
        7.893701 -1.909449 0.787402,
        7.972441 -1.889764 0.661417,
        7.893701 -1.889764 0.661417,
        7.972441 -1.889764 0.590551,
        7.893701 -1.889764 0.590551,
        7.972441 -1.909449 0.590551,
        7.893701 -1.909449 0.590551,
        7.972441 -1.909449 0.531496,
        7.893701 -1.909449 0.531496,
        7.972441 -1.889764 0.531496,
        7.893701 -1.889764 0.531496,
        7.972441 -1.889764 0.413386,
        7.893701 -1.889764 0.413386,
        7.972441 -1.909449 0.413386,
        7.893701 -1.909449 0.413386,
        7.972441 -1.909449 0.354331,
        7.893701 -1.909449 0.354331,
        7.972441 -1.889764 0.354331,
        7.893701 -1.889764 0.354331,
        7.972441 -1.889764 0.349870,
        7.893701 -1.889764 0.349870,
        7.972441 -2.086614 0.118110,
        7.893701 -2.086614 0.118110,
        7.972441 -2.374016 0.118110,
        7.893701 -2.374016 0.118110,
        7.893701 -2.381148 0.117171,
        7.972441 -2.381148 0.117171,
        7.893701 -2.387795 0.114418,
        7.972441 -2.387795 0.114418,
        7.893701 -2.393503 0.110038,
        7.972441 -2.393503 0.110038,
        7.893701 -2.397883 0.104331,
        7.972441 -2.397883 0.104331,
        7.893701 -2.400636 0.097684,
        7.972441 -2.400636 0.097684,
        7.893701 -2.401575 0.090551,
        7.972441 -2.401575 0.090551,
        7.972441 -2.401575 0.027559,
        7.893701 -2.401575 0.027559,
        7.893701 -2.400636 0.020426,
        7.972441 -2.400636 0.020426,
        7.893701 -2.397883 0.013780,
        7.972441 -2.397883 0.013780,
        7.893701 -2.393503 0.008072,
        7.972441 -2.393503 0.008072,
        7.893701 -2.387795 0.003692,
        7.972441 -2.387795 0.003692,
        7.893701 -2.381148 0.000939,
        7.972441 -2.381148 0.000939,
        7.893701 -2.374016 0.000000,
        7.972441 -2.374016 0.000000,
        7.972441 -2.204724 0.000000,
        7.893701 -2.204724 0.000000,
        7.972441 -2.184660 0.023622,
        7.893701 -2.184660 0.023622,
        7.972441 -1.909449 0.023622,
        7.893701 -1.909449 0.023622,
        7.972441 -1.909449 0.118110,
        7.893701 -1.909449 0.118110,
        7.972441 -1.594488 0.118110,
        7.893701 -1.594488 0.118110,
        7.972441 -0.898306 0.213933,
        7.893701 -0.898306 0.213933,
        7.972441 -0.843188 0.202053,
        7.893701 -0.843188 0.202053,
        7.893701 -0.833121 0.201209,
        7.972441 -0.833121 0.201209,
        7.893701 -0.823172 0.202954,
        7.972441 -0.823172 0.202954,
        7.893701 -0.813993 0.207174,
        7.972441 -0.813993 0.207174,
        7.893701 -0.806191 0.213591,
        7.972441 -0.806191 0.213591,
        7.893701 -0.800278 0.221782,
        7.972441 -0.800278 0.221782,
        7.893701 -0.796645 0.231208,
        7.972441 -0.796645 0.231208,
        7.893701 -0.795529 0.241248,
        7.972441 -0.795529 0.241248,
        7.893701 -0.797006 0.251241,
        7.972441 -0.797006 0.251241,
        7.893701 -0.800976 0.260530,
        7.972441 -0.800976 0.260530,
        7.893701 -0.807180 0.268503,
        7.972441 -0.807180 0.268503,
        7.893701 -0.815208 0.274635,
        7.972441 -0.815208 0.274635,
        7.972441 -0.905512 0.326772,
        7.893701 -0.905512 0.326772,
        7.972441 -0.905512 0.267717,
        7.893701 -0.905512 0.267717,
        7.972441 -0.906183 0.262622,
        7.893701 -0.906183 0.262622,
        7.972441 -0.908149 0.257874,
        7.893701 -0.908149 0.257874,
        7.972441 -0.911278 0.253797,
        7.893701 -0.911278 0.253797,
        7.972441 -0.915354 0.250669,
        7.893701 -0.915354 0.250669,
        7.972441 -0.920102 0.248702,
        7.893701 -0.920102 0.248702,
        7.972441 -0.925197 0.248031,
        7.893701 -0.925197 0.248031,
        7.972441 -1.535433 0.248031,
        7.893701 -1.535433 0.248031,
        7.972441 -1.570476 0.251980,
        7.893701 -1.570476 0.251980,
        7.972441 -1.603761 0.263627,
        7.893701 -1.603761 0.263627,
        7.972441 -1.633620 0.282389,
        7.893701 -1.633620 0.282389,
        7.972441 -1.658556 0.307324,
        7.893701 -1.658556 0.307324,
        7.972441 -1.677318 0.337184,
        7.893701 -1.677318 0.337184,
        7.972441 -1.688965 0.370469,
        7.893701 -1.688965 0.370469,
        7.972441 -1.692913 0.405512,
        7.893701 -1.692913 0.405512,
        7.972441 -1.692913 0.484252,
        7.893701 -1.692913 0.484252,
        7.972441 -1.690230 0.504631,
        7.893701 -1.690230 0.504631,
        7.972441 -1.682364 0.523622,
        7.893701 -1.682364 0.523622,
        7.972441 -1.669851 0.539930,
        7.893701 -1.669851 0.539930,
        7.972441 -1.653543 0.552443,
        7.893701 -1.653543 0.552443,
        7.972441 -1.634553 0.560309,
        7.893701 -1.634553 0.560309,
        7.972441 -1.614173 0.562992,
        7.893701 -1.614173 0.562992,
        7.972441 -0.964567 0.562992,
        7.893701 -0.964567 0.562992,
        7.893701 -0.951830 0.564669,
        7.972441 -0.951830 0.564669,
        7.893701 -0.939961 0.569585,
        7.972441 -0.939961 0.569585,
        7.893701 -0.929769 0.577406,
        7.972441 -0.929769 0.577406,
        7.893701 -0.921948 0.587598,
        7.972441 -0.921948 0.587598,
        7.893701 -0.917031 0.599468,
        7.972441 -0.917031 0.599468,
        7.893701 -0.915354 0.612205,
        7.972441 -0.915354 0.612205,
        7.893701 -0.917031 0.624942,
        7.972441 -0.917031 0.624942,
        7.893701 -0.921948 0.636811,
        7.972441 -0.921948 0.636811,
        7.893701 -0.929769 0.647003,
        7.972441 -0.929769 0.647003,
        7.893701 -0.939961 0.654824,
        7.972441 -0.939961 0.654824,
        7.893701 -0.951830 0.659741,
        7.972441 -0.951830 0.659741,
        7.893701 -0.964567 0.661417,
        7.972441 -0.964567 0.661417,
        7.972441 -1.811024 0.661417,
        7.893701 -1.811024 0.661417,
        7.972441 -1.811024 0.787402,
        7.893701 -1.811024 0.787402,
        6.200787 -1.909449 0.661417,
        6.200787 -1.909449 0.787402,
        6.122047 -1.909449 0.661417,
        6.122047 -1.909449 0.787402,
        6.200787 -1.889764 0.661417,
        6.122047 -1.889764 0.661417,
        6.200787 -1.889764 0.590551,
        6.122047 -1.889764 0.590551,
        6.200787 -1.909449 0.590551,
        6.122047 -1.909449 0.590551,
        6.200787 -1.909449 0.531496,
        6.122047 -1.909449 0.531496,
        6.200787 -1.889764 0.531496,
        6.122047 -1.889764 0.531496,
        6.200787 -1.889764 0.413386,
        6.122047 -1.889764 0.413386,
        6.200787 -1.909449 0.413386,
        6.122047 -1.909449 0.413386,
        6.200787 -1.909449 0.354331,
        6.122047 -1.909449 0.354331,
        6.200787 -1.889764 0.354331,
        6.122047 -1.889764 0.354331,
        6.200787 -1.889764 0.349870,
        6.122047 -1.889764 0.349870,
        6.200787 -2.086614 0.118110,
        6.122047 -2.086614 0.118110,
        6.200787 -2.374016 0.118110,
        6.122047 -2.374016 0.118110,
        6.122047 -2.381148 0.117171,
        6.200787 -2.381148 0.117171,
        6.122047 -2.387795 0.114418,
        6.200787 -2.387795 0.114418,
        6.122047 -2.393503 0.110038,
        6.200787 -2.393503 0.110038,
        6.122047 -2.397883 0.104331,
        6.200787 -2.397883 0.104331,
        6.122047 -2.400636 0.097684,
        6.200787 -2.400636 0.097684,
        6.122047 -2.401575 0.090551,
        6.200787 -2.401575 0.090551,
        6.200787 -2.401575 0.027559,
        6.122047 -2.401575 0.027559,
        6.122047 -2.400636 0.020426,
        6.200787 -2.400636 0.020426,
        6.122047 -2.397883 0.013780,
        6.200787 -2.397883 0.013780,
        6.122047 -2.393503 0.008072,
        6.200787 -2.393503 0.008072,
        6.122047 -2.387795 0.003692,
        6.200787 -2.387795 0.003692,
        6.122047 -2.381148 0.000939,
        6.200787 -2.381148 0.000939,
        6.122047 -2.374016 0.000000,
        6.200787 -2.374016 0.000000,
        6.200787 -2.204724 0.000000,
        6.122047 -2.204724 0.000000,
        6.200787 -2.184660 0.023622,
        6.122047 -2.184660 0.023622,
        6.200787 -1.909449 0.023622,
        6.122047 -1.909449 0.023622,
        6.200787 -1.909449 0.118110,
        6.122047 -1.909449 0.118110,
        6.200787 -1.594488 0.118110,
        6.122047 -1.594488 0.118110,
        6.200787 -0.898306 0.213933,
        6.122047 -0.898306 0.213933,
        6.200787 -0.843188 0.202053,
        6.122047 -0.843188 0.202053,
        6.122047 -0.833121 0.201209,
        6.200787 -0.833121 0.201209,
        6.122047 -0.823172 0.202954,
        6.200787 -0.823172 0.202954,
        6.122047 -0.813993 0.207174,
        6.200787 -0.813993 0.207174,
        6.122047 -0.806191 0.213591,
        6.200787 -0.806191 0.213591,
        6.122047 -0.800278 0.221782,
        6.200787 -0.800278 0.221782,
        6.122047 -0.796645 0.231208,
        6.200787 -0.796645 0.231208,
        6.122047 -0.795529 0.241248,
        6.200787 -0.795529 0.241248,
        6.122047 -0.797006 0.251241,
        6.200787 -0.797006 0.251241,
        6.122047 -0.800976 0.260530,
        6.200787 -0.800976 0.260530,
        6.122047 -0.807180 0.268503,
        6.200787 -0.807180 0.268503,
        6.122047 -0.815208 0.274635,
        6.200787 -0.815208 0.274635,
        6.200787 -0.905512 0.326772,
        6.122047 -0.905512 0.326772,
        6.200787 -0.905512 0.267717,
        6.122047 -0.905512 0.267717,
        6.200787 -0.906183 0.262622,
        6.122047 -0.906183 0.262622,
        6.200787 -0.908149 0.257874,
        6.122047 -0.908149 0.257874,
        6.200787 -0.911278 0.253797,
        6.122047 -0.911278 0.253797,
        6.200787 -0.915354 0.250669,
        6.122047 -0.915354 0.250669,
        6.200787 -0.920102 0.248702,
        6.122047 -0.920102 0.248702,
        6.200787 -0.925197 0.248031,
        6.122047 -0.925197 0.248031,
        6.200787 -1.535433 0.248031,
        6.122047 -1.535433 0.248031,
        6.200787 -1.570476 0.251980,
        6.122047 -1.570476 0.251980,
        6.200787 -1.603761 0.263627,
        6.122047 -1.603761 0.263627,
        6.200787 -1.633620 0.282389,
        6.122047 -1.633620 0.282389,
        6.200787 -1.658556 0.307324,
        6.122047 -1.658556 0.307324,
        6.200787 -1.677318 0.337184,
        6.122047 -1.677318 0.337184,
        6.200787 -1.688965 0.370469,
        6.122047 -1.688965 0.370469,
        6.200787 -1.692913 0.405512,
        6.122047 -1.692913 0.405512,
        6.200787 -1.692913 0.484252,
        6.122047 -1.692913 0.484252,
        6.200787 -1.690230 0.504631,
        6.122047 -1.690230 0.504631,
        6.200787 -1.682364 0.523622,
        6.122047 -1.682364 0.523622,
        6.200787 -1.669851 0.539930,
        6.122047 -1.669851 0.539930,
        6.200787 -1.653543 0.552443,
        6.122047 -1.653543 0.552443,
        6.200787 -1.634553 0.560309,
        6.122047 -1.634553 0.560309,
        6.200787 -1.614173 0.562992,
        6.122047 -1.614173 0.562992,
        6.200787 -0.964567 0.562992,
        6.122047 -0.964567 0.562992,
        6.122047 -0.951830 0.564669,
        6.200787 -0.951830 0.564669,
        6.122047 -0.939961 0.569585,
        6.200787 -0.939961 0.569585,
        6.122047 -0.929769 0.577406,
        6.200787 -0.929769 0.577406,
        6.122047 -0.921948 0.587598,
        6.200787 -0.921948 0.587598,
        6.122047 -0.917031 0.599468,
        6.200787 -0.917031 0.599468,
        6.122047 -0.915354 0.612205,
        6.200787 -0.915354 0.612205,
        6.122047 -0.917031 0.624942,
        6.200787 -0.917031 0.624942,
        6.122047 -0.921948 0.636811,
        6.200787 -0.921948 0.636811,
        6.122047 -0.929769 0.647003,
        6.200787 -0.929769 0.647003,
        6.122047 -0.939961 0.654824,
        6.200787 -0.939961 0.654824,
        6.122047 -0.951830 0.659741,
        6.200787 -0.951830 0.659741,
        6.122047 -0.964567 0.661417,
        6.200787 -0.964567 0.661417,
        6.200787 -1.811024 0.661417,
        6.122047 -1.811024 0.661417,
        6.200787 -1.811024 0.787402,
        6.122047 -1.811024 0.787402,
        7.775591 -1.909449 0.661417,
        7.775591 -1.909449 0.787402,
        7.696850 -1.909449 0.661417,
        7.696850 -1.909449 0.787402,
        7.775591 -1.889764 0.661417,
        7.696850 -1.889764 0.661417,
        7.775591 -1.889764 0.590551,
        7.696850 -1.889764 0.590551,
        7.775591 -1.909449 0.590551,
        7.696850 -1.909449 0.590551,
        7.775591 -1.909449 0.531496,
        7.696850 -1.909449 0.531496,
        7.775591 -1.889764 0.531496,
        7.696850 -1.889764 0.531496,
        7.775591 -1.889764 0.413386,
        7.696850 -1.889764 0.413386,
        7.775591 -1.909449 0.413386,
        7.696850 -1.909449 0.413386,
        7.775591 -1.909449 0.354331,
        7.696850 -1.909449 0.354331,
        7.775591 -1.889764 0.354331,
        7.696850 -1.889764 0.354331,
        7.775591 -1.889764 0.349870,
        7.696850 -1.889764 0.349870,
        7.775591 -2.086614 0.118110,
        7.696850 -2.086614 0.118110,
        7.775591 -2.374016 0.118110,
        7.696850 -2.374016 0.118110,
        7.696850 -2.381148 0.117171,
        7.775591 -2.381148 0.117171,
        7.696850 -2.387795 0.114418,
        7.775591 -2.387795 0.114418,
        7.696850 -2.393503 0.110038,
        7.775591 -2.393503 0.110038,
        7.696850 -2.397883 0.104331,
        7.775591 -2.397883 0.104331,
        7.696850 -2.400636 0.097684,
        7.775591 -2.400636 0.097684,
        7.696850 -2.401575 0.090551,
        7.775591 -2.401575 0.090551,
        7.775591 -2.401575 0.027559,
        7.696850 -2.401575 0.027559,
        7.696850 -2.400636 0.020426,
        7.775591 -2.400636 0.020426,
        7.696850 -2.397883 0.013780,
        7.775591 -2.397883 0.013780,
        7.696850 -2.393503 0.008072,
        7.775591 -2.393503 0.008072,
        7.696850 -2.387795 0.003692,
        7.775591 -2.387795 0.003692,
        7.696850 -2.381148 0.000939,
        7.775591 -2.381148 0.000939,
        7.696850 -2.374016 0.000000,
        7.775591 -2.374016 0.000000,
        7.775591 -2.204724 0.000000,
        7.696850 -2.204724 0.000000,
        7.775591 -2.184660 0.023622,
        7.696850 -2.184660 0.023622,
        7.775591 -1.909449 0.023622,
        7.696850 -1.909449 0.023622,
        7.775591 -1.909449 0.118110,
        7.696850 -1.909449 0.118110,
        7.775591 -1.594488 0.118110,
        7.696850 -1.594488 0.118110,
        7.775591 -0.898306 0.213933,
        7.696850 -0.898306 0.213933,
        7.775591 -0.843188 0.202053,
        7.696850 -0.843188 0.202053,
        7.696850 -0.833121 0.201209,
        7.775591 -0.833121 0.201209,
        7.696850 -0.823172 0.202954,
        7.775591 -0.823172 0.202954,
        7.696850 -0.813993 0.207174,
        7.775591 -0.813993 0.207174,
        7.696850 -0.806191 0.213591,
        7.775591 -0.806191 0.213591,
        7.696850 -0.800278 0.221782,
        7.775591 -0.800278 0.221782,
        7.696850 -0.796645 0.231208,
        7.775591 -0.796645 0.231208,
        7.696850 -0.795529 0.241248,
        7.775591 -0.795529 0.241248,
        7.696850 -0.797006 0.251241,
        7.775591 -0.797006 0.251241,
        7.696850 -0.800976 0.260530,
        7.775591 -0.800976 0.260530,
        7.696850 -0.807180 0.268503,
        7.775591 -0.807180 0.268503,
        7.696850 -0.815208 0.274635,
        7.775591 -0.815208 0.274635,
        7.775591 -0.905512 0.326772,
        7.696850 -0.905512 0.326772,
        7.775591 -0.905512 0.267717,
        7.696850 -0.905512 0.267717,
        7.775591 -0.906183 0.262622,
        7.696850 -0.906183 0.262622,
        7.775591 -0.908149 0.257874,
        7.696850 -0.908149 0.257874,
        7.775591 -0.911278 0.253797,
        7.696850 -0.911278 0.253797,
        7.775591 -0.915354 0.250669,
        7.696850 -0.915354 0.250669,
        7.775591 -0.920102 0.248702,
        7.696850 -0.920102 0.248702,
        7.775591 -0.925197 0.248031,
        7.696850 -0.925197 0.248031,
        7.775591 -1.535433 0.248031,
        7.696850 -1.535433 0.248031,
        7.775591 -1.570476 0.251980,
        7.696850 -1.570476 0.251980,
        7.775591 -1.603761 0.263627,
        7.696850 -1.603761 0.263627,
        7.775591 -1.633620 0.282389,
        7.696850 -1.633620 0.282389,
        7.775591 -1.658556 0.307324,
        7.696850 -1.658556 0.307324,
        7.775591 -1.677318 0.337184,
        7.696850 -1.677318 0.337184,
        7.775591 -1.688965 0.370469,
        7.696850 -1.688965 0.370469,
        7.775591 -1.692913 0.405512,
        7.696850 -1.692913 0.405512,
        7.775591 -1.692913 0.484252,
        7.696850 -1.692913 0.484252,
        7.775591 -1.690230 0.504631,
        7.696850 -1.690230 0.504631,
        7.775591 -1.682364 0.523622,
        7.696850 -1.682364 0.523622,
        7.775591 -1.669851 0.539930,
        7.696850 -1.669851 0.539930,
        7.775591 -1.653543 0.552443,
        7.696850 -1.653543 0.552443,
        7.775591 -1.634553 0.560309,
        7.696850 -1.634553 0.560309,
        7.775591 -1.614173 0.562992,
        7.696850 -1.614173 0.562992,
        7.775591 -0.964567 0.562992,
        7.696850 -0.964567 0.562992,
        7.696850 -0.951830 0.564669,
        7.775591 -0.951830 0.564669,
        7.696850 -0.939961 0.569585,
        7.775591 -0.939961 0.569585,
        7.696850 -0.929769 0.577406,
        7.775591 -0.929769 0.577406,
        7.696850 -0.921948 0.587598,
        7.775591 -0.921948 0.587598,
        7.696850 -0.917031 0.599468,
        7.775591 -0.917031 0.599468,
        7.696850 -0.915354 0.612205,
        7.775591 -0.915354 0.612205,
        7.696850 -0.917031 0.624942,
        7.775591 -0.917031 0.624942,
        7.696850 -0.921948 0.636811,
        7.775591 -0.921948 0.636811,
        7.696850 -0.929769 0.647003,
        7.775591 -0.929769 0.647003,
        7.696850 -0.939961 0.654824,
        7.775591 -0.939961 0.654824,
        7.696850 -0.951830 0.659741,
        7.775591 -0.951830 0.659741,
        7.696850 -0.964567 0.661417,
        7.775591 -0.964567 0.661417,
        7.775591 -1.811024 0.661417,
        7.696850 -1.811024 0.661417,
        7.775591 -1.811024 0.787402,
        7.696850 -1.811024 0.787402,
        6.003937 -1.909449 0.661417,
        6.003937 -1.909449 0.787402,
        5.925196 -1.909449 0.661417,
        5.925196 -1.909449 0.787402,
        6.003937 -1.889764 0.661417,
        5.925196 -1.889764 0.661417,
        6.003937 -1.889764 0.590551,
        5.925196 -1.889764 0.590551,
        6.003937 -1.909449 0.590551,
        5.925196 -1.909449 0.590551,
        6.003937 -1.909449 0.531496,
        5.925196 -1.909449 0.531496,
        6.003937 -1.889764 0.531496,
        5.925196 -1.889764 0.531496,
        6.003937 -1.889764 0.413386,
        5.925196 -1.889764 0.413386,
        6.003937 -1.909449 0.413386,
        5.925196 -1.909449 0.413386,
        6.003937 -1.909449 0.354331,
        5.925196 -1.909449 0.354331,
        6.003937 -1.889764 0.354331,
        5.925196 -1.889764 0.354331,
        6.003937 -1.889764 0.349870,
        5.925196 -1.889764 0.349870,
        6.003937 -2.086614 0.118110,
        5.925196 -2.086614 0.118110,
        6.003937 -2.374016 0.118110,
        5.925196 -2.374016 0.118110,
        5.925196 -2.381148 0.117171,
        6.003937 -2.381148 0.117171,
        5.925196 -2.387795 0.114418,
        6.003937 -2.387795 0.114418,
        5.925196 -2.393503 0.110038,
        6.003937 -2.393503 0.110038,
        5.925196 -2.397883 0.104331,
        6.003937 -2.397883 0.104331,
        5.925196 -2.400636 0.097684,
        6.003937 -2.400636 0.097684,
        5.925196 -2.401575 0.090551,
        6.003937 -2.401575 0.090551,
        6.003937 -2.401575 0.027559,
        5.925196 -2.401575 0.027559,
        5.925196 -2.400636 0.020426,
        6.003937 -2.400636 0.020426,
        5.925196 -2.397883 0.013780,
        6.003937 -2.397883 0.013780,
        5.925196 -2.393503 0.008072,
        6.003937 -2.393503 0.008072,
        5.925196 -2.387795 0.003692,
        6.003937 -2.387795 0.003692,
        5.925196 -2.381148 0.000939,
        6.003937 -2.381148 0.000939,
        5.925196 -2.374016 0.000000,
        6.003937 -2.374016 0.000000,
        6.003937 -2.204724 0.000000,
        5.925196 -2.204724 0.000000,
        6.003937 -2.184660 0.023622,
        5.925196 -2.184660 0.023622,
        6.003937 -1.909449 0.023622,
        5.925196 -1.909449 0.023622,
        6.003937 -1.909449 0.118110,
        5.925196 -1.909449 0.118110,
        6.003937 -1.594488 0.118110,
        5.925196 -1.594488 0.118110,
        6.003937 -0.898306 0.213933,
        5.925196 -0.898306 0.213933,
        6.003937 -0.843188 0.202053,
        5.925196 -0.843188 0.202053,
        5.925196 -0.833121 0.201209,
        6.003937 -0.833121 0.201209,
        5.925196 -0.823172 0.202954,
        6.003937 -0.823172 0.202954,
        5.925196 -0.813993 0.207174,
        6.003937 -0.813993 0.207174,
        5.925196 -0.806191 0.213591,
        6.003937 -0.806191 0.213591,
        5.925196 -0.800278 0.221782,
        6.003937 -0.800278 0.221782,
        5.925196 -0.796645 0.231208,
        6.003937 -0.796645 0.231208,
        5.925196 -0.795529 0.241248,
        6.003937 -0.795529 0.241248,
        5.925196 -0.797006 0.251241,
        6.003937 -0.797006 0.251241,
        5.925196 -0.800976 0.260530,
        6.003937 -0.800976 0.260530,
        5.925196 -0.807180 0.268503,
        6.003937 -0.807180 0.268503,
        5.925196 -0.815208 0.274635,
        6.003937 -0.815208 0.274635,
        6.003937 -0.905512 0.326772,
        5.925196 -0.905512 0.326772,
        6.003937 -0.905512 0.267717,
        5.925196 -0.905512 0.267717,
        6.003937 -0.906183 0.262622,
        5.925196 -0.906183 0.262622,
        6.003937 -0.908149 0.257874,
        5.925196 -0.908149 0.257874,
        6.003937 -0.911278 0.253797,
        5.925196 -0.911278 0.253797,
        6.003937 -0.915354 0.250669,
        5.925196 -0.915354 0.250669,
        6.003937 -0.920102 0.248702,
        5.925196 -0.920102 0.248702,
        6.003937 -0.925197 0.248031,
        5.925196 -0.925197 0.248031,
        6.003937 -1.535433 0.248031,
        5.925196 -1.535433 0.248031,
        6.003937 -1.570476 0.251980,
        5.925196 -1.570476 0.251980,
        6.003937 -1.603761 0.263627,
        5.925196 -1.603761 0.263627,
        6.003937 -1.633620 0.282389,
        5.925196 -1.633620 0.282389,
        6.003937 -1.658556 0.307324,
        5.925196 -1.658556 0.307324,
        6.003937 -1.677318 0.337184,
        5.925196 -1.677318 0.337184,
        6.003937 -1.688965 0.370469,
        5.925196 -1.688965 0.370469,
        6.003937 -1.692913 0.405512,
        5.925196 -1.692913 0.405512,
        6.003937 -1.692913 0.484252,
        5.925196 -1.692913 0.484252,
        6.003937 -1.690230 0.504631,
        5.925196 -1.690230 0.504631,
        6.003937 -1.682364 0.523622,
        5.925196 -1.682364 0.523622,
        6.003937 -1.669851 0.539930,
        5.925196 -1.669851 0.539930,
        6.003937 -1.653543 0.552443,
        5.925196 -1.653543 0.552443,
        6.003937 -1.634553 0.560309,
        5.925196 -1.634553 0.560309,
        6.003937 -1.614173 0.562992,
        5.925196 -1.614173 0.562992,
        6.003937 -0.964567 0.562992,
        5.925196 -0.964567 0.562992,
        5.925196 -0.951830 0.564669,
        6.003937 -0.951830 0.564669,
        5.925196 -0.939961 0.569585,
        6.003937 -0.939961 0.569585,
        5.925196 -0.929769 0.577406,
        6.003937 -0.929769 0.577406,
        5.925196 -0.921948 0.587598,
        6.003937 -0.921948 0.587598,
        5.925196 -0.917031 0.599468,
        6.003937 -0.917031 0.599468,
        5.925196 -0.915354 0.612205,
        6.003937 -0.915354 0.612205,
        5.925196 -0.917031 0.624942,
        6.003937 -0.917031 0.624942,
        5.925196 -0.921948 0.636811,
        6.003937 -0.921948 0.636811,
        5.925196 -0.929769 0.647003,
        6.003937 -0.929769 0.647003,
        5.925196 -0.939961 0.654824,
        6.003937 -0.939961 0.654824,
        5.925196 -0.951830 0.659741,
        6.003937 -0.951830 0.659741,
        5.925196 -0.964567 0.661417,
        6.003937 -0.964567 0.661417,
        6.003937 -1.811024 0.661417,
        5.925196 -1.811024 0.661417,
        6.003937 -1.811024 0.787402,
        5.925196 -1.811024 0.787402,
      ]
    }
    coordIndex [
      0, 1, 2, -1,
      2, 1, 3, -1,
      4, 0, 5, -1,
      5, 0, 2, -1,
      6, 4, 7, -1,
      7, 4, 5, -1,
      8, 6, 9, -1,
      9, 6, 7, -1,
      10, 8, 11, -1,
      11, 8, 9, -1,
      12, 10, 13, -1,
      13, 10, 11, -1,
      14, 12, 15, -1,
      15, 12, 13, -1,
      16, 14, 17, -1,
      17, 14, 15, -1,
      18, 16, 19, -1,
      19, 16, 17, -1,
      20, 18, 21, -1,
      21, 18, 19, -1,
      22, 20, 23, -1,
      23, 20, 21, -1,
      24, 22, 25, -1,
      25, 22, 23, -1,
      26, 24, 27, -1,
      27, 24, 25, -1,
      26, 27, 28, -1,
      26, 28, 29, -1,
      29, 28, 30, -1,
      29, 30, 31, -1,
      31, 30, 32, -1,
      31, 32, 33, -1,
      33, 32, 34, -1,
      33, 34, 35, -1,
      35, 34, 36, -1,
      35, 36, 37, -1,
      37, 36, 38, -1,
      37, 38, 39, -1,
      40, 39, 41, -1,
      41, 39, 38, -1,
      40, 41, 42, -1,
      40, 42, 43, -1,
      43, 42, 44, -1,
      43, 44, 45, -1,
      45, 44, 46, -1,
      45, 46, 47, -1,
      47, 46, 48, -1,
      47, 48, 49, -1,
      49, 48, 50, -1,
      49, 50, 51, -1,
      51, 50, 52, -1,
      51, 52, 53, -1,
      54, 53, 55, -1,
      55, 53, 52, -1,
      56, 54, 57, -1,
      57, 54, 55, -1,
      58, 56, 59, -1,
      59, 56, 57, -1,
      60, 58, 61, -1,
      61, 58, 59, -1,
      62, 60, 63, -1,
      63, 60, 61, -1,
      64, 62, 65, -1,
      65, 62, 63, -1,
      66, 64, 67, -1,
      67, 64, 65, -1,
      66, 67, 68, -1,
      66, 68, 69, -1,
      69, 68, 70, -1,
      69, 70, 71, -1,
      71, 70, 72, -1,
      71, 72, 73, -1,
      73, 72, 74, -1,
      73, 74, 75, -1,
      75, 74, 76, -1,
      75, 76, 77, -1,
      77, 76, 78, -1,
      77, 78, 79, -1,
      79, 78, 80, -1,
      79, 80, 81, -1,
      81, 80, 82, -1,
      81, 82, 83, -1,
      83, 82, 84, -1,
      83, 84, 85, -1,
      85, 84, 86, -1,
      85, 86, 87, -1,
      87, 86, 88, -1,
      87, 88, 89, -1,
      90, 89, 91, -1,
      91, 89, 88, -1,
      92, 90, 93, -1,
      93, 90, 91, -1,
      92, 93, 94, -1,
      94, 93, 95, -1,
      94, 95, 96, -1,
      96, 95, 97, -1,
      96, 97, 98, -1,
      98, 97, 99, -1,
      98, 99, 100, -1,
      100, 99, 101, -1,
      100, 101, 102, -1,
      102, 101, 103, -1,
      102, 103, 104, -1,
      104, 103, 105, -1,
      106, 104, 107, -1,
      107, 104, 105, -1,
      106, 107, 108, -1,
      108, 107, 109, -1,
      108, 109, 110, -1,
      110, 109, 111, -1,
      110, 111, 112, -1,
      112, 111, 113, -1,
      112, 113, 114, -1,
      114, 113, 115, -1,
      114, 115, 116, -1,
      116, 115, 117, -1,
      116, 117, 118, -1,
      118, 117, 119, -1,
      118, 119, 120, -1,
      120, 119, 121, -1,
      122, 120, 123, -1,
      123, 120, 121, -1,
      122, 123, 124, -1,
      124, 123, 125, -1,
      124, 125, 126, -1,
      126, 125, 127, -1,
      126, 127, 128, -1,
      128, 127, 129, -1,
      128, 129, 130, -1,
      130, 129, 131, -1,
      130, 131, 132, -1,
      132, 131, 133, -1,
      132, 133, 134, -1,
      134, 133, 135, -1,
      136, 134, 137, -1,
      137, 134, 135, -1,
      136, 137, 138, -1,
      136, 138, 139, -1,
      139, 138, 140, -1,
      139, 140, 141, -1,
      141, 140, 142, -1,
      141, 142, 143, -1,
      143, 142, 144, -1,
      143, 144, 145, -1,
      145, 144, 146, -1,
      145, 146, 147, -1,
      147, 146, 148, -1,
      147, 148, 149, -1,
      149, 148, 150, -1,
      149, 150, 151, -1,
      151, 150, 152, -1,
      151, 152, 153, -1,
      153, 152, 154, -1,
      153, 154, 155, -1,
      155, 154, 156, -1,
      155, 156, 157, -1,
      157, 156, 158, -1,
      157, 158, 159, -1,
      159, 158, 160, -1,
      159, 160, 161, -1,
      162, 161, 163, -1,
      163, 161, 160, -1,
      164, 162, 165, -1,
      165, 162, 163, -1,
      1, 164, 3, -1,
      3, 164, 165, -1,
      6, 8, 10, -1,
      56, 58, 60, -1,
      1, 0, 164, -1,
      164, 0, 4, -1,
      164, 4, 162, -1,
      162, 4, 6, -1,
      64, 66, 89, -1,
      89, 90, 64, -1,
      64, 90, 92, -1,
      64, 92, 94, -1,
      94, 96, 64, -1,
      64, 96, 98, -1,
      64, 98, 100, -1,
      69, 71, 79, -1,
      60, 29, 56, -1,
      56, 29, 53, -1,
      56, 53, 54, -1,
      16, 18, 14, -1,
      14, 18, 20, -1,
      14, 20, 62, -1,
      62, 20, 22, -1,
      62, 22, 60, -1,
      60, 22, 24, -1,
      60, 24, 29, -1,
      29, 24, 26, -1,
      6, 10, 162, -1,
      162, 10, 12, -1,
      162, 12, 124, -1,
      124, 126, 162, -1,
      162, 126, 128, -1,
      162, 128, 130, -1,
      69, 79, 66, -1,
      66, 79, 81, -1,
      66, 81, 83, -1,
      83, 85, 66, -1,
      66, 85, 87, -1,
      66, 87, 89, -1,
      130, 132, 162, -1,
      162, 132, 134, -1,
      162, 134, 161, -1,
      161, 134, 136, -1,
      71, 73, 79, -1,
      79, 73, 75, -1,
      79, 75, 77, -1,
      33, 35, 37, -1,
      40, 43, 53, -1,
      53, 43, 45, -1,
      45, 47, 53, -1,
      53, 47, 49, -1,
      53, 49, 51, -1,
      161, 149, 159, -1,
      159, 149, 157, -1,
      40, 53, 39, -1,
      39, 53, 29, -1,
      39, 29, 37, -1,
      37, 29, 31, -1,
      37, 31, 33, -1,
      136, 139, 161, -1,
      161, 139, 141, -1,
      161, 141, 143, -1,
      157, 149, 155, -1,
      155, 149, 151, -1,
      155, 151, 153, -1,
      108, 110, 62, -1,
      62, 110, 112, -1,
      62, 112, 14, -1,
      14, 112, 114, -1,
      14, 114, 116, -1,
      116, 118, 14, -1,
      14, 118, 120, -1,
      14, 120, 12, -1,
      12, 120, 122, -1,
      12, 122, 124, -1,
      143, 145, 161, -1,
      161, 145, 147, -1,
      161, 147, 149, -1,
      100, 102, 64, -1,
      64, 102, 104, -1,
      64, 104, 62, -1,
      62, 104, 106, -1,
      62, 106, 108, -1,
      21, 19, 17, -1,
      11, 9, 13, -1,
      13, 9, 7, -1,
      61, 59, 25, -1,
      25, 59, 57, -1,
      25, 57, 27, -1,
      17, 15, 21, -1,
      21, 15, 163, -1,
      21, 163, 23, -1,
      42, 41, 52, -1,
      52, 41, 38, -1,
      52, 38, 55, -1,
      34, 32, 57, -1,
      2, 3, 5, -1,
      5, 3, 165, -1,
      5, 165, 7, -1,
      7, 165, 163, -1,
      7, 163, 13, -1,
      13, 163, 15, -1,
      65, 103, 101, -1,
      88, 67, 91, -1,
      91, 67, 65, -1,
      91, 65, 93, -1,
      93, 65, 95, -1,
      129, 163, 131, -1,
      131, 163, 133, -1,
      55, 38, 57, -1,
      57, 38, 36, -1,
      57, 36, 34, -1,
      101, 99, 65, -1,
      65, 99, 97, -1,
      65, 97, 95, -1,
      160, 137, 163, -1,
      163, 137, 135, -1,
      163, 135, 133, -1,
      129, 127, 163, -1,
      163, 127, 125, -1,
      163, 125, 23, -1,
      23, 125, 123, -1,
      23, 123, 121, -1,
      121, 119, 23, -1,
      23, 119, 117, -1,
      23, 117, 115, -1,
      50, 48, 46, -1,
      32, 30, 57, -1,
      57, 30, 28, -1,
      57, 28, 27, -1,
      88, 86, 67, -1,
      67, 86, 84, -1,
      67, 84, 82, -1,
      76, 74, 67, -1,
      67, 74, 72, -1,
      67, 72, 68, -1,
      68, 72, 70, -1,
      115, 113, 23, -1,
      23, 113, 111, -1,
      23, 111, 109, -1,
      50, 46, 52, -1,
      52, 46, 44, -1,
      52, 44, 42, -1,
      82, 80, 67, -1,
      67, 80, 78, -1,
      67, 78, 76, -1,
      25, 23, 61, -1,
      61, 23, 109, -1,
      61, 109, 63, -1,
      63, 109, 107, -1,
      63, 107, 65, -1,
      65, 107, 105, -1,
      65, 105, 103, -1,
      148, 160, 150, -1,
      150, 160, 158, -1,
      158, 156, 150, -1,
      150, 156, 154, -1,
      150, 154, 152, -1,
      148, 146, 160, -1,
      160, 146, 144, -1,
      160, 144, 142, -1,
      142, 140, 160, -1,
      160, 140, 138, -1,
      160, 138, 137, -1,
      166, 167, 168, -1,
      168, 167, 169, -1,
      170, 166, 171, -1,
      171, 166, 168, -1,
      172, 170, 173, -1,
      173, 170, 171, -1,
      174, 172, 175, -1,
      175, 172, 173, -1,
      176, 174, 177, -1,
      177, 174, 175, -1,
      178, 176, 179, -1,
      179, 176, 177, -1,
      180, 178, 181, -1,
      181, 178, 179, -1,
      182, 180, 183, -1,
      183, 180, 181, -1,
      184, 182, 185, -1,
      185, 182, 183, -1,
      186, 184, 187, -1,
      187, 184, 185, -1,
      188, 186, 189, -1,
      189, 186, 187, -1,
      190, 188, 191, -1,
      191, 188, 189, -1,
      192, 190, 193, -1,
      193, 190, 191, -1,
      192, 193, 194, -1,
      192, 194, 195, -1,
      195, 194, 196, -1,
      195, 196, 197, -1,
      197, 196, 198, -1,
      197, 198, 199, -1,
      199, 198, 200, -1,
      199, 200, 201, -1,
      201, 200, 202, -1,
      201, 202, 203, -1,
      203, 202, 204, -1,
      203, 204, 205, -1,
      206, 205, 207, -1,
      207, 205, 204, -1,
      206, 207, 208, -1,
      206, 208, 209, -1,
      209, 208, 210, -1,
      209, 210, 211, -1,
      211, 210, 212, -1,
      211, 212, 213, -1,
      213, 212, 214, -1,
      213, 214, 215, -1,
      215, 214, 216, -1,
      215, 216, 217, -1,
      217, 216, 218, -1,
      217, 218, 219, -1,
      220, 219, 221, -1,
      221, 219, 218, -1,
      222, 220, 223, -1,
      223, 220, 221, -1,
      224, 222, 225, -1,
      225, 222, 223, -1,
      226, 224, 227, -1,
      227, 224, 225, -1,
      228, 226, 229, -1,
      229, 226, 227, -1,
      230, 228, 231, -1,
      231, 228, 229, -1,
      232, 230, 233, -1,
      233, 230, 231, -1,
      232, 233, 234, -1,
      232, 234, 235, -1,
      235, 234, 236, -1,
      235, 236, 237, -1,
      237, 236, 238, -1,
      237, 238, 239, -1,
      239, 238, 240, -1,
      239, 240, 241, -1,
      241, 240, 242, -1,
      241, 242, 243, -1,
      243, 242, 244, -1,
      243, 244, 245, -1,
      245, 244, 246, -1,
      245, 246, 247, -1,
      247, 246, 248, -1,
      247, 248, 249, -1,
      249, 248, 250, -1,
      249, 250, 251, -1,
      251, 250, 252, -1,
      251, 252, 253, -1,
      253, 252, 254, -1,
      253, 254, 255, -1,
      256, 255, 257, -1,
      257, 255, 254, -1,
      258, 256, 259, -1,
      259, 256, 257, -1,
      258, 259, 260, -1,
      260, 259, 261, -1,
      260, 261, 262, -1,
      262, 261, 263, -1,
      262, 263, 264, -1,
      264, 263, 265, -1,
      264, 265, 266, -1,
      266, 265, 267, -1,
      266, 267, 268, -1,
      268, 267, 269, -1,
      268, 269, 270, -1,
      270, 269, 271, -1,
      272, 270, 273, -1,
      273, 270, 271, -1,
      272, 273, 274, -1,
      274, 273, 275, -1,
      274, 275, 276, -1,
      276, 275, 277, -1,
      276, 277, 278, -1,
      278, 277, 279, -1,
      278, 279, 280, -1,
      280, 279, 281, -1,
      280, 281, 282, -1,
      282, 281, 283, -1,
      282, 283, 284, -1,
      284, 283, 285, -1,
      284, 285, 286, -1,
      286, 285, 287, -1,
      288, 286, 289, -1,
      289, 286, 287, -1,
      288, 289, 290, -1,
      290, 289, 291, -1,
      290, 291, 292, -1,
      292, 291, 293, -1,
      292, 293, 294, -1,
      294, 293, 295, -1,
      294, 295, 296, -1,
      296, 295, 297, -1,
      296, 297, 298, -1,
      298, 297, 299, -1,
      298, 299, 300, -1,
      300, 299, 301, -1,
      302, 300, 303, -1,
      303, 300, 301, -1,
      302, 303, 304, -1,
      302, 304, 305, -1,
      305, 304, 306, -1,
      305, 306, 307, -1,
      307, 306, 308, -1,
      307, 308, 309, -1,
      309, 308, 310, -1,
      309, 310, 311, -1,
      311, 310, 312, -1,
      311, 312, 313, -1,
      313, 312, 314, -1,
      313, 314, 315, -1,
      315, 314, 316, -1,
      315, 316, 317, -1,
      317, 316, 318, -1,
      317, 318, 319, -1,
      319, 318, 320, -1,
      319, 320, 321, -1,
      321, 320, 322, -1,
      321, 322, 323, -1,
      323, 322, 324, -1,
      323, 324, 325, -1,
      325, 324, 326, -1,
      325, 326, 327, -1,
      328, 327, 329, -1,
      329, 327, 326, -1,
      330, 328, 331, -1,
      331, 328, 329, -1,
      167, 330, 169, -1,
      169, 330, 331, -1,
      172, 174, 176, -1,
      222, 224, 226, -1,
      167, 166, 330, -1,
      330, 166, 170, -1,
      330, 170, 328, -1,
      328, 170, 172, -1,
      241, 243, 255, -1,
      260, 230, 258, -1,
      258, 230, 256, -1,
      260, 262, 230, -1,
      230, 262, 264, -1,
      230, 264, 266, -1,
      256, 230, 255, -1,
      255, 230, 232, -1,
      255, 232, 235, -1,
      226, 195, 222, -1,
      222, 195, 219, -1,
      222, 219, 220, -1,
      182, 184, 180, -1,
      180, 184, 186, -1,
      180, 186, 228, -1,
      228, 186, 188, -1,
      228, 188, 226, -1,
      226, 188, 190, -1,
      226, 190, 195, -1,
      195, 190, 192, -1,
      172, 176, 328, -1,
      328, 176, 178, -1,
      328, 178, 290, -1,
      290, 292, 328, -1,
      328, 292, 294, -1,
      328, 294, 296, -1,
      235, 237, 255, -1,
      255, 237, 239, -1,
      255, 239, 241, -1,
      247, 249, 245, -1,
      245, 249, 251, -1,
      245, 251, 243, -1,
      243, 251, 253, -1,
      243, 253, 255, -1,
      311, 313, 327, -1,
      199, 201, 203, -1,
      206, 209, 219, -1,
      219, 209, 211, -1,
      211, 213, 219, -1,
      219, 213, 215, -1,
      219, 215, 217, -1,
      296, 298, 328, -1,
      328, 298, 300, -1,
      328, 300, 327, -1,
      327, 300, 302, -1,
      327, 302, 305, -1,
      206, 219, 205, -1,
      205, 219, 195, -1,
      205, 195, 203, -1,
      203, 195, 197, -1,
      203, 197, 199, -1,
      274, 276, 228, -1,
      228, 276, 278, -1,
      228, 278, 180, -1,
      180, 278, 280, -1,
      180, 280, 282, -1,
      305, 307, 327, -1,
      327, 307, 309, -1,
      327, 309, 311, -1,
      323, 317, 321, -1,
      321, 317, 319, -1,
      313, 315, 327, -1,
      327, 315, 317, -1,
      327, 317, 325, -1,
      325, 317, 323, -1,
      282, 284, 180, -1,
      180, 284, 286, -1,
      180, 286, 178, -1,
      178, 286, 288, -1,
      178, 288, 290, -1,
      266, 268, 230, -1,
      230, 268, 270, -1,
      230, 270, 228, -1,
      228, 270, 272, -1,
      228, 272, 274, -1,
      187, 185, 183, -1,
      177, 175, 179, -1,
      179, 175, 173, -1,
      183, 181, 187, -1,
      187, 181, 329, -1,
      187, 329, 189, -1,
      227, 225, 191, -1,
      191, 225, 223, -1,
      191, 223, 193, -1,
      168, 169, 171, -1,
      171, 169, 331, -1,
      171, 331, 173, -1,
      173, 331, 329, -1,
      173, 329, 179, -1,
      179, 329, 181, -1,
      208, 207, 218, -1,
      218, 207, 204, -1,
      218, 204, 221, -1,
      200, 198, 223, -1,
      231, 269, 267, -1,
      254, 233, 257, -1,
      257, 233, 231, -1,
      257, 231, 259, -1,
      259, 231, 261, -1,
      295, 329, 297, -1,
      297, 329, 299, -1,
      221, 204, 223, -1,
      223, 204, 202, -1,
      223, 202, 200, -1,
      254, 252, 233, -1,
      233, 252, 250, -1,
      233, 250, 248, -1,
      267, 265, 231, -1,
      231, 265, 263, -1,
      231, 263, 261, -1,
      326, 303, 329, -1,
      329, 303, 301, -1,
      329, 301, 299, -1,
      287, 285, 189, -1,
      189, 285, 283, -1,
      189, 283, 281, -1,
      281, 279, 189, -1,
      189, 279, 277, -1,
      189, 277, 275, -1,
      216, 214, 212, -1,
      198, 196, 223, -1,
      223, 196, 194, -1,
      223, 194, 193, -1,
      236, 234, 244, -1,
      244, 234, 233, -1,
      244, 233, 246, -1,
      246, 233, 248, -1,
      236, 244, 238, -1,
      238, 244, 242, -1,
      238, 242, 240, -1,
      310, 308, 326, -1,
      295, 293, 329, -1,
      329, 293, 291, -1,
      329, 291, 189, -1,
      189, 291, 289, -1,
      189, 289, 287, -1,
      216, 212, 218, -1,
      218, 212, 210, -1,
      218, 210, 208, -1,
      191, 189, 227, -1,
      227, 189, 275, -1,
      227, 275, 229, -1,
      229, 275, 273, -1,
      229, 273, 231, -1,
      231, 273, 271, -1,
      231, 271, 269, -1,
      324, 322, 314, -1,
      314, 322, 320, -1,
      314, 320, 316, -1,
      316, 320, 318, -1,
      324, 314, 326, -1,
      326, 314, 312, -1,
      326, 312, 310, -1,
      308, 306, 326, -1,
      326, 306, 304, -1,
      326, 304, 303, -1,
      332, 333, 334, -1,
      334, 333, 335, -1,
      336, 332, 337, -1,
      337, 332, 334, -1,
      338, 336, 339, -1,
      339, 336, 337, -1,
      340, 338, 341, -1,
      341, 338, 339, -1,
      342, 340, 343, -1,
      343, 340, 341, -1,
      344, 342, 345, -1,
      345, 342, 343, -1,
      346, 344, 347, -1,
      347, 344, 345, -1,
      348, 346, 349, -1,
      349, 346, 347, -1,
      350, 348, 351, -1,
      351, 348, 349, -1,
      352, 350, 353, -1,
      353, 350, 351, -1,
      354, 352, 355, -1,
      355, 352, 353, -1,
      356, 354, 357, -1,
      357, 354, 355, -1,
      358, 356, 359, -1,
      359, 356, 357, -1,
      358, 359, 360, -1,
      358, 360, 361, -1,
      361, 360, 362, -1,
      361, 362, 363, -1,
      363, 362, 364, -1,
      363, 364, 365, -1,
      365, 364, 366, -1,
      365, 366, 367, -1,
      367, 366, 368, -1,
      367, 368, 369, -1,
      369, 368, 370, -1,
      369, 370, 371, -1,
      372, 371, 373, -1,
      373, 371, 370, -1,
      372, 373, 374, -1,
      372, 374, 375, -1,
      375, 374, 376, -1,
      375, 376, 377, -1,
      377, 376, 378, -1,
      377, 378, 379, -1,
      379, 378, 380, -1,
      379, 380, 381, -1,
      381, 380, 382, -1,
      381, 382, 383, -1,
      383, 382, 384, -1,
      383, 384, 385, -1,
      386, 385, 387, -1,
      387, 385, 384, -1,
      388, 386, 389, -1,
      389, 386, 387, -1,
      390, 388, 391, -1,
      391, 388, 389, -1,
      392, 390, 393, -1,
      393, 390, 391, -1,
      394, 392, 395, -1,
      395, 392, 393, -1,
      396, 394, 397, -1,
      397, 394, 395, -1,
      398, 396, 399, -1,
      399, 396, 397, -1,
      398, 399, 400, -1,
      398, 400, 401, -1,
      401, 400, 402, -1,
      401, 402, 403, -1,
      403, 402, 404, -1,
      403, 404, 405, -1,
      405, 404, 406, -1,
      405, 406, 407, -1,
      407, 406, 408, -1,
      407, 408, 409, -1,
      409, 408, 410, -1,
      409, 410, 411, -1,
      411, 410, 412, -1,
      411, 412, 413, -1,
      413, 412, 414, -1,
      413, 414, 415, -1,
      415, 414, 416, -1,
      415, 416, 417, -1,
      417, 416, 418, -1,
      417, 418, 419, -1,
      419, 418, 420, -1,
      419, 420, 421, -1,
      422, 421, 423, -1,
      423, 421, 420, -1,
      424, 422, 425, -1,
      425, 422, 423, -1,
      424, 425, 426, -1,
      426, 425, 427, -1,
      426, 427, 428, -1,
      428, 427, 429, -1,
      428, 429, 430, -1,
      430, 429, 431, -1,
      430, 431, 432, -1,
      432, 431, 433, -1,
      432, 433, 434, -1,
      434, 433, 435, -1,
      434, 435, 436, -1,
      436, 435, 437, -1,
      438, 436, 439, -1,
      439, 436, 437, -1,
      438, 439, 440, -1,
      440, 439, 441, -1,
      440, 441, 442, -1,
      442, 441, 443, -1,
      442, 443, 444, -1,
      444, 443, 445, -1,
      444, 445, 446, -1,
      446, 445, 447, -1,
      446, 447, 448, -1,
      448, 447, 449, -1,
      448, 449, 450, -1,
      450, 449, 451, -1,
      450, 451, 452, -1,
      452, 451, 453, -1,
      454, 452, 455, -1,
      455, 452, 453, -1,
      454, 455, 456, -1,
      456, 455, 457, -1,
      456, 457, 458, -1,
      458, 457, 459, -1,
      458, 459, 460, -1,
      460, 459, 461, -1,
      460, 461, 462, -1,
      462, 461, 463, -1,
      462, 463, 464, -1,
      464, 463, 465, -1,
      464, 465, 466, -1,
      466, 465, 467, -1,
      468, 466, 469, -1,
      469, 466, 467, -1,
      468, 469, 470, -1,
      468, 470, 471, -1,
      471, 470, 472, -1,
      471, 472, 473, -1,
      473, 472, 474, -1,
      473, 474, 475, -1,
      475, 474, 476, -1,
      475, 476, 477, -1,
      477, 476, 478, -1,
      477, 478, 479, -1,
      479, 478, 480, -1,
      479, 480, 481, -1,
      481, 480, 482, -1,
      481, 482, 483, -1,
      483, 482, 484, -1,
      483, 484, 485, -1,
      485, 484, 486, -1,
      485, 486, 487, -1,
      487, 486, 488, -1,
      487, 488, 489, -1,
      489, 488, 490, -1,
      489, 490, 491, -1,
      491, 490, 492, -1,
      491, 492, 493, -1,
      494, 493, 495, -1,
      495, 493, 492, -1,
      496, 494, 497, -1,
      497, 494, 495, -1,
      333, 496, 335, -1,
      335, 496, 497, -1,
      338, 340, 342, -1,
      388, 390, 392, -1,
      333, 332, 496, -1,
      496, 332, 336, -1,
      496, 336, 494, -1,
      494, 336, 338, -1,
      396, 398, 421, -1,
      421, 422, 396, -1,
      396, 422, 424, -1,
      396, 424, 426, -1,
      426, 428, 396, -1,
      396, 428, 430, -1,
      396, 430, 432, -1,
      401, 403, 411, -1,
      392, 361, 388, -1,
      388, 361, 385, -1,
      388, 385, 386, -1,
      348, 350, 346, -1,
      346, 350, 352, -1,
      346, 352, 394, -1,
      394, 352, 354, -1,
      394, 354, 392, -1,
      392, 354, 356, -1,
      392, 356, 361, -1,
      361, 356, 358, -1,
      338, 342, 494, -1,
      494, 342, 344, -1,
      494, 344, 456, -1,
      456, 458, 494, -1,
      494, 458, 460, -1,
      494, 460, 462, -1,
      401, 411, 398, -1,
      398, 411, 413, -1,
      398, 413, 415, -1,
      415, 417, 398, -1,
      398, 417, 419, -1,
      398, 419, 421, -1,
      462, 464, 494, -1,
      494, 464, 466, -1,
      494, 466, 493, -1,
      493, 466, 468, -1,
      403, 405, 411, -1,
      411, 405, 407, -1,
      411, 407, 409, -1,
      365, 367, 369, -1,
      372, 375, 385, -1,
      385, 375, 377, -1,
      377, 379, 385, -1,
      385, 379, 381, -1,
      385, 381, 383, -1,
      493, 481, 491, -1,
      491, 481, 489, -1,
      372, 385, 371, -1,
      371, 385, 361, -1,
      371, 361, 369, -1,
      369, 361, 363, -1,
      369, 363, 365, -1,
      468, 471, 493, -1,
      493, 471, 473, -1,
      493, 473, 475, -1,
      489, 481, 487, -1,
      487, 481, 483, -1,
      487, 483, 485, -1,
      440, 442, 394, -1,
      394, 442, 444, -1,
      394, 444, 346, -1,
      346, 444, 446, -1,
      346, 446, 448, -1,
      448, 450, 346, -1,
      346, 450, 452, -1,
      346, 452, 344, -1,
      344, 452, 454, -1,
      344, 454, 456, -1,
      475, 477, 493, -1,
      493, 477, 479, -1,
      493, 479, 481, -1,
      432, 434, 396, -1,
      396, 434, 436, -1,
      396, 436, 394, -1,
      394, 436, 438, -1,
      394, 438, 440, -1,
      353, 351, 349, -1,
      343, 341, 345, -1,
      345, 341, 339, -1,
      349, 347, 353, -1,
      353, 347, 495, -1,
      353, 495, 355, -1,
      393, 391, 357, -1,
      357, 391, 389, -1,
      357, 389, 359, -1,
      334, 335, 337, -1,
      337, 335, 497, -1,
      337, 497, 339, -1,
      339, 497, 495, -1,
      339, 495, 345, -1,
      345, 495, 347, -1,
      374, 373, 384, -1,
      384, 373, 370, -1,
      384, 370, 387, -1,
      366, 364, 389, -1,
      397, 435, 433, -1,
      420, 399, 423, -1,
      423, 399, 397, -1,
      423, 397, 425, -1,
      425, 397, 427, -1,
      461, 495, 463, -1,
      463, 495, 465, -1,
      387, 370, 389, -1,
      389, 370, 368, -1,
      389, 368, 366, -1,
      433, 431, 397, -1,
      397, 431, 429, -1,
      397, 429, 427, -1,
      492, 469, 495, -1,
      495, 469, 467, -1,
      495, 467, 465, -1,
      461, 459, 495, -1,
      495, 459, 457, -1,
      495, 457, 355, -1,
      355, 457, 455, -1,
      355, 455, 453, -1,
      453, 451, 355, -1,
      355, 451, 449, -1,
      355, 449, 447, -1,
      382, 380, 378, -1,
      364, 362, 389, -1,
      389, 362, 360, -1,
      389, 360, 359, -1,
      420, 418, 399, -1,
      399, 418, 416, -1,
      399, 416, 414, -1,
      408, 406, 399, -1,
      399, 406, 404, -1,
      399, 404, 400, -1,
      400, 404, 402, -1,
      447, 445, 355, -1,
      355, 445, 443, -1,
      355, 443, 441, -1,
      382, 378, 384, -1,
      384, 378, 376, -1,
      384, 376, 374, -1,
      414, 412, 399, -1,
      399, 412, 410, -1,
      399, 410, 408, -1,
      357, 355, 393, -1,
      393, 355, 441, -1,
      393, 441, 395, -1,
      395, 441, 439, -1,
      395, 439, 397, -1,
      397, 439, 437, -1,
      397, 437, 435, -1,
      480, 492, 482, -1,
      482, 492, 490, -1,
      490, 488, 482, -1,
      482, 488, 486, -1,
      482, 486, 484, -1,
      480, 478, 492, -1,
      492, 478, 476, -1,
      492, 476, 474, -1,
      474, 472, 492, -1,
      492, 472, 470, -1,
      492, 470, 469, -1,
      498, 499, 500, -1,
      500, 499, 501, -1,
      502, 498, 503, -1,
      503, 498, 500, -1,
      504, 502, 505, -1,
      505, 502, 503, -1,
      506, 504, 507, -1,
      507, 504, 505, -1,
      508, 506, 509, -1,
      509, 506, 507, -1,
      510, 508, 511, -1,
      511, 508, 509, -1,
      512, 510, 513, -1,
      513, 510, 511, -1,
      514, 512, 515, -1,
      515, 512, 513, -1,
      516, 514, 517, -1,
      517, 514, 515, -1,
      518, 516, 519, -1,
      519, 516, 517, -1,
      520, 518, 521, -1,
      521, 518, 519, -1,
      522, 520, 523, -1,
      523, 520, 521, -1,
      524, 522, 525, -1,
      525, 522, 523, -1,
      524, 525, 526, -1,
      524, 526, 527, -1,
      527, 526, 528, -1,
      527, 528, 529, -1,
      529, 528, 530, -1,
      529, 530, 531, -1,
      531, 530, 532, -1,
      531, 532, 533, -1,
      533, 532, 534, -1,
      533, 534, 535, -1,
      535, 534, 536, -1,
      535, 536, 537, -1,
      538, 537, 539, -1,
      539, 537, 536, -1,
      538, 539, 540, -1,
      538, 540, 541, -1,
      541, 540, 542, -1,
      541, 542, 543, -1,
      543, 542, 544, -1,
      543, 544, 545, -1,
      545, 544, 546, -1,
      545, 546, 547, -1,
      547, 546, 548, -1,
      547, 548, 549, -1,
      549, 548, 550, -1,
      549, 550, 551, -1,
      552, 551, 553, -1,
      553, 551, 550, -1,
      554, 552, 555, -1,
      555, 552, 553, -1,
      556, 554, 557, -1,
      557, 554, 555, -1,
      558, 556, 559, -1,
      559, 556, 557, -1,
      560, 558, 561, -1,
      561, 558, 559, -1,
      562, 560, 563, -1,
      563, 560, 561, -1,
      564, 562, 565, -1,
      565, 562, 563, -1,
      564, 565, 566, -1,
      564, 566, 567, -1,
      567, 566, 568, -1,
      567, 568, 569, -1,
      569, 568, 570, -1,
      569, 570, 571, -1,
      571, 570, 572, -1,
      571, 572, 573, -1,
      573, 572, 574, -1,
      573, 574, 575, -1,
      575, 574, 576, -1,
      575, 576, 577, -1,
      577, 576, 578, -1,
      577, 578, 579, -1,
      579, 578, 580, -1,
      579, 580, 581, -1,
      581, 580, 582, -1,
      581, 582, 583, -1,
      583, 582, 584, -1,
      583, 584, 585, -1,
      585, 584, 586, -1,
      585, 586, 587, -1,
      588, 587, 589, -1,
      589, 587, 586, -1,
      590, 588, 591, -1,
      591, 588, 589, -1,
      590, 591, 592, -1,
      592, 591, 593, -1,
      592, 593, 594, -1,
      594, 593, 595, -1,
      594, 595, 596, -1,
      596, 595, 597, -1,
      596, 597, 598, -1,
      598, 597, 599, -1,
      598, 599, 600, -1,
      600, 599, 601, -1,
      600, 601, 602, -1,
      602, 601, 603, -1,
      604, 602, 605, -1,
      605, 602, 603, -1,
      604, 605, 606, -1,
      606, 605, 607, -1,
      606, 607, 608, -1,
      608, 607, 609, -1,
      608, 609, 610, -1,
      610, 609, 611, -1,
      610, 611, 612, -1,
      612, 611, 613, -1,
      612, 613, 614, -1,
      614, 613, 615, -1,
      614, 615, 616, -1,
      616, 615, 617, -1,
      616, 617, 618, -1,
      618, 617, 619, -1,
      620, 618, 621, -1,
      621, 618, 619, -1,
      620, 621, 622, -1,
      622, 621, 623, -1,
      622, 623, 624, -1,
      624, 623, 625, -1,
      624, 625, 626, -1,
      626, 625, 627, -1,
      626, 627, 628, -1,
      628, 627, 629, -1,
      628, 629, 630, -1,
      630, 629, 631, -1,
      630, 631, 632, -1,
      632, 631, 633, -1,
      634, 632, 635, -1,
      635, 632, 633, -1,
      634, 635, 636, -1,
      634, 636, 637, -1,
      637, 636, 638, -1,
      637, 638, 639, -1,
      639, 638, 640, -1,
      639, 640, 641, -1,
      641, 640, 642, -1,
      641, 642, 643, -1,
      643, 642, 644, -1,
      643, 644, 645, -1,
      645, 644, 646, -1,
      645, 646, 647, -1,
      647, 646, 648, -1,
      647, 648, 649, -1,
      649, 648, 650, -1,
      649, 650, 651, -1,
      651, 650, 652, -1,
      651, 652, 653, -1,
      653, 652, 654, -1,
      653, 654, 655, -1,
      655, 654, 656, -1,
      655, 656, 657, -1,
      657, 656, 658, -1,
      657, 658, 659, -1,
      660, 659, 661, -1,
      661, 659, 658, -1,
      662, 660, 663, -1,
      663, 660, 661, -1,
      499, 662, 501, -1,
      501, 662, 663, -1,
      504, 506, 508, -1,
      554, 556, 558, -1,
      499, 498, 662, -1,
      662, 498, 502, -1,
      662, 502, 660, -1,
      660, 502, 504, -1,
      573, 575, 587, -1,
      592, 562, 590, -1,
      590, 562, 588, -1,
      592, 594, 562, -1,
      562, 594, 596, -1,
      562, 596, 598, -1,
      588, 562, 587, -1,
      587, 562, 564, -1,
      587, 564, 567, -1,
      558, 527, 554, -1,
      554, 527, 551, -1,
      554, 551, 552, -1,
      514, 516, 512, -1,
      512, 516, 518, -1,
      512, 518, 560, -1,
      560, 518, 520, -1,
      560, 520, 558, -1,
      558, 520, 522, -1,
      558, 522, 527, -1,
      527, 522, 524, -1,
      504, 508, 660, -1,
      660, 508, 510, -1,
      660, 510, 622, -1,
      622, 624, 660, -1,
      660, 624, 626, -1,
      660, 626, 628, -1,
      567, 569, 587, -1,
      587, 569, 571, -1,
      587, 571, 573, -1,
      579, 581, 577, -1,
      577, 581, 583, -1,
      577, 583, 575, -1,
      575, 583, 585, -1,
      575, 585, 587, -1,
      643, 645, 659, -1,
      531, 533, 535, -1,
      538, 541, 551, -1,
      551, 541, 543, -1,
      543, 545, 551, -1,
      551, 545, 547, -1,
      551, 547, 549, -1,
      628, 630, 660, -1,
      660, 630, 632, -1,
      660, 632, 659, -1,
      659, 632, 634, -1,
      659, 634, 637, -1,
      538, 551, 537, -1,
      537, 551, 527, -1,
      537, 527, 535, -1,
      535, 527, 529, -1,
      535, 529, 531, -1,
      606, 608, 560, -1,
      560, 608, 610, -1,
      560, 610, 512, -1,
      512, 610, 612, -1,
      512, 612, 614, -1,
      637, 639, 659, -1,
      659, 639, 641, -1,
      659, 641, 643, -1,
      655, 649, 653, -1,
      653, 649, 651, -1,
      645, 647, 659, -1,
      659, 647, 649, -1,
      659, 649, 657, -1,
      657, 649, 655, -1,
      614, 616, 512, -1,
      512, 616, 618, -1,
      512, 618, 510, -1,
      510, 618, 620, -1,
      510, 620, 622, -1,
      598, 600, 562, -1,
      562, 600, 602, -1,
      562, 602, 560, -1,
      560, 602, 604, -1,
      560, 604, 606, -1,
      519, 517, 515, -1,
      509, 507, 511, -1,
      511, 507, 505, -1,
      515, 513, 519, -1,
      519, 513, 661, -1,
      519, 661, 521, -1,
      559, 557, 523, -1,
      523, 557, 555, -1,
      523, 555, 525, -1,
      500, 501, 503, -1,
      503, 501, 663, -1,
      503, 663, 505, -1,
      505, 663, 661, -1,
      505, 661, 511, -1,
      511, 661, 513, -1,
      540, 539, 550, -1,
      550, 539, 536, -1,
      550, 536, 553, -1,
      532, 530, 555, -1,
      563, 601, 599, -1,
      586, 565, 589, -1,
      589, 565, 563, -1,
      589, 563, 591, -1,
      591, 563, 593, -1,
      627, 661, 629, -1,
      629, 661, 631, -1,
      553, 536, 555, -1,
      555, 536, 534, -1,
      555, 534, 532, -1,
      586, 584, 565, -1,
      565, 584, 582, -1,
      565, 582, 580, -1,
      599, 597, 563, -1,
      563, 597, 595, -1,
      563, 595, 593, -1,
      658, 635, 661, -1,
      661, 635, 633, -1,
      661, 633, 631, -1,
      619, 617, 521, -1,
      521, 617, 615, -1,
      521, 615, 613, -1,
      613, 611, 521, -1,
      521, 611, 609, -1,
      521, 609, 607, -1,
      548, 546, 544, -1,
      530, 528, 555, -1,
      555, 528, 526, -1,
      555, 526, 525, -1,
      568, 566, 576, -1,
      576, 566, 565, -1,
      576, 565, 578, -1,
      578, 565, 580, -1,
      568, 576, 570, -1,
      570, 576, 574, -1,
      570, 574, 572, -1,
      642, 640, 658, -1,
      627, 625, 661, -1,
      661, 625, 623, -1,
      661, 623, 521, -1,
      521, 623, 621, -1,
      521, 621, 619, -1,
      548, 544, 550, -1,
      550, 544, 542, -1,
      550, 542, 540, -1,
      523, 521, 559, -1,
      559, 521, 607, -1,
      559, 607, 561, -1,
      561, 607, 605, -1,
      561, 605, 563, -1,
      563, 605, 603, -1,
      563, 603, 601, -1,
      656, 654, 646, -1,
      646, 654, 652, -1,
      646, 652, 648, -1,
      648, 652, 650, -1,
      656, 646, 658, -1,
      658, 646, 644, -1,
      658, 644, 642, -1,
      640, 638, 658, -1,
      658, 638, 636, -1,
      658, 636, 635, -1,
    ]
  }
}

Shape {
  appearance Appearance {
    material Material {
      diffuseColor 0.1098 0.1098 0.1098
      specularColor 0.0078 0.0078 0.0078
      ambientIntensity 0.2
      transparency 0.0000
      shininess 0.5
    }
  }
  geometry IndexedFaceSet {
    ccw TRUE
    solid FALSE
    coord DEF co Coordinate {
      point [
        3.228346 -0.275591 -0.000000,
        4.015748 -0.275591 -0.000000,
        3.228346 -0.669291 0.000000,
        4.094488 -0.354331 -0.000000,
        4.094488 -0.669291 0.000000,
        3.555119 -0.984252 0.531496,
        3.799213 -0.984252 0.531496,
        3.555119 -0.669291 0.531496,
        3.799213 -0.669291 0.531496,
        4.192913 -0.984252 0.531496,
        8.720472 -0.984252 0.531496,
        4.192913 -0.669291 0.531496,
        8.720472 -0.669291 0.531496,
        3.799213 -0.669291 0.236220,
        3.799213 -0.708661 0.314961,
        3.555119 -0.669291 0.236220,
        3.555119 -0.708661 0.314961,
        3.799213 -1.456693 0.314961,
        3.555119 -1.456693 0.314961,
        3.555119 -1.456693 0.472441,
        3.799213 -1.456693 0.472441,
        8.720472 -1.456693 0.393701,
        8.720472 -1.456693 0.472441,
        4.192913 -1.456693 0.393701,
        4.192913 -1.456693 0.472441,
        3.555119 -1.043307 0.472441,
        3.799213 -1.043307 0.472441,
        4.192913 -1.043307 0.472441,
        8.720472 -1.043307 0.472441,
        9.358268 -0.669291 0.531496,
        9.114174 -0.669291 0.531496,
        9.358268 -0.984252 0.531496,
        9.114174 -0.984252 0.531496,
        4.192913 -0.669291 0.393701,
        4.094488 -0.669291 0.393701,
        3.228346 -0.669291 0.688976,
        8.720472 -0.669291 0.393701,
        8.818898 -0.669291 0.393701,
        9.685039 -0.669291 0.688976,
        9.114174 -0.669291 0.236220,
        8.818898 -0.669291 0.000000,
        9.358268 -0.669291 0.236220,
        9.685039 -0.669291 0.000000,
        3.228346 -0.629921 0.728346,
        9.685039 -0.629921 0.728346,
        3.228346 -0.314961 0.728346,
        9.685039 -0.314961 0.728346,
        4.015748 -0.275591 0.472441,
        9.685039 -0.275591 0.688976,
        9.685039 -0.275591 -0.000000,
        8.897638 -0.275591 -0.000000,
        8.897638 -0.275591 0.472441,
        3.228346 -0.275591 0.688976,
        8.818898 -0.354331 -0.000000,
        9.114174 -0.708661 0.314961,
        9.358268 -0.708661 0.314961,
        9.114174 -1.456693 0.314961,
        9.358268 -1.456693 0.314961,
        9.358268 -1.456693 0.472441,
        9.114174 -1.456693 0.472441,
        9.358268 -1.043307 0.472441,
        9.114174 -1.043307 0.472441,
        3.188976 -0.629921 0.039370,
        3.188976 -0.629921 0.688976,
        3.188976 -0.314961 0.039370,
        3.188976 -0.314961 0.688976,
        9.724410 -0.314961 0.039370,
        9.724410 -0.314961 0.688976,
        9.724410 -0.629921 0.039370,
        9.724410 -0.629921 0.688976,
        4.094488 -0.354331 0.393701,
        8.818898 -0.354331 0.393701,
        9.702121 -0.665393 0.003899,
        9.709587 -0.284180 0.008589,
        9.709587 -0.660702 0.008589,
        9.715821 -0.290414 0.014823,
        9.715821 -0.654468 0.014823,
        9.720511 -0.297879 0.022288,
        9.720511 -0.647003 0.022288,
        9.723422 -0.306200 0.030609,
        9.723422 -0.638682 0.030609,
        9.689447 -0.669044 0.000248,
        9.689447 -0.275838 0.000248,
        9.693800 -0.668304 0.000987,
        9.693800 -0.276578 0.000987,
        9.698043 -0.667082 0.002209,
        9.698043 -0.277800 0.002209,
        9.702121 -0.279489 0.003899,
        9.693800 -0.276578 0.688976,
        9.702121 -0.279489 0.688976,
        9.709587 -0.284180 0.688976,
        9.715821 -0.290414 0.688976,
        9.720511 -0.297879 0.688976,
        9.723422 -0.306200 0.688976,
        9.695230 -0.629921 0.727005,
        9.695230 -0.314961 0.727005,
        9.704724 -0.629921 0.723072,
        9.704724 -0.314961 0.723072,
        9.712879 -0.629921 0.716815,
        9.712879 -0.314961 0.716815,
        9.719135 -0.629921 0.708661,
        9.719135 -0.314961 0.708661,
        9.723068 -0.629921 0.699166,
        9.723068 -0.314961 0.699166,
        9.723259 -0.638661 0.688976,
        9.723068 -0.640111 0.688976,
        9.720257 -0.646898 0.688976,
        9.719135 -0.649606 0.688976,
        9.715559 -0.654267 0.688976,
        9.712879 -0.657760 0.688976,
        9.709385 -0.660440 0.688976,
        9.704724 -0.664017 0.688976,
        9.702017 -0.665139 0.688976,
        9.695230 -0.667950 0.688976,
        9.693779 -0.668141 0.688976,
        9.697313 -0.299570 0.723072,
        9.691393 -0.306994 0.727005,
        9.693006 -0.308607 0.727005,
        9.694974 -0.312693 0.727005,
        9.694220 -0.310539 0.727005,
        9.689460 -0.305780 0.727005,
        9.693580 -0.297225 0.723072,
        9.697118 -0.289879 0.716815,
        9.687307 -0.305026 0.727005,
        9.700430 -0.302687 0.723072,
        9.702776 -0.306420 0.723072,
        9.704231 -0.310580 0.723072,
        9.689420 -0.295769 0.723072,
        9.691234 -0.287820 0.716815,
        9.692626 -0.281720 0.708661,
        9.685039 -0.304771 0.727005,
        9.702397 -0.293195 0.716815,
        9.706805 -0.297604 0.716815,
        9.710121 -0.302882 0.716815,
        9.712180 -0.308766 0.716815,
        9.685039 -0.295276 0.723072,
        9.685039 -0.287122 0.716815,
        9.685039 -0.280865 0.708661,
        9.685039 -0.276932 0.699166,
        9.699833 -0.284242 0.708661,
        9.706298 -0.288304 0.708661,
        9.711696 -0.293702 0.708661,
        9.715758 -0.300167 0.708661,
        9.718280 -0.307374 0.708661,
        9.693502 -0.277885 0.699166,
        9.701540 -0.280698 0.699166,
        9.708750 -0.285229 0.699166,
        9.714771 -0.291250 0.699166,
        9.719302 -0.298461 0.699166,
        9.722114 -0.306498 0.699166,
        9.694882 -0.666654 0.699166,
        9.704054 -0.662855 0.699166,
        9.711930 -0.656811 0.699166,
        9.717974 -0.648935 0.699166,
        9.721772 -0.639764 0.699166,
        9.717974 -0.638746 0.708661,
        9.711930 -0.637126 0.716815,
        9.704054 -0.635016 0.723072,
        9.694882 -0.632559 0.727005,
        9.714567 -0.646969 0.708661,
        9.709149 -0.643841 0.716815,
        9.702088 -0.639764 0.723072,
        9.693864 -0.635016 0.727005,
        9.709149 -0.654030 0.708661,
        9.704724 -0.649606 0.716815,
        9.698959 -0.643841 0.723072,
        9.692244 -0.637126 0.727005,
        9.702088 -0.659449 0.708661,
        9.698959 -0.654030 0.716815,
        9.694882 -0.646969 0.723072,
        9.690135 -0.638746 0.727005,
        9.693864 -0.662855 0.708661,
        9.692244 -0.656811 0.716815,
        9.690135 -0.648935 0.723072,
        9.687677 -0.639764 0.727005,
        9.685039 -0.667950 0.699166,
        9.685039 -0.664017 0.708661,
        9.685039 -0.657760 0.716815,
        9.685039 -0.649606 0.723072,
        9.685039 -0.640111 0.727005,
        3.228346 -0.276932 0.699166,
        3.228346 -0.280865 0.708661,
        3.228346 -0.287122 0.716815,
        3.228346 -0.295276 0.723072,
        3.228346 -0.304771 0.727005,
        3.218157 -0.314961 0.727005,
        3.218157 -0.629921 0.727005,
        3.208662 -0.314961 0.723072,
        3.208662 -0.629921 0.723072,
        3.200508 -0.314961 0.716815,
        3.200508 -0.629921 0.716815,
        3.194251 -0.314961 0.708661,
        3.194251 -0.629921 0.708661,
        3.190318 -0.314961 0.699166,
        3.190318 -0.629921 0.699166,
        3.228346 -0.667950 0.699166,
        3.228346 -0.664017 0.708661,
        3.228346 -0.657760 0.716815,
        3.228346 -0.649606 0.723072,
        3.228346 -0.640111 0.727005,
        3.219607 -0.276741 0.688976,
        3.218157 -0.276932 0.688976,
        3.218504 -0.278228 0.699166,
        3.211369 -0.279743 0.688976,
        3.208662 -0.280865 0.688976,
        3.209332 -0.282027 0.699166,
        3.204000 -0.284442 0.688976,
        3.200508 -0.287122 0.688976,
        3.201456 -0.288070 0.699166,
        3.197827 -0.290615 0.688976,
        3.194251 -0.295276 0.688976,
        3.195413 -0.295946 0.699166,
        3.193129 -0.297984 0.688976,
        3.190318 -0.304771 0.688976,
        3.191613 -0.305118 0.699166,
        3.190127 -0.306222 0.688976,
        3.195413 -0.306136 0.708661,
        3.201456 -0.307756 0.716815,
        3.209332 -0.309866 0.723072,
        3.218504 -0.312323 0.727005,
        3.198819 -0.297913 0.708661,
        3.204237 -0.301041 0.716815,
        3.211299 -0.305118 0.723072,
        3.219522 -0.309866 0.727005,
        3.204237 -0.290852 0.708661,
        3.208662 -0.295276 0.716815,
        3.214427 -0.301041 0.723072,
        3.221141 -0.307756 0.727005,
        3.211299 -0.285433 0.708661,
        3.214427 -0.290852 0.716815,
        3.218504 -0.297913 0.723072,
        3.223252 -0.306136 0.727005,
        3.219522 -0.282027 0.708661,
        3.221141 -0.288070 0.716815,
        3.223252 -0.295946 0.723072,
        3.225709 -0.305118 0.727005,
        3.216073 -0.645311 0.723072,
        3.221993 -0.637888 0.727005,
        3.220380 -0.636274 0.727005,
        3.218412 -0.632189 0.727005,
        3.219166 -0.634343 0.727005,
        3.223925 -0.639102 0.727005,
        3.219806 -0.647657 0.723072,
        3.216267 -0.655003 0.716815,
        3.226079 -0.639856 0.727005,
        3.212956 -0.642194 0.723072,
        3.210611 -0.638462 0.723072,
        3.209155 -0.634302 0.723072,
        3.223966 -0.649113 0.723072,
        3.222152 -0.657062 0.716815,
        3.220759 -0.663162 0.708661,
        3.210989 -0.651687 0.716815,
        3.206581 -0.647278 0.716815,
        3.203265 -0.642000 0.716815,
        3.201206 -0.636116 0.716815,
        3.213553 -0.660640 0.708661,
        3.207088 -0.656578 0.708661,
        3.201689 -0.651180 0.708661,
        3.197628 -0.644715 0.708661,
        3.195106 -0.637508 0.708661,
        3.219884 -0.666996 0.699166,
        3.211846 -0.664184 0.699166,
        3.204636 -0.659653 0.699166,
        3.198615 -0.653632 0.699166,
        3.194084 -0.646421 0.699166,
        3.191271 -0.638383 0.699166,
        3.219586 -0.668304 0.688976,
        3.211264 -0.665393 0.688976,
        3.203799 -0.660702 0.688976,
        3.197566 -0.654468 0.688976,
        3.192875 -0.647003 0.688976,
        3.189964 -0.638682 0.688976,
        3.190126 -0.306224 0.030633,
        3.190318 -0.304771 0.029180,
        3.193128 -0.297986 0.022395,
        3.194251 -0.295276 0.019685,
        3.197827 -0.290615 0.015025,
        3.200508 -0.287122 0.011531,
        3.203799 -0.284180 0.008589,
        3.208778 -0.281052 0.005461,
        3.211264 -0.279489 0.003899,
        3.218157 -0.276932 0.001341,
        3.219586 -0.276578 0.000987,
        3.223939 -0.275838 0.000248,
        3.223939 -0.669044 0.000248,
        3.219601 -0.668223 0.001068,
        3.218157 -0.667950 0.001341,
        3.211264 -0.665393 0.003899,
        3.208778 -0.663830 0.005461,
        3.203799 -0.660702 0.008589,
        3.197566 -0.654468 0.014823,
        3.200683 -0.657585 0.011706,
        3.189964 -0.638682 0.030609,
        3.190448 -0.640067 0.029224,
        3.192875 -0.647003 0.022288,
        3.194438 -0.649490 0.019801,
      ]
    }
    coordIndex [
      0, 1, 2, -1,
      2, 1, 3, -1,
      2, 3, 4, -1,
      5, 6, 7, -1,
      7, 6, 8, -1,
      9, 10, 11, -1,
      11, 10, 12, -1,
      13, 14, 15, -1,
      15, 14, 16, -1,
      14, 17, 16, -1,
      16, 17, 18, -1,
      18, 17, 19, -1,
      19, 17, 20, -1,
      21, 22, 23, -1,
      23, 22, 24, -1,
      19, 20, 25, -1,
      25, 20, 26, -1,
      24, 22, 27, -1,
      27, 22, 28, -1,
      25, 26, 5, -1,
      5, 26, 6, -1,
      27, 28, 9, -1,
      9, 28, 10, -1,
      29, 30, 31, -1,
      31, 30, 32, -1,
      33, 11, 34, -1,
      34, 11, 8, -1,
      34, 8, 4, -1,
      4, 8, 13, -1,
      4, 13, 2, -1,
      2, 13, 15, -1,
      2, 15, 35, -1,
      35, 15, 7, -1,
      12, 36, 37, -1,
      7, 8, 35, -1,
      35, 8, 11, -1,
      35, 11, 38, -1,
      38, 11, 12, -1,
      38, 12, 30, -1,
      30, 12, 37, -1,
      30, 37, 39, -1,
      39, 37, 40, -1,
      39, 40, 41, -1,
      41, 40, 42, -1,
      41, 42, 29, -1,
      29, 42, 38, -1,
      29, 38, 30, -1,
      43, 44, 45, -1,
      45, 44, 46, -1,
      47, 1, 0, -1,
      48, 49, 50, -1,
      50, 51, 48, -1,
      48, 51, 47, -1,
      48, 47, 52, -1,
      52, 47, 0, -1,
      50, 49, 53, -1,
      53, 49, 42, -1,
      53, 42, 40, -1,
      54, 39, 55, -1,
      55, 39, 41, -1,
      56, 54, 57, -1,
      57, 54, 55, -1,
      58, 59, 57, -1,
      57, 59, 56, -1,
      60, 61, 58, -1,
      58, 61, 59, -1,
      31, 32, 60, -1,
      60, 32, 61, -1,
      62, 63, 64, -1,
      64, 63, 65, -1,
      66, 67, 68, -1,
      68, 67, 69, -1,
      55, 41, 29, -1,
      58, 57, 60, -1,
      60, 57, 55, -1,
      60, 55, 31, -1,
      31, 55, 29, -1,
      7, 15, 16, -1,
      5, 7, 25, -1,
      25, 7, 16, -1,
      25, 16, 19, -1,
      19, 16, 18, -1,
      22, 21, 28, -1,
      28, 21, 36, -1,
      28, 36, 10, -1,
      10, 36, 12, -1,
      30, 39, 54, -1,
      32, 30, 61, -1,
      61, 30, 54, -1,
      61, 54, 59, -1,
      59, 54, 56, -1,
      14, 13, 8, -1,
      20, 17, 26, -1,
      26, 17, 14, -1,
      26, 14, 6, -1,
      6, 14, 8, -1,
      23, 24, 27, -1,
      9, 11, 27, -1,
      27, 11, 33, -1,
      27, 33, 23, -1,
      70, 34, 3, -1,
      3, 34, 4, -1,
      53, 40, 71, -1,
      71, 40, 37, -1,
      33, 34, 70, -1,
      71, 37, 36, -1,
      21, 23, 36, -1,
      36, 23, 33, -1,
      36, 33, 71, -1,
      71, 33, 70, -1,
      71, 51, 53, -1,
      53, 51, 50, -1,
      70, 47, 71, -1,
      71, 47, 51, -1,
      3, 1, 70, -1,
      70, 1, 47, -1,
      72, 73, 74, -1,
      74, 73, 75, -1,
      74, 75, 76, -1,
      76, 75, 77, -1,
      76, 77, 78, -1,
      78, 77, 79, -1,
      78, 79, 80, -1,
      80, 79, 66, -1,
      80, 66, 68, -1,
      42, 49, 81, -1,
      81, 49, 82, -1,
      81, 82, 83, -1,
      83, 82, 84, -1,
      83, 84, 85, -1,
      85, 84, 86, -1,
      85, 86, 72, -1,
      72, 86, 87, -1,
      72, 87, 73, -1,
      49, 48, 82, -1,
      82, 48, 88, -1,
      82, 88, 84, -1,
      84, 88, 86, -1,
      86, 88, 89, -1,
      86, 89, 87, -1,
      87, 89, 90, -1,
      87, 90, 73, -1,
      73, 90, 91, -1,
      73, 91, 75, -1,
      75, 91, 92, -1,
      75, 92, 77, -1,
      77, 92, 93, -1,
      77, 93, 79, -1,
      79, 93, 67, -1,
      79, 67, 66, -1,
      46, 44, 94, -1,
      46, 94, 95, -1,
      95, 94, 96, -1,
      95, 96, 97, -1,
      97, 96, 98, -1,
      97, 98, 99, -1,
      99, 98, 100, -1,
      99, 100, 101, -1,
      101, 100, 102, -1,
      101, 102, 103, -1,
      103, 102, 69, -1,
      103, 69, 67, -1,
      78, 80, 104, -1,
      104, 80, 68, -1,
      104, 68, 69, -1,
      104, 105, 78, -1,
      78, 105, 106, -1,
      78, 106, 76, -1,
      106, 107, 76, -1,
      76, 107, 108, -1,
      76, 108, 74, -1,
      74, 108, 109, -1,
      109, 110, 74, -1,
      74, 110, 111, -1,
      74, 111, 72, -1,
      72, 111, 112, -1,
      72, 112, 85, -1,
      85, 112, 113, -1,
      85, 113, 83, -1,
      83, 113, 114, -1,
      83, 114, 81, -1,
      81, 114, 38, -1,
      81, 38, 42, -1,
      115, 116, 117, -1,
      46, 118, 119, -1,
      95, 118, 46, -1,
      117, 116, 46, -1,
      120, 46, 116, -1,
      120, 116, 121, -1,
      121, 116, 115, -1,
      121, 115, 122, -1,
      123, 46, 120, -1,
      124, 119, 125, -1,
      125, 119, 118, -1,
      125, 118, 126, -1,
      126, 118, 95, -1,
      126, 95, 97, -1,
      123, 120, 127, -1,
      127, 120, 121, -1,
      127, 121, 128, -1,
      128, 121, 122, -1,
      128, 122, 129, -1,
      130, 46, 123, -1,
      131, 124, 132, -1,
      132, 124, 125, -1,
      132, 125, 133, -1,
      133, 125, 126, -1,
      133, 126, 134, -1,
      134, 126, 97, -1,
      134, 97, 99, -1,
      130, 123, 135, -1,
      135, 123, 127, -1,
      135, 127, 136, -1,
      136, 127, 128, -1,
      136, 128, 137, -1,
      137, 128, 129, -1,
      137, 129, 138, -1,
      139, 131, 140, -1,
      140, 131, 132, -1,
      140, 132, 141, -1,
      141, 132, 133, -1,
      141, 133, 142, -1,
      142, 133, 134, -1,
      142, 134, 143, -1,
      143, 134, 99, -1,
      143, 99, 101, -1,
      144, 139, 145, -1,
      145, 139, 140, -1,
      145, 140, 146, -1,
      146, 140, 141, -1,
      146, 141, 147, -1,
      147, 141, 142, -1,
      147, 142, 148, -1,
      148, 142, 143, -1,
      148, 143, 149, -1,
      149, 143, 101, -1,
      149, 101, 103, -1,
      48, 144, 88, -1,
      88, 144, 145, -1,
      88, 145, 89, -1,
      89, 145, 146, -1,
      89, 146, 90, -1,
      90, 146, 147, -1,
      90, 147, 91, -1,
      91, 147, 148, -1,
      91, 148, 92, -1,
      92, 148, 149, -1,
      92, 149, 93, -1,
      93, 149, 103, -1,
      93, 103, 67, -1,
      48, 138, 144, -1,
      144, 138, 129, -1,
      144, 129, 139, -1,
      139, 129, 122, -1,
      139, 122, 131, -1,
      131, 122, 115, -1,
      131, 115, 124, -1,
      124, 115, 117, -1,
      124, 117, 119, -1,
      119, 117, 46, -1,
      114, 113, 150, -1,
      112, 111, 151, -1,
      110, 109, 152, -1,
      108, 107, 153, -1,
      106, 105, 154, -1,
      104, 69, 102, -1,
      105, 104, 154, -1,
      154, 104, 102, -1,
      154, 102, 155, -1,
      155, 102, 100, -1,
      155, 100, 156, -1,
      156, 100, 98, -1,
      156, 98, 157, -1,
      157, 98, 96, -1,
      157, 96, 158, -1,
      158, 96, 94, -1,
      158, 94, 44, -1,
      107, 106, 153, -1,
      153, 106, 154, -1,
      153, 154, 159, -1,
      159, 154, 155, -1,
      159, 155, 160, -1,
      160, 155, 156, -1,
      160, 156, 161, -1,
      161, 156, 157, -1,
      161, 157, 162, -1,
      162, 157, 158, -1,
      162, 158, 44, -1,
      109, 108, 152, -1,
      152, 108, 153, -1,
      152, 153, 163, -1,
      163, 153, 159, -1,
      163, 159, 164, -1,
      164, 159, 160, -1,
      164, 160, 165, -1,
      165, 160, 161, -1,
      165, 161, 166, -1,
      166, 161, 162, -1,
      166, 162, 44, -1,
      111, 110, 151, -1,
      151, 110, 152, -1,
      151, 152, 167, -1,
      167, 152, 163, -1,
      167, 163, 168, -1,
      168, 163, 164, -1,
      168, 164, 169, -1,
      169, 164, 165, -1,
      169, 165, 170, -1,
      170, 165, 166, -1,
      170, 166, 44, -1,
      113, 112, 150, -1,
      150, 112, 151, -1,
      150, 151, 171, -1,
      171, 151, 167, -1,
      171, 167, 172, -1,
      172, 167, 168, -1,
      172, 168, 173, -1,
      173, 168, 169, -1,
      173, 169, 174, -1,
      174, 169, 170, -1,
      174, 170, 44, -1,
      38, 114, 175, -1,
      175, 114, 150, -1,
      175, 150, 176, -1,
      176, 150, 171, -1,
      176, 171, 177, -1,
      177, 171, 172, -1,
      177, 172, 178, -1,
      178, 172, 173, -1,
      178, 173, 179, -1,
      179, 173, 174, -1,
      179, 174, 44, -1,
      48, 52, 180, -1,
      48, 180, 138, -1,
      138, 180, 181, -1,
      138, 181, 137, -1,
      137, 181, 182, -1,
      137, 182, 136, -1,
      136, 182, 183, -1,
      136, 183, 135, -1,
      135, 183, 184, -1,
      135, 184, 130, -1,
      130, 184, 45, -1,
      130, 45, 46, -1,
      43, 45, 185, -1,
      43, 185, 186, -1,
      186, 185, 187, -1,
      186, 187, 188, -1,
      188, 187, 189, -1,
      188, 189, 190, -1,
      190, 189, 191, -1,
      190, 191, 192, -1,
      192, 191, 193, -1,
      192, 193, 194, -1,
      194, 193, 65, -1,
      194, 65, 63, -1,
      35, 38, 175, -1,
      35, 175, 195, -1,
      195, 175, 176, -1,
      195, 176, 196, -1,
      196, 176, 177, -1,
      196, 177, 197, -1,
      197, 177, 178, -1,
      197, 178, 198, -1,
      198, 178, 179, -1,
      198, 179, 199, -1,
      199, 179, 44, -1,
      199, 44, 43, -1,
      200, 201, 202, -1,
      203, 204, 205, -1,
      206, 207, 208, -1,
      209, 210, 211, -1,
      212, 213, 214, -1,
      215, 65, 193, -1,
      213, 215, 214, -1,
      214, 215, 193, -1,
      214, 193, 216, -1,
      216, 193, 191, -1,
      216, 191, 217, -1,
      217, 191, 189, -1,
      217, 189, 218, -1,
      218, 189, 187, -1,
      218, 187, 219, -1,
      219, 187, 185, -1,
      219, 185, 45, -1,
      210, 212, 211, -1,
      211, 212, 214, -1,
      211, 214, 220, -1,
      220, 214, 216, -1,
      220, 216, 221, -1,
      221, 216, 217, -1,
      221, 217, 222, -1,
      222, 217, 218, -1,
      222, 218, 223, -1,
      223, 218, 219, -1,
      223, 219, 45, -1,
      207, 209, 208, -1,
      208, 209, 211, -1,
      208, 211, 224, -1,
      224, 211, 220, -1,
      224, 220, 225, -1,
      225, 220, 221, -1,
      225, 221, 226, -1,
      226, 221, 222, -1,
      226, 222, 227, -1,
      227, 222, 223, -1,
      227, 223, 45, -1,
      204, 206, 205, -1,
      205, 206, 208, -1,
      205, 208, 228, -1,
      228, 208, 224, -1,
      228, 224, 229, -1,
      229, 224, 225, -1,
      229, 225, 230, -1,
      230, 225, 226, -1,
      230, 226, 231, -1,
      231, 226, 227, -1,
      231, 227, 45, -1,
      201, 203, 202, -1,
      202, 203, 205, -1,
      202, 205, 232, -1,
      232, 205, 228, -1,
      232, 228, 233, -1,
      233, 228, 229, -1,
      233, 229, 234, -1,
      234, 229, 230, -1,
      234, 230, 235, -1,
      235, 230, 231, -1,
      235, 231, 45, -1,
      52, 200, 180, -1,
      180, 200, 202, -1,
      180, 202, 181, -1,
      181, 202, 232, -1,
      181, 232, 182, -1,
      182, 232, 233, -1,
      182, 233, 183, -1,
      183, 233, 234, -1,
      183, 234, 184, -1,
      184, 234, 235, -1,
      184, 235, 45, -1,
      236, 237, 238, -1,
      43, 239, 240, -1,
      186, 239, 43, -1,
      238, 237, 43, -1,
      241, 43, 237, -1,
      241, 237, 242, -1,
      242, 237, 236, -1,
      242, 236, 243, -1,
      244, 43, 241, -1,
      245, 240, 246, -1,
      246, 240, 239, -1,
      246, 239, 247, -1,
      247, 239, 186, -1,
      247, 186, 188, -1,
      244, 241, 248, -1,
      248, 241, 242, -1,
      248, 242, 249, -1,
      249, 242, 243, -1,
      249, 243, 250, -1,
      199, 43, 244, -1,
      251, 245, 252, -1,
      252, 245, 246, -1,
      252, 246, 253, -1,
      253, 246, 247, -1,
      253, 247, 254, -1,
      254, 247, 188, -1,
      254, 188, 190, -1,
      199, 244, 198, -1,
      198, 244, 248, -1,
      198, 248, 197, -1,
      197, 248, 249, -1,
      197, 249, 196, -1,
      196, 249, 250, -1,
      196, 250, 195, -1,
      255, 251, 256, -1,
      256, 251, 252, -1,
      256, 252, 257, -1,
      257, 252, 253, -1,
      257, 253, 258, -1,
      258, 253, 254, -1,
      258, 254, 259, -1,
      259, 254, 190, -1,
      259, 190, 192, -1,
      260, 255, 261, -1,
      261, 255, 256, -1,
      261, 256, 262, -1,
      262, 256, 257, -1,
      262, 257, 263, -1,
      263, 257, 258, -1,
      263, 258, 264, -1,
      264, 258, 259, -1,
      264, 259, 265, -1,
      265, 259, 192, -1,
      265, 192, 194, -1,
      35, 260, 266, -1,
      266, 260, 261, -1,
      266, 261, 267, -1,
      267, 261, 262, -1,
      267, 262, 268, -1,
      268, 262, 263, -1,
      268, 263, 269, -1,
      269, 263, 264, -1,
      269, 264, 270, -1,
      270, 264, 265, -1,
      270, 265, 271, -1,
      271, 265, 194, -1,
      271, 194, 63, -1,
      35, 195, 260, -1,
      260, 195, 250, -1,
      260, 250, 255, -1,
      255, 250, 243, -1,
      255, 243, 251, -1,
      251, 243, 236, -1,
      251, 236, 245, -1,
      245, 236, 238, -1,
      245, 238, 240, -1,
      240, 238, 43, -1,
      65, 215, 64, -1,
      64, 215, 272, -1,
      272, 215, 273, -1,
      273, 215, 213, -1,
      273, 213, 274, -1,
      274, 213, 212, -1,
      274, 212, 275, -1,
      275, 212, 210, -1,
      275, 210, 276, -1,
      276, 210, 209, -1,
      276, 209, 277, -1,
      277, 209, 207, -1,
      277, 207, 278, -1,
      278, 207, 206, -1,
      278, 206, 279, -1,
      279, 206, 204, -1,
      279, 204, 280, -1,
      280, 204, 203, -1,
      280, 203, 281, -1,
      281, 203, 201, -1,
      281, 201, 282, -1,
      282, 201, 200, -1,
      282, 200, 283, -1,
      283, 200, 52, -1,
      283, 52, 0, -1,
      2, 35, 284, -1,
      284, 35, 266, -1,
      284, 266, 285, -1,
      285, 266, 286, -1,
      286, 266, 267, -1,
      286, 267, 287, -1,
      287, 267, 288, -1,
      288, 267, 268, -1,
      288, 268, 289, -1,
      269, 290, 268, -1,
      268, 290, 291, -1,
      268, 291, 289, -1,
      292, 293, 270, -1,
      270, 293, 294, -1,
      270, 294, 269, -1,
      269, 294, 295, -1,
      269, 295, 290, -1,
      270, 271, 292, -1,
      292, 271, 63, -1,
      292, 63, 62, -1,
      2, 284, 0, -1,
      0, 284, 285, -1,
      0, 285, 283, -1,
      62, 64, 292, -1,
      292, 64, 272, -1,
      292, 272, 293, -1,
      293, 272, 273, -1,
      293, 273, 294, -1,
      294, 273, 274, -1,
      294, 274, 295, -1,
      295, 274, 275, -1,
      295, 275, 290, -1,
      290, 275, 276, -1,
      290, 276, 291, -1,
      291, 276, 277, -1,
      291, 277, 289, -1,
      289, 277, 278, -1,
      289, 278, 288, -1,
      288, 278, 279, -1,
      288, 279, 287, -1,
      287, 279, 280, -1,
      287, 280, 286, -1,
      286, 280, 281, -1,
      286, 281, 285, -1,
      285, 281, 282, -1,
      285, 282, 283, -1,
    ]
  }
}

Shape {
  appearance Appearance {
    material Material {
      diffuseColor 0.8314 0.8314 0.8196
      specularColor 0.6667 0.6667 0.6549
      ambientIntensity 0.2
      transparency 0.0000
      shininess 0.5
    }
  }
  geometry IndexedFaceSet {
    ccw TRUE
    solid FALSE
    coord DEF co Coordinate {
      point [
        7.578740 -1.909449 0.661417,
        7.578740 -1.909449 0.787402,
        7.500000 -1.909449 0.661417,
        7.500000 -1.909449 0.787402,
        7.578740 -1.889764 0.661417,
        7.500000 -1.889764 0.661417,
        7.578740 -1.889764 0.590551,
        7.500000 -1.889764 0.590551,
        7.578740 -1.909449 0.590551,
        7.500000 -1.909449 0.590551,
        7.578740 -1.909449 0.531496,
        7.500000 -1.909449 0.531496,
        7.578740 -1.889764 0.531496,
        7.500000 -1.889764 0.531496,
        7.578740 -1.889764 0.413386,
        7.500000 -1.889764 0.413386,
        7.578740 -1.909449 0.413386,
        7.500000 -1.909449 0.413386,
        7.578740 -1.909449 0.354331,
        7.500000 -1.909449 0.354331,
        7.578740 -1.889764 0.354331,
        7.500000 -1.889764 0.354331,
        7.578740 -1.889764 0.349870,
        7.500000 -1.889764 0.349870,
        7.578740 -2.086614 0.118110,
        7.500000 -2.086614 0.118110,
        7.578740 -2.374016 0.118110,
        7.500000 -2.374016 0.118110,
        7.500000 -2.381148 0.117171,
        7.578740 -2.381148 0.117171,
        7.500000 -2.387795 0.114418,
        7.578740 -2.387795 0.114418,
        7.500000 -2.393503 0.110038,
        7.578740 -2.393503 0.110038,
        7.500000 -2.397883 0.104331,
        7.578740 -2.397883 0.104331,
        7.500000 -2.400636 0.097684,
        7.578740 -2.400636 0.097684,
        7.500000 -2.401575 0.090551,
        7.578740 -2.401575 0.090551,
        7.578740 -2.401575 0.027559,
        7.500000 -2.401575 0.027559,
        7.500000 -2.400636 0.020426,
        7.578740 -2.400636 0.020426,
        7.500000 -2.397883 0.013780,
        7.578740 -2.397883 0.013780,
        7.500000 -2.393503 0.008072,
        7.578740 -2.393503 0.008072,
        7.500000 -2.387795 0.003692,
        7.578740 -2.387795 0.003692,
        7.500000 -2.381148 0.000939,
        7.578740 -2.381148 0.000939,
        7.500000 -2.374016 0.000000,
        7.578740 -2.374016 0.000000,
        7.578740 -2.204724 0.000000,
        7.500000 -2.204724 0.000000,
        7.578740 -2.184660 0.023622,
        7.500000 -2.184660 0.023622,
        7.578740 -1.909449 0.023622,
        7.500000 -1.909449 0.023622,
        7.578740 -1.909449 0.118110,
        7.500000 -1.909449 0.118110,
        7.578740 -1.594488 0.118110,
        7.500000 -1.594488 0.118110,
        7.578740 -0.898306 0.213933,
        7.500000 -0.898306 0.213933,
        7.578740 -0.843188 0.202053,
        7.500000 -0.843188 0.202053,
        7.500000 -0.833121 0.201209,
        7.578740 -0.833121 0.201209,
        7.500000 -0.823172 0.202954,
        7.578740 -0.823172 0.202954,
        7.500000 -0.813993 0.207174,
        7.578740 -0.813993 0.207174,
        7.500000 -0.806191 0.213591,
        7.578740 -0.806191 0.213591,
        7.500000 -0.800278 0.221782,
        7.578740 -0.800278 0.221782,
        7.500000 -0.796645 0.231208,
        7.578740 -0.796645 0.231208,
        7.500000 -0.795529 0.241248,
        7.578740 -0.795529 0.241248,
        7.500000 -0.797006 0.251241,
        7.578740 -0.797006 0.251241,
        7.500000 -0.800976 0.260530,
        7.578740 -0.800976 0.260530,
        7.500000 -0.807180 0.268503,
        7.578740 -0.807180 0.268503,
        7.500000 -0.815208 0.274635,
        7.578740 -0.815208 0.274635,
        7.578740 -0.905512 0.326772,
        7.500000 -0.905512 0.326772,
        7.578740 -0.905512 0.267717,
        7.500000 -0.905512 0.267717,
        7.578740 -0.906183 0.262622,
        7.500000 -0.906183 0.262622,
        7.578740 -0.908149 0.257874,
        7.500000 -0.908149 0.257874,
        7.578740 -0.911278 0.253797,
        7.500000 -0.911278 0.253797,
        7.578740 -0.915354 0.250669,
        7.500000 -0.915354 0.250669,
        7.578740 -0.920102 0.248702,
        7.500000 -0.920102 0.248702,
        7.578740 -0.925197 0.248031,
        7.500000 -0.925197 0.248031,
        7.578740 -1.535433 0.248031,
        7.500000 -1.535433 0.248031,
        7.578740 -1.570476 0.251980,
        7.500000 -1.570476 0.251980,
        7.578740 -1.603761 0.263627,
        7.500000 -1.603761 0.263627,
        7.578740 -1.633620 0.282389,
        7.500000 -1.633620 0.282389,
        7.578740 -1.658556 0.307324,
        7.500000 -1.658556 0.307324,
        7.578740 -1.677318 0.337184,
        7.500000 -1.677318 0.337184,
        7.578740 -1.688965 0.370469,
        7.500000 -1.688965 0.370469,
        7.578740 -1.692913 0.405512,
        7.500000 -1.692913 0.405512,
        7.578740 -1.692913 0.484252,
        7.500000 -1.692913 0.484252,
        7.578740 -1.690230 0.504631,
        7.500000 -1.690230 0.504631,
        7.578740 -1.682364 0.523622,
        7.500000 -1.682364 0.523622,
        7.578740 -1.669851 0.539930,
        7.500000 -1.669851 0.539930,
        7.578740 -1.653543 0.552443,
        7.500000 -1.653543 0.552443,
        7.578740 -1.634553 0.560309,
        7.500000 -1.634553 0.560309,
        7.578740 -1.614173 0.562992,
        7.500000 -1.614173 0.562992,
        7.578740 -0.964567 0.562992,
        7.500000 -0.964567 0.562992,
        7.500000 -0.951830 0.564669,
        7.578740 -0.951830 0.564669,
        7.500000 -0.939961 0.569585,
        7.578740 -0.939961 0.569585,
        7.500000 -0.929769 0.577406,
        7.578740 -0.929769 0.577406,
        7.500000 -0.921948 0.587598,
        7.578740 -0.921948 0.587598,
        7.500000 -0.917031 0.599468,
        7.578740 -0.917031 0.599468,
        7.500000 -0.915354 0.612205,
        7.578740 -0.915354 0.612205,
        7.500000 -0.917031 0.624942,
        7.578740 -0.917031 0.624942,
        7.500000 -0.921948 0.636811,
        7.578740 -0.921948 0.636811,
        7.500000 -0.929769 0.647003,
        7.578740 -0.929769 0.647003,
        7.500000 -0.939961 0.654824,
        7.578740 -0.939961 0.654824,
        7.500000 -0.951830 0.659741,
        7.578740 -0.951830 0.659741,
        7.500000 -0.964567 0.661417,
        7.578740 -0.964567 0.661417,
        7.578740 -1.811024 0.661417,
        7.500000 -1.811024 0.661417,
        7.578740 -1.811024 0.787402,
        7.500000 -1.811024 0.787402,
        5.807087 -1.909449 0.661417,
        5.807087 -1.909449 0.787402,
        5.728346 -1.909449 0.661417,
        5.728346 -1.909449 0.787402,
        5.807087 -1.889764 0.661417,
        5.728346 -1.889764 0.661417,
        5.807087 -1.889764 0.590551,
        5.728346 -1.889764 0.590551,
        5.807087 -1.909449 0.590551,
        5.728346 -1.909449 0.590551,
        5.807087 -1.909449 0.531496,
        5.728346 -1.909449 0.531496,
        5.807087 -1.889764 0.531496,
        5.728346 -1.889764 0.531496,
        5.807087 -1.889764 0.413386,
        5.728346 -1.889764 0.413386,
        5.807087 -1.909449 0.413386,
        5.728346 -1.909449 0.413386,
        5.807087 -1.909449 0.354331,
        5.728346 -1.909449 0.354331,
        5.807087 -1.889764 0.354331,
        5.728346 -1.889764 0.354331,
        5.807087 -1.889764 0.349870,
        5.728346 -1.889764 0.349870,
        5.807087 -2.086614 0.118110,
        5.728346 -2.086614 0.118110,
        5.807087 -2.374016 0.118110,
        5.728346 -2.374016 0.118110,
        5.728346 -2.381148 0.117171,
        5.807087 -2.381148 0.117171,
        5.728346 -2.387795 0.114418,
        5.807087 -2.387795 0.114418,
        5.728346 -2.393503 0.110038,
        5.807087 -2.393503 0.110038,
        5.728346 -2.397883 0.104331,
        5.807087 -2.397883 0.104331,
        5.728346 -2.400636 0.097684,
        5.807087 -2.400636 0.097684,
        5.728346 -2.401575 0.090551,
        5.807087 -2.401575 0.090551,
        5.807087 -2.401575 0.027559,
        5.728346 -2.401575 0.027559,
        5.728346 -2.400636 0.020426,
        5.807087 -2.400636 0.020426,
        5.728346 -2.397883 0.013780,
        5.807087 -2.397883 0.013780,
        5.728346 -2.393503 0.008072,
        5.807087 -2.393503 0.008072,
        5.728346 -2.387795 0.003692,
        5.807087 -2.387795 0.003692,
        5.728346 -2.381148 0.000939,
        5.807087 -2.381148 0.000939,
        5.728346 -2.374016 0.000000,
        5.807087 -2.374016 0.000000,
        5.807087 -2.204724 0.000000,
        5.728346 -2.204724 0.000000,
        5.807087 -2.184660 0.023622,
        5.728346 -2.184660 0.023622,
        5.807087 -1.909449 0.023622,
        5.728346 -1.909449 0.023622,
        5.807087 -1.909449 0.118110,
        5.728346 -1.909449 0.118110,
        5.807087 -1.594488 0.118110,
        5.728346 -1.594488 0.118110,
        5.807087 -0.898306 0.213933,
        5.728346 -0.898306 0.213933,
        5.807087 -0.843188 0.202053,
        5.728346 -0.843188 0.202053,
        5.728346 -0.833121 0.201209,
        5.807087 -0.833121 0.201209,
        5.728346 -0.823172 0.202954,
        5.807087 -0.823172 0.202954,
        5.728346 -0.813993 0.207174,
        5.807087 -0.813993 0.207174,
        5.728346 -0.806191 0.213591,
        5.807087 -0.806191 0.213591,
        5.728346 -0.800278 0.221782,
        5.807087 -0.800278 0.221782,
        5.728346 -0.796645 0.231208,
        5.807087 -0.796645 0.231208,
        5.728346 -0.795529 0.241248,
        5.807087 -0.795529 0.241248,
        5.728346 -0.797006 0.251241,
        5.807087 -0.797006 0.251241,
        5.728346 -0.800976 0.260530,
        5.807087 -0.800976 0.260530,
        5.728346 -0.807180 0.268503,
        5.807087 -0.807180 0.268503,
        5.728346 -0.815208 0.274635,
        5.807087 -0.815208 0.274635,
        5.807087 -0.905512 0.326772,
        5.728346 -0.905512 0.326772,
        5.807087 -0.905512 0.267717,
        5.728346 -0.905512 0.267717,
        5.807087 -0.906183 0.262622,
        5.728346 -0.906183 0.262622,
        5.807087 -0.908149 0.257874,
        5.728346 -0.908149 0.257874,
        5.807087 -0.911278 0.253797,
        5.728346 -0.911278 0.253797,
        5.807087 -0.915354 0.250669,
        5.728346 -0.915354 0.250669,
        5.807087 -0.920102 0.248702,
        5.728346 -0.920102 0.248702,
        5.807087 -0.925197 0.248031,
        5.728346 -0.925197 0.248031,
        5.807087 -1.535433 0.248031,
        5.728346 -1.535433 0.248031,
        5.807087 -1.570476 0.251980,
        5.728346 -1.570476 0.251980,
        5.807087 -1.603761 0.263627,
        5.728346 -1.603761 0.263627,
        5.807087 -1.633620 0.282389,
        5.728346 -1.633620 0.282389,
        5.807087 -1.658556 0.307324,
        5.728346 -1.658556 0.307324,
        5.807087 -1.677318 0.337184,
        5.728346 -1.677318 0.337184,
        5.807087 -1.688965 0.370469,
        5.728346 -1.688965 0.370469,
        5.807087 -1.692913 0.405512,
        5.728346 -1.692913 0.405512,
        5.807087 -1.692913 0.484252,
        5.728346 -1.692913 0.484252,
        5.807087 -1.690230 0.504631,
        5.728346 -1.690230 0.504631,
        5.807087 -1.682364 0.523622,
        5.728346 -1.682364 0.523622,
        5.807087 -1.669851 0.539930,
        5.728346 -1.669851 0.539930,
        5.807087 -1.653543 0.552443,
        5.728346 -1.653543 0.552443,
        5.807087 -1.634553 0.560309,
        5.728346 -1.634553 0.560309,
        5.807087 -1.614173 0.562992,
        5.728346 -1.614173 0.562992,
        5.807087 -0.964567 0.562992,
        5.728346 -0.964567 0.562992,
        5.728346 -0.951830 0.564669,
        5.807087 -0.951830 0.564669,
        5.728346 -0.939961 0.569585,
        5.807087 -0.939961 0.569585,
        5.728346 -0.929769 0.577406,
        5.807087 -0.929769 0.577406,
        5.728346 -0.921948 0.587598,
        5.807087 -0.921948 0.587598,
        5.728346 -0.917031 0.599468,
        5.807087 -0.917031 0.599468,
        5.728346 -0.915354 0.612205,
        5.807087 -0.915354 0.612205,
        5.728346 -0.917031 0.624942,
        5.807087 -0.917031 0.624942,
        5.728346 -0.921948 0.636811,
        5.807087 -0.921948 0.636811,
        5.728346 -0.929769 0.647003,
        5.807087 -0.929769 0.647003,
        5.728346 -0.939961 0.654824,
        5.807087 -0.939961 0.654824,
        5.728346 -0.951830 0.659741,
        5.807087 -0.951830 0.659741,
        5.728346 -0.964567 0.661417,
        5.807087 -0.964567 0.661417,
        5.807087 -1.811024 0.661417,
        5.728346 -1.811024 0.661417,
        5.807087 -1.811024 0.787402,
        5.728346 -1.811024 0.787402,
        7.381890 -1.909449 0.661417,
        7.381890 -1.909449 0.787402,
        7.303149 -1.909449 0.661417,
        7.303149 -1.909449 0.787402,
        7.381890 -1.889764 0.661417,
        7.303149 -1.889764 0.661417,
        7.381890 -1.889764 0.590551,
        7.303149 -1.889764 0.590551,
        7.381890 -1.909449 0.590551,
        7.303149 -1.909449 0.590551,
        7.381890 -1.909449 0.531496,
        7.303149 -1.909449 0.531496,
        7.381890 -1.889764 0.531496,
        7.303149 -1.889764 0.531496,
        7.381890 -1.889764 0.413386,
        7.303149 -1.889764 0.413386,
        7.381890 -1.909449 0.413386,
        7.303149 -1.909449 0.413386,
        7.381890 -1.909449 0.354331,
        7.303149 -1.909449 0.354331,
        7.381890 -1.889764 0.354331,
        7.303149 -1.889764 0.354331,
        7.381890 -1.889764 0.349870,
        7.303149 -1.889764 0.349870,
        7.381890 -2.086614 0.118110,
        7.303149 -2.086614 0.118110,
        7.381890 -2.374016 0.118110,
        7.303149 -2.374016 0.118110,
        7.303149 -2.381148 0.117171,
        7.381890 -2.381148 0.117171,
        7.303149 -2.387795 0.114418,
        7.381890 -2.387795 0.114418,
        7.303149 -2.393503 0.110038,
        7.381890 -2.393503 0.110038,
        7.303149 -2.397883 0.104331,
        7.381890 -2.397883 0.104331,
        7.303149 -2.400636 0.097684,
        7.381890 -2.400636 0.097684,
        7.303149 -2.401575 0.090551,
        7.381890 -2.401575 0.090551,
        7.381890 -2.401575 0.027559,
        7.303149 -2.401575 0.027559,
        7.303149 -2.400636 0.020426,
        7.381890 -2.400636 0.020426,
        7.303149 -2.397883 0.013780,
        7.381890 -2.397883 0.013780,
        7.303149 -2.393503 0.008072,
        7.381890 -2.393503 0.008072,
        7.303149 -2.387795 0.003692,
        7.381890 -2.387795 0.003692,
        7.303149 -2.381148 0.000939,
        7.381890 -2.381148 0.000939,
        7.303149 -2.374016 0.000000,
        7.381890 -2.374016 0.000000,
        7.381890 -2.204724 0.000000,
        7.303149 -2.204724 0.000000,
        7.381890 -2.184660 0.023622,
        7.303149 -2.184660 0.023622,
        7.381890 -1.909449 0.023622,
        7.303149 -1.909449 0.023622,
        7.381890 -1.909449 0.118110,
        7.303149 -1.909449 0.118110,
        7.381890 -1.594488 0.118110,
        7.303149 -1.594488 0.118110,
        7.381890 -0.898306 0.213933,
        7.303149 -0.898306 0.213933,
        7.381890 -0.843188 0.202053,
        7.303149 -0.843188 0.202053,
        7.303149 -0.833121 0.201209,
        7.381890 -0.833121 0.201209,
        7.303149 -0.823172 0.202954,
        7.381890 -0.823172 0.202954,
        7.303149 -0.813993 0.207174,
        7.381890 -0.813993 0.207174,
        7.303149 -0.806191 0.213591,
        7.381890 -0.806191 0.213591,
        7.303149 -0.800278 0.221782,
        7.381890 -0.800278 0.221782,
        7.303149 -0.796645 0.231208,
        7.381890 -0.796645 0.231208,
        7.303149 -0.795529 0.241248,
        7.381890 -0.795529 0.241248,
        7.303149 -0.797006 0.251241,
        7.381890 -0.797006 0.251241,
        7.303149 -0.800976 0.260530,
        7.381890 -0.800976 0.260530,
        7.303149 -0.807180 0.268503,
        7.381890 -0.807180 0.268503,
        7.303149 -0.815208 0.274635,
        7.381890 -0.815208 0.274635,
        7.381890 -0.905512 0.326772,
        7.303149 -0.905512 0.326772,
        7.381890 -0.905512 0.267717,
        7.303149 -0.905512 0.267717,
        7.381890 -0.906183 0.262622,
        7.303149 -0.906183 0.262622,
        7.381890 -0.908149 0.257874,
        7.303149 -0.908149 0.257874,
        7.381890 -0.911278 0.253797,
        7.303149 -0.911278 0.253797,
        7.381890 -0.915354 0.250669,
        7.303149 -0.915354 0.250669,
        7.381890 -0.920102 0.248702,
        7.303149 -0.920102 0.248702,
        7.381890 -0.925197 0.248031,
        7.303149 -0.925197 0.248031,
        7.381890 -1.535433 0.248031,
        7.303149 -1.535433 0.248031,
        7.381890 -1.570476 0.251980,
        7.303149 -1.570476 0.251980,
        7.381890 -1.603761 0.263627,
        7.303149 -1.603761 0.263627,
        7.381890 -1.633620 0.282389,
        7.303149 -1.633620 0.282389,
        7.381890 -1.658556 0.307324,
        7.303149 -1.658556 0.307324,
        7.381890 -1.677318 0.337184,
        7.303149 -1.677318 0.337184,
        7.381890 -1.688965 0.370469,
        7.303149 -1.688965 0.370469,
        7.381890 -1.692913 0.405512,
        7.303149 -1.692913 0.405512,
        7.381890 -1.692913 0.484252,
        7.303149 -1.692913 0.484252,
        7.381890 -1.690230 0.504631,
        7.303149 -1.690230 0.504631,
        7.381890 -1.682364 0.523622,
        7.303149 -1.682364 0.523622,
        7.381890 -1.669851 0.539930,
        7.303149 -1.669851 0.539930,
        7.381890 -1.653543 0.552443,
        7.303149 -1.653543 0.552443,
        7.381890 -1.634553 0.560309,
        7.303149 -1.634553 0.560309,
        7.381890 -1.614173 0.562992,
        7.303149 -1.614173 0.562992,
        7.381890 -0.964567 0.562992,
        7.303149 -0.964567 0.562992,
        7.303149 -0.951830 0.564669,
        7.381890 -0.951830 0.564669,
        7.303149 -0.939961 0.569585,
        7.381890 -0.939961 0.569585,
        7.303149 -0.929769 0.577406,
        7.381890 -0.929769 0.577406,
        7.303149 -0.921948 0.587598,
        7.381890 -0.921948 0.587598,
        7.303149 -0.917031 0.599468,
        7.381890 -0.917031 0.599468,
        7.303149 -0.915354 0.612205,
        7.381890 -0.915354 0.612205,
        7.303149 -0.917031 0.624942,
        7.381890 -0.917031 0.624942,
        7.303149 -0.921948 0.636811,
        7.381890 -0.921948 0.636811,
        7.303149 -0.929769 0.647003,
        7.381890 -0.929769 0.647003,
        7.303149 -0.939961 0.654824,
        7.381890 -0.939961 0.654824,
        7.303149 -0.951830 0.659741,
        7.381890 -0.951830 0.659741,
        7.303149 -0.964567 0.661417,
        7.381890 -0.964567 0.661417,
        7.381890 -1.811024 0.661417,
        7.303149 -1.811024 0.661417,
        7.381890 -1.811024 0.787402,
        7.303149 -1.811024 0.787402,
        4.429134 -1.909449 0.661417,
        4.429134 -1.909449 0.787402,
        4.350394 -1.909449 0.661417,
        4.350394 -1.909449 0.787402,
        4.429134 -1.889764 0.661417,
        4.350394 -1.889764 0.661417,
        4.429134 -1.889764 0.590551,
        4.350394 -1.889764 0.590551,
        4.429134 -1.909449 0.590551,
        4.350394 -1.909449 0.590551,
        4.429134 -1.909449 0.531496,
        4.350394 -1.909449 0.531496,
        4.429134 -1.889764 0.531496,
        4.350394 -1.889764 0.531496,
        4.429134 -1.889764 0.413386,
        4.350394 -1.889764 0.413386,
        4.429134 -1.909449 0.413386,
        4.350394 -1.909449 0.413386,
        4.429134 -1.909449 0.354331,
        4.350394 -1.909449 0.354331,
        4.429134 -1.889764 0.354331,
        4.350394 -1.889764 0.354331,
        4.429134 -1.889764 0.349870,
        4.350394 -1.889764 0.349870,
        4.429134 -2.086614 0.118110,
        4.350394 -2.086614 0.118110,
        4.429134 -2.374016 0.118110,
        4.350394 -2.374016 0.118110,
        4.350394 -2.381148 0.117171,
        4.429134 -2.381148 0.117171,
        4.350394 -2.387795 0.114418,
        4.429134 -2.387795 0.114418,
        4.350394 -2.393503 0.110038,
        4.429134 -2.393503 0.110038,
        4.350394 -2.397883 0.104331,
        4.429134 -2.397883 0.104331,
        4.350394 -2.400636 0.097684,
        4.429134 -2.400636 0.097684,
        4.350394 -2.401575 0.090551,
        4.429134 -2.401575 0.090551,
        4.429134 -2.401575 0.027559,
        4.350394 -2.401575 0.027559,
        4.350394 -2.400636 0.020426,
        4.429134 -2.400636 0.020426,
        4.350394 -2.397883 0.013780,
        4.429134 -2.397883 0.013780,
        4.350394 -2.393503 0.008072,
        4.429134 -2.393503 0.008072,
        4.350394 -2.387795 0.003692,
        4.429134 -2.387795 0.003692,
        4.350394 -2.381148 0.000939,
        4.429134 -2.381148 0.000939,
        4.350394 -2.374016 0.000000,
        4.429134 -2.374016 0.000000,
        4.429134 -2.204724 0.000000,
        4.350394 -2.204724 0.000000,
        4.429134 -2.184660 0.023622,
        4.350394 -2.184660 0.023622,
        4.429134 -1.909449 0.023622,
        4.350394 -1.909449 0.023622,
        4.429134 -1.909449 0.118110,
        4.350394 -1.909449 0.118110,
        4.429134 -1.594488 0.118110,
        4.350394 -1.594488 0.118110,
        4.429134 -0.898306 0.213933,
        4.350394 -0.898306 0.213933,
        4.429134 -0.843188 0.202053,
        4.350394 -0.843188 0.202053,
        4.350394 -0.833121 0.201209,
        4.429134 -0.833121 0.201209,
        4.350394 -0.823172 0.202954,
        4.429134 -0.823172 0.202954,
        4.350394 -0.813993 0.207174,
        4.429134 -0.813993 0.207174,
        4.350394 -0.806191 0.213591,
        4.429134 -0.806191 0.213591,
        4.350394 -0.800278 0.221782,
        4.429134 -0.800278 0.221782,
        4.350394 -0.796645 0.231208,
        4.429134 -0.796645 0.231208,
        4.350394 -0.795529 0.241248,
        4.429134 -0.795529 0.241248,
        4.350394 -0.797006 0.251241,
        4.429134 -0.797006 0.251241,
        4.350394 -0.800976 0.260530,
        4.429134 -0.800976 0.260530,
        4.350394 -0.807180 0.268503,
        4.429134 -0.807180 0.268503,
        4.350394 -0.815208 0.274635,
        4.429134 -0.815208 0.274635,
        4.429134 -0.905512 0.326772,
        4.350394 -0.905512 0.326772,
        4.429134 -0.905512 0.267717,
        4.350394 -0.905512 0.267717,
        4.429134 -0.906183 0.262622,
        4.350394 -0.906183 0.262622,
        4.429134 -0.908149 0.257874,
        4.350394 -0.908149 0.257874,
        4.429134 -0.911278 0.253797,
        4.350394 -0.911278 0.253797,
        4.429134 -0.915354 0.250669,
        4.350394 -0.915354 0.250669,
        4.429134 -0.920102 0.248702,
        4.350394 -0.920102 0.248702,
        4.429134 -0.925197 0.248031,
        4.350394 -0.925197 0.248031,
        4.429134 -1.535433 0.248031,
        4.350394 -1.535433 0.248031,
        4.429134 -1.570476 0.251980,
        4.350394 -1.570476 0.251980,
        4.429134 -1.603761 0.263627,
        4.350394 -1.603761 0.263627,
        4.429134 -1.633620 0.282389,
        4.350394 -1.633620 0.282389,
        4.429134 -1.658556 0.307324,
        4.350394 -1.658556 0.307324,
        4.429134 -1.677318 0.337184,
        4.350394 -1.677318 0.337184,
        4.429134 -1.688965 0.370469,
        4.350394 -1.688965 0.370469,
        4.429134 -1.692913 0.405512,
        4.350394 -1.692913 0.405512,
        4.429134 -1.692913 0.484252,
        4.350394 -1.692913 0.484252,
        4.429134 -1.690230 0.504631,
        4.350394 -1.690230 0.504631,
        4.429134 -1.682364 0.523622,
        4.350394 -1.682364 0.523622,
        4.429134 -1.669851 0.539930,
        4.350394 -1.669851 0.539930,
        4.429134 -1.653543 0.552443,
        4.350394 -1.653543 0.552443,
        4.429134 -1.634553 0.560309,
        4.350394 -1.634553 0.560309,
        4.429134 -1.614173 0.562992,
        4.350394 -1.614173 0.562992,
        4.429134 -0.964567 0.562992,
        4.350394 -0.964567 0.562992,
        4.350394 -0.951830 0.564669,
        4.429134 -0.951830 0.564669,
        4.350394 -0.939961 0.569585,
        4.429134 -0.939961 0.569585,
        4.350394 -0.929769 0.577406,
        4.429134 -0.929769 0.577406,
        4.350394 -0.921948 0.587598,
        4.429134 -0.921948 0.587598,
        4.350394 -0.917031 0.599468,
        4.429134 -0.917031 0.599468,
        4.350394 -0.915354 0.612205,
        4.429134 -0.915354 0.612205,
        4.350394 -0.917031 0.624942,
        4.429134 -0.917031 0.624942,
        4.350394 -0.921948 0.636811,
        4.429134 -0.921948 0.636811,
        4.350394 -0.929769 0.647003,
        4.429134 -0.929769 0.647003,
        4.350394 -0.939961 0.654824,
        4.429134 -0.939961 0.654824,
        4.350394 -0.951830 0.659741,
        4.429134 -0.951830 0.659741,
        4.350394 -0.964567 0.661417,
        4.429134 -0.964567 0.661417,
        4.429134 -1.811024 0.661417,
        4.350394 -1.811024 0.661417,
        4.429134 -1.811024 0.787402,
        4.350394 -1.811024 0.787402,
        5.610236 -1.909449 0.661417,
        5.610236 -1.909449 0.787402,
        5.531496 -1.909449 0.661417,
        5.531496 -1.909449 0.787402,
        5.610236 -1.889764 0.661417,
        5.531496 -1.889764 0.661417,
        5.610236 -1.889764 0.590551,
        5.531496 -1.889764 0.590551,
        5.610236 -1.909449 0.590551,
        5.531496 -1.909449 0.590551,
        5.610236 -1.909449 0.531496,
        5.531496 -1.909449 0.531496,
        5.610236 -1.889764 0.531496,
        5.531496 -1.889764 0.531496,
        5.610236 -1.889764 0.413386,
        5.531496 -1.889764 0.413386,
        5.610236 -1.909449 0.413386,
        5.531496 -1.909449 0.413386,
        5.610236 -1.909449 0.354331,
        5.531496 -1.909449 0.354331,
        5.610236 -1.889764 0.354331,
        5.531496 -1.889764 0.354331,
        5.610236 -1.889764 0.349870,
        5.531496 -1.889764 0.349870,
        5.610236 -2.086614 0.118110,
        5.531496 -2.086614 0.118110,
        5.610236 -2.374016 0.118110,
        5.531496 -2.374016 0.118110,
        5.531496 -2.381148 0.117171,
        5.610236 -2.381148 0.117171,
        5.531496 -2.387795 0.114418,
        5.610236 -2.387795 0.114418,
        5.531496 -2.393503 0.110038,
        5.610236 -2.393503 0.110038,
        5.531496 -2.397883 0.104331,
        5.610236 -2.397883 0.104331,
        5.531496 -2.400636 0.097684,
        5.610236 -2.400636 0.097684,
        5.531496 -2.401575 0.090551,
        5.610236 -2.401575 0.090551,
        5.610236 -2.401575 0.027559,
        5.531496 -2.401575 0.027559,
        5.531496 -2.400636 0.020426,
        5.610236 -2.400636 0.020426,
        5.531496 -2.397883 0.013780,
        5.610236 -2.397883 0.013780,
        5.531496 -2.393503 0.008072,
        5.610236 -2.393503 0.008072,
        5.531496 -2.387795 0.003692,
        5.610236 -2.387795 0.003692,
        5.531496 -2.381148 0.000939,
        5.610236 -2.381148 0.000939,
        5.531496 -2.374016 0.000000,
        5.610236 -2.374016 0.000000,
        5.610236 -2.204724 0.000000,
        5.531496 -2.204724 0.000000,
        5.610236 -2.184660 0.023622,
        5.531496 -2.184660 0.023622,
        5.610236 -1.909449 0.023622,
        5.531496 -1.909449 0.023622,
        5.610236 -1.909449 0.118110,
        5.531496 -1.909449 0.118110,
        5.610236 -1.594488 0.118110,
        5.531496 -1.594488 0.118110,
        5.610236 -0.898306 0.213933,
        5.531496 -0.898306 0.213933,
        5.610236 -0.843188 0.202053,
        5.531496 -0.843188 0.202053,
        5.531496 -0.833121 0.201209,
        5.610236 -0.833121 0.201209,
        5.531496 -0.823172 0.202954,
        5.610236 -0.823172 0.202954,
        5.531496 -0.813993 0.207174,
        5.610236 -0.813993 0.207174,
        5.531496 -0.806191 0.213591,
        5.610236 -0.806191 0.213591,
        5.531496 -0.800278 0.221782,
        5.610236 -0.800278 0.221782,
        5.531496 -0.796645 0.231208,
        5.610236 -0.796645 0.231208,
        5.531496 -0.795529 0.241248,
        5.610236 -0.795529 0.241248,
        5.531496 -0.797006 0.251241,
        5.610236 -0.797006 0.251241,
        5.531496 -0.800976 0.260530,
        5.610236 -0.800976 0.260530,
        5.531496 -0.807180 0.268503,
        5.610236 -0.807180 0.268503,
        5.531496 -0.815208 0.274635,
        5.610236 -0.815208 0.274635,
        5.610236 -0.905512 0.326772,
        5.531496 -0.905512 0.326772,
        5.610236 -0.905512 0.267717,
        5.531496 -0.905512 0.267717,
        5.610236 -0.906183 0.262622,
        5.531496 -0.906183 0.262622,
        5.610236 -0.908149 0.257874,
        5.531496 -0.908149 0.257874,
        5.610236 -0.911278 0.253797,
        5.531496 -0.911278 0.253797,
        5.610236 -0.915354 0.250669,
        5.531496 -0.915354 0.250669,
        5.610236 -0.920102 0.248702,
        5.531496 -0.920102 0.248702,
        5.610236 -0.925197 0.248031,
        5.531496 -0.925197 0.248031,
        5.610236 -1.535433 0.248031,
        5.531496 -1.535433 0.248031,
        5.610236 -1.570476 0.251980,
        5.531496 -1.570476 0.251980,
        5.610236 -1.603761 0.263627,
        5.531496 -1.603761 0.263627,
        5.610236 -1.633620 0.282389,
        5.531496 -1.633620 0.282389,
        5.610236 -1.658556 0.307324,
        5.531496 -1.658556 0.307324,
        5.610236 -1.677318 0.337184,
        5.531496 -1.677318 0.337184,
        5.610236 -1.688965 0.370469,
        5.531496 -1.688965 0.370469,
        5.610236 -1.692913 0.405512,
        5.531496 -1.692913 0.405512,
        5.610236 -1.692913 0.484252,
        5.531496 -1.692913 0.484252,
        5.610236 -1.690230 0.504631,
        5.531496 -1.690230 0.504631,
        5.610236 -1.682364 0.523622,
        5.531496 -1.682364 0.523622,
        5.610236 -1.669851 0.539930,
        5.531496 -1.669851 0.539930,
        5.610236 -1.653543 0.552443,
        5.531496 -1.653543 0.552443,
        5.610236 -1.634553 0.560309,
        5.531496 -1.634553 0.560309,
        5.610236 -1.614173 0.562992,
        5.531496 -1.614173 0.562992,
        5.610236 -0.964567 0.562992,
        5.531496 -0.964567 0.562992,
        5.531496 -0.951830 0.564669,
        5.610236 -0.951830 0.564669,
        5.531496 -0.939961 0.569585,
        5.610236 -0.939961 0.569585,
        5.531496 -0.929769 0.577406,
        5.610236 -0.929769 0.577406,
        5.531496 -0.921948 0.587598,
        5.610236 -0.921948 0.587598,
        5.531496 -0.917031 0.599468,
        5.610236 -0.917031 0.599468,
        5.531496 -0.915354 0.612205,
        5.610236 -0.915354 0.612205,
        5.531496 -0.917031 0.624942,
        5.610236 -0.917031 0.624942,
        5.531496 -0.921948 0.636811,
        5.610236 -0.921948 0.636811,
        5.531496 -0.929769 0.647003,
        5.610236 -0.929769 0.647003,
        5.531496 -0.939961 0.654824,
        5.610236 -0.939961 0.654824,
        5.531496 -0.951830 0.659741,
        5.610236 -0.951830 0.659741,
        5.531496 -0.964567 0.661417,
        5.610236 -0.964567 0.661417,
        5.610236 -1.811024 0.661417,
        5.531496 -1.811024 0.661417,
        5.610236 -1.811024 0.787402,
        5.531496 -1.811024 0.787402,
        7.185039 -1.909449 0.661417,
        7.185039 -1.909449 0.787402,
        7.106299 -1.909449 0.661417,
        7.106299 -1.909449 0.787402,
        7.185039 -1.889764 0.661417,
        7.106299 -1.889764 0.661417,
        7.185039 -1.889764 0.590551,
        7.106299 -1.889764 0.590551,
        7.185039 -1.909449 0.590551,
        7.106299 -1.909449 0.590551,
        7.185039 -1.909449 0.531496,
        7.106299 -1.909449 0.531496,
        7.185039 -1.889764 0.531496,
        7.106299 -1.889764 0.531496,
        7.185039 -1.889764 0.413386,
        7.106299 -1.889764 0.413386,
        7.185039 -1.909449 0.413386,
        7.106299 -1.909449 0.413386,
        7.185039 -1.909449 0.354331,
        7.106299 -1.909449 0.354331,
        7.185039 -1.889764 0.354331,
        7.106299 -1.889764 0.354331,
        7.185039 -1.889764 0.349870,
        7.106299 -1.889764 0.349870,
        7.185039 -2.086614 0.118110,
        7.106299 -2.086614 0.118110,
        7.185039 -2.374016 0.118110,
        7.106299 -2.374016 0.118110,
        7.106299 -2.381148 0.117171,
        7.185039 -2.381148 0.117171,
        7.106299 -2.387795 0.114418,
        7.185039 -2.387795 0.114418,
        7.106299 -2.393503 0.110038,
        7.185039 -2.393503 0.110038,
        7.106299 -2.397883 0.104331,
        7.185039 -2.397883 0.104331,
        7.106299 -2.400636 0.097684,
        7.185039 -2.400636 0.097684,
        7.106299 -2.401575 0.090551,
        7.185039 -2.401575 0.090551,
        7.185039 -2.401575 0.027559,
        7.106299 -2.401575 0.027559,
        7.106299 -2.400636 0.020426,
        7.185039 -2.400636 0.020426,
        7.106299 -2.397883 0.013780,
        7.185039 -2.397883 0.013780,
        7.106299 -2.393503 0.008072,
        7.185039 -2.393503 0.008072,
        7.106299 -2.387795 0.003692,
        7.185039 -2.387795 0.003692,
        7.106299 -2.381148 0.000939,
        7.185039 -2.381148 0.000939,
        7.106299 -2.374016 0.000000,
        7.185039 -2.374016 0.000000,
        7.185039 -2.204724 0.000000,
        7.106299 -2.204724 0.000000,
        7.185039 -2.184660 0.023622,
        7.106299 -2.184660 0.023622,
        7.185039 -1.909449 0.023622,
        7.106299 -1.909449 0.023622,
        7.185039 -1.909449 0.118110,
        7.106299 -1.909449 0.118110,
        7.185039 -1.594488 0.118110,
        7.106299 -1.594488 0.118110,
        7.185039 -0.898306 0.213933,
        7.106299 -0.898306 0.213933,
        7.185039 -0.843188 0.202053,
        7.106299 -0.843188 0.202053,
        7.106299 -0.833121 0.201209,
        7.185039 -0.833121 0.201209,
        7.106299 -0.823172 0.202954,
        7.185039 -0.823172 0.202954,
        7.106299 -0.813993 0.207174,
        7.185039 -0.813993 0.207174,
        7.106299 -0.806191 0.213591,
        7.185039 -0.806191 0.213591,
        7.106299 -0.800278 0.221782,
        7.185039 -0.800278 0.221782,
        7.106299 -0.796645 0.231208,
        7.185039 -0.796645 0.231208,
        7.106299 -0.795529 0.241248,
        7.185039 -0.795529 0.241248,
        7.106299 -0.797006 0.251241,
        7.185039 -0.797006 0.251241,
        7.106299 -0.800976 0.260530,
        7.185039 -0.800976 0.260530,
        7.106299 -0.807180 0.268503,
        7.185039 -0.807180 0.268503,
        7.106299 -0.815208 0.274635,
        7.185039 -0.815208 0.274635,
        7.185039 -0.905512 0.326772,
        7.106299 -0.905512 0.326772,
        7.185039 -0.905512 0.267717,
        7.106299 -0.905512 0.267717,
        7.185039 -0.906183 0.262622,
        7.106299 -0.906183 0.262622,
        7.185039 -0.908149 0.257874,
        7.106299 -0.908149 0.257874,
        7.185039 -0.911278 0.253797,
        7.106299 -0.911278 0.253797,
        7.185039 -0.915354 0.250669,
        7.106299 -0.915354 0.250669,
        7.185039 -0.920102 0.248702,
        7.106299 -0.920102 0.248702,
        7.185039 -0.925197 0.248031,
        7.106299 -0.925197 0.248031,
        7.185039 -1.535433 0.248031,
        7.106299 -1.535433 0.248031,
        7.185039 -1.570476 0.251980,
        7.106299 -1.570476 0.251980,
        7.185039 -1.603761 0.263627,
        7.106299 -1.603761 0.263627,
        7.185039 -1.633620 0.282389,
        7.106299 -1.633620 0.282389,
        7.185039 -1.658556 0.307324,
        7.106299 -1.658556 0.307324,
        7.185039 -1.677318 0.337184,
        7.106299 -1.677318 0.337184,
        7.185039 -1.688965 0.370469,
        7.106299 -1.688965 0.370469,
        7.185039 -1.692913 0.405512,
        7.106299 -1.692913 0.405512,
        7.185039 -1.692913 0.484252,
        7.106299 -1.692913 0.484252,
        7.185039 -1.690230 0.504631,
        7.106299 -1.690230 0.504631,
        7.185039 -1.682364 0.523622,
        7.106299 -1.682364 0.523622,
        7.185039 -1.669851 0.539930,
        7.106299 -1.669851 0.539930,
        7.185039 -1.653543 0.552443,
        7.106299 -1.653543 0.552443,
        7.185039 -1.634553 0.560309,
        7.106299 -1.634553 0.560309,
        7.185039 -1.614173 0.562992,
        7.106299 -1.614173 0.562992,
        7.185039 -0.964567 0.562992,
        7.106299 -0.964567 0.562992,
        7.106299 -0.951830 0.564669,
        7.185039 -0.951830 0.564669,
        7.106299 -0.939961 0.569585,
        7.185039 -0.939961 0.569585,
        7.106299 -0.929769 0.577406,
        7.185039 -0.929769 0.577406,
        7.106299 -0.921948 0.587598,
        7.185039 -0.921948 0.587598,
        7.106299 -0.917031 0.599468,
        7.185039 -0.917031 0.599468,
        7.106299 -0.915354 0.612205,
        7.185039 -0.915354 0.612205,
        7.106299 -0.917031 0.624942,
        7.185039 -0.917031 0.624942,
        7.106299 -0.921948 0.636811,
        7.185039 -0.921948 0.636811,
        7.106299 -0.929769 0.647003,
        7.185039 -0.929769 0.647003,
        7.106299 -0.939961 0.654824,
        7.185039 -0.939961 0.654824,
        7.106299 -0.951830 0.659741,
        7.185039 -0.951830 0.659741,
        7.106299 -0.964567 0.661417,
        7.185039 -0.964567 0.661417,
        7.185039 -1.811024 0.661417,
        7.106299 -1.811024 0.661417,
        7.185039 -1.811024 0.787402,
        7.106299 -1.811024 0.787402,
        5.413386 -1.909449 0.661417,
        5.413386 -1.909449 0.787402,
        5.334646 -1.909449 0.661417,
        5.334646 -1.909449 0.787402,
        5.413386 -1.889764 0.661417,
        5.334646 -1.889764 0.661417,
        5.413386 -1.889764 0.590551,
        5.334646 -1.889764 0.590551,
        5.413386 -1.909449 0.590551,
        5.334646 -1.909449 0.590551,
        5.413386 -1.909449 0.531496,
        5.334646 -1.909449 0.531496,
        5.413386 -1.889764 0.531496,
        5.334646 -1.889764 0.531496,
        5.413386 -1.889764 0.413386,
        5.334646 -1.889764 0.413386,
        5.413386 -1.909449 0.413386,
        5.334646 -1.909449 0.413386,
        5.413386 -1.909449 0.354331,
        5.334646 -1.909449 0.354331,
        5.413386 -1.889764 0.354331,
        5.334646 -1.889764 0.354331,
        5.413386 -1.889764 0.349870,
        5.334646 -1.889764 0.349870,
        5.413386 -2.086614 0.118110,
        5.334646 -2.086614 0.118110,
        5.413386 -2.374016 0.118110,
        5.334646 -2.374016 0.118110,
        5.334646 -2.381148 0.117171,
        5.413386 -2.381148 0.117171,
        5.334646 -2.387795 0.114418,
        5.413386 -2.387795 0.114418,
        5.334646 -2.393503 0.110038,
        5.413386 -2.393503 0.110038,
        5.334646 -2.397883 0.104331,
        5.413386 -2.397883 0.104331,
        5.334646 -2.400636 0.097684,
        5.413386 -2.400636 0.097684,
        5.334646 -2.401575 0.090551,
        5.413386 -2.401575 0.090551,
        5.413386 -2.401575 0.027559,
        5.334646 -2.401575 0.027559,
        5.334646 -2.400636 0.020426,
        5.413386 -2.400636 0.020426,
        5.334646 -2.397883 0.013780,
        5.413386 -2.397883 0.013780,
        5.334646 -2.393503 0.008072,
        5.413386 -2.393503 0.008072,
        5.334646 -2.387795 0.003692,
        5.413386 -2.387795 0.003692,
        5.334646 -2.381148 0.000939,
        5.413386 -2.381148 0.000939,
        5.334646 -2.374016 0.000000,
        5.413386 -2.374016 0.000000,
        5.413386 -2.204724 0.000000,
        5.334646 -2.204724 0.000000,
        5.413386 -2.184660 0.023622,
        5.334646 -2.184660 0.023622,
        5.413386 -1.909449 0.023622,
        5.334646 -1.909449 0.023622,
        5.413386 -1.909449 0.118110,
        5.334646 -1.909449 0.118110,
        5.413386 -1.594488 0.118110,
        5.334646 -1.594488 0.118110,
        5.413386 -0.898306 0.213933,
        5.334646 -0.898306 0.213933,
        5.413386 -0.843188 0.202053,
        5.334646 -0.843188 0.202053,
        5.334646 -0.833121 0.201209,
        5.413386 -0.833121 0.201209,
        5.334646 -0.823172 0.202954,
        5.413386 -0.823172 0.202954,
        5.334646 -0.813993 0.207174,
        5.413386 -0.813993 0.207174,
        5.334646 -0.806191 0.213591,
        5.413386 -0.806191 0.213591,
        5.334646 -0.800278 0.221782,
        5.413386 -0.800278 0.221782,
        5.334646 -0.796645 0.231208,
        5.413386 -0.796645 0.231208,
        5.334646 -0.795529 0.241248,
        5.413386 -0.795529 0.241248,
        5.334646 -0.797006 0.251241,
        5.413386 -0.797006 0.251241,
        5.334646 -0.800976 0.260530,
        5.413386 -0.800976 0.260530,
        5.334646 -0.807180 0.268503,
        5.413386 -0.807180 0.268503,
        5.334646 -0.815208 0.274635,
        5.413386 -0.815208 0.274635,
        5.413386 -0.905512 0.326772,
        5.334646 -0.905512 0.326772,
        5.413386 -0.905512 0.267717,
        5.334646 -0.905512 0.267717,
        5.413386 -0.906183 0.262622,
        5.334646 -0.906183 0.262622,
        5.413386 -0.908149 0.257874,
        5.334646 -0.908149 0.257874,
        5.413386 -0.911278 0.253797,
        5.334646 -0.911278 0.253797,
        5.413386 -0.915354 0.250669,
        5.334646 -0.915354 0.250669,
        5.413386 -0.920102 0.248702,
        5.334646 -0.920102 0.248702,
        5.413386 -0.925197 0.248031,
        5.334646 -0.925197 0.248031,
        5.413386 -1.535433 0.248031,
        5.334646 -1.535433 0.248031,
        5.413386 -1.570476 0.251980,
        5.334646 -1.570476 0.251980,
        5.413386 -1.603761 0.263627,
        5.334646 -1.603761 0.263627,
        5.413386 -1.633620 0.282389,
        5.334646 -1.633620 0.282389,
        5.413386 -1.658556 0.307324,
        5.334646 -1.658556 0.307324,
        5.413386 -1.677318 0.337184,
        5.334646 -1.677318 0.337184,
        5.413386 -1.688965 0.370469,
        5.334646 -1.688965 0.370469,
        5.413386 -1.692913 0.405512,
        5.334646 -1.692913 0.405512,
        5.413386 -1.692913 0.484252,
        5.334646 -1.692913 0.484252,
        5.413386 -1.690230 0.504631,
        5.334646 -1.690230 0.504631,
        5.413386 -1.682364 0.523622,
        5.334646 -1.682364 0.523622,
        5.413386 -1.669851 0.539930,
        5.334646 -1.669851 0.539930,
        5.413386 -1.653543 0.552443,
        5.334646 -1.653543 0.552443,
        5.413386 -1.634553 0.560309,
        5.334646 -1.634553 0.560309,
        5.413386 -1.614173 0.562992,
        5.334646 -1.614173 0.562992,
        5.413386 -0.964567 0.562992,
        5.334646 -0.964567 0.562992,
        5.334646 -0.951830 0.564669,
        5.413386 -0.951830 0.564669,
        5.334646 -0.939961 0.569585,
        5.413386 -0.939961 0.569585,
        5.334646 -0.929769 0.577406,
        5.413386 -0.929769 0.577406,
        5.334646 -0.921948 0.587598,
        5.413386 -0.921948 0.587598,
        5.334646 -0.917031 0.599468,
        5.413386 -0.917031 0.599468,
        5.334646 -0.915354 0.612205,
        5.413386 -0.915354 0.612205,
        5.334646 -0.917031 0.624942,
        5.413386 -0.917031 0.624942,
        5.334646 -0.921948 0.636811,
        5.413386 -0.921948 0.636811,
        5.334646 -0.929769 0.647003,
        5.413386 -0.929769 0.647003,
        5.334646 -0.939961 0.654824,
        5.413386 -0.939961 0.654824,
        5.334646 -0.951830 0.659741,
        5.413386 -0.951830 0.659741,
        5.334646 -0.964567 0.661417,
        5.413386 -0.964567 0.661417,
        5.413386 -1.811024 0.661417,
        5.334646 -1.811024 0.661417,
        5.413386 -1.811024 0.787402,
        5.334646 -1.811024 0.787402,
        6.988189 -1.909449 0.661417,
        6.988189 -1.909449 0.787402,
        6.909449 -1.909449 0.661417,
        6.909449 -1.909449 0.787402,
        6.988189 -1.889764 0.661417,
        6.909449 -1.889764 0.661417,
        6.988189 -1.889764 0.590551,
        6.909449 -1.889764 0.590551,
        6.988189 -1.909449 0.590551,
        6.909449 -1.909449 0.590551,
        6.988189 -1.909449 0.531496,
        6.909449 -1.909449 0.531496,
        6.988189 -1.889764 0.531496,
        6.909449 -1.889764 0.531496,
        6.988189 -1.889764 0.413386,
        6.909449 -1.889764 0.413386,
        6.988189 -1.909449 0.413386,
        6.909449 -1.909449 0.413386,
        6.988189 -1.909449 0.354331,
        6.909449 -1.909449 0.354331,
        6.988189 -1.889764 0.354331,
        6.909449 -1.889764 0.354331,
        6.988189 -1.889764 0.349870,
        6.909449 -1.889764 0.349870,
        6.988189 -2.086614 0.118110,
        6.909449 -2.086614 0.118110,
        6.988189 -2.374016 0.118110,
        6.909449 -2.374016 0.118110,
        6.909449 -2.381148 0.117171,
        6.988189 -2.381148 0.117171,
        6.909449 -2.387795 0.114418,
        6.988189 -2.387795 0.114418,
        6.909449 -2.393503 0.110038,
        6.988189 -2.393503 0.110038,
        6.909449 -2.397883 0.104331,
        6.988189 -2.397883 0.104331,
        6.909449 -2.400636 0.097684,
        6.988189 -2.400636 0.097684,
        6.909449 -2.401575 0.090551,
        6.988189 -2.401575 0.090551,
        6.988189 -2.401575 0.027559,
        6.909449 -2.401575 0.027559,
        6.909449 -2.400636 0.020426,
        6.988189 -2.400636 0.020426,
        6.909449 -2.397883 0.013780,
        6.988189 -2.397883 0.013780,
        6.909449 -2.393503 0.008072,
        6.988189 -2.393503 0.008072,
        6.909449 -2.387795 0.003692,
        6.988189 -2.387795 0.003692,
        6.909449 -2.381148 0.000939,
        6.988189 -2.381148 0.000939,
        6.909449 -2.374016 0.000000,
        6.988189 -2.374016 0.000000,
        6.988189 -2.204724 0.000000,
        6.909449 -2.204724 0.000000,
        6.988189 -2.184660 0.023622,
        6.909449 -2.184660 0.023622,
        6.988189 -1.909449 0.023622,
        6.909449 -1.909449 0.023622,
        6.988189 -1.909449 0.118110,
        6.909449 -1.909449 0.118110,
        6.988189 -1.594488 0.118110,
        6.909449 -1.594488 0.118110,
        6.988189 -0.898306 0.213933,
        6.909449 -0.898306 0.213933,
        6.988189 -0.843188 0.202053,
        6.909449 -0.843188 0.202053,
        6.909449 -0.833121 0.201209,
        6.988189 -0.833121 0.201209,
        6.909449 -0.823172 0.202954,
        6.988189 -0.823172 0.202954,
        6.909449 -0.813993 0.207174,
        6.988189 -0.813993 0.207174,
        6.909449 -0.806191 0.213591,
        6.988189 -0.806191 0.213591,
        6.909449 -0.800278 0.221782,
        6.988189 -0.800278 0.221782,
        6.909449 -0.796645 0.231208,
        6.988189 -0.796645 0.231208,
        6.909449 -0.795529 0.241248,
        6.988189 -0.795529 0.241248,
        6.909449 -0.797006 0.251241,
        6.988189 -0.797006 0.251241,
        6.909449 -0.800976 0.260530,
        6.988189 -0.800976 0.260530,
        6.909449 -0.807180 0.268503,
        6.988189 -0.807180 0.268503,
        6.909449 -0.815208 0.274635,
        6.988189 -0.815208 0.274635,
        6.988189 -0.905512 0.326772,
        6.909449 -0.905512 0.326772,
        6.988189 -0.905512 0.267717,
        6.909449 -0.905512 0.267717,
        6.988189 -0.906183 0.262622,
        6.909449 -0.906183 0.262622,
        6.988189 -0.908149 0.257874,
        6.909449 -0.908149 0.257874,
        6.988189 -0.911278 0.253797,
        6.909449 -0.911278 0.253797,
        6.988189 -0.915354 0.250669,
        6.909449 -0.915354 0.250669,
        6.988189 -0.920102 0.248702,
        6.909449 -0.920102 0.248702,
        6.988189 -0.925197 0.248031,
        6.909449 -0.925197 0.248031,
        6.988189 -1.535433 0.248031,
        6.909449 -1.535433 0.248031,
        6.988189 -1.570476 0.251980,
        6.909449 -1.570476 0.251980,
        6.988189 -1.603761 0.263627,
        6.909449 -1.603761 0.263627,
        6.988189 -1.633620 0.282389,
        6.909449 -1.633620 0.282389,
        6.988189 -1.658556 0.307324,
        6.909449 -1.658556 0.307324,
        6.988189 -1.677318 0.337184,
        6.909449 -1.677318 0.337184,
        6.988189 -1.688965 0.370469,
        6.909449 -1.688965 0.370469,
        6.988189 -1.692913 0.405512,
        6.909449 -1.692913 0.405512,
        6.988189 -1.692913 0.484252,
        6.909449 -1.692913 0.484252,
        6.988189 -1.690230 0.504631,
        6.909449 -1.690230 0.504631,
        6.988189 -1.682364 0.523622,
        6.909449 -1.682364 0.523622,
        6.988189 -1.669851 0.539930,
        6.909449 -1.669851 0.539930,
        6.988189 -1.653543 0.552443,
        6.909449 -1.653543 0.552443,
        6.988189 -1.634553 0.560309,
        6.909449 -1.634553 0.560309,
        6.988189 -1.614173 0.562992,
        6.909449 -1.614173 0.562992,
        6.988189 -0.964567 0.562992,
        6.909449 -0.964567 0.562992,
        6.909449 -0.951830 0.564669,
        6.988189 -0.951830 0.564669,
        6.909449 -0.939961 0.569585,
        6.988189 -0.939961 0.569585,
        6.909449 -0.929769 0.577406,
        6.988189 -0.929769 0.577406,
        6.909449 -0.921948 0.587598,
        6.988189 -0.921948 0.587598,
        6.909449 -0.917031 0.599468,
        6.988189 -0.917031 0.599468,
        6.909449 -0.915354 0.612205,
        6.988189 -0.915354 0.612205,
        6.909449 -0.917031 0.624942,
        6.988189 -0.917031 0.624942,
        6.909449 -0.921948 0.636811,
        6.988189 -0.921948 0.636811,
        6.909449 -0.929769 0.647003,
        6.988189 -0.929769 0.647003,
        6.909449 -0.939961 0.654824,
        6.988189 -0.939961 0.654824,
        6.909449 -0.951830 0.659741,
        6.988189 -0.951830 0.659741,
        6.909449 -0.964567 0.661417,
        6.988189 -0.964567 0.661417,
        6.988189 -1.811024 0.661417,
        6.909449 -1.811024 0.661417,
        6.988189 -1.811024 0.787402,
        6.909449 -1.811024 0.787402,
        3.602363 -1.968504 0.590551,
        3.602363 -1.889764 0.590551,
        3.563959 -1.964722 0.590551,
        3.571793 -1.885739 0.590551,
        3.562992 -1.964527 0.590551,
        3.562992 -1.889764 0.590551,
        3.484252 -1.889764 0.590551,
        3.543307 -1.873940 0.590551,
        3.518846 -1.855170 0.590551,
        3.500076 -1.830709 0.590551,
        3.488276 -1.802223 0.590551,
        3.484252 -1.771654 0.590551,
        3.444882 -1.889764 0.472441,
        3.444882 -1.889764 0.590551,
        3.438687 -1.881018 0.590551,
        3.438687 -1.881018 0.196850,
        3.444882 -1.889764 0.196850,
        3.444882 -1.889764 0.314961,
        3.463168 -1.910848 0.296674,
        3.463168 -1.910848 0.490727,
        3.477481 -1.923821 0.505041,
        3.477481 -1.923821 0.282361,
        3.492998 -1.935329 0.520557,
        3.492998 -1.935329 0.266844,
        3.509567 -1.945260 0.537127,
        3.509567 -1.945260 0.250275,
        3.527031 -1.953520 0.232812,
        3.544748 -1.959884 0.572307,
        3.563959 -1.964722 0.196850,
        3.562992 -1.964527 0.196850,
        3.544748 -1.959884 0.215094,
        3.527031 -1.953520 0.554590,
        3.602363 -1.968504 0.196850,
        3.420496 -1.846985 0.590551,
        3.420496 -1.846985 0.196850,
        3.409294 -1.810057 0.590551,
        3.409294 -1.810057 0.196850,
        3.405512 -1.771654 0.590551,
        3.405512 -1.771654 0.196850,
        3.602363 -1.889764 0.196850,
        3.956693 -1.889764 0.196850,
        3.956693 -1.968504 0.196850,
        4.114173 -1.968504 0.314961,
        4.114173 -1.968504 0.472441,
        4.074803 -1.968504 0.314961,
        4.074803 -1.968504 0.472441,
        3.956693 -1.968504 0.590551,
        4.074803 -1.889764 0.472441,
        4.114173 -1.889764 0.472441,
        4.114173 -1.889764 0.314961,
        4.074803 -1.889764 0.314961,
        3.956693 -1.889764 0.590551,
        3.405512 -1.889764 0.590551,
        3.405512 -1.889764 0.196850,
        3.484252 -0.708661 0.590551,
        3.484252 -0.708661 0.196850,
        3.484252 -1.771654 0.196850,
        3.405512 -0.708661 0.590551,
        3.405512 -0.708661 0.196850,
        3.571793 -0.708661 0.082765,
        3.602363 -0.708661 0.078740,
        3.602363 -0.708661 -0.000000,
        3.409294 -0.708661 0.158447,
        3.488276 -0.708661 0.166281,
        3.420496 -0.708661 0.121519,
        3.500076 -0.708661 0.137795,
        3.563959 -0.708661 0.003782,
        3.527031 -0.708661 0.014984,
        3.543307 -0.708661 0.094564,
        3.492998 -0.708661 0.033175,
        3.518846 -0.708661 0.113334,
        3.463168 -0.708661 0.057656,
        3.438687 -0.708661 0.087486,
        3.488276 -0.708661 0.621120,
        3.602363 -0.708661 0.787402,
        3.602363 -0.708661 0.708661,
        3.563959 -0.708661 0.783619,
        3.571793 -0.708661 0.704637,
        3.527031 -0.708661 0.772417,
        3.543307 -0.708661 0.692838,
        3.409294 -0.708661 0.628955,
        3.420496 -0.708661 0.665883,
        3.500076 -0.708661 0.649606,
        3.438687 -0.708661 0.699915,
        3.518846 -0.708661 0.674068,
        3.463168 -0.708661 0.729745,
        3.492998 -0.708661 0.754226,
        4.114173 -0.708661 0.708661,
        4.114173 -0.708661 0.787402,
        4.114173 -1.889764 0.708661,
        3.602363 -1.889764 0.708661,
        3.488276 -1.889764 0.621120,
        3.500076 -1.889764 0.649606,
        3.518846 -1.889764 0.674068,
        3.543307 -1.889764 0.692838,
        3.571793 -1.889764 0.704637,
        3.484252 -1.889764 0.196850,
        3.488276 -1.889764 0.166281,
        3.602363 -1.889764 0.078740,
        3.571793 -1.889764 0.082765,
        3.543307 -1.889764 0.094564,
        3.518846 -1.889764 0.113334,
        3.500076 -1.889764 0.137795,
        4.114173 -0.708661 0.078740,
        4.114173 -1.889764 0.078740,
        4.114173 -0.708661 0.000000,
        4.114173 -1.889764 0.000000,
        3.602363 -1.889764 0.000000,
        3.409294 -1.889764 0.158447,
        3.420496 -1.889764 0.121519,
        3.438687 -1.889764 0.087486,
        3.463168 -1.889764 0.057656,
        3.492998 -1.889764 0.033175,
        3.527031 -1.889764 0.014984,
        3.563959 -1.889764 0.003782,
        3.409294 -1.889764 0.628955,
        3.602363 -1.889764 0.787402,
        3.563959 -1.889764 0.783619,
        3.527031 -1.889764 0.772417,
        3.492998 -1.889764 0.754226,
        3.463168 -1.889764 0.729745,
        3.438687 -1.889764 0.699915,
        3.420496 -1.889764 0.665883,
        4.114173 -1.889764 0.787402,
        3.562992 -1.889764 0.196850,
        3.571793 -1.885739 0.196850,
        3.488276 -1.802223 0.196850,
        3.543307 -1.873940 0.196850,
        3.500076 -1.830709 0.196850,
        3.518846 -1.855170 0.196850,
        5.216535 -1.909449 0.661417,
        5.216535 -1.909449 0.787402,
        5.137795 -1.909449 0.661417,
        5.137795 -1.909449 0.787402,
        5.216535 -1.889764 0.661417,
        5.137795 -1.889764 0.661417,
        5.216535 -1.889764 0.590551,
        5.137795 -1.889764 0.590551,
        5.216535 -1.909449 0.590551,
        5.137795 -1.909449 0.590551,
        5.216535 -1.909449 0.531496,
        5.137795 -1.909449 0.531496,
        5.216535 -1.889764 0.531496,
        5.137795 -1.889764 0.531496,
        5.216535 -1.889764 0.413386,
        5.137795 -1.889764 0.413386,
        5.216535 -1.909449 0.413386,
        5.137795 -1.909449 0.413386,
        5.216535 -1.909449 0.354331,
        5.137795 -1.909449 0.354331,
        5.216535 -1.889764 0.354331,
        5.137795 -1.889764 0.354331,
        5.216535 -1.889764 0.349870,
        5.137795 -1.889764 0.349870,
        5.216535 -2.086614 0.118110,
        5.137795 -2.086614 0.118110,
        5.216535 -2.374016 0.118110,
        5.137795 -2.374016 0.118110,
        5.137795 -2.381148 0.117171,
        5.216535 -2.381148 0.117171,
        5.137795 -2.387795 0.114418,
        5.216535 -2.387795 0.114418,
        5.137795 -2.393503 0.110038,
        5.216535 -2.393503 0.110038,
        5.137795 -2.397883 0.104331,
        5.216535 -2.397883 0.104331,
        5.137795 -2.400636 0.097684,
        5.216535 -2.400636 0.097684,
        5.137795 -2.401575 0.090551,
        5.216535 -2.401575 0.090551,
        5.216535 -2.401575 0.027559,
        5.137795 -2.401575 0.027559,
        5.137795 -2.400636 0.020426,
        5.216535 -2.400636 0.020426,
        5.137795 -2.397883 0.013780,
        5.216535 -2.397883 0.013780,
        5.137795 -2.393503 0.008072,
        5.216535 -2.393503 0.008072,
        5.137795 -2.387795 0.003692,
        5.216535 -2.387795 0.003692,
        5.137795 -2.381148 0.000939,
        5.216535 -2.381148 0.000939,
        5.137795 -2.374016 0.000000,
        5.216535 -2.374016 0.000000,
        5.216535 -2.204724 0.000000,
        5.137795 -2.204724 0.000000,
        5.216535 -2.184660 0.023622,
        5.137795 -2.184660 0.023622,
        5.216535 -1.909449 0.023622,
        5.137795 -1.909449 0.023622,
        5.216535 -1.909449 0.118110,
        5.137795 -1.909449 0.118110,
        5.216535 -1.594488 0.118110,
        5.137795 -1.594488 0.118110,
        5.216535 -0.898306 0.213933,
        5.137795 -0.898306 0.213933,
        5.216535 -0.843188 0.202053,
        5.137795 -0.843188 0.202053,
        5.137795 -0.833121 0.201209,
        5.216535 -0.833121 0.201209,
        5.137795 -0.823172 0.202954,
        5.216535 -0.823172 0.202954,
        5.137795 -0.813993 0.207174,
        5.216535 -0.813993 0.207174,
        5.137795 -0.806191 0.213591,
        5.216535 -0.806191 0.213591,
        5.137795 -0.800278 0.221782,
        5.216535 -0.800278 0.221782,
        5.137795 -0.796645 0.231208,
        5.216535 -0.796645 0.231208,
        5.137795 -0.795529 0.241248,
        5.216535 -0.795529 0.241248,
        5.137795 -0.797006 0.251241,
        5.216535 -0.797006 0.251241,
        5.137795 -0.800976 0.260530,
        5.216535 -0.800976 0.260530,
        5.137795 -0.807180 0.268503,
        5.216535 -0.807180 0.268503,
        5.137795 -0.815208 0.274635,
        5.216535 -0.815208 0.274635,
        5.216535 -0.905512 0.326772,
        5.137795 -0.905512 0.326772,
        5.216535 -0.905512 0.267717,
        5.137795 -0.905512 0.267717,
        5.216535 -0.906183 0.262622,
        5.137795 -0.906183 0.262622,
        5.216535 -0.908149 0.257874,
        5.137795 -0.908149 0.257874,
        5.216535 -0.911278 0.253797,
        5.137795 -0.911278 0.253797,
        5.216535 -0.915354 0.250669,
        5.137795 -0.915354 0.250669,
        5.216535 -0.920102 0.248702,
        5.137795 -0.920102 0.248702,
        5.216535 -0.925197 0.248031,
        5.137795 -0.925197 0.248031,
        5.216535 -1.535433 0.248031,
        5.137795 -1.535433 0.248031,
        5.216535 -1.570476 0.251980,
        5.137795 -1.570476 0.251980,
        5.216535 -1.603761 0.263627,
        5.137795 -1.603761 0.263627,
        5.216535 -1.633620 0.282389,
        5.137795 -1.633620 0.282389,
        5.216535 -1.658556 0.307324,
        5.137795 -1.658556 0.307324,
        5.216535 -1.677318 0.337184,
        5.137795 -1.677318 0.337184,
        5.216535 -1.688965 0.370469,
        5.137795 -1.688965 0.370469,
        5.216535 -1.692913 0.405512,
        5.137795 -1.692913 0.405512,
        5.216535 -1.692913 0.484252,
        5.137795 -1.692913 0.484252,
        5.216535 -1.690230 0.504631,
        5.137795 -1.690230 0.504631,
        5.216535 -1.682364 0.523622,
        5.137795 -1.682364 0.523622,
        5.216535 -1.669851 0.539930,
        5.137795 -1.669851 0.539930,
        5.216535 -1.653543 0.552443,
        5.137795 -1.653543 0.552443,
        5.216535 -1.634553 0.560309,
        5.137795 -1.634553 0.560309,
        5.216535 -1.614173 0.562992,
        5.137795 -1.614173 0.562992,
        5.216535 -0.964567 0.562992,
        5.137795 -0.964567 0.562992,
        5.137795 -0.951830 0.564669,
        5.216535 -0.951830 0.564669,
        5.137795 -0.939961 0.569585,
        5.216535 -0.939961 0.569585,
        5.137795 -0.929769 0.577406,
        5.216535 -0.929769 0.577406,
        5.137795 -0.921948 0.587598,
        5.216535 -0.921948 0.587598,
        5.137795 -0.917031 0.599468,
        5.216535 -0.917031 0.599468,
        5.137795 -0.915354 0.612205,
        5.216535 -0.915354 0.612205,
        5.137795 -0.917031 0.624942,
        5.216535 -0.917031 0.624942,
        5.137795 -0.921948 0.636811,
        5.216535 -0.921948 0.636811,
        5.137795 -0.929769 0.647003,
        5.216535 -0.929769 0.647003,
        5.137795 -0.939961 0.654824,
        5.216535 -0.939961 0.654824,
        5.137795 -0.951830 0.659741,
        5.216535 -0.951830 0.659741,
        5.137795 -0.964567 0.661417,
        5.216535 -0.964567 0.661417,
        5.216535 -1.811024 0.661417,
        5.137795 -1.811024 0.661417,
        5.216535 -1.811024 0.787402,
        5.137795 -1.811024 0.787402,
        9.349427 -1.964722 0.590551,
        9.350394 -1.964527 0.590551,
        9.350394 -1.889764 0.590551,
        9.341593 -1.885739 0.590551,
        9.311024 -1.889764 0.590551,
        9.311024 -1.968504 0.590551,
        9.413310 -1.830709 0.590551,
        9.429133 -1.889764 0.590551,
        9.425109 -1.802223 0.590551,
        9.429133 -1.771654 0.590551,
        9.370079 -1.873940 0.590551,
        9.394541 -1.855170 0.590551,
        9.468504 -1.889764 0.314961,
        9.468504 -1.889764 0.196850,
        9.474699 -1.881018 0.196850,
        9.368638 -1.959884 0.572307,
        9.474699 -1.881018 0.590551,
        9.468504 -1.889764 0.590551,
        9.468504 -1.889764 0.472441,
        9.492890 -1.846985 0.196850,
        9.492890 -1.846985 0.590551,
        9.504092 -1.810057 0.196850,
        9.504092 -1.810057 0.590551,
        9.507875 -1.771654 0.196850,
        9.507875 -1.771654 0.590551,
        9.349427 -1.964722 0.196850,
        9.350394 -1.964527 0.196850,
        9.368638 -1.959884 0.215094,
        9.386355 -1.953520 0.554590,
        9.386355 -1.953520 0.232812,
        9.403818 -1.945260 0.537127,
        9.403818 -1.945260 0.250275,
        9.420388 -1.935329 0.520557,
        9.420388 -1.935329 0.266844,
        9.435904 -1.923821 0.505041,
        9.435904 -1.923821 0.282361,
        9.450218 -1.910848 0.490727,
        9.450218 -1.910848 0.296674,
        9.311024 -1.968504 0.196850,
        8.956693 -1.889764 0.196850,
        9.311024 -1.889764 0.196850,
        8.956693 -1.968504 0.196850,
        8.838583 -1.968504 0.472441,
        8.799213 -1.968504 0.472441,
        8.799213 -1.968504 0.314961,
        8.838583 -1.968504 0.314961,
        8.956693 -1.968504 0.590551,
        8.799213 -1.889764 0.314961,
        8.799213 -1.889764 0.472441,
        8.838583 -1.889764 0.314961,
        8.838583 -1.889764 0.472441,
        8.956693 -1.889764 0.590551,
        9.507875 -1.889764 0.590551,
        9.507875 -1.889764 0.196850,
        9.429133 -0.708661 0.590551,
        9.429133 -1.771654 0.196850,
        9.429133 -0.708661 0.196850,
        9.507875 -0.708661 0.196850,
        9.507875 -0.708661 0.590551,
        9.425109 -0.708661 0.166281,
        9.311024 -0.708661 -0.000000,
        9.311024 -0.708661 0.078740,
        9.349427 -0.708661 0.003782,
        9.341593 -0.708661 0.082765,
        9.386355 -0.708661 0.014984,
        9.370079 -0.708661 0.094564,
        9.504092 -0.708661 0.158447,
        9.492890 -0.708661 0.121519,
        9.413310 -0.708661 0.137795,
        9.474699 -0.708661 0.087486,
        9.394541 -0.708661 0.113334,
        9.450218 -0.708661 0.057656,
        9.420388 -0.708661 0.033175,
        9.341593 -0.708661 0.704637,
        9.311024 -0.708661 0.708661,
        9.311024 -0.708661 0.787402,
        9.504092 -0.708661 0.628955,
        9.425109 -0.708661 0.621120,
        9.492890 -0.708661 0.665883,
        9.413310 -0.708661 0.649606,
        9.349427 -0.708661 0.783619,
        9.386355 -0.708661 0.772417,
        9.370079 -0.708661 0.692838,
        9.420388 -0.708661 0.754226,
        9.394541 -0.708661 0.674068,
        9.450218 -0.708661 0.729745,
        9.474699 -0.708661 0.699915,
        8.799213 -0.708661 0.708661,
        8.799213 -0.708661 0.787402,
        8.799213 -1.889764 0.708661,
        9.311024 -1.889764 0.708661,
        9.425109 -1.889764 0.621120,
        9.341593 -1.889764 0.704637,
        9.370079 -1.889764 0.692838,
        9.394541 -1.889764 0.674068,
        9.413310 -1.889764 0.649606,
        9.429133 -1.889764 0.196850,
        9.425109 -1.889764 0.166281,
        9.413310 -1.889764 0.137795,
        9.394541 -1.889764 0.113334,
        9.370079 -1.889764 0.094564,
        9.341593 -1.889764 0.082765,
        9.311024 -1.889764 0.078740,
        8.799213 -1.889764 0.078740,
        8.799213 -0.708661 0.078740,
        8.799213 -0.708661 0.000000,
        8.799213 -1.889764 0.000000,
        9.311024 -1.889764 0.000000,
        9.504092 -1.889764 0.158447,
        9.349427 -1.889764 0.003782,
        9.386355 -1.889764 0.014984,
        9.420388 -1.889764 0.033175,
        9.450218 -1.889764 0.057656,
        9.474699 -1.889764 0.087486,
        9.492890 -1.889764 0.121519,
        9.504092 -1.889764 0.628955,
        9.492890 -1.889764 0.665883,
        9.474699 -1.889764 0.699915,
        9.450218 -1.889764 0.729745,
        9.420388 -1.889764 0.754226,
        9.386355 -1.889764 0.772417,
        9.349427 -1.889764 0.783619,
        9.311024 -1.889764 0.787402,
        8.799213 -1.889764 0.787402,
        9.350394 -1.889764 0.196850,
        9.394541 -1.855170 0.196850,
        9.413310 -1.830709 0.196850,
        9.425109 -1.802223 0.196850,
        9.341593 -1.885739 0.196850,
        9.370079 -1.873940 0.196850,
        8.562992 -1.909449 0.661417,
        8.562992 -1.909449 0.787402,
        8.484252 -1.909449 0.661417,
        8.484252 -1.909449 0.787402,
        8.562992 -1.889764 0.661417,
        8.484252 -1.889764 0.661417,
        8.562992 -1.889764 0.590551,
        8.484252 -1.889764 0.590551,
        8.562992 -1.909449 0.590551,
        8.484252 -1.909449 0.590551,
        8.562992 -1.909449 0.531496,
        8.484252 -1.909449 0.531496,
        8.562992 -1.889764 0.531496,
        8.484252 -1.889764 0.531496,
        8.562992 -1.889764 0.413386,
        8.484252 -1.889764 0.413386,
        8.562992 -1.909449 0.413386,
        8.484252 -1.909449 0.413386,
        8.562992 -1.909449 0.354331,
        8.484252 -1.909449 0.354331,
        8.562992 -1.889764 0.354331,
        8.484252 -1.889764 0.354331,
        8.562992 -1.889764 0.349870,
        8.484252 -1.889764 0.349870,
        8.562992 -2.086614 0.118110,
        8.484252 -2.086614 0.118110,
        8.562992 -2.374016 0.118110,
        8.484252 -2.374016 0.118110,
        8.484252 -2.381148 0.117171,
        8.562992 -2.381148 0.117171,
        8.484252 -2.387795 0.114418,
        8.562992 -2.387795 0.114418,
        8.484252 -2.393503 0.110038,
        8.562992 -2.393503 0.110038,
        8.484252 -2.397883 0.104331,
        8.562992 -2.397883 0.104331,
        8.484252 -2.400636 0.097684,
        8.562992 -2.400636 0.097684,
        8.484252 -2.401575 0.090551,
        8.562992 -2.401575 0.090551,
        8.562992 -2.401575 0.027559,
        8.484252 -2.401575 0.027559,
        8.484252 -2.400636 0.020426,
        8.562992 -2.400636 0.020426,
        8.484252 -2.397883 0.013780,
        8.562992 -2.397883 0.013780,
        8.484252 -2.393503 0.008072,
        8.562992 -2.393503 0.008072,
        8.484252 -2.387795 0.003692,
        8.562992 -2.387795 0.003692,
        8.484252 -2.381148 0.000939,
        8.562992 -2.381148 0.000939,
        8.484252 -2.374016 0.000000,
        8.562992 -2.374016 0.000000,
        8.562992 -2.204724 0.000000,
        8.484252 -2.204724 0.000000,
        8.562992 -2.184660 0.023622,
        8.484252 -2.184660 0.023622,
        8.562992 -1.909449 0.023622,
        8.484252 -1.909449 0.023622,
        8.562992 -1.909449 0.118110,
        8.484252 -1.909449 0.118110,
        8.562992 -1.594488 0.118110,
        8.484252 -1.594488 0.118110,
        8.562992 -0.898306 0.213933,
        8.484252 -0.898306 0.213933,
        8.562992 -0.843188 0.202053,
        8.484252 -0.843188 0.202053,
        8.484252 -0.833121 0.201209,
        8.562992 -0.833121 0.201209,
        8.484252 -0.823172 0.202954,
        8.562992 -0.823172 0.202954,
        8.484252 -0.813993 0.207174,
        8.562992 -0.813993 0.207174,
        8.484252 -0.806191 0.213591,
        8.562992 -0.806191 0.213591,
        8.484252 -0.800278 0.221782,
        8.562992 -0.800278 0.221782,
        8.484252 -0.796645 0.231208,
        8.562992 -0.796645 0.231208,
        8.484252 -0.795529 0.241248,
        8.562992 -0.795529 0.241248,
        8.484252 -0.797006 0.251241,
        8.562992 -0.797006 0.251241,
        8.484252 -0.800976 0.260530,
        8.562992 -0.800976 0.260530,
        8.484252 -0.807180 0.268503,
        8.562992 -0.807180 0.268503,
        8.484252 -0.815208 0.274635,
        8.562992 -0.815208 0.274635,
        8.562992 -0.905512 0.326772,
        8.484252 -0.905512 0.326772,
        8.562992 -0.905512 0.267717,
        8.484252 -0.905512 0.267717,
        8.562992 -0.906183 0.262622,
        8.484252 -0.906183 0.262622,
        8.562992 -0.908149 0.257874,
        8.484252 -0.908149 0.257874,
        8.562992 -0.911278 0.253797,
        8.484252 -0.911278 0.253797,
        8.562992 -0.915354 0.250669,
        8.484252 -0.915354 0.250669,
        8.562992 -0.920102 0.248702,
        8.484252 -0.920102 0.248702,
        8.562992 -0.925197 0.248031,
        8.484252 -0.925197 0.248031,
        8.562992 -1.535433 0.248031,
        8.484252 -1.535433 0.248031,
        8.562992 -1.570476 0.251980,
        8.484252 -1.570476 0.251980,
        8.562992 -1.603761 0.263627,
        8.484252 -1.603761 0.263627,
        8.562992 -1.633620 0.282389,
        8.484252 -1.633620 0.282389,
        8.562992 -1.658556 0.307324,
        8.484252 -1.658556 0.307324,
        8.562992 -1.677318 0.337184,
        8.484252 -1.677318 0.337184,
        8.562992 -1.688965 0.370469,
        8.484252 -1.688965 0.370469,
        8.562992 -1.692913 0.405512,
        8.484252 -1.692913 0.405512,
        8.562992 -1.692913 0.484252,
        8.484252 -1.692913 0.484252,
        8.562992 -1.690230 0.504631,
        8.484252 -1.690230 0.504631,
        8.562992 -1.682364 0.523622,
        8.484252 -1.682364 0.523622,
        8.562992 -1.669851 0.539930,
        8.484252 -1.669851 0.539930,
        8.562992 -1.653543 0.552443,
        8.484252 -1.653543 0.552443,
        8.562992 -1.634553 0.560309,
        8.484252 -1.634553 0.560309,
        8.562992 -1.614173 0.562992,
        8.484252 -1.614173 0.562992,
        8.562992 -0.964567 0.562992,
        8.484252 -0.964567 0.562992,
        8.484252 -0.951830 0.564669,
        8.562992 -0.951830 0.564669,
        8.484252 -0.939961 0.569585,
        8.562992 -0.939961 0.569585,
        8.484252 -0.929769 0.577406,
        8.562992 -0.929769 0.577406,
        8.484252 -0.921948 0.587598,
        8.562992 -0.921948 0.587598,
        8.484252 -0.917031 0.599468,
        8.562992 -0.917031 0.599468,
        8.484252 -0.915354 0.612205,
        8.562992 -0.915354 0.612205,
        8.484252 -0.917031 0.624942,
        8.562992 -0.917031 0.624942,
        8.484252 -0.921948 0.636811,
        8.562992 -0.921948 0.636811,
        8.484252 -0.929769 0.647003,
        8.562992 -0.929769 0.647003,
        8.484252 -0.939961 0.654824,
        8.562992 -0.939961 0.654824,
        8.484252 -0.951830 0.659741,
        8.562992 -0.951830 0.659741,
        8.484252 -0.964567 0.661417,
        8.562992 -0.964567 0.661417,
        8.562992 -1.811024 0.661417,
        8.484252 -1.811024 0.661417,
        8.562992 -1.811024 0.787402,
        8.484252 -1.811024 0.787402,
        6.791339 -1.909449 0.661417,
        6.791339 -1.909449 0.787402,
        6.712598 -1.909449 0.661417,
        6.712598 -1.909449 0.787402,
        6.791339 -1.889764 0.661417,
        6.712598 -1.889764 0.661417,
        6.791339 -1.889764 0.590551,
        6.712598 -1.889764 0.590551,
        6.791339 -1.909449 0.590551,
        6.712598 -1.909449 0.590551,
        6.791339 -1.909449 0.531496,
        6.712598 -1.909449 0.531496,
        6.791339 -1.889764 0.531496,
        6.712598 -1.889764 0.531496,
        6.791339 -1.889764 0.413386,
        6.712598 -1.889764 0.413386,
        6.791339 -1.909449 0.413386,
        6.712598 -1.909449 0.413386,
        6.791339 -1.909449 0.354331,
        6.712598 -1.909449 0.354331,
        6.791339 -1.889764 0.354331,
        6.712598 -1.889764 0.354331,
        6.791339 -1.889764 0.349870,
        6.712598 -1.889764 0.349870,
        6.791339 -2.086614 0.118110,
        6.712598 -2.086614 0.118110,
        6.791339 -2.374016 0.118110,
        6.712598 -2.374016 0.118110,
        6.712598 -2.381148 0.117171,
        6.791339 -2.381148 0.117171,
        6.712598 -2.387795 0.114418,
        6.791339 -2.387795 0.114418,
        6.712598 -2.393503 0.110038,
        6.791339 -2.393503 0.110038,
        6.712598 -2.397883 0.104331,
        6.791339 -2.397883 0.104331,
        6.712598 -2.400636 0.097684,
        6.791339 -2.400636 0.097684,
        6.712598 -2.401575 0.090551,
        6.791339 -2.401575 0.090551,
        6.791339 -2.401575 0.027559,
        6.712598 -2.401575 0.027559,
        6.712598 -2.400636 0.020426,
        6.791339 -2.400636 0.020426,
        6.712598 -2.397883 0.013780,
        6.791339 -2.397883 0.013780,
        6.712598 -2.393503 0.008072,
        6.791339 -2.393503 0.008072,
        6.712598 -2.387795 0.003692,
        6.791339 -2.387795 0.003692,
        6.712598 -2.381148 0.000939,
        6.791339 -2.381148 0.000939,
        6.712598 -2.374016 0.000000,
        6.791339 -2.374016 0.000000,
        6.791339 -2.204724 0.000000,
        6.712598 -2.204724 0.000000,
        6.791339 -2.184660 0.023622,
        6.712598 -2.184660 0.023622,
        6.791339 -1.909449 0.023622,
        6.712598 -1.909449 0.023622,
        6.791339 -1.909449 0.118110,
        6.712598 -1.909449 0.118110,
        6.791339 -1.594488 0.118110,
        6.712598 -1.594488 0.118110,
        6.791339 -0.898306 0.213933,
        6.712598 -0.898306 0.213933,
        6.791339 -0.843188 0.202053,
        6.712598 -0.843188 0.202053,
        6.712598 -0.833121 0.201209,
        6.791339 -0.833121 0.201209,
        6.712598 -0.823172 0.202954,
        6.791339 -0.823172 0.202954,
        6.712598 -0.813993 0.207174,
        6.791339 -0.813993 0.207174,
        6.712598 -0.806191 0.213591,
        6.791339 -0.806191 0.213591,
        6.712598 -0.800278 0.221782,
        6.791339 -0.800278 0.221782,
        6.712598 -0.796645 0.231208,
        6.791339 -0.796645 0.231208,
        6.712598 -0.795529 0.241248,
        6.791339 -0.795529 0.241248,
        6.712598 -0.797006 0.251241,
        6.791339 -0.797006 0.251241,
        6.712598 -0.800976 0.260530,
        6.791339 -0.800976 0.260530,
        6.712598 -0.807180 0.268503,
        6.791339 -0.807180 0.268503,
        6.712598 -0.815208 0.274635,
        6.791339 -0.815208 0.274635,
        6.791339 -0.905512 0.326772,
        6.712598 -0.905512 0.326772,
        6.791339 -0.905512 0.267717,
        6.712598 -0.905512 0.267717,
        6.791339 -0.906183 0.262622,
        6.712598 -0.906183 0.262622,
        6.791339 -0.908149 0.257874,
        6.712598 -0.908149 0.257874,
        6.791339 -0.911278 0.253797,
        6.712598 -0.911278 0.253797,
        6.791339 -0.915354 0.250669,
        6.712598 -0.915354 0.250669,
        6.791339 -0.920102 0.248702,
        6.712598 -0.920102 0.248702,
        6.791339 -0.925197 0.248031,
        6.712598 -0.925197 0.248031,
        6.791339 -1.535433 0.248031,
        6.712598 -1.535433 0.248031,
        6.791339 -1.570476 0.251980,
        6.712598 -1.570476 0.251980,
        6.791339 -1.603761 0.263627,
        6.712598 -1.603761 0.263627,
        6.791339 -1.633620 0.282389,
        6.712598 -1.633620 0.282389,
        6.791339 -1.658556 0.307324,
        6.712598 -1.658556 0.307324,
        6.791339 -1.677318 0.337184,
        6.712598 -1.677318 0.337184,
        6.791339 -1.688965 0.370469,
        6.712598 -1.688965 0.370469,
        6.791339 -1.692913 0.405512,
        6.712598 -1.692913 0.405512,
        6.791339 -1.692913 0.484252,
        6.712598 -1.692913 0.484252,
        6.791339 -1.690230 0.504631,
        6.712598 -1.690230 0.504631,
        6.791339 -1.682364 0.523622,
        6.712598 -1.682364 0.523622,
        6.791339 -1.669851 0.539930,
        6.712598 -1.669851 0.539930,
        6.791339 -1.653543 0.552443,
        6.712598 -1.653543 0.552443,
        6.791339 -1.634553 0.560309,
        6.712598 -1.634553 0.560309,
        6.791339 -1.614173 0.562992,
        6.712598 -1.614173 0.562992,
        6.791339 -0.964567 0.562992,
        6.712598 -0.964567 0.562992,
        6.712598 -0.951830 0.564669,
        6.791339 -0.951830 0.564669,
        6.712598 -0.939961 0.569585,
        6.791339 -0.939961 0.569585,
        6.712598 -0.929769 0.577406,
        6.791339 -0.929769 0.577406,
        6.712598 -0.921948 0.587598,
        6.791339 -0.921948 0.587598,
        6.712598 -0.917031 0.599468,
        6.791339 -0.917031 0.599468,
        6.712598 -0.915354 0.612205,
        6.791339 -0.915354 0.612205,
        6.712598 -0.917031 0.624942,
        6.791339 -0.917031 0.624942,
        6.712598 -0.921948 0.636811,
        6.791339 -0.921948 0.636811,
        6.712598 -0.929769 0.647003,
        6.791339 -0.929769 0.647003,
        6.712598 -0.939961 0.654824,
        6.791339 -0.939961 0.654824,
        6.712598 -0.951830 0.659741,
        6.791339 -0.951830 0.659741,
        6.712598 -0.964567 0.661417,
        6.791339 -0.964567 0.661417,
        6.791339 -1.811024 0.661417,
        6.712598 -1.811024 0.661417,
        6.791339 -1.811024 0.787402,
        6.712598 -1.811024 0.787402,
        5.019685 -1.909449 0.661417,
        5.019685 -1.909449 0.787402,
        4.940945 -1.909449 0.661417,
        4.940945 -1.909449 0.787402,
        5.019685 -1.889764 0.661417,
        4.940945 -1.889764 0.661417,
        5.019685 -1.889764 0.590551,
        4.940945 -1.889764 0.590551,
        5.019685 -1.909449 0.590551,
        4.940945 -1.909449 0.590551,
        5.019685 -1.909449 0.531496,
        4.940945 -1.909449 0.531496,
        5.019685 -1.889764 0.531496,
        4.940945 -1.889764 0.531496,
        5.019685 -1.889764 0.413386,
        4.940945 -1.889764 0.413386,
        5.019685 -1.909449 0.413386,
        4.940945 -1.909449 0.413386,
        5.019685 -1.909449 0.354331,
        4.940945 -1.909449 0.354331,
        5.019685 -1.889764 0.354331,
        4.940945 -1.889764 0.354331,
        5.019685 -1.889764 0.349870,
        4.940945 -1.889764 0.349870,
        5.019685 -2.086614 0.118110,
        4.940945 -2.086614 0.118110,
        5.019685 -2.374016 0.118110,
        4.940945 -2.374016 0.118110,
        4.940945 -2.381148 0.117171,
        5.019685 -2.381148 0.117171,
        4.940945 -2.387795 0.114418,
        5.019685 -2.387795 0.114418,
        4.940945 -2.393503 0.110038,
        5.019685 -2.393503 0.110038,
        4.940945 -2.397883 0.104331,
        5.019685 -2.397883 0.104331,
        4.940945 -2.400636 0.097684,
        5.019685 -2.400636 0.097684,
        4.940945 -2.401575 0.090551,
        5.019685 -2.401575 0.090551,
        5.019685 -2.401575 0.027559,
        4.940945 -2.401575 0.027559,
        4.940945 -2.400636 0.020426,
        5.019685 -2.400636 0.020426,
        4.940945 -2.397883 0.013780,
        5.019685 -2.397883 0.013780,
        4.940945 -2.393503 0.008072,
        5.019685 -2.393503 0.008072,
        4.940945 -2.387795 0.003692,
        5.019685 -2.387795 0.003692,
        4.940945 -2.381148 0.000939,
        5.019685 -2.381148 0.000939,
        4.940945 -2.374016 0.000000,
        5.019685 -2.374016 0.000000,
        5.019685 -2.204724 0.000000,
        4.940945 -2.204724 0.000000,
        5.019685 -2.184660 0.023622,
        4.940945 -2.184660 0.023622,
        5.019685 -1.909449 0.023622,
        4.940945 -1.909449 0.023622,
        5.019685 -1.909449 0.118110,
        4.940945 -1.909449 0.118110,
        5.019685 -1.594488 0.118110,
        4.940945 -1.594488 0.118110,
        5.019685 -0.898306 0.213933,
        4.940945 -0.898306 0.213933,
        5.019685 -0.843188 0.202053,
        4.940945 -0.843188 0.202053,
        4.940945 -0.833121 0.201209,
        5.019685 -0.833121 0.201209,
        4.940945 -0.823172 0.202954,
        5.019685 -0.823172 0.202954,
        4.940945 -0.813993 0.207174,
        5.019685 -0.813993 0.207174,
        4.940945 -0.806191 0.213591,
        5.019685 -0.806191 0.213591,
        4.940945 -0.800278 0.221782,
        5.019685 -0.800278 0.221782,
        4.940945 -0.796645 0.231208,
        5.019685 -0.796645 0.231208,
        4.940945 -0.795529 0.241248,
        5.019685 -0.795529 0.241248,
        4.940945 -0.797006 0.251241,
        5.019685 -0.797006 0.251241,
        4.940945 -0.800976 0.260530,
        5.019685 -0.800976 0.260530,
        4.940945 -0.807180 0.268503,
        5.019685 -0.807180 0.268503,
        4.940945 -0.815208 0.274635,
        5.019685 -0.815208 0.274635,
        5.019685 -0.905512 0.326772,
        4.940945 -0.905512 0.326772,
        5.019685 -0.905512 0.267717,
        4.940945 -0.905512 0.267717,
        5.019685 -0.906183 0.262622,
        4.940945 -0.906183 0.262622,
        5.019685 -0.908149 0.257874,
        4.940945 -0.908149 0.257874,
        5.019685 -0.911278 0.253797,
        4.940945 -0.911278 0.253797,
        5.019685 -0.915354 0.250669,
        4.940945 -0.915354 0.250669,
        5.019685 -0.920102 0.248702,
        4.940945 -0.920102 0.248702,
        5.019685 -0.925197 0.248031,
        4.940945 -0.925197 0.248031,
        5.019685 -1.535433 0.248031,
        4.940945 -1.535433 0.248031,
        5.019685 -1.570476 0.251980,
        4.940945 -1.570476 0.251980,
        5.019685 -1.603761 0.263627,
        4.940945 -1.603761 0.263627,
        5.019685 -1.633620 0.282389,
        4.940945 -1.633620 0.282389,
        5.019685 -1.658556 0.307324,
        4.940945 -1.658556 0.307324,
        5.019685 -1.677318 0.337184,
        4.940945 -1.677318 0.337184,
        5.019685 -1.688965 0.370469,
        4.940945 -1.688965 0.370469,
        5.019685 -1.692913 0.405512,
        4.940945 -1.692913 0.405512,
        5.019685 -1.692913 0.484252,
        4.940945 -1.692913 0.484252,
        5.019685 -1.690230 0.504631,
        4.940945 -1.690230 0.504631,
        5.019685 -1.682364 0.523622,
        4.940945 -1.682364 0.523622,
        5.019685 -1.669851 0.539930,
        4.940945 -1.669851 0.539930,
        5.019685 -1.653543 0.552443,
        4.940945 -1.653543 0.552443,
        5.019685 -1.634553 0.560309,
        4.940945 -1.634553 0.560309,
        5.019685 -1.614173 0.562992,
        4.940945 -1.614173 0.562992,
        5.019685 -0.964567 0.562992,
        4.940945 -0.964567 0.562992,
        4.940945 -0.951830 0.564669,
        5.019685 -0.951830 0.564669,
        4.940945 -0.939961 0.569585,
        5.019685 -0.939961 0.569585,
        4.940945 -0.929769 0.577406,
        5.019685 -0.929769 0.577406,
        4.940945 -0.921948 0.587598,
        5.019685 -0.921948 0.587598,
        4.940945 -0.917031 0.599468,
        5.019685 -0.917031 0.599468,
        4.940945 -0.915354 0.612205,
        5.019685 -0.915354 0.612205,
        4.940945 -0.917031 0.624942,
        5.019685 -0.917031 0.624942,
        4.940945 -0.921948 0.636811,
        5.019685 -0.921948 0.636811,
        4.940945 -0.929769 0.647003,
        5.019685 -0.929769 0.647003,
        4.940945 -0.939961 0.654824,
        5.019685 -0.939961 0.654824,
        4.940945 -0.951830 0.659741,
        5.019685 -0.951830 0.659741,
        4.940945 -0.964567 0.661417,
        5.019685 -0.964567 0.661417,
        5.019685 -1.811024 0.661417,
        4.940945 -1.811024 0.661417,
        5.019685 -1.811024 0.787402,
        4.940945 -1.811024 0.787402,
        8.366142 -1.909449 0.661417,
        8.366142 -1.909449 0.787402,
        8.287402 -1.909449 0.661417,
        8.287402 -1.909449 0.787402,
        8.366142 -1.889764 0.661417,
        8.287402 -1.889764 0.661417,
        8.366142 -1.889764 0.590551,
        8.287402 -1.889764 0.590551,
        8.366142 -1.909449 0.590551,
        8.287402 -1.909449 0.590551,
        8.366142 -1.909449 0.531496,
        8.287402 -1.909449 0.531496,
        8.366142 -1.889764 0.531496,
        8.287402 -1.889764 0.531496,
        8.366142 -1.889764 0.413386,
        8.287402 -1.889764 0.413386,
        8.366142 -1.909449 0.413386,
        8.287402 -1.909449 0.413386,
        8.366142 -1.909449 0.354331,
        8.287402 -1.909449 0.354331,
        8.366142 -1.889764 0.354331,
        8.287402 -1.889764 0.354331,
        8.366142 -1.889764 0.349870,
        8.287402 -1.889764 0.349870,
        8.366142 -2.086614 0.118110,
        8.287402 -2.086614 0.118110,
        8.366142 -2.374016 0.118110,
        8.287402 -2.374016 0.118110,
        8.287402 -2.381148 0.117171,
        8.366142 -2.381148 0.117171,
        8.287402 -2.387795 0.114418,
        8.366142 -2.387795 0.114418,
        8.287402 -2.393503 0.110038,
        8.366142 -2.393503 0.110038,
        8.287402 -2.397883 0.104331,
        8.366142 -2.397883 0.104331,
        8.287402 -2.400636 0.097684,
        8.366142 -2.400636 0.097684,
        8.287402 -2.401575 0.090551,
        8.366142 -2.401575 0.090551,
        8.366142 -2.401575 0.027559,
        8.287402 -2.401575 0.027559,
        8.287402 -2.400636 0.020426,
        8.366142 -2.400636 0.020426,
        8.287402 -2.397883 0.013780,
        8.366142 -2.397883 0.013780,
        8.287402 -2.393503 0.008072,
        8.366142 -2.393503 0.008072,
        8.287402 -2.387795 0.003692,
        8.366142 -2.387795 0.003692,
        8.287402 -2.381148 0.000939,
        8.366142 -2.381148 0.000939,
        8.287402 -2.374016 0.000000,
        8.366142 -2.374016 0.000000,
        8.366142 -2.204724 0.000000,
        8.287402 -2.204724 0.000000,
        8.366142 -2.184660 0.023622,
        8.287402 -2.184660 0.023622,
        8.366142 -1.909449 0.023622,
        8.287402 -1.909449 0.023622,
        8.366142 -1.909449 0.118110,
        8.287402 -1.909449 0.118110,
        8.366142 -1.594488 0.118110,
        8.287402 -1.594488 0.118110,
        8.366142 -0.898306 0.213933,
        8.287402 -0.898306 0.213933,
        8.366142 -0.843188 0.202053,
        8.287402 -0.843188 0.202053,
        8.287402 -0.833121 0.201209,
        8.366142 -0.833121 0.201209,
        8.287402 -0.823172 0.202954,
        8.366142 -0.823172 0.202954,
        8.287402 -0.813993 0.207174,
        8.366142 -0.813993 0.207174,
        8.287402 -0.806191 0.213591,
        8.366142 -0.806191 0.213591,
        8.287402 -0.800278 0.221782,
        8.366142 -0.800278 0.221782,
        8.287402 -0.796645 0.231208,
        8.366142 -0.796645 0.231208,
        8.287402 -0.795529 0.241248,
        8.366142 -0.795529 0.241248,
        8.287402 -0.797006 0.251241,
        8.366142 -0.797006 0.251241,
        8.287402 -0.800976 0.260530,
        8.366142 -0.800976 0.260530,
        8.287402 -0.807180 0.268503,
        8.366142 -0.807180 0.268503,
        8.287402 -0.815208 0.274635,
        8.366142 -0.815208 0.274635,
        8.366142 -0.905512 0.326772,
        8.287402 -0.905512 0.326772,
        8.366142 -0.905512 0.267717,
        8.287402 -0.905512 0.267717,
        8.366142 -0.906183 0.262622,
        8.287402 -0.906183 0.262622,
        8.366142 -0.908149 0.257874,
        8.287402 -0.908149 0.257874,
        8.366142 -0.911278 0.253797,
        8.287402 -0.911278 0.253797,
        8.366142 -0.915354 0.250669,
        8.287402 -0.915354 0.250669,
        8.366142 -0.920102 0.248702,
        8.287402 -0.920102 0.248702,
        8.366142 -0.925197 0.248031,
        8.287402 -0.925197 0.248031,
        8.366142 -1.535433 0.248031,
        8.287402 -1.535433 0.248031,
        8.366142 -1.570476 0.251980,
        8.287402 -1.570476 0.251980,
        8.366142 -1.603761 0.263627,
        8.287402 -1.603761 0.263627,
        8.366142 -1.633620 0.282389,
        8.287402 -1.633620 0.282389,
        8.366142 -1.658556 0.307324,
        8.287402 -1.658556 0.307324,
        8.366142 -1.677318 0.337184,
        8.287402 -1.677318 0.337184,
        8.366142 -1.688965 0.370469,
        8.287402 -1.688965 0.370469,
        8.366142 -1.692913 0.405512,
        8.287402 -1.692913 0.405512,
        8.366142 -1.692913 0.484252,
        8.287402 -1.692913 0.484252,
        8.366142 -1.690230 0.504631,
        8.287402 -1.690230 0.504631,
        8.366142 -1.682364 0.523622,
        8.287402 -1.682364 0.523622,
        8.366142 -1.669851 0.539930,
        8.287402 -1.669851 0.539930,
        8.366142 -1.653543 0.552443,
        8.287402 -1.653543 0.552443,
        8.366142 -1.634553 0.560309,
        8.287402 -1.634553 0.560309,
        8.366142 -1.614173 0.562992,
        8.287402 -1.614173 0.562992,
        8.366142 -0.964567 0.562992,
        8.287402 -0.964567 0.562992,
        8.287402 -0.951830 0.564669,
        8.366142 -0.951830 0.564669,
        8.287402 -0.939961 0.569585,
        8.366142 -0.939961 0.569585,
        8.287402 -0.929769 0.577406,
        8.366142 -0.929769 0.577406,
        8.287402 -0.921948 0.587598,
        8.366142 -0.921948 0.587598,
        8.287402 -0.917031 0.599468,
        8.366142 -0.917031 0.599468,
        8.287402 -0.915354 0.612205,
        8.366142 -0.915354 0.612205,
        8.287402 -0.917031 0.624942,
        8.366142 -0.917031 0.624942,
        8.287402 -0.921948 0.636811,
        8.366142 -0.921948 0.636811,
        8.287402 -0.929769 0.647003,
        8.366142 -0.929769 0.647003,
        8.287402 -0.939961 0.654824,
        8.366142 -0.939961 0.654824,
        8.287402 -0.951830 0.659741,
        8.366142 -0.951830 0.659741,
        8.287402 -0.964567 0.661417,
        8.366142 -0.964567 0.661417,
        8.366142 -1.811024 0.661417,
        8.287402 -1.811024 0.661417,
        8.366142 -1.811024 0.787402,
        8.287402 -1.811024 0.787402,
        6.594488 -1.909449 0.661417,
        6.594488 -1.909449 0.787402,
        6.515748 -1.909449 0.661417,
        6.515748 -1.909449 0.787402,
        6.594488 -1.889764 0.661417,
        6.515748 -1.889764 0.661417,
        6.594488 -1.889764 0.590551,
        6.515748 -1.889764 0.590551,
        6.594488 -1.909449 0.590551,
        6.515748 -1.909449 0.590551,
        6.594488 -1.909449 0.531496,
        6.515748 -1.909449 0.531496,
        6.594488 -1.889764 0.531496,
        6.515748 -1.889764 0.531496,
        6.594488 -1.889764 0.413386,
        6.515748 -1.889764 0.413386,
        6.594488 -1.909449 0.413386,
        6.515748 -1.909449 0.413386,
        6.594488 -1.909449 0.354331,
        6.515748 -1.909449 0.354331,
        6.594488 -1.889764 0.354331,
        6.515748 -1.889764 0.354331,
        6.594488 -1.889764 0.349870,
        6.515748 -1.889764 0.349870,
        6.594488 -2.086614 0.118110,
        6.515748 -2.086614 0.118110,
        6.594488 -2.374016 0.118110,
        6.515748 -2.374016 0.118110,
        6.515748 -2.381148 0.117171,
        6.594488 -2.381148 0.117171,
        6.515748 -2.387795 0.114418,
        6.594488 -2.387795 0.114418,
        6.515748 -2.393503 0.110038,
        6.594488 -2.393503 0.110038,
        6.515748 -2.397883 0.104331,
        6.594488 -2.397883 0.104331,
        6.515748 -2.400636 0.097684,
        6.594488 -2.400636 0.097684,
        6.515748 -2.401575 0.090551,
        6.594488 -2.401575 0.090551,
        6.594488 -2.401575 0.027559,
        6.515748 -2.401575 0.027559,
        6.515748 -2.400636 0.020426,
        6.594488 -2.400636 0.020426,
        6.515748 -2.397883 0.013780,
        6.594488 -2.397883 0.013780,
        6.515748 -2.393503 0.008072,
        6.594488 -2.393503 0.008072,
        6.515748 -2.387795 0.003692,
        6.594488 -2.387795 0.003692,
        6.515748 -2.381148 0.000939,
        6.594488 -2.381148 0.000939,
        6.515748 -2.374016 0.000000,
        6.594488 -2.374016 0.000000,
        6.594488 -2.204724 0.000000,
        6.515748 -2.204724 0.000000,
        6.594488 -2.184660 0.023622,
        6.515748 -2.184660 0.023622,
        6.594488 -1.909449 0.023622,
        6.515748 -1.909449 0.023622,
        6.594488 -1.909449 0.118110,
        6.515748 -1.909449 0.118110,
        6.594488 -1.594488 0.118110,
        6.515748 -1.594488 0.118110,
        6.594488 -0.898306 0.213933,
        6.515748 -0.898306 0.213933,
        6.594488 -0.843188 0.202053,
        6.515748 -0.843188 0.202053,
        6.515748 -0.833121 0.201209,
        6.594488 -0.833121 0.201209,
        6.515748 -0.823172 0.202954,
        6.594488 -0.823172 0.202954,
        6.515748 -0.813993 0.207174,
        6.594488 -0.813993 0.207174,
        6.515748 -0.806191 0.213591,
        6.594488 -0.806191 0.213591,
        6.515748 -0.800278 0.221782,
        6.594488 -0.800278 0.221782,
        6.515748 -0.796645 0.231208,
        6.594488 -0.796645 0.231208,
        6.515748 -0.795529 0.241248,
        6.594488 -0.795529 0.241248,
        6.515748 -0.797006 0.251241,
        6.594488 -0.797006 0.251241,
        6.515748 -0.800976 0.260530,
        6.594488 -0.800976 0.260530,
        6.515748 -0.807180 0.268503,
        6.594488 -0.807180 0.268503,
        6.515748 -0.815208 0.274635,
        6.594488 -0.815208 0.274635,
        6.594488 -0.905512 0.326772,
        6.515748 -0.905512 0.326772,
        6.594488 -0.905512 0.267717,
        6.515748 -0.905512 0.267717,
        6.594488 -0.906183 0.262622,
        6.515748 -0.906183 0.262622,
        6.594488 -0.908149 0.257874,
        6.515748 -0.908149 0.257874,
        6.594488 -0.911278 0.253797,
        6.515748 -0.911278 0.253797,
        6.594488 -0.915354 0.250669,
        6.515748 -0.915354 0.250669,
        6.594488 -0.920102 0.248702,
        6.515748 -0.920102 0.248702,
        6.594488 -0.925197 0.248031,
        6.515748 -0.925197 0.248031,
        6.594488 -1.535433 0.248031,
        6.515748 -1.535433 0.248031,
        6.594488 -1.570476 0.251980,
        6.515748 -1.570476 0.251980,
        6.594488 -1.603761 0.263627,
        6.515748 -1.603761 0.263627,
        6.594488 -1.633620 0.282389,
        6.515748 -1.633620 0.282389,
        6.594488 -1.658556 0.307324,
        6.515748 -1.658556 0.307324,
        6.594488 -1.677318 0.337184,
        6.515748 -1.677318 0.337184,
        6.594488 -1.688965 0.370469,
        6.515748 -1.688965 0.370469,
        6.594488 -1.692913 0.405512,
        6.515748 -1.692913 0.405512,
        6.594488 -1.692913 0.484252,
        6.515748 -1.692913 0.484252,
        6.594488 -1.690230 0.504631,
        6.515748 -1.690230 0.504631,
        6.594488 -1.682364 0.523622,
        6.515748 -1.682364 0.523622,
        6.594488 -1.669851 0.539930,
        6.515748 -1.669851 0.539930,
        6.594488 -1.653543 0.552443,
        6.515748 -1.653543 0.552443,
        6.594488 -1.634553 0.560309,
        6.515748 -1.634553 0.560309,
        6.594488 -1.614173 0.562992,
        6.515748 -1.614173 0.562992,
        6.594488 -0.964567 0.562992,
        6.515748 -0.964567 0.562992,
        6.515748 -0.951830 0.564669,
        6.594488 -0.951830 0.564669,
        6.515748 -0.939961 0.569585,
        6.594488 -0.939961 0.569585,
        6.515748 -0.929769 0.577406,
        6.594488 -0.929769 0.577406,
        6.515748 -0.921948 0.587598,
        6.594488 -0.921948 0.587598,
        6.515748 -0.917031 0.599468,
        6.594488 -0.917031 0.599468,
        6.515748 -0.915354 0.612205,
        6.594488 -0.915354 0.612205,
        6.515748 -0.917031 0.624942,
        6.594488 -0.917031 0.624942,
        6.515748 -0.921948 0.636811,
        6.594488 -0.921948 0.636811,
        6.515748 -0.929769 0.647003,
        6.594488 -0.929769 0.647003,
        6.515748 -0.939961 0.654824,
        6.594488 -0.939961 0.654824,
        6.515748 -0.951830 0.659741,
        6.594488 -0.951830 0.659741,
        6.515748 -0.964567 0.661417,
        6.594488 -0.964567 0.661417,
        6.594488 -1.811024 0.661417,
        6.515748 -1.811024 0.661417,
        6.594488 -1.811024 0.787402,
        6.515748 -1.811024 0.787402,
        4.822835 -1.909449 0.661417,
        4.822835 -1.909449 0.787402,
        4.744094 -1.909449 0.661417,
        4.744094 -1.909449 0.787402,
        4.822835 -1.889764 0.661417,
        4.744094 -1.889764 0.661417,
        4.822835 -1.889764 0.590551,
        4.744094 -1.889764 0.590551,
        4.822835 -1.909449 0.590551,
        4.744094 -1.909449 0.590551,
        4.822835 -1.909449 0.531496,
        4.744094 -1.909449 0.531496,
        4.822835 -1.889764 0.531496,
        4.744094 -1.889764 0.531496,
        4.822835 -1.889764 0.413386,
        4.744094 -1.889764 0.413386,
        4.822835 -1.909449 0.413386,
        4.744094 -1.909449 0.413386,
        4.822835 -1.909449 0.354331,
        4.744094 -1.909449 0.354331,
        4.822835 -1.889764 0.354331,
        4.744094 -1.889764 0.354331,
        4.822835 -1.889764 0.349870,
        4.744094 -1.889764 0.349870,
        4.822835 -2.086614 0.118110,
        4.744094 -2.086614 0.118110,
        4.822835 -2.374016 0.118110,
        4.744094 -2.374016 0.118110,
        4.744094 -2.381148 0.117171,
        4.822835 -2.381148 0.117171,
        4.744094 -2.387795 0.114418,
        4.822835 -2.387795 0.114418,
        4.744094 -2.393503 0.110038,
        4.822835 -2.393503 0.110038,
        4.744094 -2.397883 0.104331,
        4.822835 -2.397883 0.104331,
        4.744094 -2.400636 0.097684,
        4.822835 -2.400636 0.097684,
        4.744094 -2.401575 0.090551,
        4.822835 -2.401575 0.090551,
        4.822835 -2.401575 0.027559,
        4.744094 -2.401575 0.027559,
        4.744094 -2.400636 0.020426,
        4.822835 -2.400636 0.020426,
        4.744094 -2.397883 0.013780,
        4.822835 -2.397883 0.013780,
        4.744094 -2.393503 0.008072,
        4.822835 -2.393503 0.008072,
        4.744094 -2.387795 0.003692,
        4.822835 -2.387795 0.003692,
        4.744094 -2.381148 0.000939,
        4.822835 -2.381148 0.000939,
        4.744094 -2.374016 0.000000,
        4.822835 -2.374016 0.000000,
        4.822835 -2.204724 0.000000,
        4.744094 -2.204724 0.000000,
        4.822835 -2.184660 0.023622,
        4.744094 -2.184660 0.023622,
        4.822835 -1.909449 0.023622,
        4.744094 -1.909449 0.023622,
        4.822835 -1.909449 0.118110,
        4.744094 -1.909449 0.118110,
        4.822835 -1.594488 0.118110,
        4.744094 -1.594488 0.118110,
        4.822835 -0.898306 0.213933,
        4.744094 -0.898306 0.213933,
        4.822835 -0.843188 0.202053,
        4.744094 -0.843188 0.202053,
        4.744094 -0.833121 0.201209,
        4.822835 -0.833121 0.201209,
        4.744094 -0.823172 0.202954,
        4.822835 -0.823172 0.202954,
        4.744094 -0.813993 0.207174,
        4.822835 -0.813993 0.207174,
        4.744094 -0.806191 0.213591,
        4.822835 -0.806191 0.213591,
        4.744094 -0.800278 0.221782,
        4.822835 -0.800278 0.221782,
        4.744094 -0.796645 0.231208,
        4.822835 -0.796645 0.231208,
        4.744094 -0.795529 0.241248,
        4.822835 -0.795529 0.241248,
        4.744094 -0.797006 0.251241,
        4.822835 -0.797006 0.251241,
        4.744094 -0.800976 0.260530,
        4.822835 -0.800976 0.260530,
        4.744094 -0.807180 0.268503,
        4.822835 -0.807180 0.268503,
        4.744094 -0.815208 0.274635,
        4.822835 -0.815208 0.274635,
        4.822835 -0.905512 0.326772,
        4.744094 -0.905512 0.326772,
        4.822835 -0.905512 0.267717,
        4.744094 -0.905512 0.267717,
        4.822835 -0.906183 0.262622,
        4.744094 -0.906183 0.262622,
        4.822835 -0.908149 0.257874,
        4.744094 -0.908149 0.257874,
        4.822835 -0.911278 0.253797,
        4.744094 -0.911278 0.253797,
        4.822835 -0.915354 0.250669,
        4.744094 -0.915354 0.250669,
        4.822835 -0.920102 0.248702,
        4.744094 -0.920102 0.248702,
        4.822835 -0.925197 0.248031,
        4.744094 -0.925197 0.248031,
        4.822835 -1.535433 0.248031,
        4.744094 -1.535433 0.248031,
        4.822835 -1.570476 0.251980,
        4.744094 -1.570476 0.251980,
        4.822835 -1.603761 0.263627,
        4.744094 -1.603761 0.263627,
        4.822835 -1.633620 0.282389,
        4.744094 -1.633620 0.282389,
        4.822835 -1.658556 0.307324,
        4.744094 -1.658556 0.307324,
        4.822835 -1.677318 0.337184,
        4.744094 -1.677318 0.337184,
        4.822835 -1.688965 0.370469,
        4.744094 -1.688965 0.370469,
        4.822835 -1.692913 0.405512,
        4.744094 -1.692913 0.405512,
        4.822835 -1.692913 0.484252,
        4.744094 -1.692913 0.484252,
        4.822835 -1.690230 0.504631,
        4.744094 -1.690230 0.504631,
        4.822835 -1.682364 0.523622,
        4.744094 -1.682364 0.523622,
        4.822835 -1.669851 0.539930,
        4.744094 -1.669851 0.539930,
        4.822835 -1.653543 0.552443,
        4.744094 -1.653543 0.552443,
        4.822835 -1.634553 0.560309,
        4.744094 -1.634553 0.560309,
        4.822835 -1.614173 0.562992,
        4.744094 -1.614173 0.562992,
        4.822835 -0.964567 0.562992,
        4.744094 -0.964567 0.562992,
        4.744094 -0.951830 0.564669,
        4.822835 -0.951830 0.564669,
        4.744094 -0.939961 0.569585,
        4.822835 -0.939961 0.569585,
        4.744094 -0.929769 0.577406,
        4.822835 -0.929769 0.577406,
        4.744094 -0.921948 0.587598,
        4.822835 -0.921948 0.587598,
        4.744094 -0.917031 0.599468,
        4.822835 -0.917031 0.599468,
        4.744094 -0.915354 0.612205,
        4.822835 -0.915354 0.612205,
        4.744094 -0.917031 0.624942,
        4.822835 -0.917031 0.624942,
        4.744094 -0.921948 0.636811,
        4.822835 -0.921948 0.636811,
        4.744094 -0.929769 0.647003,
        4.822835 -0.929769 0.647003,
        4.744094 -0.939961 0.654824,
        4.822835 -0.939961 0.654824,
        4.744094 -0.951830 0.659741,
        4.822835 -0.951830 0.659741,
        4.744094 -0.964567 0.661417,
        4.822835 -0.964567 0.661417,
        4.822835 -1.811024 0.661417,
        4.744094 -1.811024 0.661417,
        4.822835 -1.811024 0.787402,
        4.744094 -1.811024 0.787402,
        8.169291 -1.909449 0.661417,
        8.169291 -1.909449 0.787402,
        8.090551 -1.909449 0.661417,
        8.090551 -1.909449 0.787402,
        8.169291 -1.889764 0.661417,
        8.090551 -1.889764 0.661417,
        8.169291 -1.889764 0.590551,
        8.090551 -1.889764 0.590551,
        8.169291 -1.909449 0.590551,
        8.090551 -1.909449 0.590551,
        8.169291 -1.909449 0.531496,
        8.090551 -1.909449 0.531496,
        8.169291 -1.889764 0.531496,
        8.090551 -1.889764 0.531496,
        8.169291 -1.889764 0.413386,
        8.090551 -1.889764 0.413386,
        8.169291 -1.909449 0.413386,
        8.090551 -1.909449 0.413386,
        8.169291 -1.909449 0.354331,
        8.090551 -1.909449 0.354331,
        8.169291 -1.889764 0.354331,
        8.090551 -1.889764 0.354331,
        8.169291 -1.889764 0.349870,
        8.090551 -1.889764 0.349870,
        8.169291 -2.086614 0.118110,
        8.090551 -2.086614 0.118110,
        8.169291 -2.374016 0.118110,
        8.090551 -2.374016 0.118110,
        8.090551 -2.381148 0.117171,
        8.169291 -2.381148 0.117171,
        8.090551 -2.387795 0.114418,
        8.169291 -2.387795 0.114418,
        8.090551 -2.393503 0.110038,
        8.169291 -2.393503 0.110038,
        8.090551 -2.397883 0.104331,
        8.169291 -2.397883 0.104331,
        8.090551 -2.400636 0.097684,
        8.169291 -2.400636 0.097684,
        8.090551 -2.401575 0.090551,
        8.169291 -2.401575 0.090551,
        8.169291 -2.401575 0.027559,
        8.090551 -2.401575 0.027559,
        8.090551 -2.400636 0.020426,
        8.169291 -2.400636 0.020426,
        8.090551 -2.397883 0.013780,
        8.169291 -2.397883 0.013780,
        8.090551 -2.393503 0.008072,
        8.169291 -2.393503 0.008072,
        8.090551 -2.387795 0.003692,
        8.169291 -2.387795 0.003692,
        8.090551 -2.381148 0.000939,
        8.169291 -2.381148 0.000939,
        8.090551 -2.374016 0.000000,
        8.169291 -2.374016 0.000000,
        8.169291 -2.204724 0.000000,
        8.090551 -2.204724 0.000000,
        8.169291 -2.184660 0.023622,
        8.090551 -2.184660 0.023622,
        8.169291 -1.909449 0.023622,
        8.090551 -1.909449 0.023622,
        8.169291 -1.909449 0.118110,
        8.090551 -1.909449 0.118110,
        8.169291 -1.594488 0.118110,
        8.090551 -1.594488 0.118110,
        8.169291 -0.898306 0.213933,
        8.090551 -0.898306 0.213933,
        8.169291 -0.843188 0.202053,
        8.090551 -0.843188 0.202053,
        8.090551 -0.833121 0.201209,
        8.169291 -0.833121 0.201209,
        8.090551 -0.823172 0.202954,
        8.169291 -0.823172 0.202954,
        8.090551 -0.813993 0.207174,
        8.169291 -0.813993 0.207174,
        8.090551 -0.806191 0.213591,
        8.169291 -0.806191 0.213591,
        8.090551 -0.800278 0.221782,
        8.169291 -0.800278 0.221782,
        8.090551 -0.796645 0.231208,
        8.169291 -0.796645 0.231208,
        8.090551 -0.795529 0.241248,
        8.169291 -0.795529 0.241248,
        8.090551 -0.797006 0.251241,
        8.169291 -0.797006 0.251241,
        8.090551 -0.800976 0.260530,
        8.169291 -0.800976 0.260530,
        8.090551 -0.807180 0.268503,
        8.169291 -0.807180 0.268503,
        8.090551 -0.815208 0.274635,
        8.169291 -0.815208 0.274635,
        8.169291 -0.905512 0.326772,
        8.090551 -0.905512 0.326772,
        8.169291 -0.905512 0.267717,
        8.090551 -0.905512 0.267717,
        8.169291 -0.906183 0.262622,
        8.090551 -0.906183 0.262622,
        8.169291 -0.908149 0.257874,
        8.090551 -0.908149 0.257874,
        8.169291 -0.911278 0.253797,
        8.090551 -0.911278 0.253797,
        8.169291 -0.915354 0.250669,
        8.090551 -0.915354 0.250669,
        8.169291 -0.920102 0.248702,
        8.090551 -0.920102 0.248702,
        8.169291 -0.925197 0.248031,
        8.090551 -0.925197 0.248031,
        8.169291 -1.535433 0.248031,
        8.090551 -1.535433 0.248031,
        8.169291 -1.570476 0.251980,
        8.090551 -1.570476 0.251980,
        8.169291 -1.603761 0.263627,
        8.090551 -1.603761 0.263627,
        8.169291 -1.633620 0.282389,
        8.090551 -1.633620 0.282389,
        8.169291 -1.658556 0.307324,
        8.090551 -1.658556 0.307324,
        8.169291 -1.677318 0.337184,
        8.090551 -1.677318 0.337184,
        8.169291 -1.688965 0.370469,
        8.090551 -1.688965 0.370469,
        8.169291 -1.692913 0.405512,
        8.090551 -1.692913 0.405512,
        8.169291 -1.692913 0.484252,
        8.090551 -1.692913 0.484252,
        8.169291 -1.690230 0.504631,
        8.090551 -1.690230 0.504631,
        8.169291 -1.682364 0.523622,
        8.090551 -1.682364 0.523622,
        8.169291 -1.669851 0.539930,
        8.090551 -1.669851 0.539930,
        8.169291 -1.653543 0.552443,
        8.090551 -1.653543 0.552443,
        8.169291 -1.634553 0.560309,
        8.090551 -1.634553 0.560309,
        8.169291 -1.614173 0.562992,
        8.090551 -1.614173 0.562992,
        8.169291 -0.964567 0.562992,
        8.090551 -0.964567 0.562992,
        8.090551 -0.951830 0.564669,
        8.169291 -0.951830 0.564669,
        8.090551 -0.939961 0.569585,
        8.169291 -0.939961 0.569585,
        8.090551 -0.929769 0.577406,
        8.169291 -0.929769 0.577406,
        8.090551 -0.921948 0.587598,
        8.169291 -0.921948 0.587598,
        8.090551 -0.917031 0.599468,
        8.169291 -0.917031 0.599468,
        8.090551 -0.915354 0.612205,
        8.169291 -0.915354 0.612205,
        8.090551 -0.917031 0.624942,
        8.169291 -0.917031 0.624942,
        8.090551 -0.921948 0.636811,
        8.169291 -0.921948 0.636811,
        8.090551 -0.929769 0.647003,
        8.169291 -0.929769 0.647003,
        8.090551 -0.939961 0.654824,
        8.169291 -0.939961 0.654824,
        8.090551 -0.951830 0.659741,
        8.169291 -0.951830 0.659741,
        8.090551 -0.964567 0.661417,
        8.169291 -0.964567 0.661417,
        8.169291 -1.811024 0.661417,
        8.090551 -1.811024 0.661417,
        8.169291 -1.811024 0.787402,
        8.090551 -1.811024 0.787402,
      ]
    }
    coordIndex [
      0, 1, 2, -1,
      2, 1, 3, -1,
      4, 0, 5, -1,
      5, 0, 2, -1,
      6, 4, 7, -1,
      7, 4, 5, -1,
      8, 6, 9, -1,
      9, 6, 7, -1,
      10, 8, 11, -1,
      11, 8, 9, -1,
      12, 10, 13, -1,
      13, 10, 11, -1,
      14, 12, 15, -1,
      15, 12, 13, -1,
      16, 14, 17, -1,
      17, 14, 15, -1,
      18, 16, 19, -1,
      19, 16, 17, -1,
      20, 18, 21, -1,
      21, 18, 19, -1,
      22, 20, 23, -1,
      23, 20, 21, -1,
      24, 22, 25, -1,
      25, 22, 23, -1,
      26, 24, 27, -1,
      27, 24, 25, -1,
      26, 27, 28, -1,
      26, 28, 29, -1,
      29, 28, 30, -1,
      29, 30, 31, -1,
      31, 30, 32, -1,
      31, 32, 33, -1,
      33, 32, 34, -1,
      33, 34, 35, -1,
      35, 34, 36, -1,
      35, 36, 37, -1,
      37, 36, 38, -1,
      37, 38, 39, -1,
      40, 39, 41, -1,
      41, 39, 38, -1,
      40, 41, 42, -1,
      40, 42, 43, -1,
      43, 42, 44, -1,
      43, 44, 45, -1,
      45, 44, 46, -1,
      45, 46, 47, -1,
      47, 46, 48, -1,
      47, 48, 49, -1,
      49, 48, 50, -1,
      49, 50, 51, -1,
      51, 50, 52, -1,
      51, 52, 53, -1,
      54, 53, 55, -1,
      55, 53, 52, -1,
      56, 54, 57, -1,
      57, 54, 55, -1,
      58, 56, 59, -1,
      59, 56, 57, -1,
      60, 58, 61, -1,
      61, 58, 59, -1,
      62, 60, 63, -1,
      63, 60, 61, -1,
      64, 62, 65, -1,
      65, 62, 63, -1,
      66, 64, 67, -1,
      67, 64, 65, -1,
      66, 67, 68, -1,
      66, 68, 69, -1,
      69, 68, 70, -1,
      69, 70, 71, -1,
      71, 70, 72, -1,
      71, 72, 73, -1,
      73, 72, 74, -1,
      73, 74, 75, -1,
      75, 74, 76, -1,
      75, 76, 77, -1,
      77, 76, 78, -1,
      77, 78, 79, -1,
      79, 78, 80, -1,
      79, 80, 81, -1,
      81, 80, 82, -1,
      81, 82, 83, -1,
      83, 82, 84, -1,
      83, 84, 85, -1,
      85, 84, 86, -1,
      85, 86, 87, -1,
      87, 86, 88, -1,
      87, 88, 89, -1,
      90, 89, 91, -1,
      91, 89, 88, -1,
      92, 90, 93, -1,
      93, 90, 91, -1,
      92, 93, 94, -1,
      94, 93, 95, -1,
      94, 95, 96, -1,
      96, 95, 97, -1,
      96, 97, 98, -1,
      98, 97, 99, -1,
      98, 99, 100, -1,
      100, 99, 101, -1,
      100, 101, 102, -1,
      102, 101, 103, -1,
      102, 103, 104, -1,
      104, 103, 105, -1,
      106, 104, 107, -1,
      107, 104, 105, -1,
      106, 107, 108, -1,
      108, 107, 109, -1,
      108, 109, 110, -1,
      110, 109, 111, -1,
      110, 111, 112, -1,
      112, 111, 113, -1,
      112, 113, 114, -1,
      114, 113, 115, -1,
      114, 115, 116, -1,
      116, 115, 117, -1,
      116, 117, 118, -1,
      118, 117, 119, -1,
      118, 119, 120, -1,
      120, 119, 121, -1,
      122, 120, 123, -1,
      123, 120, 121, -1,
      122, 123, 124, -1,
      124, 123, 125, -1,
      124, 125, 126, -1,
      126, 125, 127, -1,
      126, 127, 128, -1,
      128, 127, 129, -1,
      128, 129, 130, -1,
      130, 129, 131, -1,
      130, 131, 132, -1,
      132, 131, 133, -1,
      132, 133, 134, -1,
      134, 133, 135, -1,
      136, 134, 137, -1,
      137, 134, 135, -1,
      136, 137, 138, -1,
      136, 138, 139, -1,
      139, 138, 140, -1,
      139, 140, 141, -1,
      141, 140, 142, -1,
      141, 142, 143, -1,
      143, 142, 144, -1,
      143, 144, 145, -1,
      145, 144, 146, -1,
      145, 146, 147, -1,
      147, 146, 148, -1,
      147, 148, 149, -1,
      149, 148, 150, -1,
      149, 150, 151, -1,
      151, 150, 152, -1,
      151, 152, 153, -1,
      153, 152, 154, -1,
      153, 154, 155, -1,
      155, 154, 156, -1,
      155, 156, 157, -1,
      157, 156, 158, -1,
      157, 158, 159, -1,
      159, 158, 160, -1,
      159, 160, 161, -1,
      162, 161, 163, -1,
      163, 161, 160, -1,
      164, 162, 165, -1,
      165, 162, 163, -1,
      1, 164, 3, -1,
      3, 164, 165, -1,
      6, 8, 10, -1,
      56, 58, 60, -1,
      1, 0, 164, -1,
      164, 0, 4, -1,
      164, 4, 162, -1,
      162, 4, 6, -1,
      64, 66, 89, -1,
      89, 90, 64, -1,
      64, 90, 92, -1,
      64, 92, 94, -1,
      94, 96, 64, -1,
      64, 96, 98, -1,
      64, 98, 100, -1,
      69, 71, 79, -1,
      60, 29, 56, -1,
      56, 29, 53, -1,
      56, 53, 54, -1,
      16, 18, 14, -1,
      14, 18, 20, -1,
      14, 20, 62, -1,
      62, 20, 22, -1,
      62, 22, 60, -1,
      60, 22, 24, -1,
      60, 24, 29, -1,
      29, 24, 26, -1,
      6, 10, 162, -1,
      162, 10, 12, -1,
      162, 12, 124, -1,
      124, 126, 162, -1,
      162, 126, 128, -1,
      162, 128, 130, -1,
      69, 79, 66, -1,
      66, 79, 81, -1,
      66, 81, 83, -1,
      83, 85, 66, -1,
      66, 85, 87, -1,
      66, 87, 89, -1,
      130, 132, 162, -1,
      162, 132, 134, -1,
      162, 134, 161, -1,
      161, 134, 136, -1,
      71, 73, 79, -1,
      79, 73, 75, -1,
      79, 75, 77, -1,
      33, 35, 37, -1,
      40, 43, 53, -1,
      53, 43, 45, -1,
      45, 47, 53, -1,
      53, 47, 49, -1,
      53, 49, 51, -1,
      161, 149, 159, -1,
      159, 149, 157, -1,
      40, 53, 39, -1,
      39, 53, 29, -1,
      39, 29, 37, -1,
      37, 29, 31, -1,
      37, 31, 33, -1,
      136, 139, 161, -1,
      161, 139, 141, -1,
      161, 141, 143, -1,
      157, 149, 155, -1,
      155, 149, 151, -1,
      155, 151, 153, -1,
      108, 110, 62, -1,
      62, 110, 112, -1,
      62, 112, 14, -1,
      14, 112, 114, -1,
      14, 114, 116, -1,
      116, 118, 14, -1,
      14, 118, 120, -1,
      14, 120, 12, -1,
      12, 120, 122, -1,
      12, 122, 124, -1,
      143, 145, 161, -1,
      161, 145, 147, -1,
      161, 147, 149, -1,
      100, 102, 64, -1,
      64, 102, 104, -1,
      64, 104, 62, -1,
      62, 104, 106, -1,
      62, 106, 108, -1,
      21, 19, 17, -1,
      11, 9, 13, -1,
      13, 9, 7, -1,
      17, 15, 21, -1,
      21, 15, 163, -1,
      21, 163, 23, -1,
      61, 59, 25, -1,
      25, 59, 57, -1,
      25, 57, 27, -1,
      2, 3, 5, -1,
      5, 3, 165, -1,
      5, 165, 7, -1,
      7, 165, 163, -1,
      7, 163, 13, -1,
      13, 163, 15, -1,
      42, 41, 52, -1,
      52, 41, 38, -1,
      52, 38, 55, -1,
      34, 32, 57, -1,
      65, 103, 101, -1,
      88, 67, 91, -1,
      91, 67, 65, -1,
      91, 65, 93, -1,
      93, 65, 95, -1,
      129, 163, 131, -1,
      131, 163, 133, -1,
      55, 38, 57, -1,
      57, 38, 36, -1,
      57, 36, 34, -1,
      101, 99, 65, -1,
      65, 99, 97, -1,
      65, 97, 95, -1,
      160, 137, 163, -1,
      163, 137, 135, -1,
      163, 135, 133, -1,
      129, 127, 163, -1,
      163, 127, 125, -1,
      163, 125, 23, -1,
      23, 125, 123, -1,
      23, 123, 121, -1,
      121, 119, 23, -1,
      23, 119, 117, -1,
      23, 117, 115, -1,
      50, 48, 46, -1,
      32, 30, 57, -1,
      57, 30, 28, -1,
      57, 28, 27, -1,
      88, 86, 67, -1,
      67, 86, 84, -1,
      67, 84, 82, -1,
      76, 74, 67, -1,
      67, 74, 72, -1,
      67, 72, 68, -1,
      68, 72, 70, -1,
      115, 113, 23, -1,
      23, 113, 111, -1,
      23, 111, 109, -1,
      50, 46, 52, -1,
      52, 46, 44, -1,
      52, 44, 42, -1,
      82, 80, 67, -1,
      67, 80, 78, -1,
      67, 78, 76, -1,
      25, 23, 61, -1,
      61, 23, 109, -1,
      61, 109, 63, -1,
      63, 109, 107, -1,
      63, 107, 65, -1,
      65, 107, 105, -1,
      65, 105, 103, -1,
      148, 160, 150, -1,
      150, 160, 158, -1,
      158, 156, 150, -1,
      150, 156, 154, -1,
      150, 154, 152, -1,
      148, 146, 160, -1,
      160, 146, 144, -1,
      160, 144, 142, -1,
      142, 140, 160, -1,
      160, 140, 138, -1,
      160, 138, 137, -1,
      166, 167, 168, -1,
      168, 167, 169, -1,
      170, 166, 171, -1,
      171, 166, 168, -1,
      172, 170, 173, -1,
      173, 170, 171, -1,
      174, 172, 175, -1,
      175, 172, 173, -1,
      176, 174, 177, -1,
      177, 174, 175, -1,
      178, 176, 179, -1,
      179, 176, 177, -1,
      180, 178, 181, -1,
      181, 178, 179, -1,
      182, 180, 183, -1,
      183, 180, 181, -1,
      184, 182, 185, -1,
      185, 182, 183, -1,
      186, 184, 187, -1,
      187, 184, 185, -1,
      188, 186, 189, -1,
      189, 186, 187, -1,
      190, 188, 191, -1,
      191, 188, 189, -1,
      192, 190, 193, -1,
      193, 190, 191, -1,
      192, 193, 194, -1,
      192, 194, 195, -1,
      195, 194, 196, -1,
      195, 196, 197, -1,
      197, 196, 198, -1,
      197, 198, 199, -1,
      199, 198, 200, -1,
      199, 200, 201, -1,
      201, 200, 202, -1,
      201, 202, 203, -1,
      203, 202, 204, -1,
      203, 204, 205, -1,
      206, 205, 207, -1,
      207, 205, 204, -1,
      206, 207, 208, -1,
      206, 208, 209, -1,
      209, 208, 210, -1,
      209, 210, 211, -1,
      211, 210, 212, -1,
      211, 212, 213, -1,
      213, 212, 214, -1,
      213, 214, 215, -1,
      215, 214, 216, -1,
      215, 216, 217, -1,
      217, 216, 218, -1,
      217, 218, 219, -1,
      220, 219, 221, -1,
      221, 219, 218, -1,
      222, 220, 223, -1,
      223, 220, 221, -1,
      224, 222, 225, -1,
      225, 222, 223, -1,
      226, 224, 227, -1,
      227, 224, 225, -1,
      228, 226, 229, -1,
      229, 226, 227, -1,
      230, 228, 231, -1,
      231, 228, 229, -1,
      232, 230, 233, -1,
      233, 230, 231, -1,
      232, 233, 234, -1,
      232, 234, 235, -1,
      235, 234, 236, -1,
      235, 236, 237, -1,
      237, 236, 238, -1,
      237, 238, 239, -1,
      239, 238, 240, -1,
      239, 240, 241, -1,
      241, 240, 242, -1,
      241, 242, 243, -1,
      243, 242, 244, -1,
      243, 244, 245, -1,
      245, 244, 246, -1,
      245, 246, 247, -1,
      247, 246, 248, -1,
      247, 248, 249, -1,
      249, 248, 250, -1,
      249, 250, 251, -1,
      251, 250, 252, -1,
      251, 252, 253, -1,
      253, 252, 254, -1,
      253, 254, 255, -1,
      256, 255, 257, -1,
      257, 255, 254, -1,
      258, 256, 259, -1,
      259, 256, 257, -1,
      258, 259, 260, -1,
      260, 259, 261, -1,
      260, 261, 262, -1,
      262, 261, 263, -1,
      262, 263, 264, -1,
      264, 263, 265, -1,
      264, 265, 266, -1,
      266, 265, 267, -1,
      266, 267, 268, -1,
      268, 267, 269, -1,
      268, 269, 270, -1,
      270, 269, 271, -1,
      272, 270, 273, -1,
      273, 270, 271, -1,
      272, 273, 274, -1,
      274, 273, 275, -1,
      274, 275, 276, -1,
      276, 275, 277, -1,
      276, 277, 278, -1,
      278, 277, 279, -1,
      278, 279, 280, -1,
      280, 279, 281, -1,
      280, 281, 282, -1,
      282, 281, 283, -1,
      282, 283, 284, -1,
      284, 283, 285, -1,
      284, 285, 286, -1,
      286, 285, 287, -1,
      288, 286, 289, -1,
      289, 286, 287, -1,
      288, 289, 290, -1,
      290, 289, 291, -1,
      290, 291, 292, -1,
      292, 291, 293, -1,
      292, 293, 294, -1,
      294, 293, 295, -1,
      294, 295, 296, -1,
      296, 295, 297, -1,
      296, 297, 298, -1,
      298, 297, 299, -1,
      298, 299, 300, -1,
      300, 299, 301, -1,
      302, 300, 303, -1,
      303, 300, 301, -1,
      302, 303, 304, -1,
      302, 304, 305, -1,
      305, 304, 306, -1,
      305, 306, 307, -1,
      307, 306, 308, -1,
      307, 308, 309, -1,
      309, 308, 310, -1,
      309, 310, 311, -1,
      311, 310, 312, -1,
      311, 312, 313, -1,
      313, 312, 314, -1,
      313, 314, 315, -1,
      315, 314, 316, -1,
      315, 316, 317, -1,
      317, 316, 318, -1,
      317, 318, 319, -1,
      319, 318, 320, -1,
      319, 320, 321, -1,
      321, 320, 322, -1,
      321, 322, 323, -1,
      323, 322, 324, -1,
      323, 324, 325, -1,
      325, 324, 326, -1,
      325, 326, 327, -1,
      328, 327, 329, -1,
      329, 327, 326, -1,
      330, 328, 331, -1,
      331, 328, 329, -1,
      167, 330, 169, -1,
      169, 330, 331, -1,
      172, 174, 176, -1,
      222, 224, 226, -1,
      167, 166, 330, -1,
      330, 166, 170, -1,
      330, 170, 328, -1,
      328, 170, 172, -1,
      241, 243, 255, -1,
      260, 230, 258, -1,
      258, 230, 256, -1,
      260, 262, 230, -1,
      230, 262, 264, -1,
      230, 264, 266, -1,
      256, 230, 255, -1,
      255, 230, 232, -1,
      255, 232, 235, -1,
      226, 195, 222, -1,
      222, 195, 219, -1,
      222, 219, 220, -1,
      182, 184, 180, -1,
      180, 184, 186, -1,
      180, 186, 228, -1,
      228, 186, 188, -1,
      228, 188, 226, -1,
      226, 188, 190, -1,
      226, 190, 195, -1,
      195, 190, 192, -1,
      172, 176, 328, -1,
      328, 176, 178, -1,
      328, 178, 290, -1,
      290, 292, 328, -1,
      328, 292, 294, -1,
      328, 294, 296, -1,
      235, 237, 255, -1,
      255, 237, 239, -1,
      255, 239, 241, -1,
      247, 249, 245, -1,
      245, 249, 251, -1,
      245, 251, 243, -1,
      243, 251, 253, -1,
      243, 253, 255, -1,
      311, 313, 327, -1,
      199, 201, 203, -1,
      206, 209, 219, -1,
      219, 209, 211, -1,
      211, 213, 219, -1,
      219, 213, 215, -1,
      219, 215, 217, -1,
      296, 298, 328, -1,
      328, 298, 300, -1,
      328, 300, 327, -1,
      327, 300, 302, -1,
      327, 302, 305, -1,
      206, 219, 205, -1,
      205, 219, 195, -1,
      205, 195, 203, -1,
      203, 195, 197, -1,
      203, 197, 199, -1,
      274, 276, 228, -1,
      228, 276, 278, -1,
      228, 278, 180, -1,
      180, 278, 280, -1,
      180, 280, 282, -1,
      305, 307, 327, -1,
      327, 307, 309, -1,
      327, 309, 311, -1,
      323, 317, 321, -1,
      321, 317, 319, -1,
      313, 315, 327, -1,
      327, 315, 317, -1,
      327, 317, 325, -1,
      325, 317, 323, -1,
      282, 284, 180, -1,
      180, 284, 286, -1,
      180, 286, 178, -1,
      178, 286, 288, -1,
      178, 288, 290, -1,
      266, 268, 230, -1,
      230, 268, 270, -1,
      230, 270, 228, -1,
      228, 270, 272, -1,
      228, 272, 274, -1,
      187, 185, 183, -1,
      227, 225, 191, -1,
      191, 225, 223, -1,
      191, 223, 193, -1,
      183, 181, 187, -1,
      187, 181, 329, -1,
      187, 329, 189, -1,
      177, 175, 179, -1,
      179, 175, 173, -1,
      208, 207, 218, -1,
      218, 207, 204, -1,
      218, 204, 221, -1,
      200, 198, 223, -1,
      231, 269, 267, -1,
      254, 233, 257, -1,
      257, 233, 231, -1,
      257, 231, 259, -1,
      259, 231, 261, -1,
      295, 329, 297, -1,
      297, 329, 299, -1,
      221, 204, 223, -1,
      223, 204, 202, -1,
      223, 202, 200, -1,
      168, 169, 171, -1,
      171, 169, 331, -1,
      171, 331, 173, -1,
      173, 331, 329, -1,
      173, 329, 179, -1,
      179, 329, 181, -1,
      254, 252, 233, -1,
      233, 252, 250, -1,
      233, 250, 248, -1,
      267, 265, 231, -1,
      231, 265, 263, -1,
      231, 263, 261, -1,
      326, 303, 329, -1,
      329, 303, 301, -1,
      329, 301, 299, -1,
      287, 285, 189, -1,
      189, 285, 283, -1,
      189, 283, 281, -1,
      281, 279, 189, -1,
      189, 279, 277, -1,
      189, 277, 275, -1,
      216, 214, 212, -1,
      198, 196, 223, -1,
      223, 196, 194, -1,
      223, 194, 193, -1,
      236, 234, 244, -1,
      244, 234, 233, -1,
      244, 233, 246, -1,
      246, 233, 248, -1,
      236, 244, 238, -1,
      238, 244, 242, -1,
      238, 242, 240, -1,
      310, 308, 326, -1,
      295, 293, 329, -1,
      329, 293, 291, -1,
      329, 291, 189, -1,
      189, 291, 289, -1,
      189, 289, 287, -1,
      216, 212, 218, -1,
      218, 212, 210, -1,
      218, 210, 208, -1,
      191, 189, 227, -1,
      227, 189, 275, -1,
      227, 275, 229, -1,
      229, 275, 273, -1,
      229, 273, 231, -1,
      231, 273, 271, -1,
      231, 271, 269, -1,
      324, 322, 314, -1,
      314, 322, 320, -1,
      314, 320, 316, -1,
      316, 320, 318, -1,
      324, 314, 326, -1,
      326, 314, 312, -1,
      326, 312, 310, -1,
      308, 306, 326, -1,
      326, 306, 304, -1,
      326, 304, 303, -1,
      332, 333, 334, -1,
      334, 333, 335, -1,
      336, 332, 337, -1,
      337, 332, 334, -1,
      338, 336, 339, -1,
      339, 336, 337, -1,
      340, 338, 341, -1,
      341, 338, 339, -1,
      342, 340, 343, -1,
      343, 340, 341, -1,
      344, 342, 345, -1,
      345, 342, 343, -1,
      346, 344, 347, -1,
      347, 344, 345, -1,
      348, 346, 349, -1,
      349, 346, 347, -1,
      350, 348, 351, -1,
      351, 348, 349, -1,
      352, 350, 353, -1,
      353, 350, 351, -1,
      354, 352, 355, -1,
      355, 352, 353, -1,
      356, 354, 357, -1,
      357, 354, 355, -1,
      358, 356, 359, -1,
      359, 356, 357, -1,
      358, 359, 360, -1,
      358, 360, 361, -1,
      361, 360, 362, -1,
      361, 362, 363, -1,
      363, 362, 364, -1,
      363, 364, 365, -1,
      365, 364, 366, -1,
      365, 366, 367, -1,
      367, 366, 368, -1,
      367, 368, 369, -1,
      369, 368, 370, -1,
      369, 370, 371, -1,
      372, 371, 373, -1,
      373, 371, 370, -1,
      372, 373, 374, -1,
      372, 374, 375, -1,
      375, 374, 376, -1,
      375, 376, 377, -1,
      377, 376, 378, -1,
      377, 378, 379, -1,
      379, 378, 380, -1,
      379, 380, 381, -1,
      381, 380, 382, -1,
      381, 382, 383, -1,
      383, 382, 384, -1,
      383, 384, 385, -1,
      386, 385, 387, -1,
      387, 385, 384, -1,
      388, 386, 389, -1,
      389, 386, 387, -1,
      390, 388, 391, -1,
      391, 388, 389, -1,
      392, 390, 393, -1,
      393, 390, 391, -1,
      394, 392, 395, -1,
      395, 392, 393, -1,
      396, 394, 397, -1,
      397, 394, 395, -1,
      398, 396, 399, -1,
      399, 396, 397, -1,
      398, 399, 400, -1,
      398, 400, 401, -1,
      401, 400, 402, -1,
      401, 402, 403, -1,
      403, 402, 404, -1,
      403, 404, 405, -1,
      405, 404, 406, -1,
      405, 406, 407, -1,
      407, 406, 408, -1,
      407, 408, 409, -1,
      409, 408, 410, -1,
      409, 410, 411, -1,
      411, 410, 412, -1,
      411, 412, 413, -1,
      413, 412, 414, -1,
      413, 414, 415, -1,
      415, 414, 416, -1,
      415, 416, 417, -1,
      417, 416, 418, -1,
      417, 418, 419, -1,
      419, 418, 420, -1,
      419, 420, 421, -1,
      422, 421, 423, -1,
      423, 421, 420, -1,
      424, 422, 425, -1,
      425, 422, 423, -1,
      424, 425, 426, -1,
      426, 425, 427, -1,
      426, 427, 428, -1,
      428, 427, 429, -1,
      428, 429, 430, -1,
      430, 429, 431, -1,
      430, 431, 432, -1,
      432, 431, 433, -1,
      432, 433, 434, -1,
      434, 433, 435, -1,
      434, 435, 436, -1,
      436, 435, 437, -1,
      438, 436, 439, -1,
      439, 436, 437, -1,
      438, 439, 440, -1,
      440, 439, 441, -1,
      440, 441, 442, -1,
      442, 441, 443, -1,
      442, 443, 444, -1,
      444, 443, 445, -1,
      444, 445, 446, -1,
      446, 445, 447, -1,
      446, 447, 448, -1,
      448, 447, 449, -1,
      448, 449, 450, -1,
      450, 449, 451, -1,
      450, 451, 452, -1,
      452, 451, 453, -1,
      454, 452, 455, -1,
      455, 452, 453, -1,
      454, 455, 456, -1,
      456, 455, 457, -1,
      456, 457, 458, -1,
      458, 457, 459, -1,
      458, 459, 460, -1,
      460, 459, 461, -1,
      460, 461, 462, -1,
      462, 461, 463, -1,
      462, 463, 464, -1,
      464, 463, 465, -1,
      464, 465, 466, -1,
      466, 465, 467, -1,
      468, 466, 469, -1,
      469, 466, 467, -1,
      468, 469, 470, -1,
      468, 470, 471, -1,
      471, 470, 472, -1,
      471, 472, 473, -1,
      473, 472, 474, -1,
      473, 474, 475, -1,
      475, 474, 476, -1,
      475, 476, 477, -1,
      477, 476, 478, -1,
      477, 478, 479, -1,
      479, 478, 480, -1,
      479, 480, 481, -1,
      481, 480, 482, -1,
      481, 482, 483, -1,
      483, 482, 484, -1,
      483, 484, 485, -1,
      485, 484, 486, -1,
      485, 486, 487, -1,
      487, 486, 488, -1,
      487, 488, 489, -1,
      489, 488, 490, -1,
      489, 490, 491, -1,
      491, 490, 492, -1,
      491, 492, 493, -1,
      494, 493, 495, -1,
      495, 493, 492, -1,
      496, 494, 497, -1,
      497, 494, 495, -1,
      333, 496, 335, -1,
      335, 496, 497, -1,
      338, 340, 342, -1,
      388, 390, 392, -1,
      333, 332, 496, -1,
      496, 332, 336, -1,
      496, 336, 494, -1,
      494, 336, 338, -1,
      396, 398, 421, -1,
      421, 422, 396, -1,
      396, 422, 424, -1,
      396, 424, 426, -1,
      426, 428, 396, -1,
      396, 428, 430, -1,
      396, 430, 432, -1,
      401, 403, 411, -1,
      392, 361, 388, -1,
      388, 361, 385, -1,
      388, 385, 386, -1,
      348, 350, 346, -1,
      346, 350, 352, -1,
      346, 352, 394, -1,
      394, 352, 354, -1,
      394, 354, 392, -1,
      392, 354, 356, -1,
      392, 356, 361, -1,
      361, 356, 358, -1,
      338, 342, 494, -1,
      494, 342, 344, -1,
      494, 344, 456, -1,
      456, 458, 494, -1,
      494, 458, 460, -1,
      494, 460, 462, -1,
      401, 411, 398, -1,
      398, 411, 413, -1,
      398, 413, 415, -1,
      415, 417, 398, -1,
      398, 417, 419, -1,
      398, 419, 421, -1,
      462, 464, 494, -1,
      494, 464, 466, -1,
      494, 466, 493, -1,
      493, 466, 468, -1,
      493, 468, 491, -1,
      403, 405, 411, -1,
      411, 405, 407, -1,
      411, 407, 409, -1,
      365, 367, 369, -1,
      372, 375, 385, -1,
      385, 375, 377, -1,
      377, 379, 385, -1,
      385, 379, 381, -1,
      385, 381, 383, -1,
      372, 385, 371, -1,
      371, 385, 361, -1,
      371, 361, 369, -1,
      369, 361, 363, -1,
      369, 363, 365, -1,
      440, 442, 394, -1,
      394, 442, 444, -1,
      394, 444, 346, -1,
      346, 444, 446, -1,
      346, 446, 448, -1,
      473, 475, 483, -1,
      475, 477, 483, -1,
      483, 477, 479, -1,
      483, 479, 481, -1,
      485, 487, 468, -1,
      468, 487, 489, -1,
      468, 489, 491, -1,
      448, 450, 346, -1,
      346, 450, 452, -1,
      346, 452, 344, -1,
      344, 452, 454, -1,
      344, 454, 456, -1,
      485, 468, 483, -1,
      483, 468, 471, -1,
      483, 471, 473, -1,
      432, 434, 396, -1,
      396, 434, 436, -1,
      396, 436, 394, -1,
      394, 436, 438, -1,
      394, 438, 440, -1,
      353, 351, 349, -1,
      343, 341, 345, -1,
      345, 341, 339, -1,
      349, 347, 353, -1,
      353, 347, 495, -1,
      353, 495, 355, -1,
      393, 391, 357, -1,
      357, 391, 389, -1,
      357, 389, 359, -1,
      334, 335, 337, -1,
      337, 335, 497, -1,
      337, 497, 339, -1,
      339, 497, 495, -1,
      339, 495, 345, -1,
      345, 495, 347, -1,
      374, 373, 384, -1,
      384, 373, 370, -1,
      384, 370, 387, -1,
      366, 364, 389, -1,
      397, 435, 433, -1,
      420, 399, 423, -1,
      423, 399, 397, -1,
      423, 397, 425, -1,
      425, 397, 427, -1,
      461, 495, 463, -1,
      463, 495, 465, -1,
      387, 370, 389, -1,
      389, 370, 368, -1,
      389, 368, 366, -1,
      433, 431, 397, -1,
      397, 431, 429, -1,
      397, 429, 427, -1,
      492, 469, 495, -1,
      495, 469, 467, -1,
      495, 467, 465, -1,
      453, 451, 355, -1,
      355, 451, 449, -1,
      355, 449, 447, -1,
      447, 445, 355, -1,
      355, 445, 443, -1,
      355, 443, 441, -1,
      382, 380, 378, -1,
      364, 362, 389, -1,
      389, 362, 360, -1,
      389, 360, 359, -1,
      420, 418, 399, -1,
      399, 418, 416, -1,
      399, 416, 414, -1,
      408, 406, 399, -1,
      399, 406, 404, -1,
      399, 404, 400, -1,
      400, 404, 402, -1,
      461, 459, 495, -1,
      495, 459, 457, -1,
      495, 457, 355, -1,
      355, 457, 455, -1,
      355, 455, 453, -1,
      382, 378, 384, -1,
      384, 378, 376, -1,
      384, 376, 374, -1,
      414, 412, 399, -1,
      399, 412, 410, -1,
      399, 410, 408, -1,
      357, 355, 393, -1,
      393, 355, 441, -1,
      393, 441, 395, -1,
      395, 441, 439, -1,
      395, 439, 397, -1,
      397, 439, 437, -1,
      397, 437, 435, -1,
      492, 490, 469, -1,
      469, 490, 488, -1,
      469, 488, 486, -1,
      486, 484, 469, -1,
      469, 484, 482, -1,
      469, 482, 480, -1,
      480, 478, 469, -1,
      469, 478, 476, -1,
      469, 476, 470, -1,
      470, 476, 474, -1,
      470, 474, 472, -1,
      498, 499, 500, -1,
      500, 499, 501, -1,
      502, 498, 503, -1,
      503, 498, 500, -1,
      504, 502, 505, -1,
      505, 502, 503, -1,
      506, 504, 507, -1,
      507, 504, 505, -1,
      508, 506, 509, -1,
      509, 506, 507, -1,
      510, 508, 511, -1,
      511, 508, 509, -1,
      512, 510, 513, -1,
      513, 510, 511, -1,
      514, 512, 515, -1,
      515, 512, 513, -1,
      516, 514, 517, -1,
      517, 514, 515, -1,
      518, 516, 519, -1,
      519, 516, 517, -1,
      520, 518, 521, -1,
      521, 518, 519, -1,
      522, 520, 523, -1,
      523, 520, 521, -1,
      524, 522, 525, -1,
      525, 522, 523, -1,
      524, 525, 526, -1,
      524, 526, 527, -1,
      527, 526, 528, -1,
      527, 528, 529, -1,
      529, 528, 530, -1,
      529, 530, 531, -1,
      531, 530, 532, -1,
      531, 532, 533, -1,
      533, 532, 534, -1,
      533, 534, 535, -1,
      535, 534, 536, -1,
      535, 536, 537, -1,
      538, 537, 539, -1,
      539, 537, 536, -1,
      538, 539, 540, -1,
      538, 540, 541, -1,
      541, 540, 542, -1,
      541, 542, 543, -1,
      543, 542, 544, -1,
      543, 544, 545, -1,
      545, 544, 546, -1,
      545, 546, 547, -1,
      547, 546, 548, -1,
      547, 548, 549, -1,
      549, 548, 550, -1,
      549, 550, 551, -1,
      552, 551, 553, -1,
      553, 551, 550, -1,
      554, 552, 555, -1,
      555, 552, 553, -1,
      556, 554, 557, -1,
      557, 554, 555, -1,
      558, 556, 559, -1,
      559, 556, 557, -1,
      560, 558, 561, -1,
      561, 558, 559, -1,
      562, 560, 563, -1,
      563, 560, 561, -1,
      564, 562, 565, -1,
      565, 562, 563, -1,
      564, 565, 566, -1,
      564, 566, 567, -1,
      567, 566, 568, -1,
      567, 568, 569, -1,
      569, 568, 570, -1,
      569, 570, 571, -1,
      571, 570, 572, -1,
      571, 572, 573, -1,
      573, 572, 574, -1,
      573, 574, 575, -1,
      575, 574, 576, -1,
      575, 576, 577, -1,
      577, 576, 578, -1,
      577, 578, 579, -1,
      579, 578, 580, -1,
      579, 580, 581, -1,
      581, 580, 582, -1,
      581, 582, 583, -1,
      583, 582, 584, -1,
      583, 584, 585, -1,
      585, 584, 586, -1,
      585, 586, 587, -1,
      588, 587, 589, -1,
      589, 587, 586, -1,
      590, 588, 591, -1,
      591, 588, 589, -1,
      590, 591, 592, -1,
      592, 591, 593, -1,
      592, 593, 594, -1,
      594, 593, 595, -1,
      594, 595, 596, -1,
      596, 595, 597, -1,
      596, 597, 598, -1,
      598, 597, 599, -1,
      598, 599, 600, -1,
      600, 599, 601, -1,
      600, 601, 602, -1,
      602, 601, 603, -1,
      604, 602, 605, -1,
      605, 602, 603, -1,
      604, 605, 606, -1,
      606, 605, 607, -1,
      606, 607, 608, -1,
      608, 607, 609, -1,
      608, 609, 610, -1,
      610, 609, 611, -1,
      610, 611, 612, -1,
      612, 611, 613, -1,
      612, 613, 614, -1,
      614, 613, 615, -1,
      614, 615, 616, -1,
      616, 615, 617, -1,
      616, 617, 618, -1,
      618, 617, 619, -1,
      620, 618, 621, -1,
      621, 618, 619, -1,
      620, 621, 622, -1,
      622, 621, 623, -1,
      622, 623, 624, -1,
      624, 623, 625, -1,
      624, 625, 626, -1,
      626, 625, 627, -1,
      626, 627, 628, -1,
      628, 627, 629, -1,
      628, 629, 630, -1,
      630, 629, 631, -1,
      630, 631, 632, -1,
      632, 631, 633, -1,
      634, 632, 635, -1,
      635, 632, 633, -1,
      634, 635, 636, -1,
      634, 636, 637, -1,
      637, 636, 638, -1,
      637, 638, 639, -1,
      639, 638, 640, -1,
      639, 640, 641, -1,
      641, 640, 642, -1,
      641, 642, 643, -1,
      643, 642, 644, -1,
      643, 644, 645, -1,
      645, 644, 646, -1,
      645, 646, 647, -1,
      647, 646, 648, -1,
      647, 648, 649, -1,
      649, 648, 650, -1,
      649, 650, 651, -1,
      651, 650, 652, -1,
      651, 652, 653, -1,
      653, 652, 654, -1,
      653, 654, 655, -1,
      655, 654, 656, -1,
      655, 656, 657, -1,
      657, 656, 658, -1,
      657, 658, 659, -1,
      660, 659, 661, -1,
      661, 659, 658, -1,
      662, 660, 663, -1,
      663, 660, 661, -1,
      499, 662, 501, -1,
      501, 662, 663, -1,
      504, 506, 508, -1,
      554, 556, 558, -1,
      499, 498, 662, -1,
      662, 498, 502, -1,
      662, 502, 660, -1,
      660, 502, 504, -1,
      573, 575, 587, -1,
      592, 562, 590, -1,
      590, 562, 588, -1,
      592, 594, 562, -1,
      562, 594, 596, -1,
      562, 596, 598, -1,
      588, 562, 587, -1,
      587, 562, 564, -1,
      587, 564, 567, -1,
      558, 527, 554, -1,
      554, 527, 551, -1,
      554, 551, 552, -1,
      514, 516, 512, -1,
      512, 516, 518, -1,
      512, 518, 560, -1,
      560, 518, 520, -1,
      560, 520, 558, -1,
      558, 520, 522, -1,
      558, 522, 527, -1,
      527, 522, 524, -1,
      504, 508, 660, -1,
      660, 508, 510, -1,
      660, 510, 622, -1,
      567, 569, 587, -1,
      587, 569, 571, -1,
      587, 571, 573, -1,
      579, 581, 577, -1,
      577, 581, 583, -1,
      577, 583, 575, -1,
      575, 583, 585, -1,
      575, 585, 587, -1,
      622, 624, 660, -1,
      660, 624, 626, -1,
      660, 626, 628, -1,
      531, 533, 535, -1,
      643, 645, 659, -1,
      538, 541, 551, -1,
      551, 541, 543, -1,
      543, 545, 551, -1,
      551, 545, 547, -1,
      551, 547, 549, -1,
      614, 616, 512, -1,
      512, 616, 618, -1,
      512, 618, 510, -1,
      510, 618, 620, -1,
      510, 620, 622, -1,
      538, 551, 537, -1,
      537, 551, 527, -1,
      537, 527, 535, -1,
      535, 527, 529, -1,
      535, 529, 531, -1,
      606, 608, 560, -1,
      560, 608, 610, -1,
      560, 610, 512, -1,
      512, 610, 612, -1,
      512, 612, 614, -1,
      628, 630, 660, -1,
      660, 630, 632, -1,
      660, 632, 659, -1,
      659, 632, 634, -1,
      659, 634, 637, -1,
      637, 639, 659, -1,
      659, 639, 641, -1,
      659, 641, 643, -1,
      655, 649, 653, -1,
      653, 649, 651, -1,
      645, 647, 659, -1,
      659, 647, 649, -1,
      659, 649, 657, -1,
      657, 649, 655, -1,
      598, 600, 562, -1,
      562, 600, 602, -1,
      562, 602, 560, -1,
      560, 602, 604, -1,
      560, 604, 606, -1,
      519, 517, 515, -1,
      559, 557, 523, -1,
      523, 557, 555, -1,
      523, 555, 525, -1,
      515, 513, 519, -1,
      519, 513, 661, -1,
      519, 661, 521, -1,
      509, 507, 511, -1,
      511, 507, 505, -1,
      601, 599, 563, -1,
      540, 539, 550, -1,
      550, 539, 536, -1,
      550, 536, 553, -1,
      532, 530, 555, -1,
      599, 597, 563, -1,
      563, 597, 595, -1,
      563, 595, 593, -1,
      586, 565, 589, -1,
      589, 565, 563, -1,
      589, 563, 591, -1,
      591, 563, 593, -1,
      636, 635, 646, -1,
      627, 661, 629, -1,
      629, 661, 631, -1,
      553, 536, 555, -1,
      555, 536, 534, -1,
      555, 534, 532, -1,
      500, 501, 503, -1,
      503, 501, 663, -1,
      503, 663, 505, -1,
      505, 663, 661, -1,
      505, 661, 511, -1,
      511, 661, 513, -1,
      586, 584, 565, -1,
      565, 584, 582, -1,
      565, 582, 580, -1,
      658, 635, 661, -1,
      661, 635, 633, -1,
      661, 633, 631, -1,
      619, 617, 521, -1,
      521, 617, 615, -1,
      521, 615, 613, -1,
      613, 611, 521, -1,
      521, 611, 609, -1,
      521, 609, 607, -1,
      548, 546, 544, -1,
      530, 528, 555, -1,
      555, 528, 526, -1,
      555, 526, 525, -1,
      568, 566, 576, -1,
      576, 566, 565, -1,
      576, 565, 578, -1,
      578, 565, 580, -1,
      568, 576, 570, -1,
      570, 576, 574, -1,
      570, 574, 572, -1,
      644, 642, 640, -1,
      627, 625, 661, -1,
      661, 625, 623, -1,
      661, 623, 521, -1,
      521, 623, 621, -1,
      521, 621, 619, -1,
      548, 544, 550, -1,
      550, 544, 542, -1,
      550, 542, 540, -1,
      523, 521, 559, -1,
      559, 521, 607, -1,
      559, 607, 561, -1,
      561, 607, 605, -1,
      561, 605, 563, -1,
      563, 605, 603, -1,
      563, 603, 601, -1,
      658, 656, 635, -1,
      635, 656, 654, -1,
      635, 654, 652, -1,
      644, 640, 646, -1,
      646, 640, 638, -1,
      646, 638, 636, -1,
      652, 650, 635, -1,
      635, 650, 648, -1,
      635, 648, 646, -1,
      664, 665, 666, -1,
      666, 665, 667, -1,
      668, 664, 669, -1,
      669, 664, 666, -1,
      670, 668, 671, -1,
      671, 668, 669, -1,
      672, 670, 673, -1,
      673, 670, 671, -1,
      674, 672, 675, -1,
      675, 672, 673, -1,
      676, 674, 677, -1,
      677, 674, 675, -1,
      678, 676, 679, -1,
      679, 676, 677, -1,
      680, 678, 681, -1,
      681, 678, 679, -1,
      682, 680, 683, -1,
      683, 680, 681, -1,
      684, 682, 685, -1,
      685, 682, 683, -1,
      686, 684, 687, -1,
      687, 684, 685, -1,
      688, 686, 689, -1,
      689, 686, 687, -1,
      690, 688, 691, -1,
      691, 688, 689, -1,
      690, 691, 692, -1,
      690, 692, 693, -1,
      693, 692, 694, -1,
      693, 694, 695, -1,
      695, 694, 696, -1,
      695, 696, 697, -1,
      697, 696, 698, -1,
      697, 698, 699, -1,
      699, 698, 700, -1,
      699, 700, 701, -1,
      701, 700, 702, -1,
      701, 702, 703, -1,
      704, 703, 705, -1,
      705, 703, 702, -1,
      704, 705, 706, -1,
      704, 706, 707, -1,
      707, 706, 708, -1,
      707, 708, 709, -1,
      709, 708, 710, -1,
      709, 710, 711, -1,
      711, 710, 712, -1,
      711, 712, 713, -1,
      713, 712, 714, -1,
      713, 714, 715, -1,
      715, 714, 716, -1,
      715, 716, 717, -1,
      718, 717, 719, -1,
      719, 717, 716, -1,
      720, 718, 721, -1,
      721, 718, 719, -1,
      722, 720, 723, -1,
      723, 720, 721, -1,
      724, 722, 725, -1,
      725, 722, 723, -1,
      726, 724, 727, -1,
      727, 724, 725, -1,
      728, 726, 729, -1,
      729, 726, 727, -1,
      730, 728, 731, -1,
      731, 728, 729, -1,
      730, 731, 732, -1,
      730, 732, 733, -1,
      733, 732, 734, -1,
      733, 734, 735, -1,
      735, 734, 736, -1,
      735, 736, 737, -1,
      737, 736, 738, -1,
      737, 738, 739, -1,
      739, 738, 740, -1,
      739, 740, 741, -1,
      741, 740, 742, -1,
      741, 742, 743, -1,
      743, 742, 744, -1,
      743, 744, 745, -1,
      745, 744, 746, -1,
      745, 746, 747, -1,
      747, 746, 748, -1,
      747, 748, 749, -1,
      749, 748, 750, -1,
      749, 750, 751, -1,
      751, 750, 752, -1,
      751, 752, 753, -1,
      754, 753, 755, -1,
      755, 753, 752, -1,
      756, 754, 757, -1,
      757, 754, 755, -1,
      756, 757, 758, -1,
      758, 757, 759, -1,
      758, 759, 760, -1,
      760, 759, 761, -1,
      760, 761, 762, -1,
      762, 761, 763, -1,
      762, 763, 764, -1,
      764, 763, 765, -1,
      764, 765, 766, -1,
      766, 765, 767, -1,
      766, 767, 768, -1,
      768, 767, 769, -1,
      770, 768, 771, -1,
      771, 768, 769, -1,
      770, 771, 772, -1,
      772, 771, 773, -1,
      772, 773, 774, -1,
      774, 773, 775, -1,
      774, 775, 776, -1,
      776, 775, 777, -1,
      776, 777, 778, -1,
      778, 777, 779, -1,
      778, 779, 780, -1,
      780, 779, 781, -1,
      780, 781, 782, -1,
      782, 781, 783, -1,
      782, 783, 784, -1,
      784, 783, 785, -1,
      786, 784, 787, -1,
      787, 784, 785, -1,
      786, 787, 788, -1,
      788, 787, 789, -1,
      788, 789, 790, -1,
      790, 789, 791, -1,
      790, 791, 792, -1,
      792, 791, 793, -1,
      792, 793, 794, -1,
      794, 793, 795, -1,
      794, 795, 796, -1,
      796, 795, 797, -1,
      796, 797, 798, -1,
      798, 797, 799, -1,
      800, 798, 801, -1,
      801, 798, 799, -1,
      800, 801, 802, -1,
      800, 802, 803, -1,
      803, 802, 804, -1,
      803, 804, 805, -1,
      805, 804, 806, -1,
      805, 806, 807, -1,
      807, 806, 808, -1,
      807, 808, 809, -1,
      809, 808, 810, -1,
      809, 810, 811, -1,
      811, 810, 812, -1,
      811, 812, 813, -1,
      813, 812, 814, -1,
      813, 814, 815, -1,
      815, 814, 816, -1,
      815, 816, 817, -1,
      817, 816, 818, -1,
      817, 818, 819, -1,
      819, 818, 820, -1,
      819, 820, 821, -1,
      821, 820, 822, -1,
      821, 822, 823, -1,
      823, 822, 824, -1,
      823, 824, 825, -1,
      826, 825, 827, -1,
      827, 825, 824, -1,
      828, 826, 829, -1,
      829, 826, 827, -1,
      665, 828, 667, -1,
      667, 828, 829, -1,
      670, 672, 674, -1,
      720, 722, 724, -1,
      665, 664, 828, -1,
      828, 664, 668, -1,
      828, 668, 826, -1,
      826, 668, 670, -1,
      739, 741, 753, -1,
      758, 728, 756, -1,
      756, 728, 754, -1,
      758, 760, 728, -1,
      728, 760, 762, -1,
      728, 762, 764, -1,
      754, 728, 753, -1,
      753, 728, 730, -1,
      753, 730, 733, -1,
      724, 693, 720, -1,
      720, 693, 717, -1,
      720, 717, 718, -1,
      680, 682, 678, -1,
      678, 682, 684, -1,
      678, 684, 726, -1,
      726, 684, 686, -1,
      726, 686, 724, -1,
      724, 686, 688, -1,
      724, 688, 693, -1,
      693, 688, 690, -1,
      670, 674, 826, -1,
      826, 674, 676, -1,
      826, 676, 788, -1,
      788, 790, 826, -1,
      826, 790, 792, -1,
      826, 792, 794, -1,
      733, 735, 753, -1,
      753, 735, 737, -1,
      753, 737, 739, -1,
      745, 747, 743, -1,
      743, 747, 749, -1,
      743, 749, 741, -1,
      741, 749, 751, -1,
      741, 751, 753, -1,
      809, 811, 825, -1,
      697, 699, 701, -1,
      704, 707, 717, -1,
      717, 707, 709, -1,
      709, 711, 717, -1,
      717, 711, 713, -1,
      717, 713, 715, -1,
      794, 796, 826, -1,
      826, 796, 798, -1,
      826, 798, 825, -1,
      825, 798, 800, -1,
      825, 800, 803, -1,
      704, 717, 703, -1,
      703, 717, 693, -1,
      703, 693, 701, -1,
      701, 693, 695, -1,
      701, 695, 697, -1,
      772, 774, 726, -1,
      726, 774, 776, -1,
      726, 776, 678, -1,
      678, 776, 778, -1,
      678, 778, 780, -1,
      803, 805, 825, -1,
      825, 805, 807, -1,
      825, 807, 809, -1,
      821, 815, 819, -1,
      819, 815, 817, -1,
      811, 813, 825, -1,
      825, 813, 815, -1,
      825, 815, 823, -1,
      823, 815, 821, -1,
      780, 782, 678, -1,
      678, 782, 784, -1,
      678, 784, 676, -1,
      676, 784, 786, -1,
      676, 786, 788, -1,
      764, 766, 728, -1,
      728, 766, 768, -1,
      728, 768, 726, -1,
      726, 768, 770, -1,
      726, 770, 772, -1,
      685, 683, 681, -1,
      725, 723, 689, -1,
      689, 723, 721, -1,
      689, 721, 691, -1,
      681, 679, 685, -1,
      685, 679, 827, -1,
      685, 827, 687, -1,
      675, 673, 677, -1,
      677, 673, 671, -1,
      706, 705, 716, -1,
      716, 705, 702, -1,
      716, 702, 719, -1,
      698, 696, 721, -1,
      729, 767, 765, -1,
      752, 731, 755, -1,
      755, 731, 729, -1,
      755, 729, 757, -1,
      757, 729, 759, -1,
      793, 827, 795, -1,
      795, 827, 797, -1,
      719, 702, 721, -1,
      721, 702, 700, -1,
      721, 700, 698, -1,
      666, 667, 669, -1,
      669, 667, 829, -1,
      669, 829, 671, -1,
      671, 829, 827, -1,
      671, 827, 677, -1,
      677, 827, 679, -1,
      752, 750, 731, -1,
      731, 750, 748, -1,
      731, 748, 746, -1,
      765, 763, 729, -1,
      729, 763, 761, -1,
      729, 761, 759, -1,
      824, 801, 827, -1,
      827, 801, 799, -1,
      827, 799, 797, -1,
      785, 783, 687, -1,
      687, 783, 781, -1,
      687, 781, 779, -1,
      779, 777, 687, -1,
      687, 777, 775, -1,
      687, 775, 773, -1,
      714, 712, 710, -1,
      696, 694, 721, -1,
      721, 694, 692, -1,
      721, 692, 691, -1,
      734, 732, 742, -1,
      742, 732, 731, -1,
      742, 731, 744, -1,
      744, 731, 746, -1,
      734, 742, 736, -1,
      736, 742, 740, -1,
      736, 740, 738, -1,
      808, 806, 824, -1,
      793, 791, 827, -1,
      827, 791, 789, -1,
      827, 789, 687, -1,
      687, 789, 787, -1,
      687, 787, 785, -1,
      714, 710, 716, -1,
      716, 710, 708, -1,
      716, 708, 706, -1,
      689, 687, 725, -1,
      725, 687, 773, -1,
      725, 773, 727, -1,
      727, 773, 771, -1,
      727, 771, 729, -1,
      729, 771, 769, -1,
      729, 769, 767, -1,
      822, 820, 812, -1,
      812, 820, 818, -1,
      812, 818, 814, -1,
      814, 818, 816, -1,
      822, 812, 824, -1,
      824, 812, 810, -1,
      824, 810, 808, -1,
      806, 804, 824, -1,
      824, 804, 802, -1,
      824, 802, 801, -1,
      830, 831, 832, -1,
      832, 831, 833, -1,
      834, 830, 835, -1,
      835, 830, 832, -1,
      836, 834, 837, -1,
      837, 834, 835, -1,
      838, 836, 839, -1,
      839, 836, 837, -1,
      840, 838, 841, -1,
      841, 838, 839, -1,
      842, 840, 843, -1,
      843, 840, 841, -1,
      844, 842, 845, -1,
      845, 842, 843, -1,
      846, 844, 847, -1,
      847, 844, 845, -1,
      848, 846, 849, -1,
      849, 846, 847, -1,
      850, 848, 851, -1,
      851, 848, 849, -1,
      852, 850, 853, -1,
      853, 850, 851, -1,
      854, 852, 855, -1,
      855, 852, 853, -1,
      856, 854, 857, -1,
      857, 854, 855, -1,
      856, 857, 858, -1,
      856, 858, 859, -1,
      859, 858, 860, -1,
      859, 860, 861, -1,
      861, 860, 862, -1,
      861, 862, 863, -1,
      863, 862, 864, -1,
      863, 864, 865, -1,
      865, 864, 866, -1,
      865, 866, 867, -1,
      867, 866, 868, -1,
      867, 868, 869, -1,
      870, 869, 871, -1,
      871, 869, 868, -1,
      870, 871, 872, -1,
      870, 872, 873, -1,
      873, 872, 874, -1,
      873, 874, 875, -1,
      875, 874, 876, -1,
      875, 876, 877, -1,
      877, 876, 878, -1,
      877, 878, 879, -1,
      879, 878, 880, -1,
      879, 880, 881, -1,
      881, 880, 882, -1,
      881, 882, 883, -1,
      884, 883, 885, -1,
      885, 883, 882, -1,
      886, 884, 887, -1,
      887, 884, 885, -1,
      888, 886, 889, -1,
      889, 886, 887, -1,
      890, 888, 891, -1,
      891, 888, 889, -1,
      892, 890, 893, -1,
      893, 890, 891, -1,
      894, 892, 895, -1,
      895, 892, 893, -1,
      896, 894, 897, -1,
      897, 894, 895, -1,
      896, 897, 898, -1,
      896, 898, 899, -1,
      899, 898, 900, -1,
      899, 900, 901, -1,
      901, 900, 902, -1,
      901, 902, 903, -1,
      903, 902, 904, -1,
      903, 904, 905, -1,
      905, 904, 906, -1,
      905, 906, 907, -1,
      907, 906, 908, -1,
      907, 908, 909, -1,
      909, 908, 910, -1,
      909, 910, 911, -1,
      911, 910, 912, -1,
      911, 912, 913, -1,
      913, 912, 914, -1,
      913, 914, 915, -1,
      915, 914, 916, -1,
      915, 916, 917, -1,
      917, 916, 918, -1,
      917, 918, 919, -1,
      920, 919, 921, -1,
      921, 919, 918, -1,
      922, 920, 923, -1,
      923, 920, 921, -1,
      922, 923, 924, -1,
      924, 923, 925, -1,
      924, 925, 926, -1,
      926, 925, 927, -1,
      926, 927, 928, -1,
      928, 927, 929, -1,
      928, 929, 930, -1,
      930, 929, 931, -1,
      930, 931, 932, -1,
      932, 931, 933, -1,
      932, 933, 934, -1,
      934, 933, 935, -1,
      936, 934, 937, -1,
      937, 934, 935, -1,
      936, 937, 938, -1,
      938, 937, 939, -1,
      938, 939, 940, -1,
      940, 939, 941, -1,
      940, 941, 942, -1,
      942, 941, 943, -1,
      942, 943, 944, -1,
      944, 943, 945, -1,
      944, 945, 946, -1,
      946, 945, 947, -1,
      946, 947, 948, -1,
      948, 947, 949, -1,
      948, 949, 950, -1,
      950, 949, 951, -1,
      952, 950, 953, -1,
      953, 950, 951, -1,
      952, 953, 954, -1,
      954, 953, 955, -1,
      954, 955, 956, -1,
      956, 955, 957, -1,
      956, 957, 958, -1,
      958, 957, 959, -1,
      958, 959, 960, -1,
      960, 959, 961, -1,
      960, 961, 962, -1,
      962, 961, 963, -1,
      962, 963, 964, -1,
      964, 963, 965, -1,
      966, 964, 967, -1,
      967, 964, 965, -1,
      966, 967, 968, -1,
      966, 968, 969, -1,
      969, 968, 970, -1,
      969, 970, 971, -1,
      971, 970, 972, -1,
      971, 972, 973, -1,
      973, 972, 974, -1,
      973, 974, 975, -1,
      975, 974, 976, -1,
      975, 976, 977, -1,
      977, 976, 978, -1,
      977, 978, 979, -1,
      979, 978, 980, -1,
      979, 980, 981, -1,
      981, 980, 982, -1,
      981, 982, 983, -1,
      983, 982, 984, -1,
      983, 984, 985, -1,
      985, 984, 986, -1,
      985, 986, 987, -1,
      987, 986, 988, -1,
      987, 988, 989, -1,
      989, 988, 990, -1,
      989, 990, 991, -1,
      992, 991, 993, -1,
      993, 991, 990, -1,
      994, 992, 995, -1,
      995, 992, 993, -1,
      831, 994, 833, -1,
      833, 994, 995, -1,
      836, 838, 840, -1,
      886, 888, 890, -1,
      831, 830, 994, -1,
      994, 830, 834, -1,
      994, 834, 992, -1,
      992, 834, 836, -1,
      894, 896, 919, -1,
      919, 920, 894, -1,
      894, 920, 922, -1,
      894, 922, 924, -1,
      924, 926, 894, -1,
      894, 926, 928, -1,
      894, 928, 930, -1,
      899, 901, 909, -1,
      890, 859, 886, -1,
      886, 859, 883, -1,
      886, 883, 884, -1,
      846, 848, 844, -1,
      844, 848, 850, -1,
      844, 850, 892, -1,
      892, 850, 852, -1,
      892, 852, 890, -1,
      890, 852, 854, -1,
      890, 854, 859, -1,
      859, 854, 856, -1,
      836, 840, 992, -1,
      992, 840, 842, -1,
      992, 842, 954, -1,
      954, 956, 992, -1,
      992, 956, 958, -1,
      992, 958, 960, -1,
      899, 909, 896, -1,
      896, 909, 911, -1,
      896, 911, 913, -1,
      913, 915, 896, -1,
      896, 915, 917, -1,
      896, 917, 919, -1,
      960, 962, 992, -1,
      992, 962, 964, -1,
      992, 964, 991, -1,
      991, 964, 966, -1,
      991, 966, 989, -1,
      901, 903, 909, -1,
      909, 903, 905, -1,
      909, 905, 907, -1,
      863, 865, 867, -1,
      870, 873, 883, -1,
      883, 873, 875, -1,
      875, 877, 883, -1,
      883, 877, 879, -1,
      883, 879, 881, -1,
      870, 883, 869, -1,
      869, 883, 859, -1,
      869, 859, 867, -1,
      867, 859, 861, -1,
      867, 861, 863, -1,
      938, 940, 892, -1,
      892, 940, 942, -1,
      892, 942, 844, -1,
      844, 942, 944, -1,
      844, 944, 946, -1,
      971, 973, 981, -1,
      973, 975, 981, -1,
      981, 975, 977, -1,
      981, 977, 979, -1,
      983, 985, 966, -1,
      966, 985, 987, -1,
      966, 987, 989, -1,
      946, 948, 844, -1,
      844, 948, 950, -1,
      844, 950, 842, -1,
      842, 950, 952, -1,
      842, 952, 954, -1,
      983, 966, 981, -1,
      981, 966, 969, -1,
      981, 969, 971, -1,
      930, 932, 894, -1,
      894, 932, 934, -1,
      894, 934, 892, -1,
      892, 934, 936, -1,
      892, 936, 938, -1,
      851, 849, 847, -1,
      841, 839, 843, -1,
      843, 839, 837, -1,
      847, 845, 851, -1,
      851, 845, 993, -1,
      851, 993, 853, -1,
      891, 889, 855, -1,
      855, 889, 887, -1,
      855, 887, 857, -1,
      832, 833, 835, -1,
      835, 833, 995, -1,
      835, 995, 837, -1,
      837, 995, 993, -1,
      837, 993, 843, -1,
      843, 993, 845, -1,
      872, 871, 882, -1,
      882, 871, 868, -1,
      882, 868, 885, -1,
      864, 862, 887, -1,
      895, 933, 931, -1,
      918, 897, 921, -1,
      921, 897, 895, -1,
      921, 895, 923, -1,
      923, 895, 925, -1,
      959, 993, 961, -1,
      961, 993, 963, -1,
      885, 868, 887, -1,
      887, 868, 866, -1,
      887, 866, 864, -1,
      931, 929, 895, -1,
      895, 929, 927, -1,
      895, 927, 925, -1,
      990, 967, 993, -1,
      993, 967, 965, -1,
      993, 965, 963, -1,
      951, 949, 853, -1,
      853, 949, 947, -1,
      853, 947, 945, -1,
      945, 943, 853, -1,
      853, 943, 941, -1,
      853, 941, 939, -1,
      880, 878, 876, -1,
      862, 860, 887, -1,
      887, 860, 858, -1,
      887, 858, 857, -1,
      918, 916, 897, -1,
      897, 916, 914, -1,
      897, 914, 912, -1,
      906, 904, 897, -1,
      897, 904, 902, -1,
      897, 902, 898, -1,
      898, 902, 900, -1,
      959, 957, 993, -1,
      993, 957, 955, -1,
      993, 955, 853, -1,
      853, 955, 953, -1,
      853, 953, 951, -1,
      880, 876, 882, -1,
      882, 876, 874, -1,
      882, 874, 872, -1,
      912, 910, 897, -1,
      897, 910, 908, -1,
      897, 908, 906, -1,
      855, 853, 891, -1,
      891, 853, 939, -1,
      891, 939, 893, -1,
      893, 939, 937, -1,
      893, 937, 895, -1,
      895, 937, 935, -1,
      895, 935, 933, -1,
      990, 988, 967, -1,
      967, 988, 986, -1,
      967, 986, 984, -1,
      984, 982, 967, -1,
      967, 982, 980, -1,
      967, 980, 978, -1,
      978, 976, 967, -1,
      967, 976, 974, -1,
      967, 974, 968, -1,
      968, 974, 972, -1,
      968, 972, 970, -1,
      996, 997, 998, -1,
      998, 997, 999, -1,
      1000, 996, 1001, -1,
      1001, 996, 998, -1,
      1002, 1000, 1003, -1,
      1003, 1000, 1001, -1,
      1004, 1002, 1005, -1,
      1005, 1002, 1003, -1,
      1006, 1004, 1007, -1,
      1007, 1004, 1005, -1,
      1008, 1006, 1009, -1,
      1009, 1006, 1007, -1,
      1010, 1008, 1011, -1,
      1011, 1008, 1009, -1,
      1012, 1010, 1013, -1,
      1013, 1010, 1011, -1,
      1014, 1012, 1015, -1,
      1015, 1012, 1013, -1,
      1016, 1014, 1017, -1,
      1017, 1014, 1015, -1,
      1018, 1016, 1019, -1,
      1019, 1016, 1017, -1,
      1020, 1018, 1021, -1,
      1021, 1018, 1019, -1,
      1022, 1020, 1023, -1,
      1023, 1020, 1021, -1,
      1022, 1023, 1024, -1,
      1022, 1024, 1025, -1,
      1025, 1024, 1026, -1,
      1025, 1026, 1027, -1,
      1027, 1026, 1028, -1,
      1027, 1028, 1029, -1,
      1029, 1028, 1030, -1,
      1029, 1030, 1031, -1,
      1031, 1030, 1032, -1,
      1031, 1032, 1033, -1,
      1033, 1032, 1034, -1,
      1033, 1034, 1035, -1,
      1036, 1035, 1037, -1,
      1037, 1035, 1034, -1,
      1036, 1037, 1038, -1,
      1036, 1038, 1039, -1,
      1039, 1038, 1040, -1,
      1039, 1040, 1041, -1,
      1041, 1040, 1042, -1,
      1041, 1042, 1043, -1,
      1043, 1042, 1044, -1,
      1043, 1044, 1045, -1,
      1045, 1044, 1046, -1,
      1045, 1046, 1047, -1,
      1047, 1046, 1048, -1,
      1047, 1048, 1049, -1,
      1050, 1049, 1051, -1,
      1051, 1049, 1048, -1,
      1052, 1050, 1053, -1,
      1053, 1050, 1051, -1,
      1054, 1052, 1055, -1,
      1055, 1052, 1053, -1,
      1056, 1054, 1057, -1,
      1057, 1054, 1055, -1,
      1058, 1056, 1059, -1,
      1059, 1056, 1057, -1,
      1060, 1058, 1061, -1,
      1061, 1058, 1059, -1,
      1062, 1060, 1063, -1,
      1063, 1060, 1061, -1,
      1062, 1063, 1064, -1,
      1062, 1064, 1065, -1,
      1065, 1064, 1066, -1,
      1065, 1066, 1067, -1,
      1067, 1066, 1068, -1,
      1067, 1068, 1069, -1,
      1069, 1068, 1070, -1,
      1069, 1070, 1071, -1,
      1071, 1070, 1072, -1,
      1071, 1072, 1073, -1,
      1073, 1072, 1074, -1,
      1073, 1074, 1075, -1,
      1075, 1074, 1076, -1,
      1075, 1076, 1077, -1,
      1077, 1076, 1078, -1,
      1077, 1078, 1079, -1,
      1079, 1078, 1080, -1,
      1079, 1080, 1081, -1,
      1081, 1080, 1082, -1,
      1081, 1082, 1083, -1,
      1083, 1082, 1084, -1,
      1083, 1084, 1085, -1,
      1086, 1085, 1087, -1,
      1087, 1085, 1084, -1,
      1088, 1086, 1089, -1,
      1089, 1086, 1087, -1,
      1088, 1089, 1090, -1,
      1090, 1089, 1091, -1,
      1090, 1091, 1092, -1,
      1092, 1091, 1093, -1,
      1092, 1093, 1094, -1,
      1094, 1093, 1095, -1,
      1094, 1095, 1096, -1,
      1096, 1095, 1097, -1,
      1096, 1097, 1098, -1,
      1098, 1097, 1099, -1,
      1098, 1099, 1100, -1,
      1100, 1099, 1101, -1,
      1102, 1100, 1103, -1,
      1103, 1100, 1101, -1,
      1102, 1103, 1104, -1,
      1104, 1103, 1105, -1,
      1104, 1105, 1106, -1,
      1106, 1105, 1107, -1,
      1106, 1107, 1108, -1,
      1108, 1107, 1109, -1,
      1108, 1109, 1110, -1,
      1110, 1109, 1111, -1,
      1110, 1111, 1112, -1,
      1112, 1111, 1113, -1,
      1112, 1113, 1114, -1,
      1114, 1113, 1115, -1,
      1114, 1115, 1116, -1,
      1116, 1115, 1117, -1,
      1118, 1116, 1119, -1,
      1119, 1116, 1117, -1,
      1118, 1119, 1120, -1,
      1120, 1119, 1121, -1,
      1120, 1121, 1122, -1,
      1122, 1121, 1123, -1,
      1122, 1123, 1124, -1,
      1124, 1123, 1125, -1,
      1124, 1125, 1126, -1,
      1126, 1125, 1127, -1,
      1126, 1127, 1128, -1,
      1128, 1127, 1129, -1,
      1128, 1129, 1130, -1,
      1130, 1129, 1131, -1,
      1132, 1130, 1133, -1,
      1133, 1130, 1131, -1,
      1132, 1133, 1134, -1,
      1132, 1134, 1135, -1,
      1135, 1134, 1136, -1,
      1135, 1136, 1137, -1,
      1137, 1136, 1138, -1,
      1137, 1138, 1139, -1,
      1139, 1138, 1140, -1,
      1139, 1140, 1141, -1,
      1141, 1140, 1142, -1,
      1141, 1142, 1143, -1,
      1143, 1142, 1144, -1,
      1143, 1144, 1145, -1,
      1145, 1144, 1146, -1,
      1145, 1146, 1147, -1,
      1147, 1146, 1148, -1,
      1147, 1148, 1149, -1,
      1149, 1148, 1150, -1,
      1149, 1150, 1151, -1,
      1151, 1150, 1152, -1,
      1151, 1152, 1153, -1,
      1153, 1152, 1154, -1,
      1153, 1154, 1155, -1,
      1155, 1154, 1156, -1,
      1155, 1156, 1157, -1,
      1158, 1157, 1159, -1,
      1159, 1157, 1156, -1,
      1160, 1158, 1161, -1,
      1161, 1158, 1159, -1,
      997, 1160, 999, -1,
      999, 1160, 1161, -1,
      1002, 1004, 1006, -1,
      1052, 1054, 1056, -1,
      997, 996, 1160, -1,
      1160, 996, 1000, -1,
      1160, 1000, 1158, -1,
      1158, 1000, 1002, -1,
      1071, 1073, 1085, -1,
      1090, 1060, 1088, -1,
      1088, 1060, 1086, -1,
      1090, 1092, 1060, -1,
      1060, 1092, 1094, -1,
      1060, 1094, 1096, -1,
      1086, 1060, 1085, -1,
      1085, 1060, 1062, -1,
      1085, 1062, 1065, -1,
      1056, 1025, 1052, -1,
      1052, 1025, 1049, -1,
      1052, 1049, 1050, -1,
      1012, 1014, 1010, -1,
      1010, 1014, 1016, -1,
      1010, 1016, 1058, -1,
      1058, 1016, 1018, -1,
      1058, 1018, 1056, -1,
      1056, 1018, 1020, -1,
      1056, 1020, 1025, -1,
      1025, 1020, 1022, -1,
      1002, 1006, 1158, -1,
      1158, 1006, 1008, -1,
      1158, 1008, 1120, -1,
      1120, 1122, 1158, -1,
      1158, 1122, 1124, -1,
      1158, 1124, 1126, -1,
      1065, 1067, 1085, -1,
      1085, 1067, 1069, -1,
      1085, 1069, 1071, -1,
      1077, 1079, 1075, -1,
      1075, 1079, 1081, -1,
      1075, 1081, 1073, -1,
      1073, 1081, 1083, -1,
      1073, 1083, 1085, -1,
      1141, 1143, 1157, -1,
      1029, 1031, 1033, -1,
      1036, 1039, 1049, -1,
      1049, 1039, 1041, -1,
      1041, 1043, 1049, -1,
      1049, 1043, 1045, -1,
      1049, 1045, 1047, -1,
      1126, 1128, 1158, -1,
      1158, 1128, 1130, -1,
      1158, 1130, 1157, -1,
      1157, 1130, 1132, -1,
      1157, 1132, 1135, -1,
      1036, 1049, 1035, -1,
      1035, 1049, 1025, -1,
      1035, 1025, 1033, -1,
      1033, 1025, 1027, -1,
      1033, 1027, 1029, -1,
      1104, 1106, 1058, -1,
      1058, 1106, 1108, -1,
      1058, 1108, 1010, -1,
      1010, 1108, 1110, -1,
      1010, 1110, 1112, -1,
      1135, 1137, 1157, -1,
      1157, 1137, 1139, -1,
      1157, 1139, 1141, -1,
      1153, 1147, 1151, -1,
      1151, 1147, 1149, -1,
      1143, 1145, 1157, -1,
      1157, 1145, 1147, -1,
      1157, 1147, 1155, -1,
      1155, 1147, 1153, -1,
      1112, 1114, 1010, -1,
      1010, 1114, 1116, -1,
      1010, 1116, 1008, -1,
      1008, 1116, 1118, -1,
      1008, 1118, 1120, -1,
      1096, 1098, 1060, -1,
      1060, 1098, 1100, -1,
      1060, 1100, 1058, -1,
      1058, 1100, 1102, -1,
      1058, 1102, 1104, -1,
      1017, 1015, 1013, -1,
      1057, 1055, 1021, -1,
      1021, 1055, 1053, -1,
      1021, 1053, 1023, -1,
      1013, 1011, 1017, -1,
      1017, 1011, 1159, -1,
      1017, 1159, 1019, -1,
      1007, 1005, 1009, -1,
      1009, 1005, 1003, -1,
      1038, 1037, 1048, -1,
      1048, 1037, 1034, -1,
      1048, 1034, 1051, -1,
      1030, 1028, 1053, -1,
      1061, 1099, 1097, -1,
      1084, 1063, 1087, -1,
      1087, 1063, 1061, -1,
      1087, 1061, 1089, -1,
      1089, 1061, 1091, -1,
      1125, 1159, 1127, -1,
      1127, 1159, 1129, -1,
      1051, 1034, 1053, -1,
      1053, 1034, 1032, -1,
      1053, 1032, 1030, -1,
      998, 999, 1001, -1,
      1001, 999, 1161, -1,
      1001, 1161, 1003, -1,
      1003, 1161, 1159, -1,
      1003, 1159, 1009, -1,
      1009, 1159, 1011, -1,
      1084, 1082, 1063, -1,
      1063, 1082, 1080, -1,
      1063, 1080, 1078, -1,
      1097, 1095, 1061, -1,
      1061, 1095, 1093, -1,
      1061, 1093, 1091, -1,
      1156, 1133, 1159, -1,
      1159, 1133, 1131, -1,
      1159, 1131, 1129, -1,
      1117, 1115, 1019, -1,
      1019, 1115, 1113, -1,
      1019, 1113, 1111, -1,
      1111, 1109, 1019, -1,
      1019, 1109, 1107, -1,
      1019, 1107, 1105, -1,
      1046, 1044, 1042, -1,
      1028, 1026, 1053, -1,
      1053, 1026, 1024, -1,
      1053, 1024, 1023, -1,
      1066, 1064, 1074, -1,
      1074, 1064, 1063, -1,
      1074, 1063, 1076, -1,
      1076, 1063, 1078, -1,
      1066, 1074, 1068, -1,
      1068, 1074, 1072, -1,
      1068, 1072, 1070, -1,
      1140, 1138, 1156, -1,
      1125, 1123, 1159, -1,
      1159, 1123, 1121, -1,
      1159, 1121, 1019, -1,
      1019, 1121, 1119, -1,
      1019, 1119, 1117, -1,
      1046, 1042, 1048, -1,
      1048, 1042, 1040, -1,
      1048, 1040, 1038, -1,
      1021, 1019, 1057, -1,
      1057, 1019, 1105, -1,
      1057, 1105, 1059, -1,
      1059, 1105, 1103, -1,
      1059, 1103, 1061, -1,
      1061, 1103, 1101, -1,
      1061, 1101, 1099, -1,
      1154, 1152, 1144, -1,
      1144, 1152, 1150, -1,
      1144, 1150, 1146, -1,
      1146, 1150, 1148, -1,
      1154, 1144, 1156, -1,
      1156, 1144, 1142, -1,
      1156, 1142, 1140, -1,
      1138, 1136, 1156, -1,
      1156, 1136, 1134, -1,
      1156, 1134, 1133, -1,
      1162, 1163, 1164, -1,
      1164, 1163, 1165, -1,
      1166, 1162, 1167, -1,
      1167, 1162, 1164, -1,
      1168, 1166, 1169, -1,
      1169, 1166, 1167, -1,
      1170, 1168, 1171, -1,
      1171, 1168, 1169, -1,
      1172, 1170, 1173, -1,
      1173, 1170, 1171, -1,
      1174, 1172, 1175, -1,
      1175, 1172, 1173, -1,
      1176, 1174, 1177, -1,
      1177, 1174, 1175, -1,
      1178, 1176, 1179, -1,
      1179, 1176, 1177, -1,
      1180, 1178, 1181, -1,
      1181, 1178, 1179, -1,
      1182, 1180, 1183, -1,
      1183, 1180, 1181, -1,
      1184, 1182, 1185, -1,
      1185, 1182, 1183, -1,
      1186, 1184, 1187, -1,
      1187, 1184, 1185, -1,
      1188, 1186, 1189, -1,
      1189, 1186, 1187, -1,
      1188, 1189, 1190, -1,
      1188, 1190, 1191, -1,
      1191, 1190, 1192, -1,
      1191, 1192, 1193, -1,
      1193, 1192, 1194, -1,
      1193, 1194, 1195, -1,
      1195, 1194, 1196, -1,
      1195, 1196, 1197, -1,
      1197, 1196, 1198, -1,
      1197, 1198, 1199, -1,
      1199, 1198, 1200, -1,
      1199, 1200, 1201, -1,
      1202, 1201, 1203, -1,
      1203, 1201, 1200, -1,
      1202, 1203, 1204, -1,
      1202, 1204, 1205, -1,
      1205, 1204, 1206, -1,
      1205, 1206, 1207, -1,
      1207, 1206, 1208, -1,
      1207, 1208, 1209, -1,
      1209, 1208, 1210, -1,
      1209, 1210, 1211, -1,
      1211, 1210, 1212, -1,
      1211, 1212, 1213, -1,
      1213, 1212, 1214, -1,
      1213, 1214, 1215, -1,
      1216, 1215, 1217, -1,
      1217, 1215, 1214, -1,
      1218, 1216, 1219, -1,
      1219, 1216, 1217, -1,
      1220, 1218, 1221, -1,
      1221, 1218, 1219, -1,
      1222, 1220, 1223, -1,
      1223, 1220, 1221, -1,
      1224, 1222, 1225, -1,
      1225, 1222, 1223, -1,
      1226, 1224, 1227, -1,
      1227, 1224, 1225, -1,
      1228, 1226, 1229, -1,
      1229, 1226, 1227, -1,
      1228, 1229, 1230, -1,
      1228, 1230, 1231, -1,
      1231, 1230, 1232, -1,
      1231, 1232, 1233, -1,
      1233, 1232, 1234, -1,
      1233, 1234, 1235, -1,
      1235, 1234, 1236, -1,
      1235, 1236, 1237, -1,
      1237, 1236, 1238, -1,
      1237, 1238, 1239, -1,
      1239, 1238, 1240, -1,
      1239, 1240, 1241, -1,
      1241, 1240, 1242, -1,
      1241, 1242, 1243, -1,
      1243, 1242, 1244, -1,
      1243, 1244, 1245, -1,
      1245, 1244, 1246, -1,
      1245, 1246, 1247, -1,
      1247, 1246, 1248, -1,
      1247, 1248, 1249, -1,
      1249, 1248, 1250, -1,
      1249, 1250, 1251, -1,
      1252, 1251, 1253, -1,
      1253, 1251, 1250, -1,
      1254, 1252, 1255, -1,
      1255, 1252, 1253, -1,
      1254, 1255, 1256, -1,
      1256, 1255, 1257, -1,
      1256, 1257, 1258, -1,
      1258, 1257, 1259, -1,
      1258, 1259, 1260, -1,
      1260, 1259, 1261, -1,
      1260, 1261, 1262, -1,
      1262, 1261, 1263, -1,
      1262, 1263, 1264, -1,
      1264, 1263, 1265, -1,
      1264, 1265, 1266, -1,
      1266, 1265, 1267, -1,
      1268, 1266, 1269, -1,
      1269, 1266, 1267, -1,
      1268, 1269, 1270, -1,
      1270, 1269, 1271, -1,
      1270, 1271, 1272, -1,
      1272, 1271, 1273, -1,
      1272, 1273, 1274, -1,
      1274, 1273, 1275, -1,
      1274, 1275, 1276, -1,
      1276, 1275, 1277, -1,
      1276, 1277, 1278, -1,
      1278, 1277, 1279, -1,
      1278, 1279, 1280, -1,
      1280, 1279, 1281, -1,
      1280, 1281, 1282, -1,
      1282, 1281, 1283, -1,
      1284, 1282, 1285, -1,
      1285, 1282, 1283, -1,
      1284, 1285, 1286, -1,
      1286, 1285, 1287, -1,
      1286, 1287, 1288, -1,
      1288, 1287, 1289, -1,
      1288, 1289, 1290, -1,
      1290, 1289, 1291, -1,
      1290, 1291, 1292, -1,
      1292, 1291, 1293, -1,
      1292, 1293, 1294, -1,
      1294, 1293, 1295, -1,
      1294, 1295, 1296, -1,
      1296, 1295, 1297, -1,
      1298, 1296, 1299, -1,
      1299, 1296, 1297, -1,
      1298, 1299, 1300, -1,
      1298, 1300, 1301, -1,
      1301, 1300, 1302, -1,
      1301, 1302, 1303, -1,
      1303, 1302, 1304, -1,
      1303, 1304, 1305, -1,
      1305, 1304, 1306, -1,
      1305, 1306, 1307, -1,
      1307, 1306, 1308, -1,
      1307, 1308, 1309, -1,
      1309, 1308, 1310, -1,
      1309, 1310, 1311, -1,
      1311, 1310, 1312, -1,
      1311, 1312, 1313, -1,
      1313, 1312, 1314, -1,
      1313, 1314, 1315, -1,
      1315, 1314, 1316, -1,
      1315, 1316, 1317, -1,
      1317, 1316, 1318, -1,
      1317, 1318, 1319, -1,
      1319, 1318, 1320, -1,
      1319, 1320, 1321, -1,
      1321, 1320, 1322, -1,
      1321, 1322, 1323, -1,
      1324, 1323, 1325, -1,
      1325, 1323, 1322, -1,
      1326, 1324, 1327, -1,
      1327, 1324, 1325, -1,
      1163, 1326, 1165, -1,
      1165, 1326, 1327, -1,
      1168, 1170, 1172, -1,
      1218, 1220, 1222, -1,
      1163, 1162, 1326, -1,
      1326, 1162, 1166, -1,
      1326, 1166, 1324, -1,
      1324, 1166, 1168, -1,
      1237, 1239, 1251, -1,
      1256, 1226, 1254, -1,
      1254, 1226, 1252, -1,
      1256, 1258, 1226, -1,
      1226, 1258, 1260, -1,
      1226, 1260, 1262, -1,
      1252, 1226, 1251, -1,
      1251, 1226, 1228, -1,
      1251, 1228, 1231, -1,
      1222, 1191, 1218, -1,
      1218, 1191, 1215, -1,
      1218, 1215, 1216, -1,
      1178, 1180, 1176, -1,
      1176, 1180, 1182, -1,
      1176, 1182, 1224, -1,
      1224, 1182, 1184, -1,
      1224, 1184, 1222, -1,
      1222, 1184, 1186, -1,
      1222, 1186, 1191, -1,
      1191, 1186, 1188, -1,
      1168, 1172, 1324, -1,
      1324, 1172, 1174, -1,
      1324, 1174, 1286, -1,
      1286, 1288, 1324, -1,
      1324, 1288, 1290, -1,
      1324, 1290, 1292, -1,
      1231, 1233, 1251, -1,
      1251, 1233, 1235, -1,
      1251, 1235, 1237, -1,
      1243, 1245, 1241, -1,
      1241, 1245, 1247, -1,
      1241, 1247, 1239, -1,
      1239, 1247, 1249, -1,
      1239, 1249, 1251, -1,
      1292, 1294, 1324, -1,
      1324, 1294, 1296, -1,
      1324, 1296, 1323, -1,
      1323, 1296, 1298, -1,
      1323, 1298, 1321, -1,
      1195, 1197, 1199, -1,
      1202, 1205, 1215, -1,
      1215, 1205, 1207, -1,
      1207, 1209, 1215, -1,
      1215, 1209, 1211, -1,
      1215, 1211, 1213, -1,
      1202, 1215, 1201, -1,
      1201, 1215, 1191, -1,
      1201, 1191, 1199, -1,
      1199, 1191, 1193, -1,
      1199, 1193, 1195, -1,
      1270, 1272, 1224, -1,
      1224, 1272, 1274, -1,
      1224, 1274, 1176, -1,
      1176, 1274, 1276, -1,
      1176, 1276, 1278, -1,
      1303, 1305, 1313, -1,
      1305, 1307, 1313, -1,
      1313, 1307, 1309, -1,
      1313, 1309, 1311, -1,
      1315, 1317, 1298, -1,
      1298, 1317, 1319, -1,
      1298, 1319, 1321, -1,
      1278, 1280, 1176, -1,
      1176, 1280, 1282, -1,
      1176, 1282, 1174, -1,
      1174, 1282, 1284, -1,
      1174, 1284, 1286, -1,
      1315, 1298, 1313, -1,
      1313, 1298, 1301, -1,
      1313, 1301, 1303, -1,
      1262, 1264, 1226, -1,
      1226, 1264, 1266, -1,
      1226, 1266, 1224, -1,
      1224, 1266, 1268, -1,
      1224, 1268, 1270, -1,
      1183, 1181, 1179, -1,
      1173, 1171, 1175, -1,
      1175, 1171, 1169, -1,
      1179, 1177, 1183, -1,
      1183, 1177, 1325, -1,
      1183, 1325, 1185, -1,
      1223, 1221, 1187, -1,
      1187, 1221, 1219, -1,
      1187, 1219, 1189, -1,
      1164, 1165, 1167, -1,
      1167, 1165, 1327, -1,
      1167, 1327, 1169, -1,
      1169, 1327, 1325, -1,
      1169, 1325, 1175, -1,
      1175, 1325, 1177, -1,
      1204, 1203, 1214, -1,
      1214, 1203, 1200, -1,
      1214, 1200, 1217, -1,
      1196, 1194, 1219, -1,
      1227, 1265, 1263, -1,
      1250, 1229, 1253, -1,
      1253, 1229, 1227, -1,
      1253, 1227, 1255, -1,
      1255, 1227, 1257, -1,
      1291, 1325, 1293, -1,
      1293, 1325, 1295, -1,
      1217, 1200, 1219, -1,
      1219, 1200, 1198, -1,
      1219, 1198, 1196, -1,
      1250, 1248, 1229, -1,
      1229, 1248, 1246, -1,
      1229, 1246, 1244, -1,
      1263, 1261, 1227, -1,
      1227, 1261, 1259, -1,
      1227, 1259, 1257, -1,
      1322, 1299, 1325, -1,
      1325, 1299, 1297, -1,
      1325, 1297, 1295, -1,
      1283, 1281, 1185, -1,
      1185, 1281, 1279, -1,
      1185, 1279, 1277, -1,
      1277, 1275, 1185, -1,
      1185, 1275, 1273, -1,
      1185, 1273, 1271, -1,
      1212, 1210, 1208, -1,
      1194, 1192, 1219, -1,
      1219, 1192, 1190, -1,
      1219, 1190, 1189, -1,
      1232, 1230, 1240, -1,
      1240, 1230, 1229, -1,
      1240, 1229, 1242, -1,
      1242, 1229, 1244, -1,
      1232, 1240, 1234, -1,
      1234, 1240, 1238, -1,
      1234, 1238, 1236, -1,
      1291, 1289, 1325, -1,
      1325, 1289, 1287, -1,
      1325, 1287, 1185, -1,
      1185, 1287, 1285, -1,
      1185, 1285, 1283, -1,
      1212, 1208, 1214, -1,
      1214, 1208, 1206, -1,
      1214, 1206, 1204, -1,
      1187, 1185, 1223, -1,
      1223, 1185, 1271, -1,
      1223, 1271, 1225, -1,
      1225, 1271, 1269, -1,
      1225, 1269, 1227, -1,
      1227, 1269, 1267, -1,
      1227, 1267, 1265, -1,
      1322, 1320, 1299, -1,
      1299, 1320, 1318, -1,
      1299, 1318, 1316, -1,
      1316, 1314, 1299, -1,
      1299, 1314, 1312, -1,
      1299, 1312, 1310, -1,
      1310, 1308, 1299, -1,
      1299, 1308, 1306, -1,
      1299, 1306, 1300, -1,
      1300, 1306, 1304, -1,
      1300, 1304, 1302, -1,
      1328, 1329, 1330, -1,
      1330, 1329, 1331, -1,
      1330, 1331, 1332, -1,
      1332, 1331, 1333, -1,
      1333, 1331, 1334, -1,
      1334, 1331, 1335, -1,
      1334, 1335, 1336, -1,
      1336, 1337, 1334, -1,
      1334, 1337, 1338, -1,
      1334, 1338, 1339, -1,
      1340, 1341, 1342, -1,
      1343, 1344, 1345, -1,
      1345, 1346, 1347, -1,
      1347, 1346, 1348, -1,
      1348, 1346, 1349, -1,
      1348, 1349, 1350, -1,
      1350, 1349, 1351, -1,
      1350, 1351, 1352, -1,
      1352, 1351, 1353, -1,
      1352, 1353, 1354, -1,
      1332, 1355, 1356, -1,
      1357, 1356, 1358, -1,
      1358, 1356, 1355, -1,
      1358, 1355, 1354, -1,
      1354, 1355, 1359, -1,
      1354, 1359, 1352, -1,
      1332, 1356, 1330, -1,
      1330, 1356, 1360, -1,
      1330, 1360, 1328, -1,
      1347, 1340, 1345, -1,
      1345, 1340, 1342, -1,
      1345, 1342, 1343, -1,
      1343, 1342, 1361, -1,
      1343, 1361, 1362, -1,
      1362, 1361, 1363, -1,
      1362, 1363, 1364, -1,
      1364, 1363, 1365, -1,
      1364, 1365, 1366, -1,
      1367, 1368, 1360, -1,
      1360, 1368, 1369, -1,
      1370, 1371, 1372, -1,
      1372, 1371, 1373, -1,
      1372, 1373, 1369, -1,
      1369, 1373, 1374, -1,
      1369, 1374, 1360, -1,
      1360, 1374, 1328, -1,
      1375, 1376, 1377, -1,
      1377, 1378, 1375, -1,
      1375, 1378, 1368, -1,
      1375, 1368, 1379, -1,
      1379, 1368, 1367, -1,
      1379, 1367, 1329, -1,
      1371, 1370, 1376, -1,
      1376, 1370, 1377, -1,
      1380, 1365, 1363, -1,
      1363, 1361, 1380, -1,
      1380, 1361, 1342, -1,
      1380, 1342, 1341, -1,
      1364, 1366, 1381, -1,
      1344, 1343, 1381, -1,
      1381, 1343, 1362, -1,
      1381, 1362, 1364, -1,
      1382, 1339, 1383, -1,
      1383, 1339, 1384, -1,
      1385, 1386, 1365, -1,
      1365, 1386, 1366, -1,
      1387, 1388, 1389, -1,
      1386, 1383, 1390, -1,
      1390, 1383, 1391, -1,
      1390, 1391, 1392, -1,
      1392, 1391, 1393, -1,
      1389, 1394, 1387, -1,
      1387, 1394, 1395, -1,
      1387, 1395, 1396, -1,
      1396, 1395, 1397, -1,
      1396, 1397, 1398, -1,
      1398, 1397, 1399, -1,
      1398, 1399, 1393, -1,
      1393, 1399, 1400, -1,
      1393, 1400, 1392, -1,
      1382, 1383, 1385, -1,
      1385, 1383, 1386, -1,
      1401, 1382, 1385, -1,
      1402, 1403, 1404, -1,
      1404, 1403, 1405, -1,
      1404, 1405, 1406, -1,
      1406, 1405, 1407, -1,
      1385, 1408, 1401, -1,
      1401, 1408, 1409, -1,
      1401, 1409, 1410, -1,
      1410, 1409, 1411, -1,
      1410, 1411, 1412, -1,
      1412, 1411, 1413, -1,
      1412, 1413, 1407, -1,
      1407, 1413, 1414, -1,
      1407, 1414, 1406, -1,
      1415, 1403, 1416, -1,
      1416, 1403, 1402, -1,
      1415, 1417, 1403, -1,
      1403, 1417, 1418, -1,
      1339, 1382, 1401, -1,
      1334, 1339, 1419, -1,
      1419, 1339, 1401, -1,
      1419, 1401, 1420, -1,
      1420, 1401, 1410, -1,
      1420, 1410, 1421, -1,
      1421, 1410, 1412, -1,
      1421, 1412, 1422, -1,
      1422, 1412, 1407, -1,
      1422, 1407, 1423, -1,
      1423, 1407, 1405, -1,
      1423, 1405, 1418, -1,
      1418, 1405, 1403, -1,
      1384, 1424, 1425, -1,
      1426, 1388, 1427, -1,
      1427, 1388, 1387, -1,
      1427, 1387, 1428, -1,
      1428, 1387, 1396, -1,
      1428, 1396, 1429, -1,
      1429, 1396, 1398, -1,
      1429, 1398, 1430, -1,
      1430, 1398, 1393, -1,
      1430, 1393, 1425, -1,
      1425, 1393, 1391, -1,
      1425, 1391, 1384, -1,
      1384, 1391, 1383, -1,
      1388, 1426, 1431, -1,
      1431, 1426, 1432, -1,
      1433, 1431, 1434, -1,
      1434, 1431, 1432, -1,
      1389, 1433, 1435, -1,
      1435, 1433, 1434, -1,
      1366, 1386, 1390, -1,
      1436, 1381, 1366, -1,
      1366, 1390, 1436, -1,
      1436, 1390, 1392, -1,
      1436, 1392, 1437, -1,
      1437, 1392, 1400, -1,
      1437, 1400, 1438, -1,
      1438, 1400, 1399, -1,
      1438, 1399, 1439, -1,
      1439, 1399, 1397, -1,
      1439, 1397, 1440, -1,
      1440, 1397, 1395, -1,
      1440, 1395, 1441, -1,
      1441, 1395, 1394, -1,
      1441, 1394, 1442, -1,
      1442, 1394, 1389, -1,
      1442, 1389, 1435, -1,
      1365, 1380, 1443, -1,
      1444, 1402, 1404, -1,
      1444, 1404, 1445, -1,
      1445, 1404, 1406, -1,
      1445, 1406, 1446, -1,
      1446, 1406, 1414, -1,
      1446, 1414, 1447, -1,
      1447, 1414, 1413, -1,
      1447, 1413, 1448, -1,
      1448, 1413, 1411, -1,
      1448, 1411, 1449, -1,
      1449, 1411, 1409, -1,
      1449, 1409, 1450, -1,
      1450, 1409, 1408, -1,
      1450, 1408, 1443, -1,
      1443, 1408, 1385, -1,
      1443, 1385, 1365, -1,
      1416, 1402, 1451, -1,
      1451, 1402, 1444, -1,
      1415, 1416, 1417, -1,
      1417, 1416, 1451, -1,
      1433, 1389, 1431, -1,
      1431, 1389, 1388, -1,
      1451, 1444, 1417, -1,
      1417, 1444, 1418, -1,
      1426, 1435, 1432, -1,
      1432, 1435, 1434, -1,
      1430, 1425, 1344, -1,
      1344, 1425, 1424, -1,
      1344, 1424, 1345, -1,
      1345, 1424, 1452, -1,
      1435, 1426, 1442, -1,
      1442, 1426, 1427, -1,
      1442, 1427, 1441, -1,
      1441, 1427, 1428, -1,
      1429, 1439, 1428, -1,
      1428, 1439, 1440, -1,
      1428, 1440, 1441, -1,
      1430, 1344, 1429, -1,
      1429, 1344, 1381, -1,
      1429, 1381, 1436, -1,
      1436, 1437, 1429, -1,
      1429, 1437, 1438, -1,
      1429, 1438, 1439, -1,
      1423, 1418, 1444, -1,
      1444, 1445, 1341, -1,
      1341, 1445, 1446, -1,
      1446, 1447, 1341, -1,
      1341, 1447, 1448, -1,
      1341, 1448, 1449, -1,
      1419, 1341, 1334, -1,
      1334, 1341, 1340, -1,
      1334, 1340, 1333, -1,
      1449, 1450, 1341, -1,
      1341, 1450, 1443, -1,
      1341, 1443, 1380, -1,
      1419, 1420, 1341, -1,
      1341, 1420, 1421, -1,
      1341, 1421, 1444, -1,
      1444, 1421, 1422, -1,
      1444, 1422, 1423, -1,
      1356, 1357, 1452, -1,
      1453, 1367, 1360, -1,
      1424, 1384, 1454, -1,
      1360, 1356, 1453, -1,
      1453, 1356, 1452, -1,
      1453, 1452, 1455, -1,
      1455, 1452, 1424, -1,
      1454, 1456, 1424, -1,
      1424, 1456, 1457, -1,
      1424, 1457, 1455, -1,
      1384, 1339, 1454, -1,
      1454, 1339, 1338, -1,
      1454, 1338, 1456, -1,
      1456, 1338, 1337, -1,
      1456, 1337, 1457, -1,
      1457, 1337, 1336, -1,
      1457, 1336, 1455, -1,
      1455, 1336, 1335, -1,
      1455, 1335, 1453, -1,
      1453, 1335, 1331, -1,
      1453, 1331, 1367, -1,
      1367, 1331, 1329, -1,
      1329, 1328, 1379, -1,
      1379, 1328, 1374, -1,
      1373, 1371, 1375, -1,
      1375, 1371, 1376, -1,
      1374, 1373, 1379, -1,
      1379, 1373, 1375, -1,
      1377, 1370, 1378, -1,
      1378, 1370, 1372, -1,
      1378, 1372, 1368, -1,
      1368, 1372, 1369, -1,
      1355, 1332, 1333, -1,
      1350, 1352, 1333, -1,
      1333, 1352, 1359, -1,
      1333, 1359, 1355, -1,
      1340, 1347, 1333, -1,
      1333, 1347, 1348, -1,
      1333, 1348, 1350, -1,
      1452, 1357, 1358, -1,
      1358, 1354, 1452, -1,
      1452, 1354, 1353, -1,
      1452, 1353, 1351, -1,
      1351, 1349, 1452, -1,
      1452, 1349, 1346, -1,
      1452, 1346, 1345, -1,
      1458, 1459, 1460, -1,
      1460, 1459, 1461, -1,
      1462, 1458, 1463, -1,
      1463, 1458, 1460, -1,
      1464, 1462, 1465, -1,
      1465, 1462, 1463, -1,
      1466, 1464, 1467, -1,
      1467, 1464, 1465, -1,
      1468, 1466, 1469, -1,
      1469, 1466, 1467, -1,
      1470, 1468, 1471, -1,
      1471, 1468, 1469, -1,
      1472, 1470, 1473, -1,
      1473, 1470, 1471, -1,
      1474, 1472, 1475, -1,
      1475, 1472, 1473, -1,
      1476, 1474, 1477, -1,
      1477, 1474, 1475, -1,
      1478, 1476, 1479, -1,
      1479, 1476, 1477, -1,
      1480, 1478, 1481, -1,
      1481, 1478, 1479, -1,
      1482, 1480, 1483, -1,
      1483, 1480, 1481, -1,
      1484, 1482, 1485, -1,
      1485, 1482, 1483, -1,
      1484, 1485, 1486, -1,
      1484, 1486, 1487, -1,
      1487, 1486, 1488, -1,
      1487, 1488, 1489, -1,
      1489, 1488, 1490, -1,
      1489, 1490, 1491, -1,
      1491, 1490, 1492, -1,
      1491, 1492, 1493, -1,
      1493, 1492, 1494, -1,
      1493, 1494, 1495, -1,
      1495, 1494, 1496, -1,
      1495, 1496, 1497, -1,
      1498, 1497, 1499, -1,
      1499, 1497, 1496, -1,
      1498, 1499, 1500, -1,
      1498, 1500, 1501, -1,
      1501, 1500, 1502, -1,
      1501, 1502, 1503, -1,
      1503, 1502, 1504, -1,
      1503, 1504, 1505, -1,
      1505, 1504, 1506, -1,
      1505, 1506, 1507, -1,
      1507, 1506, 1508, -1,
      1507, 1508, 1509, -1,
      1509, 1508, 1510, -1,
      1509, 1510, 1511, -1,
      1512, 1511, 1513, -1,
      1513, 1511, 1510, -1,
      1514, 1512, 1515, -1,
      1515, 1512, 1513, -1,
      1516, 1514, 1517, -1,
      1517, 1514, 1515, -1,
      1518, 1516, 1519, -1,
      1519, 1516, 1517, -1,
      1520, 1518, 1521, -1,
      1521, 1518, 1519, -1,
      1522, 1520, 1523, -1,
      1523, 1520, 1521, -1,
      1524, 1522, 1525, -1,
      1525, 1522, 1523, -1,
      1524, 1525, 1526, -1,
      1524, 1526, 1527, -1,
      1527, 1526, 1528, -1,
      1527, 1528, 1529, -1,
      1529, 1528, 1530, -1,
      1529, 1530, 1531, -1,
      1531, 1530, 1532, -1,
      1531, 1532, 1533, -1,
      1533, 1532, 1534, -1,
      1533, 1534, 1535, -1,
      1535, 1534, 1536, -1,
      1535, 1536, 1537, -1,
      1537, 1536, 1538, -1,
      1537, 1538, 1539, -1,
      1539, 1538, 1540, -1,
      1539, 1540, 1541, -1,
      1541, 1540, 1542, -1,
      1541, 1542, 1543, -1,
      1543, 1542, 1544, -1,
      1543, 1544, 1545, -1,
      1545, 1544, 1546, -1,
      1545, 1546, 1547, -1,
      1548, 1547, 1549, -1,
      1549, 1547, 1546, -1,
      1550, 1548, 1551, -1,
      1551, 1548, 1549, -1,
      1550, 1551, 1552, -1,
      1552, 1551, 1553, -1,
      1552, 1553, 1554, -1,
      1554, 1553, 1555, -1,
      1554, 1555, 1556, -1,
      1556, 1555, 1557, -1,
      1556, 1557, 1558, -1,
      1558, 1557, 1559, -1,
      1558, 1559, 1560, -1,
      1560, 1559, 1561, -1,
      1560, 1561, 1562, -1,
      1562, 1561, 1563, -1,
      1564, 1562, 1565, -1,
      1565, 1562, 1563, -1,
      1564, 1565, 1566, -1,
      1566, 1565, 1567, -1,
      1566, 1567, 1568, -1,
      1568, 1567, 1569, -1,
      1568, 1569, 1570, -1,
      1570, 1569, 1571, -1,
      1570, 1571, 1572, -1,
      1572, 1571, 1573, -1,
      1572, 1573, 1574, -1,
      1574, 1573, 1575, -1,
      1574, 1575, 1576, -1,
      1576, 1575, 1577, -1,
      1576, 1577, 1578, -1,
      1578, 1577, 1579, -1,
      1580, 1578, 1581, -1,
      1581, 1578, 1579, -1,
      1580, 1581, 1582, -1,
      1582, 1581, 1583, -1,
      1582, 1583, 1584, -1,
      1584, 1583, 1585, -1,
      1584, 1585, 1586, -1,
      1586, 1585, 1587, -1,
      1586, 1587, 1588, -1,
      1588, 1587, 1589, -1,
      1588, 1589, 1590, -1,
      1590, 1589, 1591, -1,
      1590, 1591, 1592, -1,
      1592, 1591, 1593, -1,
      1594, 1592, 1595, -1,
      1595, 1592, 1593, -1,
      1594, 1595, 1596, -1,
      1594, 1596, 1597, -1,
      1597, 1596, 1598, -1,
      1597, 1598, 1599, -1,
      1599, 1598, 1600, -1,
      1599, 1600, 1601, -1,
      1601, 1600, 1602, -1,
      1601, 1602, 1603, -1,
      1603, 1602, 1604, -1,
      1603, 1604, 1605, -1,
      1605, 1604, 1606, -1,
      1605, 1606, 1607, -1,
      1607, 1606, 1608, -1,
      1607, 1608, 1609, -1,
      1609, 1608, 1610, -1,
      1609, 1610, 1611, -1,
      1611, 1610, 1612, -1,
      1611, 1612, 1613, -1,
      1613, 1612, 1614, -1,
      1613, 1614, 1615, -1,
      1615, 1614, 1616, -1,
      1615, 1616, 1617, -1,
      1617, 1616, 1618, -1,
      1617, 1618, 1619, -1,
      1620, 1619, 1621, -1,
      1621, 1619, 1618, -1,
      1622, 1620, 1623, -1,
      1623, 1620, 1621, -1,
      1459, 1622, 1461, -1,
      1461, 1622, 1623, -1,
      1464, 1466, 1468, -1,
      1514, 1516, 1518, -1,
      1459, 1458, 1622, -1,
      1622, 1458, 1462, -1,
      1622, 1462, 1620, -1,
      1620, 1462, 1464, -1,
      1533, 1535, 1547, -1,
      1552, 1522, 1550, -1,
      1550, 1522, 1548, -1,
      1552, 1554, 1522, -1,
      1522, 1554, 1556, -1,
      1522, 1556, 1558, -1,
      1548, 1522, 1547, -1,
      1547, 1522, 1524, -1,
      1547, 1524, 1527, -1,
      1518, 1487, 1514, -1,
      1514, 1487, 1511, -1,
      1514, 1511, 1512, -1,
      1474, 1476, 1472, -1,
      1472, 1476, 1478, -1,
      1472, 1478, 1520, -1,
      1520, 1478, 1480, -1,
      1520, 1480, 1518, -1,
      1518, 1480, 1482, -1,
      1518, 1482, 1487, -1,
      1487, 1482, 1484, -1,
      1464, 1468, 1620, -1,
      1620, 1468, 1470, -1,
      1620, 1470, 1582, -1,
      1582, 1584, 1620, -1,
      1620, 1584, 1586, -1,
      1620, 1586, 1588, -1,
      1527, 1529, 1547, -1,
      1547, 1529, 1531, -1,
      1547, 1531, 1533, -1,
      1539, 1541, 1537, -1,
      1537, 1541, 1543, -1,
      1537, 1543, 1535, -1,
      1535, 1543, 1545, -1,
      1535, 1545, 1547, -1,
      1603, 1605, 1619, -1,
      1491, 1493, 1495, -1,
      1498, 1501, 1511, -1,
      1511, 1501, 1503, -1,
      1503, 1505, 1511, -1,
      1511, 1505, 1507, -1,
      1511, 1507, 1509, -1,
      1588, 1590, 1620, -1,
      1620, 1590, 1592, -1,
      1620, 1592, 1619, -1,
      1619, 1592, 1594, -1,
      1619, 1594, 1597, -1,
      1498, 1511, 1497, -1,
      1497, 1511, 1487, -1,
      1497, 1487, 1495, -1,
      1495, 1487, 1489, -1,
      1495, 1489, 1491, -1,
      1566, 1568, 1520, -1,
      1520, 1568, 1570, -1,
      1520, 1570, 1472, -1,
      1472, 1570, 1572, -1,
      1472, 1572, 1574, -1,
      1597, 1599, 1619, -1,
      1619, 1599, 1601, -1,
      1619, 1601, 1603, -1,
      1615, 1609, 1613, -1,
      1613, 1609, 1611, -1,
      1605, 1607, 1619, -1,
      1619, 1607, 1609, -1,
      1619, 1609, 1617, -1,
      1617, 1609, 1615, -1,
      1574, 1576, 1472, -1,
      1472, 1576, 1578, -1,
      1472, 1578, 1470, -1,
      1470, 1578, 1580, -1,
      1470, 1580, 1582, -1,
      1558, 1560, 1522, -1,
      1522, 1560, 1562, -1,
      1522, 1562, 1520, -1,
      1520, 1562, 1564, -1,
      1520, 1564, 1566, -1,
      1479, 1477, 1475, -1,
      1519, 1517, 1483, -1,
      1483, 1517, 1515, -1,
      1483, 1515, 1485, -1,
      1475, 1473, 1479, -1,
      1479, 1473, 1621, -1,
      1479, 1621, 1481, -1,
      1469, 1467, 1471, -1,
      1471, 1467, 1465, -1,
      1500, 1499, 1510, -1,
      1510, 1499, 1496, -1,
      1510, 1496, 1513, -1,
      1492, 1490, 1515, -1,
      1523, 1561, 1559, -1,
      1546, 1525, 1549, -1,
      1549, 1525, 1523, -1,
      1549, 1523, 1551, -1,
      1551, 1523, 1553, -1,
      1587, 1621, 1589, -1,
      1589, 1621, 1591, -1,
      1513, 1496, 1515, -1,
      1515, 1496, 1494, -1,
      1515, 1494, 1492, -1,
      1460, 1461, 1463, -1,
      1463, 1461, 1623, -1,
      1463, 1623, 1465, -1,
      1465, 1623, 1621, -1,
      1465, 1621, 1471, -1,
      1471, 1621, 1473, -1,
      1546, 1544, 1525, -1,
      1525, 1544, 1542, -1,
      1525, 1542, 1540, -1,
      1559, 1557, 1523, -1,
      1523, 1557, 1555, -1,
      1523, 1555, 1553, -1,
      1618, 1595, 1621, -1,
      1621, 1595, 1593, -1,
      1621, 1593, 1591, -1,
      1579, 1577, 1481, -1,
      1481, 1577, 1575, -1,
      1481, 1575, 1573, -1,
      1573, 1571, 1481, -1,
      1481, 1571, 1569, -1,
      1481, 1569, 1567, -1,
      1508, 1506, 1504, -1,
      1490, 1488, 1515, -1,
      1515, 1488, 1486, -1,
      1515, 1486, 1485, -1,
      1528, 1526, 1536, -1,
      1536, 1526, 1525, -1,
      1536, 1525, 1538, -1,
      1538, 1525, 1540, -1,
      1528, 1536, 1530, -1,
      1530, 1536, 1534, -1,
      1530, 1534, 1532, -1,
      1602, 1600, 1618, -1,
      1587, 1585, 1621, -1,
      1621, 1585, 1583, -1,
      1621, 1583, 1481, -1,
      1481, 1583, 1581, -1,
      1481, 1581, 1579, -1,
      1508, 1504, 1510, -1,
      1510, 1504, 1502, -1,
      1510, 1502, 1500, -1,
      1483, 1481, 1519, -1,
      1519, 1481, 1567, -1,
      1519, 1567, 1521, -1,
      1521, 1567, 1565, -1,
      1521, 1565, 1523, -1,
      1523, 1565, 1563, -1,
      1523, 1563, 1561, -1,
      1616, 1614, 1606, -1,
      1606, 1614, 1612, -1,
      1606, 1612, 1608, -1,
      1608, 1612, 1610, -1,
      1616, 1606, 1618, -1,
      1618, 1606, 1604, -1,
      1618, 1604, 1602, -1,
      1600, 1598, 1618, -1,
      1618, 1598, 1596, -1,
      1618, 1596, 1595, -1,
      1624, 1625, 1626, -1,
      1627, 1628, 1629, -1,
      1630, 1631, 1632, -1,
      1632, 1631, 1633, -1,
      1629, 1624, 1627, -1,
      1627, 1624, 1626, -1,
      1627, 1626, 1634, -1,
      1634, 1626, 1631, -1,
      1634, 1631, 1635, -1,
      1635, 1631, 1630, -1,
      1636, 1637, 1638, -1,
      1639, 1625, 1624, -1,
      1640, 1641, 1642, -1,
      1640, 1643, 1644, -1,
      1644, 1643, 1645, -1,
      1644, 1645, 1646, -1,
      1646, 1645, 1647, -1,
      1646, 1647, 1648, -1,
      1649, 1650, 1639, -1,
      1639, 1650, 1651, -1,
      1639, 1651, 1652, -1,
      1652, 1651, 1653, -1,
      1652, 1653, 1654, -1,
      1654, 1653, 1655, -1,
      1654, 1655, 1656, -1,
      1656, 1655, 1657, -1,
      1656, 1657, 1658, -1,
      1658, 1657, 1659, -1,
      1658, 1659, 1660, -1,
      1660, 1659, 1661, -1,
      1660, 1661, 1642, -1,
      1642, 1661, 1636, -1,
      1642, 1636, 1640, -1,
      1640, 1636, 1638, -1,
      1640, 1638, 1643, -1,
      1639, 1624, 1649, -1,
      1649, 1624, 1629, -1,
      1649, 1629, 1662, -1,
      1663, 1664, 1665, -1,
      1665, 1664, 1662, -1,
      1666, 1667, 1668, -1,
      1668, 1669, 1666, -1,
      1666, 1669, 1665, -1,
      1666, 1665, 1670, -1,
      1670, 1665, 1662, -1,
      1670, 1662, 1629, -1,
      1671, 1672, 1673, -1,
      1673, 1672, 1674, -1,
      1673, 1674, 1663, -1,
      1663, 1674, 1675, -1,
      1663, 1675, 1664, -1,
      1664, 1675, 1628, -1,
      1668, 1667, 1671, -1,
      1671, 1667, 1672, -1,
      1646, 1648, 1676, -1,
      1641, 1640, 1676, -1,
      1676, 1640, 1644, -1,
      1676, 1644, 1646, -1,
      1677, 1647, 1645, -1,
      1645, 1643, 1677, -1,
      1677, 1643, 1638, -1,
      1677, 1638, 1637, -1,
      1633, 1678, 1679, -1,
      1679, 1678, 1680, -1,
      1681, 1682, 1647, -1,
      1647, 1682, 1648, -1,
      1683, 1680, 1681, -1,
      1684, 1685, 1686, -1,
      1686, 1685, 1687, -1,
      1686, 1687, 1688, -1,
      1688, 1687, 1689, -1,
      1681, 1690, 1683, -1,
      1683, 1690, 1691, -1,
      1683, 1691, 1692, -1,
      1692, 1691, 1693, -1,
      1692, 1693, 1694, -1,
      1694, 1693, 1695, -1,
      1694, 1695, 1689, -1,
      1689, 1695, 1696, -1,
      1689, 1696, 1688, -1,
      1680, 1678, 1681, -1,
      1681, 1678, 1682, -1,
      1697, 1698, 1699, -1,
      1682, 1678, 1700, -1,
      1700, 1678, 1701, -1,
      1700, 1701, 1702, -1,
      1702, 1701, 1703, -1,
      1699, 1704, 1697, -1,
      1697, 1704, 1705, -1,
      1697, 1705, 1706, -1,
      1706, 1705, 1707, -1,
      1706, 1707, 1708, -1,
      1708, 1707, 1709, -1,
      1708, 1709, 1703, -1,
      1703, 1709, 1710, -1,
      1703, 1710, 1702, -1,
      1698, 1711, 1699, -1,
      1699, 1711, 1712, -1,
      1713, 1711, 1714, -1,
      1714, 1711, 1698, -1,
      1633, 1631, 1715, -1,
      1714, 1698, 1716, -1,
      1716, 1698, 1697, -1,
      1716, 1697, 1717, -1,
      1717, 1697, 1706, -1,
      1717, 1706, 1718, -1,
      1718, 1706, 1708, -1,
      1718, 1708, 1719, -1,
      1719, 1708, 1703, -1,
      1719, 1703, 1715, -1,
      1715, 1703, 1701, -1,
      1715, 1701, 1633, -1,
      1633, 1701, 1678, -1,
      1679, 1680, 1683, -1,
      1720, 1679, 1721, -1,
      1721, 1679, 1683, -1,
      1721, 1683, 1722, -1,
      1722, 1683, 1692, -1,
      1722, 1692, 1723, -1,
      1723, 1692, 1694, -1,
      1723, 1694, 1724, -1,
      1724, 1694, 1689, -1,
      1724, 1689, 1725, -1,
      1725, 1689, 1687, -1,
      1725, 1687, 1726, -1,
      1726, 1687, 1685, -1,
      1726, 1685, 1727, -1,
      1727, 1685, 1728, -1,
      1728, 1729, 1727, -1,
      1727, 1729, 1730, -1,
      1729, 1684, 1730, -1,
      1730, 1684, 1731, -1,
      1647, 1677, 1732, -1,
      1731, 1684, 1686, -1,
      1731, 1686, 1733, -1,
      1733, 1686, 1688, -1,
      1733, 1688, 1734, -1,
      1734, 1688, 1696, -1,
      1734, 1696, 1735, -1,
      1735, 1696, 1695, -1,
      1735, 1695, 1736, -1,
      1736, 1695, 1693, -1,
      1736, 1693, 1737, -1,
      1737, 1693, 1691, -1,
      1737, 1691, 1738, -1,
      1738, 1691, 1690, -1,
      1738, 1690, 1732, -1,
      1732, 1690, 1681, -1,
      1732, 1681, 1647, -1,
      1648, 1682, 1700, -1,
      1739, 1676, 1648, -1,
      1648, 1700, 1739, -1,
      1739, 1700, 1702, -1,
      1739, 1702, 1740, -1,
      1740, 1702, 1710, -1,
      1740, 1710, 1741, -1,
      1741, 1710, 1709, -1,
      1741, 1709, 1742, -1,
      1742, 1709, 1707, -1,
      1742, 1707, 1743, -1,
      1743, 1707, 1705, -1,
      1743, 1705, 1744, -1,
      1744, 1705, 1704, -1,
      1744, 1704, 1745, -1,
      1745, 1704, 1699, -1,
      1745, 1699, 1746, -1,
      1699, 1712, 1746, -1,
      1746, 1712, 1747, -1,
      1712, 1711, 1747, -1,
      1747, 1711, 1713, -1,
      1684, 1729, 1685, -1,
      1685, 1729, 1728, -1,
      1746, 1747, 1714, -1,
      1714, 1747, 1713, -1,
      1731, 1726, 1730, -1,
      1730, 1726, 1727, -1,
      1725, 1726, 1731, -1,
      1721, 1637, 1720, -1,
      1720, 1637, 1636, -1,
      1720, 1636, 1748, -1,
      1731, 1733, 1637, -1,
      1637, 1733, 1734, -1,
      1737, 1738, 1637, -1,
      1637, 1738, 1732, -1,
      1637, 1732, 1677, -1,
      1721, 1722, 1637, -1,
      1637, 1722, 1723, -1,
      1637, 1723, 1731, -1,
      1731, 1723, 1724, -1,
      1731, 1724, 1725, -1,
      1734, 1735, 1637, -1,
      1637, 1735, 1736, -1,
      1637, 1736, 1737, -1,
      1719, 1715, 1641, -1,
      1641, 1715, 1631, -1,
      1641, 1631, 1642, -1,
      1642, 1631, 1626, -1,
      1746, 1714, 1745, -1,
      1745, 1714, 1716, -1,
      1745, 1716, 1744, -1,
      1744, 1716, 1717, -1,
      1718, 1742, 1717, -1,
      1717, 1742, 1743, -1,
      1717, 1743, 1744, -1,
      1739, 1740, 1718, -1,
      1718, 1740, 1741, -1,
      1718, 1741, 1742, -1,
      1719, 1641, 1718, -1,
      1718, 1641, 1676, -1,
      1718, 1676, 1739, -1,
      1749, 1750, 1720, -1,
      1720, 1750, 1751, -1,
      1720, 1751, 1679, -1,
      1662, 1664, 1649, -1,
      1649, 1664, 1752, -1,
      1649, 1752, 1650, -1,
      1650, 1752, 1748, -1,
      1748, 1752, 1720, -1,
      1720, 1752, 1753, -1,
      1720, 1753, 1749, -1,
      1664, 1628, 1752, -1,
      1752, 1628, 1627, -1,
      1752, 1627, 1753, -1,
      1753, 1627, 1634, -1,
      1753, 1634, 1749, -1,
      1749, 1634, 1635, -1,
      1749, 1635, 1750, -1,
      1750, 1635, 1630, -1,
      1750, 1630, 1751, -1,
      1751, 1630, 1632, -1,
      1751, 1632, 1679, -1,
      1679, 1632, 1633, -1,
      1629, 1628, 1670, -1,
      1670, 1628, 1675, -1,
      1667, 1666, 1672, -1,
      1672, 1666, 1674, -1,
      1666, 1670, 1674, -1,
      1674, 1670, 1675, -1,
      1668, 1671, 1669, -1,
      1669, 1671, 1673, -1,
      1669, 1673, 1665, -1,
      1665, 1673, 1663, -1,
      1626, 1625, 1639, -1,
      1639, 1652, 1626, -1,
      1626, 1652, 1654, -1,
      1626, 1654, 1656, -1,
      1656, 1658, 1626, -1,
      1626, 1658, 1660, -1,
      1626, 1660, 1642, -1,
      1651, 1650, 1748, -1,
      1657, 1655, 1748, -1,
      1748, 1655, 1653, -1,
      1748, 1653, 1651, -1,
      1636, 1661, 1748, -1,
      1748, 1661, 1659, -1,
      1748, 1659, 1657, -1,
      1754, 1755, 1756, -1,
      1756, 1755, 1757, -1,
      1758, 1754, 1759, -1,
      1759, 1754, 1756, -1,
      1760, 1758, 1761, -1,
      1761, 1758, 1759, -1,
      1762, 1760, 1763, -1,
      1763, 1760, 1761, -1,
      1764, 1762, 1765, -1,
      1765, 1762, 1763, -1,
      1766, 1764, 1767, -1,
      1767, 1764, 1765, -1,
      1768, 1766, 1769, -1,
      1769, 1766, 1767, -1,
      1770, 1768, 1771, -1,
      1771, 1768, 1769, -1,
      1772, 1770, 1773, -1,
      1773, 1770, 1771, -1,
      1774, 1772, 1775, -1,
      1775, 1772, 1773, -1,
      1776, 1774, 1777, -1,
      1777, 1774, 1775, -1,
      1778, 1776, 1779, -1,
      1779, 1776, 1777, -1,
      1780, 1778, 1781, -1,
      1781, 1778, 1779, -1,
      1780, 1781, 1782, -1,
      1780, 1782, 1783, -1,
      1783, 1782, 1784, -1,
      1783, 1784, 1785, -1,
      1785, 1784, 1786, -1,
      1785, 1786, 1787, -1,
      1787, 1786, 1788, -1,
      1787, 1788, 1789, -1,
      1789, 1788, 1790, -1,
      1789, 1790, 1791, -1,
      1791, 1790, 1792, -1,
      1791, 1792, 1793, -1,
      1794, 1793, 1795, -1,
      1795, 1793, 1792, -1,
      1794, 1795, 1796, -1,
      1794, 1796, 1797, -1,
      1797, 1796, 1798, -1,
      1797, 1798, 1799, -1,
      1799, 1798, 1800, -1,
      1799, 1800, 1801, -1,
      1801, 1800, 1802, -1,
      1801, 1802, 1803, -1,
      1803, 1802, 1804, -1,
      1803, 1804, 1805, -1,
      1805, 1804, 1806, -1,
      1805, 1806, 1807, -1,
      1808, 1807, 1809, -1,
      1809, 1807, 1806, -1,
      1810, 1808, 1811, -1,
      1811, 1808, 1809, -1,
      1812, 1810, 1813, -1,
      1813, 1810, 1811, -1,
      1814, 1812, 1815, -1,
      1815, 1812, 1813, -1,
      1816, 1814, 1817, -1,
      1817, 1814, 1815, -1,
      1818, 1816, 1819, -1,
      1819, 1816, 1817, -1,
      1820, 1818, 1821, -1,
      1821, 1818, 1819, -1,
      1820, 1821, 1822, -1,
      1820, 1822, 1823, -1,
      1823, 1822, 1824, -1,
      1823, 1824, 1825, -1,
      1825, 1824, 1826, -1,
      1825, 1826, 1827, -1,
      1827, 1826, 1828, -1,
      1827, 1828, 1829, -1,
      1829, 1828, 1830, -1,
      1829, 1830, 1831, -1,
      1831, 1830, 1832, -1,
      1831, 1832, 1833, -1,
      1833, 1832, 1834, -1,
      1833, 1834, 1835, -1,
      1835, 1834, 1836, -1,
      1835, 1836, 1837, -1,
      1837, 1836, 1838, -1,
      1837, 1838, 1839, -1,
      1839, 1838, 1840, -1,
      1839, 1840, 1841, -1,
      1841, 1840, 1842, -1,
      1841, 1842, 1843, -1,
      1844, 1843, 1845, -1,
      1845, 1843, 1842, -1,
      1846, 1844, 1847, -1,
      1847, 1844, 1845, -1,
      1846, 1847, 1848, -1,
      1848, 1847, 1849, -1,
      1848, 1849, 1850, -1,
      1850, 1849, 1851, -1,
      1850, 1851, 1852, -1,
      1852, 1851, 1853, -1,
      1852, 1853, 1854, -1,
      1854, 1853, 1855, -1,
      1854, 1855, 1856, -1,
      1856, 1855, 1857, -1,
      1856, 1857, 1858, -1,
      1858, 1857, 1859, -1,
      1860, 1858, 1861, -1,
      1861, 1858, 1859, -1,
      1860, 1861, 1862, -1,
      1862, 1861, 1863, -1,
      1862, 1863, 1864, -1,
      1864, 1863, 1865, -1,
      1864, 1865, 1866, -1,
      1866, 1865, 1867, -1,
      1866, 1867, 1868, -1,
      1868, 1867, 1869, -1,
      1868, 1869, 1870, -1,
      1870, 1869, 1871, -1,
      1870, 1871, 1872, -1,
      1872, 1871, 1873, -1,
      1872, 1873, 1874, -1,
      1874, 1873, 1875, -1,
      1876, 1874, 1877, -1,
      1877, 1874, 1875, -1,
      1876, 1877, 1878, -1,
      1878, 1877, 1879, -1,
      1878, 1879, 1880, -1,
      1880, 1879, 1881, -1,
      1880, 1881, 1882, -1,
      1882, 1881, 1883, -1,
      1882, 1883, 1884, -1,
      1884, 1883, 1885, -1,
      1884, 1885, 1886, -1,
      1886, 1885, 1887, -1,
      1886, 1887, 1888, -1,
      1888, 1887, 1889, -1,
      1890, 1888, 1891, -1,
      1891, 1888, 1889, -1,
      1890, 1891, 1892, -1,
      1890, 1892, 1893, -1,
      1893, 1892, 1894, -1,
      1893, 1894, 1895, -1,
      1895, 1894, 1896, -1,
      1895, 1896, 1897, -1,
      1897, 1896, 1898, -1,
      1897, 1898, 1899, -1,
      1899, 1898, 1900, -1,
      1899, 1900, 1901, -1,
      1901, 1900, 1902, -1,
      1901, 1902, 1903, -1,
      1903, 1902, 1904, -1,
      1903, 1904, 1905, -1,
      1905, 1904, 1906, -1,
      1905, 1906, 1907, -1,
      1907, 1906, 1908, -1,
      1907, 1908, 1909, -1,
      1909, 1908, 1910, -1,
      1909, 1910, 1911, -1,
      1911, 1910, 1912, -1,
      1911, 1912, 1913, -1,
      1913, 1912, 1914, -1,
      1913, 1914, 1915, -1,
      1916, 1915, 1917, -1,
      1917, 1915, 1914, -1,
      1918, 1916, 1919, -1,
      1919, 1916, 1917, -1,
      1755, 1918, 1757, -1,
      1757, 1918, 1919, -1,
      1760, 1762, 1764, -1,
      1810, 1812, 1814, -1,
      1755, 1754, 1918, -1,
      1918, 1754, 1758, -1,
      1918, 1758, 1916, -1,
      1916, 1758, 1760, -1,
      1818, 1820, 1843, -1,
      1843, 1844, 1818, -1,
      1818, 1844, 1846, -1,
      1818, 1846, 1848, -1,
      1848, 1850, 1818, -1,
      1818, 1850, 1852, -1,
      1818, 1852, 1854, -1,
      1823, 1825, 1833, -1,
      1814, 1783, 1810, -1,
      1810, 1783, 1807, -1,
      1810, 1807, 1808, -1,
      1770, 1772, 1768, -1,
      1768, 1772, 1774, -1,
      1768, 1774, 1816, -1,
      1816, 1774, 1776, -1,
      1816, 1776, 1814, -1,
      1814, 1776, 1778, -1,
      1814, 1778, 1783, -1,
      1783, 1778, 1780, -1,
      1760, 1764, 1916, -1,
      1916, 1764, 1766, -1,
      1916, 1766, 1878, -1,
      1878, 1880, 1916, -1,
      1916, 1880, 1882, -1,
      1916, 1882, 1884, -1,
      1823, 1833, 1820, -1,
      1820, 1833, 1835, -1,
      1820, 1835, 1837, -1,
      1837, 1839, 1820, -1,
      1820, 1839, 1841, -1,
      1820, 1841, 1843, -1,
      1884, 1886, 1916, -1,
      1916, 1886, 1888, -1,
      1916, 1888, 1915, -1,
      1915, 1888, 1890, -1,
      1825, 1827, 1833, -1,
      1833, 1827, 1829, -1,
      1833, 1829, 1831, -1,
      1787, 1789, 1791, -1,
      1794, 1797, 1807, -1,
      1807, 1797, 1799, -1,
      1799, 1801, 1807, -1,
      1807, 1801, 1803, -1,
      1807, 1803, 1805, -1,
      1915, 1903, 1913, -1,
      1913, 1903, 1911, -1,
      1794, 1807, 1793, -1,
      1793, 1807, 1783, -1,
      1793, 1783, 1791, -1,
      1791, 1783, 1785, -1,
      1791, 1785, 1787, -1,
      1870, 1872, 1768, -1,
      1768, 1872, 1874, -1,
      1768, 1874, 1766, -1,
      1766, 1874, 1876, -1,
      1766, 1876, 1878, -1,
      1890, 1893, 1915, -1,
      1915, 1893, 1895, -1,
      1915, 1895, 1897, -1,
      1911, 1903, 1909, -1,
      1909, 1903, 1905, -1,
      1909, 1905, 1907, -1,
      1862, 1864, 1816, -1,
      1816, 1864, 1866, -1,
      1816, 1866, 1768, -1,
      1768, 1866, 1868, -1,
      1768, 1868, 1870, -1,
      1897, 1899, 1915, -1,
      1915, 1899, 1901, -1,
      1915, 1901, 1903, -1,
      1854, 1856, 1818, -1,
      1818, 1856, 1858, -1,
      1818, 1858, 1816, -1,
      1816, 1858, 1860, -1,
      1816, 1860, 1862, -1,
      1775, 1773, 1771, -1,
      1765, 1763, 1767, -1,
      1767, 1763, 1761, -1,
      1815, 1813, 1779, -1,
      1779, 1813, 1811, -1,
      1779, 1811, 1781, -1,
      1771, 1769, 1775, -1,
      1775, 1769, 1917, -1,
      1775, 1917, 1777, -1,
      1796, 1795, 1806, -1,
      1806, 1795, 1792, -1,
      1806, 1792, 1809, -1,
      1788, 1786, 1811, -1,
      1756, 1757, 1759, -1,
      1759, 1757, 1919, -1,
      1759, 1919, 1761, -1,
      1761, 1919, 1917, -1,
      1761, 1917, 1767, -1,
      1767, 1917, 1769, -1,
      1819, 1857, 1855, -1,
      1842, 1821, 1845, -1,
      1845, 1821, 1819, -1,
      1845, 1819, 1847, -1,
      1847, 1819, 1849, -1,
      1883, 1917, 1885, -1,
      1885, 1917, 1887, -1,
      1809, 1792, 1811, -1,
      1811, 1792, 1790, -1,
      1811, 1790, 1788, -1,
      1855, 1853, 1819, -1,
      1819, 1853, 1851, -1,
      1819, 1851, 1849, -1,
      1914, 1891, 1917, -1,
      1917, 1891, 1889, -1,
      1917, 1889, 1887, -1,
      1875, 1873, 1777, -1,
      1777, 1873, 1871, -1,
      1777, 1871, 1869, -1,
      1804, 1802, 1800, -1,
      1786, 1784, 1811, -1,
      1811, 1784, 1782, -1,
      1811, 1782, 1781, -1,
      1842, 1840, 1821, -1,
      1821, 1840, 1838, -1,
      1821, 1838, 1836, -1,
      1830, 1828, 1821, -1,
      1821, 1828, 1826, -1,
      1821, 1826, 1822, -1,
      1822, 1826, 1824, -1,
      1883, 1881, 1917, -1,
      1917, 1881, 1879, -1,
      1917, 1879, 1777, -1,
      1777, 1879, 1877, -1,
      1777, 1877, 1875, -1,
      1869, 1867, 1777, -1,
      1777, 1867, 1865, -1,
      1777, 1865, 1863, -1,
      1804, 1800, 1806, -1,
      1806, 1800, 1798, -1,
      1806, 1798, 1796, -1,
      1836, 1834, 1821, -1,
      1821, 1834, 1832, -1,
      1821, 1832, 1830, -1,
      1779, 1777, 1815, -1,
      1815, 1777, 1863, -1,
      1815, 1863, 1817, -1,
      1817, 1863, 1861, -1,
      1817, 1861, 1819, -1,
      1819, 1861, 1859, -1,
      1819, 1859, 1857, -1,
      1902, 1914, 1904, -1,
      1904, 1914, 1912, -1,
      1912, 1910, 1904, -1,
      1904, 1910, 1908, -1,
      1904, 1908, 1906, -1,
      1902, 1900, 1914, -1,
      1914, 1900, 1898, -1,
      1914, 1898, 1896, -1,
      1896, 1894, 1914, -1,
      1914, 1894, 1892, -1,
      1914, 1892, 1891, -1,
      1920, 1921, 1922, -1,
      1922, 1921, 1923, -1,
      1924, 1920, 1925, -1,
      1925, 1920, 1922, -1,
      1926, 1924, 1927, -1,
      1927, 1924, 1925, -1,
      1928, 1926, 1929, -1,
      1929, 1926, 1927, -1,
      1930, 1928, 1931, -1,
      1931, 1928, 1929, -1,
      1932, 1930, 1933, -1,
      1933, 1930, 1931, -1,
      1934, 1932, 1935, -1,
      1935, 1932, 1933, -1,
      1936, 1934, 1937, -1,
      1937, 1934, 1935, -1,
      1938, 1936, 1939, -1,
      1939, 1936, 1937, -1,
      1940, 1938, 1941, -1,
      1941, 1938, 1939, -1,
      1942, 1940, 1943, -1,
      1943, 1940, 1941, -1,
      1944, 1942, 1945, -1,
      1945, 1942, 1943, -1,
      1946, 1944, 1947, -1,
      1947, 1944, 1945, -1,
      1946, 1947, 1948, -1,
      1946, 1948, 1949, -1,
      1949, 1948, 1950, -1,
      1949, 1950, 1951, -1,
      1951, 1950, 1952, -1,
      1951, 1952, 1953, -1,
      1953, 1952, 1954, -1,
      1953, 1954, 1955, -1,
      1955, 1954, 1956, -1,
      1955, 1956, 1957, -1,
      1957, 1956, 1958, -1,
      1957, 1958, 1959, -1,
      1960, 1959, 1961, -1,
      1961, 1959, 1958, -1,
      1960, 1961, 1962, -1,
      1960, 1962, 1963, -1,
      1963, 1962, 1964, -1,
      1963, 1964, 1965, -1,
      1965, 1964, 1966, -1,
      1965, 1966, 1967, -1,
      1967, 1966, 1968, -1,
      1967, 1968, 1969, -1,
      1969, 1968, 1970, -1,
      1969, 1970, 1971, -1,
      1971, 1970, 1972, -1,
      1971, 1972, 1973, -1,
      1974, 1973, 1975, -1,
      1975, 1973, 1972, -1,
      1976, 1974, 1977, -1,
      1977, 1974, 1975, -1,
      1978, 1976, 1979, -1,
      1979, 1976, 1977, -1,
      1980, 1978, 1981, -1,
      1981, 1978, 1979, -1,
      1982, 1980, 1983, -1,
      1983, 1980, 1981, -1,
      1984, 1982, 1985, -1,
      1985, 1982, 1983, -1,
      1986, 1984, 1987, -1,
      1987, 1984, 1985, -1,
      1986, 1987, 1988, -1,
      1986, 1988, 1989, -1,
      1989, 1988, 1990, -1,
      1989, 1990, 1991, -1,
      1991, 1990, 1992, -1,
      1991, 1992, 1993, -1,
      1993, 1992, 1994, -1,
      1993, 1994, 1995, -1,
      1995, 1994, 1996, -1,
      1995, 1996, 1997, -1,
      1997, 1996, 1998, -1,
      1997, 1998, 1999, -1,
      1999, 1998, 2000, -1,
      1999, 2000, 2001, -1,
      2001, 2000, 2002, -1,
      2001, 2002, 2003, -1,
      2003, 2002, 2004, -1,
      2003, 2004, 2005, -1,
      2005, 2004, 2006, -1,
      2005, 2006, 2007, -1,
      2007, 2006, 2008, -1,
      2007, 2008, 2009, -1,
      2010, 2009, 2011, -1,
      2011, 2009, 2008, -1,
      2012, 2010, 2013, -1,
      2013, 2010, 2011, -1,
      2012, 2013, 2014, -1,
      2014, 2013, 2015, -1,
      2014, 2015, 2016, -1,
      2016, 2015, 2017, -1,
      2016, 2017, 2018, -1,
      2018, 2017, 2019, -1,
      2018, 2019, 2020, -1,
      2020, 2019, 2021, -1,
      2020, 2021, 2022, -1,
      2022, 2021, 2023, -1,
      2022, 2023, 2024, -1,
      2024, 2023, 2025, -1,
      2026, 2024, 2027, -1,
      2027, 2024, 2025, -1,
      2026, 2027, 2028, -1,
      2028, 2027, 2029, -1,
      2028, 2029, 2030, -1,
      2030, 2029, 2031, -1,
      2030, 2031, 2032, -1,
      2032, 2031, 2033, -1,
      2032, 2033, 2034, -1,
      2034, 2033, 2035, -1,
      2034, 2035, 2036, -1,
      2036, 2035, 2037, -1,
      2036, 2037, 2038, -1,
      2038, 2037, 2039, -1,
      2038, 2039, 2040, -1,
      2040, 2039, 2041, -1,
      2042, 2040, 2043, -1,
      2043, 2040, 2041, -1,
      2042, 2043, 2044, -1,
      2044, 2043, 2045, -1,
      2044, 2045, 2046, -1,
      2046, 2045, 2047, -1,
      2046, 2047, 2048, -1,
      2048, 2047, 2049, -1,
      2048, 2049, 2050, -1,
      2050, 2049, 2051, -1,
      2050, 2051, 2052, -1,
      2052, 2051, 2053, -1,
      2052, 2053, 2054, -1,
      2054, 2053, 2055, -1,
      2056, 2054, 2057, -1,
      2057, 2054, 2055, -1,
      2056, 2057, 2058, -1,
      2056, 2058, 2059, -1,
      2059, 2058, 2060, -1,
      2059, 2060, 2061, -1,
      2061, 2060, 2062, -1,
      2061, 2062, 2063, -1,
      2063, 2062, 2064, -1,
      2063, 2064, 2065, -1,
      2065, 2064, 2066, -1,
      2065, 2066, 2067, -1,
      2067, 2066, 2068, -1,
      2067, 2068, 2069, -1,
      2069, 2068, 2070, -1,
      2069, 2070, 2071, -1,
      2071, 2070, 2072, -1,
      2071, 2072, 2073, -1,
      2073, 2072, 2074, -1,
      2073, 2074, 2075, -1,
      2075, 2074, 2076, -1,
      2075, 2076, 2077, -1,
      2077, 2076, 2078, -1,
      2077, 2078, 2079, -1,
      2079, 2078, 2080, -1,
      2079, 2080, 2081, -1,
      2082, 2081, 2083, -1,
      2083, 2081, 2080, -1,
      2084, 2082, 2085, -1,
      2085, 2082, 2083, -1,
      1921, 2084, 1923, -1,
      1923, 2084, 2085, -1,
      1926, 1928, 1930, -1,
      1976, 1978, 1980, -1,
      1921, 1920, 2084, -1,
      2084, 1920, 1924, -1,
      2084, 1924, 2082, -1,
      2082, 1924, 1926, -1,
      1995, 1997, 2009, -1,
      2014, 1984, 2012, -1,
      2012, 1984, 2010, -1,
      2014, 2016, 1984, -1,
      1984, 2016, 2018, -1,
      1984, 2018, 2020, -1,
      2010, 1984, 2009, -1,
      2009, 1984, 1986, -1,
      2009, 1986, 1989, -1,
      1980, 1949, 1976, -1,
      1976, 1949, 1973, -1,
      1976, 1973, 1974, -1,
      1936, 1938, 1934, -1,
      1934, 1938, 1940, -1,
      1934, 1940, 1982, -1,
      1982, 1940, 1942, -1,
      1982, 1942, 1980, -1,
      1980, 1942, 1944, -1,
      1980, 1944, 1949, -1,
      1949, 1944, 1946, -1,
      1926, 1930, 2082, -1,
      2082, 1930, 1932, -1,
      2082, 1932, 2044, -1,
      2044, 2046, 2082, -1,
      2082, 2046, 2048, -1,
      2082, 2048, 2050, -1,
      1989, 1991, 2009, -1,
      2009, 1991, 1993, -1,
      2009, 1993, 1995, -1,
      2001, 2003, 1999, -1,
      1999, 2003, 2005, -1,
      1999, 2005, 1997, -1,
      1997, 2005, 2007, -1,
      1997, 2007, 2009, -1,
      2050, 2052, 2082, -1,
      2082, 2052, 2054, -1,
      2082, 2054, 2081, -1,
      2081, 2054, 2056, -1,
      2081, 2056, 2079, -1,
      1953, 1955, 1957, -1,
      1960, 1963, 1973, -1,
      1973, 1963, 1965, -1,
      1965, 1967, 1973, -1,
      1973, 1967, 1969, -1,
      1973, 1969, 1971, -1,
      1960, 1973, 1959, -1,
      1959, 1973, 1949, -1,
      1959, 1949, 1957, -1,
      1957, 1949, 1951, -1,
      1957, 1951, 1953, -1,
      2028, 2030, 1982, -1,
      1982, 2030, 2032, -1,
      1982, 2032, 1934, -1,
      1934, 2032, 2034, -1,
      1934, 2034, 2036, -1,
      2061, 2063, 2071, -1,
      2063, 2065, 2071, -1,
      2071, 2065, 2067, -1,
      2071, 2067, 2069, -1,
      2073, 2075, 2056, -1,
      2056, 2075, 2077, -1,
      2056, 2077, 2079, -1,
      2036, 2038, 1934, -1,
      1934, 2038, 2040, -1,
      1934, 2040, 1932, -1,
      1932, 2040, 2042, -1,
      1932, 2042, 2044, -1,
      2073, 2056, 2071, -1,
      2071, 2056, 2059, -1,
      2071, 2059, 2061, -1,
      2020, 2022, 1984, -1,
      1984, 2022, 2024, -1,
      1984, 2024, 1982, -1,
      1982, 2024, 2026, -1,
      1982, 2026, 2028, -1,
      1941, 1939, 1937, -1,
      1931, 1929, 1933, -1,
      1933, 1929, 1927, -1,
      1937, 1935, 1941, -1,
      1941, 1935, 2083, -1,
      1941, 2083, 1943, -1,
      1981, 1979, 1945, -1,
      1945, 1979, 1977, -1,
      1945, 1977, 1947, -1,
      1922, 1923, 1925, -1,
      1925, 1923, 2085, -1,
      1925, 2085, 1927, -1,
      1927, 2085, 2083, -1,
      1927, 2083, 1933, -1,
      1933, 2083, 1935, -1,
      1962, 1961, 1972, -1,
      1972, 1961, 1958, -1,
      1972, 1958, 1975, -1,
      1954, 1952, 1977, -1,
      1985, 2023, 2021, -1,
      2008, 1987, 2011, -1,
      2011, 1987, 1985, -1,
      2011, 1985, 2013, -1,
      2013, 1985, 2015, -1,
      2049, 2083, 2051, -1,
      2051, 2083, 2053, -1,
      1975, 1958, 1977, -1,
      1977, 1958, 1956, -1,
      1977, 1956, 1954, -1,
      2008, 2006, 1987, -1,
      1987, 2006, 2004, -1,
      1987, 2004, 2002, -1,
      2021, 2019, 1985, -1,
      1985, 2019, 2017, -1,
      1985, 2017, 2015, -1,
      2080, 2057, 2083, -1,
      2083, 2057, 2055, -1,
      2083, 2055, 2053, -1,
      2041, 2039, 1943, -1,
      1943, 2039, 2037, -1,
      1943, 2037, 2035, -1,
      2035, 2033, 1943, -1,
      1943, 2033, 2031, -1,
      1943, 2031, 2029, -1,
      1970, 1968, 1966, -1,
      1952, 1950, 1977, -1,
      1977, 1950, 1948, -1,
      1977, 1948, 1947, -1,
      1990, 1988, 1998, -1,
      1998, 1988, 1987, -1,
      1998, 1987, 2000, -1,
      2000, 1987, 2002, -1,
      1990, 1998, 1992, -1,
      1992, 1998, 1996, -1,
      1992, 1996, 1994, -1,
      2049, 2047, 2083, -1,
      2083, 2047, 2045, -1,
      2083, 2045, 1943, -1,
      1943, 2045, 2043, -1,
      1943, 2043, 2041, -1,
      1970, 1966, 1972, -1,
      1972, 1966, 1964, -1,
      1972, 1964, 1962, -1,
      1945, 1943, 1981, -1,
      1981, 1943, 2029, -1,
      1981, 2029, 1983, -1,
      1983, 2029, 2027, -1,
      1983, 2027, 1985, -1,
      1985, 2027, 2025, -1,
      1985, 2025, 2023, -1,
      2080, 2078, 2057, -1,
      2057, 2078, 2076, -1,
      2057, 2076, 2074, -1,
      2074, 2072, 2057, -1,
      2057, 2072, 2070, -1,
      2057, 2070, 2068, -1,
      2068, 2066, 2057, -1,
      2057, 2066, 2064, -1,
      2057, 2064, 2058, -1,
      2058, 2064, 2062, -1,
      2058, 2062, 2060, -1,
      2086, 2087, 2088, -1,
      2088, 2087, 2089, -1,
      2090, 2086, 2091, -1,
      2091, 2086, 2088, -1,
      2092, 2090, 2093, -1,
      2093, 2090, 2091, -1,
      2094, 2092, 2095, -1,
      2095, 2092, 2093, -1,
      2096, 2094, 2097, -1,
      2097, 2094, 2095, -1,
      2098, 2096, 2099, -1,
      2099, 2096, 2097, -1,
      2100, 2098, 2101, -1,
      2101, 2098, 2099, -1,
      2102, 2100, 2103, -1,
      2103, 2100, 2101, -1,
      2104, 2102, 2105, -1,
      2105, 2102, 2103, -1,
      2106, 2104, 2107, -1,
      2107, 2104, 2105, -1,
      2108, 2106, 2109, -1,
      2109, 2106, 2107, -1,
      2110, 2108, 2111, -1,
      2111, 2108, 2109, -1,
      2112, 2110, 2113, -1,
      2113, 2110, 2111, -1,
      2112, 2113, 2114, -1,
      2112, 2114, 2115, -1,
      2115, 2114, 2116, -1,
      2115, 2116, 2117, -1,
      2117, 2116, 2118, -1,
      2117, 2118, 2119, -1,
      2119, 2118, 2120, -1,
      2119, 2120, 2121, -1,
      2121, 2120, 2122, -1,
      2121, 2122, 2123, -1,
      2123, 2122, 2124, -1,
      2123, 2124, 2125, -1,
      2126, 2125, 2127, -1,
      2127, 2125, 2124, -1,
      2126, 2127, 2128, -1,
      2126, 2128, 2129, -1,
      2129, 2128, 2130, -1,
      2129, 2130, 2131, -1,
      2131, 2130, 2132, -1,
      2131, 2132, 2133, -1,
      2133, 2132, 2134, -1,
      2133, 2134, 2135, -1,
      2135, 2134, 2136, -1,
      2135, 2136, 2137, -1,
      2137, 2136, 2138, -1,
      2137, 2138, 2139, -1,
      2140, 2139, 2141, -1,
      2141, 2139, 2138, -1,
      2142, 2140, 2143, -1,
      2143, 2140, 2141, -1,
      2144, 2142, 2145, -1,
      2145, 2142, 2143, -1,
      2146, 2144, 2147, -1,
      2147, 2144, 2145, -1,
      2148, 2146, 2149, -1,
      2149, 2146, 2147, -1,
      2150, 2148, 2151, -1,
      2151, 2148, 2149, -1,
      2152, 2150, 2153, -1,
      2153, 2150, 2151, -1,
      2152, 2153, 2154, -1,
      2152, 2154, 2155, -1,
      2155, 2154, 2156, -1,
      2155, 2156, 2157, -1,
      2157, 2156, 2158, -1,
      2157, 2158, 2159, -1,
      2159, 2158, 2160, -1,
      2159, 2160, 2161, -1,
      2161, 2160, 2162, -1,
      2161, 2162, 2163, -1,
      2163, 2162, 2164, -1,
      2163, 2164, 2165, -1,
      2165, 2164, 2166, -1,
      2165, 2166, 2167, -1,
      2167, 2166, 2168, -1,
      2167, 2168, 2169, -1,
      2169, 2168, 2170, -1,
      2169, 2170, 2171, -1,
      2171, 2170, 2172, -1,
      2171, 2172, 2173, -1,
      2173, 2172, 2174, -1,
      2173, 2174, 2175, -1,
      2176, 2175, 2177, -1,
      2177, 2175, 2174, -1,
      2178, 2176, 2179, -1,
      2179, 2176, 2177, -1,
      2178, 2179, 2180, -1,
      2180, 2179, 2181, -1,
      2180, 2181, 2182, -1,
      2182, 2181, 2183, -1,
      2182, 2183, 2184, -1,
      2184, 2183, 2185, -1,
      2184, 2185, 2186, -1,
      2186, 2185, 2187, -1,
      2186, 2187, 2188, -1,
      2188, 2187, 2189, -1,
      2188, 2189, 2190, -1,
      2190, 2189, 2191, -1,
      2192, 2190, 2193, -1,
      2193, 2190, 2191, -1,
      2192, 2193, 2194, -1,
      2194, 2193, 2195, -1,
      2194, 2195, 2196, -1,
      2196, 2195, 2197, -1,
      2196, 2197, 2198, -1,
      2198, 2197, 2199, -1,
      2198, 2199, 2200, -1,
      2200, 2199, 2201, -1,
      2200, 2201, 2202, -1,
      2202, 2201, 2203, -1,
      2202, 2203, 2204, -1,
      2204, 2203, 2205, -1,
      2204, 2205, 2206, -1,
      2206, 2205, 2207, -1,
      2208, 2206, 2209, -1,
      2209, 2206, 2207, -1,
      2208, 2209, 2210, -1,
      2210, 2209, 2211, -1,
      2210, 2211, 2212, -1,
      2212, 2211, 2213, -1,
      2212, 2213, 2214, -1,
      2214, 2213, 2215, -1,
      2214, 2215, 2216, -1,
      2216, 2215, 2217, -1,
      2216, 2217, 2218, -1,
      2218, 2217, 2219, -1,
      2218, 2219, 2220, -1,
      2220, 2219, 2221, -1,
      2222, 2220, 2223, -1,
      2223, 2220, 2221, -1,
      2222, 2223, 2224, -1,
      2222, 2224, 2225, -1,
      2225, 2224, 2226, -1,
      2225, 2226, 2227, -1,
      2227, 2226, 2228, -1,
      2227, 2228, 2229, -1,
      2229, 2228, 2230, -1,
      2229, 2230, 2231, -1,
      2231, 2230, 2232, -1,
      2231, 2232, 2233, -1,
      2233, 2232, 2234, -1,
      2233, 2234, 2235, -1,
      2235, 2234, 2236, -1,
      2235, 2236, 2237, -1,
      2237, 2236, 2238, -1,
      2237, 2238, 2239, -1,
      2239, 2238, 2240, -1,
      2239, 2240, 2241, -1,
      2241, 2240, 2242, -1,
      2241, 2242, 2243, -1,
      2243, 2242, 2244, -1,
      2243, 2244, 2245, -1,
      2245, 2244, 2246, -1,
      2245, 2246, 2247, -1,
      2248, 2247, 2249, -1,
      2249, 2247, 2246, -1,
      2250, 2248, 2251, -1,
      2251, 2248, 2249, -1,
      2087, 2250, 2089, -1,
      2089, 2250, 2251, -1,
      2092, 2094, 2096, -1,
      2142, 2144, 2146, -1,
      2087, 2086, 2250, -1,
      2250, 2086, 2090, -1,
      2250, 2090, 2248, -1,
      2248, 2090, 2092, -1,
      2161, 2163, 2175, -1,
      2180, 2150, 2178, -1,
      2178, 2150, 2176, -1,
      2180, 2182, 2150, -1,
      2150, 2182, 2184, -1,
      2150, 2184, 2186, -1,
      2176, 2150, 2175, -1,
      2175, 2150, 2152, -1,
      2175, 2152, 2155, -1,
      2146, 2115, 2142, -1,
      2142, 2115, 2139, -1,
      2142, 2139, 2140, -1,
      2102, 2104, 2100, -1,
      2100, 2104, 2106, -1,
      2100, 2106, 2148, -1,
      2148, 2106, 2108, -1,
      2148, 2108, 2146, -1,
      2146, 2108, 2110, -1,
      2146, 2110, 2115, -1,
      2115, 2110, 2112, -1,
      2092, 2096, 2248, -1,
      2248, 2096, 2098, -1,
      2248, 2098, 2210, -1,
      2155, 2157, 2175, -1,
      2175, 2157, 2159, -1,
      2175, 2159, 2161, -1,
      2167, 2169, 2165, -1,
      2165, 2169, 2171, -1,
      2165, 2171, 2163, -1,
      2163, 2171, 2173, -1,
      2163, 2173, 2175, -1,
      2210, 2212, 2248, -1,
      2248, 2212, 2214, -1,
      2248, 2214, 2216, -1,
      2119, 2121, 2123, -1,
      2231, 2233, 2247, -1,
      2126, 2129, 2139, -1,
      2139, 2129, 2131, -1,
      2131, 2133, 2139, -1,
      2139, 2133, 2135, -1,
      2139, 2135, 2137, -1,
      2194, 2196, 2148, -1,
      2148, 2196, 2198, -1,
      2148, 2198, 2100, -1,
      2100, 2198, 2200, -1,
      2100, 2200, 2202, -1,
      2126, 2139, 2125, -1,
      2125, 2139, 2115, -1,
      2125, 2115, 2123, -1,
      2123, 2115, 2117, -1,
      2123, 2117, 2119, -1,
      2202, 2204, 2100, -1,
      2100, 2204, 2206, -1,
      2100, 2206, 2098, -1,
      2098, 2206, 2208, -1,
      2098, 2208, 2210, -1,
      2216, 2218, 2248, -1,
      2248, 2218, 2220, -1,
      2248, 2220, 2247, -1,
      2247, 2220, 2222, -1,
      2247, 2222, 2225, -1,
      2186, 2188, 2150, -1,
      2150, 2188, 2190, -1,
      2150, 2190, 2148, -1,
      2148, 2190, 2192, -1,
      2148, 2192, 2194, -1,
      2225, 2227, 2247, -1,
      2247, 2227, 2229, -1,
      2247, 2229, 2231, -1,
      2243, 2237, 2241, -1,
      2241, 2237, 2239, -1,
      2233, 2235, 2247, -1,
      2247, 2235, 2237, -1,
      2247, 2237, 2245, -1,
      2245, 2237, 2243, -1,
      2107, 2105, 2103, -1,
      2147, 2145, 2111, -1,
      2111, 2145, 2143, -1,
      2111, 2143, 2113, -1,
      2103, 2101, 2107, -1,
      2107, 2101, 2249, -1,
      2107, 2249, 2109, -1,
      2097, 2095, 2099, -1,
      2099, 2095, 2093, -1,
      2189, 2187, 2151, -1,
      2128, 2127, 2138, -1,
      2138, 2127, 2124, -1,
      2138, 2124, 2141, -1,
      2120, 2118, 2143, -1,
      2187, 2185, 2151, -1,
      2151, 2185, 2183, -1,
      2151, 2183, 2181, -1,
      2174, 2153, 2177, -1,
      2177, 2153, 2151, -1,
      2177, 2151, 2179, -1,
      2179, 2151, 2181, -1,
      2215, 2249, 2217, -1,
      2217, 2249, 2219, -1,
      2141, 2124, 2143, -1,
      2143, 2124, 2122, -1,
      2143, 2122, 2120, -1,
      2088, 2089, 2091, -1,
      2091, 2089, 2251, -1,
      2091, 2251, 2093, -1,
      2093, 2251, 2249, -1,
      2093, 2249, 2099, -1,
      2099, 2249, 2101, -1,
      2174, 2172, 2153, -1,
      2153, 2172, 2170, -1,
      2153, 2170, 2168, -1,
      2246, 2223, 2249, -1,
      2249, 2223, 2221, -1,
      2249, 2221, 2219, -1,
      2207, 2205, 2109, -1,
      2109, 2205, 2203, -1,
      2109, 2203, 2201, -1,
      2201, 2199, 2109, -1,
      2109, 2199, 2197, -1,
      2109, 2197, 2195, -1,
      2136, 2134, 2132, -1,
      2118, 2116, 2143, -1,
      2143, 2116, 2114, -1,
      2143, 2114, 2113, -1,
      2156, 2154, 2164, -1,
      2164, 2154, 2153, -1,
      2164, 2153, 2166, -1,
      2166, 2153, 2168, -1,
      2156, 2164, 2158, -1,
      2158, 2164, 2162, -1,
      2158, 2162, 2160, -1,
      2230, 2228, 2246, -1,
      2215, 2213, 2249, -1,
      2249, 2213, 2211, -1,
      2249, 2211, 2109, -1,
      2109, 2211, 2209, -1,
      2109, 2209, 2207, -1,
      2136, 2132, 2138, -1,
      2138, 2132, 2130, -1,
      2138, 2130, 2128, -1,
      2111, 2109, 2147, -1,
      2147, 2109, 2195, -1,
      2147, 2195, 2149, -1,
      2149, 2195, 2193, -1,
      2149, 2193, 2151, -1,
      2151, 2193, 2191, -1,
      2151, 2191, 2189, -1,
      2244, 2242, 2234, -1,
      2234, 2242, 2240, -1,
      2234, 2240, 2236, -1,
      2236, 2240, 2238, -1,
      2244, 2234, 2246, -1,
      2246, 2234, 2232, -1,
      2246, 2232, 2230, -1,
      2228, 2226, 2246, -1,
      2246, 2226, 2224, -1,
      2246, 2224, 2223, -1,
      2252, 2253, 2254, -1,
      2254, 2253, 2255, -1,
      2256, 2252, 2257, -1,
      2257, 2252, 2254, -1,
      2258, 2256, 2259, -1,
      2259, 2256, 2257, -1,
      2260, 2258, 2261, -1,
      2261, 2258, 2259, -1,
      2262, 2260, 2263, -1,
      2263, 2260, 2261, -1,
      2264, 2262, 2265, -1,
      2265, 2262, 2263, -1,
      2266, 2264, 2267, -1,
      2267, 2264, 2265, -1,
      2268, 2266, 2269, -1,
      2269, 2266, 2267, -1,
      2270, 2268, 2271, -1,
      2271, 2268, 2269, -1,
      2272, 2270, 2273, -1,
      2273, 2270, 2271, -1,
      2274, 2272, 2275, -1,
      2275, 2272, 2273, -1,
      2276, 2274, 2277, -1,
      2277, 2274, 2275, -1,
      2278, 2276, 2279, -1,
      2279, 2276, 2277, -1,
      2278, 2279, 2280, -1,
      2278, 2280, 2281, -1,
      2281, 2280, 2282, -1,
      2281, 2282, 2283, -1,
      2283, 2282, 2284, -1,
      2283, 2284, 2285, -1,
      2285, 2284, 2286, -1,
      2285, 2286, 2287, -1,
      2287, 2286, 2288, -1,
      2287, 2288, 2289, -1,
      2289, 2288, 2290, -1,
      2289, 2290, 2291, -1,
      2292, 2291, 2293, -1,
      2293, 2291, 2290, -1,
      2292, 2293, 2294, -1,
      2292, 2294, 2295, -1,
      2295, 2294, 2296, -1,
      2295, 2296, 2297, -1,
      2297, 2296, 2298, -1,
      2297, 2298, 2299, -1,
      2299, 2298, 2300, -1,
      2299, 2300, 2301, -1,
      2301, 2300, 2302, -1,
      2301, 2302, 2303, -1,
      2303, 2302, 2304, -1,
      2303, 2304, 2305, -1,
      2306, 2305, 2307, -1,
      2307, 2305, 2304, -1,
      2308, 2306, 2309, -1,
      2309, 2306, 2307, -1,
      2310, 2308, 2311, -1,
      2311, 2308, 2309, -1,
      2312, 2310, 2313, -1,
      2313, 2310, 2311, -1,
      2314, 2312, 2315, -1,
      2315, 2312, 2313, -1,
      2316, 2314, 2317, -1,
      2317, 2314, 2315, -1,
      2318, 2316, 2319, -1,
      2319, 2316, 2317, -1,
      2318, 2319, 2320, -1,
      2318, 2320, 2321, -1,
      2321, 2320, 2322, -1,
      2321, 2322, 2323, -1,
      2323, 2322, 2324, -1,
      2323, 2324, 2325, -1,
      2325, 2324, 2326, -1,
      2325, 2326, 2327, -1,
      2327, 2326, 2328, -1,
      2327, 2328, 2329, -1,
      2329, 2328, 2330, -1,
      2329, 2330, 2331, -1,
      2331, 2330, 2332, -1,
      2331, 2332, 2333, -1,
      2333, 2332, 2334, -1,
      2333, 2334, 2335, -1,
      2335, 2334, 2336, -1,
      2335, 2336, 2337, -1,
      2337, 2336, 2338, -1,
      2337, 2338, 2339, -1,
      2339, 2338, 2340, -1,
      2339, 2340, 2341, -1,
      2342, 2341, 2343, -1,
      2343, 2341, 2340, -1,
      2344, 2342, 2345, -1,
      2345, 2342, 2343, -1,
      2344, 2345, 2346, -1,
      2346, 2345, 2347, -1,
      2346, 2347, 2348, -1,
      2348, 2347, 2349, -1,
      2348, 2349, 2350, -1,
      2350, 2349, 2351, -1,
      2350, 2351, 2352, -1,
      2352, 2351, 2353, -1,
      2352, 2353, 2354, -1,
      2354, 2353, 2355, -1,
      2354, 2355, 2356, -1,
      2356, 2355, 2357, -1,
      2358, 2356, 2359, -1,
      2359, 2356, 2357, -1,
      2358, 2359, 2360, -1,
      2360, 2359, 2361, -1,
      2360, 2361, 2362, -1,
      2362, 2361, 2363, -1,
      2362, 2363, 2364, -1,
      2364, 2363, 2365, -1,
      2364, 2365, 2366, -1,
      2366, 2365, 2367, -1,
      2366, 2367, 2368, -1,
      2368, 2367, 2369, -1,
      2368, 2369, 2370, -1,
      2370, 2369, 2371, -1,
      2370, 2371, 2372, -1,
      2372, 2371, 2373, -1,
      2374, 2372, 2375, -1,
      2375, 2372, 2373, -1,
      2374, 2375, 2376, -1,
      2376, 2375, 2377, -1,
      2376, 2377, 2378, -1,
      2378, 2377, 2379, -1,
      2378, 2379, 2380, -1,
      2380, 2379, 2381, -1,
      2380, 2381, 2382, -1,
      2382, 2381, 2383, -1,
      2382, 2383, 2384, -1,
      2384, 2383, 2385, -1,
      2384, 2385, 2386, -1,
      2386, 2385, 2387, -1,
      2388, 2386, 2389, -1,
      2389, 2386, 2387, -1,
      2388, 2389, 2390, -1,
      2388, 2390, 2391, -1,
      2391, 2390, 2392, -1,
      2391, 2392, 2393, -1,
      2393, 2392, 2394, -1,
      2393, 2394, 2395, -1,
      2395, 2394, 2396, -1,
      2395, 2396, 2397, -1,
      2397, 2396, 2398, -1,
      2397, 2398, 2399, -1,
      2399, 2398, 2400, -1,
      2399, 2400, 2401, -1,
      2401, 2400, 2402, -1,
      2401, 2402, 2403, -1,
      2403, 2402, 2404, -1,
      2403, 2404, 2405, -1,
      2405, 2404, 2406, -1,
      2405, 2406, 2407, -1,
      2407, 2406, 2408, -1,
      2407, 2408, 2409, -1,
      2409, 2408, 2410, -1,
      2409, 2410, 2411, -1,
      2411, 2410, 2412, -1,
      2411, 2412, 2413, -1,
      2414, 2413, 2415, -1,
      2415, 2413, 2412, -1,
      2416, 2414, 2417, -1,
      2417, 2414, 2415, -1,
      2253, 2416, 2255, -1,
      2255, 2416, 2417, -1,
      2258, 2260, 2262, -1,
      2308, 2310, 2312, -1,
      2253, 2252, 2416, -1,
      2416, 2252, 2256, -1,
      2416, 2256, 2414, -1,
      2414, 2256, 2258, -1,
      2316, 2318, 2341, -1,
      2341, 2342, 2316, -1,
      2316, 2342, 2344, -1,
      2316, 2344, 2346, -1,
      2346, 2348, 2316, -1,
      2316, 2348, 2350, -1,
      2316, 2350, 2352, -1,
      2321, 2323, 2331, -1,
      2312, 2281, 2308, -1,
      2308, 2281, 2305, -1,
      2308, 2305, 2306, -1,
      2268, 2270, 2266, -1,
      2266, 2270, 2272, -1,
      2266, 2272, 2314, -1,
      2314, 2272, 2274, -1,
      2314, 2274, 2312, -1,
      2312, 2274, 2276, -1,
      2312, 2276, 2281, -1,
      2281, 2276, 2278, -1,
      2258, 2262, 2414, -1,
      2414, 2262, 2264, -1,
      2414, 2264, 2376, -1,
      2376, 2378, 2414, -1,
      2414, 2378, 2380, -1,
      2414, 2380, 2382, -1,
      2321, 2331, 2318, -1,
      2318, 2331, 2333, -1,
      2318, 2333, 2335, -1,
      2335, 2337, 2318, -1,
      2318, 2337, 2339, -1,
      2318, 2339, 2341, -1,
      2382, 2384, 2414, -1,
      2414, 2384, 2386, -1,
      2414, 2386, 2413, -1,
      2413, 2386, 2388, -1,
      2323, 2325, 2331, -1,
      2331, 2325, 2327, -1,
      2331, 2327, 2329, -1,
      2285, 2287, 2289, -1,
      2292, 2295, 2305, -1,
      2305, 2295, 2297, -1,
      2297, 2299, 2305, -1,
      2305, 2299, 2301, -1,
      2305, 2301, 2303, -1,
      2413, 2401, 2411, -1,
      2411, 2401, 2409, -1,
      2292, 2305, 2291, -1,
      2291, 2305, 2281, -1,
      2291, 2281, 2289, -1,
      2289, 2281, 2283, -1,
      2289, 2283, 2285, -1,
      2388, 2391, 2413, -1,
      2413, 2391, 2393, -1,
      2413, 2393, 2395, -1,
      2409, 2401, 2407, -1,
      2407, 2401, 2403, -1,
      2407, 2403, 2405, -1,
      2360, 2362, 2314, -1,
      2314, 2362, 2364, -1,
      2314, 2364, 2266, -1,
      2266, 2364, 2366, -1,
      2266, 2366, 2368, -1,
      2368, 2370, 2266, -1,
      2266, 2370, 2372, -1,
      2266, 2372, 2264, -1,
      2264, 2372, 2374, -1,
      2264, 2374, 2376, -1,
      2395, 2397, 2413, -1,
      2413, 2397, 2399, -1,
      2413, 2399, 2401, -1,
      2352, 2354, 2316, -1,
      2316, 2354, 2356, -1,
      2316, 2356, 2314, -1,
      2314, 2356, 2358, -1,
      2314, 2358, 2360, -1,
      2273, 2271, 2269, -1,
      2263, 2261, 2265, -1,
      2265, 2261, 2259, -1,
      2313, 2311, 2277, -1,
      2277, 2311, 2309, -1,
      2277, 2309, 2279, -1,
      2269, 2267, 2273, -1,
      2273, 2267, 2415, -1,
      2273, 2415, 2275, -1,
      2294, 2293, 2304, -1,
      2304, 2293, 2290, -1,
      2304, 2290, 2307, -1,
      2286, 2284, 2309, -1,
      2254, 2255, 2257, -1,
      2257, 2255, 2417, -1,
      2257, 2417, 2259, -1,
      2259, 2417, 2415, -1,
      2259, 2415, 2265, -1,
      2265, 2415, 2267, -1,
      2317, 2355, 2353, -1,
      2340, 2319, 2343, -1,
      2343, 2319, 2317, -1,
      2343, 2317, 2345, -1,
      2345, 2317, 2347, -1,
      2381, 2415, 2383, -1,
      2383, 2415, 2385, -1,
      2307, 2290, 2309, -1,
      2309, 2290, 2288, -1,
      2309, 2288, 2286, -1,
      2353, 2351, 2317, -1,
      2317, 2351, 2349, -1,
      2317, 2349, 2347, -1,
      2412, 2389, 2415, -1,
      2415, 2389, 2387, -1,
      2415, 2387, 2385, -1,
      2381, 2379, 2415, -1,
      2415, 2379, 2377, -1,
      2415, 2377, 2275, -1,
      2275, 2377, 2375, -1,
      2275, 2375, 2373, -1,
      2373, 2371, 2275, -1,
      2275, 2371, 2369, -1,
      2275, 2369, 2367, -1,
      2302, 2300, 2298, -1,
      2284, 2282, 2309, -1,
      2309, 2282, 2280, -1,
      2309, 2280, 2279, -1,
      2340, 2338, 2319, -1,
      2319, 2338, 2336, -1,
      2319, 2336, 2334, -1,
      2328, 2326, 2319, -1,
      2319, 2326, 2324, -1,
      2319, 2324, 2320, -1,
      2320, 2324, 2322, -1,
      2367, 2365, 2275, -1,
      2275, 2365, 2363, -1,
      2275, 2363, 2361, -1,
      2302, 2298, 2304, -1,
      2304, 2298, 2296, -1,
      2304, 2296, 2294, -1,
      2334, 2332, 2319, -1,
      2319, 2332, 2330, -1,
      2319, 2330, 2328, -1,
      2277, 2275, 2313, -1,
      2313, 2275, 2361, -1,
      2313, 2361, 2315, -1,
      2315, 2361, 2359, -1,
      2315, 2359, 2317, -1,
      2317, 2359, 2357, -1,
      2317, 2357, 2355, -1,
      2400, 2412, 2402, -1,
      2402, 2412, 2410, -1,
      2410, 2408, 2402, -1,
      2402, 2408, 2406, -1,
      2402, 2406, 2404, -1,
      2400, 2398, 2412, -1,
      2412, 2398, 2396, -1,
      2412, 2396, 2394, -1,
      2394, 2392, 2412, -1,
      2412, 2392, 2390, -1,
      2412, 2390, 2389, -1,
      2418, 2419, 2420, -1,
      2420, 2419, 2421, -1,
      2422, 2418, 2423, -1,
      2423, 2418, 2420, -1,
      2424, 2422, 2425, -1,
      2425, 2422, 2423, -1,
      2426, 2424, 2427, -1,
      2427, 2424, 2425, -1,
      2428, 2426, 2429, -1,
      2429, 2426, 2427, -1,
      2430, 2428, 2431, -1,
      2431, 2428, 2429, -1,
      2432, 2430, 2433, -1,
      2433, 2430, 2431, -1,
      2434, 2432, 2435, -1,
      2435, 2432, 2433, -1,
      2436, 2434, 2437, -1,
      2437, 2434, 2435, -1,
      2438, 2436, 2439, -1,
      2439, 2436, 2437, -1,
      2440, 2438, 2441, -1,
      2441, 2438, 2439, -1,
      2442, 2440, 2443, -1,
      2443, 2440, 2441, -1,
      2444, 2442, 2445, -1,
      2445, 2442, 2443, -1,
      2444, 2445, 2446, -1,
      2444, 2446, 2447, -1,
      2447, 2446, 2448, -1,
      2447, 2448, 2449, -1,
      2449, 2448, 2450, -1,
      2449, 2450, 2451, -1,
      2451, 2450, 2452, -1,
      2451, 2452, 2453, -1,
      2453, 2452, 2454, -1,
      2453, 2454, 2455, -1,
      2455, 2454, 2456, -1,
      2455, 2456, 2457, -1,
      2458, 2457, 2459, -1,
      2459, 2457, 2456, -1,
      2458, 2459, 2460, -1,
      2458, 2460, 2461, -1,
      2461, 2460, 2462, -1,
      2461, 2462, 2463, -1,
      2463, 2462, 2464, -1,
      2463, 2464, 2465, -1,
      2465, 2464, 2466, -1,
      2465, 2466, 2467, -1,
      2467, 2466, 2468, -1,
      2467, 2468, 2469, -1,
      2469, 2468, 2470, -1,
      2469, 2470, 2471, -1,
      2472, 2471, 2473, -1,
      2473, 2471, 2470, -1,
      2474, 2472, 2475, -1,
      2475, 2472, 2473, -1,
      2476, 2474, 2477, -1,
      2477, 2474, 2475, -1,
      2478, 2476, 2479, -1,
      2479, 2476, 2477, -1,
      2480, 2478, 2481, -1,
      2481, 2478, 2479, -1,
      2482, 2480, 2483, -1,
      2483, 2480, 2481, -1,
      2484, 2482, 2485, -1,
      2485, 2482, 2483, -1,
      2484, 2485, 2486, -1,
      2484, 2486, 2487, -1,
      2487, 2486, 2488, -1,
      2487, 2488, 2489, -1,
      2489, 2488, 2490, -1,
      2489, 2490, 2491, -1,
      2491, 2490, 2492, -1,
      2491, 2492, 2493, -1,
      2493, 2492, 2494, -1,
      2493, 2494, 2495, -1,
      2495, 2494, 2496, -1,
      2495, 2496, 2497, -1,
      2497, 2496, 2498, -1,
      2497, 2498, 2499, -1,
      2499, 2498, 2500, -1,
      2499, 2500, 2501, -1,
      2501, 2500, 2502, -1,
      2501, 2502, 2503, -1,
      2503, 2502, 2504, -1,
      2503, 2504, 2505, -1,
      2505, 2504, 2506, -1,
      2505, 2506, 2507, -1,
      2508, 2507, 2509, -1,
      2509, 2507, 2506, -1,
      2510, 2508, 2511, -1,
      2511, 2508, 2509, -1,
      2510, 2511, 2512, -1,
      2512, 2511, 2513, -1,
      2512, 2513, 2514, -1,
      2514, 2513, 2515, -1,
      2514, 2515, 2516, -1,
      2516, 2515, 2517, -1,
      2516, 2517, 2518, -1,
      2518, 2517, 2519, -1,
      2518, 2519, 2520, -1,
      2520, 2519, 2521, -1,
      2520, 2521, 2522, -1,
      2522, 2521, 2523, -1,
      2524, 2522, 2525, -1,
      2525, 2522, 2523, -1,
      2524, 2525, 2526, -1,
      2526, 2525, 2527, -1,
      2526, 2527, 2528, -1,
      2528, 2527, 2529, -1,
      2528, 2529, 2530, -1,
      2530, 2529, 2531, -1,
      2530, 2531, 2532, -1,
      2532, 2531, 2533, -1,
      2532, 2533, 2534, -1,
      2534, 2533, 2535, -1,
      2534, 2535, 2536, -1,
      2536, 2535, 2537, -1,
      2536, 2537, 2538, -1,
      2538, 2537, 2539, -1,
      2540, 2538, 2541, -1,
      2541, 2538, 2539, -1,
      2540, 2541, 2542, -1,
      2542, 2541, 2543, -1,
      2542, 2543, 2544, -1,
      2544, 2543, 2545, -1,
      2544, 2545, 2546, -1,
      2546, 2545, 2547, -1,
      2546, 2547, 2548, -1,
      2548, 2547, 2549, -1,
      2548, 2549, 2550, -1,
      2550, 2549, 2551, -1,
      2550, 2551, 2552, -1,
      2552, 2551, 2553, -1,
      2554, 2552, 2555, -1,
      2555, 2552, 2553, -1,
      2554, 2555, 2556, -1,
      2554, 2556, 2557, -1,
      2557, 2556, 2558, -1,
      2557, 2558, 2559, -1,
      2559, 2558, 2560, -1,
      2559, 2560, 2561, -1,
      2561, 2560, 2562, -1,
      2561, 2562, 2563, -1,
      2563, 2562, 2564, -1,
      2563, 2564, 2565, -1,
      2565, 2564, 2566, -1,
      2565, 2566, 2567, -1,
      2567, 2566, 2568, -1,
      2567, 2568, 2569, -1,
      2569, 2568, 2570, -1,
      2569, 2570, 2571, -1,
      2571, 2570, 2572, -1,
      2571, 2572, 2573, -1,
      2573, 2572, 2574, -1,
      2573, 2574, 2575, -1,
      2575, 2574, 2576, -1,
      2575, 2576, 2577, -1,
      2577, 2576, 2578, -1,
      2577, 2578, 2579, -1,
      2580, 2579, 2581, -1,
      2581, 2579, 2578, -1,
      2582, 2580, 2583, -1,
      2583, 2580, 2581, -1,
      2419, 2582, 2421, -1,
      2421, 2582, 2583, -1,
      2424, 2426, 2428, -1,
      2474, 2476, 2478, -1,
      2419, 2418, 2582, -1,
      2582, 2418, 2422, -1,
      2582, 2422, 2580, -1,
      2580, 2422, 2424, -1,
      2493, 2495, 2507, -1,
      2512, 2482, 2510, -1,
      2510, 2482, 2508, -1,
      2512, 2514, 2482, -1,
      2482, 2514, 2516, -1,
      2482, 2516, 2518, -1,
      2508, 2482, 2507, -1,
      2507, 2482, 2484, -1,
      2507, 2484, 2487, -1,
      2478, 2447, 2474, -1,
      2474, 2447, 2471, -1,
      2474, 2471, 2472, -1,
      2434, 2436, 2432, -1,
      2432, 2436, 2438, -1,
      2432, 2438, 2480, -1,
      2480, 2438, 2440, -1,
      2480, 2440, 2478, -1,
      2478, 2440, 2442, -1,
      2478, 2442, 2447, -1,
      2447, 2442, 2444, -1,
      2424, 2428, 2580, -1,
      2580, 2428, 2430, -1,
      2580, 2430, 2542, -1,
      2542, 2544, 2580, -1,
      2580, 2544, 2546, -1,
      2580, 2546, 2548, -1,
      2487, 2489, 2507, -1,
      2507, 2489, 2491, -1,
      2507, 2491, 2493, -1,
      2499, 2501, 2497, -1,
      2497, 2501, 2503, -1,
      2497, 2503, 2495, -1,
      2495, 2503, 2505, -1,
      2495, 2505, 2507, -1,
      2548, 2550, 2580, -1,
      2580, 2550, 2552, -1,
      2580, 2552, 2579, -1,
      2579, 2552, 2554, -1,
      2579, 2554, 2577, -1,
      2451, 2453, 2455, -1,
      2458, 2461, 2471, -1,
      2471, 2461, 2463, -1,
      2463, 2465, 2471, -1,
      2471, 2465, 2467, -1,
      2471, 2467, 2469, -1,
      2458, 2471, 2457, -1,
      2457, 2471, 2447, -1,
      2457, 2447, 2455, -1,
      2455, 2447, 2449, -1,
      2455, 2449, 2451, -1,
      2526, 2528, 2480, -1,
      2480, 2528, 2530, -1,
      2480, 2530, 2432, -1,
      2432, 2530, 2532, -1,
      2432, 2532, 2534, -1,
      2559, 2561, 2569, -1,
      2561, 2563, 2569, -1,
      2569, 2563, 2565, -1,
      2569, 2565, 2567, -1,
      2571, 2573, 2554, -1,
      2554, 2573, 2575, -1,
      2554, 2575, 2577, -1,
      2534, 2536, 2432, -1,
      2432, 2536, 2538, -1,
      2432, 2538, 2430, -1,
      2430, 2538, 2540, -1,
      2430, 2540, 2542, -1,
      2571, 2554, 2569, -1,
      2569, 2554, 2557, -1,
      2569, 2557, 2559, -1,
      2518, 2520, 2482, -1,
      2482, 2520, 2522, -1,
      2482, 2522, 2480, -1,
      2480, 2522, 2524, -1,
      2480, 2524, 2526, -1,
      2439, 2437, 2435, -1,
      2429, 2427, 2431, -1,
      2431, 2427, 2425, -1,
      2435, 2433, 2439, -1,
      2439, 2433, 2581, -1,
      2439, 2581, 2441, -1,
      2479, 2477, 2443, -1,
      2443, 2477, 2475, -1,
      2443, 2475, 2445, -1,
      2420, 2421, 2423, -1,
      2423, 2421, 2583, -1,
      2423, 2583, 2425, -1,
      2425, 2583, 2581, -1,
      2425, 2581, 2431, -1,
      2431, 2581, 2433, -1,
      2460, 2459, 2470, -1,
      2470, 2459, 2456, -1,
      2470, 2456, 2473, -1,
      2452, 2450, 2475, -1,
      2483, 2521, 2519, -1,
      2506, 2485, 2509, -1,
      2509, 2485, 2483, -1,
      2509, 2483, 2511, -1,
      2511, 2483, 2513, -1,
      2547, 2581, 2549, -1,
      2549, 2581, 2551, -1,
      2473, 2456, 2475, -1,
      2475, 2456, 2454, -1,
      2475, 2454, 2452, -1,
      2506, 2504, 2485, -1,
      2485, 2504, 2502, -1,
      2485, 2502, 2500, -1,
      2519, 2517, 2483, -1,
      2483, 2517, 2515, -1,
      2483, 2515, 2513, -1,
      2578, 2555, 2581, -1,
      2581, 2555, 2553, -1,
      2581, 2553, 2551, -1,
      2539, 2537, 2441, -1,
      2441, 2537, 2535, -1,
      2441, 2535, 2533, -1,
      2533, 2531, 2441, -1,
      2441, 2531, 2529, -1,
      2441, 2529, 2527, -1,
      2468, 2466, 2464, -1,
      2450, 2448, 2475, -1,
      2475, 2448, 2446, -1,
      2475, 2446, 2445, -1,
      2488, 2486, 2496, -1,
      2496, 2486, 2485, -1,
      2496, 2485, 2498, -1,
      2498, 2485, 2500, -1,
      2488, 2496, 2490, -1,
      2490, 2496, 2494, -1,
      2490, 2494, 2492, -1,
      2547, 2545, 2581, -1,
      2581, 2545, 2543, -1,
      2581, 2543, 2441, -1,
      2441, 2543, 2541, -1,
      2441, 2541, 2539, -1,
      2468, 2464, 2470, -1,
      2470, 2464, 2462, -1,
      2470, 2462, 2460, -1,
      2443, 2441, 2479, -1,
      2479, 2441, 2527, -1,
      2479, 2527, 2481, -1,
      2481, 2527, 2525, -1,
      2481, 2525, 2483, -1,
      2483, 2525, 2523, -1,
      2483, 2523, 2521, -1,
      2578, 2576, 2555, -1,
      2555, 2576, 2574, -1,
      2555, 2574, 2572, -1,
      2572, 2570, 2555, -1,
      2555, 2570, 2568, -1,
      2555, 2568, 2566, -1,
      2566, 2564, 2555, -1,
      2555, 2564, 2562, -1,
      2555, 2562, 2556, -1,
      2556, 2562, 2560, -1,
      2556, 2560, 2558, -1,
      2584, 2585, 2586, -1,
      2586, 2585, 2587, -1,
      2588, 2584, 2589, -1,
      2589, 2584, 2586, -1,
      2590, 2588, 2591, -1,
      2591, 2588, 2589, -1,
      2592, 2590, 2593, -1,
      2593, 2590, 2591, -1,
      2594, 2592, 2595, -1,
      2595, 2592, 2593, -1,
      2596, 2594, 2597, -1,
      2597, 2594, 2595, -1,
      2598, 2596, 2599, -1,
      2599, 2596, 2597, -1,
      2600, 2598, 2601, -1,
      2601, 2598, 2599, -1,
      2602, 2600, 2603, -1,
      2603, 2600, 2601, -1,
      2604, 2602, 2605, -1,
      2605, 2602, 2603, -1,
      2606, 2604, 2607, -1,
      2607, 2604, 2605, -1,
      2608, 2606, 2609, -1,
      2609, 2606, 2607, -1,
      2610, 2608, 2611, -1,
      2611, 2608, 2609, -1,
      2610, 2611, 2612, -1,
      2610, 2612, 2613, -1,
      2613, 2612, 2614, -1,
      2613, 2614, 2615, -1,
      2615, 2614, 2616, -1,
      2615, 2616, 2617, -1,
      2617, 2616, 2618, -1,
      2617, 2618, 2619, -1,
      2619, 2618, 2620, -1,
      2619, 2620, 2621, -1,
      2621, 2620, 2622, -1,
      2621, 2622, 2623, -1,
      2624, 2623, 2625, -1,
      2625, 2623, 2622, -1,
      2624, 2625, 2626, -1,
      2624, 2626, 2627, -1,
      2627, 2626, 2628, -1,
      2627, 2628, 2629, -1,
      2629, 2628, 2630, -1,
      2629, 2630, 2631, -1,
      2631, 2630, 2632, -1,
      2631, 2632, 2633, -1,
      2633, 2632, 2634, -1,
      2633, 2634, 2635, -1,
      2635, 2634, 2636, -1,
      2635, 2636, 2637, -1,
      2638, 2637, 2639, -1,
      2639, 2637, 2636, -1,
      2640, 2638, 2641, -1,
      2641, 2638, 2639, -1,
      2642, 2640, 2643, -1,
      2643, 2640, 2641, -1,
      2644, 2642, 2645, -1,
      2645, 2642, 2643, -1,
      2646, 2644, 2647, -1,
      2647, 2644, 2645, -1,
      2648, 2646, 2649, -1,
      2649, 2646, 2647, -1,
      2650, 2648, 2651, -1,
      2651, 2648, 2649, -1,
      2650, 2651, 2652, -1,
      2650, 2652, 2653, -1,
      2653, 2652, 2654, -1,
      2653, 2654, 2655, -1,
      2655, 2654, 2656, -1,
      2655, 2656, 2657, -1,
      2657, 2656, 2658, -1,
      2657, 2658, 2659, -1,
      2659, 2658, 2660, -1,
      2659, 2660, 2661, -1,
      2661, 2660, 2662, -1,
      2661, 2662, 2663, -1,
      2663, 2662, 2664, -1,
      2663, 2664, 2665, -1,
      2665, 2664, 2666, -1,
      2665, 2666, 2667, -1,
      2667, 2666, 2668, -1,
      2667, 2668, 2669, -1,
      2669, 2668, 2670, -1,
      2669, 2670, 2671, -1,
      2671, 2670, 2672, -1,
      2671, 2672, 2673, -1,
      2674, 2673, 2675, -1,
      2675, 2673, 2672, -1,
      2676, 2674, 2677, -1,
      2677, 2674, 2675, -1,
      2676, 2677, 2678, -1,
      2678, 2677, 2679, -1,
      2678, 2679, 2680, -1,
      2680, 2679, 2681, -1,
      2680, 2681, 2682, -1,
      2682, 2681, 2683, -1,
      2682, 2683, 2684, -1,
      2684, 2683, 2685, -1,
      2684, 2685, 2686, -1,
      2686, 2685, 2687, -1,
      2686, 2687, 2688, -1,
      2688, 2687, 2689, -1,
      2690, 2688, 2691, -1,
      2691, 2688, 2689, -1,
      2690, 2691, 2692, -1,
      2692, 2691, 2693, -1,
      2692, 2693, 2694, -1,
      2694, 2693, 2695, -1,
      2694, 2695, 2696, -1,
      2696, 2695, 2697, -1,
      2696, 2697, 2698, -1,
      2698, 2697, 2699, -1,
      2698, 2699, 2700, -1,
      2700, 2699, 2701, -1,
      2700, 2701, 2702, -1,
      2702, 2701, 2703, -1,
      2702, 2703, 2704, -1,
      2704, 2703, 2705, -1,
      2706, 2704, 2707, -1,
      2707, 2704, 2705, -1,
      2706, 2707, 2708, -1,
      2708, 2707, 2709, -1,
      2708, 2709, 2710, -1,
      2710, 2709, 2711, -1,
      2710, 2711, 2712, -1,
      2712, 2711, 2713, -1,
      2712, 2713, 2714, -1,
      2714, 2713, 2715, -1,
      2714, 2715, 2716, -1,
      2716, 2715, 2717, -1,
      2716, 2717, 2718, -1,
      2718, 2717, 2719, -1,
      2720, 2718, 2721, -1,
      2721, 2718, 2719, -1,
      2720, 2721, 2722, -1,
      2720, 2722, 2723, -1,
      2723, 2722, 2724, -1,
      2723, 2724, 2725, -1,
      2725, 2724, 2726, -1,
      2725, 2726, 2727, -1,
      2727, 2726, 2728, -1,
      2727, 2728, 2729, -1,
      2729, 2728, 2730, -1,
      2729, 2730, 2731, -1,
      2731, 2730, 2732, -1,
      2731, 2732, 2733, -1,
      2733, 2732, 2734, -1,
      2733, 2734, 2735, -1,
      2735, 2734, 2736, -1,
      2735, 2736, 2737, -1,
      2737, 2736, 2738, -1,
      2737, 2738, 2739, -1,
      2739, 2738, 2740, -1,
      2739, 2740, 2741, -1,
      2741, 2740, 2742, -1,
      2741, 2742, 2743, -1,
      2743, 2742, 2744, -1,
      2743, 2744, 2745, -1,
      2746, 2745, 2747, -1,
      2747, 2745, 2744, -1,
      2748, 2746, 2749, -1,
      2749, 2746, 2747, -1,
      2585, 2748, 2587, -1,
      2587, 2748, 2749, -1,
      2590, 2592, 2594, -1,
      2640, 2642, 2644, -1,
      2585, 2584, 2748, -1,
      2748, 2584, 2588, -1,
      2748, 2588, 2746, -1,
      2746, 2588, 2590, -1,
      2659, 2661, 2673, -1,
      2678, 2648, 2676, -1,
      2676, 2648, 2674, -1,
      2678, 2680, 2648, -1,
      2648, 2680, 2682, -1,
      2648, 2682, 2684, -1,
      2674, 2648, 2673, -1,
      2673, 2648, 2650, -1,
      2673, 2650, 2653, -1,
      2644, 2613, 2640, -1,
      2640, 2613, 2637, -1,
      2640, 2637, 2638, -1,
      2600, 2602, 2598, -1,
      2598, 2602, 2604, -1,
      2598, 2604, 2646, -1,
      2646, 2604, 2606, -1,
      2646, 2606, 2644, -1,
      2644, 2606, 2608, -1,
      2644, 2608, 2613, -1,
      2613, 2608, 2610, -1,
      2590, 2594, 2746, -1,
      2746, 2594, 2596, -1,
      2746, 2596, 2708, -1,
      2653, 2655, 2673, -1,
      2673, 2655, 2657, -1,
      2673, 2657, 2659, -1,
      2665, 2667, 2663, -1,
      2663, 2667, 2669, -1,
      2663, 2669, 2661, -1,
      2661, 2669, 2671, -1,
      2661, 2671, 2673, -1,
      2708, 2710, 2746, -1,
      2746, 2710, 2712, -1,
      2746, 2712, 2714, -1,
      2617, 2619, 2621, -1,
      2729, 2731, 2745, -1,
      2624, 2627, 2637, -1,
      2637, 2627, 2629, -1,
      2629, 2631, 2637, -1,
      2637, 2631, 2633, -1,
      2637, 2633, 2635, -1,
      2692, 2694, 2646, -1,
      2646, 2694, 2696, -1,
      2646, 2696, 2598, -1,
      2598, 2696, 2698, -1,
      2598, 2698, 2700, -1,
      2624, 2637, 2623, -1,
      2623, 2637, 2613, -1,
      2623, 2613, 2621, -1,
      2621, 2613, 2615, -1,
      2621, 2615, 2617, -1,
      2700, 2702, 2598, -1,
      2598, 2702, 2704, -1,
      2598, 2704, 2596, -1,
      2596, 2704, 2706, -1,
      2596, 2706, 2708, -1,
      2714, 2716, 2746, -1,
      2746, 2716, 2718, -1,
      2746, 2718, 2745, -1,
      2745, 2718, 2720, -1,
      2745, 2720, 2723, -1,
      2684, 2686, 2648, -1,
      2648, 2686, 2688, -1,
      2648, 2688, 2646, -1,
      2646, 2688, 2690, -1,
      2646, 2690, 2692, -1,
      2723, 2725, 2745, -1,
      2745, 2725, 2727, -1,
      2745, 2727, 2729, -1,
      2741, 2735, 2739, -1,
      2739, 2735, 2737, -1,
      2731, 2733, 2745, -1,
      2745, 2733, 2735, -1,
      2745, 2735, 2743, -1,
      2743, 2735, 2741, -1,
      2605, 2603, 2601, -1,
      2645, 2643, 2609, -1,
      2609, 2643, 2641, -1,
      2609, 2641, 2611, -1,
      2601, 2599, 2605, -1,
      2605, 2599, 2747, -1,
      2605, 2747, 2607, -1,
      2595, 2593, 2597, -1,
      2597, 2593, 2591, -1,
      2687, 2685, 2649, -1,
      2626, 2625, 2636, -1,
      2636, 2625, 2622, -1,
      2636, 2622, 2639, -1,
      2618, 2616, 2641, -1,
      2685, 2683, 2649, -1,
      2649, 2683, 2681, -1,
      2649, 2681, 2679, -1,
      2672, 2651, 2675, -1,
      2675, 2651, 2649, -1,
      2675, 2649, 2677, -1,
      2677, 2649, 2679, -1,
      2713, 2747, 2715, -1,
      2715, 2747, 2717, -1,
      2639, 2622, 2641, -1,
      2641, 2622, 2620, -1,
      2641, 2620, 2618, -1,
      2586, 2587, 2589, -1,
      2589, 2587, 2749, -1,
      2589, 2749, 2591, -1,
      2591, 2749, 2747, -1,
      2591, 2747, 2597, -1,
      2597, 2747, 2599, -1,
      2672, 2670, 2651, -1,
      2651, 2670, 2668, -1,
      2651, 2668, 2666, -1,
      2744, 2721, 2747, -1,
      2747, 2721, 2719, -1,
      2747, 2719, 2717, -1,
      2705, 2703, 2607, -1,
      2607, 2703, 2701, -1,
      2607, 2701, 2699, -1,
      2699, 2697, 2607, -1,
      2607, 2697, 2695, -1,
      2607, 2695, 2693, -1,
      2634, 2632, 2630, -1,
      2616, 2614, 2641, -1,
      2641, 2614, 2612, -1,
      2641, 2612, 2611, -1,
      2654, 2652, 2662, -1,
      2662, 2652, 2651, -1,
      2662, 2651, 2664, -1,
      2664, 2651, 2666, -1,
      2654, 2662, 2656, -1,
      2656, 2662, 2660, -1,
      2656, 2660, 2658, -1,
      2728, 2726, 2744, -1,
      2713, 2711, 2747, -1,
      2747, 2711, 2709, -1,
      2747, 2709, 2607, -1,
      2607, 2709, 2707, -1,
      2607, 2707, 2705, -1,
      2634, 2630, 2636, -1,
      2636, 2630, 2628, -1,
      2636, 2628, 2626, -1,
      2609, 2607, 2645, -1,
      2645, 2607, 2693, -1,
      2645, 2693, 2647, -1,
      2647, 2693, 2691, -1,
      2647, 2691, 2649, -1,
      2649, 2691, 2689, -1,
      2649, 2689, 2687, -1,
      2742, 2740, 2732, -1,
      2732, 2740, 2738, -1,
      2732, 2738, 2734, -1,
      2734, 2738, 2736, -1,
      2742, 2732, 2744, -1,
      2744, 2732, 2730, -1,
      2744, 2730, 2728, -1,
      2726, 2724, 2744, -1,
      2744, 2724, 2722, -1,
      2744, 2722, 2721, -1,
      2750, 2751, 2752, -1,
      2752, 2751, 2753, -1,
      2754, 2750, 2755, -1,
      2755, 2750, 2752, -1,
      2756, 2754, 2757, -1,
      2757, 2754, 2755, -1,
      2758, 2756, 2759, -1,
      2759, 2756, 2757, -1,
      2760, 2758, 2761, -1,
      2761, 2758, 2759, -1,
      2762, 2760, 2763, -1,
      2763, 2760, 2761, -1,
      2764, 2762, 2765, -1,
      2765, 2762, 2763, -1,
      2766, 2764, 2767, -1,
      2767, 2764, 2765, -1,
      2768, 2766, 2769, -1,
      2769, 2766, 2767, -1,
      2770, 2768, 2771, -1,
      2771, 2768, 2769, -1,
      2772, 2770, 2773, -1,
      2773, 2770, 2771, -1,
      2774, 2772, 2775, -1,
      2775, 2772, 2773, -1,
      2776, 2774, 2777, -1,
      2777, 2774, 2775, -1,
      2776, 2777, 2778, -1,
      2776, 2778, 2779, -1,
      2779, 2778, 2780, -1,
      2779, 2780, 2781, -1,
      2781, 2780, 2782, -1,
      2781, 2782, 2783, -1,
      2783, 2782, 2784, -1,
      2783, 2784, 2785, -1,
      2785, 2784, 2786, -1,
      2785, 2786, 2787, -1,
      2787, 2786, 2788, -1,
      2787, 2788, 2789, -1,
      2790, 2789, 2791, -1,
      2791, 2789, 2788, -1,
      2790, 2791, 2792, -1,
      2790, 2792, 2793, -1,
      2793, 2792, 2794, -1,
      2793, 2794, 2795, -1,
      2795, 2794, 2796, -1,
      2795, 2796, 2797, -1,
      2797, 2796, 2798, -1,
      2797, 2798, 2799, -1,
      2799, 2798, 2800, -1,
      2799, 2800, 2801, -1,
      2801, 2800, 2802, -1,
      2801, 2802, 2803, -1,
      2804, 2803, 2805, -1,
      2805, 2803, 2802, -1,
      2806, 2804, 2807, -1,
      2807, 2804, 2805, -1,
      2808, 2806, 2809, -1,
      2809, 2806, 2807, -1,
      2810, 2808, 2811, -1,
      2811, 2808, 2809, -1,
      2812, 2810, 2813, -1,
      2813, 2810, 2811, -1,
      2814, 2812, 2815, -1,
      2815, 2812, 2813, -1,
      2816, 2814, 2817, -1,
      2817, 2814, 2815, -1,
      2816, 2817, 2818, -1,
      2816, 2818, 2819, -1,
      2819, 2818, 2820, -1,
      2819, 2820, 2821, -1,
      2821, 2820, 2822, -1,
      2821, 2822, 2823, -1,
      2823, 2822, 2824, -1,
      2823, 2824, 2825, -1,
      2825, 2824, 2826, -1,
      2825, 2826, 2827, -1,
      2827, 2826, 2828, -1,
      2827, 2828, 2829, -1,
      2829, 2828, 2830, -1,
      2829, 2830, 2831, -1,
      2831, 2830, 2832, -1,
      2831, 2832, 2833, -1,
      2833, 2832, 2834, -1,
      2833, 2834, 2835, -1,
      2835, 2834, 2836, -1,
      2835, 2836, 2837, -1,
      2837, 2836, 2838, -1,
      2837, 2838, 2839, -1,
      2840, 2839, 2841, -1,
      2841, 2839, 2838, -1,
      2842, 2840, 2843, -1,
      2843, 2840, 2841, -1,
      2842, 2843, 2844, -1,
      2844, 2843, 2845, -1,
      2844, 2845, 2846, -1,
      2846, 2845, 2847, -1,
      2846, 2847, 2848, -1,
      2848, 2847, 2849, -1,
      2848, 2849, 2850, -1,
      2850, 2849, 2851, -1,
      2850, 2851, 2852, -1,
      2852, 2851, 2853, -1,
      2852, 2853, 2854, -1,
      2854, 2853, 2855, -1,
      2856, 2854, 2857, -1,
      2857, 2854, 2855, -1,
      2856, 2857, 2858, -1,
      2858, 2857, 2859, -1,
      2858, 2859, 2860, -1,
      2860, 2859, 2861, -1,
      2860, 2861, 2862, -1,
      2862, 2861, 2863, -1,
      2862, 2863, 2864, -1,
      2864, 2863, 2865, -1,
      2864, 2865, 2866, -1,
      2866, 2865, 2867, -1,
      2866, 2867, 2868, -1,
      2868, 2867, 2869, -1,
      2868, 2869, 2870, -1,
      2870, 2869, 2871, -1,
      2872, 2870, 2873, -1,
      2873, 2870, 2871, -1,
      2872, 2873, 2874, -1,
      2874, 2873, 2875, -1,
      2874, 2875, 2876, -1,
      2876, 2875, 2877, -1,
      2876, 2877, 2878, -1,
      2878, 2877, 2879, -1,
      2878, 2879, 2880, -1,
      2880, 2879, 2881, -1,
      2880, 2881, 2882, -1,
      2882, 2881, 2883, -1,
      2882, 2883, 2884, -1,
      2884, 2883, 2885, -1,
      2886, 2884, 2887, -1,
      2887, 2884, 2885, -1,
      2886, 2887, 2888, -1,
      2886, 2888, 2889, -1,
      2889, 2888, 2890, -1,
      2889, 2890, 2891, -1,
      2891, 2890, 2892, -1,
      2891, 2892, 2893, -1,
      2893, 2892, 2894, -1,
      2893, 2894, 2895, -1,
      2895, 2894, 2896, -1,
      2895, 2896, 2897, -1,
      2897, 2896, 2898, -1,
      2897, 2898, 2899, -1,
      2899, 2898, 2900, -1,
      2899, 2900, 2901, -1,
      2901, 2900, 2902, -1,
      2901, 2902, 2903, -1,
      2903, 2902, 2904, -1,
      2903, 2904, 2905, -1,
      2905, 2904, 2906, -1,
      2905, 2906, 2907, -1,
      2907, 2906, 2908, -1,
      2907, 2908, 2909, -1,
      2909, 2908, 2910, -1,
      2909, 2910, 2911, -1,
      2912, 2911, 2913, -1,
      2913, 2911, 2910, -1,
      2914, 2912, 2915, -1,
      2915, 2912, 2913, -1,
      2751, 2914, 2753, -1,
      2753, 2914, 2915, -1,
      2756, 2758, 2760, -1,
      2806, 2808, 2810, -1,
      2751, 2750, 2914, -1,
      2914, 2750, 2754, -1,
      2914, 2754, 2912, -1,
      2912, 2754, 2756, -1,
      2814, 2816, 2839, -1,
      2839, 2840, 2814, -1,
      2814, 2840, 2842, -1,
      2814, 2842, 2844, -1,
      2844, 2846, 2814, -1,
      2814, 2846, 2848, -1,
      2814, 2848, 2850, -1,
      2819, 2821, 2829, -1,
      2810, 2779, 2806, -1,
      2806, 2779, 2803, -1,
      2806, 2803, 2804, -1,
      2766, 2768, 2764, -1,
      2764, 2768, 2770, -1,
      2764, 2770, 2812, -1,
      2812, 2770, 2772, -1,
      2812, 2772, 2810, -1,
      2810, 2772, 2774, -1,
      2810, 2774, 2779, -1,
      2779, 2774, 2776, -1,
      2756, 2760, 2912, -1,
      2912, 2760, 2762, -1,
      2912, 2762, 2874, -1,
      2874, 2876, 2912, -1,
      2912, 2876, 2878, -1,
      2912, 2878, 2880, -1,
      2819, 2829, 2816, -1,
      2816, 2829, 2831, -1,
      2816, 2831, 2833, -1,
      2833, 2835, 2816, -1,
      2816, 2835, 2837, -1,
      2816, 2837, 2839, -1,
      2880, 2882, 2912, -1,
      2912, 2882, 2884, -1,
      2912, 2884, 2911, -1,
      2911, 2884, 2886, -1,
      2821, 2823, 2829, -1,
      2829, 2823, 2825, -1,
      2829, 2825, 2827, -1,
      2783, 2785, 2787, -1,
      2790, 2793, 2803, -1,
      2803, 2793, 2795, -1,
      2795, 2797, 2803, -1,
      2803, 2797, 2799, -1,
      2803, 2799, 2801, -1,
      2911, 2899, 2909, -1,
      2909, 2899, 2907, -1,
      2790, 2803, 2789, -1,
      2789, 2803, 2779, -1,
      2789, 2779, 2787, -1,
      2787, 2779, 2781, -1,
      2787, 2781, 2783, -1,
      2886, 2889, 2911, -1,
      2911, 2889, 2891, -1,
      2911, 2891, 2893, -1,
      2907, 2899, 2905, -1,
      2905, 2899, 2901, -1,
      2905, 2901, 2903, -1,
      2858, 2860, 2812, -1,
      2812, 2860, 2862, -1,
      2812, 2862, 2764, -1,
      2764, 2862, 2864, -1,
      2764, 2864, 2866, -1,
      2866, 2868, 2764, -1,
      2764, 2868, 2870, -1,
      2764, 2870, 2762, -1,
      2762, 2870, 2872, -1,
      2762, 2872, 2874, -1,
      2893, 2895, 2911, -1,
      2911, 2895, 2897, -1,
      2911, 2897, 2899, -1,
      2850, 2852, 2814, -1,
      2814, 2852, 2854, -1,
      2814, 2854, 2812, -1,
      2812, 2854, 2856, -1,
      2812, 2856, 2858, -1,
      2771, 2769, 2767, -1,
      2761, 2759, 2763, -1,
      2763, 2759, 2757, -1,
      2811, 2809, 2775, -1,
      2775, 2809, 2807, -1,
      2775, 2807, 2777, -1,
      2767, 2765, 2771, -1,
      2771, 2765, 2913, -1,
      2771, 2913, 2773, -1,
      2792, 2791, 2802, -1,
      2802, 2791, 2788, -1,
      2802, 2788, 2805, -1,
      2784, 2782, 2807, -1,
      2752, 2753, 2755, -1,
      2755, 2753, 2915, -1,
      2755, 2915, 2757, -1,
      2757, 2915, 2913, -1,
      2757, 2913, 2763, -1,
      2763, 2913, 2765, -1,
      2815, 2853, 2851, -1,
      2838, 2817, 2841, -1,
      2841, 2817, 2815, -1,
      2841, 2815, 2843, -1,
      2843, 2815, 2845, -1,
      2879, 2913, 2881, -1,
      2881, 2913, 2883, -1,
      2805, 2788, 2807, -1,
      2807, 2788, 2786, -1,
      2807, 2786, 2784, -1,
      2851, 2849, 2815, -1,
      2815, 2849, 2847, -1,
      2815, 2847, 2845, -1,
      2910, 2887, 2913, -1,
      2913, 2887, 2885, -1,
      2913, 2885, 2883, -1,
      2879, 2877, 2913, -1,
      2913, 2877, 2875, -1,
      2913, 2875, 2773, -1,
      2773, 2875, 2873, -1,
      2773, 2873, 2871, -1,
      2871, 2869, 2773, -1,
      2773, 2869, 2867, -1,
      2773, 2867, 2865, -1,
      2800, 2798, 2796, -1,
      2782, 2780, 2807, -1,
      2807, 2780, 2778, -1,
      2807, 2778, 2777, -1,
      2838, 2836, 2817, -1,
      2817, 2836, 2834, -1,
      2817, 2834, 2832, -1,
      2826, 2824, 2817, -1,
      2817, 2824, 2822, -1,
      2817, 2822, 2818, -1,
      2818, 2822, 2820, -1,
      2865, 2863, 2773, -1,
      2773, 2863, 2861, -1,
      2773, 2861, 2859, -1,
      2800, 2796, 2802, -1,
      2802, 2796, 2794, -1,
      2802, 2794, 2792, -1,
      2832, 2830, 2817, -1,
      2817, 2830, 2828, -1,
      2817, 2828, 2826, -1,
      2775, 2773, 2811, -1,
      2811, 2773, 2859, -1,
      2811, 2859, 2813, -1,
      2813, 2859, 2857, -1,
      2813, 2857, 2815, -1,
      2815, 2857, 2855, -1,
      2815, 2855, 2853, -1,
      2898, 2910, 2900, -1,
      2900, 2910, 2908, -1,
      2908, 2906, 2900, -1,
      2900, 2906, 2904, -1,
      2900, 2904, 2902, -1,
      2898, 2896, 2910, -1,
      2910, 2896, 2894, -1,
      2910, 2894, 2892, -1,
      2892, 2890, 2910, -1,
      2910, 2890, 2888, -1,
      2910, 2888, 2887, -1,
    ]
  }
}
