#VRML V2.0 utf8

Shape {
  appearance Appearance {
    material Material {
      diffuseColor 0.8510 0.8510 0.8510
      specularColor 0.6824 0.6824 0.6824
      ambientIntensity 0.2
      transparency 0.0000
      shininess 0.5
    }
  }
  geometry IndexedFaceSet {
    ccw TRUE
    solid FALSE
    coord DEF co Coordinate {
      point [
        -0.507296 -3.487990 0.314961,
        -0.507296 -1.653543 0.314961,
        -0.314812 -1.653543 0.314961,
        2.165354 -5.118110 0.314961,
        2.165354 -5.196850 0.314961,
        2.106299 -5.196850 0.314961,
        -0.140768 -3.487990 0.314961,
        -0.140768 -3.687241 0.314961,
        -0.159972 -3.520998 0.314961,
        -0.159972 -3.499393 0.314961,
        -0.180956 -3.490777 0.314961,
        -0.200847 -3.487990 0.314961,
        -0.206072 -3.666836 0.314961,
        -0.163501 -3.519044 0.314961,
        -0.182146 -3.663727 0.314961,
        -0.159972 -3.654232 0.314961,
        -0.159972 -3.680639 0.314961,
        -0.182732 -3.686815 0.314961,
        -0.225454 -3.664664 0.314961,
        -0.240111 -3.659366 0.314961,
        -0.254058 -3.650017 0.314961,
        -0.265891 -3.636828 0.314961,
        -0.273924 -3.621602 0.314961,
        -0.279132 -3.600289 0.314961,
        -0.280003 -3.585515 0.314961,
        -0.278013 -3.564220 0.314961,
        -0.272670 -3.547288 0.314961,
        -0.210498 -3.508395 0.314961,
        -0.255332 -3.523958 0.314961,
        -0.228766 -3.510432 0.314961,
        -0.243244 -3.515754 0.314961,
        -0.264486 -3.533615 0.314961,
        -0.184368 -3.511295 0.314961,
        -0.140768 -5.098426 0.314961,
        -0.206297 -3.688441 0.314961,
        -0.188902 -3.687241 0.314961,
        -0.296006 -3.634275 0.314961,
        -0.284258 -3.652915 0.314961,
        -0.314812 -3.687241 0.314961,
        -0.267079 -3.669434 0.314961,
        -0.257473 -3.495854 0.314961,
        -0.314812 -3.487990 0.314961,
        -0.238358 -3.489300 0.314961,
        -0.225714 -3.487990 0.314961,
        -0.273456 -3.506106 0.314961,
        -0.287863 -3.521285 0.314961,
        -0.298374 -3.539811 0.314961,
        -0.248679 -3.680161 0.314961,
        -0.227084 -3.686646 0.314961,
        -0.220198 -3.687241 0.314961,
        -0.304476 -3.560932 0.314961,
        -0.306410 -3.583902 0.314961,
        -0.303582 -3.611850 0.314961,
        -0.140768 -1.653543 0.314961,
        -0.208754 -3.486881 0.314961,
        -0.214137 -3.486789 0.314961,
        0.635781 -2.639874 0.314961,
        0.621063 -2.645971 0.314961,
        0.481757 -1.653543 0.314961,
        0.608424 -2.655669 0.314961,
        0.590551 -2.698819 0.314961,
        0.590551 -3.487990 0.314961,
        0.481757 -3.487990 0.314961,
        0.598727 -2.668307 0.314961,
        0.592631 -2.683025 0.314961,
        1.793150 -2.655669 0.314961,
        2.106299 -1.653543 0.314961,
        1.802848 -2.668307 0.314961,
        1.808944 -2.683025 0.314961,
        1.811024 -2.698819 0.314961,
        2.106299 -3.487990 0.314961,
        1.811024 -3.487990 0.314961,
        1.780512 -2.645971 0.314961,
        1.765794 -2.639874 0.314961,
        1.750000 -2.637795 0.314961,
        1.749615 -2.637795 0.314961,
        1.734543 -2.639686 0.314961,
        1.720405 -2.645240 0.314961,
        1.708077 -2.654115 0.314961,
        1.698322 -2.665759 0.314961,
        1.691746 -2.679452 0.314961,
        0.709829 -2.679452 0.314961,
        0.712819 -2.694344 0.314961,
        1.688755 -2.694344 0.314961,
        0.771176 -3.487990 0.314961,
        1.630399 -3.487990 0.314961,
        1.615748 -3.687241 0.314961,
        0.703252 -2.665759 0.314961,
        0.693498 -2.654115 0.314961,
        0.681170 -2.645240 0.314961,
        0.667032 -2.639686 0.314961,
        0.651960 -2.637795 0.314961,
        0.651575 -2.637795 0.314961,
        1.594488 -4.022503 0.314961,
        0.807087 -4.022503 0.314961,
        1.594488 -3.976378 0.314961,
        0.807087 -3.976378 0.314961,
        0.785826 -3.687241 0.314961,
        1.811024 -3.687241 0.314961,
        2.106299 -3.687241 0.314961,
        1.811024 -5.000000 0.314961,
        2.106299 -5.098426 0.314961,
        0.590551 -5.000000 0.314961,
        0.481757 -5.098426 0.314961,
        0.590551 -3.687241 0.314961,
        0.481757 -3.687241 0.314961,
        -0.590551 -2.698819 0.314961,
        -0.592631 -2.683025 0.314961,
        -0.598727 -2.668307 0.314961,
        -0.608424 -2.655669 0.314961,
        -0.621063 -2.645971 0.314961,
        -0.635781 -2.639874 0.314961,
        -1.750000 -2.637795 0.314961,
        -1.765794 -2.639874 0.314961,
        -2.401575 -1.653543 0.314961,
        -1.780512 -2.645971 0.314961,
        -1.793150 -2.655669 0.314961,
        -1.802848 -2.668307 0.314961,
        -1.688755 -2.694344 0.314961,
        -1.691746 -2.679452 0.314961,
        -0.667032 -2.639686 0.314961,
        -0.651960 -2.637795 0.314961,
        -1.698322 -2.665759 0.314961,
        -1.708077 -2.654115 0.314961,
        -0.681170 -2.645240 0.314961,
        -0.693498 -2.654115 0.314961,
        -0.703252 -2.665759 0.314961,
        -0.709829 -2.679452 0.314961,
        -0.712819 -2.694344 0.314961,
        -1.630399 -3.487990 0.314961,
        -0.771176 -3.487990 0.314961,
        -0.785826 -3.687241 0.314961,
        -1.720405 -2.645240 0.314961,
        -1.734543 -2.639686 0.314961,
        -1.749615 -2.637795 0.314961,
        -0.651575 -2.637795 0.314961,
        -0.807087 -4.022503 0.314961,
        -1.594488 -4.022503 0.314961,
        -0.807087 -3.976378 0.314961,
        -1.594488 -3.976378 0.314961,
        -1.615748 -3.687241 0.314961,
        -0.507296 -3.687241 0.314961,
        -0.590551 -3.687241 0.314961,
        -0.590551 -3.487990 0.314961,
        -1.811024 -5.000000 0.314961,
        -0.590551 -5.000000 0.314961,
        -0.507296 -5.098426 0.314961,
        -1.808944 -2.683025 0.314961,
        -1.811024 -2.698819 0.314961,
        -2.401575 -3.487990 0.314961,
        -1.811024 -3.487990 0.314961,
        -2.401575 -3.687241 0.314961,
        -1.811024 -3.687241 0.314961,
        -2.401575 -5.098426 0.314961,
        2.401575 -5.118110 0.314961,
        -2.165354 -5.118110 0.314961,
        -2.401575 -5.118110 0.314961,
        0.188117 -3.487990 0.314961,
        0.188117 -1.653543 0.314961,
        0.003269 -3.487990 0.314961,
        0.003269 -1.653543 0.314961,
        -0.323215 -3.510796 0.314961,
        -0.323215 -3.489190 0.314961,
        -0.424040 -3.489190 0.314961,
        -0.397633 -3.510796 0.314961,
        -0.397633 -3.686041 0.314961,
        -0.424040 -3.686041 0.314961,
        -0.020737 -3.686041 0.314961,
        0.003269 -3.687241 0.314961,
        -0.020737 -3.664435 0.314961,
        -0.015936 -3.510796 0.314961,
        -0.015936 -3.489190 0.314961,
        -0.121563 -3.489190 0.314961,
        -0.121563 -3.686041 0.314961,
        -0.095156 -3.578013 0.314961,
        -0.095156 -3.510796 0.314961,
        -0.025538 -3.578013 0.314961,
        -0.025538 -3.599618 0.314961,
        -0.095156 -3.599618 0.314961,
        -0.095156 -3.664435 0.314961,
        0.188117 -3.687241 0.314961,
        0.129509 -3.674914 0.314961,
        0.149008 -3.662225 0.314961,
        0.078026 -3.686041 0.314961,
        0.106465 -3.683000 0.314961,
        0.171113 -3.543235 0.314961,
        0.160070 -3.525873 0.314961,
        0.143981 -3.510318 0.314961,
        0.123602 -3.498318 0.314961,
        0.100942 -3.491424 0.314961,
        0.076000 -3.489190 0.314961,
        0.022474 -3.489190 0.314961,
        0.022474 -3.686041 0.314961,
        0.156653 -3.655137 0.314961,
        0.168457 -3.639722 0.314961,
        0.176746 -3.620615 0.314961,
        0.180539 -3.599819 0.314961,
        0.180915 -3.590091 0.314961,
        0.178157 -3.563750 0.314961,
        0.296144 -3.686041 0.314961,
        0.372964 -3.489190 0.314961,
        0.324239 -3.544404 0.314961,
        0.242918 -3.544404 0.314961,
        0.344156 -3.489190 0.314961,
        0.224126 -3.489190 0.314961,
        0.195319 -3.489190 0.314961,
        0.269737 -3.686041 0.314961,
        -0.314812 -5.098426 0.314961,
        0.188117 -5.098426 0.314961,
        0.003269 -5.098426 0.314961,
        2.401575 -1.653543 0.314961,
        2.401575 -3.487990 0.314961,
        2.401575 -3.687241 0.314961,
        2.401575 -5.098426 0.314961,
        0.481757 -5.196850 0.314961,
        0.188117 -5.196850 0.314961,
        0.003269 -5.196850 0.314961,
        -0.140768 -5.196850 0.314961,
        -0.314812 -5.196850 0.314961,
        -0.507296 -5.196850 0.314961,
        -2.165354 -5.196850 0.314961,
      ]
    }
    coordIndex [
      0, 1, 2, -1,
      3, 4, 5, -1,
      6, 7, 8, -1,
      8, 9, 6, -1,
      6, 9, 10, -1,
      6, 10, 11, -1,
      12, 13, 14, -1,
      14, 13, 8, -1,
      14, 8, 15, -1,
      15, 8, 7, -1,
      15, 7, 16, -1,
      16, 7, 17, -1,
      12, 18, 13, -1,
      13, 18, 19, -1,
      13, 19, 20, -1,
      20, 21, 13, -1,
      13, 21, 22, -1,
      13, 22, 23, -1,
      23, 24, 13, -1,
      13, 24, 25, -1,
      13, 25, 26, -1,
      27, 28, 29, -1,
      29, 28, 30, -1,
      26, 31, 13, -1,
      13, 31, 28, -1,
      13, 28, 32, -1,
      32, 28, 27, -1,
      33, 34, 35, -1,
      36, 37, 38, -1,
      38, 37, 39, -1,
      40, 41, 42, -1,
      42, 41, 43, -1,
      40, 44, 41, -1,
      41, 44, 45, -1,
      41, 45, 46, -1,
      39, 47, 38, -1,
      38, 47, 48, -1,
      38, 48, 49, -1,
      46, 50, 41, -1,
      41, 50, 51, -1,
      41, 51, 38, -1,
      38, 51, 52, -1,
      38, 52, 36, -1,
      53, 54, 2, -1,
      2, 54, 55, -1,
      56, 57, 58, -1,
      58, 57, 59, -1,
      60, 61, 62, -1,
      59, 63, 58, -1,
      58, 63, 64, -1,
      58, 64, 60, -1,
      65, 66, 67, -1,
      67, 66, 68, -1,
      68, 66, 69, -1,
      69, 66, 70, -1,
      69, 70, 71, -1,
      65, 72, 66, -1,
      66, 72, 73, -1,
      66, 73, 74, -1,
      74, 75, 66, -1,
      66, 75, 76, -1,
      66, 76, 58, -1,
      58, 76, 77, -1,
      77, 78, 58, -1,
      58, 78, 79, -1,
      58, 79, 80, -1,
      81, 80, 82, -1,
      82, 80, 83, -1,
      82, 83, 84, -1,
      84, 83, 85, -1,
      84, 85, 86, -1,
      81, 87, 80, -1,
      80, 87, 88, -1,
      80, 88, 89, -1,
      89, 90, 80, -1,
      80, 90, 91, -1,
      80, 91, 58, -1,
      58, 91, 92, -1,
      58, 92, 56, -1,
      93, 94, 95, -1,
      95, 94, 96, -1,
      95, 96, 86, -1,
      86, 96, 97, -1,
      86, 97, 84, -1,
      71, 70, 98, -1,
      98, 70, 99, -1,
      98, 99, 100, -1,
      100, 99, 101, -1,
      100, 101, 102, -1,
      102, 101, 103, -1,
      102, 103, 104, -1,
      61, 104, 105, -1,
      0, 106, 1, -1,
      1, 106, 107, -1,
      1, 107, 108, -1,
      108, 109, 1, -1,
      1, 109, 110, -1,
      1, 110, 111, -1,
      112, 113, 114, -1,
      113, 115, 114, -1,
      114, 115, 116, -1,
      114, 116, 117, -1,
      118, 119, 120, -1,
      120, 119, 121, -1,
      122, 123, 1, -1,
      120, 124, 118, -1,
      118, 124, 125, -1,
      118, 125, 126, -1,
      126, 127, 118, -1,
      118, 127, 128, -1,
      118, 128, 129, -1,
      129, 128, 130, -1,
      129, 130, 131, -1,
      123, 132, 1, -1,
      1, 132, 133, -1,
      1, 133, 114, -1,
      114, 133, 134, -1,
      114, 134, 112, -1,
      111, 135, 1, -1,
      1, 135, 121, -1,
      1, 121, 122, -1,
      122, 121, 119, -1,
      136, 137, 138, -1,
      138, 137, 139, -1,
      138, 139, 131, -1,
      131, 139, 140, -1,
      131, 140, 129, -1,
      141, 142, 0, -1,
      0, 142, 143, -1,
      0, 143, 106, -1,
      144, 145, 146, -1,
      117, 147, 114, -1,
      114, 147, 148, -1,
      114, 148, 149, -1,
      149, 148, 150, -1,
      149, 150, 151, -1,
      151, 150, 152, -1,
      151, 152, 153, -1,
      153, 152, 144, -1,
      154, 3, 101, -1,
      144, 146, 153, -1,
      153, 146, 155, -1,
      153, 155, 156, -1,
      60, 62, 58, -1,
      58, 62, 157, -1,
      58, 157, 158, -1,
      158, 157, 159, -1,
      158, 159, 160, -1,
      160, 159, 6, -1,
      160, 6, 53, -1,
      53, 6, 11, -1,
      53, 11, 54, -1,
      38, 161, 41, -1,
      41, 161, 162, -1,
      41, 162, 163, -1,
      164, 161, 165, -1,
      165, 161, 38, -1,
      165, 38, 166, -1,
      166, 38, 141, -1,
      166, 141, 163, -1,
      163, 141, 0, -1,
      163, 0, 41, -1,
      41, 0, 2, -1,
      41, 2, 43, -1,
      43, 2, 55, -1,
      167, 168, 7, -1,
      167, 169, 168, -1,
      168, 169, 170, -1,
      168, 170, 159, -1,
      159, 170, 171, -1,
      159, 171, 6, -1,
      6, 171, 172, -1,
      6, 172, 7, -1,
      7, 172, 173, -1,
      7, 173, 167, -1,
      174, 175, 176, -1,
      176, 175, 170, -1,
      176, 170, 177, -1,
      177, 170, 169, -1,
      177, 169, 178, -1,
      178, 169, 179, -1,
      180, 181, 182, -1,
      168, 183, 180, -1,
      180, 183, 184, -1,
      180, 184, 181, -1,
      185, 186, 157, -1,
      157, 186, 187, -1,
      157, 187, 188, -1,
      188, 189, 157, -1,
      157, 189, 190, -1,
      157, 190, 159, -1,
      159, 190, 191, -1,
      159, 191, 168, -1,
      168, 191, 192, -1,
      168, 192, 183, -1,
      182, 193, 180, -1,
      180, 193, 194, -1,
      180, 194, 195, -1,
      195, 196, 180, -1,
      180, 196, 197, -1,
      180, 197, 157, -1,
      157, 197, 198, -1,
      157, 198, 185, -1,
      199, 105, 180, -1,
      61, 105, 62, -1,
      62, 105, 199, -1,
      62, 199, 200, -1,
      201, 202, 203, -1,
      203, 202, 204, -1,
      200, 203, 62, -1,
      62, 203, 204, -1,
      62, 204, 157, -1,
      157, 204, 205, -1,
      157, 205, 180, -1,
      180, 205, 206, -1,
      180, 206, 199, -1,
      34, 33, 49, -1,
      49, 33, 207, -1,
      49, 207, 38, -1,
      38, 207, 146, -1,
      38, 146, 141, -1,
      141, 146, 145, -1,
      141, 145, 142, -1,
      104, 103, 105, -1,
      105, 103, 208, -1,
      105, 208, 180, -1,
      180, 208, 209, -1,
      180, 209, 168, -1,
      168, 209, 33, -1,
      168, 33, 7, -1,
      7, 33, 35, -1,
      7, 35, 17, -1,
      66, 210, 70, -1,
      70, 210, 211, -1,
      70, 211, 99, -1,
      99, 211, 212, -1,
      99, 212, 101, -1,
      101, 212, 213, -1,
      101, 213, 154, -1,
      3, 5, 101, -1,
      101, 5, 214, -1,
      101, 214, 103, -1,
      103, 214, 215, -1,
      103, 215, 208, -1,
      208, 215, 216, -1,
      208, 216, 209, -1,
      209, 216, 217, -1,
      209, 217, 33, -1,
      33, 217, 218, -1,
      33, 218, 207, -1,
      207, 218, 219, -1,
      207, 219, 146, -1,
      146, 219, 220, -1,
      146, 220, 155, -1,
    ]
  }
}

Shape {
  appearance Appearance {
    material Material {
      diffuseColor 1.0000 1.0000 1.0000
      specularColor 0.3020 0.3020 0.3020
      ambientIntensity 0.2
      transparency 0.0000
      shininess 0.5
    }
  }
  geometry IndexedFaceSet {
    ccw TRUE
    solid FALSE
    coord DEF co Coordinate {
      point [
        -0.807087 -4.256281 2.244094,
        -1.594488 -4.256281 2.244094,
        -2.066929 -5.078741 2.244094,
        -1.594488 -4.169444 2.244094,
        -2.066929 -1.850394 2.244094,
        2.066929 -5.078741 2.244094,
        0.807087 -4.256281 2.244094,
        -0.807087 -4.169444 2.244094,
        0.807087 -4.169444 2.244094,
        2.066929 -1.850394 2.244094,
        1.594488 -4.169444 2.244094,
        1.594488 -4.256281 2.244094,
        2.066929 -5.078741 1.456693,
        2.066929 -1.850394 1.456693,
        -2.066929 -5.078741 1.456693,
        -2.066929 -1.850394 1.456693,
        -1.574803 -1.850394 1.456693,
        -1.574803 -5.000000 1.456693,
        -1.181102 -5.000000 1.456693,
        -0.196850 -5.000000 1.456693,
        -0.196850 -1.850394 1.456693,
        0.196850 -1.850394 1.456693,
        0.196850 -5.000000 1.456693,
        0.590551 -5.000000 1.456693,
        -0.590551 -5.000000 1.456693,
        -0.590551 -1.850394 1.456693,
        -1.181102 -1.850394 1.456693,
        1.574803 -1.850394 1.456693,
        1.574803 -5.000000 1.456693,
        1.181102 -5.000000 1.456693,
        1.181102 -1.850394 1.456693,
        0.590551 -1.850394 1.456693,
      ]
    }
    coordIndex [
      0, 1, 2, -1,
      2, 1, 3, -1,
      2, 3, 4, -1,
      2, 5, 0, -1,
      0, 5, 6, -1,
      0, 6, 7, -1,
      7, 6, 8, -1,
      3, 7, 4, -1,
      4, 7, 8, -1,
      4, 8, 9, -1,
      9, 8, 10, -1,
      9, 10, 5, -1,
      5, 10, 11, -1,
      5, 11, 6, -1,
      12, 13, 5, -1,
      5, 13, 9, -1,
      14, 15, 16, -1,
      16, 17, 14, -1,
      14, 17, 18, -1,
      14, 18, 12, -1,
      19, 20, 21, -1,
      22, 23, 12, -1,
      21, 22, 19, -1,
      19, 22, 12, -1,
      19, 12, 24, -1,
      24, 12, 18, -1,
      24, 18, 25, -1,
      25, 18, 26, -1,
      27, 13, 28, -1,
      28, 13, 12, -1,
      28, 12, 29, -1,
      29, 12, 23, -1,
      29, 23, 30, -1,
      30, 23, 31, -1,
      2, 4, 14, -1,
      14, 4, 15, -1,
    ]
  }
}

Shape {
  appearance Appearance {
    material Material {
      diffuseColor 0.8510 0.8510 0.8510
      specularColor 0.6824 0.6824 0.6824
      ambientIntensity 0.2
      transparency 0.0000
      shininess 0.5
    }
  }
  geometry IndexedFaceSet {
    ccw TRUE
    solid FALSE
    coord DEF co Coordinate {
      point [
        -2.165354 -5.393701 0.236220,
        -2.165354 -5.393701 0.118110,
        2.165354 -5.393701 0.236220,
        2.165354 -5.393701 0.118110,
        -2.677165 -5.393701 2.145669,
        -2.795276 -5.393701 2.145669,
        -2.677165 -5.393701 0.649606,
        -2.795276 -5.393701 0.649606,
        2.165354 -5.393701 2.559055,
        2.165354 -5.393701 2.677165,
        -2.165354 -5.393701 2.559055,
        -2.165354 -5.393701 2.677165,
        -2.598425 -2.500000 1.889764,
        -2.598425 -4.606299 1.889764,
        -2.598425 -5.118110 2.145669,
        -2.598425 -4.606299 0.905512,
        -2.598425 -5.118110 0.511811,
        -2.598425 -5.118110 0.649606,
        -2.598425 -1.456693 -0.000000,
        -2.598425 -1.456693 0.511811,
        -2.598425 -0.677165 0.000000,
        -2.598425 0.001969 1.889764,
        -2.598425 0.118110 0.000000,
        -2.598425 0.118110 1.889764,
        -2.598425 -5.196850 2.145669,
        -2.598425 -5.196850 0.649606,
        -2.598425 -2.500000 0.905512,
        -2.598425 -2.474526 0.908866,
        -2.598425 -2.450787 0.918698,
        -2.598425 -2.430403 0.934340,
        -2.598425 -2.414761 0.954724,
        -2.598425 -2.450787 1.876577,
        -2.598425 0.001969 2.283465,
        -2.598425 -2.430403 1.860936,
        -2.598425 -2.414761 1.840551,
        -2.598425 -5.118110 2.283465,
        -2.598425 -2.474526 1.886410,
        -2.598425 -2.404929 0.978463,
        -2.598425 -2.401575 1.003937,
        -2.598425 -2.401575 1.791339,
        -2.598425 -2.404929 1.816813,
        -2.480315 -0.677165 0.000000,
        -2.480315 0.118110 0.000000,
        -2.480315 -2.500000 1.889764,
        -2.480315 -2.474526 1.886410,
        -2.480315 -1.850394 2.283465,
        -2.480315 -4.606299 1.889764,
        -2.480315 -2.450787 1.876577,
        -2.480315 -2.430403 1.860936,
        -2.480315 -2.414761 1.840551,
        -2.480315 -5.118110 2.145669,
        -2.480315 -5.196850 2.145669,
        -2.480315 -5.118110 0.649606,
        -2.480315 -5.196850 0.649606,
        -2.480315 -4.606299 0.905512,
        -2.480315 -5.118110 0.511811,
        -2.480315 -2.500000 0.905512,
        -2.480315 -1.850394 0.511811,
        -2.480315 -2.474526 0.908866,
        -2.480315 -2.450787 0.918698,
        -2.480315 -5.118110 2.283465,
        -2.480315 -2.404929 0.978463,
        -2.480315 -2.414761 0.954724,
        -2.480315 -2.430403 0.934340,
        -2.480315 -2.404929 1.816813,
        -2.480315 -2.401575 1.791339,
        -2.480315 -2.401575 1.003937,
        1.811024 -2.698819 2.480315,
        1.811024 -5.000000 2.480315,
        2.165354 -5.118110 2.480315,
        2.165354 -5.196850 2.480315,
        0.590551 -5.000000 2.480315,
        -2.165354 -5.196850 2.480315,
        2.401575 -5.118110 2.480315,
        2.401575 0.001969 2.480315,
        1.808944 -2.683025 2.480315,
        0.590551 -2.698819 2.480315,
        0.592631 -2.683025 2.480315,
        -0.590551 -2.698819 2.480315,
        2.204724 0.120079 2.480315,
        1.614173 0.120079 2.480315,
        2.204724 0.001969 2.480315,
        1.614173 0.001969 2.480315,
        0.598727 -2.668307 2.480315,
        0.608424 -2.655669 2.480315,
        0.621063 -2.645971 2.480315,
        1.780512 -2.645971 2.480315,
        1.793150 -2.655669 2.480315,
        1.802848 -2.668307 2.480315,
        -0.592631 -2.683025 2.480315,
        -2.401575 0.001969 2.480315,
        -2.401575 -5.118110 2.480315,
        -2.204724 0.001969 2.480315,
        -1.614173 0.001969 2.480315,
        -2.204724 0.120079 2.480315,
        -1.614173 0.120079 2.480315,
        1.720405 -2.645240 2.480315,
        1.734543 -2.639686 2.480315,
        0.393701 0.120079 2.480315,
        -0.393701 0.120079 2.480315,
        0.393701 0.001969 2.480315,
        -0.393701 0.001969 2.480315,
        0.681170 -2.645240 2.480315,
        0.693498 -2.654115 2.480315,
        1.688755 -2.694344 2.480315,
        0.703252 -2.665759 2.480315,
        0.667032 -2.639686 2.480315,
        1.691746 -2.679452 2.480315,
        0.651960 -2.637795 2.480315,
        1.698322 -2.665759 2.480315,
        1.708077 -2.654115 2.480315,
        1.749615 -2.637795 2.480315,
        1.750000 -2.637795 2.480315,
        1.765794 -2.639874 2.480315,
        -1.793150 -2.655669 2.480315,
        -1.780512 -2.645971 2.480315,
        -1.765794 -2.639874 2.480315,
        -1.720405 -2.645240 2.480315,
        -1.708077 -2.654115 2.480315,
        -0.651960 -2.637795 2.480315,
        -0.590551 -5.000000 2.480315,
        -1.811024 -5.000000 2.480315,
        -2.165354 -5.118110 2.480315,
        -1.811024 -2.698819 2.480315,
        -1.808944 -2.683025 2.480315,
        -1.802848 -2.668307 2.480315,
        0.635781 -2.639874 2.480315,
        0.651575 -2.637795 2.480315,
        -0.651575 -2.637795 2.480315,
        -1.698322 -2.665759 2.480315,
        -1.691746 -2.679452 2.480315,
        -0.667032 -2.639686 2.480315,
        0.807087 -4.022503 2.480315,
        1.594488 -4.022503 2.480315,
        0.807087 -3.976378 2.480315,
        1.594488 -3.976378 2.480315,
        0.712819 -2.694344 2.480315,
        0.709829 -2.679452 2.480315,
        -0.703252 -2.665759 2.480315,
        -0.693498 -2.654115 2.480315,
        -0.681170 -2.645240 2.480315,
        -0.635781 -2.639874 2.480315,
        -0.621063 -2.645971 2.480315,
        -0.608424 -2.655669 2.480315,
        -0.598727 -2.668307 2.480315,
        -1.750000 -2.637795 2.480315,
        -1.749615 -2.637795 2.480315,
        -1.734543 -2.639686 2.480315,
        -1.594488 -4.022503 2.480315,
        -0.807087 -4.022503 2.480315,
        -1.594488 -3.976378 2.480315,
        -0.807087 -3.976378 2.480315,
        -1.688755 -2.694344 2.480315,
        -0.712819 -2.694344 2.480315,
        -0.709829 -2.679452 2.480315,
        -2.401575 -1.850394 2.362205,
        -1.811024 -2.698819 2.362205,
        -1.811024 -5.000000 2.362205,
        -2.401575 -5.118110 2.362205,
        -2.165354 -5.118110 2.362205,
        -2.165354 -5.196850 2.362205,
        -0.590551 -5.000000 2.362205,
        2.165354 -5.196850 2.362205,
        -0.592631 -2.683025 2.362205,
        -0.598727 -2.668307 2.362205,
        0.590551 -2.698819 2.362205,
        -0.608424 -2.655669 2.362205,
        -0.621063 -2.645971 2.362205,
        -1.780512 -2.645971 2.362205,
        -1.793150 -2.655669 2.362205,
        2.401575 -1.850394 2.362205,
        2.401575 -5.118110 2.362205,
        2.165354 -5.118110 2.362205,
        1.808944 -2.683025 2.362205,
        1.802848 -2.668307 2.362205,
        1.793150 -2.655669 2.362205,
        1.811024 -2.698819 2.362205,
        1.811024 -5.000000 2.362205,
        0.590551 -5.000000 2.362205,
        -0.590551 -2.698819 2.362205,
        0.651575 -2.637795 2.362205,
        0.635781 -2.639874 2.362205,
        0.621063 -2.645971 2.362205,
        0.608424 -2.655669 2.362205,
        -1.802848 -2.668307 2.362205,
        -1.808944 -2.683025 2.362205,
        0.703252 -2.665759 2.362205,
        0.693498 -2.654115 2.362205,
        1.691746 -2.679452 2.362205,
        -0.703252 -2.665759 2.362205,
        -0.709829 -2.679452 2.362205,
        1.780512 -2.645971 2.362205,
        1.765794 -2.639874 2.362205,
        1.750000 -2.637795 2.362205,
        1.698322 -2.665759 2.362205,
        1.708077 -2.654115 2.362205,
        -1.749615 -2.637795 2.362205,
        -1.750000 -2.637795 2.362205,
        -1.765794 -2.639874 2.362205,
        1.749615 -2.637795 2.362205,
        1.734543 -2.639686 2.362205,
        1.720405 -2.645240 2.362205,
        -0.667032 -2.639686 2.362205,
        -0.681170 -2.645240 2.362205,
        -0.693498 -2.654115 2.362205,
        0.681170 -2.645240 2.362205,
        0.667032 -2.639686 2.362205,
        0.651960 -2.637795 2.362205,
        0.598727 -2.668307 2.362205,
        0.592631 -2.683025 2.362205,
        -1.698322 -2.665759 2.362205,
        -1.708077 -2.654115 2.362205,
        -1.720405 -2.645240 2.362205,
        -1.734543 -2.639686 2.362205,
        -0.635781 -2.639874 2.362205,
        -0.651575 -2.637795 2.362205,
        -0.651960 -2.637795 2.362205,
        1.594488 -4.022503 2.362205,
        0.807087 -4.022503 2.362205,
        1.594488 -3.976378 2.362205,
        0.807087 -3.976378 2.362205,
        1.688755 -2.694344 2.362205,
        0.712819 -2.694344 2.362205,
        0.709829 -2.679452 2.362205,
        -0.807087 -4.022503 2.362205,
        -1.594488 -4.022503 2.362205,
        -0.807087 -3.976378 2.362205,
        -1.594488 -3.976378 2.362205,
        -0.712819 -2.694344 2.362205,
        -1.688755 -2.694344 2.362205,
        -1.691746 -2.679452 2.362205,
        2.401575 -1.850394 0.433071,
        1.811024 -2.698819 0.433071,
        1.811024 -5.000000 0.433071,
        1.780512 -2.645971 0.433071,
        1.793150 -2.655669 0.433071,
        2.401575 -5.118110 0.433071,
        2.165354 -5.118110 0.433071,
        2.165354 -5.196850 0.433071,
        0.590551 -5.000000 0.433071,
        -2.165354 -5.196850 0.433071,
        -2.401575 -1.850394 0.433071,
        -2.401575 -5.118110 0.433071,
        -2.165354 -5.118110 0.433071,
        -1.802848 -2.668307 0.433071,
        -1.793150 -2.655669 0.433071,
        -0.590551 -5.000000 0.433071,
        -1.811024 -5.000000 0.433071,
        -1.811024 -2.698819 0.433071,
        -1.808944 -2.683025 0.433071,
        -0.651575 -2.637795 0.433071,
        -0.635781 -2.639874 0.433071,
        -0.621063 -2.645971 0.433071,
        -0.608424 -2.655669 0.433071,
        1.802848 -2.668307 0.433071,
        1.808944 -2.683025 0.433071,
        -0.590551 -2.698819 0.433071,
        0.590551 -2.698819 0.433071,
        0.592631 -2.683025 0.433071,
        0.598727 -2.668307 0.433071,
        0.608424 -2.655669 0.433071,
        0.621063 -2.645971 0.433071,
        -0.703252 -2.665759 0.433071,
        -0.693498 -2.654115 0.433071,
        -1.691746 -2.679452 0.433071,
        0.703252 -2.665759 0.433071,
        0.709829 -2.679452 0.433071,
        -1.780512 -2.645971 0.433071,
        -1.765794 -2.639874 0.433071,
        -1.750000 -2.637795 0.433071,
        -1.698322 -2.665759 0.433071,
        -1.708077 -2.654115 0.433071,
        1.749615 -2.637795 0.433071,
        1.750000 -2.637795 0.433071,
        1.765794 -2.639874 0.433071,
        -1.749615 -2.637795 0.433071,
        -1.734543 -2.639686 0.433071,
        -1.720405 -2.645240 0.433071,
        0.667032 -2.639686 0.433071,
        0.681170 -2.645240 0.433071,
        0.693498 -2.654115 0.433071,
        -0.681170 -2.645240 0.433071,
        -0.667032 -2.639686 0.433071,
        -0.651960 -2.637795 0.433071,
        -0.598727 -2.668307 0.433071,
        -0.592631 -2.683025 0.433071,
        1.698322 -2.665759 0.433071,
        1.708077 -2.654115 0.433071,
        1.720405 -2.645240 0.433071,
        1.734543 -2.639686 0.433071,
        0.635781 -2.639874 0.433071,
        0.651575 -2.637795 0.433071,
        0.651960 -2.637795 0.433071,
        -1.594488 -4.022503 0.433071,
        -0.807087 -4.022503 0.433071,
        -1.594488 -3.976378 0.433071,
        -0.807087 -3.976378 0.433071,
        -1.688755 -2.694344 0.433071,
        -0.712819 -2.694344 0.433071,
        -0.709829 -2.679452 0.433071,
        0.807087 -4.022503 0.433071,
        1.594488 -4.022503 0.433071,
        0.807087 -3.976378 0.433071,
        1.594488 -3.976378 0.433071,
        0.712819 -2.694344 0.433071,
        1.688755 -2.694344 0.433071,
        1.691746 -2.679452 0.433071,
      ]
    }
    coordIndex [
      0, 1, 2, -1,
      2, 1, 3, -1,
      4, 5, 6, -1,
      6, 5, 7, -1,
      8, 9, 10, -1,
      10, 9, 11, -1,
      12, 13, 14, -1,
      15, 16, 17, -1,
      18, 19, 20, -1,
      20, 19, 21, -1,
      20, 21, 22, -1,
      22, 21, 23, -1,
      13, 15, 14, -1,
      14, 15, 17, -1,
      14, 17, 24, -1,
      24, 17, 25, -1,
      16, 15, 19, -1,
      19, 15, 26, -1,
      19, 26, 27, -1,
      27, 28, 19, -1,
      19, 28, 29, -1,
      19, 29, 30, -1,
      31, 32, 33, -1,
      33, 32, 34, -1,
      14, 35, 12, -1,
      12, 35, 32, -1,
      12, 32, 36, -1,
      36, 32, 31, -1,
      30, 37, 19, -1,
      19, 37, 38, -1,
      19, 38, 21, -1,
      21, 38, 39, -1,
      21, 39, 32, -1,
      32, 39, 40, -1,
      32, 40, 34, -1,
      41, 20, 42, -1,
      42, 20, 22, -1,
      43, 44, 45, -1,
      43, 45, 46, -1,
      44, 47, 45, -1,
      45, 47, 48, -1,
      45, 48, 49, -1,
      50, 51, 52, -1,
      52, 51, 53, -1,
      54, 55, 56, -1,
      56, 55, 57, -1,
      56, 57, 58, -1,
      58, 57, 59, -1,
      45, 60, 46, -1,
      46, 60, 50, -1,
      46, 50, 54, -1,
      54, 50, 52, -1,
      54, 52, 55, -1,
      61, 62, 57, -1,
      57, 62, 63, -1,
      57, 63, 59, -1,
      49, 64, 45, -1,
      45, 64, 65, -1,
      45, 65, 57, -1,
      57, 65, 66, -1,
      57, 66, 61, -1,
      67, 68, 69, -1,
      69, 68, 70, -1,
      70, 68, 71, -1,
      70, 71, 72, -1,
      69, 73, 67, -1,
      67, 73, 74, -1,
      67, 74, 75, -1,
      76, 77, 78, -1,
      79, 80, 81, -1,
      81, 80, 82, -1,
      77, 83, 78, -1,
      78, 83, 84, -1,
      78, 84, 85, -1,
      86, 87, 74, -1,
      74, 87, 88, -1,
      74, 88, 75, -1,
      89, 78, 81, -1,
      90, 91, 92, -1,
      92, 91, 93, -1,
      92, 93, 94, -1,
      94, 93, 95, -1,
      96, 97, 81, -1,
      98, 99, 100, -1,
      100, 99, 101, -1,
      102, 103, 104, -1,
      104, 103, 105, -1,
      102, 104, 106, -1,
      106, 104, 107, -1,
      106, 107, 108, -1,
      108, 107, 109, -1,
      108, 109, 110, -1,
      97, 111, 81, -1,
      81, 111, 112, -1,
      81, 112, 74, -1,
      74, 112, 113, -1,
      74, 113, 86, -1,
      114, 101, 93, -1,
      101, 114, 100, -1,
      100, 114, 115, -1,
      100, 115, 116, -1,
      117, 118, 119, -1,
      76, 78, 71, -1,
      71, 78, 120, -1,
      71, 120, 72, -1,
      72, 120, 121, -1,
      72, 121, 122, -1,
      122, 121, 123, -1,
      122, 123, 91, -1,
      91, 123, 124, -1,
      91, 124, 93, -1,
      93, 124, 125, -1,
      93, 125, 114, -1,
      85, 126, 78, -1,
      78, 126, 127, -1,
      78, 127, 81, -1,
      81, 127, 108, -1,
      81, 108, 96, -1,
      96, 108, 110, -1,
      119, 128, 100, -1,
      118, 129, 119, -1,
      119, 129, 130, -1,
      119, 130, 131, -1,
      132, 133, 134, -1,
      134, 133, 135, -1,
      134, 135, 136, -1,
      136, 135, 104, -1,
      136, 104, 137, -1,
      137, 104, 105, -1,
      138, 139, 130, -1,
      130, 139, 140, -1,
      130, 140, 131, -1,
      128, 141, 100, -1,
      100, 141, 142, -1,
      100, 142, 82, -1,
      82, 142, 143, -1,
      82, 143, 81, -1,
      81, 143, 144, -1,
      81, 144, 89, -1,
      116, 145, 100, -1,
      100, 145, 146, -1,
      100, 146, 119, -1,
      119, 146, 147, -1,
      119, 147, 117, -1,
      148, 149, 150, -1,
      150, 149, 151, -1,
      150, 151, 152, -1,
      152, 151, 153, -1,
      152, 153, 130, -1,
      130, 153, 154, -1,
      130, 154, 138, -1,
      155, 156, 157, -1,
      158, 155, 159, -1,
      159, 155, 157, -1,
      159, 157, 160, -1,
      160, 157, 161, -1,
      160, 161, 162, -1,
      163, 164, 165, -1,
      165, 164, 166, -1,
      165, 166, 167, -1,
      168, 169, 155, -1,
      170, 171, 172, -1,
      173, 174, 170, -1,
      170, 174, 175, -1,
      173, 170, 176, -1,
      176, 170, 172, -1,
      176, 172, 177, -1,
      177, 172, 162, -1,
      177, 162, 178, -1,
      178, 162, 161, -1,
      178, 161, 165, -1,
      165, 161, 179, -1,
      165, 179, 163, -1,
      180, 181, 155, -1,
      155, 181, 182, -1,
      155, 182, 183, -1,
      169, 184, 155, -1,
      155, 184, 185, -1,
      155, 185, 156, -1,
      186, 187, 188, -1,
      189, 190, 155, -1,
      175, 191, 170, -1,
      170, 191, 192, -1,
      170, 192, 193, -1,
      188, 155, 194, -1,
      194, 155, 195, -1,
      196, 197, 155, -1,
      155, 197, 198, -1,
      155, 198, 168, -1,
      193, 199, 170, -1,
      170, 199, 200, -1,
      170, 200, 155, -1,
      155, 200, 201, -1,
      155, 201, 195, -1,
      202, 203, 155, -1,
      155, 203, 204, -1,
      155, 204, 189, -1,
      187, 205, 188, -1,
      188, 205, 206, -1,
      188, 206, 155, -1,
      155, 206, 207, -1,
      155, 207, 180, -1,
      183, 208, 155, -1,
      155, 208, 209, -1,
      155, 209, 165, -1,
      210, 211, 190, -1,
      190, 211, 212, -1,
      190, 212, 155, -1,
      155, 212, 213, -1,
      155, 213, 196, -1,
      167, 214, 165, -1,
      165, 214, 215, -1,
      165, 215, 155, -1,
      155, 215, 216, -1,
      155, 216, 202, -1,
      217, 218, 219, -1,
      219, 218, 220, -1,
      219, 220, 221, -1,
      221, 220, 222, -1,
      221, 222, 188, -1,
      188, 222, 223, -1,
      188, 223, 186, -1,
      224, 225, 226, -1,
      226, 225, 227, -1,
      226, 227, 228, -1,
      228, 227, 229, -1,
      228, 229, 190, -1,
      190, 229, 230, -1,
      190, 230, 210, -1,
      231, 232, 233, -1,
      234, 235, 231, -1,
      236, 231, 237, -1,
      237, 231, 233, -1,
      237, 233, 238, -1,
      238, 233, 239, -1,
      238, 239, 240, -1,
      241, 242, 243, -1,
      241, 244, 245, -1,
      246, 247, 243, -1,
      243, 247, 248, -1,
      243, 248, 241, -1,
      241, 248, 249, -1,
      241, 249, 244, -1,
      250, 251, 231, -1,
      231, 251, 252, -1,
      231, 252, 253, -1,
      235, 254, 231, -1,
      231, 254, 255, -1,
      231, 255, 232, -1,
      243, 240, 246, -1,
      246, 240, 239, -1,
      246, 239, 256, -1,
      256, 239, 257, -1,
      256, 257, 258, -1,
      258, 259, 256, -1,
      256, 259, 260, -1,
      256, 260, 261, -1,
      262, 263, 264, -1,
      265, 266, 231, -1,
      245, 267, 241, -1,
      241, 267, 268, -1,
      241, 268, 269, -1,
      264, 231, 270, -1,
      270, 231, 271, -1,
      272, 273, 231, -1,
      231, 273, 274, -1,
      231, 274, 234, -1,
      269, 275, 241, -1,
      241, 275, 276, -1,
      241, 276, 231, -1,
      231, 276, 277, -1,
      231, 277, 271, -1,
      278, 279, 231, -1,
      231, 279, 280, -1,
      231, 280, 265, -1,
      263, 281, 264, -1,
      264, 281, 282, -1,
      264, 282, 231, -1,
      231, 282, 283, -1,
      231, 283, 250, -1,
      253, 284, 231, -1,
      231, 284, 285, -1,
      231, 285, 256, -1,
      286, 287, 266, -1,
      266, 287, 288, -1,
      266, 288, 231, -1,
      231, 288, 289, -1,
      231, 289, 272, -1,
      261, 290, 256, -1,
      256, 290, 291, -1,
      256, 291, 231, -1,
      231, 291, 292, -1,
      231, 292, 278, -1,
      293, 294, 295, -1,
      295, 294, 296, -1,
      295, 296, 297, -1,
      297, 296, 298, -1,
      297, 298, 264, -1,
      264, 298, 299, -1,
      264, 299, 262, -1,
      300, 301, 302, -1,
      302, 301, 303, -1,
      302, 303, 304, -1,
      304, 303, 305, -1,
      304, 305, 266, -1,
      266, 305, 306, -1,
      266, 306, 286, -1,
    ]
  }
}

Shape {
  appearance Appearance {
    material Material {
      diffuseColor 0.9490 0.7608 0.1804
      specularColor 0.7608 0.6078 0.1451
      ambientIntensity 0.2
      transparency 0.0000
      shininess 0.5
    }
  }
  geometry IndexedFaceSet {
    ccw TRUE
    solid FALSE
    coord DEF co Coordinate {
      point [
        -1.220472 -0.273622 1.771654,
        -1.220472 -0.273622 1.692913,
        -1.259843 -0.273622 1.771654,
        -1.259843 -0.273622 1.692913,
        -1.535433 -0.273622 1.692913,
        -1.535433 -0.273622 1.771654,
        -1.496063 -0.273622 1.692913,
        -1.496063 -0.273622 1.771654,
        -0.236220 -0.273622 1.771654,
        -0.236220 -0.273622 1.692913,
        -0.275591 -0.273622 1.771654,
        -0.275591 -0.273622 1.692913,
        -0.551181 -0.273622 1.692913,
        -0.551181 -0.273622 1.771654,
        -0.511811 -0.273622 1.692913,
        -0.511811 -0.273622 1.771654,
        0.551181 -0.273622 1.771654,
        0.551181 -0.273622 1.692913,
        0.511811 -0.273622 1.771654,
        0.511811 -0.273622 1.692913,
        1.535433 -0.273622 1.771654,
        1.535433 -0.273622 1.692913,
        1.496063 -0.273622 1.771654,
        1.496063 -0.273622 1.692913,
      ]
    }
    coordIndex [
      0, 1, 2, -1,
      2, 1, 3, -1,
      4, 5, 6, -1,
      6, 5, 7, -1,
      8, 9, 10, -1,
      10, 9, 11, -1,
      12, 13, 14, -1,
      14, 13, 15, -1,
      16, 17, 18, -1,
      18, 17, 19, -1,
      20, 21, 22, -1,
      22, 21, 23, -1,
    ]
  }
}

Shape {
  appearance Appearance {
    material Material {
      diffuseColor 1.0000 1.0000 1.0000
      specularColor 0.3020 0.3020 0.3020
      ambientIntensity 0.2
      transparency 0.0000
      shininess 0.5
    }
  }
  geometry IndexedFaceSet {
    ccw TRUE
    solid FALSE
    coord DEF co Coordinate {
      point [
        -2.401575 -1.653543 0.314961,
        2.401575 -1.653543 0.314961,
        -1.574803 -5.000000 1.456693,
        -1.181102 -5.000000 1.456693,
        -0.196850 -5.000000 1.456693,
        0.196850 -5.000000 1.456693,
        0.590551 -5.000000 1.456693,
        -0.590551 -5.000000 1.456693,
        1.574803 -5.000000 1.456693,
        1.181102 -5.000000 1.456693,
        -1.574803 -5.000000 1.830709,
        -1.535433 -5.000000 1.771654,
        -1.535433 -5.000000 1.692913,
        -1.220472 -5.000000 1.771654,
        -1.181102 -5.000000 1.830709,
        -1.220472 -5.000000 1.692913,
        -0.590551 -5.000000 1.830709,
        -0.551181 -5.000000 1.771654,
        -0.551181 -5.000000 1.692913,
        -0.236220 -5.000000 1.771654,
        -0.196850 -5.000000 1.830709,
        -0.236220 -5.000000 1.692913,
        0.196850 -5.000000 1.830709,
        0.236220 -5.000000 1.771654,
        0.236220 -5.000000 1.692913,
        0.551181 -5.000000 1.771654,
        0.590551 -5.000000 1.830709,
        0.551181 -5.000000 1.692913,
        1.181102 -5.000000 1.830709,
        1.220472 -5.000000 1.771654,
        1.220472 -5.000000 1.692913,
        1.535433 -5.000000 1.771654,
        1.574803 -5.000000 1.830709,
        1.535433 -5.000000 1.692913,
        -2.476378 -1.653543 0.329727,
        -2.476378 0.116142 0.329727,
        -2.476378 -1.653543 0.078740,
        -2.476378 0.116142 0.078740,
        -1.841159 0.116142 0.000000,
        -1.841159 -1.653543 0.000000,
        -2.077380 0.116142 0.000000,
        -2.077380 -1.653543 0.000000,
        -0.678526 0.116142 0.000000,
        -0.678526 -1.653543 0.000000,
        -0.914746 0.116142 0.000000,
        -0.914746 -1.653543 0.000000,
        -0.472441 -2.834646 0.078740,
        -0.472441 -2.834646 0.148849,
        -0.472441 -1.653543 0.078740,
        -0.472441 -2.244094 0.307087,
        -0.472441 -1.653543 0.307087,
        -0.536113 0.116142 0.314961,
        -0.536113 -0.116142 0.314961,
        -0.536113 0.116142 0.078740,
        -0.536113 -0.116142 0.078740,
        -0.260523 -0.116142 0.314961,
        -0.260523 -0.116142 0.078740,
        -0.260523 0.116142 0.314961,
        -0.260523 0.116142 0.078740,
        2.476378 0.116142 0.329727,
        2.476378 -1.653543 0.329727,
        2.476378 0.116142 0.078740,
        2.476378 -1.653543 0.078740,
        0.118110 0.116142 0.000000,
        0.118110 -2.834646 0.000000,
        -0.118110 0.116142 0.000000,
        -0.118110 -2.834646 0.000000,
        0.914746 0.116142 0.000000,
        0.914746 -1.653543 0.000000,
        0.678526 0.116142 0.000000,
        0.678526 -1.653543 0.000000,
        1.240157 0.116142 0.314961,
        1.240157 -0.116142 0.314961,
        1.240157 0.116142 0.078740,
        1.240157 -0.116142 0.078740,
        1.515748 -0.116142 0.314961,
        1.515748 -0.116142 0.078740,
        1.515748 0.116142 0.314961,
        1.515748 0.116142 0.078740,
        -0.914746 0.116142 0.078740,
        -1.240157 0.116142 0.078740,
        -1.240157 0.116142 0.314961,
        -0.678526 0.116142 0.078740,
        -1.841159 0.116142 0.078740,
        -2.480315 0.116142 0.331394,
        -2.480315 0.116142 1.889764,
        -1.515748 0.116142 0.314961,
        -1.515748 0.116142 0.078740,
        -1.889764 0.116142 0.314961,
        -2.077380 0.116142 0.078740,
        -1.889764 0.116142 2.362205,
        -2.204724 0.116142 2.362205,
        -2.480315 0.116142 2.362205,
        0.678526 0.116142 0.078740,
        0.536113 0.116142 0.078740,
        0.536113 0.116142 0.314961,
        0.914746 0.116142 0.078740,
        -0.118110 0.116142 0.078740,
        0.260523 0.116142 0.314961,
        0.260523 0.116142 0.078740,
        0.118110 0.116142 0.078740,
        -0.678526 -1.653543 0.078740,
        -2.077380 -1.653543 0.078740,
        -0.914746 -1.653543 0.078740,
        -1.841159 -1.653543 0.078740,
        -2.452524 -1.653543 0.321668,
        0.472441 -1.653543 0.307087,
        0.472441 -1.653543 0.078740,
        0.678526 -1.653543 0.078740,
        0.914746 -1.653543 0.078740,
        2.452524 -1.653543 0.321668,
        1.841159 -1.653543 0.078740,
        1.841159 -1.653543 0.000000,
        2.077380 -1.653543 -0.000000,
        2.077380 -1.653543 0.078740,
      ]
    }
    coordIndex [
      10, 11, 12, -1,
      11, 10, 13, -1,
      13, 10, 14, -1,
      13, 14, 15, -1,
      15, 14, 3, -1,
      15, 3, 12, -1,
      12, 3, 2, -1,
      12, 2, 10, -1,
      16, 17, 18, -1,
      17, 16, 19, -1,
      19, 16, 20, -1,
      19, 20, 21, -1,
      21, 20, 4, -1,
      21, 4, 18, -1,
      18, 4, 7, -1,
      18, 7, 16, -1,
      22, 23, 24, -1,
      23, 22, 25, -1,
      25, 22, 26, -1,
      25, 26, 27, -1,
      27, 26, 6, -1,
      27, 6, 24, -1,
      24, 6, 5, -1,
      24, 5, 22, -1,
      28, 29, 30, -1,
      29, 28, 31, -1,
      31, 28, 32, -1,
      31, 32, 33, -1,
      33, 32, 8, -1,
      33, 8, 30, -1,
      30, 8, 9, -1,
      30, 9, 28, -1,
      34, 35, 36, -1,
      36, 35, 37, -1,
      38, 39, 40, -1,
      40, 39, 41, -1,
      42, 43, 44, -1,
      44, 43, 45, -1,
      46, 47, 48, -1,
      48, 47, 49, -1,
      48, 49, 50, -1,
      51, 52, 53, -1,
      53, 52, 54, -1,
      52, 55, 54, -1,
      54, 55, 56, -1,
      55, 57, 56, -1,
      56, 57, 58, -1,
      59, 60, 61, -1,
      61, 60, 62, -1,
      63, 64, 65, -1,
      65, 64, 66, -1,
      67, 68, 69, -1,
      69, 68, 70, -1,
      71, 72, 73, -1,
      73, 72, 74, -1,
      72, 75, 74, -1,
      74, 75, 76, -1,
      75, 77, 76, -1,
      76, 77, 78, -1,
      79, 80, 81, -1,
      51, 53, 82, -1,
      42, 44, 82, -1,
      82, 44, 79, -1,
      82, 79, 51, -1,
      51, 79, 81, -1,
      83, 38, 40, -1,
      35, 84, 85, -1,
      86, 87, 88, -1,
      88, 87, 83, -1,
      88, 83, 89, -1,
      89, 83, 40, -1,
      89, 37, 88, -1,
      88, 37, 35, -1,
      88, 35, 90, -1,
      90, 35, 85, -1,
      90, 85, 91, -1,
      91, 85, 92, -1,
      93, 94, 95, -1,
      71, 73, 96, -1,
      67, 69, 96, -1,
      96, 69, 93, -1,
      96, 93, 71, -1,
      71, 93, 95, -1,
      97, 58, 57, -1,
      98, 99, 100, -1,
      63, 65, 100, -1,
      100, 65, 97, -1,
      100, 97, 98, -1,
      98, 97, 57, -1,
      101, 48, 50, -1,
      102, 41, 39, -1,
      103, 45, 43, -1,
      0, 104, 103, -1,
      39, 104, 102, -1,
      102, 104, 0, -1,
      102, 0, 36, -1,
      36, 0, 105, -1,
      36, 105, 34, -1,
      106, 107, 108, -1,
      70, 68, 108, -1,
      108, 68, 109, -1,
      43, 101, 103, -1,
      103, 101, 50, -1,
      103, 50, 0, -1,
      0, 50, 106, -1,
      0, 106, 1, -1,
      1, 106, 108, -1,
      1, 108, 110, -1,
      110, 108, 109, -1,
      110, 109, 111, -1,
      112, 113, 111, -1,
      111, 113, 114, -1,
      111, 114, 110, -1,
      110, 114, 62, -1,
      110, 62, 60, -1,
    ]
  }
}

Shape {
  appearance Appearance {
    material Material {
      diffuseColor 0.8510 0.8510 0.8510
      specularColor 0.6824 0.6824 0.6824
      ambientIntensity 0.2
      transparency 0.0000
      shininess 0.5
    }
  }
  geometry IndexedFaceSet {
    ccw TRUE
    solid FALSE
    coord DEF co Coordinate {
      point [
        -2.066929 -1.850394 2.244094,
        2.066929 -1.850394 2.244094,
        2.066929 -1.850394 1.456693,
        -2.066929 -1.850394 1.456693,
        -1.574803 -1.850394 1.456693,
        -0.196850 -1.850394 1.456693,
        0.196850 -1.850394 1.456693,
        -0.590551 -1.850394 1.456693,
        -1.181102 -1.850394 1.456693,
        1.574803 -1.850394 1.456693,
        1.181102 -1.850394 1.456693,
        0.590551 -1.850394 1.456693,
        -2.598425 0.001969 1.889764,
        -2.598425 0.118110 0.000000,
        -2.598425 0.118110 1.889764,
        -2.598425 0.001969 2.283465,
        -2.480315 -0.677165 0.000000,
        -2.480315 0.118110 0.000000,
        -2.480315 -1.850394 2.283465,
        -2.480315 -1.850394 0.511811,
        2.401575 0.001969 2.480315,
        2.204724 0.120079 2.480315,
        1.614173 0.120079 2.480315,
        2.204724 0.001969 2.480315,
        1.614173 0.001969 2.480315,
        -2.401575 0.001969 2.480315,
        -2.204724 0.001969 2.480315,
        -1.614173 0.001969 2.480315,
        -2.204724 0.120079 2.480315,
        -1.614173 0.120079 2.480315,
        0.393701 0.120079 2.480315,
        -0.393701 0.120079 2.480315,
        0.393701 0.001969 2.480315,
        -0.393701 0.001969 2.480315,
        -2.401575 -1.850394 2.362205,
        2.401575 -1.850394 2.362205,
        2.401575 -1.850394 0.433071,
        -2.401575 -1.850394 0.433071,
        -2.480315 0.116142 0.331394,
        -2.480315 0.116142 1.889764,
        -1.889764 0.116142 2.362205,
        -2.204724 0.116142 2.362205,
        2.480315 0.116142 1.889764,
        2.480315 0.118110 1.889764,
        2.480315 0.116142 0.331394,
        2.480315 0.118110 0.000000,
        2.480315 -1.456693 0.331394,
        2.480315 -0.677165 0.000000,
        2.480315 -1.456693 0.000000,
        2.204724 0.120079 2.362205,
        2.204724 0.116142 2.362205,
        1.889764 0.116142 2.362205,
        -0.393701 0.001969 2.362205,
        1.889764 -0.273622 2.362205,
        -1.889764 -0.273622 2.362205,
        -2.204724 0.120079 2.362205,
        -1.614173 0.120079 2.362205,
        -1.614173 0.001969 2.362205,
        -0.393701 0.120079 2.362205,
        0.393701 0.120079 2.362205,
        0.393701 0.001969 2.362205,
        1.614173 0.001969 2.362205,
        1.614173 0.120079 2.362205,
        -2.480315 0.118110 1.889764,
        -2.480315 -1.456693 0.331394,
        -2.480315 -1.456693 -0.000000,
        0.393701 0.238189 2.362205,
        -0.393701 0.238189 2.362205,
        -0.393701 0.234165 2.392774,
        0.393701 0.234165 2.392774,
        -0.393701 0.222365 2.421260,
        0.393701 0.222365 2.421260,
        -0.393701 0.203595 2.445721,
        0.393701 0.203595 2.445721,
        -0.393701 0.179134 2.464491,
        0.393701 0.179134 2.464491,
        -0.393701 0.150648 2.476291,
        0.393701 0.150648 2.476291,
        2.204724 0.238189 2.362205,
        1.614173 0.238189 2.362205,
        1.614173 0.234165 2.392774,
        2.204724 0.234165 2.392774,
        1.614173 0.222365 2.421260,
        2.204724 0.222365 2.421260,
        1.614173 0.203595 2.445721,
        2.204724 0.203595 2.445721,
        1.614173 0.179134 2.464491,
        2.204724 0.179134 2.464491,
        1.614173 0.150648 2.476291,
        2.204724 0.150648 2.476291,
        2.598425 0.118110 1.889764,
        2.598425 0.118110 0.000000,
        2.598425 -2.474526 0.908866,
        2.598425 -2.500000 0.905512,
        2.598425 -1.456693 0.511811,
        2.598425 -5.118110 0.511811,
        2.598425 -4.606299 0.905512,
        2.598425 -5.118110 0.649606,
        2.598425 -5.118110 2.145669,
        2.598425 -5.196850 2.145669,
        2.598425 -5.196850 0.649606,
        2.598425 -0.677165 0.000000,
        2.598425 0.001969 1.889764,
        2.598425 -1.456693 0.000000,
        2.598425 -2.404929 0.978463,
        2.598425 -2.414761 0.954724,
        2.598425 -2.430403 0.934340,
        2.598425 -2.450787 0.918698,
        2.598425 0.001969 2.283465,
        2.598425 -2.450787 1.876577,
        2.598425 -2.430403 1.860936,
        2.598425 -4.606299 1.889764,
        2.598425 -5.118110 2.283465,
        2.598425 -2.500000 1.889764,
        2.598425 -2.474526 1.886410,
        2.598425 -2.414761 1.840551,
        2.598425 -2.404929 1.816813,
        2.598425 -2.401575 1.791339,
        2.598425 -2.401575 1.003937,
        2.677165 -5.393701 0.649606,
        2.795276 -5.393701 0.649606,
        2.677165 -5.393701 2.145669,
        2.795276 -5.393701 2.145669,
        2.480315 -5.196850 0.649606,
        2.480315 -5.196850 2.145669,
        2.480315 -5.118110 2.145669,
        2.480315 -2.474526 0.908866,
        2.480315 -2.450787 0.918698,
        2.480315 -1.850394 0.511811,
        2.480315 -2.430403 0.934340,
        2.480315 -2.414761 0.954724,
        2.480315 -5.118110 0.649606,
        2.480315 -4.606299 1.889764,
        2.480315 -5.118110 0.511811,
        2.480315 -4.606299 0.905512,
        2.480315 -2.500000 0.905512,
        2.480315 -2.404929 1.816813,
        2.480315 -2.414761 1.840551,
        2.480315 -1.850394 2.283465,
        2.480315 -2.430403 1.860936,
        2.480315 -2.450787 1.876577,
        2.480315 -2.474526 1.886410,
        2.480315 -2.500000 1.889764,
        2.480315 -5.118110 2.283465,
        2.480315 -2.404929 0.978463,
        2.480315 -2.401575 1.003937,
        2.480315 -2.401575 1.791339,
        1.181102 -1.850394 0.846457,
        -0.590551 -1.850394 0.846457,
        -2.477632 -1.850394 0.491431,
        -1.574803 -1.850394 0.846457,
        -2.469766 -1.850394 0.472441,
        -2.457252 -1.850394 0.456133,
        -2.440945 -1.850394 0.443620,
        -2.421954 -1.850394 0.435754,
        -1.181102 -1.850394 0.846457,
        -2.421954 -1.850394 2.359522,
        -2.440945 -1.850394 2.351656,
        -2.457252 -1.850394 2.339142,
        -2.469766 -1.850394 2.322835,
        -2.477632 -1.850394 2.303844,
        2.477632 -1.850394 2.303844,
        0.196850 -1.850394 0.846457,
        -0.196850 -1.850394 0.846457,
        2.469766 -1.850394 2.322835,
        2.457252 -1.850394 2.339142,
        2.440945 -1.850394 2.351656,
        2.421954 -1.850394 2.359522,
        0.590551 -1.850394 0.846457,
        1.574803 -1.850394 0.846457,
        2.421954 -1.850394 0.435754,
        2.440945 -1.850394 0.443620,
        2.457252 -1.850394 0.456133,
        2.469766 -1.850394 0.472441,
        2.477632 -1.850394 0.491431,
        -2.598425 0.120079 0.000000,
        -2.480315 0.120079 -0.000000,
        -2.598425 0.120079 1.889764,
        -2.480315 0.120079 1.889764,
        -2.598425 0.238189 -0.000000,
        -2.598425 0.238189 1.889764,
        2.204724 0.238189 1.889764,
        2.598425 0.238189 1.889764,
        2.598425 0.238189 -0.000000,
        -2.204724 0.238189 2.362205,
        -1.614173 0.238189 2.362205,
        -2.204724 0.238189 1.889764,
        -1.614173 0.238189 1.889764,
        -0.393701 0.238189 1.889764,
        1.614173 0.238189 1.889764,
        0.393701 0.238189 1.889764,
        2.598425 0.120079 -0.000000,
        2.598425 0.120079 1.889764,
        2.480315 0.120079 -0.000000,
        2.480315 0.120079 1.889764,
        -2.204724 0.120079 1.889764,
        2.204724 0.120079 1.889764,
        0.393701 0.120079 1.889764,
        1.614173 0.120079 1.889764,
        -1.614173 0.120079 1.889764,
        -0.393701 0.120079 1.889764,
        -2.204724 0.234165 2.392774,
        -1.614173 0.234165 2.392774,
        -2.204724 0.222365 2.421260,
        -1.614173 0.222365 2.421260,
        -2.204724 0.203595 2.445721,
        -1.614173 0.203595 2.445721,
        -2.204724 0.179134 2.464491,
        -1.614173 0.179134 2.464491,
        -2.204724 0.150648 2.476291,
        -1.614173 0.150648 2.476291,
        2.480315 0.001969 1.889764,
        2.480315 0.001969 2.362205,
        2.591718 0.001969 2.334413,
        2.572052 0.001969 2.381890,
        2.204724 0.001969 2.362205,
        2.452524 0.001969 2.473607,
        2.500000 0.001969 2.453942,
        2.540769 0.001969 2.422659,
        -2.204724 0.001969 2.362205,
        -2.480315 0.001969 2.362205,
        -2.480315 0.001969 1.889764,
        -2.540769 0.001969 2.422659,
        -2.500000 0.001969 2.453942,
        -2.452524 0.001969 2.473607,
        -2.591718 0.001969 2.334413,
        -2.572052 0.001969 2.381890,
      ]
    }
    coordIndex [
      42, 43, 44, -1,
      44, 43, 45, -1,
      44, 45, 46, -1,
      46, 45, 47, -1,
      46, 47, 48, -1,
      49, 50, 51, -1,
      52, 53, 54, -1,
      41, 55, 40, -1,
      40, 55, 56, -1,
      40, 56, 54, -1,
      54, 56, 57, -1,
      54, 57, 52, -1,
      58, 59, 52, -1,
      52, 59, 60, -1,
      52, 60, 53, -1,
      53, 60, 61, -1,
      53, 61, 51, -1,
      51, 61, 62, -1,
      51, 62, 49, -1,
      17, 63, 38, -1,
      38, 63, 39, -1,
      17, 38, 16, -1,
      16, 38, 64, -1,
      16, 64, 65, -1,
      66, 67, 68, -1,
      66, 68, 69, -1,
      69, 68, 70, -1,
      69, 70, 71, -1,
      71, 70, 72, -1,
      71, 72, 73, -1,
      73, 72, 74, -1,
      73, 74, 75, -1,
      75, 74, 76, -1,
      75, 76, 77, -1,
      77, 76, 31, -1,
      77, 31, 30, -1,
      78, 79, 80, -1,
      78, 80, 81, -1,
      81, 80, 82, -1,
      81, 82, 83, -1,
      83, 82, 84, -1,
      83, 84, 85, -1,
      85, 84, 86, -1,
      85, 86, 87, -1,
      87, 86, 88, -1,
      87, 88, 89, -1,
      89, 88, 22, -1,
      89, 22, 21, -1,
      90, 91, 43, -1,
      43, 91, 45, -1,
      63, 17, 14, -1,
      14, 17, 13, -1,
      92, 93, 94, -1,
      94, 93, 95, -1,
      95, 93, 96, -1,
      95, 96, 97, -1,
      98, 99, 97, -1,
      97, 99, 100, -1,
      91, 90, 101, -1,
      101, 90, 102, -1,
      101, 102, 103, -1,
      103, 102, 94, -1,
      104, 105, 94, -1,
      105, 106, 94, -1,
      94, 106, 107, -1,
      94, 107, 92, -1,
      108, 109, 110, -1,
      97, 96, 98, -1,
      98, 96, 111, -1,
      98, 111, 112, -1,
      112, 111, 113, -1,
      112, 113, 108, -1,
      108, 113, 114, -1,
      108, 114, 109, -1,
      110, 115, 108, -1,
      108, 115, 116, -1,
      108, 116, 102, -1,
      102, 116, 117, -1,
      102, 117, 94, -1,
      94, 117, 118, -1,
      94, 118, 104, -1,
      119, 120, 121, -1,
      121, 120, 122, -1,
      123, 124, 125, -1,
      126, 127, 128, -1,
      128, 127, 129, -1,
      128, 129, 130, -1,
      131, 132, 133, -1,
      133, 132, 134, -1,
      133, 134, 128, -1,
      128, 134, 135, -1,
      128, 135, 126, -1,
      136, 137, 138, -1,
      138, 137, 139, -1,
      138, 139, 140, -1,
      140, 141, 138, -1,
      138, 141, 142, -1,
      138, 142, 143, -1,
      143, 142, 132, -1,
      143, 132, 125, -1,
      125, 132, 131, -1,
      125, 131, 123, -1,
      130, 144, 128, -1,
      128, 144, 145, -1,
      128, 145, 138, -1,
      138, 145, 146, -1,
      138, 146, 136, -1,
      147, 10, 11, -1,
      148, 7, 8, -1,
      19, 149, 150, -1,
      149, 151, 150, -1,
      150, 151, 152, -1,
      150, 152, 153, -1,
      153, 154, 150, -1,
      150, 154, 37, -1,
      150, 37, 155, -1,
      156, 157, 0, -1,
      0, 157, 158, -1,
      0, 158, 159, -1,
      150, 4, 19, -1,
      19, 4, 3, -1,
      19, 3, 18, -1,
      18, 3, 0, -1,
      18, 0, 160, -1,
      160, 0, 159, -1,
      2, 128, 1, -1,
      1, 128, 138, -1,
      1, 138, 161, -1,
      6, 5, 162, -1,
      162, 5, 163, -1,
      161, 164, 1, -1,
      1, 164, 165, -1,
      1, 165, 166, -1,
      166, 167, 1, -1,
      1, 167, 35, -1,
      1, 35, 0, -1,
      0, 35, 34, -1,
      0, 34, 156, -1,
      11, 168, 147, -1,
      147, 168, 36, -1,
      147, 36, 169, -1,
      169, 36, 170, -1,
      170, 171, 169, -1,
      169, 171, 172, -1,
      169, 172, 173, -1,
      8, 155, 148, -1,
      148, 155, 37, -1,
      148, 37, 163, -1,
      163, 37, 36, -1,
      163, 36, 162, -1,
      162, 36, 168, -1,
      2, 9, 128, -1,
      128, 9, 169, -1,
      128, 169, 174, -1,
      174, 169, 173, -1,
      175, 176, 177, -1,
      177, 176, 178, -1,
      179, 175, 180, -1,
      180, 175, 177, -1,
      181, 182, 183, -1,
      184, 185, 186, -1,
      186, 185, 187, -1,
      180, 186, 179, -1,
      179, 186, 187, -1,
      179, 187, 183, -1,
      183, 187, 188, -1,
      189, 79, 78, -1,
      78, 181, 189, -1,
      189, 181, 183, -1,
      189, 183, 190, -1,
      190, 183, 188, -1,
      190, 188, 66, -1,
      66, 188, 67, -1,
      191, 183, 192, -1,
      192, 183, 182, -1,
      193, 191, 194, -1,
      194, 191, 192, -1,
      195, 178, 176, -1,
      193, 194, 176, -1,
      176, 194, 196, -1,
      197, 176, 198, -1,
      198, 176, 196, -1,
      198, 196, 62, -1,
      62, 196, 49, -1,
      199, 56, 55, -1,
      55, 195, 199, -1,
      199, 195, 176, -1,
      199, 176, 200, -1,
      200, 176, 197, -1,
      200, 197, 58, -1,
      58, 197, 59, -1,
      185, 184, 201, -1,
      185, 201, 202, -1,
      202, 201, 203, -1,
      202, 203, 204, -1,
      204, 203, 205, -1,
      204, 205, 206, -1,
      206, 205, 207, -1,
      206, 207, 208, -1,
      208, 207, 209, -1,
      208, 209, 210, -1,
      210, 209, 28, -1,
      210, 28, 29, -1,
      176, 175, 179, -1,
      176, 179, 193, -1,
      193, 179, 183, -1,
      193, 183, 191, -1,
      24, 61, 32, -1,
      32, 61, 60, -1,
      61, 24, 62, -1,
      62, 24, 22, -1,
      62, 22, 88, -1,
      189, 198, 79, -1,
      79, 198, 62, -1,
      79, 62, 80, -1,
      80, 62, 82, -1,
      88, 86, 62, -1,
      62, 86, 84, -1,
      62, 84, 82, -1,
      32, 60, 30, -1,
      30, 60, 59, -1,
      197, 190, 59, -1,
      59, 190, 66, -1,
      73, 75, 59, -1,
      59, 75, 77, -1,
      59, 77, 30, -1,
      66, 69, 59, -1,
      59, 69, 71, -1,
      59, 71, 73, -1,
      198, 189, 197, -1,
      197, 189, 190, -1,
      102, 211, 108, -1,
      108, 211, 212, -1,
      108, 212, 213, -1,
      213, 212, 214, -1,
      215, 23, 212, -1,
      212, 23, 20, -1,
      212, 20, 216, -1,
      216, 217, 212, -1,
      212, 217, 218, -1,
      212, 218, 214, -1,
      196, 181, 49, -1,
      49, 181, 78, -1,
      23, 215, 21, -1,
      21, 215, 50, -1,
      21, 50, 89, -1,
      89, 50, 49, -1,
      89, 49, 87, -1,
      87, 49, 85, -1,
      78, 81, 49, -1,
      49, 81, 83, -1,
      49, 83, 85, -1,
      211, 102, 42, -1,
      42, 102, 90, -1,
      42, 90, 43, -1,
      181, 196, 182, -1,
      182, 196, 194, -1,
      182, 194, 192, -1,
      33, 52, 27, -1,
      27, 52, 57, -1,
      188, 200, 67, -1,
      67, 200, 58, -1,
      67, 58, 68, -1,
      68, 58, 70, -1,
      52, 33, 58, -1,
      58, 33, 31, -1,
      58, 31, 76, -1,
      76, 74, 58, -1,
      58, 74, 72, -1,
      58, 72, 70, -1,
      27, 57, 29, -1,
      29, 57, 56, -1,
      199, 187, 56, -1,
      56, 187, 185, -1,
      206, 208, 56, -1,
      56, 208, 210, -1,
      56, 210, 29, -1,
      185, 202, 56, -1,
      56, 202, 204, -1,
      56, 204, 206, -1,
      199, 200, 187, -1,
      187, 200, 188, -1,
      26, 219, 25, -1,
      25, 219, 220, -1,
      221, 12, 220, -1,
      220, 12, 15, -1,
      222, 223, 220, -1,
      220, 223, 224, -1,
      220, 224, 25, -1,
      15, 225, 220, -1,
      220, 225, 226, -1,
      220, 226, 222, -1,
      63, 14, 39, -1,
      39, 14, 12, -1,
      39, 12, 221, -1,
      207, 205, 55, -1,
      55, 205, 203, -1,
      186, 195, 184, -1,
      184, 195, 55, -1,
      184, 55, 201, -1,
      201, 55, 203, -1,
      219, 26, 41, -1,
      41, 26, 28, -1,
      41, 28, 55, -1,
      55, 28, 209, -1,
      55, 209, 207, -1,
      195, 186, 178, -1,
      178, 186, 180, -1,
      178, 180, 177, -1,
    ]
  }
}

Shape {
  appearance Appearance {
    material Material {
      diffuseColor 1.0000 1.0000 1.0000
      specularColor 0.3020 0.3020 0.3020
      ambientIntensity 0.2
      transparency 0.0000
      shininess 0.5
    }
  }
  geometry IndexedFaceSet {
    ccw TRUE
    solid FALSE
    coord DEF co Coordinate {
      point [
        -1.574803 -1.850394 1.456693,
        -1.574803 -5.000000 1.456693,
        -1.181102 -5.000000 1.456693,
        -0.196850 -5.000000 1.456693,
        -0.196850 -1.850394 1.456693,
        0.196850 -1.850394 1.456693,
        0.196850 -5.000000 1.456693,
        0.590551 -5.000000 1.456693,
        -0.590551 -5.000000 1.456693,
        -0.590551 -1.850394 1.456693,
        -1.181102 -1.850394 1.456693,
        1.574803 -1.850394 1.456693,
        1.574803 -5.000000 1.456693,
        1.181102 -5.000000 1.456693,
        1.181102 -1.850394 1.456693,
        0.590551 -1.850394 1.456693,
        -1.574803 -5.000000 1.830709,
        -1.181102 -5.000000 1.830709,
        -0.590551 -5.000000 1.830709,
        -0.196850 -5.000000 1.830709,
        0.196850 -5.000000 1.830709,
        0.590551 -5.000000 1.830709,
        1.181102 -5.000000 1.830709,
        1.574803 -5.000000 1.830709,
        -2.476378 -1.653543 0.078740,
        -2.476378 0.116142 0.078740,
        -1.841159 0.116142 0.000000,
        -1.841159 -1.653543 0.000000,
        -2.077380 0.116142 0.000000,
        -2.077380 -1.653543 0.000000,
        -0.678526 0.116142 0.000000,
        -0.678526 -1.653543 0.000000,
        -0.914746 0.116142 0.000000,
        -0.914746 -1.653543 0.000000,
        -0.472441 -2.834646 0.078740,
        -0.472441 -2.834646 0.148849,
        -0.472441 -1.653543 0.078740,
        -0.472441 -2.244094 0.307087,
        -0.472441 -1.653543 0.307087,
        -0.536113 0.116142 0.314961,
        -0.536113 -0.116142 0.314961,
        -0.536113 0.116142 0.078740,
        -0.536113 -0.116142 0.078740,
        -0.260523 -0.116142 0.314961,
        -0.260523 -0.116142 0.078740,
        -0.260523 0.116142 0.314961,
        -0.260523 0.116142 0.078740,
        2.476378 0.116142 0.329727,
        2.476378 0.116142 0.078740,
        2.476378 -1.653543 0.078740,
        0.118110 0.116142 0.000000,
        0.118110 -2.834646 0.000000,
        -0.118110 0.116142 0.000000,
        -0.118110 -2.834646 0.000000,
        0.914746 0.116142 0.000000,
        0.914746 -1.653543 0.000000,
        0.678526 0.116142 0.000000,
        0.678526 -1.653543 0.000000,
        1.240157 0.116142 0.314961,
        1.240157 -0.116142 0.314961,
        1.240157 0.116142 0.078740,
        1.240157 -0.116142 0.078740,
        1.515748 -0.116142 0.314961,
        1.515748 -0.116142 0.078740,
        1.515748 0.116142 0.314961,
        1.515748 0.116142 0.078740,
        -0.914746 0.116142 0.078740,
        -1.240157 0.116142 0.078740,
        -1.240157 0.116142 0.314961,
        -0.678526 0.116142 0.078740,
        -1.841159 0.116142 0.078740,
        -2.480315 0.116142 1.889764,
        -1.515748 0.116142 0.314961,
        -1.515748 0.116142 0.078740,
        -1.889764 0.116142 0.314961,
        -2.077380 0.116142 0.078740,
        -1.889764 0.116142 2.362205,
        -2.204724 0.116142 2.362205,
        -2.480315 0.116142 2.362205,
        0.678526 0.116142 0.078740,
        0.536113 0.116142 0.078740,
        0.536113 0.116142 0.314961,
        0.914746 0.116142 0.078740,
        -0.118110 0.116142 0.078740,
        0.260523 0.116142 0.314961,
        0.260523 0.116142 0.078740,
        0.118110 0.116142 0.078740,
        -0.678526 -1.653543 0.078740,
        -2.077380 -1.653543 0.078740,
        -0.914746 -1.653543 0.078740,
        -1.841159 -1.653543 0.078740,
        0.472441 -1.653543 0.307087,
        0.472441 -1.653543 0.078740,
        0.678526 -1.653543 0.078740,
        0.914746 -1.653543 0.078740,
        1.841159 -1.653543 0.078740,
        1.841159 -1.653543 0.000000,
        2.077380 -1.653543 -0.000000,
        2.077380 -1.653543 0.078740,
        2.480315 0.116142 1.889764,
        2.480315 0.116142 0.331394,
        2.204724 0.116142 2.362205,
        1.889764 0.116142 2.362205,
        1.889764 -0.273622 2.362205,
        -1.889764 -0.273622 2.362205,
        1.181102 -1.850394 0.846457,
        -0.590551 -1.850394 0.846457,
        -1.574803 -1.850394 0.846457,
        -1.181102 -1.850394 0.846457,
        0.196850 -1.850394 0.846457,
        -0.196850 -1.850394 0.846457,
        0.590551 -1.850394 0.846457,
        1.574803 -1.850394 0.846457,
        2.480315 0.001969 1.889764,
        2.480315 0.001969 2.362205,
        2.204724 0.001969 2.362205,
        -2.204724 0.001969 2.362205,
        -2.480315 0.001969 2.362205,
        -2.480315 0.001969 1.889764,
        1.574803 -0.273622 0.846457,
        1.181102 -0.273622 0.846457,
        1.574803 -0.273622 1.830709,
        1.181102 -0.273622 1.830709,
        0.590551 -0.273622 1.830709,
        0.590551 -0.273622 0.846457,
        0.196850 -0.273622 1.830709,
        0.196850 -0.273622 0.846457,
        -1.181102 -0.273622 1.830709,
        -1.181102 -0.273622 0.846457,
        -1.574803 -0.273622 1.830709,
        -1.574803 -0.273622 0.846457,
        -0.196850 -0.273622 1.830709,
        -0.196850 -0.273622 0.846457,
        -0.590551 -0.273622 1.830709,
        -0.590551 -0.273622 0.846457,
        2.480315 0.116142 2.362205,
        1.841159 0.116142 0.000000,
        1.841159 0.116142 0.078740,
        2.077380 0.116142 0.000000,
        2.077380 0.116142 0.078740,
        1.889764 0.116142 0.314961,
        -1.889764 -0.273622 0.314961,
        1.889764 -0.273622 0.314961,
        0.260523 -0.116142 0.314961,
        0.536113 -0.116142 0.314961,
        -1.515748 -0.116142 0.314961,
        -1.240157 -0.116142 0.314961,
        0.472441 -2.834646 0.148849,
        0.472441 -2.834646 0.078740,
        0.472441 -2.244094 0.307087,
        -0.118110 -2.834646 0.078740,
        0.118110 -2.834646 0.078740,
        0.260523 -0.116142 0.078740,
        0.536113 -0.116142 0.078740,
        -1.515748 -0.116142 0.078740,
        -1.240157 -0.116142 0.078740,
      ]
    }
    coordIndex [
      119, 120, 112, -1,
      112, 120, 105, -1,
      12, 23, 11, -1,
      11, 23, 121, -1,
      11, 121, 112, -1,
      112, 121, 119, -1,
      121, 23, 122, -1,
      122, 23, 22, -1,
      22, 13, 14, -1,
      105, 120, 14, -1,
      14, 120, 122, -1,
      14, 122, 22, -1,
      7, 21, 15, -1,
      15, 21, 123, -1,
      15, 123, 111, -1,
      111, 123, 124, -1,
      123, 21, 125, -1,
      125, 21, 20, -1,
      20, 6, 5, -1,
      109, 126, 5, -1,
      5, 126, 125, -1,
      5, 125, 20, -1,
      124, 126, 111, -1,
      111, 126, 109, -1,
      2, 17, 10, -1,
      10, 17, 127, -1,
      10, 127, 108, -1,
      108, 127, 128, -1,
      127, 17, 129, -1,
      129, 17, 16, -1,
      16, 1, 0, -1,
      107, 130, 0, -1,
      0, 130, 129, -1,
      0, 129, 16, -1,
      128, 130, 108, -1,
      108, 130, 107, -1,
      3, 19, 4, -1,
      4, 19, 131, -1,
      4, 131, 110, -1,
      110, 131, 132, -1,
      131, 19, 133, -1,
      133, 19, 18, -1,
      18, 8, 9, -1,
      106, 134, 9, -1,
      9, 134, 133, -1,
      9, 133, 18, -1,
      132, 134, 110, -1,
      110, 134, 106, -1,
      113, 99, 114, -1,
      114, 99, 135, -1,
      117, 78, 118, -1,
      118, 78, 71, -1,
      135, 101, 114, -1,
      114, 101, 115, -1,
      77, 78, 116, -1,
      116, 78, 117, -1,
      99, 100, 47, -1,
      136, 137, 138, -1,
      138, 137, 139, -1,
      65, 64, 137, -1,
      137, 64, 140, -1,
      137, 140, 139, -1,
      139, 140, 47, -1,
      139, 47, 48, -1,
      135, 99, 101, -1,
      101, 99, 47, -1,
      101, 47, 102, -1,
      102, 47, 140, -1,
      76, 104, 74, -1,
      74, 104, 141, -1,
      103, 127, 104, -1,
      104, 127, 129, -1,
      104, 129, 141, -1,
      141, 129, 130, -1,
      141, 130, 128, -1,
      141, 120, 142, -1,
      142, 120, 119, -1,
      142, 119, 103, -1,
      103, 119, 121, -1,
      103, 121, 122, -1,
      125, 103, 123, -1,
      123, 103, 122, -1,
      123, 122, 124, -1,
      132, 141, 134, -1,
      134, 141, 128, -1,
      134, 128, 133, -1,
      128, 127, 133, -1,
      133, 127, 103, -1,
      133, 103, 131, -1,
      131, 103, 125, -1,
      131, 125, 132, -1,
      132, 125, 126, -1,
      132, 126, 141, -1,
      141, 126, 124, -1,
      141, 124, 120, -1,
      120, 124, 122, -1,
      103, 102, 142, -1,
      142, 102, 140, -1,
      140, 64, 142, -1,
      142, 64, 62, -1,
      142, 62, 59, -1,
      84, 45, 143, -1,
      143, 45, 43, -1,
      58, 81, 59, -1,
      59, 81, 144, -1,
      59, 144, 142, -1,
      142, 144, 143, -1,
      142, 143, 141, -1,
      141, 143, 43, -1,
      141, 43, 40, -1,
      72, 74, 145, -1,
      145, 74, 141, -1,
      145, 141, 146, -1,
      146, 141, 40, -1,
      146, 40, 68, -1,
      68, 40, 39, -1,
      96, 136, 97, -1,
      97, 136, 138, -1,
      147, 148, 149, -1,
      149, 148, 92, -1,
      149, 92, 91, -1,
      149, 91, 37, -1,
      37, 91, 38, -1,
      147, 35, 150, -1,
      150, 35, 34, -1,
      148, 147, 151, -1,
      151, 147, 150, -1,
      151, 150, 51, -1,
      51, 150, 53, -1,
      85, 84, 152, -1,
      152, 84, 143, -1,
      152, 143, 153, -1,
      153, 143, 144, -1,
      153, 144, 80, -1,
      80, 144, 81, -1,
      73, 72, 154, -1,
      154, 72, 145, -1,
      154, 145, 155, -1,
      155, 145, 146, -1,
      155, 146, 67, -1,
      67, 146, 68, -1,
      82, 60, 61, -1,
      65, 137, 63, -1,
      63, 137, 95, -1,
      63, 95, 61, -1,
      61, 95, 94, -1,
      61, 94, 82, -1,
      82, 94, 54, -1,
      54, 94, 55, -1,
      95, 137, 96, -1,
      96, 137, 136, -1,
      56, 57, 79, -1,
      79, 57, 93, -1,
      151, 86, 152, -1,
      152, 86, 85, -1,
      148, 151, 92, -1,
      92, 151, 152, -1,
      92, 152, 93, -1,
      93, 152, 153, -1,
      93, 153, 79, -1,
      79, 153, 80, -1,
      86, 151, 50, -1,
      50, 151, 51, -1,
      139, 98, 138, -1,
      138, 98, 97, -1,
      98, 139, 49, -1,
      49, 139, 48, -1,
      69, 87, 30, -1,
      30, 87, 31, -1,
      44, 46, 83, -1,
      69, 41, 42, -1,
      150, 34, 36, -1,
      83, 150, 44, -1,
      44, 150, 36, -1,
      44, 36, 42, -1,
      42, 36, 87, -1,
      42, 87, 69, -1,
      150, 83, 53, -1,
      53, 83, 52, -1,
      70, 73, 154, -1,
      67, 66, 155, -1,
      155, 66, 89, -1,
      155, 89, 154, -1,
      154, 89, 90, -1,
      154, 90, 70, -1,
      70, 90, 26, -1,
      26, 90, 27, -1,
      89, 66, 33, -1,
      33, 66, 32, -1,
      88, 75, 29, -1,
      29, 75, 28, -1,
      88, 24, 75, -1,
      75, 24, 25, -1,
    ]
  }
}

Shape {
  appearance Appearance {
    material Material {
      diffuseColor 0.9490 0.7608 0.1804
      specularColor 0.7608 0.6078 0.1451
      ambientIntensity 0.2
      transparency 0.0000
      shininess 0.5
    }
  }
  geometry IndexedFaceSet {
    ccw TRUE
    solid FALSE
    coord DEF co Coordinate {
      point [
        -1.220472 -0.273622 1.771654,
        -1.220472 -0.273622 1.692913,
        -1.259843 -0.273622 1.771654,
        -1.259843 -0.273622 1.692913,
        -1.535433 -0.273622 1.692913,
        -1.535433 -0.273622 1.771654,
        -1.496063 -0.273622 1.692913,
        -1.496063 -0.273622 1.771654,
        -0.236220 -0.273622 1.771654,
        -0.236220 -0.273622 1.692913,
        -0.275591 -0.273622 1.771654,
        -0.275591 -0.273622 1.692913,
        -0.551181 -0.273622 1.692913,
        -0.551181 -0.273622 1.771654,
        -0.511811 -0.273622 1.692913,
        -0.511811 -0.273622 1.771654,
        0.551181 -0.273622 1.771654,
        0.551181 -0.273622 1.692913,
        0.511811 -0.273622 1.771654,
        0.511811 -0.273622 1.692913,
        1.535433 -0.273622 1.771654,
        1.535433 -0.273622 1.692913,
        1.496063 -0.273622 1.771654,
        1.496063 -0.273622 1.692913,
        -1.535433 -5.000000 1.771654,
        -1.535433 -5.000000 1.692913,
        -1.220472 -5.000000 1.771654,
        -1.220472 -5.000000 1.692913,
        -0.551181 -5.000000 1.771654,
        -0.551181 -5.000000 1.692913,
        -0.236220 -5.000000 1.771654,
        -0.236220 -5.000000 1.692913,
        0.236220 -5.000000 1.771654,
        0.236220 -5.000000 1.692913,
        0.551181 -5.000000 1.771654,
        0.551181 -5.000000 1.692913,
        1.220472 -5.000000 1.771654,
        1.220472 -5.000000 1.692913,
        1.535433 -5.000000 1.771654,
        1.535433 -5.000000 1.692913,
        1.220472 -1.715744 1.692913,
        1.220472 -0.273622 1.692913,
        1.535433 -1.715744 1.692913,
        1.259843 -0.273622 1.692913,
        1.496063 -0.098425 1.692913,
        1.259843 -0.098425 1.692913,
        1.220472 -0.273622 1.771654,
        1.220472 -1.715744 1.771654,
        1.535433 -1.715744 1.771654,
        1.259843 -0.273622 1.771654,
        1.259843 -0.098425 1.771654,
        1.496063 -0.098425 1.771654,
        1.535433 -1.742022 1.690706,
        1.220472 -1.742022 1.690706,
        1.220472 -1.755160 1.768342,
        1.535433 -1.755160 1.768342,
        1.220472 -4.227296 1.270121,
        1.535433 -4.227296 1.270121,
        1.220472 -4.240434 1.347757,
        1.535433 -4.240434 1.347757,
        1.535433 -4.262606 1.267730,
        1.220472 -4.262606 1.267730,
        1.535433 -4.297687 1.272406,
        1.220472 -4.297687 1.272406,
        1.535433 -4.331139 1.283961,
        1.220472 -4.331139 1.283961,
        1.535433 -4.361626 1.301935,
        1.220472 -4.361626 1.301935,
        1.220472 -4.260051 1.346429,
        1.220472 -4.279541 1.349027,
        1.220472 -4.298125 1.355446,
        1.220472 -4.315062 1.365432,
        1.535433 -4.315062 1.365432,
        1.535433 -4.298125 1.355446,
        1.535433 -4.279541 1.349027,
        1.535433 -4.260051 1.346429,
        1.220472 -4.894778 1.692913,
        1.535433 -4.894778 1.692913,
        1.220472 -4.848214 1.756410,
        1.535433 -4.848214 1.756410,
        1.220472 -4.894778 1.771654,
        1.220472 -4.878294 1.769909,
        1.220472 -4.862540 1.764751,
        1.535433 -4.862540 1.764751,
        1.535433 -4.878294 1.769909,
        1.535433 -4.894778 1.771654,
        0.236220 -1.715744 1.692913,
        0.236220 -0.273622 1.692913,
        0.551181 -1.715744 1.692913,
        0.275591 -0.273622 1.692913,
        0.511811 -0.098425 1.692913,
        0.275591 -0.098425 1.692913,
        0.236220 -0.273622 1.771654,
        0.236220 -1.715744 1.771654,
        0.551181 -1.715744 1.771654,
        0.275591 -0.273622 1.771654,
        0.275591 -0.098425 1.771654,
        0.511811 -0.098425 1.771654,
        0.551181 -1.742022 1.690706,
        0.236220 -1.742022 1.690706,
        0.236220 -1.755160 1.768342,
        0.551181 -1.755160 1.768342,
        0.236220 -4.227296 1.270121,
        0.551181 -4.227296 1.270121,
        0.236220 -4.240434 1.347757,
        0.551181 -4.240434 1.347757,
        0.551181 -4.262606 1.267730,
        0.236220 -4.262606 1.267730,
        0.551181 -4.297687 1.272406,
        0.236220 -4.297687 1.272406,
        0.551181 -4.331139 1.283961,
        0.236220 -4.331139 1.283961,
        0.551181 -4.361626 1.301935,
        0.236220 -4.361626 1.301935,
        0.236220 -4.260051 1.346429,
        0.236220 -4.279541 1.349027,
        0.236220 -4.298125 1.355446,
        0.236220 -4.315062 1.365432,
        0.551181 -4.315062 1.365432,
        0.551181 -4.298125 1.355446,
        0.551181 -4.279541 1.349027,
        0.551181 -4.260051 1.346429,
        0.236220 -4.894778 1.692913,
        0.551181 -4.894778 1.692913,
        0.236220 -4.848214 1.756410,
        0.551181 -4.848214 1.756410,
        0.236220 -4.894778 1.771654,
        0.236220 -4.878294 1.769909,
        0.236220 -4.862540 1.764751,
        0.551181 -4.862540 1.764751,
        0.551181 -4.878294 1.769909,
        0.551181 -4.894778 1.771654,
        -0.551181 -1.715744 1.692913,
        -0.236220 -1.715744 1.692913,
        -0.275591 -0.098425 1.692913,
        -0.511811 -0.098425 1.692913,
        -0.551181 -1.715744 1.771654,
        -0.236220 -1.715744 1.771654,
        -0.511811 -0.098425 1.771654,
        -0.275591 -0.098425 1.771654,
        -0.236220 -1.742022 1.690706,
        -0.551181 -1.742022 1.690706,
        -0.551181 -1.755160 1.768342,
        -0.236220 -1.755160 1.768342,
        -0.551181 -4.227296 1.270121,
        -0.236220 -4.227296 1.270121,
        -0.551181 -4.240434 1.347757,
        -0.236220 -4.240434 1.347757,
        -0.236220 -4.262606 1.267730,
        -0.551181 -4.262606 1.267730,
        -0.236220 -4.297687 1.272406,
        -0.551181 -4.297687 1.272406,
        -0.236220 -4.331139 1.283961,
        -0.551181 -4.331139 1.283961,
        -0.236220 -4.361626 1.301935,
        -0.551181 -4.361626 1.301935,
        -0.551181 -4.260051 1.346429,
        -0.551181 -4.279541 1.349027,
        -0.551181 -4.298125 1.355446,
        -0.551181 -4.315062 1.365432,
        -0.236220 -4.315062 1.365432,
        -0.236220 -4.298125 1.355446,
        -0.236220 -4.279541 1.349027,
        -0.236220 -4.260051 1.346429,
        -0.551181 -4.894778 1.692913,
        -0.236220 -4.894778 1.692913,
        -0.551181 -4.848214 1.756410,
        -0.236220 -4.848214 1.756410,
        -0.551181 -4.894778 1.771654,
        -0.551181 -4.878294 1.769909,
        -0.551181 -4.862540 1.764751,
        -0.236220 -4.862540 1.764751,
        -0.236220 -4.878294 1.769909,
        -0.236220 -4.894778 1.771654,
        -1.535433 -1.715744 1.692913,
        -1.220472 -1.715744 1.692913,
        -1.259843 -0.098425 1.692913,
        -1.496063 -0.098425 1.692913,
        -1.535433 -1.715744 1.771654,
        -1.220472 -1.715744 1.771654,
        -1.496063 -0.098425 1.771654,
        -1.259843 -0.098425 1.771654,
        -1.220472 -1.742022 1.690706,
        -1.535433 -1.742022 1.690706,
        -1.535433 -1.755160 1.768342,
        -1.220472 -1.755160 1.768342,
        -1.535433 -4.227296 1.270121,
        -1.220472 -4.227296 1.270121,
        -1.535433 -4.240434 1.347757,
        -1.220472 -4.240434 1.347757,
        -1.220472 -4.262606 1.267730,
        -1.535433 -4.262606 1.267730,
        -1.220472 -4.297687 1.272406,
        -1.535433 -4.297687 1.272406,
        -1.220472 -4.331139 1.283961,
        -1.535433 -4.331139 1.283961,
        -1.220472 -4.361626 1.301935,
        -1.535433 -4.361626 1.301935,
        -1.535433 -4.260051 1.346429,
        -1.535433 -4.279541 1.349027,
        -1.535433 -4.298125 1.355446,
        -1.535433 -4.315062 1.365432,
        -1.220472 -4.315062 1.365432,
        -1.220472 -4.298125 1.355446,
        -1.220472 -4.279541 1.349027,
        -1.220472 -4.260051 1.346429,
        -1.535433 -4.894778 1.692913,
        -1.220472 -4.894778 1.692913,
        -1.535433 -4.848214 1.756410,
        -1.220472 -4.848214 1.756410,
        -1.535433 -4.894778 1.771654,
        -1.535433 -4.878294 1.769909,
        -1.535433 -4.862540 1.764751,
        -1.220472 -4.862540 1.764751,
        -1.220472 -4.878294 1.769909,
        -1.220472 -4.894778 1.771654,
        1.259843 -0.039370 -1.259843,
        1.496063 -0.039370 -1.259843,
        1.259843 -0.039370 1.633858,
        1.496063 -0.039370 1.633858,
        1.259843 0.039370 -1.259843,
        1.259843 0.039370 1.633858,
        1.496063 0.039370 -1.259843,
        1.496063 0.039370 1.633858,
        1.496063 -0.083141 1.690901,
        1.259843 -0.083141 1.690901,
        1.496063 -0.068898 1.685001,
        1.259843 -0.068898 1.685001,
        1.496063 -0.056667 1.675617,
        1.259843 -0.056667 1.675617,
        1.496063 -0.047282 1.663386,
        1.259843 -0.047282 1.663386,
        1.496063 -0.041382 1.649143,
        1.259843 -0.041382 1.649143,
        1.259843 -0.062761 1.766958,
        1.259843 -0.029528 1.753193,
        1.259843 -0.000989 1.731294,
        1.259843 0.020909 1.702756,
        1.259843 0.034675 1.669522,
        1.496063 0.034675 1.669522,
        1.496063 0.020909 1.702756,
        1.496063 -0.000989 1.731294,
        1.496063 -0.029528 1.753193,
        1.496063 -0.062761 1.766958,
        0.275591 -0.039370 -1.259843,
        0.511811 -0.039370 -1.259843,
        0.275591 -0.039370 1.633858,
        0.511811 -0.039370 1.633858,
        0.275591 0.039370 -1.259843,
        0.275591 0.039370 1.633858,
        0.511811 0.039370 -1.259843,
        0.511811 0.039370 1.633858,
        0.511811 -0.083141 1.690901,
        0.275591 -0.083141 1.690901,
        0.511811 -0.068898 1.685001,
        0.275591 -0.068898 1.685001,
        0.511811 -0.056667 1.675617,
        0.275591 -0.056667 1.675617,
        0.511811 -0.047282 1.663386,
        0.275591 -0.047282 1.663386,
        0.511811 -0.041382 1.649143,
        0.275591 -0.041382 1.649143,
        0.275591 -0.062761 1.766958,
        0.275591 -0.029528 1.753193,
        0.275591 -0.000989 1.731294,
        0.275591 0.020909 1.702756,
        0.275591 0.034675 1.669522,
        0.511811 0.034675 1.669522,
        0.511811 0.020909 1.702756,
        0.511811 -0.000989 1.731294,
        0.511811 -0.029528 1.753193,
        0.511811 -0.062761 1.766958,
        -0.511811 -0.039370 -1.259843,
        -0.275591 -0.039370 -1.259843,
        -0.511811 -0.039370 1.633858,
        -0.275591 -0.039370 1.633858,
        -0.511811 0.039370 -1.259843,
        -0.511811 0.039370 1.633858,
        -0.275591 0.039370 -1.259843,
        -0.275591 0.039370 1.633858,
        -0.275591 -0.083141 1.690901,
        -0.511811 -0.083141 1.690901,
        -0.275591 -0.068898 1.685001,
        -0.511811 -0.068898 1.685001,
        -0.275591 -0.056667 1.675617,
        -0.511811 -0.056667 1.675617,
        -0.275591 -0.047282 1.663386,
        -0.511811 -0.047282 1.663386,
        -0.275591 -0.041382 1.649143,
        -0.511811 -0.041382 1.649143,
        -0.511811 -0.062761 1.766958,
        -0.511811 -0.029528 1.753193,
        -0.511811 -0.000989 1.731294,
        -0.511811 0.020909 1.702756,
        -0.511811 0.034675 1.669522,
        -0.275591 0.034675 1.669522,
        -0.275591 0.020909 1.702756,
        -0.275591 -0.000989 1.731294,
        -0.275591 -0.029528 1.753193,
        -0.275591 -0.062761 1.766958,
        -1.496063 -0.039370 -1.259843,
        -1.259843 -0.039370 -1.259843,
        -1.496063 -0.039370 1.633858,
        -1.259843 -0.039370 1.633858,
        -1.496063 0.039370 -1.259843,
        -1.496063 0.039370 1.633858,
        -1.259843 0.039370 -1.259843,
        -1.259843 0.039370 1.633858,
        -1.259843 -0.083141 1.690901,
        -1.496063 -0.083141 1.690901,
        -1.259843 -0.068898 1.685001,
        -1.496063 -0.068898 1.685001,
        -1.259843 -0.056667 1.675617,
        -1.496063 -0.056667 1.675617,
        -1.259843 -0.047282 1.663386,
        -1.496063 -0.047282 1.663386,
        -1.259843 -0.041382 1.649143,
        -1.496063 -0.041382 1.649143,
        -1.496063 -0.062761 1.766958,
        -1.496063 -0.029528 1.753193,
        -1.496063 -0.000989 1.731294,
        -1.496063 0.020909 1.702756,
        -1.496063 0.034675 1.669522,
        -1.259843 0.034675 1.669522,
        -1.259843 0.020909 1.702756,
        -1.259843 -0.000989 1.731294,
        -1.259843 -0.029528 1.753193,
        -1.259843 -0.062761 1.766958,
      ]
    }
    coordIndex [
      40, 41, 42, -1,
      42, 41, 43, -1,
      21, 42, 23, -1,
      23, 42, 43, -1,
      23, 43, 44, -1,
      44, 43, 45, -1,
      46, 41, 47, -1,
      47, 41, 40, -1,
      48, 20, 47, -1,
      47, 20, 22, -1,
      46, 47, 49, -1,
      49, 47, 22, -1,
      49, 22, 50, -1,
      50, 22, 51, -1,
      21, 20, 42, -1,
      42, 20, 48, -1,
      52, 53, 42, -1,
      42, 53, 40, -1,
      47, 40, 54, -1,
      54, 40, 53, -1,
      47, 54, 48, -1,
      48, 54, 55, -1,
      42, 48, 52, -1,
      52, 48, 55, -1,
      53, 52, 56, -1,
      56, 52, 57, -1,
      54, 53, 58, -1,
      58, 53, 56, -1,
      55, 54, 59, -1,
      59, 54, 58, -1,
      52, 55, 57, -1,
      57, 55, 59, -1,
      56, 57, 60, -1,
      56, 60, 61, -1,
      61, 60, 62, -1,
      61, 62, 63, -1,
      63, 62, 64, -1,
      63, 64, 65, -1,
      65, 64, 66, -1,
      65, 66, 67, -1,
      58, 56, 68, -1,
      68, 56, 61, -1,
      68, 61, 69, -1,
      69, 61, 63, -1,
      69, 63, 70, -1,
      70, 63, 65, -1,
      70, 65, 71, -1,
      71, 65, 67, -1,
      71, 72, 70, -1,
      70, 72, 73, -1,
      70, 73, 69, -1,
      69, 73, 74, -1,
      69, 74, 68, -1,
      68, 74, 75, -1,
      68, 75, 58, -1,
      58, 75, 59, -1,
      72, 66, 73, -1,
      73, 66, 64, -1,
      73, 64, 74, -1,
      74, 64, 62, -1,
      74, 62, 75, -1,
      75, 62, 60, -1,
      75, 60, 59, -1,
      59, 60, 57, -1,
      67, 66, 76, -1,
      76, 66, 77, -1,
      71, 67, 78, -1,
      78, 67, 76, -1,
      72, 71, 79, -1,
      79, 71, 78, -1,
      66, 72, 77, -1,
      77, 72, 79, -1,
      80, 81, 76, -1,
      76, 81, 82, -1,
      76, 82, 78, -1,
      79, 78, 82, -1,
      79, 82, 83, -1,
      83, 82, 81, -1,
      83, 81, 84, -1,
      84, 81, 80, -1,
      84, 80, 85, -1,
      79, 83, 77, -1,
      77, 83, 84, -1,
      77, 84, 85, -1,
      77, 85, 39, -1,
      39, 85, 38, -1,
      76, 77, 37, -1,
      37, 77, 39, -1,
      80, 76, 36, -1,
      36, 76, 37, -1,
      85, 80, 38, -1,
      38, 80, 36, -1,
      41, 46, 43, -1,
      43, 46, 49, -1,
      86, 87, 88, -1,
      88, 87, 89, -1,
      17, 88, 19, -1,
      19, 88, 89, -1,
      19, 89, 90, -1,
      90, 89, 91, -1,
      92, 87, 93, -1,
      93, 87, 86, -1,
      94, 16, 93, -1,
      93, 16, 18, -1,
      92, 93, 95, -1,
      95, 93, 18, -1,
      95, 18, 96, -1,
      96, 18, 97, -1,
      17, 16, 88, -1,
      88, 16, 94, -1,
      98, 99, 88, -1,
      88, 99, 86, -1,
      93, 86, 100, -1,
      100, 86, 99, -1,
      93, 100, 94, -1,
      94, 100, 101, -1,
      88, 94, 98, -1,
      98, 94, 101, -1,
      99, 98, 102, -1,
      102, 98, 103, -1,
      100, 99, 104, -1,
      104, 99, 102, -1,
      101, 100, 105, -1,
      105, 100, 104, -1,
      98, 101, 103, -1,
      103, 101, 105, -1,
      102, 103, 106, -1,
      102, 106, 107, -1,
      107, 106, 108, -1,
      107, 108, 109, -1,
      109, 108, 110, -1,
      109, 110, 111, -1,
      111, 110, 112, -1,
      111, 112, 113, -1,
      104, 102, 114, -1,
      114, 102, 107, -1,
      114, 107, 115, -1,
      115, 107, 109, -1,
      115, 109, 116, -1,
      116, 109, 111, -1,
      116, 111, 117, -1,
      117, 111, 113, -1,
      117, 118, 116, -1,
      116, 118, 119, -1,
      116, 119, 115, -1,
      115, 119, 120, -1,
      115, 120, 114, -1,
      114, 120, 121, -1,
      114, 121, 104, -1,
      104, 121, 105, -1,
      118, 112, 119, -1,
      119, 112, 110, -1,
      119, 110, 120, -1,
      120, 110, 108, -1,
      120, 108, 121, -1,
      121, 108, 106, -1,
      121, 106, 105, -1,
      105, 106, 103, -1,
      113, 112, 122, -1,
      122, 112, 123, -1,
      117, 113, 124, -1,
      124, 113, 122, -1,
      118, 117, 125, -1,
      125, 117, 124, -1,
      112, 118, 123, -1,
      123, 118, 125, -1,
      126, 127, 122, -1,
      122, 127, 128, -1,
      122, 128, 124, -1,
      125, 124, 128, -1,
      125, 128, 129, -1,
      129, 128, 127, -1,
      129, 127, 130, -1,
      130, 127, 126, -1,
      130, 126, 131, -1,
      125, 129, 123, -1,
      123, 129, 130, -1,
      123, 130, 131, -1,
      123, 131, 35, -1,
      35, 131, 34, -1,
      122, 123, 33, -1,
      33, 123, 35, -1,
      126, 122, 32, -1,
      32, 122, 33, -1,
      131, 126, 34, -1,
      34, 126, 32, -1,
      87, 92, 89, -1,
      89, 92, 95, -1,
      132, 12, 133, -1,
      133, 12, 14, -1,
      9, 133, 11, -1,
      11, 133, 14, -1,
      11, 14, 134, -1,
      134, 14, 135, -1,
      13, 12, 136, -1,
      136, 12, 132, -1,
      137, 8, 136, -1,
      136, 8, 10, -1,
      13, 136, 15, -1,
      15, 136, 10, -1,
      15, 10, 138, -1,
      138, 10, 139, -1,
      9, 8, 133, -1,
      133, 8, 137, -1,
      140, 141, 133, -1,
      133, 141, 132, -1,
      136, 132, 142, -1,
      142, 132, 141, -1,
      136, 142, 137, -1,
      137, 142, 143, -1,
      133, 137, 140, -1,
      140, 137, 143, -1,
      141, 140, 144, -1,
      144, 140, 145, -1,
      142, 141, 146, -1,
      146, 141, 144, -1,
      143, 142, 147, -1,
      147, 142, 146, -1,
      140, 143, 145, -1,
      145, 143, 147, -1,
      144, 145, 148, -1,
      144, 148, 149, -1,
      149, 148, 150, -1,
      149, 150, 151, -1,
      151, 150, 152, -1,
      151, 152, 153, -1,
      153, 152, 154, -1,
      153, 154, 155, -1,
      146, 144, 156, -1,
      156, 144, 149, -1,
      156, 149, 157, -1,
      157, 149, 151, -1,
      157, 151, 158, -1,
      158, 151, 153, -1,
      158, 153, 159, -1,
      159, 153, 155, -1,
      159, 160, 158, -1,
      158, 160, 161, -1,
      158, 161, 157, -1,
      157, 161, 162, -1,
      157, 162, 156, -1,
      156, 162, 163, -1,
      156, 163, 146, -1,
      146, 163, 147, -1,
      160, 154, 161, -1,
      161, 154, 152, -1,
      161, 152, 162, -1,
      162, 152, 150, -1,
      162, 150, 163, -1,
      163, 150, 148, -1,
      163, 148, 147, -1,
      147, 148, 145, -1,
      155, 154, 164, -1,
      164, 154, 165, -1,
      159, 155, 166, -1,
      166, 155, 164, -1,
      160, 159, 167, -1,
      167, 159, 166, -1,
      154, 160, 165, -1,
      165, 160, 167, -1,
      168, 169, 164, -1,
      164, 169, 170, -1,
      164, 170, 166, -1,
      167, 166, 170, -1,
      167, 170, 171, -1,
      171, 170, 169, -1,
      171, 169, 172, -1,
      172, 169, 168, -1,
      172, 168, 173, -1,
      167, 171, 165, -1,
      165, 171, 172, -1,
      165, 172, 173, -1,
      165, 173, 31, -1,
      31, 173, 30, -1,
      164, 165, 29, -1,
      29, 165, 31, -1,
      168, 164, 28, -1,
      28, 164, 29, -1,
      173, 168, 30, -1,
      30, 168, 28, -1,
      174, 4, 175, -1,
      175, 4, 6, -1,
      1, 175, 3, -1,
      3, 175, 6, -1,
      3, 6, 176, -1,
      176, 6, 177, -1,
      5, 4, 178, -1,
      178, 4, 174, -1,
      179, 0, 178, -1,
      178, 0, 2, -1,
      5, 178, 7, -1,
      7, 178, 2, -1,
      7, 2, 180, -1,
      180, 2, 181, -1,
      1, 0, 175, -1,
      175, 0, 179, -1,
      182, 183, 175, -1,
      175, 183, 174, -1,
      178, 174, 184, -1,
      184, 174, 183, -1,
      178, 184, 179, -1,
      179, 184, 185, -1,
      175, 179, 182, -1,
      182, 179, 185, -1,
      183, 182, 186, -1,
      186, 182, 187, -1,
      184, 183, 188, -1,
      188, 183, 186, -1,
      185, 184, 189, -1,
      189, 184, 188, -1,
      182, 185, 187, -1,
      187, 185, 189, -1,
      186, 187, 190, -1,
      186, 190, 191, -1,
      191, 190, 192, -1,
      191, 192, 193, -1,
      193, 192, 194, -1,
      193, 194, 195, -1,
      195, 194, 196, -1,
      195, 196, 197, -1,
      188, 186, 198, -1,
      198, 186, 191, -1,
      198, 191, 199, -1,
      199, 191, 193, -1,
      199, 193, 200, -1,
      200, 193, 195, -1,
      200, 195, 201, -1,
      201, 195, 197, -1,
      201, 202, 200, -1,
      200, 202, 203, -1,
      200, 203, 199, -1,
      199, 203, 204, -1,
      199, 204, 198, -1,
      198, 204, 205, -1,
      198, 205, 188, -1,
      188, 205, 189, -1,
      202, 196, 203, -1,
      203, 196, 194, -1,
      203, 194, 204, -1,
      204, 194, 192, -1,
      204, 192, 205, -1,
      205, 192, 190, -1,
      205, 190, 189, -1,
      189, 190, 187, -1,
      197, 196, 206, -1,
      206, 196, 207, -1,
      201, 197, 208, -1,
      208, 197, 206, -1,
      202, 201, 209, -1,
      209, 201, 208, -1,
      196, 202, 207, -1,
      207, 202, 209, -1,
      210, 211, 206, -1,
      206, 211, 212, -1,
      206, 212, 208, -1,
      209, 208, 212, -1,
      209, 212, 213, -1,
      213, 212, 211, -1,
      213, 211, 214, -1,
      214, 211, 210, -1,
      214, 210, 215, -1,
      209, 213, 207, -1,
      207, 213, 214, -1,
      207, 214, 215, -1,
      207, 215, 27, -1,
      27, 215, 26, -1,
      206, 207, 25, -1,
      25, 207, 27, -1,
      210, 206, 24, -1,
      24, 206, 25, -1,
      215, 210, 26, -1,
      26, 210, 24, -1,
      216, 217, 218, -1,
      218, 217, 219, -1,
      220, 216, 221, -1,
      221, 216, 218, -1,
      222, 220, 223, -1,
      223, 220, 221, -1,
      217, 222, 219, -1,
      219, 222, 223, -1,
      44, 45, 224, -1,
      224, 45, 225, -1,
      224, 225, 226, -1,
      226, 225, 227, -1,
      226, 227, 228, -1,
      228, 227, 229, -1,
      228, 229, 230, -1,
      230, 229, 231, -1,
      230, 231, 232, -1,
      232, 231, 233, -1,
      232, 233, 219, -1,
      219, 233, 218, -1,
      45, 50, 225, -1,
      225, 50, 234, -1,
      225, 234, 227, -1,
      227, 234, 235, -1,
      227, 235, 229, -1,
      229, 235, 236, -1,
      229, 236, 231, -1,
      231, 236, 237, -1,
      231, 237, 233, -1,
      233, 237, 238, -1,
      233, 238, 218, -1,
      218, 238, 221, -1,
      223, 221, 238, -1,
      223, 238, 239, -1,
      239, 238, 237, -1,
      239, 237, 240, -1,
      240, 237, 236, -1,
      240, 236, 241, -1,
      241, 236, 235, -1,
      241, 235, 242, -1,
      242, 235, 234, -1,
      242, 234, 243, -1,
      243, 234, 50, -1,
      243, 50, 51, -1,
      219, 223, 232, -1,
      232, 223, 239, -1,
      232, 239, 230, -1,
      230, 239, 240, -1,
      230, 240, 228, -1,
      228, 240, 241, -1,
      228, 241, 226, -1,
      226, 241, 242, -1,
      226, 242, 224, -1,
      224, 242, 243, -1,
      224, 243, 44, -1,
      44, 243, 51, -1,
      44, 51, 23, -1,
      23, 51, 22, -1,
      50, 45, 49, -1,
      49, 45, 43, -1,
      216, 220, 217, -1,
      217, 220, 222, -1,
      244, 245, 246, -1,
      246, 245, 247, -1,
      248, 244, 249, -1,
      249, 244, 246, -1,
      250, 248, 251, -1,
      251, 248, 249, -1,
      245, 250, 247, -1,
      247, 250, 251, -1,
      90, 91, 252, -1,
      252, 91, 253, -1,
      252, 253, 254, -1,
      254, 253, 255, -1,
      254, 255, 256, -1,
      256, 255, 257, -1,
      256, 257, 258, -1,
      258, 257, 259, -1,
      258, 259, 260, -1,
      260, 259, 261, -1,
      260, 261, 247, -1,
      247, 261, 246, -1,
      91, 96, 253, -1,
      253, 96, 262, -1,
      253, 262, 255, -1,
      255, 262, 263, -1,
      255, 263, 257, -1,
      257, 263, 264, -1,
      257, 264, 259, -1,
      259, 264, 265, -1,
      259, 265, 261, -1,
      261, 265, 266, -1,
      261, 266, 246, -1,
      246, 266, 249, -1,
      251, 249, 266, -1,
      251, 266, 267, -1,
      267, 266, 265, -1,
      267, 265, 268, -1,
      268, 265, 264, -1,
      268, 264, 269, -1,
      269, 264, 263, -1,
      269, 263, 270, -1,
      270, 263, 262, -1,
      270, 262, 271, -1,
      271, 262, 96, -1,
      271, 96, 97, -1,
      247, 251, 260, -1,
      260, 251, 267, -1,
      260, 267, 258, -1,
      258, 267, 268, -1,
      258, 268, 256, -1,
      256, 268, 269, -1,
      256, 269, 254, -1,
      254, 269, 270, -1,
      254, 270, 252, -1,
      252, 270, 271, -1,
      252, 271, 90, -1,
      90, 271, 97, -1,
      90, 97, 19, -1,
      19, 97, 18, -1,
      96, 91, 95, -1,
      95, 91, 89, -1,
      244, 248, 245, -1,
      245, 248, 250, -1,
      272, 273, 274, -1,
      274, 273, 275, -1,
      276, 272, 277, -1,
      277, 272, 274, -1,
      278, 276, 279, -1,
      279, 276, 277, -1,
      273, 278, 275, -1,
      275, 278, 279, -1,
      134, 135, 280, -1,
      280, 135, 281, -1,
      280, 281, 282, -1,
      282, 281, 283, -1,
      282, 283, 284, -1,
      284, 283, 285, -1,
      284, 285, 286, -1,
      286, 285, 287, -1,
      286, 287, 288, -1,
      288, 287, 289, -1,
      288, 289, 275, -1,
      275, 289, 274, -1,
      135, 138, 281, -1,
      281, 138, 290, -1,
      281, 290, 283, -1,
      283, 290, 291, -1,
      283, 291, 285, -1,
      285, 291, 292, -1,
      285, 292, 287, -1,
      287, 292, 293, -1,
      287, 293, 289, -1,
      289, 293, 294, -1,
      289, 294, 274, -1,
      274, 294, 277, -1,
      279, 277, 294, -1,
      279, 294, 295, -1,
      295, 294, 293, -1,
      295, 293, 296, -1,
      296, 293, 292, -1,
      296, 292, 297, -1,
      297, 292, 291, -1,
      297, 291, 298, -1,
      298, 291, 290, -1,
      298, 290, 299, -1,
      299, 290, 138, -1,
      299, 138, 139, -1,
      275, 279, 288, -1,
      288, 279, 295, -1,
      288, 295, 286, -1,
      286, 295, 296, -1,
      286, 296, 284, -1,
      284, 296, 297, -1,
      284, 297, 282, -1,
      282, 297, 298, -1,
      282, 298, 280, -1,
      280, 298, 299, -1,
      280, 299, 134, -1,
      134, 299, 139, -1,
      134, 139, 11, -1,
      11, 139, 10, -1,
      138, 135, 15, -1,
      15, 135, 14, -1,
      272, 276, 273, -1,
      273, 276, 278, -1,
      300, 301, 302, -1,
      302, 301, 303, -1,
      304, 300, 305, -1,
      305, 300, 302, -1,
      306, 304, 307, -1,
      307, 304, 305, -1,
      301, 306, 303, -1,
      303, 306, 307, -1,
      176, 177, 308, -1,
      308, 177, 309, -1,
      308, 309, 310, -1,
      310, 309, 311, -1,
      310, 311, 312, -1,
      312, 311, 313, -1,
      312, 313, 314, -1,
      314, 313, 315, -1,
      314, 315, 316, -1,
      316, 315, 317, -1,
      316, 317, 303, -1,
      303, 317, 302, -1,
      177, 180, 309, -1,
      309, 180, 318, -1,
      309, 318, 311, -1,
      311, 318, 319, -1,
      311, 319, 313, -1,
      313, 319, 320, -1,
      313, 320, 315, -1,
      315, 320, 321, -1,
      315, 321, 317, -1,
      317, 321, 322, -1,
      317, 322, 302, -1,
      302, 322, 305, -1,
      307, 305, 322, -1,
      307, 322, 323, -1,
      323, 322, 321, -1,
      323, 321, 324, -1,
      324, 321, 320, -1,
      324, 320, 325, -1,
      325, 320, 319, -1,
      325, 319, 326, -1,
      326, 319, 318, -1,
      326, 318, 327, -1,
      327, 318, 180, -1,
      327, 180, 181, -1,
      303, 307, 316, -1,
      316, 307, 323, -1,
      316, 323, 314, -1,
      314, 323, 324, -1,
      314, 324, 312, -1,
      312, 324, 325, -1,
      312, 325, 310, -1,
      310, 325, 326, -1,
      310, 326, 308, -1,
      308, 326, 327, -1,
      308, 327, 176, -1,
      176, 327, 181, -1,
      176, 181, 3, -1,
      3, 181, 2, -1,
      180, 177, 7, -1,
      7, 177, 6, -1,
      300, 304, 301, -1,
      301, 304, 306, -1,
    ]
  }
}

Shape {
  appearance Appearance {
    material Material {
      diffuseColor 0.8510 0.8510 0.8510
      specularColor 0.6824 0.6824 0.6824
      ambientIntensity 0.2
      transparency 0.0000
      shininess 0.5
    }
  }
  geometry IndexedFaceSet {
    ccw TRUE
    solid FALSE
    coord DEF co Coordinate {
      point [
        2.165354 -5.118110 0.314961,
        2.165354 -5.196850 0.314961,
        0.635781 -2.639874 0.314961,
        0.621063 -2.645971 0.314961,
        0.608424 -2.655669 0.314961,
        0.590551 -2.698819 0.314961,
        0.598727 -2.668307 0.314961,
        0.592631 -2.683025 0.314961,
        1.793150 -2.655669 0.314961,
        1.802848 -2.668307 0.314961,
        1.808944 -2.683025 0.314961,
        1.811024 -2.698819 0.314961,
        1.780512 -2.645971 0.314961,
        1.765794 -2.639874 0.314961,
        1.750000 -2.637795 0.314961,
        1.749615 -2.637795 0.314961,
        1.734543 -2.639686 0.314961,
        1.720405 -2.645240 0.314961,
        1.708077 -2.654115 0.314961,
        1.698322 -2.665759 0.314961,
        1.691746 -2.679452 0.314961,
        0.709829 -2.679452 0.314961,
        0.712819 -2.694344 0.314961,
        1.688755 -2.694344 0.314961,
        0.703252 -2.665759 0.314961,
        0.693498 -2.654115 0.314961,
        0.681170 -2.645240 0.314961,
        0.667032 -2.639686 0.314961,
        0.651960 -2.637795 0.314961,
        0.651575 -2.637795 0.314961,
        1.594488 -4.022503 0.314961,
        0.807087 -4.022503 0.314961,
        1.594488 -3.976378 0.314961,
        0.807087 -3.976378 0.314961,
        1.811024 -5.000000 0.314961,
        0.590551 -5.000000 0.314961,
        -0.590551 -2.698819 0.314961,
        -0.592631 -2.683025 0.314961,
        -0.598727 -2.668307 0.314961,
        -0.608424 -2.655669 0.314961,
        -0.621063 -2.645971 0.314961,
        -0.635781 -2.639874 0.314961,
        -1.750000 -2.637795 0.314961,
        -1.765794 -2.639874 0.314961,
        -2.401575 -1.653543 0.314961,
        -1.780512 -2.645971 0.314961,
        -1.793150 -2.655669 0.314961,
        -1.802848 -2.668307 0.314961,
        -1.688755 -2.694344 0.314961,
        -1.691746 -2.679452 0.314961,
        -0.667032 -2.639686 0.314961,
        -0.651960 -2.637795 0.314961,
        -1.698322 -2.665759 0.314961,
        -1.708077 -2.654115 0.314961,
        -0.681170 -2.645240 0.314961,
        -0.693498 -2.654115 0.314961,
        -0.703252 -2.665759 0.314961,
        -0.709829 -2.679452 0.314961,
        -0.712819 -2.694344 0.314961,
        -1.720405 -2.645240 0.314961,
        -1.734543 -2.639686 0.314961,
        -1.749615 -2.637795 0.314961,
        -0.651575 -2.637795 0.314961,
        -0.807087 -4.022503 0.314961,
        -1.594488 -4.022503 0.314961,
        -0.807087 -3.976378 0.314961,
        -1.594488 -3.976378 0.314961,
        -1.811024 -5.000000 0.314961,
        -0.590551 -5.000000 0.314961,
        -1.808944 -2.683025 0.314961,
        -1.811024 -2.698819 0.314961,
        2.401575 -5.118110 0.314961,
        -2.165354 -5.118110 0.314961,
        -2.401575 -5.118110 0.314961,
        2.401575 -1.653543 0.314961,
        -2.165354 -5.196850 0.314961,
        -0.807087 -4.256281 2.244094,
        -1.594488 -4.256281 2.244094,
        -1.594488 -4.169444 2.244094,
        0.807087 -4.256281 2.244094,
        -0.807087 -4.169444 2.244094,
        0.807087 -4.169444 2.244094,
        1.594488 -4.169444 2.244094,
        1.594488 -4.256281 2.244094,
        -2.165354 -5.393701 0.236220,
        -2.165354 -5.393701 0.118110,
        2.165354 -5.393701 0.236220,
        2.165354 -5.393701 0.118110,
        -2.677165 -5.393701 2.145669,
        -2.795276 -5.393701 2.145669,
        -2.677165 -5.393701 0.649606,
        -2.795276 -5.393701 0.649606,
        2.165354 -5.393701 2.559055,
        2.165354 -5.393701 2.677165,
        -2.165354 -5.393701 2.559055,
        -2.165354 -5.393701 2.677165,
        -2.598425 -2.500000 1.889764,
        -2.598425 -4.606299 1.889764,
        -2.598425 -5.118110 2.145669,
        -2.598425 -4.606299 0.905512,
        -2.598425 -5.118110 0.511811,
        -2.598425 -5.118110 0.649606,
        -2.598425 -1.456693 -0.000000,
        -2.598425 -1.456693 0.511811,
        -2.598425 -0.677165 0.000000,
        -2.598425 -5.196850 2.145669,
        -2.598425 -5.196850 0.649606,
        -2.598425 -2.500000 0.905512,
        -2.598425 -2.474526 0.908866,
        -2.598425 -2.450787 0.918698,
        -2.598425 -2.430403 0.934340,
        -2.598425 -2.414761 0.954724,
        -2.598425 -2.450787 1.876577,
        -2.598425 0.001969 2.283465,
        -2.598425 -2.430403 1.860936,
        -2.598425 -2.414761 1.840551,
        -2.598425 -5.118110 2.283465,
        -2.598425 -2.474526 1.886410,
        -2.598425 -2.404929 0.978463,
        -2.598425 -2.401575 1.003937,
        -2.598425 -2.401575 1.791339,
        -2.598425 -2.404929 1.816813,
        -2.480315 -0.677165 0.000000,
        -2.480315 -2.500000 1.889764,
        -2.480315 -2.474526 1.886410,
        -2.480315 -1.850394 2.283465,
        -2.480315 -4.606299 1.889764,
        -2.480315 -2.450787 1.876577,
        -2.480315 -2.430403 1.860936,
        -2.480315 -2.414761 1.840551,
        -2.480315 -5.118110 2.145669,
        -2.480315 -5.196850 2.145669,
        -2.480315 -5.118110 0.649606,
        -2.480315 -5.196850 0.649606,
        -2.480315 -4.606299 0.905512,
        -2.480315 -5.118110 0.511811,
        -2.480315 -2.500000 0.905512,
        -2.480315 -1.850394 0.511811,
        -2.480315 -2.474526 0.908866,
        -2.480315 -2.450787 0.918698,
        -2.480315 -5.118110 2.283465,
        -2.480315 -2.404929 0.978463,
        -2.480315 -2.414761 0.954724,
        -2.480315 -2.430403 0.934340,
        -2.480315 -2.404929 1.816813,
        -2.480315 -2.401575 1.791339,
        -2.480315 -2.401575 1.003937,
        1.811024 -2.698819 2.480315,
        1.811024 -5.000000 2.480315,
        2.165354 -5.118110 2.480315,
        2.165354 -5.196850 2.480315,
        0.590551 -5.000000 2.480315,
        -2.165354 -5.196850 2.480315,
        2.401575 -5.118110 2.480315,
        2.401575 0.001969 2.480315,
        1.808944 -2.683025 2.480315,
        0.590551 -2.698819 2.480315,
        0.592631 -2.683025 2.480315,
        -0.590551 -2.698819 2.480315,
        0.598727 -2.668307 2.480315,
        0.608424 -2.655669 2.480315,
        0.621063 -2.645971 2.480315,
        1.780512 -2.645971 2.480315,
        1.793150 -2.655669 2.480315,
        1.802848 -2.668307 2.480315,
        -0.592631 -2.683025 2.480315,
        -2.401575 0.001969 2.480315,
        -2.401575 -5.118110 2.480315,
        1.720405 -2.645240 2.480315,
        1.734543 -2.639686 2.480315,
        0.681170 -2.645240 2.480315,
        0.693498 -2.654115 2.480315,
        1.688755 -2.694344 2.480315,
        0.703252 -2.665759 2.480315,
        0.667032 -2.639686 2.480315,
        1.691746 -2.679452 2.480315,
        0.651960 -2.637795 2.480315,
        1.698322 -2.665759 2.480315,
        1.708077 -2.654115 2.480315,
        1.749615 -2.637795 2.480315,
        1.750000 -2.637795 2.480315,
        1.765794 -2.639874 2.480315,
        -1.793150 -2.655669 2.480315,
        -1.780512 -2.645971 2.480315,
        -1.765794 -2.639874 2.480315,
        -1.720405 -2.645240 2.480315,
        -1.708077 -2.654115 2.480315,
        -0.651960 -2.637795 2.480315,
        -0.590551 -5.000000 2.480315,
        -1.811024 -5.000000 2.480315,
        -2.165354 -5.118110 2.480315,
        -1.811024 -2.698819 2.480315,
        -1.808944 -2.683025 2.480315,
        -1.802848 -2.668307 2.480315,
        0.635781 -2.639874 2.480315,
        0.651575 -2.637795 2.480315,
        -0.651575 -2.637795 2.480315,
        -1.698322 -2.665759 2.480315,
        -1.691746 -2.679452 2.480315,
        -0.667032 -2.639686 2.480315,
        0.807087 -4.022503 2.480315,
        1.594488 -4.022503 2.480315,
        0.807087 -3.976378 2.480315,
        1.594488 -3.976378 2.480315,
        0.712819 -2.694344 2.480315,
        0.709829 -2.679452 2.480315,
        -0.703252 -2.665759 2.480315,
        -0.693498 -2.654115 2.480315,
        -0.681170 -2.645240 2.480315,
        -0.635781 -2.639874 2.480315,
        -0.621063 -2.645971 2.480315,
        -0.608424 -2.655669 2.480315,
        -0.598727 -2.668307 2.480315,
        -1.750000 -2.637795 2.480315,
        -1.749615 -2.637795 2.480315,
        -1.734543 -2.639686 2.480315,
        -1.594488 -4.022503 2.480315,
        -0.807087 -4.022503 2.480315,
        -1.594488 -3.976378 2.480315,
        -0.807087 -3.976378 2.480315,
        -1.688755 -2.694344 2.480315,
        -0.712819 -2.694344 2.480315,
        -0.709829 -2.679452 2.480315,
        -2.401575 -1.850394 2.362205,
        -1.811024 -2.698819 2.362205,
        -1.811024 -5.000000 2.362205,
        -2.401575 -5.118110 2.362205,
        -2.165354 -5.118110 2.362205,
        -2.165354 -5.196850 2.362205,
        -0.590551 -5.000000 2.362205,
        2.165354 -5.196850 2.362205,
        -0.592631 -2.683025 2.362205,
        -0.598727 -2.668307 2.362205,
        0.590551 -2.698819 2.362205,
        -0.608424 -2.655669 2.362205,
        -0.621063 -2.645971 2.362205,
        -1.780512 -2.645971 2.362205,
        -1.793150 -2.655669 2.362205,
        2.401575 -1.850394 2.362205,
        2.401575 -5.118110 2.362205,
        2.165354 -5.118110 2.362205,
        1.808944 -2.683025 2.362205,
        1.802848 -2.668307 2.362205,
        1.793150 -2.655669 2.362205,
        1.811024 -2.698819 2.362205,
        1.811024 -5.000000 2.362205,
        0.590551 -5.000000 2.362205,
        -0.590551 -2.698819 2.362205,
        0.651575 -2.637795 2.362205,
        0.635781 -2.639874 2.362205,
        0.621063 -2.645971 2.362205,
        0.608424 -2.655669 2.362205,
        -1.802848 -2.668307 2.362205,
        -1.808944 -2.683025 2.362205,
        0.703252 -2.665759 2.362205,
        0.693498 -2.654115 2.362205,
        1.691746 -2.679452 2.362205,
        -0.703252 -2.665759 2.362205,
        -0.709829 -2.679452 2.362205,
        1.780512 -2.645971 2.362205,
        1.765794 -2.639874 2.362205,
        1.750000 -2.637795 2.362205,
        1.698322 -2.665759 2.362205,
        1.708077 -2.654115 2.362205,
        -1.749615 -2.637795 2.362205,
        -1.750000 -2.637795 2.362205,
        -1.765794 -2.639874 2.362205,
        1.749615 -2.637795 2.362205,
        1.734543 -2.639686 2.362205,
        1.720405 -2.645240 2.362205,
        -0.667032 -2.639686 2.362205,
        -0.681170 -2.645240 2.362205,
        -0.693498 -2.654115 2.362205,
        0.681170 -2.645240 2.362205,
        0.667032 -2.639686 2.362205,
        0.651960 -2.637795 2.362205,
        0.598727 -2.668307 2.362205,
        0.592631 -2.683025 2.362205,
        -1.698322 -2.665759 2.362205,
        -1.708077 -2.654115 2.362205,
        -1.720405 -2.645240 2.362205,
        -1.734543 -2.639686 2.362205,
        -0.635781 -2.639874 2.362205,
        -0.651575 -2.637795 2.362205,
        -0.651960 -2.637795 2.362205,
        1.594488 -4.022503 2.362205,
        0.807087 -4.022503 2.362205,
        1.594488 -3.976378 2.362205,
        0.807087 -3.976378 2.362205,
        1.688755 -2.694344 2.362205,
        0.712819 -2.694344 2.362205,
        0.709829 -2.679452 2.362205,
        -0.807087 -4.022503 2.362205,
        -1.594488 -4.022503 2.362205,
        -0.807087 -3.976378 2.362205,
        -1.594488 -3.976378 2.362205,
        -0.712819 -2.694344 2.362205,
        -1.688755 -2.694344 2.362205,
        -1.691746 -2.679452 2.362205,
        2.401575 -1.850394 0.433071,
        1.811024 -2.698819 0.433071,
        1.811024 -5.000000 0.433071,
        1.780512 -2.645971 0.433071,
        1.793150 -2.655669 0.433071,
        2.401575 -5.118110 0.433071,
        2.165354 -5.118110 0.433071,
        2.165354 -5.196850 0.433071,
        0.590551 -5.000000 0.433071,
        -2.165354 -5.196850 0.433071,
        -2.401575 -1.850394 0.433071,
        -2.401575 -5.118110 0.433071,
        -2.165354 -5.118110 0.433071,
        -1.802848 -2.668307 0.433071,
        -1.793150 -2.655669 0.433071,
        -0.590551 -5.000000 0.433071,
        -1.811024 -5.000000 0.433071,
        -1.811024 -2.698819 0.433071,
        -1.808944 -2.683025 0.433071,
        -0.651575 -2.637795 0.433071,
        -0.635781 -2.639874 0.433071,
        -0.621063 -2.645971 0.433071,
        -0.608424 -2.655669 0.433071,
        1.802848 -2.668307 0.433071,
        1.808944 -2.683025 0.433071,
        -0.590551 -2.698819 0.433071,
        0.590551 -2.698819 0.433071,
        0.592631 -2.683025 0.433071,
        0.598727 -2.668307 0.433071,
        0.608424 -2.655669 0.433071,
        0.621063 -2.645971 0.433071,
        -0.703252 -2.665759 0.433071,
        -0.693498 -2.654115 0.433071,
        -1.691746 -2.679452 0.433071,
        0.703252 -2.665759 0.433071,
        0.709829 -2.679452 0.433071,
        -1.780512 -2.645971 0.433071,
        -1.765794 -2.639874 0.433071,
        -1.750000 -2.637795 0.433071,
        -1.698322 -2.665759 0.433071,
        -1.708077 -2.654115 0.433071,
        1.749615 -2.637795 0.433071,
        1.750000 -2.637795 0.433071,
        1.765794 -2.639874 0.433071,
        -1.749615 -2.637795 0.433071,
        -1.734543 -2.639686 0.433071,
        -1.720405 -2.645240 0.433071,
        0.667032 -2.639686 0.433071,
        0.681170 -2.645240 0.433071,
        0.693498 -2.654115 0.433071,
        -0.681170 -2.645240 0.433071,
        -0.667032 -2.639686 0.433071,
        -0.651960 -2.637795 0.433071,
        -0.598727 -2.668307 0.433071,
        -0.592631 -2.683025 0.433071,
        1.698322 -2.665759 0.433071,
        1.708077 -2.654115 0.433071,
        1.720405 -2.645240 0.433071,
        1.734543 -2.639686 0.433071,
        0.635781 -2.639874 0.433071,
        0.651575 -2.637795 0.433071,
        0.651960 -2.637795 0.433071,
        -1.594488 -4.022503 0.433071,
        -0.807087 -4.022503 0.433071,
        -1.594488 -3.976378 0.433071,
        -0.807087 -3.976378 0.433071,
        -1.688755 -2.694344 0.433071,
        -0.712819 -2.694344 0.433071,
        -0.709829 -2.679452 0.433071,
        0.807087 -4.022503 0.433071,
        1.594488 -4.022503 0.433071,
        0.807087 -3.976378 0.433071,
        1.594488 -3.976378 0.433071,
        0.712819 -2.694344 0.433071,
        1.688755 -2.694344 0.433071,
        1.691746 -2.679452 0.433071,
        -2.476378 -1.653543 0.329727,
        -2.476378 0.116142 0.329727,
        -0.472441 -2.834646 0.148849,
        -0.472441 -2.244094 0.307087,
        2.476378 0.116142 0.329727,
        2.476378 -1.653543 0.329727,
        -2.480315 0.116142 0.331394,
        -2.452524 -1.653543 0.321668,
        2.452524 -1.653543 0.321668,
        2.480315 0.116142 0.331394,
        2.480315 0.118110 0.000000,
        2.480315 -1.456693 0.331394,
        2.480315 -0.677165 0.000000,
        2.480315 -1.456693 0.000000,
        -2.480315 -1.456693 0.331394,
        -2.480315 -1.456693 -0.000000,
        2.598425 0.118110 0.000000,
        2.598425 -2.474526 0.908866,
        2.598425 -2.500000 0.905512,
        2.598425 -1.456693 0.511811,
        2.598425 -5.118110 0.511811,
        2.598425 -4.606299 0.905512,
        2.598425 -5.118110 0.649606,
        2.598425 -5.118110 2.145669,
        2.598425 -5.196850 2.145669,
        2.598425 -5.196850 0.649606,
        2.598425 -0.677165 0.000000,
        2.598425 -1.456693 0.000000,
        2.598425 -2.404929 0.978463,
        2.598425 -2.414761 0.954724,
        2.598425 -2.430403 0.934340,
        2.598425 -2.450787 0.918698,
        2.598425 0.001969 2.283465,
        2.598425 -2.450787 1.876577,
        2.598425 -2.430403 1.860936,
        2.598425 -4.606299 1.889764,
        2.598425 -5.118110 2.283465,
        2.598425 -2.500000 1.889764,
        2.598425 -2.474526 1.886410,
        2.598425 -2.414761 1.840551,
        2.598425 -2.404929 1.816813,
        2.598425 -2.401575 1.791339,
        2.598425 -2.401575 1.003937,
        2.677165 -5.393701 0.649606,
        2.795276 -5.393701 0.649606,
        2.677165 -5.393701 2.145669,
        2.795276 -5.393701 2.145669,
        2.480315 -5.196850 0.649606,
        2.480315 -5.196850 2.145669,
        2.480315 -5.118110 2.145669,
        2.480315 -2.474526 0.908866,
        2.480315 -2.450787 0.918698,
        2.480315 -1.850394 0.511811,
        2.480315 -2.430403 0.934340,
        2.480315 -2.414761 0.954724,
        2.480315 -5.118110 0.649606,
        2.480315 -4.606299 1.889764,
        2.480315 -5.118110 0.511811,
        2.480315 -4.606299 0.905512,
        2.480315 -2.500000 0.905512,
        2.480315 -2.404929 1.816813,
        2.480315 -2.414761 1.840551,
        2.480315 -1.850394 2.283465,
        2.480315 -2.430403 1.860936,
        2.480315 -2.450787 1.876577,
        2.480315 -2.474526 1.886410,
        2.480315 -2.500000 1.889764,
        2.480315 -5.118110 2.283465,
        2.480315 -2.404929 0.978463,
        2.480315 -2.401575 1.003937,
        2.480315 -2.401575 1.791339,
        -2.477632 -1.850394 0.491431,
        -2.469766 -1.850394 0.472441,
        -2.457252 -1.850394 0.456133,
        -2.440945 -1.850394 0.443620,
        -2.421954 -1.850394 0.435754,
        -2.421954 -1.850394 2.359522,
        -2.440945 -1.850394 2.351656,
        -2.457252 -1.850394 2.339142,
        -2.469766 -1.850394 2.322835,
        -2.477632 -1.850394 2.303844,
        2.477632 -1.850394 2.303844,
        2.469766 -1.850394 2.322835,
        2.457252 -1.850394 2.339142,
        2.440945 -1.850394 2.351656,
        2.421954 -1.850394 2.359522,
        2.421954 -1.850394 0.435754,
        2.440945 -1.850394 0.443620,
        2.457252 -1.850394 0.456133,
        2.469766 -1.850394 0.472441,
        2.477632 -1.850394 0.491431,
        2.591718 0.001969 2.334413,
        2.572052 0.001969 2.381890,
        2.452524 0.001969 2.473607,
        2.500000 0.001969 2.453942,
        2.540769 0.001969 2.422659,
        -2.540769 0.001969 2.422659,
        -2.500000 0.001969 2.453942,
        -2.452524 0.001969 2.473607,
        -2.591718 0.001969 2.334413,
        -2.572052 0.001969 2.381890,
        0.472441 -2.834646 0.148849,
        0.472441 -2.244094 0.307087,
        0.807087 -4.140490 2.257612,
        1.594488 -4.140490 2.257612,
        0.807087 -4.115427 2.277435,
        1.594488 -4.115427 2.277435,
        1.594488 -4.219717 2.356417,
        0.807087 -4.219717 2.356417,
        1.594488 -4.253579 2.368994,
        0.807087 -4.253579 2.368994,
        0.825509 -4.450978 2.442314,
        0.982391 -4.585737 2.492368,
        0.833640 -4.486579 2.455537,
        1.419184 -4.585737 2.492368,
        1.576065 -4.450978 2.442314,
        0.850818 -4.519233 2.467666,
        0.875998 -4.546952 2.477962,
        0.943848 -4.581247 2.490700,
        0.907650 -4.568052 2.485799,
        1.525576 -4.546952 2.477962,
        1.493924 -4.568052 2.485799,
        1.457726 -4.581247 2.490700,
        1.550757 -4.519233 2.467666,
        1.567935 -4.486579 2.455537,
        0.807087 -4.294703 2.258275,
        0.807087 -4.260841 2.245698,
        1.594488 -4.260841 2.245698,
        1.594488 -4.294703 2.258275,
        0.833640 -4.527704 2.344818,
        0.825509 -4.492102 2.331594,
        0.982391 -4.626861 2.381648,
        1.419184 -4.626861 2.381648,
        0.943848 -4.622372 2.379981,
        0.907650 -4.609176 2.375079,
        0.875998 -4.588077 2.367242,
        1.493924 -4.609176 2.375079,
        1.576065 -4.492102 2.331594,
        1.525576 -4.588077 2.367242,
        1.567935 -4.527704 2.344818,
        1.550757 -4.560357 2.356946,
        0.850818 -4.560357 2.356946,
        1.457726 -4.622372 2.379981,
        1.594488 -4.198944 2.360951,
        0.807087 -4.198944 2.360951,
        1.594488 -4.202454 2.358163,
        0.807087 -4.202454 2.358163,
        1.594488 -4.206503 2.356241,
        0.807087 -4.206503 2.356241,
        1.594488 -4.210882 2.355285,
        0.807087 -4.210882 2.355285,
        1.594488 -4.215365 2.355345,
        0.807087 -4.215365 2.355345,
        0.807087 -4.119939 2.439956,
        1.594488 -4.119939 2.439956,
        0.807087 -4.036422 2.356439,
        1.594488 -4.036422 2.356439,
        1.594488 -4.091401 2.461854,
        0.807087 -4.091401 2.461854,
        1.594488 -4.058167 2.475620,
        0.807087 -4.058167 2.475620,
        0.807087 -4.032346 2.359567,
        0.807087 -4.027598 2.361534,
        1.594488 -4.027598 2.361534,
        1.594488 -4.032346 2.359567,
        1.594488 -4.294703 0.537001,
        1.594488 -4.260841 0.549578,
        0.807087 -4.294703 0.537001,
        0.807087 -4.260841 0.549578,
        1.576065 -4.492102 0.463681,
        1.419184 -4.626861 0.413628,
        0.982391 -4.626861 0.413628,
        1.525576 -4.588077 0.428033,
        1.493924 -4.609176 0.420196,
        1.457726 -4.622372 0.415295,
        0.833640 -4.527704 0.450457,
        0.850818 -4.560357 0.438329,
        0.875998 -4.588077 0.428033,
        0.943848 -4.622372 0.415295,
        0.907650 -4.609176 0.420196,
        1.550757 -4.560357 0.438329,
        1.567935 -4.527704 0.450457,
        0.825509 -4.492102 0.463681,
        0.807087 -4.253579 0.426281,
        0.807087 -4.219717 0.438858,
        1.419184 -4.585737 0.302908,
        0.982391 -4.585737 0.302908,
        1.493924 -4.568052 0.309477,
        1.457726 -4.581247 0.304576,
        0.943848 -4.581247 0.304576,
        0.907650 -4.568052 0.309477,
        0.875998 -4.546952 0.317314,
        0.850818 -4.519233 0.327609,
        1.594488 -4.219717 0.438858,
        1.594488 -4.253579 0.426281,
        1.576065 -4.450978 0.352961,
        1.567935 -4.486579 0.339738,
        0.833640 -4.486579 0.339738,
        0.825509 -4.450978 0.352961,
        1.550757 -4.519233 0.327609,
        1.525576 -4.546952 0.317314,
        1.594488 -4.230374 0.557083,
        0.807087 -4.230374 0.557083,
        1.594488 -4.199000 0.557501,
        0.807087 -4.199000 0.557501,
        1.594488 -4.168344 0.550811,
        0.807087 -4.168344 0.550811,
        1.594488 -4.139996 0.537358,
        0.807087 -4.139996 0.537358,
        1.594488 -4.115427 0.517841,
        0.807087 -4.115427 0.517841,
        0.807087 -4.215365 0.439930,
        0.807087 -4.210882 0.439990,
        0.807087 -4.206503 0.439034,
        0.807087 -4.202454 0.437113,
        0.807087 -4.198944 0.434324,
        1.594488 -4.198944 0.434324,
        1.594488 -4.202454 0.437113,
        1.594488 -4.206503 0.439034,
        1.594488 -4.210882 0.439990,
        1.594488 -4.215365 0.439930,
        0.807087 -4.036422 0.438837,
        1.594488 -4.036422 0.438837,
        0.807087 -4.119939 0.355320,
        1.594488 -4.119939 0.355320,
        1.594488 -4.026343 0.433449,
        0.807087 -4.026343 0.433449,
        1.594488 -4.030036 0.434569,
        0.807087 -4.030036 0.434569,
        1.594488 -4.033439 0.436388,
        0.807087 -4.033439 0.436388,
        0.807087 -4.049385 0.317608,
        0.807087 -4.075235 0.325450,
        0.807087 -4.099058 0.338183,
        1.594488 -4.099058 0.338183,
        1.594488 -4.075235 0.325450,
        1.594488 -4.049385 0.317608,
        2.580174 -3.775968 1.692913,
        2.433314 -3.580154 1.692913,
        2.497244 -3.860066 1.692913,
        2.350384 -3.664252 1.692913,
        2.544620 -3.923234 1.140870,
        2.497244 -3.860066 1.102362,
        2.539470 -3.916367 1.131190,
        2.512700 -3.880674 1.105716,
        2.527102 -3.899876 1.115549,
        2.552414 -3.933626 1.632154,
        2.548959 -3.929020 1.643701,
        2.548959 -3.929020 1.151575,
        2.552414 -3.933626 1.163122,
        2.554925 -3.936974 1.175313,
        2.554925 -3.936974 1.619963,
        2.544620 -3.923234 1.654406,
        2.539470 -3.916367 1.664085,
        2.512700 -3.880674 1.689559,
        2.527102 -3.899876 1.679727,
        2.556449 -3.939006 1.187941,
        2.556960 -3.939687 1.200787,
        2.350384 -3.664252 1.102362,
        2.556960 -3.939687 1.594488,
        2.556449 -3.939006 1.607335,
        2.580174 -3.775968 1.102362,
        2.433314 -3.580154 1.102362,
        2.639891 -3.855589 1.594488,
        2.639891 -3.855589 1.200787,
        2.635345 -3.849528 1.163122,
        2.631890 -3.844921 1.151575,
        2.637856 -3.852876 1.175313,
        2.627550 -3.839135 1.140870,
        2.622400 -3.832268 1.131190,
        2.595630 -3.796575 1.105716,
        2.610033 -3.815778 1.115549,
        2.627550 -3.839135 1.654406,
        2.622400 -3.832268 1.664085,
        2.595630 -3.796575 1.689559,
        2.610033 -3.815778 1.679727,
        2.631890 -3.844921 1.643701,
        2.635345 -3.849528 1.632154,
        2.637856 -3.852876 1.619963,
        2.639380 -3.854907 1.187941,
        2.639380 -3.854907 1.607335,
        2.426270 -3.545524 1.692913,
        2.428589 -3.533816 1.692913,
        2.310479 -3.533816 1.692913,
        2.330820 -3.635288 1.692913,
        2.428680 -3.569155 1.692913,
        2.426301 -3.557459 1.692913,
        2.310470 -3.568769 1.692913,
        2.317340 -3.603039 1.692913,
        2.330820 -3.635288 1.102362,
        2.317340 -3.603039 1.102362,
        2.310470 -3.568769 1.102362,
        2.310479 -3.533816 1.102362,
        2.428589 -3.533816 1.102362,
        2.426270 -3.545524 1.102362,
        2.426301 -3.557459 1.102362,
        2.428680 -3.569155 1.102362,
        2.587483 -2.474526 1.099008,
        2.591043 -2.450787 1.089176,
        2.591043 -2.450787 1.706100,
        2.594101 -2.430403 1.073534,
        2.598299 -2.402417 1.778491,
        2.597922 -2.404929 1.765864,
        2.597302 -2.409067 1.753673,
        2.596447 -2.414761 1.742126,
        2.597302 -2.409067 1.041603,
        2.597922 -2.404929 1.029411,
        2.598299 -2.402417 1.016784,
        2.594101 -2.430403 1.721741,
        2.595374 -2.421914 1.731421,
        2.583661 -2.500000 1.692913,
        2.587483 -2.474526 1.696267,
        2.583661 -2.500000 1.102362,
        2.595374 -2.421914 1.063854,
        2.596447 -2.414761 1.053150,
        2.465551 -2.500000 1.692913,
        2.480189 -2.402417 1.778491,
        2.472933 -2.450787 1.706100,
        2.472933 -2.450787 1.089176,
        2.469372 -2.474526 1.099008,
        2.479812 -2.404929 1.029411,
        2.479191 -2.409067 1.041603,
        2.478337 -2.414761 1.053150,
        2.478337 -2.414761 1.742126,
        2.479191 -2.409067 1.753673,
        2.479812 -2.404929 1.765864,
        2.477264 -2.421914 1.063854,
        2.475991 -2.430403 1.073534,
        2.465551 -2.500000 1.102362,
        2.469372 -2.474526 1.696267,
        2.480189 -2.402417 1.016784,
        2.475991 -2.430403 1.721741,
        2.477264 -2.421914 1.731421,
        2.591718 -1.456693 0.460863,
        2.572052 -1.456693 0.413386,
        2.500000 -1.456693 0.341333,
        2.540769 -1.456693 0.372617,
        2.565211 -1.350359 -1.484770,
        2.589296 -1.359722 -1.439611,
        2.500400 -1.209825 -1.606291,
        2.497305 -0.973606 -1.612094,
        2.759106 -0.752689 -1.121217,
        2.589296 -0.774136 -1.439611,
        2.759106 -1.381169 -1.121217,
        2.497305 -1.160252 -1.612094,
        2.498081 -1.185217 -1.610638,
        2.565211 -0.783499 -1.484770,
        2.500400 -0.924033 -1.606291,
        2.498081 -0.948641 -1.610638,
        2.509488 -1.256398 -1.589250,
        2.523987 -1.296987 -1.562066,
        2.542967 -1.328991 -1.526479,
        2.542967 -0.804867 -1.526479,
        2.523987 -0.836871 -1.562066,
        2.509488 -0.877460 -1.589250,
        2.649342 -0.789083 -1.567667,
        2.673427 -0.779720 -1.522509,
        2.584531 -0.929617 -1.689188,
        2.581436 -1.154668 -1.694992,
        2.843237 -1.375585 -1.204114,
        2.673427 -1.354138 -1.522509,
        2.843237 -0.758274 -1.204114,
        2.581436 -0.979190 -1.694992,
        2.582213 -0.954225 -1.693535,
        2.649342 -1.344775 -1.567667,
        2.584531 -1.204241 -1.689188,
        2.582213 -1.179633 -1.693535,
        2.593619 -0.883044 -1.672148,
        2.608118 -0.842455 -1.644963,
        2.627098 -0.810452 -1.609376,
        2.627098 -1.323407 -1.609376,
        2.608118 -1.291403 -1.644963,
        2.593619 -1.250814 -1.672148,
        2.763184 -1.392386 -0.954683,
        2.763184 -0.741472 -0.954683,
        2.776400 -0.745193 -1.009918,
        2.776400 -1.388666 -1.009918,
        2.775010 -0.749017 -1.066695,
        2.775010 -1.384841 -1.066695,
        2.877586 -0.752961 -1.125246,
        2.877586 -1.380897 -1.125246,
        2.890561 -0.747233 -1.040206,
        2.890561 -1.386626 -1.040206,
        2.881294 -0.741472 -0.954683,
        2.881294 -1.392386 -0.954683,
        -1.594488 -4.140490 2.257612,
        -0.807087 -4.140490 2.257612,
        -1.594488 -4.115427 2.277435,
        -0.807087 -4.115427 2.277435,
        -1.594488 -4.260841 2.245698,
        -0.807087 -4.260841 2.245698,
        -1.594488 -4.294703 2.258275,
        -0.807087 -4.294703 2.258275,
        -0.825509 -4.492102 2.331594,
        -0.850818 -4.560357 2.356946,
        -0.982391 -4.626861 2.381648,
        -0.833640 -4.527704 2.344818,
        -0.875998 -4.588077 2.367242,
        -0.907650 -4.609176 2.375079,
        -0.943848 -4.622372 2.379981,
        -1.550757 -4.560357 2.356946,
        -1.567935 -4.527704 2.344818,
        -1.525576 -4.588077 2.367242,
        -1.576065 -4.492102 2.331594,
        -1.493924 -4.609176 2.375079,
        -1.419184 -4.626861 2.381648,
        -1.457726 -4.622372 2.379981,
        -0.807087 -4.253579 2.368994,
        -0.807087 -4.219717 2.356417,
        -0.833640 -4.486579 2.455537,
        -0.825509 -4.450978 2.442314,
        -0.982391 -4.585737 2.492368,
        -0.907650 -4.568052 2.485799,
        -0.875998 -4.546952 2.477962,
        -0.850818 -4.519233 2.467666,
        -1.457726 -4.581247 2.490700,
        -1.419184 -4.585737 2.492368,
        -1.576065 -4.450978 2.442314,
        -1.594488 -4.253579 2.368994,
        -1.594488 -4.219717 2.356417,
        -1.567935 -4.486579 2.455537,
        -1.550757 -4.519233 2.467666,
        -1.525576 -4.546952 2.477962,
        -0.943848 -4.581247 2.490700,
        -1.493924 -4.568052 2.485799,
        -0.807087 -4.198944 2.360951,
        -0.807087 -4.202454 2.358163,
        -0.807087 -4.215365 2.355345,
        -0.807087 -4.210882 2.355285,
        -0.807087 -4.206503 2.356241,
        -1.594488 -4.198944 2.360951,
        -1.594488 -4.202454 2.358163,
        -1.594488 -4.206503 2.356241,
        -1.594488 -4.210882 2.355285,
        -1.594488 -4.215365 2.355345,
        -0.807087 -4.036422 2.356439,
        -1.594488 -4.036422 2.356439,
        -0.807087 -4.119939 2.439956,
        -1.594488 -4.119939 2.439956,
        -1.594488 -4.027598 2.361534,
        -0.807087 -4.027598 2.361534,
        -1.594488 -4.032346 2.359567,
        -0.807087 -4.032346 2.359567,
        -0.807087 -4.058167 2.475620,
        -0.807087 -4.091401 2.461854,
        -1.594488 -4.091401 2.461854,
        -1.594488 -4.058167 2.475620,
        -1.576065 -4.450978 0.352961,
        -1.594488 -4.253579 0.426281,
        -1.419184 -4.585737 0.302908,
        -0.982391 -4.585737 0.302908,
        -1.594488 -4.219717 0.438858,
        -0.807087 -4.219717 0.438858,
        -0.807087 -4.253579 0.426281,
        -0.825509 -4.450978 0.352961,
        -0.943848 -4.581247 0.304576,
        -1.525576 -4.546952 0.317314,
        -1.493924 -4.568052 0.309477,
        -1.457726 -4.581247 0.304576,
        -0.833640 -4.486579 0.339738,
        -0.850818 -4.519233 0.327609,
        -0.875998 -4.546952 0.317314,
        -1.550757 -4.519233 0.327609,
        -1.567935 -4.486579 0.339738,
        -0.907650 -4.568052 0.309477,
        -0.807087 -4.294703 0.537001,
        -0.807087 -4.260841 0.549578,
        -1.594488 -4.294703 0.537001,
        -1.594488 -4.260841 0.549578,
        -0.825509 -4.492102 0.463681,
        -0.982391 -4.626861 0.413628,
        -1.419184 -4.626861 0.413628,
        -1.567935 -4.527704 0.450457,
        -1.550757 -4.560357 0.438329,
        -1.525576 -4.588077 0.428033,
        -1.493924 -4.609176 0.420196,
        -1.457726 -4.622372 0.415295,
        -0.875998 -4.588077 0.428033,
        -0.907650 -4.609176 0.420196,
        -0.943848 -4.622372 0.415295,
        -0.850818 -4.560357 0.438329,
        -0.833640 -4.527704 0.450457,
        -1.576065 -4.492102 0.463681,
        -1.594488 -4.198944 0.434324,
        -0.807087 -4.198944 0.434324,
        -1.594488 -4.202454 0.437113,
        -0.807087 -4.202454 0.437113,
        -1.594488 -4.206503 0.439034,
        -0.807087 -4.206503 0.439034,
        -1.594488 -4.210882 0.439990,
        -0.807087 -4.210882 0.439990,
        -1.594488 -4.215365 0.439930,
        -0.807087 -4.215365 0.439930,
        -0.807087 -4.115427 0.517841,
        -0.807087 -4.139996 0.537358,
        -0.807087 -4.168344 0.550811,
        -0.807087 -4.199000 0.557501,
        -0.807087 -4.230374 0.557083,
        -1.594488 -4.230374 0.557083,
        -1.594488 -4.199000 0.557501,
        -1.594488 -4.168344 0.550811,
        -1.594488 -4.139996 0.537358,
        -1.594488 -4.115427 0.517841,
        -0.807087 -4.119939 0.355320,
        -1.594488 -4.119939 0.355320,
        -0.807087 -4.036422 0.438837,
        -1.594488 -4.036422 0.438837,
        -1.594488 -4.099058 0.338183,
        -0.807087 -4.099058 0.338183,
        -1.594488 -4.075235 0.325450,
        -0.807087 -4.075235 0.325450,
        -1.594488 -4.049385 0.317608,
        -0.807087 -4.049385 0.317608,
        -0.807087 -4.033439 0.436388,
        -0.807087 -4.030036 0.434569,
        -0.807087 -4.026343 0.433449,
        -1.594488 -4.026343 0.433449,
        -1.594488 -4.030036 0.434569,
        -1.594488 -4.033439 0.436388,
        -2.580174 -3.775968 1.102362,
        -2.433314 -3.580154 1.102362,
        -2.497244 -3.860066 1.102362,
        -2.350384 -3.664252 1.102362,
        -2.544620 -3.923234 1.654406,
        -2.497244 -3.860066 1.692913,
        -2.539470 -3.916367 1.664085,
        -2.512700 -3.880674 1.689559,
        -2.527102 -3.899876 1.679727,
        -2.552414 -3.933626 1.163122,
        -2.548959 -3.929020 1.151575,
        -2.548959 -3.929020 1.643701,
        -2.552414 -3.933626 1.632154,
        -2.554925 -3.936974 1.619963,
        -2.554925 -3.936974 1.175313,
        -2.544620 -3.923234 1.140870,
        -2.539470 -3.916367 1.131190,
        -2.512700 -3.880674 1.105716,
        -2.527102 -3.899876 1.115549,
        -2.556449 -3.939006 1.607335,
        -2.556960 -3.939687 1.594488,
        -2.350384 -3.664252 1.692913,
        -2.556960 -3.939687 1.200787,
        -2.556449 -3.939006 1.187941,
        -2.580174 -3.775968 1.692913,
        -2.433314 -3.580154 1.692913,
        -2.639891 -3.855589 1.200787,
        -2.639891 -3.855589 1.594488,
        -2.635345 -3.849528 1.632154,
        -2.631890 -3.844921 1.643701,
        -2.637856 -3.852876 1.619963,
        -2.627550 -3.839135 1.654406,
        -2.622400 -3.832268 1.664085,
        -2.595630 -3.796575 1.689559,
        -2.610033 -3.815778 1.679727,
        -2.627550 -3.839135 1.140870,
        -2.622400 -3.832268 1.131190,
        -2.595630 -3.796575 1.105716,
        -2.610033 -3.815778 1.115549,
        -2.631890 -3.844921 1.151575,
        -2.635345 -3.849528 1.163122,
        -2.637856 -3.852876 1.175313,
        -2.639380 -3.854907 1.607335,
        -2.639380 -3.854907 1.187941,
        -2.426270 -3.545524 1.102362,
        -2.428589 -3.533816 1.102362,
        -2.310479 -3.533816 1.102362,
        -2.330820 -3.635288 1.102362,
        -2.428680 -3.569155 1.102362,
        -2.426301 -3.557459 1.102362,
        -2.310470 -3.568769 1.102362,
        -2.317340 -3.603039 1.102362,
        -2.330820 -3.635288 1.692913,
        -2.317340 -3.603039 1.692913,
        -2.310470 -3.568769 1.692913,
        -2.310479 -3.533816 1.692913,
        -2.428589 -3.533816 1.692913,
        -2.426270 -3.545524 1.692913,
        -2.426301 -3.557459 1.692913,
        -2.428680 -3.569155 1.692913,
        -2.598299 -2.402417 1.016784,
        -2.597922 -2.404929 1.029411,
        -2.597302 -2.409067 1.041603,
        -2.596447 -2.414761 1.053150,
        -2.595374 -2.421914 1.063854,
        -2.594101 -2.430403 1.073534,
        -2.598299 -2.402417 1.778491,
        -2.591043 -2.450787 1.089176,
        -2.597922 -2.404929 1.765864,
        -2.595374 -2.421914 1.731421,
        -2.596447 -2.414761 1.742126,
        -2.597302 -2.409067 1.753673,
        -2.583661 -2.500000 1.102362,
        -2.583661 -2.500000 1.692913,
        -2.587483 -2.474526 1.099008,
        -2.587483 -2.474526 1.696267,
        -2.591043 -2.450787 1.706100,
        -2.594101 -2.430403 1.721741,
        -2.465551 -2.500000 1.102362,
        -2.480189 -2.402417 1.778491,
        -2.479812 -2.404929 1.765864,
        -2.479191 -2.409067 1.753673,
        -2.478337 -2.414761 1.742126,
        -2.477264 -2.421914 1.731421,
        -2.475991 -2.430403 1.721741,
        -2.480189 -2.402417 1.016784,
        -2.472933 -2.450787 1.706100,
        -2.479812 -2.404929 1.029411,
        -2.465551 -2.500000 1.692913,
        -2.477264 -2.421914 1.063854,
        -2.478337 -2.414761 1.053150,
        -2.479191 -2.409067 1.041603,
        -2.469372 -2.474526 1.099008,
        -2.469372 -2.474526 1.696267,
        -2.472933 -2.450787 1.089176,
        -2.475991 -2.430403 1.073534,
        -2.540769 -1.456693 0.372617,
        -2.572052 -1.456693 0.413386,
        -2.591718 -1.456693 0.460863,
        -2.500000 -1.456693 0.341333,
        -2.497305 -1.160252 -1.612094,
        -2.759106 -1.381169 -1.121217,
        -2.589296 -1.359722 -1.439611,
        -2.565211 -0.783499 -1.484770,
        -2.589296 -0.774136 -1.439611,
        -2.500400 -0.924033 -1.606291,
        -2.565211 -1.350359 -1.484770,
        -2.500400 -1.209825 -1.606291,
        -2.498081 -1.185217 -1.610638,
        -2.759106 -0.752689 -1.121217,
        -2.497305 -0.973606 -1.612094,
        -2.498081 -0.948641 -1.610638,
        -2.542967 -1.328991 -1.526479,
        -2.523987 -1.296987 -1.562066,
        -2.509488 -1.256398 -1.589250,
        -2.509488 -0.877460 -1.589250,
        -2.523987 -0.836871 -1.562066,
        -2.542967 -0.804867 -1.526479,
        -2.649342 -1.344775 -1.567667,
        -2.673427 -1.354138 -1.522509,
        -2.584531 -1.204241 -1.689188,
        -2.581436 -0.979190 -1.694992,
        -2.843237 -0.758274 -1.204114,
        -2.673427 -0.779720 -1.522509,
        -2.843237 -1.375585 -1.204114,
        -2.581436 -1.154668 -1.694992,
        -2.582213 -1.179633 -1.693535,
        -2.649342 -0.789083 -1.567667,
        -2.584531 -0.929617 -1.689188,
        -2.582213 -0.954225 -1.693535,
        -2.593619 -1.250814 -1.672148,
        -2.608118 -1.291403 -1.644963,
        -2.627098 -1.323407 -1.609376,
        -2.627098 -0.810452 -1.609376,
        -2.608118 -0.842455 -1.644963,
        -2.593619 -0.883044 -1.672148,
        -2.775010 -0.749017 -1.066695,
        -2.775010 -1.384841 -1.066695,
        -2.776400 -0.745193 -1.009918,
        -2.776400 -1.388666 -1.009918,
        -2.763184 -0.741472 -0.954683,
        -2.763184 -1.392386 -0.954683,
        -2.881294 -1.392386 -0.954683,
        -2.881294 -0.741472 -0.954683,
        -2.890561 -0.747233 -1.040206,
        -2.890561 -1.386626 -1.040206,
        -2.877586 -0.752961 -1.125246,
        -2.877586 -1.380897 -1.125246,
        -2.165354 -5.275591 0.118110,
        -2.165354 -5.275591 0.236220,
        -2.165354 -5.272907 0.256600,
        -2.165354 -5.386993 0.287169,
        -2.165354 -5.265041 0.275591,
        -2.165354 -5.367328 0.334646,
        -2.165354 -5.252528 0.291898,
        -2.165354 -5.336045 0.375415,
        -2.165354 -5.236220 0.304411,
        -2.165354 -5.295276 0.406698,
        -2.165354 -5.217230 0.312278,
        -2.165354 -5.247799 0.426363,
        2.165354 -5.275591 0.236220,
        2.165354 -5.275591 0.118110,
        2.165354 -5.217230 0.312278,
        2.165354 -5.247799 0.426363,
        2.165354 -5.236220 0.304411,
        2.165354 -5.295276 0.406698,
        2.165354 -5.252528 0.291898,
        2.165354 -5.336045 0.375415,
        2.165354 -5.265041 0.275591,
        2.165354 -5.367328 0.334646,
        2.165354 -5.272907 0.256600,
        2.165354 -5.386993 0.287169,
        -2.795276 -5.275591 2.145669,
        -2.677165 -5.275591 2.145669,
        -2.656786 -5.272907 2.145669,
        -2.626217 -5.386993 2.145669,
        -2.637795 -5.265041 2.145669,
        -2.578740 -5.367328 2.145669,
        -2.621488 -5.252528 2.145669,
        -2.537971 -5.336045 2.145669,
        -2.608974 -5.236220 2.145669,
        -2.506688 -5.295276 2.145669,
        -2.601108 -5.217230 2.145669,
        -2.487022 -5.247799 2.145669,
        -2.677165 -5.275591 0.649606,
        -2.795276 -5.275591 0.649606,
        -2.601108 -5.217230 0.649606,
        -2.487022 -5.247799 0.649606,
        -2.608974 -5.236220 0.649606,
        -2.506688 -5.295276 0.649606,
        -2.621488 -5.252528 0.649606,
        -2.537971 -5.336045 0.649606,
        -2.637795 -5.265041 0.649606,
        -2.578740 -5.367328 0.649606,
        -2.656786 -5.272907 0.649606,
        -2.626217 -5.386993 0.649606,
        2.795276 -5.275591 0.649606,
        2.677165 -5.275591 0.649606,
        2.656786 -5.272907 0.649606,
        2.626217 -5.386993 0.649606,
        2.637795 -5.265041 0.649606,
        2.578740 -5.367328 0.649606,
        2.621488 -5.252528 0.649606,
        2.537971 -5.336045 0.649606,
        2.608974 -5.236220 0.649606,
        2.506688 -5.295276 0.649606,
        2.601108 -5.217230 0.649606,
        2.487022 -5.247799 0.649606,
        2.677165 -5.275591 2.145669,
        2.795276 -5.275591 2.145669,
        2.601108 -5.217230 2.145669,
        2.487022 -5.247799 2.145669,
        2.608974 -5.236220 2.145669,
        2.506688 -5.295276 2.145669,
        2.621488 -5.252528 2.145669,
        2.537971 -5.336045 2.145669,
        2.637795 -5.265041 2.145669,
        2.578740 -5.367328 2.145669,
        2.656786 -5.272907 2.145669,
        2.626217 -5.386993 2.145669,
        2.165354 -5.275591 2.677165,
        2.165354 -5.275591 2.559055,
        2.165354 -5.272907 2.538676,
        2.165354 -5.386993 2.508107,
        2.165354 -5.265041 2.519685,
        2.165354 -5.367328 2.460630,
        2.165354 -5.252528 2.503378,
        2.165354 -5.336045 2.419861,
        2.165354 -5.236220 2.490864,
        2.165354 -5.295276 2.388578,
        2.165354 -5.217230 2.482998,
        2.165354 -5.247799 2.368912,
        -2.165354 -5.275591 2.559055,
        -2.165354 -5.275591 2.677165,
        -2.165354 -5.217230 2.482998,
        -2.165354 -5.247799 2.368912,
        -2.165354 -5.236220 2.490864,
        -2.165354 -5.295276 2.388578,
        -2.165354 -5.252528 2.503378,
        -2.165354 -5.336045 2.419861,
        -2.165354 -5.265041 2.519685,
        -2.165354 -5.367328 2.460630,
        -2.165354 -5.272907 2.538676,
        -2.165354 -5.386993 2.508107,
        -2.421954 -5.118110 2.359522,
        -2.452524 -5.118110 2.473607,
        -2.440945 -5.118110 2.351656,
        -2.500000 -5.118110 2.453942,
        -2.457252 -5.118110 2.339142,
        -2.540769 -5.118110 2.422659,
        -2.469766 -5.118110 2.322835,
        -2.572052 -5.118110 2.381890,
        -2.477632 -5.118110 2.303844,
        -2.591718 -5.118110 2.334413,
        2.477632 -5.118110 2.303844,
        2.591718 -5.118110 2.334413,
        2.469766 -5.118110 2.322835,
        2.572052 -5.118110 2.381890,
        2.457252 -5.118110 2.339142,
        2.540769 -5.118110 2.422659,
        2.440945 -5.118110 2.351656,
        2.500000 -5.118110 2.453942,
        2.421954 -5.118110 2.359522,
        2.452524 -5.118110 2.473607,
        2.421954 -5.118110 0.435754,
        2.452524 -5.118110 0.321668,
        2.440945 -5.118110 0.443620,
        2.500000 -5.118110 0.341333,
        2.457252 -5.118110 0.456133,
        2.540769 -5.118110 0.372617,
        2.469766 -5.118110 0.472441,
        2.572052 -5.118110 0.413386,
        2.477632 -5.118110 0.491431,
        2.591718 -5.118110 0.460863,
        -2.477632 -5.118110 0.491431,
        -2.591718 -5.118110 0.460863,
        -2.469766 -5.118110 0.472441,
        -2.572052 -5.118110 0.413386,
        -2.457252 -5.118110 0.456133,
        -2.540769 -5.118110 0.372617,
        -2.440945 -5.118110 0.443620,
        -2.500000 -5.118110 0.341333,
        -2.421954 -5.118110 0.435754,
        -2.452524 -5.118110 0.321668,
      ]
    }
    coordIndex [
      244, 147, 241, -1,
      241, 147, 155, -1,
      241, 155, 242, -1,
      242, 155, 164, -1,
      242, 164, 243, -1,
      243, 164, 163, -1,
      243, 163, 259, -1,
      259, 163, 162, -1,
      259, 162, 260, -1,
      260, 162, 181, -1,
      260, 181, 261, -1,
      261, 181, 180, -1,
      180, 179, 261, -1,
      261, 179, 267, -1,
      267, 179, 268, -1,
      268, 179, 169, -1,
      268, 169, 269, -1,
      269, 169, 168, -1,
      269, 168, 263, -1,
      263, 168, 178, -1,
      263, 178, 262, -1,
      262, 178, 177, -1,
      262, 177, 256, -1,
      256, 177, 175, -1,
      256, 175, 289, -1,
      289, 175, 172, -1,
      172, 203, 289, -1,
      289, 203, 287, -1,
      202, 204, 288, -1,
      288, 204, 290, -1,
      290, 204, 291, -1,
      291, 204, 205, -1,
      291, 205, 254, -1,
      254, 205, 173, -1,
      254, 173, 255, -1,
      255, 173, 171, -1,
      255, 171, 273, -1,
      273, 171, 170, -1,
      273, 170, 274, -1,
      274, 170, 174, -1,
      274, 174, 275, -1,
      275, 174, 176, -1,
      176, 195, 275, -1,
      275, 195, 248, -1,
      248, 195, 249, -1,
      249, 195, 194, -1,
      249, 194, 250, -1,
      250, 194, 161, -1,
      250, 161, 251, -1,
      251, 161, 160, -1,
      251, 160, 276, -1,
      276, 160, 159, -1,
      276, 159, 277, -1,
      277, 159, 157, -1,
      277, 157, 233, -1,
      233, 157, 156, -1,
      156, 151, 233, -1,
      233, 151, 246, -1,
      151, 148, 246, -1,
      246, 148, 245, -1,
      148, 147, 245, -1,
      245, 147, 244, -1,
      82, 81, 478, -1,
      82, 478, 479, -1,
      479, 478, 480, -1,
      479, 480, 481, -1,
      482, 483, 484, -1,
      484, 483, 485, -1,
      485, 486, 487, -1,
      487, 486, 488, -1,
      485, 487, 484, -1,
      484, 487, 489, -1,
      484, 489, 490, -1,
      488, 491, 487, -1,
      487, 491, 492, -1,
      487, 492, 493, -1,
      493, 492, 494, -1,
      495, 489, 496, -1,
      496, 489, 497, -1,
      495, 498, 489, -1,
      489, 498, 499, -1,
      489, 499, 490, -1,
      485, 483, 500, -1,
      500, 483, 501, -1,
      501, 502, 503, -1,
      504, 505, 506, -1,
      506, 505, 500, -1,
      506, 500, 507, -1,
      508, 509, 510, -1,
      511, 512, 513, -1,
      513, 512, 514, -1,
      513, 514, 515, -1,
      508, 510, 506, -1,
      506, 510, 516, -1,
      506, 516, 504, -1,
      511, 517, 512, -1,
      512, 517, 507, -1,
      512, 507, 503, -1,
      503, 507, 500, -1,
      503, 500, 501, -1,
      503, 502, 484, -1,
      484, 502, 482, -1,
      518, 519, 520, -1,
      520, 519, 521, -1,
      520, 521, 522, -1,
      522, 521, 523, -1,
      522, 523, 524, -1,
      524, 523, 525, -1,
      524, 525, 526, -1,
      526, 525, 527, -1,
      526, 527, 482, -1,
      482, 527, 483, -1,
      501, 483, 79, -1,
      79, 483, 527, -1,
      79, 527, 81, -1,
      519, 480, 521, -1,
      521, 480, 478, -1,
      521, 478, 523, -1,
      523, 478, 81, -1,
      523, 81, 525, -1,
      525, 81, 527, -1,
      501, 79, 502, -1,
      502, 79, 83, -1,
      481, 518, 479, -1,
      479, 518, 520, -1,
      479, 520, 82, -1,
      482, 502, 526, -1,
      526, 502, 83, -1,
      526, 83, 524, -1,
      524, 83, 82, -1,
      524, 82, 522, -1,
      522, 82, 520, -1,
      519, 518, 528, -1,
      528, 518, 529, -1,
      480, 519, 530, -1,
      530, 519, 528, -1,
      481, 480, 531, -1,
      531, 480, 530, -1,
      518, 481, 529, -1,
      529, 481, 531, -1,
      528, 529, 532, -1,
      528, 532, 533, -1,
      533, 532, 534, -1,
      533, 534, 535, -1,
      535, 534, 201, -1,
      535, 201, 200, -1,
      530, 528, 536, -1,
      536, 528, 533, -1,
      536, 533, 537, -1,
      537, 533, 535, -1,
      537, 535, 286, -1,
      286, 535, 200, -1,
      286, 285, 537, -1,
      537, 285, 538, -1,
      537, 538, 536, -1,
      536, 538, 539, -1,
      536, 539, 530, -1,
      530, 539, 531, -1,
      285, 201, 538, -1,
      538, 201, 534, -1,
      538, 534, 539, -1,
      539, 534, 532, -1,
      539, 532, 531, -1,
      531, 532, 529, -1,
      201, 285, 203, -1,
      203, 285, 287, -1,
      286, 200, 288, -1,
      288, 200, 202, -1,
      489, 487, 507, -1,
      507, 487, 506, -1,
      512, 503, 490, -1,
      490, 503, 484, -1,
      486, 485, 505, -1,
      505, 485, 500, -1,
      489, 507, 517, -1,
      489, 517, 497, -1,
      497, 517, 511, -1,
      497, 511, 496, -1,
      496, 511, 513, -1,
      496, 513, 495, -1,
      495, 513, 515, -1,
      495, 515, 498, -1,
      498, 515, 514, -1,
      498, 514, 499, -1,
      499, 514, 512, -1,
      499, 512, 490, -1,
      506, 487, 493, -1,
      506, 493, 508, -1,
      508, 493, 494, -1,
      508, 494, 509, -1,
      509, 494, 492, -1,
      509, 492, 510, -1,
      510, 492, 491, -1,
      510, 491, 516, -1,
      516, 491, 488, -1,
      516, 488, 504, -1,
      504, 488, 486, -1,
      504, 486, 505, -1,
      35, 307, 34, -1,
      34, 307, 301, -1,
      5, 325, 35, -1,
      35, 325, 307, -1,
      325, 5, 326, -1,
      326, 5, 7, -1,
      326, 7, 327, -1,
      327, 7, 6, -1,
      327, 6, 328, -1,
      328, 6, 4, -1,
      328, 4, 329, -1,
      329, 4, 3, -1,
      329, 3, 358, -1,
      358, 3, 2, -1,
      358, 2, 359, -1,
      359, 2, 29, -1,
      28, 360, 29, -1,
      29, 360, 359, -1,
      360, 28, 346, -1,
      346, 28, 27, -1,
      346, 27, 347, -1,
      347, 27, 26, -1,
      347, 26, 348, -1,
      348, 26, 25, -1,
      348, 25, 333, -1,
      333, 25, 24, -1,
      333, 24, 334, -1,
      334, 24, 21, -1,
      334, 21, 372, -1,
      372, 21, 22, -1,
      33, 370, 22, -1,
      22, 370, 372, -1,
      23, 373, 32, -1,
      32, 373, 371, -1,
      373, 23, 374, -1,
      374, 23, 20, -1,
      374, 20, 354, -1,
      354, 20, 19, -1,
      354, 19, 355, -1,
      355, 19, 18, -1,
      355, 18, 356, -1,
      356, 18, 17, -1,
      356, 17, 357, -1,
      357, 17, 16, -1,
      357, 16, 340, -1,
      340, 16, 15, -1,
      14, 341, 15, -1,
      15, 341, 340, -1,
      341, 14, 342, -1,
      342, 14, 13, -1,
      342, 13, 302, -1,
      302, 13, 12, -1,
      302, 12, 303, -1,
      303, 12, 8, -1,
      303, 8, 322, -1,
      322, 8, 9, -1,
      322, 9, 323, -1,
      323, 9, 10, -1,
      323, 10, 300, -1,
      300, 10, 11, -1,
      34, 301, 11, -1,
      11, 301, 300, -1,
      540, 541, 542, -1,
      542, 541, 543, -1,
      544, 540, 545, -1,
      545, 540, 546, -1,
      547, 545, 548, -1,
      548, 545, 549, -1,
      550, 551, 546, -1,
      546, 551, 552, -1,
      546, 552, 553, -1,
      553, 552, 554, -1,
      547, 555, 545, -1,
      545, 555, 556, -1,
      545, 556, 544, -1,
      540, 542, 546, -1,
      546, 542, 557, -1,
      546, 557, 550, -1,
      542, 543, 558, -1,
      558, 543, 559, -1,
      560, 561, 558, -1,
      562, 563, 560, -1,
      564, 565, 561, -1,
      561, 565, 566, -1,
      561, 566, 567, -1,
      559, 568, 558, -1,
      558, 568, 569, -1,
      558, 569, 560, -1,
      560, 569, 570, -1,
      560, 570, 571, -1,
      567, 572, 561, -1,
      561, 572, 573, -1,
      561, 573, 558, -1,
      571, 574, 560, -1,
      560, 574, 575, -1,
      560, 575, 562, -1,
      569, 568, 540, -1,
      540, 568, 541, -1,
      543, 541, 576, -1,
      543, 576, 577, -1,
      577, 576, 578, -1,
      577, 578, 579, -1,
      579, 578, 580, -1,
      579, 580, 581, -1,
      581, 580, 582, -1,
      581, 582, 583, -1,
      583, 582, 584, -1,
      583, 584, 585, -1,
      559, 543, 586, -1,
      586, 543, 577, -1,
      586, 577, 587, -1,
      587, 577, 579, -1,
      587, 579, 588, -1,
      588, 579, 581, -1,
      588, 581, 589, -1,
      589, 581, 583, -1,
      589, 583, 590, -1,
      590, 583, 585, -1,
      590, 591, 589, -1,
      589, 591, 592, -1,
      589, 592, 588, -1,
      588, 592, 593, -1,
      588, 593, 587, -1,
      587, 593, 594, -1,
      587, 594, 586, -1,
      586, 594, 595, -1,
      586, 595, 559, -1,
      559, 595, 568, -1,
      591, 584, 592, -1,
      592, 584, 582, -1,
      592, 582, 593, -1,
      593, 582, 580, -1,
      593, 580, 594, -1,
      594, 580, 578, -1,
      594, 578, 595, -1,
      595, 578, 576, -1,
      595, 576, 568, -1,
      568, 576, 541, -1,
      585, 584, 596, -1,
      596, 584, 597, -1,
      590, 585, 598, -1,
      598, 585, 596, -1,
      591, 590, 599, -1,
      599, 590, 598, -1,
      584, 591, 597, -1,
      597, 591, 599, -1,
      369, 368, 600, -1,
      600, 368, 601, -1,
      600, 601, 602, -1,
      602, 601, 603, -1,
      602, 603, 604, -1,
      604, 603, 605, -1,
      604, 605, 597, -1,
      597, 605, 596, -1,
      368, 31, 601, -1,
      601, 31, 606, -1,
      601, 606, 603, -1,
      603, 606, 607, -1,
      603, 607, 605, -1,
      605, 607, 608, -1,
      605, 608, 596, -1,
      596, 608, 598, -1,
      599, 598, 608, -1,
      599, 608, 609, -1,
      609, 608, 607, -1,
      609, 607, 610, -1,
      610, 607, 606, -1,
      610, 606, 611, -1,
      611, 606, 31, -1,
      611, 31, 30, -1,
      597, 599, 604, -1,
      604, 599, 609, -1,
      604, 609, 602, -1,
      602, 609, 610, -1,
      602, 610, 600, -1,
      600, 610, 611, -1,
      600, 611, 369, -1,
      369, 611, 30, -1,
      369, 30, 371, -1,
      371, 30, 32, -1,
      31, 368, 33, -1,
      33, 368, 370, -1,
      545, 546, 560, -1,
      560, 546, 561, -1,
      570, 569, 544, -1,
      544, 569, 540, -1,
      557, 542, 573, -1,
      573, 542, 558, -1,
      570, 544, 556, -1,
      570, 556, 571, -1,
      571, 556, 555, -1,
      571, 555, 574, -1,
      574, 555, 547, -1,
      574, 547, 575, -1,
      575, 547, 548, -1,
      575, 548, 562, -1,
      562, 548, 549, -1,
      562, 549, 563, -1,
      563, 549, 545, -1,
      563, 545, 560, -1,
      557, 573, 572, -1,
      557, 572, 550, -1,
      550, 572, 567, -1,
      550, 567, 551, -1,
      551, 567, 566, -1,
      551, 566, 552, -1,
      552, 566, 565, -1,
      552, 565, 554, -1,
      554, 565, 564, -1,
      554, 564, 553, -1,
      553, 564, 561, -1,
      553, 561, 546, -1,
      412, 410, 441, -1,
      441, 410, 431, -1,
      410, 396, 431, -1,
      431, 396, 433, -1,
      434, 433, 393, -1,
      393, 433, 396, -1,
      612, 613, 614, -1,
      614, 613, 615, -1,
      616, 617, 618, -1,
      618, 617, 619, -1,
      618, 619, 620, -1,
      621, 622, 614, -1,
      616, 623, 617, -1,
      617, 623, 624, -1,
      617, 624, 625, -1,
      621, 614, 626, -1,
      622, 627, 614, -1,
      614, 627, 628, -1,
      614, 628, 629, -1,
      629, 628, 630, -1,
      625, 631, 617, -1,
      617, 631, 632, -1,
      617, 632, 633, -1,
      633, 632, 615, -1,
      615, 632, 634, -1,
      615, 634, 614, -1,
      614, 634, 635, -1,
      614, 635, 626, -1,
      617, 633, 636, -1,
      636, 633, 637, -1,
      638, 639, 637, -1,
      640, 641, 636, -1,
      640, 636, 642, -1,
      641, 643, 636, -1,
      636, 643, 644, -1,
      636, 644, 645, -1,
      645, 644, 646, -1,
      647, 612, 648, -1,
      648, 612, 649, -1,
      648, 649, 650, -1,
      647, 651, 612, -1,
      612, 651, 652, -1,
      612, 652, 653, -1,
      637, 639, 636, -1,
      636, 639, 654, -1,
      636, 654, 642, -1,
      637, 613, 638, -1,
      638, 613, 612, -1,
      638, 612, 655, -1,
      655, 612, 653, -1,
      656, 657, 658, -1,
      615, 613, 659, -1,
      659, 613, 660, -1,
      656, 658, 661, -1,
      661, 658, 662, -1,
      661, 662, 660, -1,
      660, 662, 663, -1,
      660, 663, 659, -1,
      633, 615, 659, -1,
      633, 659, 664, -1,
      664, 659, 663, -1,
      664, 663, 665, -1,
      665, 663, 662, -1,
      665, 662, 666, -1,
      666, 662, 658, -1,
      666, 658, 667, -1,
      667, 668, 669, -1,
      667, 669, 666, -1,
      666, 669, 670, -1,
      666, 670, 665, -1,
      665, 670, 671, -1,
      665, 671, 664, -1,
      664, 671, 637, -1,
      664, 637, 633, -1,
      668, 657, 669, -1,
      669, 657, 656, -1,
      669, 656, 670, -1,
      670, 656, 661, -1,
      670, 661, 671, -1,
      671, 661, 660, -1,
      671, 660, 637, -1,
      637, 660, 613, -1,
      672, 673, 674, -1,
      674, 673, 675, -1,
      417, 416, 676, -1,
      676, 677, 417, -1,
      417, 677, 678, -1,
      417, 678, 679, -1,
      680, 681, 674, -1,
      674, 681, 682, -1,
      674, 682, 683, -1,
      683, 682, 417, -1,
      683, 417, 684, -1,
      684, 417, 679, -1,
      685, 657, 668, -1,
      674, 686, 672, -1,
      672, 686, 685, -1,
      672, 685, 687, -1,
      687, 685, 668, -1,
      675, 688, 674, -1,
      674, 688, 689, -1,
      674, 689, 680, -1,
      690, 658, 685, -1,
      685, 658, 657, -1,
      691, 445, 444, -1,
      692, 693, 694, -1,
      695, 696, 692, -1,
      692, 696, 697, -1,
      698, 699, 444, -1,
      444, 699, 700, -1,
      444, 700, 691, -1,
      697, 701, 692, -1,
      692, 701, 702, -1,
      692, 702, 693, -1,
      667, 658, 703, -1,
      703, 658, 690, -1,
      703, 690, 694, -1,
      694, 690, 704, -1,
      694, 704, 692, -1,
      695, 692, 705, -1,
      705, 692, 706, -1,
      705, 706, 444, -1,
      444, 706, 707, -1,
      444, 707, 698, -1,
      687, 668, 703, -1,
      703, 668, 667, -1,
      639, 638, 632, -1,
      632, 638, 634, -1,
      394, 708, 402, -1,
      402, 708, 709, -1,
      386, 388, 710, -1,
      710, 388, 402, -1,
      710, 402, 711, -1,
      711, 402, 709, -1,
      387, 385, 401, -1,
      401, 385, 391, -1,
      712, 713, 714, -1,
      715, 716, 717, -1,
      716, 715, 718, -1,
      718, 715, 719, -1,
      718, 719, 713, -1,
      713, 719, 720, -1,
      713, 720, 714, -1,
      721, 722, 717, -1,
      717, 722, 723, -1,
      717, 723, 715, -1,
      724, 725, 714, -1,
      714, 725, 726, -1,
      714, 726, 712, -1,
      721, 727, 722, -1,
      722, 727, 728, -1,
      722, 728, 729, -1,
      730, 731, 732, -1,
      733, 734, 735, -1,
      734, 733, 736, -1,
      736, 733, 737, -1,
      736, 737, 731, -1,
      731, 737, 738, -1,
      731, 738, 732, -1,
      739, 740, 735, -1,
      735, 740, 741, -1,
      735, 741, 733, -1,
      742, 743, 732, -1,
      732, 743, 744, -1,
      732, 744, 730, -1,
      739, 745, 740, -1,
      740, 745, 746, -1,
      740, 746, 747, -1,
      748, 749, 750, -1,
      748, 750, 751, -1,
      751, 750, 752, -1,
      751, 752, 753, -1,
      753, 752, 716, -1,
      753, 716, 718, -1,
      734, 736, 754, -1,
      734, 754, 755, -1,
      755, 754, 756, -1,
      755, 756, 757, -1,
      757, 756, 758, -1,
      757, 758, 759, -1,
      401, 402, 758, -1,
      758, 402, 759, -1,
      749, 748, 387, -1,
      387, 748, 388, -1,
      719, 715, 733, -1,
      733, 715, 737, -1,
      639, 632, 654, -1,
      654, 632, 631, -1,
      654, 631, 642, -1,
      631, 625, 642, -1,
      642, 625, 624, -1,
      642, 624, 640, -1,
      640, 624, 623, -1,
      640, 623, 641, -1,
      641, 623, 616, -1,
      641, 616, 643, -1,
      643, 616, 618, -1,
      643, 618, 644, -1,
      644, 618, 620, -1,
      644, 620, 646, -1,
      646, 620, 619, -1,
      646, 619, 645, -1,
      645, 619, 617, -1,
      645, 617, 636, -1,
      634, 638, 635, -1,
      635, 638, 655, -1,
      635, 655, 626, -1,
      626, 655, 653, -1,
      626, 653, 621, -1,
      621, 653, 652, -1,
      621, 652, 622, -1,
      622, 652, 651, -1,
      622, 651, 627, -1,
      627, 651, 647, -1,
      627, 647, 628, -1,
      647, 648, 628, -1,
      628, 648, 650, -1,
      628, 650, 630, -1,
      630, 650, 649, -1,
      630, 649, 629, -1,
      629, 649, 612, -1,
      629, 612, 614, -1,
      695, 680, 696, -1,
      696, 680, 689, -1,
      696, 689, 697, -1,
      697, 689, 688, -1,
      697, 688, 701, -1,
      701, 688, 675, -1,
      701, 675, 702, -1,
      702, 675, 673, -1,
      702, 673, 693, -1,
      693, 673, 672, -1,
      693, 672, 694, -1,
      694, 672, 687, -1,
      694, 687, 703, -1,
      444, 417, 705, -1,
      705, 417, 682, -1,
      705, 682, 695, -1,
      695, 682, 681, -1,
      695, 681, 680, -1,
      417, 444, 403, -1,
      403, 444, 443, -1,
      403, 443, 404, -1,
      404, 443, 429, -1,
      404, 429, 405, -1,
      405, 429, 428, -1,
      405, 428, 406, -1,
      406, 428, 426, -1,
      406, 426, 392, -1,
      392, 426, 425, -1,
      392, 425, 393, -1,
      393, 425, 434, -1,
      412, 441, 413, -1,
      413, 441, 440, -1,
      413, 440, 408, -1,
      408, 440, 439, -1,
      408, 439, 409, -1,
      409, 439, 438, -1,
      409, 438, 414, -1,
      414, 438, 436, -1,
      414, 436, 415, -1,
      415, 436, 435, -1,
      415, 435, 416, -1,
      416, 435, 445, -1,
      683, 692, 674, -1,
      674, 692, 704, -1,
      674, 704, 686, -1,
      686, 704, 690, -1,
      686, 690, 685, -1,
      416, 445, 676, -1,
      676, 445, 691, -1,
      676, 691, 677, -1,
      677, 691, 700, -1,
      677, 700, 678, -1,
      678, 700, 699, -1,
      678, 699, 679, -1,
      679, 699, 698, -1,
      679, 698, 684, -1,
      684, 698, 707, -1,
      684, 707, 683, -1,
      683, 707, 706, -1,
      683, 706, 692, -1,
      755, 718, 734, -1,
      734, 718, 713, -1,
      734, 713, 735, -1,
      402, 388, 759, -1,
      759, 388, 748, -1,
      759, 748, 757, -1,
      757, 748, 751, -1,
      757, 751, 755, -1,
      755, 751, 753, -1,
      755, 753, 718, -1,
      387, 401, 749, -1,
      749, 401, 758, -1,
      749, 758, 750, -1,
      750, 758, 756, -1,
      750, 756, 752, -1,
      752, 756, 754, -1,
      752, 754, 716, -1,
      716, 754, 736, -1,
      716, 736, 717, -1,
      717, 736, 731, -1,
      719, 733, 720, -1,
      720, 733, 741, -1,
      720, 741, 714, -1,
      741, 740, 714, -1,
      714, 740, 747, -1,
      714, 747, 724, -1,
      724, 747, 746, -1,
      724, 746, 725, -1,
      725, 746, 745, -1,
      725, 745, 726, -1,
      726, 745, 739, -1,
      726, 739, 712, -1,
      712, 739, 735, -1,
      712, 735, 713, -1,
      737, 715, 738, -1,
      738, 715, 723, -1,
      738, 723, 732, -1,
      723, 722, 732, -1,
      732, 722, 729, -1,
      732, 729, 742, -1,
      742, 729, 728, -1,
      742, 728, 743, -1,
      743, 728, 727, -1,
      743, 727, 744, -1,
      744, 727, 721, -1,
      744, 721, 730, -1,
      730, 721, 717, -1,
      730, 717, 731, -1,
      188, 229, 189, -1,
      189, 229, 225, -1,
      158, 247, 188, -1,
      188, 247, 229, -1,
      247, 158, 231, -1,
      231, 158, 165, -1,
      231, 165, 232, -1,
      232, 165, 212, -1,
      232, 212, 234, -1,
      234, 212, 211, -1,
      234, 211, 235, -1,
      235, 211, 210, -1,
      235, 210, 282, -1,
      282, 210, 209, -1,
      282, 209, 283, -1,
      283, 209, 196, -1,
      187, 284, 196, -1,
      196, 284, 283, -1,
      284, 187, 270, -1,
      270, 187, 199, -1,
      270, 199, 271, -1,
      271, 199, 208, -1,
      271, 208, 272, -1,
      272, 208, 207, -1,
      272, 207, 257, -1,
      257, 207, 206, -1,
      257, 206, 258, -1,
      258, 206, 222, -1,
      258, 222, 296, -1,
      296, 222, 221, -1,
      219, 294, 221, -1,
      221, 294, 296, -1,
      220, 297, 218, -1,
      218, 297, 295, -1,
      297, 220, 298, -1,
      298, 220, 198, -1,
      298, 198, 278, -1,
      278, 198, 197, -1,
      278, 197, 279, -1,
      279, 197, 186, -1,
      279, 186, 280, -1,
      280, 186, 185, -1,
      280, 185, 281, -1,
      281, 185, 215, -1,
      281, 215, 264, -1,
      264, 215, 214, -1,
      213, 265, 214, -1,
      214, 265, 264, -1,
      265, 213, 266, -1,
      266, 213, 184, -1,
      266, 184, 236, -1,
      236, 184, 183, -1,
      236, 183, 237, -1,
      237, 183, 182, -1,
      237, 182, 252, -1,
      252, 182, 193, -1,
      252, 193, 253, -1,
      253, 193, 192, -1,
      253, 192, 224, -1,
      224, 192, 191, -1,
      189, 225, 191, -1,
      191, 225, 224, -1,
      80, 78, 760, -1,
      80, 760, 761, -1,
      761, 760, 762, -1,
      761, 762, 763, -1,
      764, 765, 766, -1,
      766, 765, 767, -1,
      766, 767, 768, -1,
      769, 770, 771, -1,
      771, 770, 768, -1,
      769, 772, 770, -1,
      770, 772, 773, -1,
      770, 773, 774, -1,
      775, 776, 777, -1,
      777, 776, 778, -1,
      777, 778, 779, -1,
      768, 770, 766, -1,
      766, 770, 780, -1,
      766, 780, 778, -1,
      778, 780, 781, -1,
      778, 781, 779, -1,
      767, 765, 782, -1,
      782, 765, 783, -1,
      784, 785, 786, -1,
      787, 788, 789, -1,
      790, 791, 792, -1,
      792, 791, 793, -1,
      783, 794, 782, -1,
      782, 794, 793, -1,
      782, 793, 785, -1,
      785, 793, 791, -1,
      785, 791, 786, -1,
      795, 796, 797, -1,
      784, 786, 789, -1,
      789, 786, 798, -1,
      789, 798, 787, -1,
      795, 797, 792, -1,
      792, 797, 799, -1,
      792, 799, 790, -1,
      793, 794, 766, -1,
      766, 794, 764, -1,
      764, 77, 765, -1,
      765, 77, 76, -1,
      763, 800, 761, -1,
      761, 800, 801, -1,
      761, 801, 80, -1,
      783, 765, 802, -1,
      802, 765, 76, -1,
      802, 76, 803, -1,
      803, 76, 80, -1,
      803, 80, 804, -1,
      804, 80, 801, -1,
      800, 805, 801, -1,
      801, 805, 806, -1,
      801, 806, 804, -1,
      804, 806, 807, -1,
      804, 807, 803, -1,
      803, 807, 808, -1,
      803, 808, 802, -1,
      802, 808, 809, -1,
      802, 809, 783, -1,
      783, 809, 794, -1,
      764, 794, 77, -1,
      77, 794, 809, -1,
      77, 809, 78, -1,
      805, 762, 806, -1,
      806, 762, 760, -1,
      806, 760, 807, -1,
      807, 760, 78, -1,
      807, 78, 808, -1,
      808, 78, 809, -1,
      763, 762, 810, -1,
      810, 762, 811, -1,
      800, 763, 812, -1,
      812, 763, 810, -1,
      805, 800, 813, -1,
      813, 800, 812, -1,
      762, 805, 811, -1,
      811, 805, 813, -1,
      293, 292, 814, -1,
      814, 292, 815, -1,
      814, 815, 816, -1,
      816, 815, 817, -1,
      816, 817, 811, -1,
      811, 817, 810, -1,
      292, 217, 815, -1,
      815, 217, 818, -1,
      815, 818, 817, -1,
      817, 818, 819, -1,
      817, 819, 810, -1,
      810, 819, 812, -1,
      813, 812, 819, -1,
      813, 819, 820, -1,
      820, 819, 818, -1,
      820, 818, 821, -1,
      821, 818, 217, -1,
      821, 217, 216, -1,
      811, 813, 816, -1,
      816, 813, 820, -1,
      816, 820, 814, -1,
      814, 820, 821, -1,
      814, 821, 293, -1,
      293, 821, 216, -1,
      293, 216, 295, -1,
      295, 216, 218, -1,
      217, 292, 219, -1,
      219, 292, 294, -1,
      780, 770, 791, -1,
      791, 770, 786, -1,
      792, 793, 778, -1,
      778, 793, 766, -1,
      768, 767, 785, -1,
      785, 767, 782, -1,
      792, 778, 776, -1,
      792, 776, 795, -1,
      795, 776, 775, -1,
      795, 775, 796, -1,
      796, 775, 777, -1,
      796, 777, 797, -1,
      797, 777, 779, -1,
      797, 779, 799, -1,
      799, 779, 781, -1,
      799, 781, 790, -1,
      790, 781, 780, -1,
      790, 780, 791, -1,
      768, 785, 784, -1,
      768, 784, 771, -1,
      771, 784, 789, -1,
      771, 789, 769, -1,
      769, 789, 788, -1,
      769, 788, 772, -1,
      772, 788, 787, -1,
      772, 787, 773, -1,
      773, 787, 798, -1,
      773, 798, 774, -1,
      774, 798, 786, -1,
      774, 786, 770, -1,
      316, 70, 317, -1,
      317, 70, 69, -1,
      317, 69, 312, -1,
      312, 69, 47, -1,
      312, 47, 313, -1,
      313, 47, 46, -1,
      313, 46, 335, -1,
      335, 46, 45, -1,
      335, 45, 336, -1,
      336, 45, 43, -1,
      336, 43, 337, -1,
      337, 43, 42, -1,
      42, 61, 337, -1,
      337, 61, 343, -1,
      343, 61, 344, -1,
      344, 61, 60, -1,
      344, 60, 345, -1,
      345, 60, 59, -1,
      345, 59, 339, -1,
      339, 59, 53, -1,
      339, 53, 338, -1,
      338, 53, 52, -1,
      338, 52, 332, -1,
      332, 52, 49, -1,
      332, 49, 365, -1,
      365, 49, 48, -1,
      48, 66, 365, -1,
      365, 66, 363, -1,
      65, 58, 364, -1,
      364, 58, 366, -1,
      366, 58, 367, -1,
      367, 58, 57, -1,
      367, 57, 330, -1,
      330, 57, 56, -1,
      330, 56, 331, -1,
      331, 56, 55, -1,
      331, 55, 349, -1,
      349, 55, 54, -1,
      349, 54, 350, -1,
      350, 54, 50, -1,
      350, 50, 351, -1,
      351, 50, 51, -1,
      51, 62, 351, -1,
      351, 62, 318, -1,
      318, 62, 319, -1,
      319, 62, 41, -1,
      319, 41, 320, -1,
      320, 41, 40, -1,
      320, 40, 321, -1,
      321, 40, 39, -1,
      321, 39, 352, -1,
      352, 39, 38, -1,
      352, 38, 353, -1,
      353, 38, 37, -1,
      353, 37, 324, -1,
      324, 37, 36, -1,
      36, 68, 324, -1,
      324, 68, 314, -1,
      68, 67, 314, -1,
      314, 67, 315, -1,
      67, 70, 315, -1,
      315, 70, 316, -1,
      822, 823, 824, -1,
      824, 823, 825, -1,
      826, 827, 823, -1,
      823, 827, 828, -1,
      823, 828, 825, -1,
      825, 828, 829, -1,
      825, 829, 830, -1,
      831, 824, 832, -1,
      832, 824, 833, -1,
      834, 835, 836, -1,
      831, 837, 824, -1,
      824, 837, 838, -1,
      824, 838, 822, -1,
      834, 836, 829, -1,
      829, 836, 839, -1,
      829, 839, 830, -1,
      828, 827, 840, -1,
      840, 827, 841, -1,
      840, 841, 842, -1,
      842, 841, 843, -1,
      844, 840, 845, -1,
      845, 840, 846, -1,
      847, 848, 846, -1,
      848, 849, 846, -1,
      846, 849, 850, -1,
      846, 850, 851, -1,
      852, 845, 853, -1,
      853, 845, 854, -1,
      852, 855, 845, -1,
      845, 855, 856, -1,
      845, 856, 844, -1,
      840, 842, 846, -1,
      846, 842, 857, -1,
      846, 857, 847, -1,
      842, 843, 823, -1,
      823, 843, 826, -1,
      858, 859, 860, -1,
      860, 859, 861, -1,
      860, 861, 862, -1,
      862, 861, 863, -1,
      862, 863, 864, -1,
      864, 863, 865, -1,
      864, 865, 866, -1,
      866, 865, 867, -1,
      866, 867, 826, -1,
      826, 867, 827, -1,
      859, 868, 861, -1,
      861, 868, 869, -1,
      861, 869, 863, -1,
      863, 869, 870, -1,
      863, 870, 865, -1,
      865, 870, 871, -1,
      865, 871, 867, -1,
      867, 871, 872, -1,
      867, 872, 827, -1,
      827, 872, 841, -1,
      843, 841, 872, -1,
      843, 872, 873, -1,
      873, 872, 871, -1,
      873, 871, 874, -1,
      874, 871, 870, -1,
      874, 870, 875, -1,
      875, 870, 869, -1,
      875, 869, 876, -1,
      876, 869, 868, -1,
      876, 868, 877, -1,
      826, 843, 866, -1,
      866, 843, 873, -1,
      866, 873, 864, -1,
      864, 873, 874, -1,
      864, 874, 862, -1,
      862, 874, 875, -1,
      862, 875, 860, -1,
      860, 875, 876, -1,
      860, 876, 858, -1,
      858, 876, 877, -1,
      859, 858, 878, -1,
      878, 858, 879, -1,
      868, 859, 880, -1,
      880, 859, 878, -1,
      877, 868, 881, -1,
      881, 868, 880, -1,
      858, 877, 879, -1,
      879, 877, 881, -1,
      878, 879, 882, -1,
      878, 882, 883, -1,
      883, 882, 884, -1,
      883, 884, 885, -1,
      885, 884, 886, -1,
      885, 886, 887, -1,
      887, 886, 64, -1,
      887, 64, 63, -1,
      880, 878, 888, -1,
      888, 878, 883, -1,
      888, 883, 889, -1,
      889, 883, 885, -1,
      889, 885, 890, -1,
      890, 885, 887, -1,
      890, 887, 362, -1,
      362, 887, 63, -1,
      362, 361, 890, -1,
      890, 361, 891, -1,
      890, 891, 889, -1,
      889, 891, 892, -1,
      889, 892, 888, -1,
      888, 892, 893, -1,
      888, 893, 880, -1,
      880, 893, 881, -1,
      361, 64, 891, -1,
      891, 64, 886, -1,
      891, 886, 892, -1,
      892, 886, 884, -1,
      892, 884, 893, -1,
      893, 884, 882, -1,
      893, 882, 881, -1,
      881, 882, 879, -1,
      64, 361, 66, -1,
      66, 361, 363, -1,
      362, 63, 364, -1,
      364, 63, 65, -1,
      824, 825, 846, -1,
      846, 825, 845, -1,
      857, 842, 822, -1,
      822, 842, 823, -1,
      829, 828, 844, -1,
      844, 828, 840, -1,
      824, 846, 851, -1,
      824, 851, 833, -1,
      833, 851, 850, -1,
      833, 850, 832, -1,
      832, 850, 849, -1,
      832, 849, 831, -1,
      831, 849, 848, -1,
      831, 848, 837, -1,
      837, 848, 847, -1,
      837, 847, 838, -1,
      838, 847, 857, -1,
      838, 857, 822, -1,
      845, 825, 830, -1,
      845, 830, 854, -1,
      854, 830, 839, -1,
      854, 839, 853, -1,
      853, 839, 836, -1,
      853, 836, 852, -1,
      852, 836, 835, -1,
      852, 835, 855, -1,
      855, 835, 834, -1,
      855, 834, 856, -1,
      856, 834, 829, -1,
      856, 829, 844, -1,
      97, 126, 99, -1,
      99, 126, 134, -1,
      123, 126, 96, -1,
      96, 126, 97, -1,
      107, 99, 136, -1,
      136, 99, 134, -1,
      894, 895, 896, -1,
      896, 895, 897, -1,
      898, 899, 900, -1,
      900, 899, 901, -1,
      900, 901, 902, -1,
      903, 904, 896, -1,
      898, 905, 899, -1,
      899, 905, 906, -1,
      899, 906, 907, -1,
      903, 896, 908, -1,
      904, 909, 896, -1,
      896, 909, 910, -1,
      896, 910, 911, -1,
      911, 910, 912, -1,
      907, 913, 899, -1,
      899, 913, 914, -1,
      899, 914, 915, -1,
      915, 914, 897, -1,
      897, 914, 916, -1,
      897, 916, 896, -1,
      896, 916, 917, -1,
      896, 917, 908, -1,
      899, 915, 918, -1,
      918, 915, 919, -1,
      920, 921, 919, -1,
      922, 923, 918, -1,
      922, 918, 924, -1,
      923, 925, 918, -1,
      918, 925, 926, -1,
      918, 926, 927, -1,
      927, 926, 928, -1,
      929, 894, 930, -1,
      930, 894, 931, -1,
      930, 931, 932, -1,
      929, 933, 894, -1,
      894, 933, 934, -1,
      894, 934, 935, -1,
      919, 921, 918, -1,
      918, 921, 936, -1,
      918, 936, 924, -1,
      919, 895, 920, -1,
      920, 895, 894, -1,
      920, 894, 937, -1,
      937, 894, 935, -1,
      938, 939, 940, -1,
      897, 895, 941, -1,
      941, 895, 942, -1,
      938, 940, 943, -1,
      943, 940, 944, -1,
      943, 944, 942, -1,
      942, 944, 945, -1,
      942, 945, 941, -1,
      915, 897, 941, -1,
      915, 941, 946, -1,
      946, 941, 945, -1,
      946, 945, 947, -1,
      947, 945, 944, -1,
      947, 944, 948, -1,
      948, 944, 940, -1,
      948, 940, 949, -1,
      949, 950, 951, -1,
      949, 951, 948, -1,
      948, 951, 952, -1,
      948, 952, 947, -1,
      947, 952, 953, -1,
      947, 953, 946, -1,
      946, 953, 919, -1,
      946, 919, 915, -1,
      950, 939, 951, -1,
      951, 939, 938, -1,
      951, 938, 952, -1,
      952, 938, 943, -1,
      952, 943, 953, -1,
      953, 943, 942, -1,
      953, 942, 919, -1,
      919, 942, 895, -1,
      120, 119, 954, -1,
      954, 955, 120, -1,
      120, 955, 956, -1,
      120, 956, 957, -1,
      957, 958, 120, -1,
      120, 958, 959, -1,
      120, 959, 960, -1,
      960, 959, 961, -1,
      960, 961, 962, -1,
      963, 964, 961, -1,
      961, 964, 965, -1,
      961, 965, 962, -1,
      939, 950, 966, -1,
      966, 950, 967, -1,
      966, 967, 968, -1,
      967, 969, 968, -1,
      968, 969, 970, -1,
      968, 970, 961, -1,
      961, 970, 971, -1,
      961, 971, 963, -1,
      972, 940, 966, -1,
      966, 940, 939, -1,
      146, 145, 973, -1,
      973, 974, 146, -1,
      146, 974, 975, -1,
      146, 975, 976, -1,
      976, 977, 146, -1,
      146, 977, 978, -1,
      146, 978, 979, -1,
      979, 978, 980, -1,
      979, 980, 981, -1,
      982, 949, 940, -1,
      983, 984, 980, -1,
      980, 984, 985, -1,
      980, 985, 981, -1,
      940, 972, 982, -1,
      982, 972, 986, -1,
      982, 986, 987, -1,
      987, 986, 988, -1,
      987, 988, 980, -1,
      980, 988, 989, -1,
      980, 989, 983, -1,
      967, 950, 982, -1,
      982, 950, 949, -1,
      916, 914, 920, -1,
      920, 914, 921, -1,
      990, 991, 102, -1,
      102, 991, 992, -1,
      102, 992, 103, -1,
      390, 389, 102, -1,
      102, 389, 993, -1,
      102, 993, 990, -1,
      994, 995, 996, -1,
      997, 998, 999, -1,
      1000, 1001, 996, -1,
      996, 1001, 1002, -1,
      996, 1002, 994, -1,
      995, 994, 1003, -1,
      1003, 994, 1004, -1,
      1003, 1004, 998, -1,
      998, 1004, 1005, -1,
      998, 1005, 999, -1,
      1000, 1006, 1001, -1,
      1001, 1006, 1007, -1,
      1001, 1007, 1008, -1,
      1009, 1010, 999, -1,
      999, 1010, 1011, -1,
      999, 1011, 997, -1,
      1012, 1013, 1014, -1,
      1015, 1016, 1017, -1,
      1016, 1015, 1018, -1,
      1018, 1015, 1019, -1,
      1018, 1019, 1013, -1,
      1013, 1019, 1020, -1,
      1013, 1020, 1014, -1,
      1021, 1022, 1017, -1,
      1017, 1022, 1023, -1,
      1017, 1023, 1015, -1,
      1024, 1025, 1014, -1,
      1014, 1025, 1026, -1,
      1014, 1026, 1012, -1,
      1021, 1027, 1022, -1,
      1022, 1027, 1028, -1,
      1022, 1028, 1029, -1,
      995, 1003, 1030, -1,
      995, 1030, 1031, -1,
      1031, 1030, 1032, -1,
      1031, 1032, 1033, -1,
      1033, 1032, 1034, -1,
      1033, 1034, 1035, -1,
      1036, 1037, 1038, -1,
      1036, 1038, 1039, -1,
      1039, 1038, 1040, -1,
      1039, 1040, 1041, -1,
      1041, 1040, 1016, -1,
      1041, 1016, 1018, -1,
      1036, 102, 1037, -1,
      1037, 102, 104, -1,
      390, 1035, 122, -1,
      122, 1035, 1034, -1,
      1019, 1015, 994, -1,
      994, 1015, 1004, -1,
      910, 932, 912, -1,
      912, 932, 931, -1,
      912, 931, 911, -1,
      911, 931, 894, -1,
      911, 894, 896, -1,
      916, 920, 917, -1,
      917, 920, 937, -1,
      917, 937, 908, -1,
      908, 937, 935, -1,
      908, 935, 903, -1,
      903, 935, 934, -1,
      903, 934, 904, -1,
      904, 934, 933, -1,
      904, 933, 909, -1,
      909, 933, 929, -1,
      909, 929, 910, -1,
      910, 929, 930, -1,
      910, 930, 932, -1,
      924, 906, 922, -1,
      922, 906, 905, -1,
      922, 905, 923, -1,
      923, 905, 898, -1,
      923, 898, 925, -1,
      925, 898, 900, -1,
      925, 900, 926, -1,
      926, 900, 902, -1,
      926, 902, 928, -1,
      928, 902, 901, -1,
      928, 901, 927, -1,
      927, 901, 899, -1,
      927, 899, 918, -1,
      921, 914, 936, -1,
      936, 914, 913, -1,
      936, 913, 924, -1,
      924, 913, 907, -1,
      924, 907, 906, -1,
      119, 146, 954, -1,
      954, 146, 979, -1,
      954, 979, 955, -1,
      955, 979, 981, -1,
      955, 981, 956, -1,
      956, 981, 985, -1,
      956, 985, 957, -1,
      957, 985, 984, -1,
      957, 984, 958, -1,
      958, 984, 983, -1,
      958, 983, 959, -1,
      983, 989, 959, -1,
      959, 989, 988, -1,
      959, 988, 961, -1,
      961, 988, 986, -1,
      961, 986, 968, -1,
      968, 986, 972, -1,
      968, 972, 966, -1,
      107, 136, 108, -1,
      108, 136, 138, -1,
      108, 138, 109, -1,
      109, 138, 139, -1,
      109, 139, 110, -1,
      110, 139, 143, -1,
      110, 143, 111, -1,
      111, 143, 142, -1,
      111, 142, 118, -1,
      118, 142, 141, -1,
      118, 141, 119, -1,
      119, 141, 146, -1,
      120, 145, 121, -1,
      121, 145, 144, -1,
      121, 144, 115, -1,
      115, 144, 129, -1,
      115, 129, 114, -1,
      114, 129, 128, -1,
      114, 128, 112, -1,
      112, 128, 127, -1,
      112, 127, 117, -1,
      117, 127, 124, -1,
      117, 124, 96, -1,
      96, 124, 123, -1,
      145, 120, 973, -1,
      973, 120, 960, -1,
      973, 960, 974, -1,
      960, 962, 974, -1,
      974, 962, 965, -1,
      974, 965, 975, -1,
      975, 965, 964, -1,
      975, 964, 976, -1,
      976, 964, 963, -1,
      976, 963, 977, -1,
      977, 963, 971, -1,
      977, 971, 978, -1,
      978, 971, 970, -1,
      978, 970, 980, -1,
      980, 970, 969, -1,
      980, 969, 987, -1,
      987, 969, 967, -1,
      987, 967, 982, -1,
      390, 102, 1035, -1,
      1035, 102, 1036, -1,
      1035, 1036, 1033, -1,
      1033, 1036, 1039, -1,
      1033, 1039, 1031, -1,
      1031, 1039, 1041, -1,
      1031, 1041, 995, -1,
      995, 1041, 1018, -1,
      995, 1018, 996, -1,
      996, 1018, 1013, -1,
      1040, 1003, 1016, -1,
      1016, 1003, 998, -1,
      1016, 998, 1017, -1,
      104, 122, 1037, -1,
      1037, 122, 1034, -1,
      1037, 1034, 1038, -1,
      1038, 1034, 1032, -1,
      1038, 1032, 1040, -1,
      1040, 1032, 1030, -1,
      1040, 1030, 1003, -1,
      1019, 994, 1020, -1,
      1020, 994, 1002, -1,
      1020, 1002, 1014, -1,
      1002, 1001, 1014, -1,
      1014, 1001, 1008, -1,
      1014, 1008, 1024, -1,
      1024, 1008, 1007, -1,
      1024, 1007, 1025, -1,
      1025, 1007, 1006, -1,
      1025, 1006, 1026, -1,
      1026, 1006, 1000, -1,
      1026, 1000, 1012, -1,
      1012, 1000, 996, -1,
      1012, 996, 1013, -1,
      1004, 1015, 1005, -1,
      1005, 1015, 1023, -1,
      1005, 1023, 999, -1,
      1023, 1022, 999, -1,
      999, 1022, 1029, -1,
      999, 1029, 1009, -1,
      1009, 1029, 1028, -1,
      1009, 1028, 1010, -1,
      1010, 1028, 1027, -1,
      1010, 1027, 1011, -1,
      1011, 1027, 1021, -1,
      1011, 1021, 997, -1,
      997, 1021, 1017, -1,
      997, 1017, 998, -1,
      1042, 85, 1043, -1,
      1043, 85, 84, -1,
      1043, 84, 1044, -1,
      1044, 84, 1045, -1,
      1044, 1045, 1046, -1,
      1046, 1045, 1047, -1,
      1046, 1047, 1048, -1,
      1048, 1047, 1049, -1,
      1048, 1049, 1050, -1,
      1050, 1049, 1051, -1,
      1050, 1051, 1052, -1,
      1052, 1051, 1053, -1,
      1052, 1053, 75, -1,
      75, 1053, 308, -1,
      75, 308, 72, -1,
      72, 308, 311, -1,
      1054, 1055, 1043, -1,
      1043, 1055, 1042, -1,
      0, 305, 1, -1,
      1, 305, 306, -1,
      1, 306, 1056, -1,
      1056, 306, 1057, -1,
      1056, 1057, 1058, -1,
      1058, 1057, 1059, -1,
      1058, 1059, 1060, -1,
      1060, 1059, 1061, -1,
      1060, 1061, 1062, -1,
      1062, 1061, 1063, -1,
      1062, 1063, 1064, -1,
      1064, 1063, 1065, -1,
      1064, 1065, 1054, -1,
      1054, 1065, 86, -1,
      1054, 86, 1055, -1,
      1055, 86, 87, -1,
      1055, 87, 1042, -1,
      1042, 87, 85, -1,
      1066, 89, 1067, -1,
      1067, 89, 88, -1,
      1067, 88, 1068, -1,
      1068, 88, 1069, -1,
      1068, 1069, 1070, -1,
      1070, 1069, 1071, -1,
      1070, 1071, 1072, -1,
      1072, 1071, 1073, -1,
      1072, 1073, 1074, -1,
      1074, 1073, 1075, -1,
      1074, 1075, 1076, -1,
      1076, 1075, 1077, -1,
      1076, 1077, 105, -1,
      105, 1077, 131, -1,
      105, 131, 98, -1,
      98, 131, 130, -1,
      1078, 1079, 1067, -1,
      1067, 1079, 1066, -1,
      101, 132, 106, -1,
      106, 132, 133, -1,
      106, 133, 1080, -1,
      1080, 133, 1081, -1,
      1080, 1081, 1082, -1,
      1082, 1081, 1083, -1,
      1082, 1083, 1084, -1,
      1084, 1083, 1085, -1,
      1084, 1085, 1086, -1,
      1086, 1085, 1087, -1,
      1086, 1087, 1088, -1,
      1088, 1087, 1089, -1,
      1088, 1089, 1078, -1,
      1078, 1089, 90, -1,
      1078, 90, 1079, -1,
      1079, 90, 91, -1,
      1079, 91, 1066, -1,
      1066, 91, 89, -1,
      1090, 419, 1091, -1,
      1091, 419, 418, -1,
      1091, 418, 1092, -1,
      1092, 418, 1093, -1,
      1092, 1093, 1094, -1,
      1094, 1093, 1095, -1,
      1094, 1095, 1096, -1,
      1096, 1095, 1097, -1,
      1096, 1097, 1098, -1,
      1098, 1097, 1099, -1,
      1098, 1099, 1100, -1,
      1100, 1099, 1101, -1,
      1100, 1101, 400, -1,
      400, 1101, 422, -1,
      400, 422, 397, -1,
      397, 422, 430, -1,
      1102, 1103, 1091, -1,
      1091, 1103, 1090, -1,
      398, 424, 399, -1,
      399, 424, 423, -1,
      399, 423, 1104, -1,
      1104, 423, 1105, -1,
      1104, 1105, 1106, -1,
      1106, 1105, 1107, -1,
      1106, 1107, 1108, -1,
      1108, 1107, 1109, -1,
      1108, 1109, 1110, -1,
      1110, 1109, 1111, -1,
      1110, 1111, 1112, -1,
      1112, 1111, 1113, -1,
      1112, 1113, 1102, -1,
      1102, 1113, 420, -1,
      1102, 420, 1103, -1,
      1103, 420, 421, -1,
      1090, 1103, 419, -1,
      419, 1103, 421, -1,
      1114, 93, 1115, -1,
      1115, 93, 92, -1,
      1115, 92, 1116, -1,
      1116, 92, 1117, -1,
      1116, 1117, 1118, -1,
      1118, 1117, 1119, -1,
      1118, 1119, 1120, -1,
      1120, 1119, 1121, -1,
      1120, 1121, 1122, -1,
      1122, 1121, 1123, -1,
      1122, 1123, 1124, -1,
      1124, 1123, 1125, -1,
      1124, 1125, 150, -1,
      150, 1125, 230, -1,
      150, 230, 149, -1,
      149, 230, 240, -1,
      1126, 1127, 1115, -1,
      1115, 1127, 1114, -1,
      190, 227, 152, -1,
      152, 227, 228, -1,
      152, 228, 1128, -1,
      1128, 228, 1129, -1,
      1128, 1129, 1130, -1,
      1130, 1129, 1131, -1,
      1130, 1131, 1132, -1,
      1132, 1131, 1133, -1,
      1132, 1133, 1134, -1,
      1134, 1133, 1135, -1,
      1134, 1135, 1136, -1,
      1136, 1135, 1137, -1,
      1136, 1137, 1126, -1,
      1126, 1137, 94, -1,
      1126, 94, 1127, -1,
      1127, 94, 95, -1,
      1114, 1127, 93, -1,
      93, 1127, 95, -1,
      227, 190, 226, -1,
      226, 190, 167, -1,
      226, 167, 1138, -1,
      1138, 167, 1139, -1,
      1138, 1139, 1140, -1,
      1140, 1139, 1141, -1,
      1140, 1141, 1142, -1,
      1142, 1141, 1143, -1,
      1142, 1143, 1144, -1,
      1144, 1143, 1145, -1,
      1144, 1145, 1146, -1,
      1146, 1145, 1147, -1,
      1146, 1147, 140, -1,
      140, 1147, 116, -1,
      140, 116, 130, -1,
      130, 116, 98, -1,
      424, 398, 442, -1,
      442, 398, 411, -1,
      442, 411, 1148, -1,
      1148, 411, 1149, -1,
      1148, 1149, 1150, -1,
      1150, 1149, 1151, -1,
      1150, 1151, 1152, -1,
      1152, 1151, 1153, -1,
      1152, 1153, 1154, -1,
      1154, 1153, 1155, -1,
      1154, 1155, 1156, -1,
      1156, 1155, 1157, -1,
      1156, 1157, 239, -1,
      239, 1157, 153, -1,
      239, 153, 240, -1,
      240, 153, 149, -1,
      305, 0, 304, -1,
      304, 0, 71, -1,
      304, 71, 1158, -1,
      1158, 71, 1159, -1,
      1158, 1159, 1160, -1,
      1160, 1159, 1161, -1,
      1160, 1161, 1162, -1,
      1162, 1161, 1163, -1,
      1162, 1163, 1164, -1,
      1164, 1163, 1165, -1,
      1164, 1165, 1166, -1,
      1166, 1165, 1167, -1,
      1166, 1167, 432, -1,
      432, 1167, 395, -1,
      432, 395, 430, -1,
      430, 395, 397, -1,
      132, 101, 135, -1,
      135, 101, 100, -1,
      135, 100, 1168, -1,
      1168, 100, 1169, -1,
      1168, 1169, 1170, -1,
      1170, 1169, 1171, -1,
      1170, 1171, 1172, -1,
      1172, 1171, 1173, -1,
      1172, 1173, 1174, -1,
      1174, 1173, 1175, -1,
      1174, 1175, 1176, -1,
      1176, 1175, 1177, -1,
      1176, 1177, 310, -1,
      310, 1177, 73, -1,
      310, 73, 311, -1,
      311, 73, 72, -1,
      88, 90, 1089, -1,
      88, 1089, 1069, -1,
      1069, 1089, 1087, -1,
      1069, 1087, 1071, -1,
      1071, 1087, 1085, -1,
      1071, 1085, 1073, -1,
      1073, 1085, 1083, -1,
      1073, 1083, 1075, -1,
      1075, 1083, 1081, -1,
      1075, 1081, 1077, -1,
      1077, 1081, 133, -1,
      1077, 133, 131, -1,
      92, 94, 1137, -1,
      92, 1137, 1117, -1,
      1117, 1137, 1135, -1,
      1117, 1135, 1119, -1,
      1119, 1135, 1133, -1,
      1119, 1133, 1121, -1,
      1121, 1133, 1131, -1,
      1121, 1131, 1123, -1,
      1123, 1131, 1129, -1,
      1123, 1129, 1125, -1,
      1125, 1129, 228, -1,
      1125, 228, 230, -1,
      84, 86, 1065, -1,
      84, 1065, 1045, -1,
      1045, 1065, 1063, -1,
      1045, 1063, 1047, -1,
      1047, 1063, 1061, -1,
      1047, 1061, 1049, -1,
      1049, 1061, 1059, -1,
      1049, 1059, 1051, -1,
      1051, 1059, 1057, -1,
      1051, 1057, 1053, -1,
      1053, 1057, 306, -1,
      1053, 306, 308, -1,
      418, 420, 1113, -1,
      418, 1113, 1093, -1,
      1093, 1113, 1111, -1,
      1093, 1111, 1095, -1,
      1095, 1111, 1109, -1,
      1095, 1109, 1097, -1,
      1097, 1109, 1107, -1,
      1097, 1107, 1099, -1,
      1099, 1107, 1105, -1,
      1099, 1105, 1101, -1,
      1101, 1105, 423, -1,
      1101, 423, 422, -1,
      394, 395, 1167, -1,
      383, 380, 1161, -1,
      394, 1167, 708, -1,
      708, 1167, 1165, -1,
      708, 1165, 709, -1,
      709, 1165, 1163, -1,
      709, 1163, 711, -1,
      711, 1163, 1161, -1,
      711, 1161, 710, -1,
      710, 1161, 380, -1,
      710, 380, 386, -1,
      386, 380, 379, -1,
      386, 379, 384, -1,
      1161, 1159, 383, -1,
      383, 1159, 71, -1,
      383, 71, 74, -1,
      411, 407, 466, -1,
      411, 466, 1149, -1,
      1149, 466, 467, -1,
      1149, 467, 1151, -1,
      1151, 467, 470, -1,
      1151, 470, 1153, -1,
      1153, 470, 469, -1,
      1153, 469, 1155, -1,
      1155, 469, 468, -1,
      1155, 468, 1157, -1,
      1157, 468, 154, -1,
      1157, 154, 153, -1,
      113, 116, 1147, -1,
      113, 1147, 474, -1,
      474, 1147, 1145, -1,
      474, 1145, 475, -1,
      475, 1145, 1143, -1,
      475, 1143, 471, -1,
      471, 1143, 1141, -1,
      471, 1141, 472, -1,
      472, 1141, 1139, -1,
      472, 1139, 473, -1,
      473, 1139, 167, -1,
      473, 167, 166, -1,
      993, 389, 1177, -1,
      381, 376, 389, -1,
      389, 376, 375, -1,
      389, 375, 1177, -1,
      1177, 1175, 993, -1,
      993, 1175, 1173, -1,
      993, 1173, 990, -1,
      990, 1173, 1171, -1,
      990, 1171, 991, -1,
      991, 1171, 1169, -1,
      991, 1169, 992, -1,
      992, 1169, 100, -1,
      992, 100, 103, -1,
      375, 382, 1177, -1,
      1177, 382, 44, -1,
      1177, 44, 73, -1,
      1126, 1115, 1136, -1,
      1136, 1115, 1116, -1,
      1136, 1116, 1134, -1,
      1134, 1116, 1118, -1,
      1134, 1118, 1132, -1,
      1132, 1118, 1120, -1,
      1132, 1120, 1130, -1,
      1130, 1120, 1122, -1,
      1130, 1122, 1128, -1,
      1128, 1122, 1124, -1,
      1128, 1124, 152, -1,
      152, 1124, 150, -1,
      1078, 1067, 1088, -1,
      1088, 1067, 1068, -1,
      1088, 1068, 1086, -1,
      1086, 1068, 1070, -1,
      1086, 1070, 1084, -1,
      1084, 1070, 1072, -1,
      1084, 1072, 1082, -1,
      1082, 1072, 1074, -1,
      1082, 1074, 1080, -1,
      1080, 1074, 1076, -1,
      1080, 1076, 106, -1,
      106, 1076, 105, -1,
      1102, 1091, 1112, -1,
      1112, 1091, 1092, -1,
      1112, 1092, 1110, -1,
      1110, 1092, 1094, -1,
      1110, 1094, 1108, -1,
      1108, 1094, 1096, -1,
      1108, 1096, 1106, -1,
      1106, 1096, 1098, -1,
      1106, 1098, 1104, -1,
      1104, 1098, 1100, -1,
      1104, 1100, 399, -1,
      399, 1100, 400, -1,
      75, 1, 1052, -1,
      1052, 1, 1056, -1,
      1052, 1056, 1050, -1,
      1050, 1056, 1058, -1,
      1050, 1058, 1048, -1,
      1048, 1058, 1060, -1,
      1048, 1060, 1046, -1,
      1046, 1060, 1062, -1,
      1046, 1062, 1044, -1,
      1044, 1062, 1064, -1,
      1044, 1064, 1043, -1,
      1043, 1064, 1054, -1,
      239, 238, 1156, -1,
      1156, 238, 460, -1,
      1156, 460, 1154, -1,
      1154, 460, 459, -1,
      1154, 459, 1152, -1,
      1152, 459, 458, -1,
      1152, 458, 1150, -1,
      1150, 458, 457, -1,
      1150, 457, 1148, -1,
      1148, 457, 456, -1,
      1148, 456, 442, -1,
      442, 456, 437, -1,
      432, 427, 1166, -1,
      1166, 427, 465, -1,
      1166, 465, 1164, -1,
      1164, 465, 464, -1,
      1164, 464, 1162, -1,
      1162, 464, 463, -1,
      1162, 463, 1160, -1,
      1160, 463, 462, -1,
      1160, 462, 1158, -1,
      1158, 462, 461, -1,
      1158, 461, 304, -1,
      304, 461, 299, -1,
      140, 125, 1146, -1,
      1146, 125, 455, -1,
      1146, 455, 1144, -1,
      1144, 455, 454, -1,
      1144, 454, 1142, -1,
      1142, 454, 453, -1,
      1142, 453, 1140, -1,
      1140, 453, 452, -1,
      1140, 452, 1138, -1,
      1138, 452, 451, -1,
      1138, 451, 226, -1,
      226, 451, 223, -1,
      310, 309, 1176, -1,
      1176, 309, 450, -1,
      1176, 450, 1174, -1,
      1174, 450, 449, -1,
      1174, 449, 1172, -1,
      1172, 449, 448, -1,
      1172, 448, 1170, -1,
      1170, 448, 447, -1,
      1170, 447, 1168, -1,
      1168, 447, 446, -1,
      1168, 446, 135, -1,
      135, 446, 137, -1,
      378, 377, 477, -1,
      477, 377, 476, -1,
    ]
  }
}

Shape {
  appearance Appearance {
    material Material {
      diffuseColor 1.0000 1.0000 1.0000
      specularColor 0.3020 0.3020 0.3020
      ambientIntensity 0.2
      transparency 0.0000
      shininess 0.5
    }
  }
  geometry IndexedFaceSet {
    ccw TRUE
    solid FALSE
    coord DEF co Coordinate {
      point [
        -2.066929 -5.078741 2.244094,
        2.066929 -5.078741 2.244094,
        2.066929 -5.078741 1.456693,
        -2.066929 -5.078741 1.456693,
        -1.870079 -5.275591 1.653543,
        1.870079 -5.275591 1.653543,
        -1.870079 -5.275591 2.047244,
        1.870079 -5.275591 2.047244,
      ]
    }
    coordIndex [
      4, 5, 6, -1,
      6, 5, 7, -1,
      1, 7, 2, -1,
      2, 7, 5, -1,
      0, 6, 1, -1,
      1, 6, 7, -1,
      4, 3, 5, -1,
      5, 3, 2, -1,
      3, 4, 0, -1,
      0, 4, 6, -1,
    ]
  }
}

Shape {
  appearance Appearance {
    material Material {
      diffuseColor 0.2235 0.2235 0.2235
      specularColor 0.1137 0.1137 0.1137
      ambientIntensity 0.2
      transparency 0.0000
      shininess 0.5
    }
  }
  geometry IndexedFaceSet {
    ccw TRUE
    solid FALSE
    coord DEF co Coordinate {
      point [
        -0.159972 -3.520998 0.314961,
        -0.159972 -3.499393 0.314961,
        -0.180956 -3.490777 0.314961,
        -0.200847 -3.487990 0.314961,
        -0.206072 -3.666836 0.314961,
        -0.163501 -3.519044 0.314961,
        -0.182146 -3.663727 0.314961,
        -0.159972 -3.654232 0.314961,
        -0.159972 -3.680639 0.314961,
        -0.182732 -3.686815 0.314961,
        -0.225454 -3.664664 0.314961,
        -0.240111 -3.659366 0.314961,
        -0.254058 -3.650017 0.314961,
        -0.265891 -3.636828 0.314961,
        -0.273924 -3.621602 0.314961,
        -0.279132 -3.600289 0.314961,
        -0.280003 -3.585515 0.314961,
        -0.278013 -3.564220 0.314961,
        -0.272670 -3.547288 0.314961,
        -0.210498 -3.508395 0.314961,
        -0.255332 -3.523958 0.314961,
        -0.228766 -3.510432 0.314961,
        -0.243244 -3.515754 0.314961,
        -0.264486 -3.533615 0.314961,
        -0.184368 -3.511295 0.314961,
        -0.206297 -3.688441 0.314961,
        -0.188902 -3.687241 0.314961,
        -0.296006 -3.634275 0.314961,
        -0.284258 -3.652915 0.314961,
        -0.267079 -3.669434 0.314961,
        -0.257473 -3.495854 0.314961,
        -0.238358 -3.489300 0.314961,
        -0.225714 -3.487990 0.314961,
        -0.273456 -3.506106 0.314961,
        -0.287863 -3.521285 0.314961,
        -0.298374 -3.539811 0.314961,
        -0.248679 -3.680161 0.314961,
        -0.227084 -3.686646 0.314961,
        -0.220198 -3.687241 0.314961,
        -0.304476 -3.560932 0.314961,
        -0.306410 -3.583902 0.314961,
        -0.303582 -3.611850 0.314961,
        -0.208754 -3.486881 0.314961,
        -0.214137 -3.486789 0.314961,
        -0.323215 -3.510796 0.314961,
        -0.323215 -3.489190 0.314961,
        -0.424040 -3.489190 0.314961,
        -0.397633 -3.510796 0.314961,
        -0.397633 -3.686041 0.314961,
        -0.424040 -3.686041 0.314961,
        -0.020737 -3.686041 0.314961,
        -0.020737 -3.664435 0.314961,
        -0.015936 -3.510796 0.314961,
        -0.015936 -3.489190 0.314961,
        -0.121563 -3.489190 0.314961,
        -0.121563 -3.686041 0.314961,
        -0.095156 -3.578013 0.314961,
        -0.095156 -3.510796 0.314961,
        -0.025538 -3.578013 0.314961,
        -0.025538 -3.599618 0.314961,
        -0.095156 -3.599618 0.314961,
        -0.095156 -3.664435 0.314961,
        0.129509 -3.674914 0.314961,
        0.149008 -3.662225 0.314961,
        0.078026 -3.686041 0.314961,
        0.106465 -3.683000 0.314961,
        0.171113 -3.543235 0.314961,
        0.160070 -3.525873 0.314961,
        0.143981 -3.510318 0.314961,
        0.123602 -3.498318 0.314961,
        0.100942 -3.491424 0.314961,
        0.076000 -3.489190 0.314961,
        0.022474 -3.489190 0.314961,
        0.022474 -3.686041 0.314961,
        0.156653 -3.655137 0.314961,
        0.168457 -3.639722 0.314961,
        0.176746 -3.620615 0.314961,
        0.180539 -3.599819 0.314961,
        0.180915 -3.590091 0.314961,
        0.178157 -3.563750 0.314961,
        0.296144 -3.686041 0.314961,
        0.372964 -3.489190 0.314961,
        0.324239 -3.544404 0.314961,
        0.242918 -3.544404 0.314961,
        0.344156 -3.489190 0.314961,
        0.224126 -3.489190 0.314961,
        0.195319 -3.489190 0.314961,
        0.269737 -3.686041 0.314961,
        0.296144 -3.686041 0.318898,
        0.372964 -3.489190 0.318898,
        0.344156 -3.489190 0.318898,
        0.324239 -3.544404 0.318898,
        0.242918 -3.544404 0.318898,
        0.224126 -3.489190 0.318898,
        0.195319 -3.489190 0.318898,
        0.269737 -3.686041 0.318898,
        0.249557 -3.566009 0.318898,
        0.315387 -3.566009 0.318898,
        0.278927 -3.648231 0.318898,
        0.280789 -3.655066 0.318898,
        0.282078 -3.662034 0.318898,
        0.282716 -3.662034 0.318898,
        0.284000 -3.655079 0.318898,
        0.285754 -3.648231 0.318898,
        0.249557 -3.566009 0.314961,
        0.315387 -3.566009 0.314961,
        0.278927 -3.648231 0.314961,
        0.280789 -3.655066 0.314961,
        0.282078 -3.662034 0.314961,
        0.282716 -3.662034 0.314961,
        0.284000 -3.655079 0.314961,
        0.285754 -3.648231 0.314961,
        0.076000 -3.489190 0.318898,
        0.022474 -3.489190 0.318898,
        0.022474 -3.686041 0.318898,
        0.078026 -3.686041 0.318898,
        0.180915 -3.590091 0.318898,
        0.180539 -3.599819 0.318898,
        0.176746 -3.620615 0.318898,
        0.168457 -3.639722 0.318898,
        0.156653 -3.655137 0.318898,
        0.149008 -3.662225 0.318898,
        0.129509 -3.674914 0.318898,
        0.106465 -3.683000 0.318898,
        0.100942 -3.491424 0.318898,
        0.123602 -3.498318 0.318898,
        0.143981 -3.510318 0.318898,
        0.160070 -3.525873 0.318898,
        0.171113 -3.543235 0.318898,
        0.178157 -3.563750 0.318898,
        0.154508 -3.589528 0.318898,
        0.152836 -3.609122 0.318898,
        0.148233 -3.624674 0.318898,
        0.141494 -3.636760 0.318898,
        0.131943 -3.646930 0.318898,
        0.117603 -3.656202 0.318898,
        0.101347 -3.661927 0.318898,
        0.077913 -3.664435 0.318898,
        0.048881 -3.664435 0.318898,
        0.048881 -3.510796 0.318898,
        0.076826 -3.510796 0.318898,
        0.097622 -3.512733 0.318898,
        0.114185 -3.517896 0.318898,
        0.127492 -3.525801 0.318898,
        0.138615 -3.536754 0.318898,
        0.146858 -3.550195 0.318898,
        0.152078 -3.565850 0.318898,
        0.077913 -3.664435 0.314961,
        0.048881 -3.664435 0.314961,
        0.101347 -3.661927 0.314961,
        0.117603 -3.656202 0.314961,
        0.131943 -3.646930 0.314961,
        0.141494 -3.636760 0.314961,
        0.148233 -3.624674 0.314961,
        0.152836 -3.609122 0.314961,
        0.154508 -3.589528 0.314961,
        0.152078 -3.565850 0.314961,
        0.146858 -3.550195 0.314961,
        0.138615 -3.536754 0.314961,
        0.127492 -3.525801 0.314961,
        0.114185 -3.517896 0.314961,
        0.097622 -3.512733 0.314961,
        0.076826 -3.510796 0.314961,
        0.048881 -3.510796 0.314961,
        -0.015936 -3.510796 0.318898,
        -0.015936 -3.489190 0.318898,
        -0.121563 -3.489190 0.318898,
        -0.121563 -3.686041 0.318898,
        -0.020737 -3.686041 0.318898,
        -0.020737 -3.664435 0.318898,
        -0.095156 -3.664435 0.318898,
        -0.095156 -3.599618 0.318898,
        -0.025538 -3.599618 0.318898,
        -0.025538 -3.578013 0.318898,
        -0.095156 -3.578013 0.318898,
        -0.095156 -3.510796 0.318898,
        -0.159972 -3.520998 0.318898,
        -0.159972 -3.499393 0.318898,
        -0.180956 -3.490777 0.318898,
        -0.214137 -3.486789 0.318898,
        -0.208754 -3.486881 0.318898,
        -0.306410 -3.583902 0.318898,
        -0.304476 -3.560932 0.318898,
        -0.298374 -3.539811 0.318898,
        -0.287863 -3.521285 0.318898,
        -0.273456 -3.506106 0.318898,
        -0.257473 -3.495854 0.318898,
        -0.238358 -3.489300 0.318898,
        -0.206297 -3.688441 0.318898,
        -0.227084 -3.686646 0.318898,
        -0.248679 -3.680161 0.318898,
        -0.267079 -3.669434 0.318898,
        -0.284258 -3.652915 0.318898,
        -0.296006 -3.634275 0.318898,
        -0.303582 -3.611850 0.318898,
        -0.182732 -3.686815 0.318898,
        -0.159972 -3.680639 0.318898,
        -0.159972 -3.654232 0.318898,
        -0.206072 -3.666836 0.318898,
        -0.182146 -3.663727 0.318898,
        -0.280003 -3.585515 0.318898,
        -0.279132 -3.600289 0.318898,
        -0.273924 -3.621602 0.318898,
        -0.265891 -3.636828 0.318898,
        -0.254058 -3.650017 0.318898,
        -0.240111 -3.659366 0.318898,
        -0.225454 -3.664664 0.318898,
        -0.210498 -3.508395 0.318898,
        -0.228766 -3.510432 0.318898,
        -0.243244 -3.515754 0.318898,
        -0.255332 -3.523958 0.318898,
        -0.264486 -3.533615 0.318898,
        -0.272670 -3.547288 0.318898,
        -0.278013 -3.564220 0.318898,
        -0.163501 -3.519044 0.318898,
        -0.184368 -3.511295 0.318898,
        -0.323215 -3.510796 0.318898,
        -0.323215 -3.489190 0.318898,
        -0.424040 -3.489190 0.318898,
        -0.424040 -3.686041 0.318898,
        -0.397633 -3.686041 0.318898,
        -0.397633 -3.510796 0.318898,
      ]
    }
    coordIndex [
      88, 89, 80, -1,
      80, 89, 81, -1,
      89, 90, 81, -1,
      81, 90, 84, -1,
      90, 91, 84, -1,
      84, 91, 82, -1,
      91, 92, 82, -1,
      82, 92, 83, -1,
      92, 93, 83, -1,
      83, 93, 85, -1,
      93, 94, 85, -1,
      85, 94, 86, -1,
      94, 95, 86, -1,
      86, 95, 87, -1,
      95, 88, 87, -1,
      87, 88, 80, -1,
      96, 92, 97, -1,
      97, 92, 91, -1,
      98, 95, 96, -1,
      96, 95, 94, -1,
      96, 94, 92, -1,
      92, 94, 93, -1,
      98, 99, 95, -1,
      95, 99, 100, -1,
      95, 100, 88, -1,
      88, 100, 101, -1,
      88, 101, 102, -1,
      102, 103, 88, -1,
      88, 103, 97, -1,
      88, 97, 89, -1,
      89, 97, 91, -1,
      89, 91, 90, -1,
      96, 97, 104, -1,
      104, 97, 105, -1,
      98, 96, 106, -1,
      106, 96, 104, -1,
      98, 106, 107, -1,
      98, 107, 99, -1,
      99, 107, 108, -1,
      99, 108, 100, -1,
      101, 100, 109, -1,
      109, 100, 108, -1,
      101, 109, 110, -1,
      101, 110, 102, -1,
      102, 110, 111, -1,
      102, 111, 103, -1,
      97, 103, 105, -1,
      105, 103, 111, -1,
      112, 113, 71, -1,
      71, 113, 72, -1,
      113, 114, 72, -1,
      72, 114, 73, -1,
      114, 115, 73, -1,
      73, 115, 64, -1,
      116, 78, 77, -1,
      116, 77, 117, -1,
      117, 77, 76, -1,
      117, 76, 118, -1,
      118, 76, 75, -1,
      118, 75, 119, -1,
      119, 75, 74, -1,
      119, 74, 120, -1,
      120, 74, 63, -1,
      120, 63, 121, -1,
      121, 63, 62, -1,
      121, 62, 122, -1,
      122, 62, 65, -1,
      122, 65, 123, -1,
      123, 65, 64, -1,
      123, 64, 115, -1,
      112, 71, 70, -1,
      112, 70, 124, -1,
      124, 70, 69, -1,
      124, 69, 125, -1,
      125, 69, 68, -1,
      125, 68, 126, -1,
      126, 68, 67, -1,
      126, 67, 127, -1,
      127, 67, 66, -1,
      127, 66, 128, -1,
      128, 66, 79, -1,
      128, 79, 129, -1,
      129, 79, 78, -1,
      129, 78, 116, -1,
      129, 116, 130, -1,
      130, 116, 117, -1,
      130, 117, 131, -1,
      131, 117, 118, -1,
      131, 118, 132, -1,
      132, 118, 119, -1,
      132, 119, 133, -1,
      133, 119, 120, -1,
      133, 120, 134, -1,
      134, 120, 121, -1,
      134, 121, 135, -1,
      135, 121, 122, -1,
      135, 122, 136, -1,
      136, 122, 123, -1,
      136, 123, 137, -1,
      137, 123, 115, -1,
      137, 115, 138, -1,
      138, 115, 114, -1,
      138, 114, 139, -1,
      139, 114, 113, -1,
      139, 113, 140, -1,
      140, 113, 112, -1,
      140, 112, 141, -1,
      141, 112, 124, -1,
      141, 124, 142, -1,
      142, 124, 125, -1,
      142, 125, 143, -1,
      143, 125, 126, -1,
      143, 126, 144, -1,
      144, 126, 127, -1,
      144, 127, 145, -1,
      145, 127, 128, -1,
      145, 128, 146, -1,
      146, 128, 129, -1,
      146, 129, 130, -1,
      137, 138, 147, -1,
      147, 138, 148, -1,
      137, 147, 149, -1,
      137, 149, 136, -1,
      136, 149, 150, -1,
      136, 150, 135, -1,
      135, 150, 151, -1,
      135, 151, 134, -1,
      134, 151, 152, -1,
      134, 152, 133, -1,
      133, 152, 153, -1,
      133, 153, 132, -1,
      132, 153, 154, -1,
      132, 154, 131, -1,
      131, 154, 155, -1,
      131, 155, 130, -1,
      130, 155, 156, -1,
      130, 156, 146, -1,
      146, 156, 157, -1,
      146, 157, 145, -1,
      145, 157, 158, -1,
      145, 158, 144, -1,
      144, 158, 159, -1,
      144, 159, 143, -1,
      143, 159, 160, -1,
      143, 160, 142, -1,
      142, 160, 161, -1,
      142, 161, 141, -1,
      141, 161, 162, -1,
      141, 162, 140, -1,
      139, 140, 163, -1,
      163, 140, 162, -1,
      138, 139, 148, -1,
      148, 139, 163, -1,
      164, 165, 52, -1,
      52, 165, 53, -1,
      165, 166, 53, -1,
      53, 166, 54, -1,
      166, 167, 54, -1,
      54, 167, 55, -1,
      167, 168, 55, -1,
      55, 168, 50, -1,
      168, 169, 50, -1,
      50, 169, 51, -1,
      169, 170, 51, -1,
      51, 170, 61, -1,
      170, 171, 61, -1,
      61, 171, 60, -1,
      171, 172, 60, -1,
      60, 172, 59, -1,
      172, 173, 59, -1,
      59, 173, 58, -1,
      173, 174, 58, -1,
      58, 174, 56, -1,
      174, 175, 56, -1,
      56, 175, 57, -1,
      175, 164, 57, -1,
      57, 164, 52, -1,
      166, 165, 164, -1,
      164, 175, 166, -1,
      166, 175, 174, -1,
      166, 174, 167, -1,
      169, 168, 170, -1,
      170, 168, 167, -1,
      170, 167, 171, -1,
      171, 167, 174, -1,
      171, 174, 172, -1,
      172, 174, 173, -1,
      176, 177, 0, -1,
      0, 177, 1, -1,
      1, 177, 178, -1,
      179, 43, 42, -1,
      179, 42, 180, -1,
      180, 42, 3, -1,
      180, 3, 178, -1,
      178, 3, 2, -1,
      178, 2, 1, -1,
      181, 40, 39, -1,
      181, 39, 182, -1,
      182, 39, 35, -1,
      182, 35, 183, -1,
      183, 35, 34, -1,
      183, 34, 184, -1,
      184, 34, 33, -1,
      184, 33, 185, -1,
      185, 33, 30, -1,
      185, 30, 186, -1,
      186, 30, 31, -1,
      186, 31, 187, -1,
      187, 31, 179, -1,
      179, 31, 32, -1,
      179, 32, 43, -1,
      188, 25, 189, -1,
      189, 25, 38, -1,
      38, 37, 189, -1,
      189, 37, 36, -1,
      189, 36, 190, -1,
      190, 36, 29, -1,
      190, 29, 191, -1,
      191, 29, 28, -1,
      191, 28, 192, -1,
      192, 28, 27, -1,
      192, 27, 193, -1,
      193, 27, 41, -1,
      193, 41, 194, -1,
      194, 41, 40, -1,
      194, 40, 181, -1,
      25, 188, 26, -1,
      26, 188, 195, -1,
      26, 195, 9, -1,
      9, 195, 196, -1,
      9, 196, 8, -1,
      196, 197, 8, -1,
      8, 197, 7, -1,
      198, 4, 6, -1,
      198, 6, 199, -1,
      199, 6, 7, -1,
      199, 7, 197, -1,
      200, 16, 15, -1,
      200, 15, 201, -1,
      201, 15, 14, -1,
      201, 14, 202, -1,
      202, 14, 13, -1,
      202, 13, 203, -1,
      203, 13, 12, -1,
      203, 12, 204, -1,
      204, 12, 11, -1,
      204, 11, 205, -1,
      205, 11, 10, -1,
      205, 10, 206, -1,
      206, 10, 4, -1,
      206, 4, 198, -1,
      207, 19, 21, -1,
      207, 21, 208, -1,
      208, 21, 22, -1,
      208, 22, 209, -1,
      209, 22, 20, -1,
      209, 20, 210, -1,
      210, 20, 23, -1,
      210, 23, 211, -1,
      211, 23, 18, -1,
      211, 18, 212, -1,
      212, 18, 17, -1,
      212, 17, 213, -1,
      213, 17, 16, -1,
      213, 16, 200, -1,
      176, 0, 5, -1,
      176, 5, 214, -1,
      214, 5, 24, -1,
      214, 24, 215, -1,
      215, 24, 19, -1,
      215, 19, 207, -1,
      208, 179, 207, -1,
      207, 179, 180, -1,
      207, 180, 215, -1,
      215, 180, 178, -1,
      215, 178, 214, -1,
      214, 178, 177, -1,
      214, 177, 176, -1,
      197, 196, 199, -1,
      199, 196, 195, -1,
      199, 195, 198, -1,
      198, 195, 188, -1,
      198, 188, 206, -1,
      206, 188, 189, -1,
      206, 189, 205, -1,
      205, 189, 190, -1,
      205, 190, 204, -1,
      204, 190, 191, -1,
      204, 191, 203, -1,
      203, 191, 192, -1,
      203, 192, 202, -1,
      202, 192, 193, -1,
      202, 193, 201, -1,
      201, 193, 194, -1,
      201, 194, 200, -1,
      200, 194, 181, -1,
      200, 181, 213, -1,
      213, 181, 182, -1,
      213, 182, 212, -1,
      212, 182, 183, -1,
      212, 183, 211, -1,
      211, 183, 184, -1,
      211, 184, 210, -1,
      210, 184, 185, -1,
      210, 185, 209, -1,
      209, 185, 186, -1,
      209, 186, 208, -1,
      208, 186, 187, -1,
      208, 187, 179, -1,
      216, 217, 44, -1,
      44, 217, 45, -1,
      217, 218, 45, -1,
      45, 218, 46, -1,
      218, 219, 46, -1,
      46, 219, 49, -1,
      219, 220, 49, -1,
      49, 220, 48, -1,
      220, 221, 48, -1,
      48, 221, 47, -1,
      221, 216, 47, -1,
      47, 216, 44, -1,
      220, 219, 221, -1,
      221, 219, 218, -1,
      221, 218, 216, -1,
      216, 218, 217, -1,
    ]
  }
}

Shape {
  appearance Appearance {
    material Material {
      diffuseColor 0.8510 0.8510 0.8510
      specularColor 0.6824 0.6824 0.6824
      ambientIntensity 0.2
      transparency 0.0000
      shininess 0.5
    }
  }
  geometry IndexedFaceSet {
    ccw TRUE
    solid FALSE
    coord DEF co Coordinate {
      point [
        0.249557 -3.566009 0.314961,
        0.315387 -3.566009 0.314961,
        0.278927 -3.648231 0.314961,
        0.280789 -3.655066 0.314961,
        0.282078 -3.662034 0.314961,
        0.282716 -3.662034 0.314961,
        0.284000 -3.655079 0.314961,
        0.285754 -3.648231 0.314961,
        0.077913 -3.664435 0.314961,
        0.048881 -3.664435 0.314961,
        0.101347 -3.661927 0.314961,
        0.117603 -3.656202 0.314961,
        0.131943 -3.646930 0.314961,
        0.141494 -3.636760 0.314961,
        0.148233 -3.624674 0.314961,
        0.152836 -3.609122 0.314961,
        0.154508 -3.589528 0.314961,
        0.152078 -3.565850 0.314961,
        0.146858 -3.550195 0.314961,
        0.138615 -3.536754 0.314961,
        0.127492 -3.525801 0.314961,
        0.114185 -3.517896 0.314961,
        0.097622 -3.512733 0.314961,
        0.076826 -3.510796 0.314961,
        0.048881 -3.510796 0.314961,
      ]
    }
    coordIndex [
      0, 1, 2, -1,
      2, 1, 7, -1,
      2, 7, 3, -1,
      3, 7, 6, -1,
      3, 6, 4, -1,
      4, 6, 5, -1,
      9, 24, 8, -1,
      8, 24, 23, -1,
      17, 16, 8, -1,
      16, 15, 8, -1,
      8, 15, 14, -1,
      8, 14, 10, -1,
      23, 22, 8, -1,
      8, 22, 21, -1,
      8, 21, 20, -1,
      13, 12, 14, -1,
      14, 12, 11, -1,
      14, 11, 10, -1,
      20, 19, 8, -1,
      8, 19, 18, -1,
      8, 18, 17, -1,
    ]
  }
}
