#VRML V2.0 utf8

Shape {
  appearance Appearance {
    material Material {
      diffuseColor 0.1490 0.1490 0.1490
      specularColor 0.0431 0.0431 0.0431
      ambientIntensity 0.2
      transparency 0.0000
      shininess 0.5
    }
  }
  geometry IndexedFaceSet {
    ccw TRUE
    solid FALSE
    coord DEF co Coordinate {
      point [
        0.177165 0.590551 0.295276,
        0.334646 0.590551 0.295276,
        0.177165 0.590551 0.216535,
        0.334646 0.590551 0.216535,
        0.078740 0.590551 0.216535,
        -0.078740 0.590551 0.216535,
        0.078740 0.590551 0.295276,
        -0.078740 0.590551 0.295276,
        0.433071 0.590551 0.295276,
        0.570866 0.590551 0.295276,
        0.433071 0.590551 0.216535,
        0.570866 0.590551 0.216535,
        -0.177165 0.590551 0.216535,
        -0.334646 0.590551 0.216535,
        -0.177165 0.590551 0.295276,
        -0.334646 0.590551 0.295276,
        0.078740 -0.590551 0.295276,
        -0.078740 -0.590551 0.295276,
        0.078740 -0.590551 0.216535,
        -0.078740 -0.590551 0.216535,
        -0.177165 -0.590551 0.295276,
        -0.334646 -0.590551 0.295276,
        -0.177165 -0.590551 0.216535,
        -0.334646 -0.590551 0.216535,
        0.177165 -0.590551 0.216535,
        0.334646 -0.590551 0.216535,
        0.177165 -0.590551 0.295276,
        0.334646 -0.590551 0.295276,
        -0.433071 -0.590551 0.295276,
        -0.570866 -0.590551 0.295276,
        -0.433071 -0.590551 0.216535,
        -0.570866 -0.590551 0.216535,
        -0.046060 0.553793 0.078740,
        -0.026856 -0.067643 0.078740,
        -0.046060 -0.090448 0.078740,
        -0.026856 -0.089248 0.078740,
        0.078772 -0.089248 0.078740,
        0.117181 -0.079046 0.078740,
        0.117181 -0.057440 0.078740,
        0.078772 0.107602 0.078740,
        0.052365 0.085996 0.078740,
        0.052365 0.021180 0.078740,
        -0.022054 0.085996 0.078740,
        -0.017253 0.021180 0.078740,
        0.052365 -0.000426 0.078740,
        0.052365 -0.067643 0.078740,
        -0.017253 -0.000426 0.078740,
        0.381249 -0.089248 0.078740,
        0.182922 -0.090448 0.078740,
        0.280423 -0.089248 0.078740,
        0.195604 -0.089133 0.078740,
        0.214819 -0.082502 0.078740,
        -0.022054 0.107602 0.078740,
        0.253715 0.054717 0.078740,
        0.242387 0.073288 0.078740,
        0.354842 0.107602 0.078740,
        0.182664 0.086220 0.078740,
        0.197398 0.080903 0.078740,
        0.120709 -0.059394 0.078740,
        0.211023 0.071788 0.078740,
        0.222911 0.058665 0.078740,
        0.237212 0.007076 0.078740,
        0.235219 -0.014234 0.078740,
        0.229840 -0.031234 0.078740,
        0.186245 -0.067942 0.078740,
        0.167707 -0.070043 0.078740,
        0.200580 -0.062616 0.078740,
        0.212643 -0.054430 0.078740,
        0.221689 -0.044868 0.078740,
        0.141577 -0.067143 0.078740,
        0.231026 0.043466 0.078740,
        0.236273 0.022393 0.078740,
        0.230643 -0.072352 0.078740,
        0.245394 -0.056765 0.078740,
        0.280423 -0.067643 0.078740,
        0.255848 -0.038031 0.078740,
        0.354842 -0.067643 0.078740,
        0.261743 -0.017181 0.078740,
        0.263619 0.005463 0.078740,
        0.261130 0.031807 0.078740,
        0.224918 0.090499 0.078740,
        0.206298 0.101544 0.078740,
        0.184370 0.108194 0.078740,
        0.163506 0.110003 0.078740,
        0.139941 0.108377 0.078740,
        0.117181 0.102201 0.078740,
        0.117181 0.075794 0.078740,
        0.139355 0.085289 0.078740,
        0.163281 0.088397 0.078740,
        0.158056 -0.090448 0.078740,
        0.165963 -0.091557 0.078740,
        -0.046060 -0.553793 0.078740,
        0.171345 -0.091649 0.078740,
        0.381249 0.107602 0.078740,
        0.553793 0.553793 0.078740,
        0.553793 -0.090448 0.078740,
        0.553793 -0.553793 0.078740,
        -0.553793 -0.553793 0.078740,
        -0.553793 -0.090448 0.078740,
        0.138165 -0.087661 0.078740,
        -0.367030 -0.034034 0.078740,
        -0.285709 -0.034034 0.078740,
        -0.386948 -0.089248 0.078740,
        -0.266917 -0.089248 0.078740,
        -0.238109 -0.089248 0.078740,
        -0.214178 -0.034665 0.078740,
        -0.203039 -0.052347 0.078740,
        -0.202415 0.073419 0.078740,
        -0.213423 0.057380 0.078740,
        -0.312529 0.107602 0.078740,
        -0.220641 0.038113 0.078740,
        -0.223706 0.011652 0.078740,
        -0.221109 -0.013940 0.078740,
        -0.415755 -0.089248 0.078740,
        -0.338935 0.107602 0.078740,
        -0.553793 0.553793 0.078740,
        -0.186959 -0.067976 0.078740,
        -0.166633 -0.080017 0.078740,
        -0.143975 -0.086968 0.078740,
        -0.118791 -0.089248 0.078740,
        -0.065265 -0.089248 0.078740,
        -0.065265 0.107602 0.078740,
        -0.120817 0.107602 0.078740,
        -0.147652 0.104920 0.078740,
        -0.170802 0.097197 0.078740,
        -0.190642 0.084698 0.078740,
        0.590551 0.570866 0.295276,
        0.590551 -0.570866 0.295276,
        0.590551 0.570866 0.216535,
        0.590551 -0.570866 0.216535,
        -0.433071 0.590551 0.216535,
        -0.570866 0.590551 0.216535,
        -0.433071 0.590551 0.295276,
        -0.570866 0.590551 0.295276,
        -0.590551 0.570866 0.216535,
        -0.590551 -0.570866 0.216535,
        -0.590551 0.570866 0.295276,
        -0.590551 -0.570866 0.295276,
        0.433071 -0.590551 0.216535,
        0.570866 -0.590551 0.216535,
        0.433071 -0.590551 0.295276,
        0.570866 -0.590551 0.295276,
        -0.335175 -0.337755 0.433071,
        -0.325681 -0.350128 0.433071,
        0.553793 0.553793 0.433071,
        -0.317676 -0.380000 0.433071,
        -0.319712 -0.395463 0.433071,
        0.553793 -0.553793 0.433071,
        -0.325681 -0.409872 0.433071,
        -0.335175 -0.422246 0.433071,
        -0.319712 -0.364538 0.433071,
        -0.347548 -0.431741 0.433071,
        -0.361957 -0.437709 0.433071,
        -0.553793 -0.553793 0.433071,
        -0.377420 -0.439744 0.433071,
        -0.392883 -0.437709 0.433071,
        -0.407293 -0.431741 0.433071,
        -0.419666 -0.422246 0.433071,
        -0.429160 -0.409872 0.433071,
        -0.435129 -0.395463 0.433071,
        -0.437165 -0.380000 0.433071,
        -0.435129 -0.364538 0.433071,
        -0.553793 0.553793 0.433071,
        -0.429160 -0.350128 0.433071,
        -0.419666 -0.337755 0.433071,
        -0.407293 -0.328261 0.433071,
        -0.392883 -0.322292 0.433071,
        -0.377420 -0.320256 0.433071,
        -0.361957 -0.322292 0.433071,
        -0.347548 -0.328261 0.433071,
        0.571063 -0.590550 0.216528,
        0.553793 -0.573281 0.095641,
        -0.553793 -0.573281 0.095641,
        -0.571063 -0.590550 0.216528,
        0.590550 -0.571063 0.216528,
        0.573281 -0.553793 0.095641,
        0.573281 0.553793 0.095641,
        0.590550 0.571063 0.216528,
        -0.590550 0.571063 0.216528,
        -0.573281 0.553793 0.095641,
        -0.573281 -0.553793 0.095641,
        -0.590550 -0.571063 0.216528,
        -0.571063 0.590550 0.216528,
        -0.553793 0.573281 0.095641,
        0.553793 0.573281 0.095641,
        0.571063 0.590550 0.216528,
        0.571063 0.590550 0.295283,
        0.553793 0.573281 0.416170,
        -0.553793 0.573281 0.416170,
        -0.571063 0.590550 0.295283,
        -0.590550 -0.571063 0.295283,
        -0.573281 -0.553793 0.416170,
        -0.573281 0.553793 0.416170,
        -0.590550 0.571063 0.295283,
        0.590550 0.571063 0.295283,
        0.573281 0.553793 0.416170,
        0.573281 -0.553793 0.416170,
        0.590550 -0.571063 0.295283,
        -0.571063 -0.590550 0.295283,
        -0.553793 -0.573281 0.416170,
        0.553793 -0.573281 0.416170,
        0.571063 -0.590550 0.295283,
        0.553793 0.572126 0.420557,
        -0.553793 0.572126 0.420557,
        0.553793 0.572059 0.420681,
        -0.553793 0.572059 0.420681,
        0.553793 0.569900 0.424703,
        -0.553793 0.569900 0.424703,
        0.553793 0.569826 0.424786,
        -0.553793 0.569826 0.424786,
        0.553793 0.566755 0.428202,
        -0.553793 0.566755 0.428202,
        0.553793 0.566685 0.428249,
        -0.553793 0.566685 0.428249,
        0.553793 0.562869 0.430854,
        -0.553793 0.562869 0.430854,
        0.553793 0.562817 0.430874,
        -0.553793 0.562817 0.430874,
        0.553793 0.558465 0.432509,
        -0.553793 0.558465 0.432509,
        0.553793 0.558437 0.432512,
        -0.553793 0.558437 0.432512,
        0.557148 0.566313 0.428202,
        0.556142 0.562559 0.430854,
        0.555002 0.558306 0.432509,
        0.556129 0.557839 0.432509,
        0.557839 0.556129 0.432509,
        0.557096 0.557096 0.432509,
        0.558306 0.555002 0.432509,
        0.558538 0.571501 0.420557,
        0.558810 0.572519 0.416778,
        0.558775 0.572534 0.416775,
        0.563426 0.570542 0.417155,
        0.562959 0.569670 0.420557,
        0.563451 0.570522 0.417156,
        0.566756 0.566756 0.420557,
        0.567437 0.567437 0.417284,
        0.569670 0.562959 0.420557,
        0.570522 0.563451 0.417156,
        0.570542 0.563426 0.417155,
        0.571501 0.558538 0.420557,
        0.572519 0.558810 0.416778,
        0.572534 0.558775 0.416775,
        0.572126 0.553793 0.420557,
        0.558437 0.553793 0.432512,
        0.558331 0.561653 0.430854,
        0.560211 0.560211 0.430854,
        0.561653 0.558331 0.430854,
        0.562559 0.556142 0.430854,
        0.558465 0.553793 0.432509,
        0.562817 0.553793 0.430874,
        0.562869 0.553793 0.430854,
        0.566685 0.553793 0.428249,
        0.560274 0.565018 0.428202,
        0.562958 0.562958 0.428202,
        0.565018 0.560274 0.428202,
        0.566313 0.557148 0.428202,
        0.557962 0.569351 0.424703,
        0.561847 0.567742 0.424703,
        0.565183 0.565183 0.424703,
        0.567742 0.561847 0.424703,
        0.569351 0.557962 0.424703,
        0.566755 0.553793 0.428202,
        0.569826 0.553793 0.424786,
        0.569900 0.553793 0.424703,
        0.572059 0.553793 0.420681,
        -0.569826 0.553793 0.424786,
        -0.566755 0.553793 0.428202,
        -0.566313 0.557148 0.428202,
        -0.562559 0.556142 0.430854,
        -0.558306 0.555002 0.432509,
        -0.557839 0.556129 0.432509,
        -0.556129 0.557839 0.432509,
        -0.557096 0.557096 0.432509,
        -0.555002 0.558306 0.432509,
        -0.558437 0.553793 0.432512,
        -0.571501 0.558538 0.420557,
        -0.572519 0.558810 0.416778,
        -0.572534 0.558775 0.416775,
        -0.570542 0.563426 0.417155,
        -0.569670 0.562959 0.420557,
        -0.570522 0.563451 0.417156,
        -0.566756 0.566756 0.420557,
        -0.567437 0.567437 0.417284,
        -0.562959 0.569670 0.420557,
        -0.563451 0.570522 0.417156,
        -0.563426 0.570542 0.417155,
        -0.558538 0.571501 0.420557,
        -0.558810 0.572519 0.416778,
        -0.558775 0.572534 0.416775,
        -0.566685 0.553793 0.428249,
        -0.562869 0.553793 0.430854,
        -0.562817 0.553793 0.430874,
        -0.558465 0.553793 0.432509,
        -0.561653 0.558331 0.430854,
        -0.560211 0.560211 0.430854,
        -0.558331 0.561653 0.430854,
        -0.556142 0.562559 0.430854,
        -0.565018 0.560274 0.428202,
        -0.562958 0.562958 0.428202,
        -0.560274 0.565018 0.428202,
        -0.557148 0.566313 0.428202,
        -0.572059 0.553793 0.420681,
        -0.569900 0.553793 0.424703,
        -0.569351 0.557962 0.424703,
        -0.567742 0.561847 0.424703,
        -0.565183 0.565183 0.424703,
        -0.561847 0.567742 0.424703,
        -0.557962 0.569351 0.424703,
        -0.572126 0.553793 0.420557,
        0.572126 -0.553793 0.420557,
        0.572059 -0.553793 0.420681,
        0.569900 -0.553793 0.424703,
        0.569826 -0.553793 0.424786,
        0.566755 -0.553793 0.428202,
        0.566685 -0.553793 0.428249,
        0.562869 -0.553793 0.430854,
        0.562817 -0.553793 0.430874,
        0.558465 -0.553793 0.432509,
        0.558437 -0.553793 0.432512,
        0.580765 0.587881 0.295780,
        0.580706 0.587906 0.295778,
        0.576088 0.589846 0.295588,
        0.575959 0.589864 0.295580,
        0.584785 0.584785 0.295845,
        0.587881 0.580765 0.295780,
        0.587906 0.580706 0.295778,
        0.589846 0.576088 0.295588,
        0.589864 0.575959 0.295580,
        -0.587881 0.580765 0.295780,
        -0.587906 0.580706 0.295778,
        -0.589846 0.576088 0.295588,
        -0.589864 0.575959 0.295580,
        -0.584785 0.584785 0.295845,
        -0.580765 0.587881 0.295780,
        -0.580706 0.587906 0.295778,
        -0.576088 0.589846 0.295588,
        -0.575959 0.589864 0.295580,
        -0.572126 -0.553793 0.420557,
        -0.572059 -0.553793 0.420681,
        -0.569900 -0.553793 0.424703,
        -0.569826 -0.553793 0.424786,
        -0.566755 -0.553793 0.428202,
        -0.566685 -0.553793 0.428249,
        -0.562869 -0.553793 0.430854,
        -0.562817 -0.553793 0.430874,
        -0.558465 -0.553793 0.432509,
        -0.558437 -0.553793 0.432512,
        -0.553793 -0.572126 0.420557,
        0.553793 -0.572126 0.420557,
        -0.553793 -0.572059 0.420681,
        0.553793 -0.572059 0.420681,
        -0.553793 -0.569900 0.424703,
        0.553793 -0.569900 0.424703,
        -0.553793 -0.569826 0.424786,
        0.553793 -0.569826 0.424786,
        -0.553793 -0.566755 0.428202,
        0.553793 -0.566755 0.428202,
        -0.553793 -0.566685 0.428249,
        0.553793 -0.566685 0.428249,
        -0.553793 -0.562869 0.430854,
        0.553793 -0.562869 0.430854,
        -0.553793 -0.562817 0.430874,
        0.553793 -0.562817 0.430874,
        -0.553793 -0.558465 0.432509,
        0.553793 -0.558465 0.432509,
        -0.553793 -0.558437 0.432512,
        0.553793 -0.558437 0.432512,
        0.566313 -0.557148 0.428202,
        0.562559 -0.556142 0.430854,
        0.558306 -0.555002 0.432509,
        0.557839 -0.556129 0.432509,
        0.556129 -0.557839 0.432509,
        0.557096 -0.557096 0.432509,
        0.555002 -0.558306 0.432509,
        0.571501 -0.558538 0.420557,
        0.572519 -0.558810 0.416778,
        0.572534 -0.558775 0.416775,
        0.570542 -0.563426 0.417155,
        0.569670 -0.562959 0.420557,
        0.570522 -0.563451 0.417156,
        0.566756 -0.566756 0.420557,
        0.567437 -0.567437 0.417284,
        0.562959 -0.569670 0.420557,
        0.563451 -0.570522 0.417156,
        0.563426 -0.570542 0.417155,
        0.558538 -0.571501 0.420557,
        0.558810 -0.572519 0.416778,
        0.558775 -0.572534 0.416775,
        0.561653 -0.558331 0.430854,
        0.560211 -0.560211 0.430854,
        0.558331 -0.561653 0.430854,
        0.556142 -0.562559 0.430854,
        0.565018 -0.560274 0.428202,
        0.562958 -0.562958 0.428202,
        0.560274 -0.565018 0.428202,
        0.557148 -0.566313 0.428202,
        0.569351 -0.557962 0.424703,
        0.567742 -0.561847 0.424703,
        0.565183 -0.565183 0.424703,
        0.561847 -0.567742 0.424703,
        0.557962 -0.569351 0.424703,
        0.587906 0.580706 0.216033,
        0.589846 0.576088 0.216223,
        0.589864 0.575959 0.216231,
        0.575959 0.589864 0.216231,
        0.576088 0.589846 0.216223,
        0.580706 0.587906 0.216033,
        0.580765 0.587881 0.216031,
        0.584785 0.584785 0.215966,
        0.587881 0.580765 0.216031,
        -0.575959 0.589864 0.216231,
        -0.576088 0.589846 0.216223,
        -0.580706 0.587906 0.216033,
        -0.580765 0.587881 0.216031,
        -0.584785 0.584785 0.215966,
        -0.587881 0.580765 0.216031,
        -0.587906 0.580706 0.216033,
        -0.589846 0.576088 0.216223,
        -0.589864 0.575959 0.216231,
        -0.557148 -0.566313 0.428202,
        -0.556142 -0.562559 0.430854,
        -0.555002 -0.558306 0.432509,
        -0.556129 -0.557839 0.432509,
        -0.557839 -0.556129 0.432509,
        -0.557096 -0.557096 0.432509,
        -0.558306 -0.555002 0.432509,
        -0.558538 -0.571501 0.420557,
        -0.558810 -0.572519 0.416778,
        -0.558775 -0.572534 0.416775,
        -0.563426 -0.570542 0.417155,
        -0.562959 -0.569670 0.420557,
        -0.563451 -0.570522 0.417156,
        -0.566756 -0.566756 0.420557,
        -0.567437 -0.567437 0.417284,
        -0.569670 -0.562959 0.420557,
        -0.570522 -0.563451 0.417156,
        -0.570542 -0.563426 0.417155,
        -0.571501 -0.558538 0.420557,
        -0.572519 -0.558810 0.416778,
        -0.572534 -0.558775 0.416775,
        -0.558331 -0.561653 0.430854,
        -0.560211 -0.560211 0.430854,
        -0.561653 -0.558331 0.430854,
        -0.562559 -0.556142 0.430854,
        -0.560274 -0.565018 0.428202,
        -0.562958 -0.562958 0.428202,
        -0.565018 -0.560274 0.428202,
        -0.566313 -0.557148 0.428202,
        -0.557962 -0.569351 0.424703,
        -0.561847 -0.567742 0.424703,
        -0.565183 -0.565183 0.424703,
        -0.567742 -0.561847 0.424703,
        -0.569351 -0.557962 0.424703,
        0.587881 -0.580765 0.295780,
        0.587906 -0.580706 0.295778,
        0.589846 -0.576088 0.295588,
        0.589864 -0.575959 0.295580,
        0.584785 -0.584785 0.295845,
        0.580765 -0.587881 0.295780,
        0.580706 -0.587906 0.295778,
        0.576088 -0.589846 0.295588,
        0.575959 -0.589864 0.295580,
        0.572635 0.558100 0.095119,
        0.572534 0.558775 0.095036,
        0.571096 0.562132 0.094762,
        0.570542 0.563426 0.094656,
        0.568758 0.565730 0.094582,
        0.558100 0.572635 0.095119,
        0.558775 0.572534 0.095036,
        0.562132 0.571096 0.094762,
        0.563426 0.570542 0.094656,
        0.565730 0.568758 0.094582,
        0.567437 0.567437 0.094527,
        -0.553793 0.558437 0.079296,
        0.553793 0.558437 0.079296,
        -0.553793 0.562819 0.080931,
        0.553793 0.562819 0.080931,
        -0.553793 0.566691 0.083554,
        0.553793 0.566691 0.083554,
        -0.553793 0.569835 0.087017,
        0.553793 0.569835 0.087017,
        -0.553793 0.572074 0.091123,
        0.553793 0.572074 0.091123,
        -0.558775 0.572534 0.095036,
        -0.558810 0.572519 0.095033,
        -0.563426 0.570542 0.094656,
        -0.563451 0.570522 0.094656,
        -0.567437 0.567437 0.094527,
        -0.570522 0.563451 0.094656,
        -0.570542 0.563426 0.094656,
        -0.572519 0.558810 0.095033,
        -0.572534 0.558775 0.095036,
        -0.580765 -0.587881 0.295780,
        -0.580706 -0.587906 0.295778,
        -0.576088 -0.589846 0.295588,
        -0.575959 -0.589864 0.295580,
        -0.584785 -0.584785 0.295845,
        -0.587881 -0.580765 0.295780,
        -0.587906 -0.580706 0.295778,
        -0.589846 -0.576088 0.295588,
        -0.589864 -0.575959 0.295580,
        0.575959 -0.589864 0.216231,
        0.576088 -0.589846 0.216223,
        0.580706 -0.587906 0.216033,
        0.580765 -0.587881 0.216031,
        0.584785 -0.584785 0.215966,
        0.587881 -0.580765 0.216031,
        0.587906 -0.580706 0.216033,
        0.589846 -0.576088 0.216223,
        0.589864 -0.575959 0.216231,
        0.558437 0.553793 0.079299,
        0.558347 0.554833 0.079302,
        0.556706 0.557445 0.079302,
        0.557445 0.556706 0.079302,
        0.553793 0.562817 0.080937,
        0.553793 0.562869 0.080957,
        0.555813 0.562641 0.080957,
        0.553793 0.566685 0.083562,
        0.553793 0.566755 0.083609,
        0.556678 0.566430 0.083609,
        0.557378 0.569496 0.087108,
        0.557873 0.571666 0.091254,
        0.561747 0.570310 0.091254,
        0.570310 0.561747 0.091254,
        0.571666 0.557873 0.091254,
        0.565223 0.568126 0.091254,
        0.553793 0.572126 0.091254,
        0.553793 0.572059 0.091130,
        0.553793 0.569900 0.087108,
        0.553793 0.569826 0.087025,
        0.572126 0.553793 0.091254,
        0.572059 0.553793 0.091130,
        0.569496 0.557378 0.087108,
        0.560782 0.568305 0.087108,
        0.569900 0.553793 0.087108,
        0.569826 0.553793 0.087025,
        0.566430 0.556678 0.083609,
        0.559417 0.565471 0.083609,
        0.563836 0.566386 0.087108,
        0.568126 0.565223 0.091254,
        0.566755 0.553793 0.083609,
        0.566685 0.553793 0.083562,
        0.562641 0.555813 0.080957,
        0.566386 0.563836 0.087108,
        0.561875 0.563927 0.083609,
        0.557731 0.561970 0.080957,
        0.554833 0.558347 0.079302,
        0.560889 0.559452 0.080957,
        0.568305 0.560782 0.087108,
        0.565471 0.559417 0.083609,
        0.561970 0.557731 0.080957,
        0.558002 0.555820 0.079302,
        0.553793 0.558437 0.079299,
        0.553793 0.558465 0.079302,
        0.563927 0.561875 0.083609,
        0.559452 0.560889 0.080957,
        0.555820 0.558002 0.079302,
        0.562869 0.553793 0.080957,
        0.562817 0.553793 0.080937,
        0.558465 0.553793 0.079302,
        -0.553793 0.558437 0.079299,
        -0.555002 0.558306 0.079302,
        -0.562817 0.553793 0.080937,
        -0.562869 0.553793 0.080957,
        -0.562559 0.556142 0.080957,
        -0.566685 0.553793 0.083562,
        -0.566755 0.553793 0.083609,
        -0.566313 0.557148 0.083609,
        -0.569351 0.557962 0.087108,
        -0.571501 0.558538 0.091254,
        -0.569670 0.562959 0.091254,
        -0.553793 0.572126 0.091254,
        -0.558538 0.571501 0.091254,
        -0.572126 0.553793 0.091254,
        -0.572059 0.553793 0.091130,
        -0.569900 0.553793 0.087108,
        -0.569826 0.553793 0.087025,
        -0.553793 0.572059 0.091130,
        -0.557962 0.569351 0.087108,
        -0.567742 0.561847 0.087108,
        -0.566756 0.566756 0.091254,
        -0.553793 0.569900 0.087108,
        -0.553793 0.569826 0.087025,
        -0.557148 0.566313 0.083609,
        -0.565018 0.560274 0.083609,
        -0.565183 0.565183 0.087108,
        -0.553793 0.566755 0.083609,
        -0.553793 0.566685 0.083562,
        -0.556142 0.562559 0.080957,
        -0.562958 0.562958 0.083609,
        -0.561653 0.558331 0.080957,
        -0.558306 0.555002 0.079302,
        -0.562959 0.569670 0.091254,
        -0.561847 0.567742 0.087108,
        -0.560274 0.565018 0.083609,
        -0.558331 0.561653 0.080957,
        -0.556129 0.557839 0.079302,
        -0.558437 0.553793 0.079299,
        -0.558465 0.553793 0.079302,
        -0.560211 0.560211 0.080957,
        -0.557839 0.556129 0.079302,
        -0.557096 0.557096 0.079302,
        -0.553793 0.562869 0.080957,
        -0.553793 0.562817 0.080937,
        -0.553793 0.558465 0.079302,
        -0.589864 -0.575959 0.216231,
        -0.589846 -0.576088 0.216223,
        -0.587906 -0.580706 0.216033,
        -0.587881 -0.580765 0.216031,
        -0.584785 -0.584785 0.215966,
        -0.580765 -0.587881 0.216031,
        -0.580706 -0.587906 0.216033,
        -0.576088 -0.589846 0.216223,
        -0.575959 -0.589864 0.216231,
        0.558100 -0.572635 0.095119,
        0.558775 -0.572534 0.095036,
        0.562132 -0.571096 0.094762,
        0.563426 -0.570542 0.094656,
        0.565730 -0.568758 0.094582,
        0.572635 -0.558100 0.095119,
        0.572534 -0.558775 0.095036,
        0.571096 -0.562132 0.094762,
        0.570542 -0.563426 0.094656,
        0.568758 -0.565730 0.094582,
        0.567437 -0.567437 0.094527,
        0.558437 -0.553793 0.079299,
        0.558465 -0.553793 0.079302,
        0.562817 -0.553793 0.080937,
        0.562869 -0.553793 0.080957,
        0.566685 -0.553793 0.083562,
        0.566755 -0.553793 0.083609,
        0.569826 -0.553793 0.087025,
        0.569900 -0.553793 0.087108,
        0.572059 -0.553793 0.091130,
        0.572126 -0.553793 0.091254,
        -0.558437 -0.553793 0.079299,
        -0.572126 -0.553793 0.091254,
        -0.572059 -0.553793 0.091130,
        -0.569900 -0.553793 0.087108,
        -0.569826 -0.553793 0.087025,
        -0.566755 -0.553793 0.083609,
        -0.566685 -0.553793 0.083562,
        -0.562869 -0.553793 0.080957,
        -0.562817 -0.553793 0.080937,
        -0.558465 -0.553793 0.079302,
        -0.572635 -0.558100 0.095119,
        -0.572534 -0.558775 0.095036,
        -0.571096 -0.562132 0.094762,
        -0.570542 -0.563426 0.094656,
        -0.568758 -0.565730 0.094582,
        -0.558100 -0.572635 0.095119,
        -0.558775 -0.572534 0.095036,
        -0.562132 -0.571096 0.094762,
        -0.563426 -0.570542 0.094656,
        -0.565730 -0.568758 0.094582,
        -0.567437 -0.567437 0.094527,
        0.553793 -0.558437 0.079299,
        0.554833 -0.558347 0.079302,
        0.557445 -0.556706 0.079302,
        0.556706 -0.557445 0.079302,
        0.562641 -0.555813 0.080957,
        0.566430 -0.556678 0.083609,
        0.569496 -0.557378 0.087108,
        0.571666 -0.557873 0.091254,
        0.570310 -0.561747 0.091254,
        0.561747 -0.570310 0.091254,
        0.557873 -0.571666 0.091254,
        0.568126 -0.565223 0.091254,
        0.553793 -0.572126 0.091254,
        0.553793 -0.572059 0.091130,
        0.557378 -0.569496 0.087108,
        0.568305 -0.560782 0.087108,
        0.553793 -0.569900 0.087108,
        0.553793 -0.569826 0.087025,
        0.556678 -0.566430 0.083609,
        0.565471 -0.559417 0.083609,
        0.566386 -0.563836 0.087108,
        0.565223 -0.568126 0.091254,
        0.553793 -0.566755 0.083609,
        0.553793 -0.566685 0.083562,
        0.555813 -0.562641 0.080957,
        0.563836 -0.566386 0.087108,
        0.563927 -0.561875 0.083609,
        0.561970 -0.557731 0.080957,
        0.558347 -0.554833 0.079302,
        0.559452 -0.560889 0.080957,
        0.560782 -0.568305 0.087108,
        0.559417 -0.565471 0.083609,
        0.557731 -0.561970 0.080957,
        0.555820 -0.558002 0.079302,
        0.561875 -0.563927 0.083609,
        0.560889 -0.559452 0.080957,
        0.558002 -0.555820 0.079302,
        0.553793 -0.562869 0.080957,
        0.553793 -0.562817 0.080937,
        0.553793 -0.558465 0.079302,
        -0.558347 -0.554833 0.079302,
        -0.556706 -0.557445 0.079302,
        -0.557445 -0.556706 0.079302,
        -0.553793 -0.562817 0.080937,
        -0.553793 -0.562869 0.080957,
        -0.555813 -0.562641 0.080957,
        -0.553793 -0.566685 0.083562,
        -0.553793 -0.566755 0.083609,
        -0.556678 -0.566430 0.083609,
        -0.557378 -0.569496 0.087108,
        -0.557873 -0.571666 0.091254,
        -0.561747 -0.570310 0.091254,
        -0.570310 -0.561747 0.091254,
        -0.571666 -0.557873 0.091254,
        -0.565223 -0.568126 0.091254,
        -0.553793 -0.572126 0.091254,
        -0.553793 -0.572059 0.091130,
        -0.553793 -0.569900 0.087108,
        -0.553793 -0.569826 0.087025,
        -0.569496 -0.557378 0.087108,
        -0.560782 -0.568305 0.087108,
        -0.566430 -0.556678 0.083609,
        -0.559417 -0.565471 0.083609,
        -0.563836 -0.566386 0.087108,
        -0.568126 -0.565223 0.091254,
        -0.562641 -0.555813 0.080957,
        -0.566386 -0.563836 0.087108,
        -0.561875 -0.563927 0.083609,
        -0.557731 -0.561970 0.080957,
        -0.554833 -0.558347 0.079302,
        -0.560889 -0.559452 0.080957,
        -0.568305 -0.560782 0.087108,
        -0.565471 -0.559417 0.083609,
        -0.561970 -0.557731 0.080957,
        -0.558002 -0.555820 0.079302,
        -0.553793 -0.558437 0.079299,
        -0.553793 -0.558465 0.079302,
        -0.563927 -0.561875 0.083609,
        -0.559452 -0.560889 0.080957,
        -0.555820 -0.558002 0.079302,
      ]
    }
    coordIndex [
      0, 1, 2, -1,
      2, 1, 3, -1,
      4, 5, 6, -1,
      6, 5, 7, -1,
      8, 9, 10, -1,
      10, 9, 11, -1,
      12, 13, 14, -1,
      14, 13, 15, -1,
      16, 17, 18, -1,
      18, 17, 19, -1,
      20, 21, 22, -1,
      22, 21, 23, -1,
      24, 25, 26, -1,
      26, 25, 27, -1,
      28, 29, 30, -1,
      30, 29, 31, -1,
      32, 33, 34, -1,
      34, 33, 35, -1,
      34, 35, 36, -1,
      37, 36, 38, -1,
      38, 36, 39, -1,
      40, 41, 42, -1,
      42, 41, 43, -1,
      44, 45, 46, -1,
      46, 45, 33, -1,
      47, 48, 49, -1,
      49, 48, 50, -1,
      49, 50, 51, -1,
      39, 52, 32, -1,
      32, 52, 42, -1,
      32, 42, 33, -1,
      33, 42, 43, -1,
      33, 43, 46, -1,
      53, 54, 55, -1,
      56, 57, 58, -1,
      58, 57, 59, -1,
      58, 59, 60, -1,
      61, 62, 58, -1,
      58, 62, 63, -1,
      64, 65, 66, -1,
      66, 65, 67, -1,
      63, 68, 58, -1,
      58, 68, 67, -1,
      58, 67, 69, -1,
      69, 67, 65, -1,
      60, 70, 58, -1,
      58, 70, 71, -1,
      58, 71, 61, -1,
      51, 72, 49, -1,
      49, 72, 73, -1,
      49, 73, 74, -1,
      74, 73, 75, -1,
      74, 75, 76, -1,
      75, 77, 76, -1,
      76, 77, 78, -1,
      76, 78, 55, -1,
      55, 78, 79, -1,
      55, 79, 53, -1,
      80, 81, 32, -1,
      32, 81, 82, -1,
      32, 82, 83, -1,
      83, 84, 32, -1,
      32, 84, 85, -1,
      32, 85, 39, -1,
      39, 85, 86, -1,
      39, 86, 38, -1,
      38, 86, 87, -1,
      38, 87, 58, -1,
      58, 87, 88, -1,
      58, 88, 56, -1,
      89, 90, 91, -1,
      91, 90, 92, -1,
      91, 92, 48, -1,
      54, 80, 55, -1,
      55, 80, 32, -1,
      55, 32, 93, -1,
      93, 32, 94, -1,
      93, 94, 47, -1,
      47, 94, 95, -1,
      47, 95, 48, -1,
      48, 95, 96, -1,
      48, 96, 91, -1,
      97, 98, 91, -1,
      91, 98, 34, -1,
      91, 34, 89, -1,
      89, 34, 36, -1,
      89, 36, 99, -1,
      99, 36, 37, -1,
      100, 101, 102, -1,
      102, 101, 103, -1,
      104, 105, 106, -1,
      107, 108, 109, -1,
      108, 110, 109, -1,
      109, 110, 111, -1,
      109, 111, 104, -1,
      104, 111, 112, -1,
      104, 112, 105, -1,
      113, 98, 114, -1,
      114, 98, 115, -1,
      114, 115, 109, -1,
      109, 115, 32, -1,
      106, 116, 104, -1,
      104, 116, 117, -1,
      104, 117, 118, -1,
      118, 119, 104, -1,
      104, 119, 34, -1,
      104, 34, 103, -1,
      103, 34, 98, -1,
      103, 98, 102, -1,
      102, 98, 113, -1,
      119, 120, 34, -1,
      34, 120, 121, -1,
      34, 121, 32, -1,
      32, 121, 122, -1,
      122, 123, 32, -1,
      32, 123, 124, -1,
      32, 124, 109, -1,
      109, 124, 125, -1,
      109, 125, 107, -1,
      126, 127, 128, -1,
      128, 127, 129, -1,
      130, 131, 132, -1,
      132, 131, 133, -1,
      134, 135, 136, -1,
      136, 135, 137, -1,
      138, 139, 140, -1,
      140, 139, 141, -1,
      142, 143, 144, -1,
      145, 146, 147, -1,
      147, 146, 148, -1,
      147, 148, 149, -1,
      144, 143, 147, -1,
      147, 143, 150, -1,
      147, 150, 145, -1,
      149, 151, 147, -1,
      147, 151, 152, -1,
      147, 152, 153, -1,
      152, 154, 153, -1,
      153, 154, 155, -1,
      153, 155, 156, -1,
      156, 157, 153, -1,
      153, 157, 158, -1,
      153, 158, 159, -1,
      159, 160, 153, -1,
      153, 160, 161, -1,
      153, 161, 162, -1,
      162, 161, 163, -1,
      163, 164, 162, -1,
      162, 164, 165, -1,
      162, 165, 166, -1,
      166, 167, 162, -1,
      162, 167, 168, -1,
      162, 168, 144, -1,
      144, 168, 169, -1,
      144, 169, 142, -1,
      170, 139, 171, -1,
      171, 139, 138, -1,
      171, 138, 25, -1,
      25, 24, 171, -1,
      171, 24, 18, -1,
      171, 18, 172, -1,
      18, 19, 172, -1,
      172, 19, 22, -1,
      172, 22, 23, -1,
      23, 30, 172, -1,
      172, 30, 31, -1,
      172, 31, 173, -1,
      174, 175, 129, -1,
      129, 175, 176, -1,
      129, 176, 128, -1,
      128, 176, 177, -1,
      178, 179, 134, -1,
      134, 179, 180, -1,
      134, 180, 135, -1,
      135, 180, 181, -1,
      182, 131, 183, -1,
      183, 131, 130, -1,
      183, 130, 13, -1,
      13, 12, 183, -1,
      183, 12, 5, -1,
      183, 5, 184, -1,
      5, 4, 184, -1,
      184, 4, 2, -1,
      184, 2, 3, -1,
      3, 10, 184, -1,
      184, 10, 11, -1,
      184, 11, 185, -1,
      186, 9, 187, -1,
      187, 9, 8, -1,
      187, 8, 1, -1,
      1, 0, 187, -1,
      187, 0, 6, -1,
      187, 6, 188, -1,
      6, 7, 188, -1,
      188, 7, 14, -1,
      188, 14, 15, -1,
      15, 132, 188, -1,
      188, 132, 133, -1,
      188, 133, 189, -1,
      190, 191, 137, -1,
      137, 191, 192, -1,
      137, 192, 136, -1,
      136, 192, 193, -1,
      194, 195, 126, -1,
      126, 195, 196, -1,
      126, 196, 127, -1,
      127, 196, 197, -1,
      198, 29, 199, -1,
      199, 29, 28, -1,
      199, 28, 21, -1,
      21, 20, 199, -1,
      199, 20, 17, -1,
      199, 17, 200, -1,
      17, 16, 200, -1,
      200, 16, 26, -1,
      200, 26, 27, -1,
      27, 140, 200, -1,
      200, 140, 141, -1,
      200, 141, 201, -1,
      187, 188, 202, -1,
      202, 188, 203, -1,
      202, 203, 204, -1,
      204, 203, 205, -1,
      204, 205, 206, -1,
      206, 205, 207, -1,
      206, 207, 208, -1,
      208, 207, 209, -1,
      208, 209, 210, -1,
      210, 209, 211, -1,
      210, 211, 212, -1,
      212, 211, 213, -1,
      212, 213, 214, -1,
      214, 213, 215, -1,
      214, 215, 216, -1,
      216, 215, 217, -1,
      216, 217, 218, -1,
      218, 217, 219, -1,
      218, 219, 220, -1,
      219, 221, 220, -1,
      220, 221, 162, -1,
      220, 162, 144, -1,
      208, 210, 222, -1,
      223, 224, 225, -1,
      144, 226, 227, -1,
      228, 226, 144, -1,
      225, 224, 144, -1,
      220, 144, 224, -1,
      229, 230, 231, -1,
      230, 229, 232, -1,
      232, 229, 233, -1,
      232, 233, 234, -1,
      234, 233, 235, -1,
      234, 235, 236, -1,
      236, 235, 237, -1,
      236, 237, 238, -1,
      238, 237, 239, -1,
      239, 237, 240, -1,
      239, 240, 241, -1,
      241, 240, 242, -1,
      242, 240, 243, -1,
      242, 243, 195, -1,
      244, 228, 144, -1,
      212, 214, 223, -1,
      223, 214, 216, -1,
      223, 216, 224, -1,
      224, 216, 218, -1,
      224, 218, 220, -1,
      245, 227, 246, -1,
      246, 227, 226, -1,
      246, 226, 247, -1,
      247, 226, 228, -1,
      247, 228, 248, -1,
      244, 249, 228, -1,
      228, 249, 250, -1,
      228, 250, 248, -1,
      248, 250, 251, -1,
      248, 251, 252, -1,
      222, 245, 253, -1,
      253, 245, 246, -1,
      253, 246, 254, -1,
      254, 246, 247, -1,
      254, 247, 255, -1,
      255, 247, 248, -1,
      255, 248, 256, -1,
      256, 248, 252, -1,
      204, 206, 257, -1,
      257, 206, 208, -1,
      208, 222, 257, -1,
      257, 222, 253, -1,
      257, 253, 258, -1,
      258, 253, 254, -1,
      258, 254, 259, -1,
      259, 254, 255, -1,
      259, 255, 260, -1,
      260, 255, 256, -1,
      260, 256, 261, -1,
      210, 212, 222, -1,
      222, 212, 223, -1,
      222, 223, 245, -1,
      245, 223, 225, -1,
      245, 225, 227, -1,
      227, 225, 144, -1,
      204, 229, 202, -1,
      202, 229, 231, -1,
      202, 231, 187, -1,
      252, 262, 256, -1,
      256, 262, 263, -1,
      256, 263, 261, -1,
      261, 263, 264, -1,
      261, 264, 265, -1,
      204, 257, 229, -1,
      229, 257, 258, -1,
      229, 258, 233, -1,
      233, 258, 259, -1,
      233, 259, 235, -1,
      235, 259, 260, -1,
      235, 260, 237, -1,
      237, 260, 261, -1,
      237, 261, 240, -1,
      240, 261, 265, -1,
      240, 265, 243, -1,
      266, 267, 268, -1,
      269, 270, 271, -1,
      162, 272, 273, -1,
      274, 272, 162, -1,
      271, 270, 162, -1,
      275, 162, 270, -1,
      276, 277, 278, -1,
      277, 276, 279, -1,
      279, 276, 280, -1,
      279, 280, 281, -1,
      281, 280, 282, -1,
      281, 282, 283, -1,
      283, 282, 284, -1,
      283, 284, 285, -1,
      285, 284, 286, -1,
      286, 284, 287, -1,
      286, 287, 288, -1,
      288, 287, 289, -1,
      289, 287, 203, -1,
      289, 203, 188, -1,
      221, 274, 162, -1,
      290, 291, 269, -1,
      269, 291, 292, -1,
      269, 292, 270, -1,
      270, 292, 293, -1,
      270, 293, 275, -1,
      294, 273, 295, -1,
      295, 273, 272, -1,
      295, 272, 296, -1,
      296, 272, 274, -1,
      296, 274, 297, -1,
      221, 219, 274, -1,
      274, 219, 217, -1,
      274, 217, 297, -1,
      297, 217, 215, -1,
      297, 215, 213, -1,
      268, 294, 298, -1,
      298, 294, 295, -1,
      298, 295, 299, -1,
      299, 295, 296, -1,
      299, 296, 300, -1,
      300, 296, 297, -1,
      300, 297, 301, -1,
      301, 297, 213, -1,
      302, 303, 304, -1,
      304, 303, 266, -1,
      266, 268, 304, -1,
      304, 268, 298, -1,
      304, 298, 305, -1,
      305, 298, 299, -1,
      305, 299, 306, -1,
      306, 299, 300, -1,
      306, 300, 307, -1,
      307, 300, 301, -1,
      307, 301, 308, -1,
      267, 290, 268, -1,
      268, 290, 269, -1,
      268, 269, 294, -1,
      294, 269, 271, -1,
      294, 271, 273, -1,
      273, 271, 162, -1,
      302, 276, 309, -1,
      309, 276, 278, -1,
      309, 278, 192, -1,
      213, 211, 301, -1,
      301, 211, 209, -1,
      301, 209, 308, -1,
      308, 209, 207, -1,
      308, 207, 205, -1,
      302, 304, 276, -1,
      276, 304, 305, -1,
      276, 305, 280, -1,
      280, 305, 306, -1,
      280, 306, 282, -1,
      282, 306, 307, -1,
      282, 307, 284, -1,
      284, 307, 308, -1,
      284, 308, 287, -1,
      287, 308, 205, -1,
      287, 205, 203, -1,
      196, 195, 310, -1,
      310, 195, 243, -1,
      310, 243, 311, -1,
      311, 243, 265, -1,
      311, 265, 312, -1,
      312, 265, 264, -1,
      312, 264, 313, -1,
      313, 264, 263, -1,
      313, 263, 314, -1,
      314, 263, 262, -1,
      314, 262, 315, -1,
      315, 262, 252, -1,
      315, 252, 316, -1,
      316, 252, 251, -1,
      316, 251, 317, -1,
      317, 251, 250, -1,
      317, 250, 318, -1,
      318, 250, 249, -1,
      318, 249, 319, -1,
      249, 244, 319, -1,
      319, 244, 144, -1,
      319, 144, 147, -1,
      320, 321, 231, -1,
      231, 321, 322, -1,
      231, 322, 187, -1,
      187, 322, 323, -1,
      187, 323, 186, -1,
      231, 230, 320, -1,
      320, 230, 232, -1,
      320, 232, 324, -1,
      324, 232, 234, -1,
      234, 236, 324, -1,
      324, 236, 238, -1,
      324, 238, 325, -1,
      325, 238, 239, -1,
      325, 239, 326, -1,
      326, 239, 241, -1,
      326, 241, 327, -1,
      327, 241, 242, -1,
      327, 242, 328, -1,
      328, 242, 195, -1,
      328, 195, 194, -1,
      329, 330, 278, -1,
      278, 330, 331, -1,
      278, 331, 192, -1,
      192, 331, 332, -1,
      192, 332, 193, -1,
      278, 277, 329, -1,
      329, 277, 279, -1,
      329, 279, 333, -1,
      333, 279, 281, -1,
      281, 283, 333, -1,
      333, 283, 285, -1,
      333, 285, 334, -1,
      334, 285, 286, -1,
      334, 286, 335, -1,
      335, 286, 288, -1,
      335, 288, 336, -1,
      336, 288, 289, -1,
      336, 289, 337, -1,
      337, 289, 188, -1,
      337, 188, 189, -1,
      192, 191, 309, -1,
      309, 191, 338, -1,
      309, 338, 302, -1,
      302, 338, 339, -1,
      302, 339, 303, -1,
      303, 339, 340, -1,
      303, 340, 266, -1,
      266, 340, 341, -1,
      266, 341, 267, -1,
      267, 341, 342, -1,
      267, 342, 290, -1,
      290, 342, 343, -1,
      290, 343, 291, -1,
      291, 343, 344, -1,
      291, 344, 292, -1,
      292, 344, 345, -1,
      292, 345, 293, -1,
      293, 345, 346, -1,
      293, 346, 275, -1,
      346, 347, 275, -1,
      275, 347, 153, -1,
      275, 153, 162, -1,
      199, 200, 348, -1,
      348, 200, 349, -1,
      348, 349, 350, -1,
      350, 349, 351, -1,
      350, 351, 352, -1,
      352, 351, 353, -1,
      352, 353, 354, -1,
      354, 353, 355, -1,
      354, 355, 356, -1,
      356, 355, 357, -1,
      356, 357, 358, -1,
      358, 357, 359, -1,
      358, 359, 360, -1,
      360, 359, 361, -1,
      360, 361, 362, -1,
      362, 361, 363, -1,
      362, 363, 364, -1,
      364, 363, 365, -1,
      364, 365, 366, -1,
      365, 367, 366, -1,
      366, 367, 147, -1,
      366, 147, 153, -1,
      313, 314, 368, -1,
      369, 370, 371, -1,
      147, 372, 373, -1,
      374, 372, 147, -1,
      371, 370, 147, -1,
      319, 147, 370, -1,
      375, 376, 377, -1,
      376, 375, 378, -1,
      378, 375, 379, -1,
      378, 379, 380, -1,
      380, 379, 381, -1,
      380, 381, 382, -1,
      382, 381, 383, -1,
      382, 383, 384, -1,
      384, 383, 385, -1,
      385, 383, 386, -1,
      385, 386, 387, -1,
      387, 386, 388, -1,
      388, 386, 349, -1,
      388, 349, 200, -1,
      367, 374, 147, -1,
      315, 316, 369, -1,
      369, 316, 317, -1,
      369, 317, 370, -1,
      370, 317, 318, -1,
      370, 318, 319, -1,
      389, 373, 390, -1,
      390, 373, 372, -1,
      390, 372, 391, -1,
      391, 372, 374, -1,
      391, 374, 392, -1,
      367, 365, 374, -1,
      374, 365, 363, -1,
      374, 363, 392, -1,
      392, 363, 361, -1,
      392, 361, 359, -1,
      368, 389, 393, -1,
      393, 389, 390, -1,
      393, 390, 394, -1,
      394, 390, 391, -1,
      394, 391, 395, -1,
      395, 391, 392, -1,
      395, 392, 396, -1,
      396, 392, 359, -1,
      311, 312, 397, -1,
      397, 312, 313, -1,
      313, 368, 397, -1,
      397, 368, 393, -1,
      397, 393, 398, -1,
      398, 393, 394, -1,
      398, 394, 399, -1,
      399, 394, 395, -1,
      399, 395, 400, -1,
      400, 395, 396, -1,
      400, 396, 401, -1,
      314, 315, 368, -1,
      368, 315, 369, -1,
      368, 369, 389, -1,
      389, 369, 371, -1,
      389, 371, 373, -1,
      373, 371, 147, -1,
      311, 375, 310, -1,
      310, 375, 377, -1,
      310, 377, 196, -1,
      359, 357, 396, -1,
      396, 357, 355, -1,
      396, 355, 401, -1,
      401, 355, 353, -1,
      401, 353, 351, -1,
      311, 397, 375, -1,
      375, 397, 398, -1,
      375, 398, 379, -1,
      379, 398, 399, -1,
      379, 399, 381, -1,
      381, 399, 400, -1,
      381, 400, 383, -1,
      383, 400, 401, -1,
      383, 401, 386, -1,
      386, 401, 351, -1,
      386, 351, 349, -1,
      126, 128, 194, -1,
      194, 128, 177, -1,
      194, 177, 328, -1,
      402, 327, 403, -1,
      403, 327, 328, -1,
      403, 328, 404, -1,
      404, 328, 177, -1,
      11, 9, 185, -1,
      185, 9, 186, -1,
      185, 186, 405, -1,
      405, 186, 323, -1,
      405, 323, 406, -1,
      406, 323, 322, -1,
      406, 322, 407, -1,
      407, 322, 321, -1,
      407, 321, 408, -1,
      408, 321, 320, -1,
      408, 320, 409, -1,
      409, 320, 324, -1,
      409, 324, 410, -1,
      410, 324, 325, -1,
      410, 325, 402, -1,
      402, 325, 326, -1,
      402, 326, 327, -1,
      133, 131, 189, -1,
      189, 131, 182, -1,
      189, 182, 337, -1,
      182, 411, 337, -1,
      337, 411, 412, -1,
      337, 412, 336, -1,
      336, 412, 413, -1,
      336, 413, 335, -1,
      335, 413, 334, -1,
      334, 413, 414, -1,
      334, 414, 333, -1,
      333, 414, 415, -1,
      333, 415, 329, -1,
      329, 415, 416, -1,
      329, 416, 330, -1,
      416, 417, 330, -1,
      330, 417, 418, -1,
      330, 418, 331, -1,
      331, 418, 419, -1,
      134, 136, 178, -1,
      178, 136, 193, -1,
      178, 193, 419, -1,
      419, 193, 332, -1,
      419, 332, 331, -1,
      354, 356, 420, -1,
      421, 422, 423, -1,
      153, 424, 425, -1,
      426, 424, 153, -1,
      423, 422, 153, -1,
      366, 153, 422, -1,
      427, 428, 429, -1,
      428, 427, 430, -1,
      430, 427, 431, -1,
      430, 431, 432, -1,
      432, 431, 433, -1,
      432, 433, 434, -1,
      434, 433, 435, -1,
      434, 435, 436, -1,
      436, 435, 437, -1,
      437, 435, 438, -1,
      437, 438, 439, -1,
      439, 438, 440, -1,
      440, 438, 338, -1,
      440, 338, 191, -1,
      347, 426, 153, -1,
      358, 360, 421, -1,
      421, 360, 362, -1,
      421, 362, 422, -1,
      422, 362, 364, -1,
      422, 364, 366, -1,
      441, 425, 442, -1,
      442, 425, 424, -1,
      442, 424, 443, -1,
      443, 424, 426, -1,
      443, 426, 444, -1,
      347, 346, 426, -1,
      426, 346, 345, -1,
      426, 345, 444, -1,
      444, 345, 344, -1,
      444, 344, 343, -1,
      420, 441, 445, -1,
      445, 441, 442, -1,
      445, 442, 446, -1,
      446, 442, 443, -1,
      446, 443, 447, -1,
      447, 443, 444, -1,
      447, 444, 448, -1,
      448, 444, 343, -1,
      350, 352, 449, -1,
      449, 352, 354, -1,
      354, 420, 449, -1,
      449, 420, 445, -1,
      449, 445, 450, -1,
      450, 445, 446, -1,
      450, 446, 451, -1,
      451, 446, 447, -1,
      451, 447, 452, -1,
      452, 447, 448, -1,
      452, 448, 453, -1,
      356, 358, 420, -1,
      420, 358, 421, -1,
      420, 421, 441, -1,
      441, 421, 423, -1,
      441, 423, 425, -1,
      425, 423, 153, -1,
      350, 427, 348, -1,
      348, 427, 429, -1,
      348, 429, 199, -1,
      343, 342, 448, -1,
      448, 342, 341, -1,
      448, 341, 453, -1,
      453, 341, 340, -1,
      453, 340, 339, -1,
      350, 449, 427, -1,
      427, 449, 450, -1,
      427, 450, 431, -1,
      431, 450, 451, -1,
      431, 451, 433, -1,
      433, 451, 452, -1,
      433, 452, 435, -1,
      435, 452, 453, -1,
      435, 453, 438, -1,
      438, 453, 339, -1,
      438, 339, 338, -1,
      454, 455, 377, -1,
      377, 455, 456, -1,
      377, 456, 196, -1,
      196, 456, 457, -1,
      196, 457, 197, -1,
      377, 376, 454, -1,
      454, 376, 378, -1,
      454, 378, 458, -1,
      458, 378, 380, -1,
      380, 382, 458, -1,
      458, 382, 384, -1,
      458, 384, 459, -1,
      459, 384, 385, -1,
      459, 385, 460, -1,
      460, 385, 387, -1,
      460, 387, 461, -1,
      461, 387, 388, -1,
      461, 388, 462, -1,
      462, 388, 200, -1,
      462, 200, 201, -1,
      177, 176, 404, -1,
      404, 176, 463, -1,
      404, 463, 403, -1,
      403, 463, 464, -1,
      403, 464, 402, -1,
      402, 464, 465, -1,
      402, 465, 410, -1,
      465, 466, 410, -1,
      410, 466, 467, -1,
      410, 467, 409, -1,
      184, 185, 468, -1,
      468, 185, 405, -1,
      468, 405, 469, -1,
      469, 405, 406, -1,
      469, 406, 470, -1,
      470, 406, 407, -1,
      470, 407, 471, -1,
      471, 407, 408, -1,
      471, 408, 472, -1,
      472, 408, 409, -1,
      472, 409, 473, -1,
      473, 409, 467, -1,
      32, 115, 474, -1,
      475, 476, 477, -1,
      477, 476, 478, -1,
      477, 478, 479, -1,
      479, 478, 480, -1,
      479, 480, 481, -1,
      481, 480, 482, -1,
      481, 482, 483, -1,
      483, 482, 183, -1,
      483, 183, 184, -1,
      94, 32, 475, -1,
      475, 32, 474, -1,
      475, 474, 476, -1,
      414, 413, 484, -1,
      484, 413, 412, -1,
      484, 412, 183, -1,
      183, 412, 411, -1,
      183, 411, 182, -1,
      484, 485, 414, -1,
      414, 485, 486, -1,
      414, 486, 415, -1,
      415, 486, 487, -1,
      487, 488, 415, -1,
      415, 488, 489, -1,
      415, 489, 416, -1,
      416, 489, 490, -1,
      416, 490, 417, -1,
      417, 490, 491, -1,
      417, 491, 418, -1,
      418, 491, 492, -1,
      418, 492, 419, -1,
      419, 492, 179, -1,
      419, 179, 178, -1,
      493, 494, 429, -1,
      429, 494, 495, -1,
      429, 495, 199, -1,
      199, 495, 496, -1,
      199, 496, 198, -1,
      429, 428, 493, -1,
      493, 428, 430, -1,
      493, 430, 497, -1,
      497, 430, 432, -1,
      432, 434, 497, -1,
      497, 434, 436, -1,
      497, 436, 498, -1,
      498, 436, 437, -1,
      498, 437, 499, -1,
      499, 437, 439, -1,
      499, 439, 500, -1,
      500, 439, 440, -1,
      500, 440, 501, -1,
      501, 440, 191, -1,
      501, 191, 190, -1,
      141, 139, 201, -1,
      201, 139, 170, -1,
      201, 170, 462, -1,
      462, 170, 502, -1,
      462, 502, 461, -1,
      461, 502, 503, -1,
      461, 503, 460, -1,
      460, 503, 504, -1,
      460, 504, 459, -1,
      459, 504, 505, -1,
      459, 505, 458, -1,
      458, 505, 506, -1,
      458, 506, 454, -1,
      454, 506, 507, -1,
      454, 507, 455, -1,
      507, 508, 455, -1,
      455, 508, 509, -1,
      455, 509, 456, -1,
      456, 509, 510, -1,
      129, 127, 174, -1,
      174, 127, 197, -1,
      174, 197, 510, -1,
      510, 197, 457, -1,
      510, 457, 456, -1,
      511, 94, 512, -1,
      513, 514, 94, -1,
      515, 516, 517, -1,
      518, 519, 520, -1,
      521, 522, 523, -1,
      466, 465, 524, -1,
      464, 463, 525, -1,
      525, 463, 176, -1,
      526, 472, 473, -1,
      523, 470, 471, -1,
      470, 523, 469, -1,
      469, 523, 522, -1,
      469, 522, 468, -1,
      184, 468, 527, -1,
      527, 468, 522, -1,
      527, 522, 528, -1,
      528, 522, 521, -1,
      528, 521, 529, -1,
      529, 521, 530, -1,
      176, 531, 525, -1,
      525, 531, 532, -1,
      525, 532, 533, -1,
      519, 530, 520, -1,
      520, 530, 521, -1,
      520, 521, 534, -1,
      534, 521, 523, -1,
      534, 523, 526, -1,
      526, 523, 471, -1,
      526, 471, 472, -1,
      532, 535, 533, -1,
      533, 535, 536, -1,
      533, 536, 537, -1,
      516, 518, 517, -1,
      517, 518, 520, -1,
      517, 520, 538, -1,
      538, 520, 534, -1,
      538, 534, 539, -1,
      539, 534, 526, -1,
      539, 526, 540, -1,
      540, 526, 473, -1,
      540, 473, 467, -1,
      536, 541, 537, -1,
      537, 541, 542, -1,
      537, 542, 543, -1,
      540, 544, 539, -1,
      539, 544, 545, -1,
      539, 545, 538, -1,
      538, 545, 546, -1,
      538, 546, 517, -1,
      517, 546, 547, -1,
      517, 547, 515, -1,
      514, 513, 548, -1,
      465, 464, 524, -1,
      524, 464, 525, -1,
      524, 525, 549, -1,
      549, 525, 533, -1,
      549, 533, 550, -1,
      550, 533, 537, -1,
      550, 537, 551, -1,
      551, 537, 543, -1,
      551, 543, 552, -1,
      552, 543, 512, -1,
      552, 512, 94, -1,
      94, 553, 547, -1,
      547, 553, 554, -1,
      547, 554, 515, -1,
      544, 555, 545, -1,
      545, 555, 556, -1,
      545, 556, 546, -1,
      546, 556, 557, -1,
      546, 557, 547, -1,
      547, 557, 94, -1,
      555, 548, 556, -1,
      556, 548, 513, -1,
      556, 513, 557, -1,
      557, 513, 94, -1,
      542, 558, 543, -1,
      543, 558, 559, -1,
      543, 559, 512, -1,
      512, 559, 560, -1,
      512, 560, 511, -1,
      467, 466, 540, -1,
      540, 466, 524, -1,
      540, 524, 544, -1,
      544, 524, 549, -1,
      544, 549, 555, -1,
      555, 549, 550, -1,
      555, 550, 548, -1,
      548, 550, 551, -1,
      548, 551, 514, -1,
      514, 551, 552, -1,
      514, 552, 94, -1,
      561, 115, 562, -1,
      563, 564, 565, -1,
      566, 567, 568, -1,
      569, 570, 571, -1,
      484, 183, 572, -1,
      486, 485, 573, -1,
      573, 485, 484, -1,
      492, 491, 570, -1,
      570, 491, 490, -1,
      570, 490, 571, -1,
      571, 490, 489, -1,
      571, 489, 488, -1,
      179, 492, 574, -1,
      574, 492, 570, -1,
      574, 570, 575, -1,
      575, 570, 569, -1,
      575, 569, 576, -1,
      576, 569, 577, -1,
      484, 572, 573, -1,
      573, 572, 578, -1,
      573, 578, 579, -1,
      567, 577, 568, -1,
      568, 577, 569, -1,
      568, 569, 580, -1,
      580, 569, 571, -1,
      580, 571, 581, -1,
      581, 571, 488, -1,
      578, 582, 579, -1,
      579, 582, 583, -1,
      579, 583, 584, -1,
      564, 566, 565, -1,
      565, 566, 568, -1,
      565, 568, 585, -1,
      585, 568, 580, -1,
      585, 580, 586, -1,
      586, 580, 581, -1,
      583, 587, 584, -1,
      584, 587, 588, -1,
      584, 588, 589, -1,
      586, 590, 585, -1,
      585, 590, 591, -1,
      585, 591, 565, -1,
      565, 591, 592, -1,
      565, 592, 563, -1,
      487, 486, 593, -1,
      593, 486, 573, -1,
      593, 573, 594, -1,
      594, 573, 579, -1,
      594, 579, 595, -1,
      595, 579, 584, -1,
      595, 584, 596, -1,
      596, 584, 589, -1,
      596, 589, 597, -1,
      597, 589, 562, -1,
      597, 562, 115, -1,
      115, 598, 592, -1,
      592, 598, 599, -1,
      592, 599, 563, -1,
      590, 600, 591, -1,
      591, 600, 601, -1,
      591, 601, 592, -1,
      592, 601, 115, -1,
      600, 602, 601, -1,
      601, 602, 115, -1,
      588, 603, 589, -1,
      589, 603, 604, -1,
      589, 604, 562, -1,
      562, 604, 605, -1,
      562, 605, 561, -1,
      488, 487, 581, -1,
      581, 487, 593, -1,
      581, 593, 586, -1,
      586, 593, 594, -1,
      586, 594, 590, -1,
      590, 594, 595, -1,
      590, 595, 600, -1,
      600, 595, 596, -1,
      600, 596, 602, -1,
      602, 596, 597, -1,
      602, 597, 115, -1,
      137, 135, 190, -1,
      190, 135, 181, -1,
      190, 181, 501, -1,
      501, 181, 606, -1,
      501, 606, 500, -1,
      500, 606, 607, -1,
      500, 607, 499, -1,
      499, 607, 608, -1,
      499, 608, 498, -1,
      498, 608, 609, -1,
      498, 609, 497, -1,
      497, 609, 610, -1,
      497, 610, 493, -1,
      493, 610, 611, -1,
      493, 611, 494, -1,
      611, 612, 494, -1,
      494, 612, 613, -1,
      494, 613, 495, -1,
      495, 613, 614, -1,
      31, 29, 173, -1,
      173, 29, 198, -1,
      173, 198, 614, -1,
      614, 198, 496, -1,
      614, 496, 495, -1,
      170, 171, 502, -1,
      502, 171, 615, -1,
      502, 615, 503, -1,
      503, 615, 616, -1,
      503, 616, 504, -1,
      504, 616, 617, -1,
      504, 617, 505, -1,
      617, 618, 505, -1,
      505, 618, 619, -1,
      505, 619, 506, -1,
      175, 174, 620, -1,
      620, 174, 510, -1,
      620, 510, 621, -1,
      621, 510, 509, -1,
      621, 509, 622, -1,
      622, 509, 508, -1,
      622, 508, 623, -1,
      623, 508, 507, -1,
      623, 507, 624, -1,
      624, 507, 506, -1,
      624, 506, 625, -1,
      625, 506, 619, -1,
      95, 94, 511, -1,
      96, 95, 626, -1,
      626, 95, 511, -1,
      626, 511, 627, -1,
      627, 511, 560, -1,
      627, 560, 628, -1,
      628, 560, 559, -1,
      628, 559, 629, -1,
      629, 559, 558, -1,
      629, 558, 630, -1,
      630, 558, 542, -1,
      630, 542, 631, -1,
      631, 542, 541, -1,
      631, 541, 632, -1,
      632, 541, 536, -1,
      632, 536, 633, -1,
      633, 536, 535, -1,
      633, 535, 634, -1,
      634, 535, 532, -1,
      634, 532, 635, -1,
      635, 532, 531, -1,
      635, 531, 175, -1,
      175, 531, 176, -1,
      98, 97, 636, -1,
      180, 179, 637, -1,
      637, 179, 574, -1,
      637, 574, 638, -1,
      638, 574, 575, -1,
      638, 575, 639, -1,
      639, 575, 576, -1,
      639, 576, 640, -1,
      640, 576, 577, -1,
      640, 577, 641, -1,
      641, 577, 567, -1,
      641, 567, 642, -1,
      642, 567, 566, -1,
      642, 566, 643, -1,
      643, 566, 564, -1,
      643, 564, 644, -1,
      644, 564, 563, -1,
      644, 563, 645, -1,
      645, 563, 599, -1,
      645, 599, 636, -1,
      636, 599, 598, -1,
      636, 598, 98, -1,
      98, 598, 115, -1,
      181, 180, 606, -1,
      606, 180, 646, -1,
      606, 646, 607, -1,
      607, 646, 647, -1,
      607, 647, 608, -1,
      608, 647, 648, -1,
      608, 648, 609, -1,
      648, 649, 609, -1,
      609, 649, 650, -1,
      609, 650, 610, -1,
      172, 173, 651, -1,
      651, 173, 614, -1,
      651, 614, 652, -1,
      652, 614, 613, -1,
      652, 613, 653, -1,
      653, 613, 612, -1,
      653, 612, 654, -1,
      654, 612, 611, -1,
      654, 611, 655, -1,
      655, 611, 610, -1,
      655, 610, 656, -1,
      656, 610, 650, -1,
      657, 96, 658, -1,
      659, 660, 96, -1,
      628, 629, 661, -1,
      630, 631, 662, -1,
      663, 664, 665, -1,
      618, 617, 666, -1,
      616, 615, 667, -1,
      667, 615, 171, -1,
      668, 624, 625, -1,
      665, 622, 623, -1,
      622, 665, 621, -1,
      621, 665, 664, -1,
      621, 664, 620, -1,
      175, 620, 635, -1,
      635, 620, 664, -1,
      635, 664, 634, -1,
      634, 664, 663, -1,
      634, 663, 633, -1,
      633, 663, 632, -1,
      171, 669, 667, -1,
      667, 669, 670, -1,
      667, 670, 671, -1,
      631, 632, 662, -1,
      662, 632, 663, -1,
      662, 663, 672, -1,
      672, 663, 665, -1,
      672, 665, 668, -1,
      668, 665, 623, -1,
      668, 623, 624, -1,
      670, 673, 671, -1,
      671, 673, 674, -1,
      671, 674, 675, -1,
      629, 630, 661, -1,
      661, 630, 662, -1,
      661, 662, 676, -1,
      676, 662, 672, -1,
      676, 672, 677, -1,
      677, 672, 668, -1,
      677, 668, 678, -1,
      678, 668, 625, -1,
      678, 625, 619, -1,
      674, 679, 675, -1,
      675, 679, 680, -1,
      675, 680, 681, -1,
      678, 682, 677, -1,
      677, 682, 683, -1,
      677, 683, 676, -1,
      676, 683, 684, -1,
      676, 684, 661, -1,
      661, 684, 685, -1,
      661, 685, 628, -1,
      660, 659, 686, -1,
      617, 616, 666, -1,
      666, 616, 667, -1,
      666, 667, 687, -1,
      687, 667, 671, -1,
      687, 671, 688, -1,
      688, 671, 675, -1,
      688, 675, 689, -1,
      689, 675, 681, -1,
      689, 681, 690, -1,
      690, 681, 658, -1,
      690, 658, 96, -1,
      96, 626, 685, -1,
      685, 626, 627, -1,
      685, 627, 628, -1,
      682, 691, 683, -1,
      683, 691, 692, -1,
      683, 692, 684, -1,
      684, 692, 693, -1,
      684, 693, 685, -1,
      685, 693, 96, -1,
      691, 686, 692, -1,
      692, 686, 659, -1,
      692, 659, 693, -1,
      693, 659, 96, -1,
      680, 694, 681, -1,
      681, 694, 695, -1,
      681, 695, 658, -1,
      658, 695, 696, -1,
      658, 696, 657, -1,
      619, 618, 678, -1,
      678, 618, 666, -1,
      678, 666, 682, -1,
      682, 666, 687, -1,
      682, 687, 691, -1,
      691, 687, 688, -1,
      691, 688, 686, -1,
      686, 688, 689, -1,
      686, 689, 660, -1,
      660, 689, 690, -1,
      660, 690, 96, -1,
      636, 97, 697, -1,
      698, 699, 97, -1,
      700, 701, 702, -1,
      703, 704, 705, -1,
      706, 707, 708, -1,
      649, 648, 709, -1,
      647, 646, 710, -1,
      710, 646, 180, -1,
      711, 655, 656, -1,
      708, 653, 654, -1,
      653, 708, 652, -1,
      652, 708, 707, -1,
      652, 707, 651, -1,
      172, 651, 712, -1,
      712, 651, 707, -1,
      712, 707, 713, -1,
      713, 707, 706, -1,
      713, 706, 714, -1,
      714, 706, 715, -1,
      180, 637, 710, -1,
      710, 637, 638, -1,
      710, 638, 716, -1,
      704, 715, 705, -1,
      705, 715, 706, -1,
      705, 706, 717, -1,
      717, 706, 708, -1,
      717, 708, 711, -1,
      711, 708, 654, -1,
      711, 654, 655, -1,
      638, 639, 716, -1,
      716, 639, 640, -1,
      716, 640, 718, -1,
      701, 703, 702, -1,
      702, 703, 705, -1,
      702, 705, 719, -1,
      719, 705, 717, -1,
      719, 717, 720, -1,
      720, 717, 711, -1,
      720, 711, 721, -1,
      721, 711, 656, -1,
      721, 656, 650, -1,
      640, 641, 718, -1,
      718, 641, 642, -1,
      718, 642, 722, -1,
      721, 723, 720, -1,
      720, 723, 724, -1,
      720, 724, 719, -1,
      719, 724, 725, -1,
      719, 725, 702, -1,
      702, 725, 726, -1,
      702, 726, 700, -1,
      699, 698, 727, -1,
      648, 647, 709, -1,
      709, 647, 710, -1,
      709, 710, 728, -1,
      728, 710, 716, -1,
      728, 716, 729, -1,
      729, 716, 718, -1,
      729, 718, 730, -1,
      730, 718, 722, -1,
      730, 722, 731, -1,
      731, 722, 697, -1,
      731, 697, 97, -1,
      97, 732, 726, -1,
      726, 732, 733, -1,
      726, 733, 700, -1,
      723, 734, 724, -1,
      724, 734, 735, -1,
      724, 735, 725, -1,
      725, 735, 736, -1,
      725, 736, 726, -1,
      726, 736, 97, -1,
      734, 727, 735, -1,
      735, 727, 698, -1,
      735, 698, 736, -1,
      736, 698, 97, -1,
      642, 643, 722, -1,
      722, 643, 644, -1,
      722, 644, 697, -1,
      697, 644, 645, -1,
      697, 645, 636, -1,
      650, 649, 721, -1,
      721, 649, 709, -1,
      721, 709, 723, -1,
      723, 709, 728, -1,
      723, 728, 734, -1,
      734, 728, 729, -1,
      734, 729, 727, -1,
      727, 729, 730, -1,
      727, 730, 699, -1,
      699, 730, 731, -1,
      699, 731, 97, -1,
      91, 96, 657, -1,
      97, 91, 732, -1,
      732, 91, 657, -1,
      732, 657, 733, -1,
      733, 657, 696, -1,
      733, 696, 700, -1,
      700, 696, 695, -1,
      700, 695, 701, -1,
      701, 695, 694, -1,
      701, 694, 703, -1,
      703, 694, 680, -1,
      703, 680, 704, -1,
      704, 680, 679, -1,
      704, 679, 715, -1,
      715, 679, 674, -1,
      715, 674, 714, -1,
      714, 674, 673, -1,
      714, 673, 713, -1,
      713, 673, 670, -1,
      713, 670, 712, -1,
      712, 670, 669, -1,
      712, 669, 172, -1,
      172, 669, 171, -1,
    ]
  }
}

Shape {
  appearance Appearance {
    material Material {
      diffuseColor 1.0000 1.0000 1.0000
      specularColor 0.8784 0.8784 0.8784
      ambientIntensity 0.2
      transparency 0.0000
      shininess 0.5
    }
  }
  geometry IndexedFaceSet {
    ccw TRUE
    solid FALSE
    coord DEF co Coordinate {
      point [
        -0.026856 -0.067643 0.078740,
        -0.026856 -0.089248 0.078740,
        0.078772 -0.089248 0.078740,
        0.117181 -0.079046 0.078740,
        0.117181 -0.057440 0.078740,
        0.078772 0.107602 0.078740,
        0.052365 0.085996 0.078740,
        0.052365 0.021180 0.078740,
        -0.022054 0.085996 0.078740,
        -0.017253 0.021180 0.078740,
        0.052365 -0.000426 0.078740,
        0.052365 -0.067643 0.078740,
        -0.017253 -0.000426 0.078740,
        0.381249 -0.089248 0.078740,
        0.280423 -0.089248 0.078740,
        -0.022054 0.107602 0.078740,
        0.354842 0.107602 0.078740,
        0.237212 0.007076 0.078740,
        0.167707 -0.070043 0.078740,
        0.280423 -0.067643 0.078740,
        0.354842 -0.067643 0.078740,
        0.263619 0.005463 0.078740,
        0.163506 0.110003 0.078740,
        0.139941 0.108377 0.078740,
        0.117181 0.102201 0.078740,
        0.117181 0.075794 0.078740,
        0.163281 0.088397 0.078740,
        0.171345 -0.091649 0.078740,
        0.381249 0.107602 0.078740,
        -0.367030 -0.034034 0.078740,
        -0.285709 -0.034034 0.078740,
        -0.386948 -0.089248 0.078740,
        -0.266917 -0.089248 0.078740,
        -0.238109 -0.089248 0.078740,
        -0.312529 0.107602 0.078740,
        -0.223706 0.011652 0.078740,
        -0.415755 -0.089248 0.078740,
        -0.338935 0.107602 0.078740,
        -0.118791 -0.089248 0.078740,
        -0.065265 -0.089248 0.078740,
        -0.065265 0.107602 0.078740,
        -0.120817 0.107602 0.078740,
        -0.338935 0.107602 0.082677,
        -0.415755 -0.089248 0.082677,
        -0.386948 -0.089248 0.082677,
        -0.367030 -0.034034 0.082677,
        -0.285709 -0.034034 0.082677,
        -0.266917 -0.089248 0.082677,
        -0.238109 -0.089248 0.082677,
        -0.312529 0.107602 0.082677,
        -0.292348 -0.012429 0.082677,
        -0.358178 -0.012429 0.082677,
        -0.321719 0.069793 0.082677,
        -0.323613 0.076620 0.082677,
        -0.324869 0.083596 0.082677,
        -0.325507 0.083596 0.082677,
        -0.326791 0.076641 0.082677,
        -0.328545 0.069793 0.082677,
        -0.292348 -0.012429 0.078740,
        -0.358178 -0.012429 0.078740,
        -0.321719 0.069793 0.078740,
        -0.323613 0.076620 0.078740,
        -0.324869 0.083596 0.078740,
        -0.325507 0.083596 0.078740,
        -0.326791 0.076641 0.078740,
        -0.328545 0.069793 0.078740,
        -0.118791 -0.089248 0.082677,
        -0.065265 -0.089248 0.082677,
        -0.065265 0.107602 0.082677,
        -0.120817 0.107602 0.082677,
        -0.223706 0.011652 0.082677,
        -0.223485 0.018781 0.078740,
        -0.223485 0.018781 0.082677,
        -0.220256 0.039615 0.078740,
        -0.220256 0.039615 0.082677,
        -0.212606 0.058902 0.078740,
        -0.212606 0.058902 0.082677,
        -0.201215 0.074769 0.078740,
        -0.201215 0.074769 0.082677,
        -0.185571 0.088526 0.078740,
        -0.185571 0.088526 0.082677,
        -0.166172 0.099239 0.078740,
        -0.166172 0.099239 0.082677,
        -0.143970 0.105652 0.078740,
        -0.143970 0.105652 0.082677,
        -0.124880 -0.089106 0.078740,
        -0.124880 -0.089106 0.082677,
        -0.148970 -0.085908 0.078740,
        -0.148970 -0.085908 0.082677,
        -0.170697 -0.078142 0.078740,
        -0.170697 -0.078142 0.082677,
        -0.189798 -0.065706 0.078740,
        -0.189798 -0.065706 0.082677,
        -0.205302 -0.049414 0.078740,
        -0.205302 -0.049414 0.082677,
        -0.215655 -0.031365 0.078740,
        -0.215655 -0.031365 0.082677,
        -0.221809 -0.010427 0.078740,
        -0.221809 -0.010427 0.082677,
        -0.119617 -0.067643 0.082677,
        -0.138810 -0.066007 0.082677,
        -0.156139 -0.060898 0.082677,
        -0.169732 -0.053056 0.082677,
        -0.180919 -0.042278 0.082677,
        -0.189358 -0.028864 0.082677,
        -0.194658 -0.013507 0.082677,
        -0.197264 0.009556 0.082677,
        -0.197299 0.011090 0.082677,
        -0.195836 0.029507 0.082677,
        -0.191207 0.045831 0.082677,
        -0.184427 0.058070 0.082677,
        -0.174926 0.068296 0.082677,
        -0.160623 0.077653 0.082677,
        -0.144448 0.083416 0.082677,
        -0.120704 0.085996 0.082677,
        -0.091672 0.085996 0.082677,
        -0.091672 -0.067643 0.082677,
        -0.120704 0.085996 0.078740,
        -0.091672 0.085996 0.078740,
        -0.144448 0.083416 0.078740,
        -0.160623 0.077653 0.078740,
        -0.174926 0.068296 0.078740,
        -0.184427 0.058070 0.078740,
        -0.191207 0.045831 0.078740,
        -0.195836 0.029507 0.078740,
        -0.197299 0.011090 0.078740,
        -0.197264 0.009556 0.078740,
        -0.194658 -0.013507 0.078740,
        -0.189358 -0.028864 0.078740,
        -0.180919 -0.042278 0.078740,
        -0.169732 -0.053056 0.078740,
        -0.156139 -0.060898 0.078740,
        -0.138810 -0.066007 0.078740,
        -0.119617 -0.067643 0.078740,
        -0.091672 -0.067643 0.078740,
        -0.026856 -0.067643 0.082677,
        -0.026856 -0.089248 0.082677,
        0.078772 -0.089248 0.082677,
        0.078772 0.107602 0.082677,
        -0.022054 0.107602 0.082677,
        -0.022054 0.085996 0.082677,
        0.052365 0.085996 0.082677,
        0.052365 0.021180 0.082677,
        -0.017253 0.021180 0.082677,
        -0.017253 -0.000426 0.082677,
        0.052365 -0.000426 0.082677,
        0.052365 -0.067643 0.082677,
        0.117181 -0.057440 0.082677,
        0.117181 -0.079046 0.082677,
        0.137543 -0.087493 0.082677,
        0.171345 -0.091649 0.082677,
        0.159582 -0.091219 0.078740,
        0.159582 -0.091219 0.082677,
        0.155026 -0.090448 0.078740,
        0.137543 -0.087493 0.078740,
        0.184917 -0.090448 0.078740,
        0.192494 -0.089778 0.082677,
        0.192494 -0.089778 0.078740,
        0.212735 -0.083467 0.082677,
        0.212735 -0.083467 0.078740,
        0.228744 -0.073875 0.082677,
        0.228744 -0.073875 0.078740,
        0.243929 -0.058709 0.082677,
        0.243929 -0.058709 0.078740,
        0.254876 -0.040328 0.082677,
        0.254876 -0.040328 0.078740,
        0.261277 -0.019682 0.082677,
        0.261277 -0.019682 0.078740,
        0.263619 0.005463 0.082677,
        0.163506 0.110003 0.082677,
        0.189090 0.107219 0.078740,
        0.189090 0.107219 0.082677,
        0.210757 0.099417 0.078740,
        0.210757 0.099417 0.082677,
        0.229995 0.086333 0.078740,
        0.229995 0.086333 0.082677,
        0.245356 0.069307 0.078740,
        0.245356 0.069307 0.082677,
        0.255628 0.050279 0.078740,
        0.255628 0.050279 0.082677,
        0.261801 0.028186 0.078740,
        0.261801 0.028186 0.082677,
        0.117181 0.102201 0.082677,
        0.139941 0.108377 0.082677,
        0.117181 0.075794 0.082677,
        0.163281 0.088397 0.082677,
        0.157527 0.088237 0.078740,
        0.157527 0.088237 0.082677,
        0.136433 0.084444 0.078740,
        0.136433 0.084444 0.082677,
        0.237212 0.007076 0.082677,
        0.236213 0.022855 0.078740,
        0.236213 0.022855 0.082677,
        0.230898 0.043793 0.078740,
        0.230898 0.043793 0.082677,
        0.222712 0.058950 0.078740,
        0.222712 0.058950 0.082677,
        0.210787 0.071989 0.078740,
        0.210787 0.071989 0.082677,
        0.197072 0.081066 0.078740,
        0.197072 0.081066 0.082677,
        0.182363 0.086290 0.078740,
        0.182363 0.086290 0.082677,
        0.167707 -0.070043 0.082677,
        0.184092 -0.068422 0.078740,
        0.184092 -0.068422 0.082677,
        0.198554 -0.063621 0.078740,
        0.198554 -0.063621 0.082677,
        0.210845 -0.055935 0.078740,
        0.210845 -0.055935 0.082677,
        0.222219 -0.044174 0.078740,
        0.222219 -0.044174 0.082677,
        0.230234 -0.030344 0.078740,
        0.230234 -0.030344 0.082677,
        0.235542 -0.012544 0.078740,
        0.235542 -0.012544 0.082677,
        0.123754 -0.060936 0.078740,
        0.123754 -0.060936 0.082677,
        0.144480 -0.067792 0.078740,
        0.144480 -0.067792 0.082677,
        0.280423 -0.067643 0.082677,
        0.280423 -0.089248 0.082677,
        0.381249 -0.089248 0.082677,
        0.381249 0.107602 0.082677,
        0.354842 0.107602 0.082677,
        0.354842 -0.067643 0.082677,
      ]
    }
    coordIndex [
      42, 43, 37, -1,
      37, 43, 36, -1,
      43, 44, 36, -1,
      36, 44, 31, -1,
      44, 45, 31, -1,
      31, 45, 29, -1,
      45, 46, 29, -1,
      29, 46, 30, -1,
      46, 47, 30, -1,
      30, 47, 32, -1,
      47, 48, 32, -1,
      32, 48, 33, -1,
      48, 49, 33, -1,
      33, 49, 34, -1,
      49, 42, 34, -1,
      34, 42, 37, -1,
      50, 46, 51, -1,
      51, 46, 45, -1,
      52, 49, 50, -1,
      50, 49, 48, -1,
      50, 48, 46, -1,
      46, 48, 47, -1,
      52, 53, 49, -1,
      49, 53, 54, -1,
      49, 54, 42, -1,
      42, 54, 55, -1,
      42, 55, 56, -1,
      56, 57, 42, -1,
      42, 57, 51, -1,
      42, 51, 43, -1,
      43, 51, 45, -1,
      43, 45, 44, -1,
      50, 51, 58, -1,
      58, 51, 59, -1,
      52, 50, 60, -1,
      60, 50, 58, -1,
      52, 60, 61, -1,
      52, 61, 53, -1,
      53, 61, 62, -1,
      53, 62, 54, -1,
      55, 54, 63, -1,
      63, 54, 62, -1,
      55, 63, 64, -1,
      55, 64, 56, -1,
      56, 64, 65, -1,
      56, 65, 57, -1,
      51, 57, 59, -1,
      59, 57, 65, -1,
      66, 67, 38, -1,
      38, 67, 39, -1,
      67, 68, 39, -1,
      39, 68, 40, -1,
      68, 69, 40, -1,
      40, 69, 41, -1,
      70, 35, 71, -1,
      70, 71, 72, -1,
      72, 71, 73, -1,
      72, 73, 74, -1,
      74, 73, 75, -1,
      74, 75, 76, -1,
      76, 75, 77, -1,
      76, 77, 78, -1,
      78, 77, 79, -1,
      78, 79, 80, -1,
      80, 79, 81, -1,
      80, 81, 82, -1,
      82, 81, 83, -1,
      82, 83, 84, -1,
      84, 83, 41, -1,
      84, 41, 69, -1,
      66, 38, 85, -1,
      66, 85, 86, -1,
      86, 85, 87, -1,
      86, 87, 88, -1,
      88, 87, 89, -1,
      88, 89, 90, -1,
      90, 89, 91, -1,
      90, 91, 92, -1,
      92, 91, 93, -1,
      92, 93, 94, -1,
      94, 93, 95, -1,
      94, 95, 96, -1,
      96, 95, 97, -1,
      96, 97, 98, -1,
      98, 97, 35, -1,
      98, 35, 70, -1,
      67, 66, 99, -1,
      99, 66, 86, -1,
      99, 86, 100, -1,
      100, 86, 88, -1,
      100, 88, 101, -1,
      101, 88, 90, -1,
      101, 90, 102, -1,
      102, 90, 92, -1,
      102, 92, 103, -1,
      103, 92, 94, -1,
      103, 94, 104, -1,
      104, 94, 96, -1,
      104, 96, 105, -1,
      105, 96, 98, -1,
      105, 98, 106, -1,
      106, 98, 70, -1,
      106, 70, 107, -1,
      107, 70, 72, -1,
      107, 72, 108, -1,
      108, 72, 74, -1,
      108, 74, 109, -1,
      109, 74, 76, -1,
      109, 76, 110, -1,
      110, 76, 78, -1,
      110, 78, 111, -1,
      111, 78, 80, -1,
      111, 80, 112, -1,
      112, 80, 82, -1,
      112, 82, 113, -1,
      113, 82, 84, -1,
      113, 84, 114, -1,
      114, 84, 69, -1,
      114, 69, 115, -1,
      115, 69, 68, -1,
      115, 68, 116, -1,
      116, 68, 67, -1,
      116, 67, 99, -1,
      114, 115, 117, -1,
      117, 115, 118, -1,
      114, 117, 119, -1,
      114, 119, 113, -1,
      113, 119, 120, -1,
      113, 120, 112, -1,
      112, 120, 121, -1,
      112, 121, 111, -1,
      111, 121, 122, -1,
      111, 122, 110, -1,
      110, 122, 123, -1,
      110, 123, 109, -1,
      109, 123, 124, -1,
      109, 124, 108, -1,
      108, 124, 125, -1,
      108, 125, 107, -1,
      107, 125, 126, -1,
      107, 126, 106, -1,
      106, 126, 127, -1,
      106, 127, 105, -1,
      105, 127, 128, -1,
      105, 128, 104, -1,
      104, 128, 129, -1,
      104, 129, 103, -1,
      103, 129, 130, -1,
      103, 130, 102, -1,
      102, 130, 131, -1,
      102, 131, 101, -1,
      101, 131, 132, -1,
      101, 132, 100, -1,
      100, 132, 133, -1,
      100, 133, 99, -1,
      116, 99, 134, -1,
      134, 99, 133, -1,
      115, 116, 118, -1,
      118, 116, 134, -1,
      135, 136, 0, -1,
      0, 136, 1, -1,
      136, 137, 1, -1,
      1, 137, 2, -1,
      137, 138, 2, -1,
      2, 138, 5, -1,
      138, 139, 5, -1,
      5, 139, 15, -1,
      139, 140, 15, -1,
      15, 140, 8, -1,
      140, 141, 8, -1,
      8, 141, 6, -1,
      141, 142, 6, -1,
      6, 142, 7, -1,
      142, 143, 7, -1,
      7, 143, 9, -1,
      143, 144, 9, -1,
      9, 144, 12, -1,
      144, 145, 12, -1,
      12, 145, 10, -1,
      145, 146, 10, -1,
      10, 146, 11, -1,
      146, 135, 11, -1,
      11, 135, 0, -1,
      137, 136, 135, -1,
      135, 146, 137, -1,
      137, 146, 145, -1,
      137, 145, 138, -1,
      140, 139, 141, -1,
      141, 139, 138, -1,
      141, 138, 142, -1,
      142, 138, 145, -1,
      142, 145, 143, -1,
      143, 145, 144, -1,
      147, 148, 4, -1,
      4, 148, 3, -1,
      3, 148, 149, -1,
      150, 27, 151, -1,
      150, 151, 152, -1,
      152, 151, 153, -1,
      152, 153, 149, -1,
      149, 153, 154, -1,
      149, 154, 3, -1,
      27, 150, 155, -1,
      155, 150, 156, -1,
      155, 156, 157, -1,
      157, 156, 158, -1,
      157, 158, 159, -1,
      159, 158, 160, -1,
      159, 160, 161, -1,
      161, 160, 162, -1,
      161, 162, 163, -1,
      163, 162, 164, -1,
      163, 164, 165, -1,
      165, 164, 166, -1,
      165, 166, 167, -1,
      167, 166, 168, -1,
      167, 168, 21, -1,
      169, 22, 170, -1,
      169, 170, 171, -1,
      171, 170, 172, -1,
      171, 172, 173, -1,
      173, 172, 174, -1,
      173, 174, 175, -1,
      175, 174, 176, -1,
      175, 176, 177, -1,
      177, 176, 178, -1,
      177, 178, 179, -1,
      179, 178, 180, -1,
      179, 180, 181, -1,
      181, 180, 21, -1,
      181, 21, 168, -1,
      182, 24, 23, -1,
      182, 23, 183, -1,
      183, 23, 22, -1,
      183, 22, 169, -1,
      182, 184, 24, -1,
      24, 184, 25, -1,
      185, 26, 186, -1,
      185, 186, 187, -1,
      187, 186, 188, -1,
      187, 188, 189, -1,
      189, 188, 25, -1,
      189, 25, 184, -1,
      190, 17, 191, -1,
      190, 191, 192, -1,
      192, 191, 193, -1,
      192, 193, 194, -1,
      194, 193, 195, -1,
      194, 195, 196, -1,
      196, 195, 197, -1,
      196, 197, 198, -1,
      198, 197, 199, -1,
      198, 199, 200, -1,
      200, 199, 201, -1,
      200, 201, 202, -1,
      202, 201, 26, -1,
      202, 26, 185, -1,
      203, 18, 204, -1,
      203, 204, 205, -1,
      205, 204, 206, -1,
      205, 206, 207, -1,
      207, 206, 208, -1,
      207, 208, 209, -1,
      209, 208, 210, -1,
      209, 210, 211, -1,
      211, 210, 212, -1,
      211, 212, 213, -1,
      213, 212, 214, -1,
      213, 214, 215, -1,
      215, 214, 17, -1,
      215, 17, 190, -1,
      147, 4, 216, -1,
      147, 216, 217, -1,
      217, 216, 218, -1,
      217, 218, 219, -1,
      219, 218, 18, -1,
      219, 18, 203, -1,
      148, 147, 217, -1,
      184, 182, 189, -1,
      189, 182, 183, -1,
      189, 183, 187, -1,
      187, 183, 169, -1,
      148, 217, 149, -1,
      149, 217, 219, -1,
      149, 219, 152, -1,
      152, 219, 203, -1,
      152, 203, 150, -1,
      150, 203, 156, -1,
      156, 203, 205, -1,
      156, 205, 158, -1,
      158, 205, 207, -1,
      158, 207, 160, -1,
      160, 207, 209, -1,
      160, 209, 162, -1,
      162, 209, 211, -1,
      162, 211, 164, -1,
      164, 211, 213, -1,
      164, 213, 166, -1,
      166, 213, 215, -1,
      166, 215, 168, -1,
      168, 215, 190, -1,
      168, 190, 181, -1,
      181, 190, 192, -1,
      181, 192, 179, -1,
      179, 192, 194, -1,
      179, 194, 177, -1,
      177, 194, 196, -1,
      177, 196, 175, -1,
      175, 196, 198, -1,
      175, 198, 173, -1,
      173, 198, 200, -1,
      173, 200, 171, -1,
      171, 200, 202, -1,
      171, 202, 169, -1,
      169, 202, 185, -1,
      169, 185, 187, -1,
      220, 221, 19, -1,
      19, 221, 14, -1,
      221, 222, 14, -1,
      14, 222, 13, -1,
      222, 223, 13, -1,
      13, 223, 28, -1,
      223, 224, 28, -1,
      28, 224, 16, -1,
      224, 225, 16, -1,
      16, 225, 20, -1,
      225, 220, 20, -1,
      20, 220, 19, -1,
      224, 223, 225, -1,
      225, 223, 222, -1,
      225, 222, 220, -1,
      220, 222, 221, -1,
    ]
  }
}

Shape {
  appearance Appearance {
    material Material {
      diffuseColor 0.1490 0.1490 0.1490
      specularColor 0.0431 0.0431 0.0431
      ambientIntensity 0.2
      transparency 0.0000
      shininess 0.5
    }
  }
  geometry IndexedFaceSet {
    ccw TRUE
    solid FALSE
    coord DEF co Coordinate {
      point [
        -0.292348 -0.012429 0.078740,
        -0.358178 -0.012429 0.078740,
        -0.321719 0.069793 0.078740,
        -0.323613 0.076620 0.078740,
        -0.324869 0.083596 0.078740,
        -0.325507 0.083596 0.078740,
        -0.326791 0.076641 0.078740,
        -0.328545 0.069793 0.078740,
        -0.120704 0.085996 0.078740,
        -0.091672 0.085996 0.078740,
        -0.144448 0.083416 0.078740,
        -0.160623 0.077653 0.078740,
        -0.174926 0.068296 0.078740,
        -0.184427 0.058070 0.078740,
        -0.191207 0.045831 0.078740,
        -0.195836 0.029507 0.078740,
        -0.197299 0.011090 0.078740,
        -0.197264 0.009556 0.078740,
        -0.194658 -0.013507 0.078740,
        -0.189358 -0.028864 0.078740,
        -0.180919 -0.042278 0.078740,
        -0.169732 -0.053056 0.078740,
        -0.156139 -0.060898 0.078740,
        -0.138810 -0.066007 0.078740,
        -0.119617 -0.067643 0.078740,
        -0.091672 -0.067643 0.078740,
      ]
    }
    coordIndex [
      0, 1, 2, -1,
      2, 1, 7, -1,
      2, 7, 3, -1,
      3, 7, 6, -1,
      3, 6, 4, -1,
      4, 6, 5, -1,
      8, 9, 25, -1,
      19, 18, 8, -1,
      8, 18, 17, -1,
      8, 17, 16, -1,
      16, 15, 8, -1,
      8, 15, 14, -1,
      8, 14, 10, -1,
      25, 24, 8, -1,
      8, 24, 23, -1,
      8, 23, 22, -1,
      22, 21, 8, -1,
      8, 21, 20, -1,
      8, 20, 19, -1,
      10, 14, 11, -1,
      11, 14, 13, -1,
      11, 13, 12, -1,
    ]
  }
}

Shape {
  appearance Appearance {
    material Material {
      diffuseColor 0.8510 0.8510 0.8510
      specularColor 0.4235 0.4235 0.4235
      ambientIntensity 0.2
      transparency 0.0000
      shininess 0.5
    }
  }
  geometry IndexedFaceSet {
    ccw TRUE
    solid FALSE
    coord DEF co Coordinate {
      point [
        0.177165 0.590551 0.295276,
        0.334646 0.590551 0.295276,
        0.177165 0.590551 0.216535,
        0.334646 0.590551 0.216535,
        0.078740 0.590551 0.216535,
        -0.078740 0.590551 0.216535,
        0.078740 0.590551 0.295276,
        -0.078740 0.590551 0.295276,
        0.433071 0.590551 0.295276,
        0.433071 0.590551 0.216535,
        -0.177165 0.590551 0.216535,
        -0.334646 0.590551 0.216535,
        -0.177165 0.590551 0.295276,
        -0.334646 0.590551 0.295276,
        0.078740 -0.590551 0.295276,
        -0.078740 -0.590551 0.295276,
        0.078740 -0.590551 0.216535,
        -0.078740 -0.590551 0.216535,
        -0.177165 -0.590551 0.295276,
        -0.334646 -0.590551 0.295276,
        -0.177165 -0.590551 0.216535,
        -0.334646 -0.590551 0.216535,
        0.177165 -0.590551 0.216535,
        0.334646 -0.590551 0.216535,
        0.177165 -0.590551 0.295276,
        0.334646 -0.590551 0.295276,
        -0.433071 -0.590551 0.295276,
        -0.433071 -0.590551 0.216535,
        -0.433071 0.590551 0.216535,
        -0.433071 0.590551 0.295276,
        0.433071 -0.590551 0.216535,
        0.433071 -0.590551 0.295276,
        -0.335175 -0.337755 0.433071,
        -0.325681 -0.350128 0.433071,
        -0.317676 -0.380000 0.433071,
        -0.319712 -0.395463 0.433071,
        -0.325681 -0.409872 0.433071,
        -0.335175 -0.422246 0.433071,
        -0.319712 -0.364538 0.433071,
        -0.347548 -0.431741 0.433071,
        -0.361957 -0.437709 0.433071,
        -0.377420 -0.439744 0.433071,
        -0.392883 -0.437709 0.433071,
        -0.407293 -0.431741 0.433071,
        -0.419666 -0.422246 0.433071,
        -0.429160 -0.409872 0.433071,
        -0.435129 -0.395463 0.433071,
        -0.437165 -0.380000 0.433071,
        -0.435129 -0.364538 0.433071,
        -0.429160 -0.350128 0.433071,
        -0.419666 -0.337755 0.433071,
        -0.407293 -0.328261 0.433071,
        -0.392883 -0.322292 0.433071,
        -0.377420 -0.320256 0.433071,
        -0.361957 -0.322292 0.433071,
        -0.347548 -0.328261 0.433071,
        -0.317676 -0.380000 0.429134,
        -0.319712 -0.364538 0.429134,
        -0.325681 -0.350128 0.429134,
        -0.335175 -0.337755 0.429134,
        -0.347548 -0.328261 0.429134,
        -0.361957 -0.322292 0.429134,
        -0.377420 -0.320256 0.429134,
        -0.392883 -0.322292 0.429134,
        -0.407293 -0.328261 0.429134,
        -0.419666 -0.337755 0.429134,
        -0.429160 -0.350128 0.429134,
        -0.435129 -0.364538 0.429134,
        -0.437165 -0.380000 0.429134,
        -0.435129 -0.395463 0.429134,
        -0.429160 -0.409872 0.429134,
        -0.419666 -0.422246 0.429134,
        -0.407293 -0.431741 0.429134,
        -0.392883 -0.437709 0.429134,
        -0.377420 -0.439744 0.429134,
        -0.361957 -0.437709 0.429134,
        -0.347548 -0.431741 0.429134,
        -0.335175 -0.422246 0.429134,
        -0.325681 -0.409872 0.429134,
        -0.319712 -0.395463 0.429134,
        -0.377420 -0.380000 0.429134,
        -0.334646 -0.964567 0.000000,
        -0.334646 -0.964567 0.078740,
        -0.433071 -0.964567 0.000000,
        -0.433071 -0.964567 0.078740,
        -0.433071 -0.652011 0.295276,
        -0.433071 -0.652011 0.216535,
        -0.334646 -0.652011 0.216535,
        -0.334646 -0.652011 0.295276,
        -0.433071 -0.686403 0.196328,
        -0.433071 -0.755186 0.234654,
        -0.433071 -0.681588 0.203150,
        -0.433071 -0.740741 0.255120,
        -0.433071 -0.675443 0.208804,
        -0.433071 -0.722306 0.272080,
        -0.433071 -0.668243 0.213033,
        -0.433071 -0.700708 0.284769,
        -0.433071 -0.660314 0.215650,
        -0.433071 -0.676920 0.292619,
        -0.334646 -0.660314 0.215650,
        -0.334646 -0.668243 0.213033,
        -0.334646 -0.675443 0.208804,
        -0.334646 -0.681588 0.203150,
        -0.334646 -0.686403 0.196328,
        -0.334646 -0.676920 0.292619,
        -0.334646 -0.700708 0.284769,
        -0.334646 -0.722306 0.272080,
        -0.334646 -0.740741 0.255120,
        -0.334646 -0.755186 0.234654,
        -0.433071 -0.830801 0.098947,
        -0.433071 -0.762017 0.060622,
        -0.334646 -0.762017 0.060622,
        -0.334646 -0.830801 0.098947,
        -0.433071 -0.835615 0.092126,
        -0.433071 -0.776462 0.040156,
        -0.433071 -0.841761 0.086472,
        -0.433071 -0.794898 0.023196,
        -0.433071 -0.848960 0.082242,
        -0.433071 -0.816495 0.010506,
        -0.433071 -0.856889 0.079626,
        -0.433071 -0.840283 0.002656,
        -0.433071 -0.865192 0.078740,
        -0.433071 -0.865192 0.000000,
        -0.334646 -0.865192 0.000000,
        -0.334646 -0.840283 0.002656,
        -0.334646 -0.816495 0.010506,
        -0.334646 -0.794898 0.023196,
        -0.334646 -0.776462 0.040156,
        -0.334646 -0.865192 0.078740,
        -0.334646 -0.856889 0.079626,
        -0.334646 -0.848960 0.082242,
        -0.334646 -0.841761 0.086472,
        -0.334646 -0.835615 0.092126,
        0.433071 -0.964567 0.000000,
        0.433071 -0.964567 0.078740,
        0.334646 -0.964567 0.000000,
        0.334646 -0.964567 0.078740,
        0.334646 -0.652011 0.295276,
        0.334646 -0.652011 0.216535,
        0.433071 -0.652011 0.216535,
        0.433071 -0.652011 0.295276,
        0.334646 -0.686403 0.196328,
        0.334646 -0.755186 0.234654,
        0.334646 -0.681588 0.203150,
        0.334646 -0.740741 0.255120,
        0.334646 -0.675443 0.208804,
        0.334646 -0.722306 0.272080,
        0.334646 -0.668243 0.213033,
        0.334646 -0.700708 0.284769,
        0.334646 -0.660314 0.215650,
        0.334646 -0.676920 0.292619,
        0.433071 -0.660314 0.215650,
        0.433071 -0.668243 0.213033,
        0.433071 -0.675443 0.208804,
        0.433071 -0.681588 0.203150,
        0.433071 -0.686403 0.196328,
        0.433071 -0.676920 0.292619,
        0.433071 -0.700708 0.284769,
        0.433071 -0.722306 0.272080,
        0.433071 -0.740741 0.255120,
        0.433071 -0.755186 0.234654,
        0.334646 -0.830801 0.098947,
        0.334646 -0.762017 0.060622,
        0.433071 -0.762017 0.060622,
        0.433071 -0.830801 0.098947,
        0.334646 -0.835615 0.092126,
        0.334646 -0.776462 0.040156,
        0.334646 -0.841761 0.086472,
        0.334646 -0.794898 0.023196,
        0.334646 -0.848960 0.082242,
        0.334646 -0.816495 0.010506,
        0.334646 -0.856889 0.079626,
        0.334646 -0.840283 0.002656,
        0.334646 -0.865192 0.078740,
        0.334646 -0.865192 0.000000,
        0.433071 -0.865192 0.000000,
        0.433071 -0.840283 0.002656,
        0.433071 -0.816495 0.010506,
        0.433071 -0.794898 0.023196,
        0.433071 -0.776462 0.040156,
        0.433071 -0.865192 0.078740,
        0.433071 -0.856889 0.079626,
        0.433071 -0.848960 0.082242,
        0.433071 -0.841761 0.086472,
        0.433071 -0.835615 0.092126,
        -0.078740 -0.964567 0.000000,
        -0.078740 -0.964567 0.078740,
        -0.177165 -0.964567 0.000000,
        -0.177165 -0.964567 0.078740,
        -0.177165 -0.652011 0.295276,
        -0.177165 -0.652011 0.216535,
        -0.078740 -0.652011 0.216535,
        -0.078740 -0.652011 0.295276,
        -0.177165 -0.686403 0.196328,
        -0.177165 -0.755186 0.234654,
        -0.177165 -0.681588 0.203150,
        -0.177165 -0.740741 0.255120,
        -0.177165 -0.675443 0.208804,
        -0.177165 -0.722306 0.272080,
        -0.177165 -0.668243 0.213033,
        -0.177165 -0.700708 0.284769,
        -0.177165 -0.660314 0.215650,
        -0.177165 -0.676920 0.292619,
        -0.078740 -0.660314 0.215650,
        -0.078740 -0.668243 0.213033,
        -0.078740 -0.675443 0.208804,
        -0.078740 -0.681588 0.203150,
        -0.078740 -0.686403 0.196328,
        -0.078740 -0.676920 0.292619,
        -0.078740 -0.700708 0.284769,
        -0.078740 -0.722306 0.272080,
        -0.078740 -0.740741 0.255120,
        -0.078740 -0.755186 0.234654,
        -0.177165 -0.830801 0.098947,
        -0.177165 -0.762017 0.060622,
        -0.078740 -0.762017 0.060622,
        -0.078740 -0.830801 0.098947,
        -0.177165 -0.835615 0.092126,
        -0.177165 -0.776462 0.040156,
        -0.177165 -0.841761 0.086472,
        -0.177165 -0.794898 0.023196,
        -0.177165 -0.848960 0.082242,
        -0.177165 -0.816495 0.010506,
        -0.177165 -0.856889 0.079626,
        -0.177165 -0.840283 0.002656,
        -0.177165 -0.865192 0.078740,
        -0.177165 -0.865192 0.000000,
        -0.078740 -0.865192 0.000000,
        -0.078740 -0.840283 0.002656,
        -0.078740 -0.816495 0.010506,
        -0.078740 -0.794898 0.023196,
        -0.078740 -0.776462 0.040156,
        -0.078740 -0.865192 0.078740,
        -0.078740 -0.856889 0.079626,
        -0.078740 -0.848960 0.082242,
        -0.078740 -0.841761 0.086472,
        -0.078740 -0.835615 0.092126,
        0.177165 -0.964567 0.000000,
        0.177165 -0.964567 0.078740,
        0.078740 -0.964567 0.000000,
        0.078740 -0.964567 0.078740,
        0.078740 -0.652011 0.295276,
        0.078740 -0.652011 0.216535,
        0.177165 -0.652011 0.216535,
        0.177165 -0.652011 0.295276,
        0.078740 -0.686403 0.196328,
        0.078740 -0.755186 0.234654,
        0.078740 -0.681588 0.203150,
        0.078740 -0.740741 0.255120,
        0.078740 -0.675443 0.208804,
        0.078740 -0.722306 0.272080,
        0.078740 -0.668243 0.213033,
        0.078740 -0.700708 0.284769,
        0.078740 -0.660314 0.215650,
        0.078740 -0.676920 0.292619,
        0.177165 -0.660314 0.215650,
        0.177165 -0.668243 0.213033,
        0.177165 -0.675443 0.208804,
        0.177165 -0.681588 0.203150,
        0.177165 -0.686403 0.196328,
        0.177165 -0.676920 0.292619,
        0.177165 -0.700708 0.284769,
        0.177165 -0.722306 0.272080,
        0.177165 -0.740741 0.255120,
        0.177165 -0.755186 0.234654,
        0.078740 -0.830801 0.098947,
        0.078740 -0.762017 0.060622,
        0.177165 -0.762017 0.060622,
        0.177165 -0.830801 0.098947,
        0.078740 -0.835615 0.092126,
        0.078740 -0.776462 0.040156,
        0.078740 -0.841761 0.086472,
        0.078740 -0.794898 0.023196,
        0.078740 -0.848960 0.082242,
        0.078740 -0.816495 0.010506,
        0.078740 -0.856889 0.079626,
        0.078740 -0.840283 0.002656,
        0.078740 -0.865192 0.078740,
        0.078740 -0.865192 0.000000,
        0.177165 -0.865192 0.000000,
        0.177165 -0.840283 0.002656,
        0.177165 -0.816495 0.010506,
        0.177165 -0.794898 0.023196,
        0.177165 -0.776462 0.040156,
        0.177165 -0.865192 0.078740,
        0.177165 -0.856889 0.079626,
        0.177165 -0.848960 0.082242,
        0.177165 -0.841761 0.086472,
        0.177165 -0.835615 0.092126,
        -0.334646 0.964567 0.078740,
        -0.334646 0.964567 0.000000,
        -0.433071 0.964567 0.078740,
        -0.433071 0.964567 0.000000,
        -0.334646 0.652011 0.295276,
        -0.334646 0.652011 0.216535,
        -0.433071 0.652011 0.216535,
        -0.433071 0.652011 0.295276,
        -0.334646 0.686403 0.196328,
        -0.334646 0.755186 0.234654,
        -0.334646 0.681588 0.203150,
        -0.334646 0.740741 0.255120,
        -0.334646 0.675443 0.208804,
        -0.334646 0.722306 0.272080,
        -0.334646 0.668243 0.213033,
        -0.334646 0.700708 0.284769,
        -0.334646 0.660314 0.215650,
        -0.334646 0.676920 0.292619,
        -0.433071 0.660314 0.215650,
        -0.433071 0.668243 0.213033,
        -0.433071 0.675443 0.208804,
        -0.433071 0.681588 0.203150,
        -0.433071 0.686403 0.196328,
        -0.433071 0.676920 0.292619,
        -0.433071 0.700708 0.284769,
        -0.433071 0.722306 0.272080,
        -0.433071 0.740741 0.255120,
        -0.433071 0.755186 0.234654,
        -0.334646 0.830801 0.098947,
        -0.334646 0.762017 0.060622,
        -0.433071 0.762017 0.060622,
        -0.433071 0.830801 0.098947,
        -0.334646 0.835615 0.092126,
        -0.334646 0.776462 0.040156,
        -0.334646 0.841761 0.086472,
        -0.334646 0.794898 0.023196,
        -0.334646 0.848960 0.082242,
        -0.334646 0.816495 0.010506,
        -0.334646 0.856889 0.079626,
        -0.334646 0.840283 0.002656,
        -0.334646 0.865192 0.078740,
        -0.334646 0.865192 0.000000,
        -0.433071 0.865192 0.000000,
        -0.433071 0.840283 0.002656,
        -0.433071 0.816495 0.010506,
        -0.433071 0.794898 0.023196,
        -0.433071 0.776462 0.040156,
        -0.433071 0.865192 0.078740,
        -0.433071 0.856889 0.079626,
        -0.433071 0.848960 0.082242,
        -0.433071 0.841761 0.086472,
        -0.433071 0.835615 0.092126,
        0.433071 0.964567 0.078740,
        0.433071 0.964567 0.000000,
        0.334646 0.964567 0.078740,
        0.334646 0.964567 0.000000,
        0.433071 0.652011 0.295276,
        0.433071 0.652011 0.216535,
        0.334646 0.652011 0.216535,
        0.334646 0.652011 0.295276,
        0.433071 0.686403 0.196328,
        0.433071 0.755186 0.234654,
        0.433071 0.681588 0.203150,
        0.433071 0.740741 0.255120,
        0.433071 0.675443 0.208804,
        0.433071 0.722306 0.272080,
        0.433071 0.668243 0.213033,
        0.433071 0.700708 0.284769,
        0.433071 0.660314 0.215650,
        0.433071 0.676920 0.292619,
        0.334646 0.660314 0.215650,
        0.334646 0.668243 0.213033,
        0.334646 0.675443 0.208804,
        0.334646 0.681588 0.203150,
        0.334646 0.686403 0.196328,
        0.334646 0.676920 0.292619,
        0.334646 0.700708 0.284769,
        0.334646 0.722306 0.272080,
        0.334646 0.740741 0.255120,
        0.334646 0.755186 0.234654,
        0.433071 0.830801 0.098947,
        0.433071 0.762017 0.060622,
        0.334646 0.762017 0.060622,
        0.334646 0.830801 0.098947,
        0.433071 0.835615 0.092126,
        0.433071 0.776462 0.040156,
        0.433071 0.841761 0.086472,
        0.433071 0.794898 0.023196,
        0.433071 0.848960 0.082242,
        0.433071 0.816495 0.010506,
        0.433071 0.856889 0.079626,
        0.433071 0.840283 0.002656,
        0.433071 0.865192 0.078740,
        0.433071 0.865192 0.000000,
        0.334646 0.865192 0.000000,
        0.334646 0.840283 0.002656,
        0.334646 0.816495 0.010506,
        0.334646 0.794898 0.023196,
        0.334646 0.776462 0.040156,
        0.334646 0.865192 0.078740,
        0.334646 0.856889 0.079626,
        0.334646 0.848960 0.082242,
        0.334646 0.841761 0.086472,
        0.334646 0.835615 0.092126,
        -0.078740 0.964567 0.078740,
        -0.078740 0.964567 0.000000,
        -0.177165 0.964567 0.078740,
        -0.177165 0.964567 0.000000,
        -0.078740 0.652011 0.295276,
        -0.078740 0.652011 0.216535,
        -0.177165 0.652011 0.216535,
        -0.177165 0.652011 0.295276,
        -0.078740 0.686403 0.196328,
        -0.078740 0.755186 0.234654,
        -0.078740 0.681588 0.203150,
        -0.078740 0.740741 0.255120,
        -0.078740 0.675443 0.208804,
        -0.078740 0.722306 0.272080,
        -0.078740 0.668243 0.213033,
        -0.078740 0.700708 0.284769,
        -0.078740 0.660314 0.215650,
        -0.078740 0.676920 0.292619,
        -0.177165 0.660314 0.215650,
        -0.177165 0.668243 0.213033,
        -0.177165 0.675443 0.208804,
        -0.177165 0.681588 0.203150,
        -0.177165 0.686403 0.196328,
        -0.177165 0.676920 0.292619,
        -0.177165 0.700708 0.284769,
        -0.177165 0.722306 0.272080,
        -0.177165 0.740741 0.255120,
        -0.177165 0.755186 0.234654,
        -0.078740 0.830801 0.098947,
        -0.078740 0.762017 0.060622,
        -0.177165 0.762017 0.060622,
        -0.177165 0.830801 0.098947,
        -0.078740 0.835615 0.092126,
        -0.078740 0.776462 0.040156,
        -0.078740 0.841761 0.086472,
        -0.078740 0.794898 0.023196,
        -0.078740 0.848960 0.082242,
        -0.078740 0.816495 0.010506,
        -0.078740 0.856889 0.079626,
        -0.078740 0.840283 0.002656,
        -0.078740 0.865192 0.078740,
        -0.078740 0.865192 0.000000,
        -0.177165 0.865192 0.000000,
        -0.177165 0.840283 0.002656,
        -0.177165 0.816495 0.010506,
        -0.177165 0.794898 0.023196,
        -0.177165 0.776462 0.040156,
        -0.177165 0.865192 0.078740,
        -0.177165 0.856889 0.079626,
        -0.177165 0.848960 0.082242,
        -0.177165 0.841761 0.086472,
        -0.177165 0.835615 0.092126,
        0.177165 0.964567 0.078740,
        0.177165 0.964567 0.000000,
        0.078740 0.964567 0.078740,
        0.078740 0.964567 0.000000,
        0.177165 0.652011 0.295276,
        0.177165 0.652011 0.216535,
        0.078740 0.652011 0.216535,
        0.078740 0.652011 0.295276,
        0.177165 0.686403 0.196328,
        0.177165 0.755186 0.234654,
        0.177165 0.681588 0.203150,
        0.177165 0.740741 0.255120,
        0.177165 0.675443 0.208804,
        0.177165 0.722306 0.272080,
        0.177165 0.668243 0.213033,
        0.177165 0.700708 0.284769,
        0.177165 0.660314 0.215650,
        0.177165 0.676920 0.292619,
        0.078740 0.660314 0.215650,
        0.078740 0.668243 0.213033,
        0.078740 0.675443 0.208804,
        0.078740 0.681588 0.203150,
        0.078740 0.686403 0.196328,
        0.078740 0.676920 0.292619,
        0.078740 0.700708 0.284769,
        0.078740 0.722306 0.272080,
        0.078740 0.740741 0.255120,
        0.078740 0.755186 0.234654,
        0.177165 0.830801 0.098947,
        0.177165 0.762017 0.060622,
        0.078740 0.762017 0.060622,
        0.078740 0.830801 0.098947,
        0.177165 0.835615 0.092126,
        0.177165 0.776462 0.040156,
        0.177165 0.841761 0.086472,
        0.177165 0.794898 0.023196,
        0.177165 0.848960 0.082242,
        0.177165 0.816495 0.010506,
        0.177165 0.856889 0.079626,
        0.177165 0.840283 0.002656,
        0.177165 0.865192 0.078740,
        0.177165 0.865192 0.000000,
        0.078740 0.865192 0.000000,
        0.078740 0.840283 0.002656,
        0.078740 0.816495 0.010506,
        0.078740 0.794898 0.023196,
        0.078740 0.776462 0.040156,
        0.078740 0.865192 0.078740,
        0.078740 0.856889 0.079626,
        0.078740 0.848960 0.082242,
        0.078740 0.841761 0.086472,
        0.078740 0.835615 0.092126,
      ]
    }
    coordIndex [
      56, 34, 57, -1,
      57, 34, 38, -1,
      57, 38, 58, -1,
      58, 38, 33, -1,
      58, 33, 59, -1,
      59, 33, 32, -1,
      59, 32, 60, -1,
      60, 32, 55, -1,
      60, 55, 61, -1,
      61, 55, 54, -1,
      61, 54, 62, -1,
      62, 54, 53, -1,
      62, 53, 63, -1,
      63, 53, 52, -1,
      63, 52, 64, -1,
      64, 52, 51, -1,
      64, 51, 65, -1,
      65, 51, 50, -1,
      65, 50, 66, -1,
      66, 50, 49, -1,
      66, 49, 67, -1,
      67, 49, 48, -1,
      67, 48, 68, -1,
      68, 48, 47, -1,
      68, 47, 69, -1,
      69, 47, 46, -1,
      69, 46, 70, -1,
      70, 46, 45, -1,
      70, 45, 71, -1,
      71, 45, 44, -1,
      71, 44, 72, -1,
      72, 44, 43, -1,
      72, 43, 73, -1,
      73, 43, 42, -1,
      73, 42, 74, -1,
      74, 42, 41, -1,
      74, 41, 75, -1,
      75, 41, 40, -1,
      75, 40, 76, -1,
      76, 40, 39, -1,
      76, 39, 77, -1,
      77, 39, 37, -1,
      77, 37, 78, -1,
      78, 37, 36, -1,
      78, 36, 79, -1,
      79, 36, 35, -1,
      79, 35, 56, -1,
      56, 35, 34, -1,
      78, 79, 80, -1,
      80, 79, 56, -1,
      80, 56, 57, -1,
      75, 76, 80, -1,
      80, 76, 77, -1,
      80, 77, 78, -1,
      72, 73, 80, -1,
      80, 73, 74, -1,
      80, 74, 75, -1,
      69, 70, 80, -1,
      80, 70, 71, -1,
      80, 71, 72, -1,
      66, 67, 80, -1,
      80, 67, 68, -1,
      80, 68, 69, -1,
      63, 64, 80, -1,
      80, 64, 65, -1,
      80, 65, 66, -1,
      60, 61, 80, -1,
      80, 61, 62, -1,
      80, 62, 63, -1,
      57, 58, 80, -1,
      80, 58, 59, -1,
      80, 59, 60, -1,
      81, 82, 83, -1,
      83, 82, 84, -1,
      85, 26, 86, -1,
      86, 26, 27, -1,
      86, 27, 87, -1,
      87, 27, 21, -1,
      87, 21, 88, -1,
      88, 21, 19, -1,
      19, 26, 88, -1,
      88, 26, 85, -1,
      89, 90, 91, -1,
      91, 90, 92, -1,
      91, 92, 93, -1,
      93, 92, 94, -1,
      93, 94, 95, -1,
      95, 94, 96, -1,
      95, 96, 97, -1,
      97, 96, 98, -1,
      97, 98, 86, -1,
      86, 98, 85, -1,
      86, 87, 97, -1,
      97, 87, 99, -1,
      97, 99, 95, -1,
      95, 99, 100, -1,
      95, 100, 93, -1,
      93, 100, 101, -1,
      93, 101, 91, -1,
      91, 101, 102, -1,
      91, 102, 89, -1,
      89, 102, 103, -1,
      87, 88, 99, -1,
      99, 88, 104, -1,
      99, 104, 100, -1,
      100, 104, 105, -1,
      100, 105, 101, -1,
      101, 105, 106, -1,
      101, 106, 102, -1,
      102, 106, 107, -1,
      102, 107, 103, -1,
      103, 107, 108, -1,
      90, 108, 107, -1,
      90, 107, 92, -1,
      92, 107, 106, -1,
      92, 106, 94, -1,
      94, 106, 105, -1,
      94, 105, 96, -1,
      96, 105, 104, -1,
      96, 104, 98, -1,
      98, 104, 88, -1,
      98, 88, 85, -1,
      109, 90, 110, -1,
      110, 90, 89, -1,
      110, 89, 111, -1,
      111, 89, 103, -1,
      111, 103, 112, -1,
      112, 103, 108, -1,
      108, 90, 112, -1,
      112, 90, 109, -1,
      109, 110, 113, -1,
      113, 110, 114, -1,
      113, 114, 115, -1,
      115, 114, 116, -1,
      115, 116, 117, -1,
      117, 116, 118, -1,
      117, 118, 119, -1,
      119, 118, 120, -1,
      119, 120, 121, -1,
      121, 120, 122, -1,
      123, 122, 120, -1,
      123, 120, 124, -1,
      124, 120, 118, -1,
      124, 118, 125, -1,
      125, 118, 116, -1,
      125, 116, 126, -1,
      126, 116, 114, -1,
      126, 114, 127, -1,
      127, 114, 110, -1,
      127, 110, 111, -1,
      128, 123, 129, -1,
      129, 123, 124, -1,
      129, 124, 130, -1,
      130, 124, 125, -1,
      130, 125, 131, -1,
      131, 125, 126, -1,
      131, 126, 132, -1,
      132, 126, 127, -1,
      132, 127, 112, -1,
      112, 127, 111, -1,
      112, 109, 132, -1,
      132, 109, 113, -1,
      132, 113, 131, -1,
      131, 113, 115, -1,
      131, 115, 130, -1,
      130, 115, 117, -1,
      130, 117, 129, -1,
      129, 117, 119, -1,
      129, 119, 128, -1,
      128, 119, 121, -1,
      84, 121, 83, -1,
      83, 121, 122, -1,
      83, 122, 81, -1,
      81, 122, 123, -1,
      81, 123, 82, -1,
      82, 123, 128, -1,
      128, 121, 82, -1,
      82, 121, 84, -1,
      133, 134, 135, -1,
      135, 134, 136, -1,
      137, 25, 138, -1,
      138, 25, 23, -1,
      138, 23, 139, -1,
      139, 23, 30, -1,
      139, 30, 140, -1,
      140, 30, 31, -1,
      31, 25, 140, -1,
      140, 25, 137, -1,
      141, 142, 143, -1,
      143, 142, 144, -1,
      143, 144, 145, -1,
      145, 144, 146, -1,
      145, 146, 147, -1,
      147, 146, 148, -1,
      147, 148, 149, -1,
      149, 148, 150, -1,
      149, 150, 138, -1,
      138, 150, 137, -1,
      138, 139, 149, -1,
      149, 139, 151, -1,
      149, 151, 147, -1,
      147, 151, 152, -1,
      147, 152, 145, -1,
      145, 152, 153, -1,
      145, 153, 143, -1,
      143, 153, 154, -1,
      143, 154, 141, -1,
      141, 154, 155, -1,
      139, 140, 151, -1,
      151, 140, 156, -1,
      151, 156, 152, -1,
      152, 156, 157, -1,
      152, 157, 153, -1,
      153, 157, 158, -1,
      153, 158, 154, -1,
      154, 158, 159, -1,
      154, 159, 155, -1,
      155, 159, 160, -1,
      142, 160, 159, -1,
      142, 159, 144, -1,
      144, 159, 158, -1,
      144, 158, 146, -1,
      146, 158, 157, -1,
      146, 157, 148, -1,
      148, 157, 156, -1,
      148, 156, 150, -1,
      150, 156, 140, -1,
      150, 140, 137, -1,
      161, 142, 162, -1,
      162, 142, 141, -1,
      162, 141, 163, -1,
      163, 141, 155, -1,
      163, 155, 164, -1,
      164, 155, 160, -1,
      160, 142, 164, -1,
      164, 142, 161, -1,
      161, 162, 165, -1,
      165, 162, 166, -1,
      165, 166, 167, -1,
      167, 166, 168, -1,
      167, 168, 169, -1,
      169, 168, 170, -1,
      169, 170, 171, -1,
      171, 170, 172, -1,
      171, 172, 173, -1,
      173, 172, 174, -1,
      175, 174, 172, -1,
      175, 172, 176, -1,
      176, 172, 170, -1,
      176, 170, 177, -1,
      177, 170, 168, -1,
      177, 168, 178, -1,
      178, 168, 166, -1,
      178, 166, 179, -1,
      179, 166, 162, -1,
      179, 162, 163, -1,
      180, 175, 181, -1,
      181, 175, 176, -1,
      181, 176, 182, -1,
      182, 176, 177, -1,
      182, 177, 183, -1,
      183, 177, 178, -1,
      183, 178, 184, -1,
      184, 178, 179, -1,
      184, 179, 164, -1,
      164, 179, 163, -1,
      164, 161, 184, -1,
      184, 161, 165, -1,
      184, 165, 183, -1,
      183, 165, 167, -1,
      183, 167, 182, -1,
      182, 167, 169, -1,
      182, 169, 181, -1,
      181, 169, 171, -1,
      181, 171, 180, -1,
      180, 171, 173, -1,
      136, 173, 135, -1,
      135, 173, 174, -1,
      135, 174, 133, -1,
      133, 174, 175, -1,
      133, 175, 134, -1,
      134, 175, 180, -1,
      180, 173, 134, -1,
      134, 173, 136, -1,
      185, 186, 187, -1,
      187, 186, 188, -1,
      189, 18, 190, -1,
      190, 18, 20, -1,
      190, 20, 191, -1,
      191, 20, 17, -1,
      191, 17, 192, -1,
      192, 17, 15, -1,
      15, 18, 192, -1,
      192, 18, 189, -1,
      193, 194, 195, -1,
      195, 194, 196, -1,
      195, 196, 197, -1,
      197, 196, 198, -1,
      197, 198, 199, -1,
      199, 198, 200, -1,
      199, 200, 201, -1,
      201, 200, 202, -1,
      201, 202, 190, -1,
      190, 202, 189, -1,
      190, 191, 201, -1,
      201, 191, 203, -1,
      201, 203, 199, -1,
      199, 203, 204, -1,
      199, 204, 197, -1,
      197, 204, 205, -1,
      197, 205, 195, -1,
      195, 205, 206, -1,
      195, 206, 193, -1,
      193, 206, 207, -1,
      191, 192, 203, -1,
      203, 192, 208, -1,
      203, 208, 204, -1,
      204, 208, 209, -1,
      204, 209, 205, -1,
      205, 209, 210, -1,
      205, 210, 206, -1,
      206, 210, 211, -1,
      206, 211, 207, -1,
      207, 211, 212, -1,
      194, 212, 211, -1,
      194, 211, 196, -1,
      196, 211, 210, -1,
      196, 210, 198, -1,
      198, 210, 209, -1,
      198, 209, 200, -1,
      200, 209, 208, -1,
      200, 208, 202, -1,
      202, 208, 192, -1,
      202, 192, 189, -1,
      213, 194, 214, -1,
      214, 194, 193, -1,
      214, 193, 215, -1,
      215, 193, 207, -1,
      215, 207, 216, -1,
      216, 207, 212, -1,
      212, 194, 216, -1,
      216, 194, 213, -1,
      213, 214, 217, -1,
      217, 214, 218, -1,
      217, 218, 219, -1,
      219, 218, 220, -1,
      219, 220, 221, -1,
      221, 220, 222, -1,
      221, 222, 223, -1,
      223, 222, 224, -1,
      223, 224, 225, -1,
      225, 224, 226, -1,
      227, 226, 224, -1,
      227, 224, 228, -1,
      228, 224, 222, -1,
      228, 222, 229, -1,
      229, 222, 220, -1,
      229, 220, 230, -1,
      230, 220, 218, -1,
      230, 218, 231, -1,
      231, 218, 214, -1,
      231, 214, 215, -1,
      232, 227, 233, -1,
      233, 227, 228, -1,
      233, 228, 234, -1,
      234, 228, 229, -1,
      234, 229, 235, -1,
      235, 229, 230, -1,
      235, 230, 236, -1,
      236, 230, 231, -1,
      236, 231, 216, -1,
      216, 231, 215, -1,
      216, 213, 236, -1,
      236, 213, 217, -1,
      236, 217, 235, -1,
      235, 217, 219, -1,
      235, 219, 234, -1,
      234, 219, 221, -1,
      234, 221, 233, -1,
      233, 221, 223, -1,
      233, 223, 232, -1,
      232, 223, 225, -1,
      188, 225, 187, -1,
      187, 225, 226, -1,
      187, 226, 185, -1,
      185, 226, 227, -1,
      185, 227, 186, -1,
      186, 227, 232, -1,
      232, 225, 186, -1,
      186, 225, 188, -1,
      237, 238, 239, -1,
      239, 238, 240, -1,
      241, 14, 242, -1,
      242, 14, 16, -1,
      242, 16, 243, -1,
      243, 16, 22, -1,
      243, 22, 244, -1,
      244, 22, 24, -1,
      24, 14, 244, -1,
      244, 14, 241, -1,
      245, 246, 247, -1,
      247, 246, 248, -1,
      247, 248, 249, -1,
      249, 248, 250, -1,
      249, 250, 251, -1,
      251, 250, 252, -1,
      251, 252, 253, -1,
      253, 252, 254, -1,
      253, 254, 242, -1,
      242, 254, 241, -1,
      242, 243, 253, -1,
      253, 243, 255, -1,
      253, 255, 251, -1,
      251, 255, 256, -1,
      251, 256, 249, -1,
      249, 256, 257, -1,
      249, 257, 247, -1,
      247, 257, 258, -1,
      247, 258, 245, -1,
      245, 258, 259, -1,
      243, 244, 255, -1,
      255, 244, 260, -1,
      255, 260, 256, -1,
      256, 260, 261, -1,
      256, 261, 257, -1,
      257, 261, 262, -1,
      257, 262, 258, -1,
      258, 262, 263, -1,
      258, 263, 259, -1,
      259, 263, 264, -1,
      246, 264, 263, -1,
      246, 263, 248, -1,
      248, 263, 262, -1,
      248, 262, 250, -1,
      250, 262, 261, -1,
      250, 261, 252, -1,
      252, 261, 260, -1,
      252, 260, 254, -1,
      254, 260, 244, -1,
      254, 244, 241, -1,
      265, 246, 266, -1,
      266, 246, 245, -1,
      266, 245, 267, -1,
      267, 245, 259, -1,
      267, 259, 268, -1,
      268, 259, 264, -1,
      264, 246, 268, -1,
      268, 246, 265, -1,
      265, 266, 269, -1,
      269, 266, 270, -1,
      269, 270, 271, -1,
      271, 270, 272, -1,
      271, 272, 273, -1,
      273, 272, 274, -1,
      273, 274, 275, -1,
      275, 274, 276, -1,
      275, 276, 277, -1,
      277, 276, 278, -1,
      279, 278, 276, -1,
      279, 276, 280, -1,
      280, 276, 274, -1,
      280, 274, 281, -1,
      281, 274, 272, -1,
      281, 272, 282, -1,
      282, 272, 270, -1,
      282, 270, 283, -1,
      283, 270, 266, -1,
      283, 266, 267, -1,
      284, 279, 285, -1,
      285, 279, 280, -1,
      285, 280, 286, -1,
      286, 280, 281, -1,
      286, 281, 287, -1,
      287, 281, 282, -1,
      287, 282, 288, -1,
      288, 282, 283, -1,
      288, 283, 268, -1,
      268, 283, 267, -1,
      268, 265, 288, -1,
      288, 265, 269, -1,
      288, 269, 287, -1,
      287, 269, 271, -1,
      287, 271, 286, -1,
      286, 271, 273, -1,
      286, 273, 285, -1,
      285, 273, 275, -1,
      285, 275, 284, -1,
      284, 275, 277, -1,
      240, 277, 239, -1,
      239, 277, 278, -1,
      239, 278, 237, -1,
      237, 278, 279, -1,
      237, 279, 238, -1,
      238, 279, 284, -1,
      284, 277, 238, -1,
      238, 277, 240, -1,
      289, 290, 291, -1,
      291, 290, 292, -1,
      293, 13, 294, -1,
      294, 13, 11, -1,
      294, 11, 295, -1,
      295, 11, 28, -1,
      295, 28, 296, -1,
      296, 28, 29, -1,
      29, 13, 296, -1,
      296, 13, 293, -1,
      297, 298, 299, -1,
      299, 298, 300, -1,
      299, 300, 301, -1,
      301, 300, 302, -1,
      301, 302, 303, -1,
      303, 302, 304, -1,
      303, 304, 305, -1,
      305, 304, 306, -1,
      305, 306, 294, -1,
      294, 306, 293, -1,
      294, 295, 305, -1,
      305, 295, 307, -1,
      305, 307, 303, -1,
      303, 307, 308, -1,
      303, 308, 301, -1,
      301, 308, 309, -1,
      301, 309, 299, -1,
      299, 309, 310, -1,
      299, 310, 297, -1,
      297, 310, 311, -1,
      295, 296, 307, -1,
      307, 296, 312, -1,
      307, 312, 308, -1,
      308, 312, 313, -1,
      308, 313, 309, -1,
      309, 313, 314, -1,
      309, 314, 310, -1,
      310, 314, 315, -1,
      310, 315, 311, -1,
      311, 315, 316, -1,
      298, 316, 315, -1,
      298, 315, 300, -1,
      300, 315, 314, -1,
      300, 314, 302, -1,
      302, 314, 313, -1,
      302, 313, 304, -1,
      304, 313, 312, -1,
      304, 312, 306, -1,
      306, 312, 296, -1,
      306, 296, 293, -1,
      317, 298, 318, -1,
      318, 298, 297, -1,
      318, 297, 319, -1,
      319, 297, 311, -1,
      319, 311, 320, -1,
      320, 311, 316, -1,
      316, 298, 320, -1,
      320, 298, 317, -1,
      317, 318, 321, -1,
      321, 318, 322, -1,
      321, 322, 323, -1,
      323, 322, 324, -1,
      323, 324, 325, -1,
      325, 324, 326, -1,
      325, 326, 327, -1,
      327, 326, 328, -1,
      327, 328, 329, -1,
      329, 328, 330, -1,
      331, 330, 328, -1,
      331, 328, 332, -1,
      332, 328, 326, -1,
      332, 326, 333, -1,
      333, 326, 324, -1,
      333, 324, 334, -1,
      334, 324, 322, -1,
      334, 322, 335, -1,
      335, 322, 318, -1,
      335, 318, 319, -1,
      336, 331, 337, -1,
      337, 331, 332, -1,
      337, 332, 338, -1,
      338, 332, 333, -1,
      338, 333, 339, -1,
      339, 333, 334, -1,
      339, 334, 340, -1,
      340, 334, 335, -1,
      340, 335, 320, -1,
      320, 335, 319, -1,
      320, 317, 340, -1,
      340, 317, 321, -1,
      340, 321, 339, -1,
      339, 321, 323, -1,
      339, 323, 338, -1,
      338, 323, 325, -1,
      338, 325, 337, -1,
      337, 325, 327, -1,
      337, 327, 336, -1,
      336, 327, 329, -1,
      289, 329, 290, -1,
      290, 329, 330, -1,
      290, 330, 292, -1,
      292, 330, 331, -1,
      292, 331, 291, -1,
      291, 331, 336, -1,
      336, 329, 291, -1,
      291, 329, 289, -1,
      341, 342, 343, -1,
      343, 342, 344, -1,
      345, 8, 346, -1,
      346, 8, 9, -1,
      346, 9, 347, -1,
      347, 9, 3, -1,
      347, 3, 348, -1,
      348, 3, 1, -1,
      1, 8, 348, -1,
      348, 8, 345, -1,
      349, 350, 351, -1,
      351, 350, 352, -1,
      351, 352, 353, -1,
      353, 352, 354, -1,
      353, 354, 355, -1,
      355, 354, 356, -1,
      355, 356, 357, -1,
      357, 356, 358, -1,
      357, 358, 346, -1,
      346, 358, 345, -1,
      346, 347, 357, -1,
      357, 347, 359, -1,
      357, 359, 355, -1,
      355, 359, 360, -1,
      355, 360, 353, -1,
      353, 360, 361, -1,
      353, 361, 351, -1,
      351, 361, 362, -1,
      351, 362, 349, -1,
      349, 362, 363, -1,
      347, 348, 359, -1,
      359, 348, 364, -1,
      359, 364, 360, -1,
      360, 364, 365, -1,
      360, 365, 361, -1,
      361, 365, 366, -1,
      361, 366, 362, -1,
      362, 366, 367, -1,
      362, 367, 363, -1,
      363, 367, 368, -1,
      350, 368, 367, -1,
      350, 367, 352, -1,
      352, 367, 366, -1,
      352, 366, 354, -1,
      354, 366, 365, -1,
      354, 365, 356, -1,
      356, 365, 364, -1,
      356, 364, 358, -1,
      358, 364, 348, -1,
      358, 348, 345, -1,
      369, 350, 370, -1,
      370, 350, 349, -1,
      370, 349, 371, -1,
      371, 349, 363, -1,
      371, 363, 372, -1,
      372, 363, 368, -1,
      368, 350, 372, -1,
      372, 350, 369, -1,
      369, 370, 373, -1,
      373, 370, 374, -1,
      373, 374, 375, -1,
      375, 374, 376, -1,
      375, 376, 377, -1,
      377, 376, 378, -1,
      377, 378, 379, -1,
      379, 378, 380, -1,
      379, 380, 381, -1,
      381, 380, 382, -1,
      383, 382, 380, -1,
      383, 380, 384, -1,
      384, 380, 378, -1,
      384, 378, 385, -1,
      385, 378, 376, -1,
      385, 376, 386, -1,
      386, 376, 374, -1,
      386, 374, 387, -1,
      387, 374, 370, -1,
      387, 370, 371, -1,
      388, 383, 389, -1,
      389, 383, 384, -1,
      389, 384, 390, -1,
      390, 384, 385, -1,
      390, 385, 391, -1,
      391, 385, 386, -1,
      391, 386, 392, -1,
      392, 386, 387, -1,
      392, 387, 372, -1,
      372, 387, 371, -1,
      372, 369, 392, -1,
      392, 369, 373, -1,
      392, 373, 391, -1,
      391, 373, 375, -1,
      391, 375, 390, -1,
      390, 375, 377, -1,
      390, 377, 389, -1,
      389, 377, 379, -1,
      389, 379, 388, -1,
      388, 379, 381, -1,
      341, 381, 342, -1,
      342, 381, 382, -1,
      342, 382, 344, -1,
      344, 382, 383, -1,
      344, 383, 343, -1,
      343, 383, 388, -1,
      388, 381, 343, -1,
      343, 381, 341, -1,
      393, 394, 395, -1,
      395, 394, 396, -1,
      397, 7, 398, -1,
      398, 7, 5, -1,
      398, 5, 399, -1,
      399, 5, 10, -1,
      399, 10, 400, -1,
      400, 10, 12, -1,
      12, 7, 400, -1,
      400, 7, 397, -1,
      401, 402, 403, -1,
      403, 402, 404, -1,
      403, 404, 405, -1,
      405, 404, 406, -1,
      405, 406, 407, -1,
      407, 406, 408, -1,
      407, 408, 409, -1,
      409, 408, 410, -1,
      409, 410, 398, -1,
      398, 410, 397, -1,
      398, 399, 409, -1,
      409, 399, 411, -1,
      409, 411, 407, -1,
      407, 411, 412, -1,
      407, 412, 405, -1,
      405, 412, 413, -1,
      405, 413, 403, -1,
      403, 413, 414, -1,
      403, 414, 401, -1,
      401, 414, 415, -1,
      399, 400, 411, -1,
      411, 400, 416, -1,
      411, 416, 412, -1,
      412, 416, 417, -1,
      412, 417, 413, -1,
      413, 417, 418, -1,
      413, 418, 414, -1,
      414, 418, 419, -1,
      414, 419, 415, -1,
      415, 419, 420, -1,
      402, 420, 419, -1,
      402, 419, 404, -1,
      404, 419, 418, -1,
      404, 418, 406, -1,
      406, 418, 417, -1,
      406, 417, 408, -1,
      408, 417, 416, -1,
      408, 416, 410, -1,
      410, 416, 400, -1,
      410, 400, 397, -1,
      421, 402, 422, -1,
      422, 402, 401, -1,
      422, 401, 423, -1,
      423, 401, 415, -1,
      423, 415, 424, -1,
      424, 415, 420, -1,
      420, 402, 424, -1,
      424, 402, 421, -1,
      421, 422, 425, -1,
      425, 422, 426, -1,
      425, 426, 427, -1,
      427, 426, 428, -1,
      427, 428, 429, -1,
      429, 428, 430, -1,
      429, 430, 431, -1,
      431, 430, 432, -1,
      431, 432, 433, -1,
      433, 432, 434, -1,
      435, 434, 432, -1,
      435, 432, 436, -1,
      436, 432, 430, -1,
      436, 430, 437, -1,
      437, 430, 428, -1,
      437, 428, 438, -1,
      438, 428, 426, -1,
      438, 426, 439, -1,
      439, 426, 422, -1,
      439, 422, 423, -1,
      440, 435, 441, -1,
      441, 435, 436, -1,
      441, 436, 442, -1,
      442, 436, 437, -1,
      442, 437, 443, -1,
      443, 437, 438, -1,
      443, 438, 444, -1,
      444, 438, 439, -1,
      444, 439, 424, -1,
      424, 439, 423, -1,
      424, 421, 444, -1,
      444, 421, 425, -1,
      444, 425, 443, -1,
      443, 425, 427, -1,
      443, 427, 442, -1,
      442, 427, 429, -1,
      442, 429, 441, -1,
      441, 429, 431, -1,
      441, 431, 440, -1,
      440, 431, 433, -1,
      393, 433, 394, -1,
      394, 433, 434, -1,
      394, 434, 396, -1,
      396, 434, 435, -1,
      396, 435, 395, -1,
      395, 435, 440, -1,
      440, 433, 395, -1,
      395, 433, 393, -1,
      445, 446, 447, -1,
      447, 446, 448, -1,
      449, 0, 450, -1,
      450, 0, 2, -1,
      450, 2, 451, -1,
      451, 2, 4, -1,
      451, 4, 452, -1,
      452, 4, 6, -1,
      6, 0, 452, -1,
      452, 0, 449, -1,
      453, 454, 455, -1,
      455, 454, 456, -1,
      455, 456, 457, -1,
      457, 456, 458, -1,
      457, 458, 459, -1,
      459, 458, 460, -1,
      459, 460, 461, -1,
      461, 460, 462, -1,
      461, 462, 450, -1,
      450, 462, 449, -1,
      450, 451, 461, -1,
      461, 451, 463, -1,
      461, 463, 459, -1,
      459, 463, 464, -1,
      459, 464, 457, -1,
      457, 464, 465, -1,
      457, 465, 455, -1,
      455, 465, 466, -1,
      455, 466, 453, -1,
      453, 466, 467, -1,
      451, 452, 463, -1,
      463, 452, 468, -1,
      463, 468, 464, -1,
      464, 468, 469, -1,
      464, 469, 465, -1,
      465, 469, 470, -1,
      465, 470, 466, -1,
      466, 470, 471, -1,
      466, 471, 467, -1,
      467, 471, 472, -1,
      454, 472, 471, -1,
      454, 471, 456, -1,
      456, 471, 470, -1,
      456, 470, 458, -1,
      458, 470, 469, -1,
      458, 469, 460, -1,
      460, 469, 468, -1,
      460, 468, 462, -1,
      462, 468, 452, -1,
      462, 452, 449, -1,
      473, 454, 474, -1,
      474, 454, 453, -1,
      474, 453, 475, -1,
      475, 453, 467, -1,
      475, 467, 476, -1,
      476, 467, 472, -1,
      472, 454, 476, -1,
      476, 454, 473, -1,
      473, 474, 477, -1,
      477, 474, 478, -1,
      477, 478, 479, -1,
      479, 478, 480, -1,
      479, 480, 481, -1,
      481, 480, 482, -1,
      481, 482, 483, -1,
      483, 482, 484, -1,
      483, 484, 485, -1,
      485, 484, 486, -1,
      487, 486, 484, -1,
      487, 484, 488, -1,
      488, 484, 482, -1,
      488, 482, 489, -1,
      489, 482, 480, -1,
      489, 480, 490, -1,
      490, 480, 478, -1,
      490, 478, 491, -1,
      491, 478, 474, -1,
      491, 474, 475, -1,
      492, 487, 493, -1,
      493, 487, 488, -1,
      493, 488, 494, -1,
      494, 488, 489, -1,
      494, 489, 495, -1,
      495, 489, 490, -1,
      495, 490, 496, -1,
      496, 490, 491, -1,
      496, 491, 476, -1,
      476, 491, 475, -1,
      476, 473, 496, -1,
      496, 473, 477, -1,
      496, 477, 495, -1,
      495, 477, 479, -1,
      495, 479, 494, -1,
      494, 479, 481, -1,
      494, 481, 493, -1,
      493, 481, 483, -1,
      493, 483, 492, -1,
      492, 483, 485, -1,
      445, 485, 446, -1,
      446, 485, 486, -1,
      446, 486, 448, -1,
      448, 486, 487, -1,
      448, 487, 447, -1,
      447, 487, 492, -1,
      492, 485, 447, -1,
      447, 485, 445, -1,
    ]
  }
}

Shape {
  appearance Appearance {
    material Material {
      diffuseColor 1.0000 1.0000 1.0000
      specularColor 0.5020 0.5020 0.5020
      ambientIntensity 0.2
      transparency 0.0000
      shininess 0.5
    }
  }
  geometry IndexedFaceSet {
    ccw TRUE
    solid FALSE
    coord DEF co Coordinate {
      point [
        0.235502 0.393714 0.433465,
        0.235502 0.389150 0.433465,
        0.235502 0.393714 0.433071,
        0.235502 0.389150 0.433071,
        0.219558 0.393714 0.433465,
        0.219558 0.393714 0.433071,
        0.219558 0.429185 0.433465,
        0.219558 0.429185 0.433071,
        0.214390 0.429185 0.433465,
        0.214390 0.429185 0.433071,
        0.214390 0.389150 0.433465,
        0.214390 0.389150 0.433071,
        0.256031 0.388475 0.433465,
        0.256031 0.388475 0.433071,
        0.258476 0.388558 0.433071,
        0.258476 0.388558 0.433465,
        0.260745 0.388807 0.433071,
        0.260745 0.388807 0.433465,
        0.262793 0.389207 0.433071,
        0.262793 0.389207 0.433465,
        0.264639 0.389744 0.433071,
        0.264639 0.389744 0.433465,
        0.266302 0.390407 0.433071,
        0.266302 0.390407 0.433465,
        0.267115 0.390808 0.433071,
        0.267115 0.390808 0.433465,
        0.267115 0.395761 0.433465,
        0.267115 0.395761 0.433071,
        0.265607 0.394944 0.433071,
        0.265607 0.394944 0.433465,
        0.264013 0.394274 0.433071,
        0.264013 0.394274 0.433465,
        0.262327 0.393751 0.433071,
        0.262327 0.393751 0.433465,
        0.260540 0.393375 0.433071,
        0.260540 0.393375 0.433465,
        0.258644 0.393149 0.433071,
        0.258644 0.393149 0.433465,
        0.256779 0.393080 0.433071,
        0.256779 0.393080 0.433465,
        0.255036 0.393164 0.433071,
        0.255036 0.393164 0.433465,
        0.253398 0.393414 0.433071,
        0.253398 0.393414 0.433465,
        0.251888 0.393819 0.433071,
        0.251888 0.393819 0.433465,
        0.250492 0.394372 0.433071,
        0.250492 0.394372 0.433465,
        0.249198 0.395069 0.433071,
        0.249198 0.395069 0.433465,
        0.247996 0.395910 0.433071,
        0.247996 0.395910 0.433465,
        0.246876 0.396902 0.433071,
        0.246876 0.396902 0.433465,
        0.246494 0.397296 0.433071,
        0.246494 0.397296 0.433465,
        0.245524 0.398466 0.433071,
        0.245524 0.398466 0.433465,
        0.244693 0.399738 0.433071,
        0.244693 0.399738 0.433465,
        0.243998 0.401113 0.433071,
        0.243998 0.401113 0.433465,
        0.243436 0.402602 0.433071,
        0.243436 0.402602 0.433465,
        0.243009 0.404215 0.433071,
        0.243009 0.404215 0.433465,
        0.242720 0.405966 0.433071,
        0.242720 0.405966 0.433465,
        0.242578 0.407871 0.433071,
        0.242578 0.407871 0.433465,
        0.242564 0.408717 0.433071,
        0.242564 0.408717 0.433465,
        0.242648 0.410790 0.433071,
        0.242648 0.410790 0.433465,
        0.242898 0.412730 0.433071,
        0.242898 0.412730 0.433465,
        0.243301 0.414502 0.433071,
        0.243301 0.414502 0.433465,
        0.243846 0.416122 0.433071,
        0.243846 0.416122 0.433465,
        0.244528 0.417606 0.433071,
        0.244528 0.417606 0.433465,
        0.245342 0.418965 0.433071,
        0.245342 0.418965 0.433465,
        0.246289 0.420213 0.433071,
        0.246289 0.420213 0.433465,
        0.246770 0.420752 0.433071,
        0.246770 0.420752 0.433465,
        0.247926 0.421848 0.433071,
        0.247926 0.421848 0.433465,
        0.249163 0.422786 0.433071,
        0.249163 0.422786 0.433465,
        0.250472 0.423562 0.433071,
        0.250472 0.423562 0.433465,
        0.251857 0.424185 0.433071,
        0.251857 0.424185 0.433465,
        0.253328 0.424659 0.433071,
        0.253328 0.424659 0.433465,
        0.254895 0.424986 0.433071,
        0.254895 0.424986 0.433465,
        0.256572 0.425163 0.433071,
        0.256572 0.425163 0.433465,
        0.257679 0.425194 0.433071,
        0.257679 0.425194 0.433465,
        0.259603 0.425109 0.433071,
        0.259603 0.425109 0.433465,
        0.261457 0.424856 0.433071,
        0.261457 0.424856 0.433465,
        0.263222 0.424440 0.433071,
        0.263222 0.424440 0.433465,
        0.264908 0.423866 0.433071,
        0.264908 0.423866 0.433465,
        0.266527 0.423133 0.433071,
        0.266527 0.423133 0.433465,
        0.267115 0.422819 0.433071,
        0.267115 0.422819 0.433465,
        0.267115 0.428223 0.433465,
        0.267115 0.428223 0.433071,
        0.265570 0.428799 0.433071,
        0.265570 0.428799 0.433465,
        0.263863 0.429254 0.433071,
        0.263863 0.429254 0.433465,
        0.261943 0.429591 0.433071,
        0.261943 0.429591 0.433465,
        0.259790 0.429798 0.433071,
        0.259790 0.429798 0.433465,
        0.257628 0.429860 0.433071,
        0.257628 0.429860 0.433465,
        0.255539 0.429776 0.433071,
        0.255539 0.429776 0.433465,
        0.253548 0.429524 0.433071,
        0.253548 0.429524 0.433465,
        0.251679 0.429114 0.433071,
        0.251679 0.429114 0.433465,
        0.249921 0.428553 0.433071,
        0.249921 0.428553 0.433465,
        0.248264 0.427843 0.433071,
        0.248264 0.427843 0.433465,
        0.246698 0.426985 0.433071,
        0.246698 0.426985 0.433465,
        0.245215 0.425979 0.433071,
        0.245215 0.425979 0.433465,
        0.243809 0.424818 0.433071,
        0.243809 0.424818 0.433465,
        0.242922 0.423966 0.433071,
        0.242922 0.423966 0.433465,
        0.241698 0.422598 0.433071,
        0.241698 0.422598 0.433465,
        0.240621 0.421137 0.433071,
        0.240621 0.421137 0.433465,
        0.239694 0.419592 0.433071,
        0.239694 0.419592 0.433465,
        0.238910 0.417954 0.433071,
        0.238910 0.417954 0.433465,
        0.238268 0.416216 0.433071,
        0.238268 0.416216 0.433465,
        0.237766 0.414367 0.433071,
        0.237766 0.414367 0.433465,
        0.237407 0.412398 0.433071,
        0.237407 0.412398 0.433465,
        0.237197 0.410297 0.433071,
        0.237197 0.410297 0.433465,
        0.237140 0.408410 0.433071,
        0.237140 0.408410 0.433465,
        0.237224 0.406163 0.433071,
        0.237224 0.406163 0.433465,
        0.237475 0.404042 0.433071,
        0.237475 0.404042 0.433465,
        0.237881 0.402080 0.433071,
        0.237881 0.402080 0.433465,
        0.238433 0.400264 0.433071,
        0.238433 0.400264 0.433465,
        0.239125 0.398581 0.433071,
        0.239125 0.398581 0.433465,
        0.239952 0.397020 0.433071,
        0.239952 0.397020 0.433465,
        0.240915 0.395570 0.433071,
        0.240915 0.395570 0.433465,
        0.241956 0.394290 0.433071,
        0.241956 0.394290 0.433465,
        0.242277 0.393939 0.433071,
        0.242277 0.393939 0.433465,
        0.243520 0.392743 0.433071,
        0.243520 0.392743 0.433465,
        0.244854 0.391695 0.433071,
        0.244854 0.391695 0.433465,
        0.246270 0.390802 0.433071,
        0.246270 0.390802 0.433465,
        0.247774 0.390054 0.433071,
        0.247774 0.390054 0.433465,
        0.249374 0.389450 0.433071,
        0.249374 0.389450 0.433465,
        0.251080 0.388988 0.433071,
        0.251080 0.388988 0.433465,
        0.252902 0.388670 0.433071,
        0.252902 0.388670 0.433465,
        0.254854 0.388501 0.433071,
        0.254854 0.388501 0.433465,
        0.296660 0.393714 0.433465,
        0.296660 0.389150 0.433465,
        0.296660 0.393714 0.433071,
        0.296660 0.389150 0.433071,
        0.280296 0.393714 0.433465,
        0.280296 0.393714 0.433071,
        0.280296 0.407182 0.433465,
        0.280296 0.407182 0.433071,
        0.294613 0.407182 0.433465,
        0.294613 0.407182 0.433071,
        0.294613 0.411767 0.433465,
        0.294613 0.411767 0.433071,
        0.280296 0.411767 0.433465,
        0.280296 0.411767 0.433071,
        0.280296 0.424580 0.433465,
        0.280296 0.424580 0.433071,
        0.295749 0.424580 0.433465,
        0.295749 0.424580 0.433071,
        0.295749 0.429185 0.433465,
        0.295749 0.429185 0.433071,
        0.275128 0.429185 0.433465,
        0.275128 0.429185 0.433071,
        0.275128 0.389150 0.433465,
        0.275128 0.389150 0.433071,
        0.322642 0.395001 0.433465,
        0.325410 0.391173 0.433465,
        0.324094 0.395680 0.433465,
        0.327074 0.392024 0.433465,
        0.325409 0.396486 0.433465,
        0.328635 0.393017 0.433465,
        0.326600 0.397420 0.433465,
        0.330101 0.394154 0.433465,
        0.327106 0.397890 0.433465,
        0.330780 0.394758 0.433465,
        0.328117 0.398988 0.433465,
        0.332058 0.396066 0.433465,
        0.328990 0.400191 0.433465,
        0.333182 0.397463 0.433465,
        0.329728 0.401501 0.433465,
        0.334148 0.398939 0.433465,
        0.330333 0.402925 0.433465,
        0.331047 0.413397 0.433465,
        0.336068 0.415503 0.433465,
        0.330645 0.415058 0.433465,
        0.335506 0.417190 0.433465,
        0.330105 0.416544 0.433465,
        0.334799 0.418764 0.433465,
        0.329436 0.417874 0.433465,
        0.333948 0.420237 0.433465,
        0.328642 0.419065 0.433465,
        0.334961 0.400500 0.433465,
        0.335628 0.402151 0.433465,
        0.330806 0.404477 0.433465,
        0.336150 0.403903 0.433465,
        0.331143 0.406169 0.433465,
        0.336525 0.405764 0.433465,
        0.331337 0.408017 0.433465,
        0.336749 0.407746 0.433465,
        0.331383 0.409536 0.433465,
        0.336817 0.409679 0.433465,
        0.331299 0.411544 0.433465,
        0.336732 0.411740 0.433465,
        0.336479 0.413690 0.433465,
        0.332951 0.421617 0.433465,
        0.331803 0.422913 0.433465,
        0.327724 0.420128 0.433465,
        0.330780 0.423884 0.433465,
        0.326993 0.420813 0.433465,
        0.329297 0.425074 0.433465,
        0.325754 0.421766 0.433465,
        0.327730 0.426112 0.433465,
        0.324413 0.422578 0.433465,
        0.326083 0.426995 0.433465,
        0.322967 0.423255 0.433465,
        0.324350 0.427728 0.433465,
        0.321404 0.423796 0.433465,
        0.322524 0.428315 0.433465,
        0.319713 0.424200 0.433465,
        0.320594 0.428754 0.433465,
        0.317880 0.424463 0.433465,
        0.318551 0.429042 0.433465,
        0.315941 0.424575 0.433465,
        0.316383 0.429176 0.433465,
        0.315439 0.424580 0.433465,
        0.315644 0.429185 0.433465,
        0.309391 0.424580 0.433465,
        0.304223 0.429185 0.433465,
        0.309391 0.393714 0.433465,
        0.304223 0.389150 0.433465,
        0.315204 0.393714 0.433465,
        0.315234 0.389150 0.433465,
        0.317308 0.393799 0.433465,
        0.317527 0.389235 0.433465,
        0.319266 0.394051 0.433465,
        0.319705 0.389489 0.433465,
        0.321038 0.394456 0.433465,
        0.321737 0.389902 0.433465,
        0.323635 0.390465 0.433465,
        0.325754 0.421766 0.433071,
        0.329297 0.425074 0.433071,
        0.326993 0.420813 0.433071,
        0.330780 0.423884 0.433071,
        0.327724 0.420128 0.433071,
        0.331803 0.422913 0.433071,
        0.328642 0.419065 0.433071,
        0.332951 0.421617 0.433071,
        0.329436 0.417874 0.433071,
        0.333948 0.420237 0.433071,
        0.330105 0.416544 0.433071,
        0.334799 0.418764 0.433071,
        0.330645 0.415058 0.433071,
        0.324094 0.395680 0.433071,
        0.325410 0.391173 0.433071,
        0.322642 0.395001 0.433071,
        0.323635 0.390465 0.433071,
        0.321038 0.394456 0.433071,
        0.321737 0.389902 0.433071,
        0.319266 0.394051 0.433071,
        0.319705 0.389489 0.433071,
        0.317308 0.393799 0.433071,
        0.317527 0.389235 0.433071,
        0.315204 0.393714 0.433071,
        0.315234 0.389150 0.433071,
        0.309391 0.393714 0.433071,
        0.304223 0.389150 0.433071,
        0.309391 0.424580 0.433071,
        0.304223 0.429185 0.433071,
        0.315439 0.424580 0.433071,
        0.315644 0.429185 0.433071,
        0.315941 0.424575 0.433071,
        0.316383 0.429176 0.433071,
        0.317880 0.424463 0.433071,
        0.318551 0.429042 0.433071,
        0.319713 0.424200 0.433071,
        0.320594 0.428754 0.433071,
        0.321404 0.423796 0.433071,
        0.322524 0.428315 0.433071,
        0.322967 0.423255 0.433071,
        0.324350 0.427728 0.433071,
        0.324413 0.422578 0.433071,
        0.326083 0.426995 0.433071,
        0.327730 0.426112 0.433071,
        0.330806 0.404477 0.433071,
        0.335628 0.402151 0.433071,
        0.330333 0.402925 0.433071,
        0.334961 0.400500 0.433071,
        0.329728 0.401501 0.433071,
        0.334148 0.398939 0.433071,
        0.328990 0.400191 0.433071,
        0.333182 0.397463 0.433071,
        0.328117 0.398988 0.433071,
        0.332058 0.396066 0.433071,
        0.327106 0.397890 0.433071,
        0.330780 0.394758 0.433071,
        0.326600 0.397420 0.433071,
        0.330101 0.394154 0.433071,
        0.325409 0.396486 0.433071,
        0.328635 0.393017 0.433071,
        0.327074 0.392024 0.433071,
        0.335506 0.417190 0.433071,
        0.336068 0.415503 0.433071,
        0.331047 0.413397 0.433071,
        0.336479 0.413690 0.433071,
        0.331299 0.411544 0.433071,
        0.336732 0.411740 0.433071,
        0.331383 0.409536 0.433071,
        0.336817 0.409679 0.433071,
        0.331337 0.408017 0.433071,
        0.336749 0.407746 0.433071,
        0.331143 0.406169 0.433071,
        0.336525 0.405764 0.433071,
        0.336150 0.403903 0.433071,
        0.350234 0.404624 0.433465,
        0.348596 0.400100 0.433465,
        0.363671 0.404624 0.433465,
        0.365267 0.400100 0.433465,
        0.356221 0.421264 0.433465,
        0.354287 0.429185 0.433465,
        0.339038 0.389150 0.433465,
        0.344749 0.389150 0.433465,
        0.356567 0.422459 0.433465,
        0.356876 0.424068 0.433465,
        0.359813 0.429185 0.433465,
        0.356998 0.424068 0.433465,
        0.357322 0.422374 0.433465,
        0.357623 0.421264 0.433465,
        0.375061 0.389150 0.433465,
        0.369351 0.389150 0.433465,
        0.348596 0.400100 0.433071,
        0.350234 0.404624 0.433071,
        0.365267 0.400100 0.433071,
        0.363671 0.404624 0.433071,
        0.357623 0.421264 0.433071,
        0.359813 0.429185 0.433071,
        0.375061 0.389150 0.433071,
        0.369351 0.389150 0.433071,
        0.357322 0.422374 0.433071,
        0.356998 0.424068 0.433071,
        0.354287 0.429185 0.433071,
        0.356876 0.424068 0.433071,
        0.356567 0.422459 0.433071,
        0.356221 0.421264 0.433071,
        0.339038 0.389150 0.433071,
        0.344749 0.389150 0.433071,
        0.235922 0.330203 0.433465,
        0.235922 0.325639 0.433465,
        0.235922 0.330203 0.433071,
        0.235922 0.325639 0.433071,
        0.219558 0.330203 0.433465,
        0.219558 0.330203 0.433071,
        0.219558 0.343671 0.433465,
        0.219558 0.343671 0.433071,
        0.233875 0.343671 0.433465,
        0.233875 0.343671 0.433071,
        0.233875 0.348256 0.433465,
        0.233875 0.348256 0.433071,
        0.219558 0.348256 0.433465,
        0.219558 0.348256 0.433071,
        0.219558 0.361069 0.433465,
        0.219558 0.361069 0.433071,
        0.235011 0.361069 0.433465,
        0.235011 0.361069 0.433071,
        0.235011 0.365674 0.433465,
        0.235011 0.365674 0.433071,
        0.214390 0.365674 0.433465,
        0.214390 0.365674 0.433071,
        0.214390 0.325639 0.433465,
        0.214390 0.325639 0.433071,
        0.249289 0.338498 0.433465,
        0.250424 0.338807 0.433465,
        0.258682 0.343814 0.433465,
        0.251989 0.339086 0.433465,
        0.244846 0.340951 0.433465,
        0.247138 0.337326 0.433465,
        0.247710 0.337776 0.433465,
        0.256897 0.349428 0.433465,
        0.259594 0.353405 0.433465,
        0.256316 0.349902 0.433465,
        0.258701 0.353881 0.433465,
        0.255637 0.350284 0.433465,
        0.257706 0.354270 0.433465,
        0.254846 0.350571 0.433465,
        0.258679 0.336981 0.433465,
        0.258599 0.335900 0.433465,
        0.263696 0.344039 0.433465,
        0.246750 0.330896 0.433465,
        0.246347 0.331486 0.433465,
        0.242166 0.328347 0.433465,
        0.243922 0.340344 0.433465,
        0.243136 0.339675 0.433465,
        0.246673 0.336783 0.433465,
        0.258682 0.325639 0.433465,
        0.263696 0.325639 0.433465,
        0.258682 0.330060 0.433465,
        0.258406 0.334870 0.433465,
        0.257812 0.348187 0.433465,
        0.261745 0.351423 0.433465,
        0.257394 0.348857 0.433465,
        0.261111 0.352180 0.433465,
        0.260395 0.352839 0.433465,
        0.242969 0.339508 0.433465,
        0.242335 0.338765 0.433465,
        0.246307 0.336163 0.433465,
        0.241809 0.337952 0.433465,
        0.246040 0.335461 0.433465,
        0.250208 0.342627 0.433465,
        0.248611 0.342343 0.433465,
        0.248398 0.338152 0.433465,
        0.247171 0.341957 0.433465,
        0.245922 0.341491 0.433465,
        0.258417 0.346485 0.433465,
        0.263162 0.348418 0.433465,
        0.258154 0.347402 0.433465,
        0.262775 0.349555 0.433465,
        0.262301 0.350552 0.433465,
        0.247261 0.330367 0.433465,
        0.244809 0.326067 0.433465,
        0.247871 0.329906 0.433465,
        0.245741 0.325644 0.433465,
        0.248556 0.329546 0.433465,
        0.246757 0.325320 0.433465,
        0.249320 0.329287 0.433465,
        0.242772 0.327614 0.433465,
        0.243178 0.327215 0.433465,
        0.243956 0.326590 0.433465,
        0.245869 0.332888 0.433465,
        0.240967 0.331026 0.433465,
        0.246053 0.332145 0.433465,
        0.241263 0.330042 0.433465,
        0.241663 0.329153 0.433465,
        0.263635 0.345651 0.433465,
        0.258682 0.339987 0.433465,
        0.258682 0.337244 0.433465,
        0.258596 0.345417 0.433465,
        0.263452 0.347122 0.433465,
        0.258678 0.344176 0.433465,
        0.241387 0.337069 0.433465,
        0.241067 0.336106 0.433465,
        0.245872 0.334668 0.433465,
        0.240848 0.335053 0.433465,
        0.245808 0.333703 0.433465,
        0.256598 0.354570 0.433465,
        0.255362 0.354774 0.433465,
        0.253922 0.350753 0.433465,
        0.253985 0.354877 0.433465,
        0.252890 0.350814 0.433465,
        0.253361 0.354887 0.433465,
        0.252377 0.350806 0.433465,
        0.251675 0.354825 0.433465,
        0.251040 0.350697 0.433465,
        0.250059 0.354639 0.433465,
        0.249734 0.350467 0.433465,
        0.248531 0.354334 0.433465,
        0.248454 0.350111 0.433465,
        0.247085 0.353916 0.433465,
        0.247194 0.349628 0.433465,
        0.245713 0.353388 0.433465,
        0.245950 0.349011 0.433465,
        0.244408 0.352749 0.433465,
        0.244718 0.348250 0.433465,
        0.243515 0.352226 0.433465,
        0.243515 0.347355 0.433465,
        0.258104 0.333913 0.433465,
        0.257694 0.333020 0.433465,
        0.258549 0.330060 0.433465,
        0.257170 0.332185 0.433465,
        0.258296 0.329642 0.433465,
        0.252134 0.329139 0.433465,
        0.253279 0.325510 0.433465,
        0.253115 0.329324 0.433465,
        0.254275 0.325919 0.433465,
        0.254014 0.329624 0.433465,
        0.255196 0.326433 0.433465,
        0.254843 0.330033 0.433465,
        0.240735 0.333898 0.433465,
        0.240722 0.333294 0.433465,
        0.240783 0.332117 0.433465,
        0.256056 0.327058 0.433465,
        0.256856 0.327796 0.433465,
        0.255611 0.330554 0.433465,
        0.257602 0.328654 0.433465,
        0.256323 0.331190 0.433465,
        0.256533 0.331411 0.433465,
        0.247870 0.325097 0.433465,
        0.249091 0.324980 0.433465,
        0.250175 0.329129 0.433465,
        0.249789 0.324963 0.433465,
        0.251089 0.329078 0.433465,
        0.251032 0.325026 0.433465,
        0.252202 0.325211 0.433465,
        0.244718 0.348250 0.433071,
        0.243515 0.347355 0.433071,
        0.243515 0.352226 0.433071,
        0.256316 0.349902 0.433071,
        0.259594 0.353405 0.433071,
        0.256897 0.349428 0.433071,
        0.260395 0.352839 0.433071,
        0.257394 0.348857 0.433071,
        0.246750 0.330896 0.433071,
        0.242166 0.328347 0.433071,
        0.246347 0.331486 0.433071,
        0.241663 0.329153 0.433071,
        0.246053 0.332145 0.433071,
        0.247138 0.337326 0.433071,
        0.246673 0.336783 0.433071,
        0.243136 0.339675 0.433071,
        0.258406 0.334870 0.433071,
        0.258599 0.335900 0.433071,
        0.263696 0.344039 0.433071,
        0.245869 0.332888 0.433071,
        0.240722 0.333294 0.433071,
        0.245808 0.333703 0.433071,
        0.240735 0.333898 0.433071,
        0.245872 0.334668 0.433071,
        0.246307 0.336163 0.433071,
        0.242335 0.338765 0.433071,
        0.242969 0.339508 0.433071,
        0.261111 0.352180 0.433071,
        0.261745 0.351423 0.433071,
        0.257812 0.348187 0.433071,
        0.262301 0.350552 0.433071,
        0.258154 0.347402 0.433071,
        0.253922 0.350753 0.433071,
        0.255362 0.354774 0.433071,
        0.254846 0.350571 0.433071,
        0.256598 0.354570 0.433071,
        0.255637 0.350284 0.433071,
        0.257706 0.354270 0.433071,
        0.258701 0.353881 0.433071,
        0.258104 0.333913 0.433071,
        0.258682 0.330060 0.433071,
        0.258682 0.325639 0.433071,
        0.263696 0.325639 0.433071,
        0.241263 0.330042 0.433071,
        0.240967 0.331026 0.433071,
        0.240783 0.332117 0.433071,
        0.247261 0.330367 0.433071,
        0.243178 0.327215 0.433071,
        0.242772 0.327614 0.433071,
        0.247871 0.329906 0.433071,
        0.244809 0.326067 0.433071,
        0.243956 0.326590 0.433071,
        0.243922 0.340344 0.433071,
        0.244846 0.340951 0.433071,
        0.247710 0.337776 0.433071,
        0.245922 0.341491 0.433071,
        0.248398 0.338152 0.433071,
        0.247171 0.341957 0.433071,
        0.249289 0.338498 0.433071,
        0.248611 0.342343 0.433071,
        0.250424 0.338807 0.433071,
        0.250208 0.342627 0.433071,
        0.240848 0.335053 0.433071,
        0.241067 0.336106 0.433071,
        0.246040 0.335461 0.433071,
        0.241387 0.337069 0.433071,
        0.241809 0.337952 0.433071,
        0.258682 0.339987 0.433071,
        0.263635 0.345651 0.433071,
        0.258682 0.337244 0.433071,
        0.258679 0.336981 0.433071,
        0.262775 0.349555 0.433071,
        0.263162 0.348418 0.433071,
        0.258417 0.346485 0.433071,
        0.263452 0.347122 0.433071,
        0.258596 0.345417 0.433071,
        0.258678 0.344176 0.433071,
        0.258682 0.343814 0.433071,
        0.251989 0.339086 0.433071,
        0.258296 0.329642 0.433071,
        0.257602 0.328654 0.433071,
        0.255611 0.330554 0.433071,
        0.256856 0.327796 0.433071,
        0.254843 0.330033 0.433071,
        0.256056 0.327058 0.433071,
        0.254014 0.329624 0.433071,
        0.255196 0.326433 0.433071,
        0.253115 0.329324 0.433071,
        0.245950 0.349011 0.433071,
        0.244408 0.352749 0.433071,
        0.247194 0.349628 0.433071,
        0.245713 0.353388 0.433071,
        0.248454 0.350111 0.433071,
        0.247085 0.353916 0.433071,
        0.249734 0.350467 0.433071,
        0.248531 0.354334 0.433071,
        0.251040 0.350697 0.433071,
        0.250059 0.354639 0.433071,
        0.252377 0.350806 0.433071,
        0.251675 0.354825 0.433071,
        0.252890 0.350814 0.433071,
        0.253361 0.354887 0.433071,
        0.253985 0.354877 0.433071,
        0.250175 0.329129 0.433071,
        0.249091 0.324980 0.433071,
        0.249320 0.329287 0.433071,
        0.247870 0.325097 0.433071,
        0.248556 0.329546 0.433071,
        0.246757 0.325320 0.433071,
        0.245741 0.325644 0.433071,
        0.254275 0.325919 0.433071,
        0.253279 0.325510 0.433071,
        0.252134 0.329139 0.433071,
        0.252202 0.325211 0.433071,
        0.251089 0.329078 0.433071,
        0.251032 0.325026 0.433071,
        0.249789 0.324963 0.433071,
        0.256323 0.331190 0.433071,
        0.256533 0.331411 0.433071,
        0.258549 0.330060 0.433071,
        0.257170 0.332185 0.433071,
        0.257694 0.333020 0.433071,
        0.278741 0.329057 0.433465,
        0.278741 0.329057 0.433071,
        0.277459 0.329116 0.433071,
        0.277459 0.329116 0.433465,
        0.276206 0.329293 0.433071,
        0.276206 0.329293 0.433465,
        0.274986 0.329587 0.433071,
        0.274986 0.329587 0.433465,
        0.273791 0.329996 0.433071,
        0.273791 0.329996 0.433465,
        0.272616 0.330524 0.433071,
        0.272616 0.330524 0.433465,
        0.271456 0.331175 0.433071,
        0.271456 0.331175 0.433465,
        0.270492 0.331820 0.433071,
        0.270492 0.331820 0.433465,
        0.270492 0.326642 0.433465,
        0.270492 0.326642 0.433071,
        0.271693 0.326108 0.433071,
        0.271693 0.326108 0.433465,
        0.272963 0.325675 0.433071,
        0.272963 0.325675 0.433465,
        0.274308 0.325341 0.433071,
        0.274308 0.325341 0.433465,
        0.275736 0.325111 0.433071,
        0.275736 0.325111 0.433465,
        0.277253 0.324985 0.433071,
        0.277253 0.324985 0.433465,
        0.278249 0.324963 0.433071,
        0.278249 0.324963 0.433465,
        0.279841 0.325022 0.433071,
        0.279841 0.325022 0.433465,
        0.281328 0.325196 0.433071,
        0.281328 0.325196 0.433465,
        0.282680 0.325476 0.433071,
        0.282680 0.325476 0.433465,
        0.283910 0.325854 0.433071,
        0.283910 0.325854 0.433465,
        0.285028 0.326323 0.433071,
        0.285028 0.326323 0.433465,
        0.286043 0.326880 0.433071,
        0.286043 0.326880 0.433465,
        0.286580 0.327235 0.433071,
        0.286580 0.327235 0.433465,
        0.287387 0.327868 0.433071,
        0.287387 0.327868 0.433465,
        0.288074 0.328558 0.433071,
        0.288074 0.328558 0.433465,
        0.288636 0.329292 0.433071,
        0.288636 0.329292 0.433465,
        0.289082 0.330072 0.433071,
        0.289082 0.330072 0.433465,
        0.289419 0.330903 0.433071,
        0.289419 0.330903 0.433465,
        0.289652 0.331790 0.433071,
        0.289652 0.331790 0.433465,
        0.289779 0.332744 0.433071,
        0.289779 0.332744 0.433465,
        0.289803 0.333417 0.433071,
        0.289803 0.333417 0.433465,
        0.289745 0.334436 0.433071,
        0.289745 0.334436 0.433465,
        0.289571 0.335387 0.433071,
        0.289571 0.335387 0.433465,
        0.289290 0.336255 0.433071,
        0.289290 0.336255 0.433465,
        0.288907 0.337050 0.433071,
        0.288907 0.337050 0.433465,
        0.288422 0.337783 0.433071,
        0.288422 0.337783 0.433465,
        0.288125 0.338144 0.433071,
        0.288125 0.338144 0.433465,
        0.287496 0.338761 0.433071,
        0.287496 0.338761 0.433465,
        0.286694 0.339380 0.433071,
        0.286694 0.339380 0.433465,
        0.285661 0.340031 0.433071,
        0.285661 0.340031 0.433465,
        0.284362 0.340711 0.433071,
        0.284362 0.340711 0.433465,
        0.282759 0.341420 0.433071,
        0.282759 0.341420 0.433465,
        0.281657 0.341849 0.433071,
        0.281657 0.341849 0.433465,
        0.279483 0.342757 0.433071,
        0.279483 0.342757 0.433465,
        0.278131 0.343421 0.433071,
        0.278131 0.343421 0.433465,
        0.277252 0.343948 0.433071,
        0.277252 0.343948 0.433465,
        0.276786 0.344306 0.433071,
        0.276786 0.344306 0.433465,
        0.276367 0.344750 0.433071,
        0.276367 0.344750 0.433465,
        0.276048 0.345261 0.433071,
        0.276048 0.345261 0.433465,
        0.275832 0.345836 0.433071,
        0.275832 0.345836 0.433465,
        0.275713 0.346488 0.433071,
        0.275713 0.346488 0.433465,
        0.275691 0.346966 0.433071,
        0.275691 0.346966 0.433465,
        0.275749 0.347613 0.433071,
        0.275749 0.347613 0.433465,
        0.275922 0.348208 0.433071,
        0.275922 0.348208 0.433465,
        0.276204 0.348743 0.433071,
        0.276204 0.348743 0.433465,
        0.276593 0.349227 0.433071,
        0.276593 0.349227 0.433465,
        0.277083 0.349656 0.433071,
        0.277083 0.349656 0.433465,
        0.277216 0.349750 0.433071,
        0.277216 0.349750 0.433465,
        0.277875 0.350143 0.433071,
        0.277875 0.350143 0.433465,
        0.278614 0.350446 0.433071,
        0.278614 0.350446 0.433465,
        0.279448 0.350661 0.433071,
        0.279448 0.350661 0.433465,
        0.280393 0.350786 0.433071,
        0.280393 0.350786 0.433465,
        0.281166 0.350814 0.433071,
        0.281166 0.350814 0.433465,
        0.282508 0.350755 0.433071,
        0.282508 0.350755 0.433465,
        0.283796 0.350580 0.433071,
        0.283796 0.350580 0.433465,
        0.285021 0.350293 0.433071,
        0.285021 0.350293 0.433465,
        0.286191 0.349896 0.433071,
        0.286191 0.349896 0.433465,
        0.287310 0.349391 0.433071,
        0.287310 0.349391 0.433465,
        0.288432 0.348747 0.433071,
        0.288432 0.348747 0.433465,
        0.288432 0.353618 0.433465,
        0.288432 0.353618 0.433071,
        0.287135 0.354088 0.433071,
        0.287135 0.354088 0.433465,
        0.285795 0.354448 0.433071,
        0.285795 0.354448 0.433465,
        0.284399 0.354702 0.433071,
        0.284399 0.354702 0.433465,
        0.282937 0.354848 0.433071,
        0.282937 0.354848 0.433465,
        0.281657 0.354887 0.433071,
        0.281657 0.354887 0.433465,
        0.280186 0.354829 0.433071,
        0.280186 0.354829 0.433465,
        0.278797 0.354654 0.433071,
        0.278797 0.354654 0.433465,
        0.277513 0.354371 0.433071,
        0.277513 0.354371 0.433465,
        0.276324 0.353985 0.433071,
        0.276324 0.353985 0.433465,
        0.275220 0.353502 0.433071,
        0.275220 0.353502 0.433465,
        0.274194 0.352922 0.433071,
        0.274194 0.352922 0.433465,
        0.273736 0.352615 0.433071,
        0.273736 0.352615 0.433465,
        0.272911 0.351951 0.433071,
        0.272911 0.351951 0.433465,
        0.272211 0.351234 0.433071,
        0.272211 0.351234 0.433465,
        0.271646 0.350483 0.433071,
        0.271646 0.350483 0.433465,
        0.271203 0.349693 0.433071,
        0.271203 0.349693 0.433465,
        0.270873 0.348861 0.433071,
        0.270873 0.348861 0.433465,
        0.270652 0.347979 0.433071,
        0.270652 0.347979 0.433465,
        0.270538 0.347039 0.433071,
        0.270538 0.347039 0.433465,
        0.270522 0.346516 0.433071,
        0.270522 0.346516 0.433465,
        0.270581 0.345473 0.433071,
        0.270581 0.345473 0.433465,
        0.270756 0.344497 0.433071,
        0.270756 0.344497 0.433465,
        0.271038 0.343606 0.433071,
        0.271038 0.343606 0.433465,
        0.271422 0.342791 0.433071,
        0.271422 0.342791 0.433465,
        0.271878 0.342082 0.433071,
        0.271878 0.342082 0.433465,
        0.271945 0.341993 0.433071,
        0.271945 0.341993 0.433465,
        0.272455 0.341419 0.433071,
        0.272455 0.341419 0.433465,
        0.273133 0.340835 0.433071,
        0.273133 0.340835 0.433465,
        0.274038 0.340206 0.433071,
        0.274038 0.340206 0.433465,
        0.275213 0.339530 0.433071,
        0.275213 0.339530 0.433465,
        0.276706 0.338805 0.433071,
        0.276706 0.338805 0.433465,
        0.278116 0.338206 0.433071,
        0.278116 0.338206 0.433465,
        0.280314 0.337329 0.433071,
        0.280314 0.337329 0.433465,
        0.281762 0.336650 0.433071,
        0.281762 0.336650 0.433465,
        0.282754 0.336088 0.433071,
        0.282754 0.336088 0.433465,
        0.283366 0.335648 0.433071,
        0.283366 0.335648 0.433465,
        0.283861 0.335159 0.433071,
        0.283861 0.335159 0.433465,
        0.284235 0.334623 0.433071,
        0.284235 0.334623 0.433465,
        0.284485 0.334052 0.433071,
        0.284485 0.334052 0.433465,
        0.284623 0.333437 0.433071,
        0.284623 0.333437 0.433465,
        0.284656 0.332925 0.433071,
        0.284656 0.332925 0.433465,
        0.284598 0.332199 0.433071,
        0.284598 0.332199 0.433465,
        0.284426 0.331554 0.433071,
        0.284426 0.331554 0.433465,
        0.284155 0.331003 0.433071,
        0.284155 0.331003 0.433465,
        0.283787 0.330530 0.433071,
        0.283787 0.330530 0.433465,
        0.283321 0.330124 0.433071,
        0.283321 0.330124 0.433465,
        0.282728 0.329770 0.433071,
        0.282728 0.329770 0.433465,
        0.282019 0.329485 0.433071,
        0.282019 0.329485 0.433465,
        0.281157 0.329264 0.433071,
        0.281157 0.329264 0.433465,
        0.280118 0.329117 0.433071,
        0.280118 0.329117 0.433465,
        0.314661 0.354232 0.433465,
        0.319860 0.354232 0.433465,
        0.314661 0.354232 0.433071,
        0.319860 0.354232 0.433071,
        0.306853 0.332700 0.433465,
        0.306853 0.332700 0.433071,
        0.306469 0.331367 0.433071,
        0.306469 0.331367 0.433465,
        0.306239 0.330387 0.433071,
        0.306239 0.330387 0.433465,
        0.306106 0.330387 0.433465,
        0.306106 0.330387 0.433071,
        0.305492 0.332741 0.433465,
        0.305492 0.332741 0.433071,
        0.298021 0.354232 0.433465,
        0.298021 0.354232 0.433071,
        0.292413 0.354232 0.433465,
        0.292413 0.354232 0.433071,
        0.303629 0.325700 0.433465,
        0.303629 0.325700 0.433071,
        0.301429 0.320502 0.433465,
        0.301429 0.320502 0.433071,
        0.300841 0.319312 0.433071,
        0.300841 0.319312 0.433465,
        0.300244 0.318430 0.433071,
        0.300244 0.318430 0.433465,
        0.299537 0.317675 0.433071,
        0.299537 0.317675 0.433465,
        0.298806 0.317136 0.433071,
        0.298806 0.317136 0.433465,
        0.298009 0.316757 0.433071,
        0.298009 0.316757 0.433465,
        0.297154 0.316537 0.433071,
        0.297154 0.316537 0.433465,
        0.296291 0.316469 0.433071,
        0.296291 0.316469 0.433465,
        0.295209 0.316554 0.433071,
        0.295209 0.316554 0.433465,
        0.294105 0.316811 0.433071,
        0.294105 0.316811 0.433465,
        0.293446 0.317043 0.433071,
        0.293446 0.317043 0.433465,
        0.293446 0.312581 0.433465,
        0.293446 0.312581 0.433071,
        0.294629 0.312318 0.433071,
        0.294629 0.312318 0.433465,
        0.296008 0.312185 0.433071,
        0.296008 0.312185 0.433465,
        0.296680 0.312171 0.433071,
        0.296680 0.312171 0.433465,
        0.297907 0.312254 0.433071,
        0.297907 0.312254 0.433465,
        0.299076 0.312502 0.433071,
        0.299076 0.312502 0.433465,
        0.300178 0.312907 0.433071,
        0.300178 0.312907 0.433465,
        0.301225 0.313473 0.433071,
        0.301225 0.313473 0.433465,
        0.302228 0.314204 0.433071,
        0.302228 0.314204 0.433465,
        0.303213 0.315134 0.433071,
        0.303213 0.315134 0.433465,
        0.304147 0.316246 0.433071,
        0.304147 0.316246 0.433465,
        0.305051 0.317580 0.433071,
        0.305051 0.317580 0.433465,
        0.305924 0.319162 0.433071,
        0.305924 0.319162 0.433465,
        0.306756 0.321003 0.433071,
        0.306756 0.321003 0.433465,
        0.306883 0.321320 0.433071,
        0.306883 0.321320 0.433465,
        0.346795 0.330203 0.433465,
        0.346795 0.325639 0.433465,
        0.346795 0.330203 0.433071,
        0.346795 0.325639 0.433071,
        0.330431 0.330203 0.433465,
        0.330431 0.330203 0.433071,
        0.330431 0.343671 0.433465,
        0.330431 0.343671 0.433071,
        0.344749 0.343671 0.433465,
        0.344749 0.343671 0.433071,
        0.344749 0.348256 0.433465,
        0.344749 0.348256 0.433071,
        0.330431 0.348256 0.433465,
        0.330431 0.348256 0.433071,
        0.330431 0.361069 0.433465,
        0.330431 0.361069 0.433071,
        0.345885 0.361069 0.433465,
        0.345885 0.361069 0.433071,
        0.345885 0.365674 0.433465,
        0.345885 0.365674 0.433071,
        0.325263 0.365674 0.433465,
        0.325263 0.365674 0.433071,
        0.325263 0.325639 0.433465,
        0.325263 0.325639 0.433071,
        0.372777 0.331490 0.433465,
        0.375546 0.327662 0.433465,
        0.374229 0.332169 0.433465,
        0.377209 0.328513 0.433465,
        0.375544 0.332975 0.433465,
        0.378770 0.329505 0.433465,
        0.376736 0.333909 0.433465,
        0.380237 0.330643 0.433465,
        0.377241 0.334379 0.433465,
        0.380915 0.331247 0.433465,
        0.378252 0.335476 0.433465,
        0.382193 0.332555 0.433465,
        0.379126 0.336680 0.433465,
        0.383318 0.333952 0.433465,
        0.379863 0.337989 0.433465,
        0.384283 0.335428 0.433465,
        0.380469 0.339414 0.433465,
        0.381183 0.349886 0.433465,
        0.386203 0.351991 0.433465,
        0.380781 0.351546 0.433465,
        0.385642 0.353678 0.433465,
        0.380241 0.353033 0.433465,
        0.384935 0.355253 0.433465,
        0.379571 0.354363 0.433465,
        0.384084 0.356726 0.433465,
        0.378778 0.355553 0.433465,
        0.385097 0.336988 0.433465,
        0.385764 0.338640 0.433465,
        0.380941 0.340966 0.433465,
        0.386285 0.340391 0.433465,
        0.381279 0.342658 0.433465,
        0.386660 0.342253 0.433465,
        0.381473 0.344506 0.433465,
        0.386885 0.344235 0.433465,
        0.381519 0.346025 0.433465,
        0.386953 0.346168 0.433465,
        0.381434 0.348032 0.433465,
        0.386868 0.348229 0.433465,
        0.386615 0.350179 0.433465,
        0.383087 0.358106 0.433465,
        0.381939 0.359402 0.433465,
        0.377859 0.356617 0.433465,
        0.380915 0.360372 0.433465,
        0.377128 0.357302 0.433465,
        0.379433 0.361563 0.433465,
        0.375890 0.358254 0.433465,
        0.377865 0.362601 0.433465,
        0.374549 0.359067 0.433465,
        0.376219 0.363484 0.433465,
        0.373102 0.359743 0.433465,
        0.374486 0.364217 0.433465,
        0.371540 0.360284 0.433465,
        0.372659 0.364804 0.433465,
        0.369848 0.360689 0.433465,
        0.370730 0.365242 0.433465,
        0.368016 0.360952 0.433465,
        0.368687 0.365531 0.433465,
        0.366076 0.361064 0.433465,
        0.366519 0.365665 0.433465,
        0.365574 0.361069 0.433465,
        0.365779 0.365674 0.433465,
        0.359526 0.361069 0.433465,
        0.354358 0.365674 0.433465,
        0.359526 0.330203 0.433465,
        0.354358 0.325639 0.433465,
        0.365339 0.330203 0.433465,
        0.365370 0.325639 0.433465,
        0.367444 0.330288 0.433465,
        0.367663 0.325724 0.433465,
        0.369402 0.330540 0.433465,
        0.369841 0.325978 0.433465,
        0.371174 0.330944 0.433465,
        0.371873 0.326391 0.433465,
        0.373770 0.326954 0.433465,
        0.375890 0.358254 0.433071,
        0.379433 0.361563 0.433071,
        0.377128 0.357302 0.433071,
        0.380915 0.360372 0.433071,
        0.377859 0.356617 0.433071,
        0.381939 0.359402 0.433071,
        0.378778 0.355553 0.433071,
        0.383087 0.358106 0.433071,
        0.379571 0.354363 0.433071,
        0.384084 0.356726 0.433071,
        0.380241 0.353033 0.433071,
        0.384935 0.355253 0.433071,
        0.380781 0.351546 0.433071,
        0.374229 0.332169 0.433071,
        0.375546 0.327662 0.433071,
        0.372777 0.331490 0.433071,
        0.373770 0.326954 0.433071,
        0.371174 0.330944 0.433071,
        0.371873 0.326391 0.433071,
        0.369402 0.330540 0.433071,
        0.369841 0.325978 0.433071,
        0.367444 0.330288 0.433071,
        0.367663 0.325724 0.433071,
        0.365339 0.330203 0.433071,
        0.365370 0.325639 0.433071,
        0.359526 0.330203 0.433071,
        0.354358 0.325639 0.433071,
        0.359526 0.361069 0.433071,
        0.354358 0.365674 0.433071,
        0.365574 0.361069 0.433071,
        0.365779 0.365674 0.433071,
        0.366076 0.361064 0.433071,
        0.366519 0.365665 0.433071,
        0.368016 0.360952 0.433071,
        0.368687 0.365531 0.433071,
        0.369848 0.360689 0.433071,
        0.370730 0.365242 0.433071,
        0.371540 0.360284 0.433071,
        0.372659 0.364804 0.433071,
        0.373102 0.359743 0.433071,
        0.374486 0.364217 0.433071,
        0.374549 0.359067 0.433071,
        0.376219 0.363484 0.433071,
        0.377865 0.362601 0.433071,
        0.380941 0.340966 0.433071,
        0.385764 0.338640 0.433071,
        0.380469 0.339414 0.433071,
        0.385097 0.336988 0.433071,
        0.379863 0.337989 0.433071,
        0.384283 0.335428 0.433071,
        0.379126 0.336680 0.433071,
        0.383318 0.333952 0.433071,
        0.378252 0.335476 0.433071,
        0.382193 0.332555 0.433071,
        0.377241 0.334379 0.433071,
        0.380915 0.331247 0.433071,
        0.376736 0.333909 0.433071,
        0.380237 0.330643 0.433071,
        0.375544 0.332975 0.433071,
        0.378770 0.329505 0.433071,
        0.377209 0.328513 0.433071,
        0.385642 0.353678 0.433071,
        0.386203 0.351991 0.433071,
        0.381183 0.349886 0.433071,
        0.386615 0.350179 0.433071,
        0.381434 0.348032 0.433071,
        0.386868 0.348229 0.433071,
        0.381519 0.346025 0.433071,
        0.386953 0.346168 0.433071,
        0.381473 0.344506 0.433071,
        0.386885 0.344235 0.433071,
        0.381279 0.342658 0.433071,
        0.386660 0.342253 0.433071,
        0.386285 0.340391 0.433071,
        0.400370 0.341113 0.433465,
        0.398732 0.336589 0.433465,
        0.413807 0.341113 0.433465,
        0.415403 0.336589 0.433465,
        0.406356 0.357753 0.433465,
        0.404422 0.365674 0.433465,
        0.389174 0.325639 0.433465,
        0.394884 0.325639 0.433465,
        0.406703 0.358948 0.433465,
        0.407011 0.360557 0.433465,
        0.409948 0.365674 0.433465,
        0.407134 0.360557 0.433465,
        0.407458 0.358863 0.433465,
        0.407758 0.357753 0.433465,
        0.425197 0.325639 0.433465,
        0.419486 0.325639 0.433465,
        0.398732 0.336589 0.433071,
        0.400370 0.341113 0.433071,
        0.415403 0.336589 0.433071,
        0.413807 0.341113 0.433071,
        0.407758 0.357753 0.433071,
        0.409948 0.365674 0.433071,
        0.425197 0.325639 0.433071,
        0.419486 0.325639 0.433071,
        0.407458 0.358863 0.433071,
        0.407134 0.360557 0.433071,
        0.404422 0.365674 0.433071,
        0.407011 0.360557 0.433071,
        0.406703 0.358948 0.433071,
        0.406356 0.357753 0.433071,
        0.389174 0.325639 0.433071,
        0.394884 0.325639 0.433071,
        0.041826 0.314726 0.433465,
        0.044938 0.312122 0.433465,
        0.035011 0.345141 0.433465,
        0.059430 0.396643 0.433465,
        0.061483 0.395522 0.433465,
        0.052659 0.416301 0.433465,
        0.083116 0.354249 0.433465,
        0.061483 0.345994 0.433465,
        0.063410 0.345825 0.433465,
        0.090232 0.335178 0.433465,
        0.072541 0.333920 0.433465,
        0.089997 0.331529 0.433465,
        0.071936 0.331169 0.433465,
        0.078107 0.416692 0.433465,
        0.082954 0.419299 0.433465,
        0.074084 0.434120 0.433465,
        0.134720 0.402067 0.433465,
        0.137069 0.397048 0.433465,
        0.153423 0.402638 0.433465,
        0.138698 0.391761 0.433465,
        0.139475 0.387268 0.433465,
        0.052654 0.341620 0.433465,
        0.036281 0.348065 0.433465,
        0.051252 0.339213 0.433465,
        0.050497 0.336507 0.433465,
        0.150274 0.344461 0.433465,
        0.146329 0.343259 0.433465,
        0.150538 0.326334 0.433465,
        0.034726 0.326069 0.433465,
        0.036470 0.321906 0.433465,
        0.038841 0.318121 0.433465,
        0.070361 0.341555 0.433465,
        0.071691 0.339268 0.433465,
        0.072443 0.336678 0.433465,
        0.130082 0.359088 0.433465,
        0.121258 0.374174 0.433465,
        0.090232 0.338024 0.433465,
        0.058802 0.345664 0.433465,
        0.063246 0.363890 0.433465,
        0.061768 0.363927 0.433465,
        0.038179 0.398575 0.433465,
        0.034530 0.415391 0.433465,
        0.028981 0.413560 0.433465,
        0.066093 0.344985 0.433465,
        0.068450 0.343526 0.433465,
        0.070673 0.328680 0.433465,
        0.087293 0.322619 0.433465,
        0.089015 0.326960 0.433465,
        0.054046 0.326660 0.433465,
        0.056307 0.325080 0.433465,
        0.048906 0.309724 0.433465,
        0.058933 0.324091 0.433465,
        0.056309 0.344707 0.433465,
        0.045294 0.358590 0.433465,
        0.054071 0.343148 0.433465,
        0.041763 0.355604 0.433465,
        0.038721 0.352063 0.433465,
        0.057237 0.363558 0.433465,
        0.052917 0.362491 0.433465,
        0.048780 0.360735 0.433465,
        0.145168 0.325500 0.433465,
        0.143460 0.342863 0.433465,
        0.128374 0.325500 0.433465,
        0.130651 0.342863 0.433465,
        0.126954 0.325712 0.433465,
        0.080128 0.436644 0.433465,
        0.088130 0.421215 0.433465,
        0.086361 0.438457 0.433465,
        0.030904 0.347428 0.433465,
        0.026065 0.329214 0.433465,
        0.031507 0.327018 0.433465,
        0.033838 0.396853 0.433465,
        0.023678 0.411020 0.433465,
        0.029837 0.394443 0.433465,
        0.018700 0.407800 0.433465,
        0.026294 0.391431 0.433465,
        0.079900 0.357425 0.433465,
        0.076187 0.360041 0.433465,
        0.072044 0.362038 0.433465,
        0.067581 0.363341 0.433465,
        0.163018 0.371451 0.433465,
        0.178096 0.380783 0.433465,
        0.161464 0.375274 0.433465,
        0.175530 0.385537 0.433465,
        0.159234 0.378736 0.433465,
        0.172274 0.389998 0.433465,
        0.156417 0.381720 0.433465,
        0.168437 0.393989 0.433465,
        0.153168 0.384101 0.433465,
        0.024021 0.353793 0.433465,
        0.011955 0.339732 0.433465,
        0.027221 0.350326 0.433465,
        0.016281 0.335563 0.433465,
        0.020993 0.332057 0.433465,
        0.040249 0.416497 0.433465,
        0.042748 0.399557 0.433465,
        0.046112 0.416870 0.433465,
        0.046397 0.399792 0.433465,
        0.049385 0.416693 0.433465,
        0.050831 0.399423 0.433465,
        0.055161 0.398374 0.433465,
        0.052244 0.328737 0.433465,
        0.051047 0.331094 0.433465,
        0.050441 0.333730 0.433465,
        0.155687 0.327880 0.433465,
        0.160598 0.330127 0.433465,
        0.153902 0.346367 0.433465,
        0.165205 0.333054 0.433465,
        0.157100 0.348904 0.433465,
        0.169435 0.336634 0.433465,
        0.158397 0.350257 0.433465,
        0.171070 0.338309 0.433465,
        0.160779 0.353516 0.433465,
        0.068261 0.430890 0.433465,
        0.065183 0.428826 0.433465,
        0.073687 0.413457 0.433465,
        0.060665 0.425187 0.433465,
        0.069743 0.409639 0.433465,
        0.056541 0.421013 0.433465,
        0.066365 0.405331 0.433465,
        0.063605 0.400618 0.433465,
        0.150931 0.408350 0.433465,
        0.147774 0.413773 0.433465,
        0.131700 0.406719 0.433465,
        0.143910 0.418980 0.433465,
        0.128083 0.410907 0.433465,
        0.018398 0.366208 0.433465,
        0.001480 0.359207 0.433465,
        0.019624 0.361696 0.433465,
        0.003314 0.353621 0.433465,
        0.021585 0.357435 0.433465,
        0.005859 0.348270 0.433465,
        0.009077 0.343263 0.433465,
        0.066683 0.325082 0.433465,
        0.078689 0.312326 0.433465,
        0.068862 0.326605 0.433465,
        0.081870 0.315075 0.433465,
        0.084883 0.318619 0.433465,
        0.053243 0.307990 0.433465,
        0.057838 0.306978 0.433465,
        0.061483 0.323792 0.433465,
        0.061768 0.306714 0.433465,
        0.064206 0.324127 0.433465,
        0.163587 0.360978 0.433465,
        0.181525 0.362863 0.433465,
        0.163954 0.365065 0.433465,
        0.181602 0.365350 0.433465,
        0.163833 0.367392 0.433465,
        0.181143 0.370662 0.433465,
        0.179972 0.375797 0.433465,
        0.174469 0.342540 0.433465,
        0.177235 0.347154 0.433465,
        0.162521 0.357125 0.433465,
        0.179365 0.352137 0.433465,
        0.180809 0.357406 0.433465,
        0.066334 0.307082 0.433465,
        0.070682 0.308152 0.433465,
        0.074830 0.309908 0.433465,
        0.129267 0.343121 0.433465,
        0.122337 0.328535 0.433465,
        0.123187 0.327681 0.433465,
        0.099341 0.439927 0.433465,
        0.099625 0.422848 0.433465,
        0.101326 0.439891 0.433465,
        0.105051 0.422478 0.433465,
        0.021127 0.384390 0.433465,
        0.003677 0.388824 0.433465,
        0.019371 0.380242 0.433465,
        0.001726 0.383280 0.433465,
        0.018301 0.375894 0.433465,
        0.000493 0.377500 0.433465,
        0.017933 0.371328 0.433465,
        0.000015 0.371954 0.433465,
        0.017944 0.370509 0.433465,
        -0.000000 0.370758 0.433465,
        0.000374 0.364927 0.433465,
        0.141752 0.387268 0.433465,
        0.145787 0.386900 0.433465,
        0.154503 0.402280 0.433465,
        0.149590 0.385839 0.433465,
        0.159267 0.400272 0.433465,
        0.164069 0.397444 0.433465,
        0.120119 0.334324 0.433465,
        0.120375 0.332262 0.433465,
        0.121110 0.330329 0.433465,
        0.130121 0.342928 0.433465,
        0.125063 0.326408 0.433465,
        0.092757 0.439555 0.433465,
        0.093560 0.422405 0.433465,
        0.098789 0.422840 0.433465,
        0.126819 0.342886 0.433465,
        0.124860 0.342133 0.433465,
        0.120161 0.335177 0.433465,
        0.123100 0.340911 0.433465,
        0.121704 0.339341 0.433465,
        0.120665 0.337360 0.433465,
        0.014374 0.404175 0.433465,
        0.013378 0.403207 0.433465,
        0.023545 0.388248 0.433465,
        0.009536 0.398837 0.433465,
        0.006298 0.394036 0.433465,
        0.128943 0.343148 0.433465,
        0.139369 0.423883 0.433465,
        0.138052 0.425125 0.433465,
        0.124589 0.414052 0.433465,
        0.132637 0.429331 0.433465,
        0.120117 0.417163 0.433465,
        0.126840 0.432887 0.433465,
        0.115317 0.419622 0.433465,
        0.120724 0.435754 0.433465,
        0.110271 0.421399 0.433465,
        0.114381 0.437891 0.433465,
        0.107889 0.439274 0.433465,
        0.121258 0.374174 0.433071,
        0.130082 0.359088 0.433071,
        0.083116 0.354249 0.433071,
        0.090232 0.338024 0.433071,
        0.074830 0.309908 0.433071,
        0.035011 0.345141 0.433071,
        0.058802 0.345664 0.433071,
        0.056309 0.344707 0.433071,
        0.051252 0.339213 0.433071,
        0.050497 0.336507 0.433071,
        0.020993 0.332057 0.433071,
        0.050441 0.333730 0.433071,
        0.026065 0.329214 0.433071,
        0.090232 0.335178 0.433071,
        0.089997 0.331529 0.433071,
        0.078689 0.312326 0.433071,
        0.081870 0.315075 0.433071,
        0.027221 0.350326 0.433071,
        0.030904 0.347428 0.433071,
        0.082954 0.419299 0.433071,
        0.078107 0.416692 0.433071,
        0.068261 0.430890 0.433071,
        0.056307 0.325080 0.433071,
        0.044938 0.312122 0.433071,
        0.054046 0.326660 0.433071,
        0.041826 0.314726 0.433071,
        0.052244 0.328737 0.433071,
        0.061483 0.323792 0.433071,
        0.064206 0.324127 0.433071,
        0.066334 0.307082 0.433071,
        0.070673 0.328680 0.433071,
        0.071936 0.331169 0.433071,
        0.072541 0.333920 0.433071,
        0.072443 0.336678 0.433071,
        0.063605 0.400618 0.433071,
        0.061483 0.395522 0.433071,
        0.052659 0.416301 0.433071,
        0.059430 0.396643 0.433071,
        0.033838 0.396853 0.433071,
        0.028981 0.413560 0.433071,
        0.038179 0.398575 0.433071,
        0.034530 0.415391 0.433071,
        0.042748 0.399557 0.433071,
        0.040249 0.416497 0.433071,
        0.046397 0.399792 0.433071,
        0.016281 0.335563 0.433071,
        0.011955 0.339732 0.433071,
        0.024021 0.353793 0.433071,
        0.009077 0.343263 0.433071,
        0.021585 0.357435 0.433071,
        0.005859 0.348270 0.433071,
        0.019624 0.361696 0.433071,
        0.054071 0.343148 0.433071,
        0.052654 0.341620 0.433071,
        0.131700 0.406719 0.433071,
        0.147774 0.413773 0.433071,
        0.134720 0.402067 0.433071,
        0.150931 0.408350 0.433071,
        0.137069 0.397048 0.433071,
        0.153423 0.402638 0.433071,
        0.138698 0.391761 0.433071,
        0.065183 0.428826 0.433071,
        0.073687 0.413457 0.433071,
        0.060665 0.425187 0.433071,
        0.149590 0.385839 0.433071,
        0.145787 0.386900 0.433071,
        0.089015 0.326960 0.433071,
        0.087293 0.322619 0.433071,
        0.084883 0.318619 0.433071,
        0.055161 0.398374 0.433071,
        0.050831 0.399423 0.433071,
        0.049385 0.416693 0.433071,
        0.046112 0.416870 0.433071,
        0.056541 0.421013 0.433071,
        0.069743 0.409639 0.433071,
        0.066365 0.405331 0.433071,
        0.162521 0.357125 0.433071,
        0.177235 0.347154 0.433071,
        0.160779 0.353516 0.433071,
        0.174469 0.342540 0.433071,
        0.158397 0.350257 0.433071,
        0.171070 0.338309 0.433071,
        0.157100 0.348904 0.433071,
        0.169435 0.336634 0.433071,
        0.153902 0.346367 0.433071,
        0.161464 0.375274 0.433071,
        0.178096 0.380783 0.433071,
        0.163018 0.371451 0.433071,
        0.179972 0.375797 0.433071,
        0.163833 0.367392 0.433071,
        0.181143 0.370662 0.433071,
        0.163954 0.365065 0.433071,
        0.141752 0.387268 0.433071,
        0.139475 0.387268 0.433071,
        0.038841 0.318121 0.433071,
        0.036470 0.321906 0.433071,
        0.051047 0.331094 0.433071,
        0.034726 0.326069 0.433071,
        0.031507 0.327018 0.433071,
        0.070682 0.308152 0.433071,
        0.066683 0.325082 0.433071,
        0.068862 0.326605 0.433071,
        0.061483 0.345994 0.433071,
        0.063246 0.363890 0.433071,
        0.063410 0.345825 0.433071,
        0.067581 0.363341 0.433071,
        0.066093 0.344985 0.433071,
        0.061768 0.306714 0.433071,
        0.057838 0.306978 0.433071,
        0.058933 0.324091 0.433071,
        0.053243 0.307990 0.433071,
        0.048906 0.309724 0.433071,
        0.072044 0.362038 0.433071,
        0.076187 0.360041 0.433071,
        0.068450 0.343526 0.433071,
        0.079900 0.357425 0.433071,
        0.070361 0.341555 0.433071,
        0.071691 0.339268 0.433071,
        0.048780 0.360735 0.433071,
        0.052917 0.362491 0.433071,
        0.019371 0.380242 0.433071,
        0.003677 0.388824 0.433071,
        0.021127 0.384390 0.433071,
        0.006298 0.394036 0.433071,
        0.023545 0.388248 0.433071,
        0.003314 0.353621 0.433071,
        0.001480 0.359207 0.433071,
        0.018398 0.366208 0.433071,
        0.000374 0.364927 0.433071,
        0.017944 0.370509 0.433071,
        -0.000000 0.370758 0.433071,
        0.017933 0.371328 0.433071,
        0.000015 0.371954 0.433071,
        0.018301 0.375894 0.433071,
        0.000493 0.377500 0.433071,
        0.001726 0.383280 0.433071,
        0.123187 0.327681 0.433071,
        0.122337 0.328535 0.433071,
        0.129267 0.343121 0.433071,
        0.121110 0.330329 0.433071,
        0.181602 0.365350 0.433071,
        0.181525 0.362863 0.433071,
        0.163587 0.360978 0.433071,
        0.180809 0.357406 0.433071,
        0.179365 0.352137 0.433071,
        0.154503 0.402280 0.433071,
        0.159267 0.400272 0.433071,
        0.153168 0.384101 0.433071,
        0.164069 0.397444 0.433071,
        0.156417 0.381720 0.433071,
        0.168437 0.393989 0.433071,
        0.159234 0.378736 0.433071,
        0.172274 0.389998 0.433071,
        0.175530 0.385537 0.433071,
        0.038721 0.352063 0.433071,
        0.041763 0.355604 0.433071,
        0.045294 0.358590 0.433071,
        0.057237 0.363558 0.433071,
        0.061768 0.363927 0.433071,
        0.009536 0.398837 0.433071,
        0.013378 0.403207 0.433071,
        0.026294 0.391431 0.433071,
        0.014374 0.404175 0.433071,
        0.029837 0.394443 0.433071,
        0.018700 0.407800 0.433071,
        0.023678 0.411020 0.433071,
        0.165205 0.333054 0.433071,
        0.160598 0.330127 0.433071,
        0.150274 0.344461 0.433071,
        0.155687 0.327880 0.433071,
        0.146329 0.343259 0.433071,
        0.150538 0.326334 0.433071,
        0.143460 0.342863 0.433071,
        0.145168 0.325500 0.433071,
        0.130651 0.342863 0.433071,
        0.128374 0.325500 0.433071,
        0.130121 0.342928 0.433071,
        0.126954 0.325712 0.433071,
        0.125063 0.326408 0.433071,
        0.120375 0.332262 0.433071,
        0.120119 0.334324 0.433071,
        0.120161 0.335177 0.433071,
        0.036281 0.348065 0.433071,
        0.120665 0.337360 0.433071,
        0.121704 0.339341 0.433071,
        0.123100 0.340911 0.433071,
        0.124860 0.342133 0.433071,
        0.124589 0.414052 0.433071,
        0.138052 0.425125 0.433071,
        0.128083 0.410907 0.433071,
        0.139369 0.423883 0.433071,
        0.143910 0.418980 0.433071,
        0.074084 0.434120 0.433071,
        0.080128 0.436644 0.433071,
        0.088130 0.421215 0.433071,
        0.086361 0.438457 0.433071,
        0.093560 0.422405 0.433071,
        0.092757 0.439555 0.433071,
        0.098789 0.422840 0.433071,
        0.099341 0.439927 0.433071,
        0.099625 0.422848 0.433071,
        0.101326 0.439891 0.433071,
        0.105051 0.422478 0.433071,
        0.107889 0.439274 0.433071,
        0.110271 0.421399 0.433071,
        0.114381 0.437891 0.433071,
        0.115317 0.419622 0.433071,
        0.120724 0.435754 0.433071,
        0.120117 0.417163 0.433071,
        0.126840 0.432887 0.433071,
        0.132637 0.429331 0.433071,
        0.126819 0.342886 0.433071,
        0.128943 0.343148 0.433071,
      ]
    }
    coordIndex [
      0, 1, 2, -1,
      2, 1, 3, -1,
      4, 0, 5, -1,
      5, 0, 2, -1,
      6, 4, 7, -1,
      7, 4, 5, -1,
      8, 6, 9, -1,
      9, 6, 7, -1,
      10, 8, 11, -1,
      11, 8, 9, -1,
      1, 10, 3, -1,
      3, 10, 11, -1,
      6, 8, 4, -1,
      4, 8, 10, -1,
      4, 10, 0, -1,
      0, 10, 1, -1,
      2, 3, 5, -1,
      5, 3, 11, -1,
      5, 11, 7, -1,
      7, 11, 9, -1,
      12, 13, 14, -1,
      12, 14, 15, -1,
      15, 14, 16, -1,
      15, 16, 17, -1,
      17, 16, 18, -1,
      17, 18, 19, -1,
      19, 18, 20, -1,
      19, 20, 21, -1,
      21, 20, 22, -1,
      21, 22, 23, -1,
      23, 22, 24, -1,
      23, 24, 25, -1,
      26, 25, 27, -1,
      27, 25, 24, -1,
      26, 27, 28, -1,
      26, 28, 29, -1,
      29, 28, 30, -1,
      29, 30, 31, -1,
      31, 30, 32, -1,
      31, 32, 33, -1,
      33, 32, 34, -1,
      33, 34, 35, -1,
      35, 34, 36, -1,
      35, 36, 37, -1,
      37, 36, 38, -1,
      37, 38, 39, -1,
      39, 38, 40, -1,
      39, 40, 41, -1,
      41, 40, 42, -1,
      41, 42, 43, -1,
      43, 42, 44, -1,
      43, 44, 45, -1,
      45, 44, 46, -1,
      45, 46, 47, -1,
      47, 46, 48, -1,
      47, 48, 49, -1,
      49, 48, 50, -1,
      49, 50, 51, -1,
      51, 50, 52, -1,
      51, 52, 53, -1,
      53, 52, 54, -1,
      53, 54, 55, -1,
      55, 54, 56, -1,
      55, 56, 57, -1,
      57, 56, 58, -1,
      57, 58, 59, -1,
      59, 58, 60, -1,
      59, 60, 61, -1,
      61, 60, 62, -1,
      61, 62, 63, -1,
      63, 62, 64, -1,
      63, 64, 65, -1,
      65, 64, 66, -1,
      65, 66, 67, -1,
      67, 66, 68, -1,
      67, 68, 69, -1,
      69, 68, 70, -1,
      69, 70, 71, -1,
      71, 70, 72, -1,
      71, 72, 73, -1,
      73, 72, 74, -1,
      73, 74, 75, -1,
      75, 74, 76, -1,
      75, 76, 77, -1,
      77, 76, 78, -1,
      77, 78, 79, -1,
      79, 78, 80, -1,
      79, 80, 81, -1,
      81, 80, 82, -1,
      81, 82, 83, -1,
      83, 82, 84, -1,
      83, 84, 85, -1,
      85, 84, 86, -1,
      85, 86, 87, -1,
      87, 86, 88, -1,
      87, 88, 89, -1,
      89, 88, 90, -1,
      89, 90, 91, -1,
      91, 90, 92, -1,
      91, 92, 93, -1,
      93, 92, 94, -1,
      93, 94, 95, -1,
      95, 94, 96, -1,
      95, 96, 97, -1,
      97, 96, 98, -1,
      97, 98, 99, -1,
      99, 98, 100, -1,
      99, 100, 101, -1,
      101, 100, 102, -1,
      101, 102, 103, -1,
      103, 102, 104, -1,
      103, 104, 105, -1,
      105, 104, 106, -1,
      105, 106, 107, -1,
      107, 106, 108, -1,
      107, 108, 109, -1,
      109, 108, 110, -1,
      109, 110, 111, -1,
      111, 110, 112, -1,
      111, 112, 113, -1,
      113, 112, 114, -1,
      113, 114, 115, -1,
      116, 115, 117, -1,
      117, 115, 114, -1,
      116, 117, 118, -1,
      116, 118, 119, -1,
      119, 118, 120, -1,
      119, 120, 121, -1,
      121, 120, 122, -1,
      121, 122, 123, -1,
      123, 122, 124, -1,
      123, 124, 125, -1,
      125, 124, 126, -1,
      125, 126, 127, -1,
      127, 126, 128, -1,
      127, 128, 129, -1,
      129, 128, 130, -1,
      129, 130, 131, -1,
      131, 130, 132, -1,
      131, 132, 133, -1,
      133, 132, 134, -1,
      133, 134, 135, -1,
      135, 134, 136, -1,
      135, 136, 137, -1,
      137, 136, 138, -1,
      137, 138, 139, -1,
      139, 138, 140, -1,
      139, 140, 141, -1,
      141, 140, 142, -1,
      141, 142, 143, -1,
      143, 142, 144, -1,
      143, 144, 145, -1,
      145, 144, 146, -1,
      145, 146, 147, -1,
      147, 146, 148, -1,
      147, 148, 149, -1,
      149, 148, 150, -1,
      149, 150, 151, -1,
      151, 150, 152, -1,
      151, 152, 153, -1,
      153, 152, 154, -1,
      153, 154, 155, -1,
      155, 154, 156, -1,
      155, 156, 157, -1,
      157, 156, 158, -1,
      157, 158, 159, -1,
      159, 158, 160, -1,
      159, 160, 161, -1,
      161, 160, 162, -1,
      161, 162, 163, -1,
      163, 162, 164, -1,
      163, 164, 165, -1,
      165, 164, 166, -1,
      165, 166, 167, -1,
      167, 166, 168, -1,
      167, 168, 169, -1,
      169, 168, 170, -1,
      169, 170, 171, -1,
      171, 170, 172, -1,
      171, 172, 173, -1,
      173, 172, 174, -1,
      173, 174, 175, -1,
      175, 174, 176, -1,
      175, 176, 177, -1,
      177, 176, 178, -1,
      177, 178, 179, -1,
      179, 178, 180, -1,
      179, 180, 181, -1,
      181, 180, 182, -1,
      181, 182, 183, -1,
      183, 182, 184, -1,
      183, 184, 185, -1,
      185, 184, 186, -1,
      185, 186, 187, -1,
      187, 186, 188, -1,
      187, 188, 189, -1,
      189, 188, 190, -1,
      189, 190, 191, -1,
      191, 190, 192, -1,
      191, 192, 193, -1,
      193, 192, 194, -1,
      193, 194, 195, -1,
      195, 194, 196, -1,
      195, 196, 197, -1,
      197, 196, 13, -1,
      197, 13, 12, -1,
      113, 115, 116, -1,
      57, 177, 179, -1,
      57, 179, 55, -1,
      55, 179, 181, -1,
      55, 181, 53, -1,
      53, 181, 183, -1,
      53, 183, 51, -1,
      51, 183, 185, -1,
      51, 185, 49, -1,
      49, 185, 187, -1,
      49, 187, 47, -1,
      33, 21, 31, -1,
      31, 21, 23, -1,
      31, 23, 29, -1,
      29, 23, 25, -1,
      29, 25, 26, -1,
      187, 189, 47, -1,
      47, 189, 191, -1,
      47, 191, 45, -1,
      45, 191, 193, -1,
      45, 193, 43, -1,
      43, 193, 195, -1,
      43, 195, 41, -1,
      41, 195, 197, -1,
      41, 197, 39, -1,
      39, 197, 12, -1,
      39, 12, 37, -1,
      37, 12, 15, -1,
      37, 15, 35, -1,
      35, 15, 17, -1,
      35, 17, 33, -1,
      33, 17, 19, -1,
      33, 19, 21, -1,
      89, 143, 87, -1,
      87, 143, 145, -1,
      87, 145, 85, -1,
      85, 145, 147, -1,
      85, 147, 83, -1,
      83, 147, 149, -1,
      83, 149, 81, -1,
      81, 149, 151, -1,
      81, 151, 79, -1,
      79, 151, 153, -1,
      79, 153, 77, -1,
      77, 153, 155, -1,
      77, 155, 75, -1,
      113, 116, 111, -1,
      111, 116, 119, -1,
      111, 119, 109, -1,
      109, 119, 121, -1,
      109, 121, 107, -1,
      107, 121, 123, -1,
      107, 123, 105, -1,
      105, 123, 125, -1,
      105, 125, 103, -1,
      103, 125, 127, -1,
      103, 127, 101, -1,
      101, 127, 129, -1,
      101, 129, 99, -1,
      99, 129, 131, -1,
      99, 131, 97, -1,
      97, 131, 133, -1,
      97, 133, 95, -1,
      95, 133, 135, -1,
      95, 135, 93, -1,
      93, 135, 137, -1,
      93, 137, 91, -1,
      91, 137, 139, -1,
      91, 139, 89, -1,
      89, 139, 141, -1,
      89, 141, 143, -1,
      177, 57, 175, -1,
      175, 57, 59, -1,
      175, 59, 173, -1,
      173, 59, 61, -1,
      173, 61, 171, -1,
      171, 61, 63, -1,
      171, 63, 169, -1,
      169, 63, 65, -1,
      169, 65, 167, -1,
      167, 65, 165, -1,
      165, 65, 67, -1,
      165, 67, 163, -1,
      155, 157, 75, -1,
      75, 157, 159, -1,
      75, 159, 73, -1,
      73, 159, 161, -1,
      73, 161, 71, -1,
      71, 161, 163, -1,
      71, 163, 69, -1,
      69, 163, 67, -1,
      28, 27, 24, -1,
      28, 24, 30, -1,
      44, 190, 46, -1,
      46, 190, 188, -1,
      46, 188, 48, -1,
      48, 188, 186, -1,
      48, 186, 50, -1,
      50, 186, 184, -1,
      50, 184, 52, -1,
      52, 184, 182, -1,
      52, 182, 54, -1,
      114, 112, 117, -1,
      117, 112, 110, -1,
      117, 110, 118, -1,
      118, 110, 108, -1,
      182, 180, 54, -1,
      54, 180, 178, -1,
      54, 178, 56, -1,
      56, 178, 176, -1,
      56, 176, 58, -1,
      58, 176, 174, -1,
      58, 174, 60, -1,
      60, 174, 172, -1,
      60, 172, 62, -1,
      24, 22, 30, -1,
      30, 22, 20, -1,
      30, 20, 32, -1,
      32, 20, 18, -1,
      32, 18, 34, -1,
      34, 18, 16, -1,
      34, 16, 36, -1,
      36, 16, 14, -1,
      36, 14, 38, -1,
      38, 14, 13, -1,
      38, 13, 40, -1,
      40, 13, 196, -1,
      40, 196, 42, -1,
      42, 196, 194, -1,
      42, 194, 44, -1,
      44, 194, 192, -1,
      44, 192, 190, -1,
      82, 146, 84, -1,
      84, 146, 144, -1,
      84, 144, 86, -1,
      86, 144, 142, -1,
      86, 142, 88, -1,
      88, 142, 140, -1,
      88, 140, 90, -1,
      90, 140, 138, -1,
      90, 138, 92, -1,
      92, 138, 136, -1,
      92, 136, 94, -1,
      94, 136, 134, -1,
      94, 134, 96, -1,
      96, 134, 132, -1,
      96, 132, 98, -1,
      98, 132, 130, -1,
      98, 130, 100, -1,
      100, 130, 128, -1,
      100, 128, 102, -1,
      102, 128, 126, -1,
      102, 126, 104, -1,
      104, 126, 124, -1,
      104, 124, 106, -1,
      106, 124, 122, -1,
      106, 122, 108, -1,
      108, 122, 120, -1,
      108, 120, 118, -1,
      162, 160, 72, -1,
      72, 160, 158, -1,
      72, 158, 74, -1,
      74, 158, 156, -1,
      74, 156, 76, -1,
      76, 156, 154, -1,
      76, 154, 78, -1,
      78, 154, 152, -1,
      78, 152, 80, -1,
      80, 152, 150, -1,
      80, 150, 82, -1,
      82, 150, 148, -1,
      82, 148, 146, -1,
      172, 170, 62, -1,
      62, 170, 168, -1,
      62, 168, 64, -1,
      64, 168, 166, -1,
      64, 166, 66, -1,
      66, 166, 164, -1,
      66, 164, 68, -1,
      68, 164, 162, -1,
      68, 162, 70, -1,
      70, 162, 72, -1,
      198, 199, 200, -1,
      200, 199, 201, -1,
      202, 198, 203, -1,
      203, 198, 200, -1,
      204, 202, 205, -1,
      205, 202, 203, -1,
      206, 204, 207, -1,
      207, 204, 205, -1,
      208, 206, 209, -1,
      209, 206, 207, -1,
      210, 208, 211, -1,
      211, 208, 209, -1,
      212, 210, 213, -1,
      213, 210, 211, -1,
      214, 212, 215, -1,
      215, 212, 213, -1,
      216, 214, 217, -1,
      217, 214, 215, -1,
      218, 216, 219, -1,
      219, 216, 217, -1,
      220, 218, 221, -1,
      221, 218, 219, -1,
      199, 220, 201, -1,
      201, 220, 221, -1,
      220, 199, 198, -1,
      198, 202, 220, -1,
      220, 202, 204, -1,
      220, 204, 218, -1,
      214, 216, 212, -1,
      212, 216, 218, -1,
      212, 218, 210, -1,
      210, 218, 204, -1,
      210, 204, 208, -1,
      208, 204, 206, -1,
      219, 217, 215, -1,
      215, 213, 219, -1,
      219, 213, 211, -1,
      219, 211, 221, -1,
      200, 201, 203, -1,
      203, 201, 221, -1,
      203, 221, 205, -1,
      205, 221, 211, -1,
      205, 211, 207, -1,
      207, 211, 209, -1,
      222, 223, 224, -1,
      224, 223, 225, -1,
      224, 225, 226, -1,
      226, 225, 227, -1,
      226, 227, 228, -1,
      228, 227, 229, -1,
      228, 229, 230, -1,
      230, 229, 231, -1,
      230, 231, 232, -1,
      232, 231, 233, -1,
      232, 233, 234, -1,
      234, 233, 235, -1,
      234, 235, 236, -1,
      236, 235, 237, -1,
      236, 237, 238, -1,
      239, 240, 241, -1,
      241, 240, 242, -1,
      241, 242, 243, -1,
      243, 242, 244, -1,
      243, 244, 245, -1,
      245, 244, 246, -1,
      245, 246, 247, -1,
      237, 248, 238, -1,
      238, 248, 249, -1,
      238, 249, 250, -1,
      250, 249, 251, -1,
      250, 251, 252, -1,
      252, 251, 253, -1,
      252, 253, 254, -1,
      254, 253, 255, -1,
      254, 255, 256, -1,
      256, 255, 257, -1,
      256, 257, 258, -1,
      258, 257, 259, -1,
      258, 259, 239, -1,
      239, 259, 260, -1,
      239, 260, 240, -1,
      246, 261, 247, -1,
      247, 261, 262, -1,
      247, 262, 263, -1,
      263, 262, 264, -1,
      263, 264, 265, -1,
      265, 264, 266, -1,
      265, 266, 267, -1,
      267, 266, 268, -1,
      267, 268, 269, -1,
      269, 268, 270, -1,
      269, 270, 271, -1,
      271, 270, 272, -1,
      271, 272, 273, -1,
      273, 272, 274, -1,
      273, 274, 275, -1,
      275, 274, 276, -1,
      275, 276, 277, -1,
      277, 276, 278, -1,
      277, 278, 279, -1,
      279, 278, 280, -1,
      279, 280, 281, -1,
      281, 280, 282, -1,
      281, 282, 283, -1,
      283, 282, 284, -1,
      283, 284, 285, -1,
      285, 284, 286, -1,
      285, 286, 287, -1,
      287, 286, 288, -1,
      287, 288, 289, -1,
      289, 288, 290, -1,
      289, 290, 291, -1,
      291, 290, 292, -1,
      291, 292, 293, -1,
      293, 292, 294, -1,
      293, 294, 222, -1,
      222, 294, 295, -1,
      222, 295, 223, -1,
      296, 297, 298, -1,
      298, 297, 299, -1,
      298, 299, 300, -1,
      300, 299, 301, -1,
      300, 301, 302, -1,
      302, 301, 303, -1,
      302, 303, 304, -1,
      304, 303, 305, -1,
      304, 305, 306, -1,
      306, 305, 307, -1,
      306, 307, 308, -1,
      309, 310, 311, -1,
      311, 310, 312, -1,
      311, 312, 313, -1,
      313, 312, 314, -1,
      313, 314, 315, -1,
      315, 314, 316, -1,
      315, 316, 317, -1,
      317, 316, 318, -1,
      317, 318, 319, -1,
      319, 318, 320, -1,
      319, 320, 321, -1,
      321, 320, 322, -1,
      321, 322, 323, -1,
      323, 322, 324, -1,
      323, 324, 325, -1,
      325, 324, 326, -1,
      325, 326, 327, -1,
      327, 326, 328, -1,
      327, 328, 329, -1,
      329, 328, 330, -1,
      329, 330, 331, -1,
      331, 330, 332, -1,
      331, 332, 333, -1,
      333, 332, 334, -1,
      333, 334, 335, -1,
      335, 334, 336, -1,
      335, 336, 337, -1,
      337, 336, 338, -1,
      337, 338, 296, -1,
      296, 338, 339, -1,
      296, 339, 297, -1,
      340, 341, 342, -1,
      342, 341, 343, -1,
      342, 343, 344, -1,
      344, 343, 345, -1,
      344, 345, 346, -1,
      346, 345, 347, -1,
      346, 347, 348, -1,
      348, 347, 349, -1,
      348, 349, 350, -1,
      350, 349, 351, -1,
      350, 351, 352, -1,
      352, 351, 353, -1,
      352, 353, 354, -1,
      354, 353, 355, -1,
      354, 355, 309, -1,
      309, 355, 356, -1,
      309, 356, 310, -1,
      307, 357, 308, -1,
      308, 357, 358, -1,
      308, 358, 359, -1,
      359, 358, 360, -1,
      359, 360, 361, -1,
      361, 360, 362, -1,
      361, 362, 363, -1,
      363, 362, 364, -1,
      363, 364, 365, -1,
      365, 364, 366, -1,
      365, 366, 367, -1,
      367, 366, 368, -1,
      367, 368, 340, -1,
      340, 368, 369, -1,
      340, 369, 341, -1,
      288, 286, 320, -1,
      320, 286, 322, -1,
      288, 320, 318, -1,
      288, 318, 290, -1,
      290, 318, 316, -1,
      290, 316, 292, -1,
      292, 316, 314, -1,
      292, 314, 294, -1,
      294, 314, 312, -1,
      294, 312, 295, -1,
      295, 312, 310, -1,
      295, 310, 223, -1,
      223, 310, 356, -1,
      223, 356, 225, -1,
      225, 356, 355, -1,
      225, 355, 227, -1,
      227, 355, 353, -1,
      227, 353, 229, -1,
      229, 353, 351, -1,
      229, 351, 231, -1,
      231, 351, 349, -1,
      231, 349, 233, -1,
      233, 349, 347, -1,
      233, 347, 235, -1,
      235, 347, 345, -1,
      235, 345, 237, -1,
      237, 345, 343, -1,
      237, 343, 248, -1,
      248, 343, 341, -1,
      248, 341, 249, -1,
      249, 341, 369, -1,
      249, 369, 251, -1,
      251, 369, 368, -1,
      251, 368, 253, -1,
      253, 368, 366, -1,
      253, 366, 255, -1,
      255, 366, 364, -1,
      255, 364, 257, -1,
      257, 364, 362, -1,
      257, 362, 259, -1,
      259, 362, 360, -1,
      259, 360, 260, -1,
      260, 360, 358, -1,
      260, 358, 240, -1,
      240, 358, 357, -1,
      240, 357, 242, -1,
      242, 357, 307, -1,
      242, 307, 244, -1,
      244, 307, 305, -1,
      244, 305, 246, -1,
      246, 305, 303, -1,
      246, 303, 261, -1,
      261, 303, 301, -1,
      261, 301, 262, -1,
      262, 301, 299, -1,
      262, 299, 264, -1,
      264, 299, 297, -1,
      264, 297, 266, -1,
      266, 297, 339, -1,
      266, 339, 268, -1,
      268, 339, 338, -1,
      268, 338, 270, -1,
      270, 338, 336, -1,
      270, 336, 272, -1,
      272, 336, 334, -1,
      272, 334, 274, -1,
      274, 334, 332, -1,
      274, 332, 276, -1,
      276, 332, 330, -1,
      276, 330, 278, -1,
      278, 330, 328, -1,
      278, 328, 280, -1,
      280, 328, 326, -1,
      280, 326, 282, -1,
      284, 282, 324, -1,
      324, 282, 326, -1,
      286, 284, 322, -1,
      322, 284, 324, -1,
      281, 283, 325, -1,
      325, 283, 323, -1,
      283, 285, 323, -1,
      323, 285, 321, -1,
      285, 287, 321, -1,
      321, 287, 319, -1,
      230, 350, 352, -1,
      230, 352, 228, -1,
      228, 352, 354, -1,
      228, 354, 226, -1,
      226, 354, 309, -1,
      226, 309, 224, -1,
      224, 309, 311, -1,
      224, 311, 222, -1,
      222, 311, 313, -1,
      222, 313, 293, -1,
      293, 313, 315, -1,
      293, 315, 291, -1,
      291, 315, 317, -1,
      291, 317, 289, -1,
      289, 317, 319, -1,
      289, 319, 287, -1,
      256, 363, 365, -1,
      256, 365, 254, -1,
      254, 365, 367, -1,
      254, 367, 252, -1,
      252, 367, 340, -1,
      252, 340, 250, -1,
      250, 340, 342, -1,
      250, 342, 238, -1,
      238, 342, 344, -1,
      238, 344, 236, -1,
      236, 344, 346, -1,
      236, 346, 234, -1,
      234, 346, 348, -1,
      234, 348, 232, -1,
      232, 348, 350, -1,
      232, 350, 230, -1,
      265, 298, 300, -1,
      265, 300, 263, -1,
      263, 300, 302, -1,
      263, 302, 247, -1,
      247, 302, 304, -1,
      247, 304, 245, -1,
      245, 304, 306, -1,
      245, 306, 243, -1,
      243, 306, 308, -1,
      243, 308, 241, -1,
      241, 308, 359, -1,
      241, 359, 239, -1,
      239, 359, 361, -1,
      239, 361, 258, -1,
      258, 361, 363, -1,
      258, 363, 256, -1,
      281, 325, 327, -1,
      281, 327, 279, -1,
      279, 327, 329, -1,
      279, 329, 277, -1,
      277, 329, 331, -1,
      277, 331, 275, -1,
      275, 331, 333, -1,
      275, 333, 273, -1,
      273, 333, 335, -1,
      273, 335, 271, -1,
      271, 335, 337, -1,
      271, 337, 269, -1,
      269, 337, 296, -1,
      269, 296, 267, -1,
      267, 296, 298, -1,
      267, 298, 265, -1,
      370, 371, 372, -1,
      372, 371, 373, -1,
      374, 375, 370, -1,
      370, 375, 376, -1,
      370, 376, 371, -1,
      371, 376, 377, -1,
      374, 378, 375, -1,
      375, 378, 379, -1,
      375, 379, 380, -1,
      380, 379, 381, -1,
      380, 381, 382, -1,
      382, 383, 380, -1,
      380, 383, 372, -1,
      380, 372, 384, -1,
      384, 372, 373, -1,
      384, 373, 385, -1,
      386, 387, 388, -1,
      388, 387, 389, -1,
      390, 391, 389, -1,
      389, 391, 392, -1,
      389, 392, 388, -1,
      388, 392, 393, -1,
      390, 394, 391, -1,
      391, 394, 395, -1,
      391, 395, 396, -1,
      396, 395, 397, -1,
      396, 397, 398, -1,
      398, 399, 396, -1,
      396, 399, 387, -1,
      396, 387, 400, -1,
      400, 387, 386, -1,
      400, 386, 401, -1,
      380, 384, 391, -1,
      391, 384, 392, -1,
      375, 380, 396, -1,
      396, 380, 391, -1,
      376, 375, 400, -1,
      400, 375, 396, -1,
      377, 376, 401, -1,
      401, 376, 400, -1,
      371, 377, 386, -1,
      386, 377, 401, -1,
      373, 371, 388, -1,
      388, 371, 386, -1,
      385, 373, 393, -1,
      393, 373, 388, -1,
      384, 385, 392, -1,
      392, 385, 393, -1,
      370, 372, 387, -1,
      387, 372, 389, -1,
      372, 383, 389, -1,
      389, 383, 390, -1,
      381, 395, 394, -1,
      381, 394, 382, -1,
      382, 394, 390, -1,
      382, 390, 383, -1,
      381, 379, 395, -1,
      395, 379, 397, -1,
      374, 399, 398, -1,
      374, 398, 378, -1,
      378, 398, 397, -1,
      378, 397, 379, -1,
      374, 370, 399, -1,
      399, 370, 387, -1,
      402, 403, 404, -1,
      404, 403, 405, -1,
      406, 402, 407, -1,
      407, 402, 404, -1,
      408, 406, 409, -1,
      409, 406, 407, -1,
      410, 408, 411, -1,
      411, 408, 409, -1,
      412, 410, 413, -1,
      413, 410, 411, -1,
      414, 412, 415, -1,
      415, 412, 413, -1,
      416, 414, 417, -1,
      417, 414, 415, -1,
      418, 416, 419, -1,
      419, 416, 417, -1,
      420, 418, 421, -1,
      421, 418, 419, -1,
      422, 420, 423, -1,
      423, 420, 421, -1,
      424, 422, 425, -1,
      425, 422, 423, -1,
      403, 424, 405, -1,
      405, 424, 425, -1,
      424, 403, 402, -1,
      402, 406, 424, -1,
      424, 406, 408, -1,
      424, 408, 422, -1,
      418, 420, 416, -1,
      416, 420, 422, -1,
      416, 422, 414, -1,
      414, 422, 408, -1,
      414, 408, 412, -1,
      412, 408, 410, -1,
      423, 421, 419, -1,
      419, 417, 423, -1,
      423, 417, 415, -1,
      423, 415, 425, -1,
      404, 405, 407, -1,
      407, 405, 425, -1,
      407, 425, 409, -1,
      409, 425, 415, -1,
      409, 415, 411, -1,
      411, 415, 413, -1,
      426, 427, 428, -1,
      428, 427, 429, -1,
      430, 431, 432, -1,
      433, 434, 435, -1,
      435, 434, 436, -1,
      435, 436, 437, -1,
      437, 436, 438, -1,
      437, 438, 439, -1,
      440, 441, 442, -1,
      443, 444, 445, -1,
      430, 446, 431, -1,
      431, 446, 447, -1,
      431, 447, 448, -1,
      449, 450, 451, -1,
      451, 450, 442, -1,
      451, 442, 452, -1,
      452, 442, 441, -1,
      453, 454, 455, -1,
      455, 454, 456, -1,
      455, 456, 433, -1,
      433, 456, 457, -1,
      433, 457, 434, -1,
      447, 458, 448, -1,
      448, 458, 459, -1,
      448, 459, 460, -1,
      460, 459, 461, -1,
      460, 461, 462, -1,
      428, 463, 426, -1,
      426, 463, 464, -1,
      426, 464, 465, -1,
      465, 464, 466, -1,
      465, 466, 432, -1,
      432, 466, 467, -1,
      432, 467, 430, -1,
      468, 469, 470, -1,
      470, 469, 471, -1,
      470, 471, 453, -1,
      453, 471, 472, -1,
      453, 472, 454, -1,
      473, 474, 475, -1,
      475, 474, 476, -1,
      475, 476, 477, -1,
      477, 476, 478, -1,
      477, 478, 479, -1,
      445, 480, 443, -1,
      443, 480, 481, -1,
      443, 481, 473, -1,
      473, 481, 482, -1,
      473, 482, 474, -1,
      483, 484, 485, -1,
      485, 484, 486, -1,
      485, 486, 444, -1,
      444, 486, 487, -1,
      444, 487, 445, -1,
      488, 489, 442, -1,
      442, 489, 490, -1,
      442, 490, 440, -1,
      491, 488, 468, -1,
      468, 488, 492, -1,
      468, 492, 469, -1,
      429, 489, 428, -1,
      428, 489, 488, -1,
      428, 488, 493, -1,
      493, 488, 491, -1,
      461, 494, 462, -1,
      462, 494, 495, -1,
      462, 495, 496, -1,
      496, 495, 497, -1,
      496, 497, 498, -1,
      438, 499, 439, -1,
      439, 499, 500, -1,
      439, 500, 501, -1,
      501, 500, 502, -1,
      501, 502, 503, -1,
      503, 502, 504, -1,
      503, 504, 505, -1,
      505, 504, 506, -1,
      505, 506, 507, -1,
      507, 506, 508, -1,
      507, 508, 509, -1,
      509, 508, 510, -1,
      509, 510, 511, -1,
      511, 510, 512, -1,
      511, 512, 513, -1,
      513, 512, 514, -1,
      513, 514, 515, -1,
      515, 514, 516, -1,
      515, 516, 517, -1,
      517, 516, 518, -1,
      517, 518, 519, -1,
      452, 520, 451, -1,
      451, 520, 521, -1,
      451, 521, 522, -1,
      522, 521, 523, -1,
      522, 523, 524, -1,
      525, 526, 527, -1,
      527, 526, 528, -1,
      527, 528, 529, -1,
      529, 528, 530, -1,
      529, 530, 531, -1,
      497, 532, 498, -1,
      498, 532, 533, -1,
      498, 533, 483, -1,
      483, 533, 534, -1,
      483, 534, 484, -1,
      530, 535, 531, -1,
      531, 535, 536, -1,
      531, 536, 537, -1,
      537, 536, 538, -1,
      537, 538, 539, -1,
      539, 538, 524, -1,
      539, 524, 540, -1,
      540, 524, 523, -1,
      478, 541, 479, -1,
      479, 541, 542, -1,
      479, 542, 543, -1,
      543, 542, 544, -1,
      543, 544, 545, -1,
      545, 544, 546, -1,
      545, 546, 525, -1,
      525, 546, 547, -1,
      525, 547, 526, -1,
      548, 549, 550, -1,
      551, 552, 553, -1,
      553, 552, 554, -1,
      553, 554, 555, -1,
      556, 557, 558, -1,
      558, 557, 559, -1,
      558, 559, 560, -1,
      561, 562, 563, -1,
      564, 565, 566, -1,
      567, 568, 569, -1,
      569, 568, 570, -1,
      569, 570, 571, -1,
      572, 573, 562, -1,
      562, 573, 574, -1,
      562, 574, 563, -1,
      554, 575, 555, -1,
      555, 575, 576, -1,
      555, 576, 577, -1,
      577, 576, 578, -1,
      577, 578, 579, -1,
      580, 581, 582, -1,
      582, 581, 583, -1,
      582, 583, 584, -1,
      584, 583, 585, -1,
      584, 585, 551, -1,
      551, 585, 586, -1,
      551, 586, 552, -1,
      587, 564, 588, -1,
      588, 564, 566, -1,
      588, 566, 589, -1,
      589, 566, 590, -1,
      559, 591, 560, -1,
      560, 591, 592, -1,
      560, 592, 567, -1,
      567, 592, 593, -1,
      567, 593, 568, -1,
      594, 595, 556, -1,
      556, 595, 596, -1,
      556, 596, 557, -1,
      597, 598, 594, -1,
      594, 598, 599, -1,
      594, 599, 595, -1,
      563, 600, 561, -1,
      561, 600, 601, -1,
      561, 601, 602, -1,
      602, 601, 603, -1,
      602, 603, 604, -1,
      604, 603, 605, -1,
      604, 605, 606, -1,
      606, 605, 607, -1,
      606, 607, 608, -1,
      608, 607, 609, -1,
      570, 610, 571, -1,
      571, 610, 611, -1,
      571, 611, 612, -1,
      612, 611, 613, -1,
      612, 613, 572, -1,
      572, 613, 614, -1,
      572, 614, 573, -1,
      615, 616, 617, -1,
      617, 616, 566, -1,
      617, 566, 618, -1,
      618, 566, 565, -1,
      578, 619, 579, -1,
      579, 619, 620, -1,
      579, 620, 621, -1,
      621, 620, 622, -1,
      621, 622, 623, -1,
      623, 622, 616, -1,
      623, 616, 624, -1,
      624, 616, 625, -1,
      625, 616, 615, -1,
      625, 615, 609, -1,
      609, 615, 626, -1,
      609, 626, 608, -1,
      627, 628, 629, -1,
      629, 628, 630, -1,
      629, 630, 631, -1,
      631, 630, 632, -1,
      631, 632, 633, -1,
      633, 632, 634, -1,
      633, 634, 635, -1,
      548, 550, 636, -1,
      636, 550, 637, -1,
      636, 637, 638, -1,
      638, 637, 639, -1,
      638, 639, 640, -1,
      640, 639, 641, -1,
      640, 641, 642, -1,
      642, 641, 643, -1,
      642, 643, 644, -1,
      644, 643, 645, -1,
      644, 645, 646, -1,
      646, 645, 647, -1,
      646, 647, 648, -1,
      648, 647, 649, -1,
      648, 649, 580, -1,
      580, 649, 650, -1,
      580, 650, 581, -1,
      651, 652, 653, -1,
      653, 652, 654, -1,
      653, 654, 655, -1,
      655, 654, 656, -1,
      655, 656, 597, -1,
      597, 656, 657, -1,
      597, 657, 598, -1,
      634, 658, 635, -1,
      635, 658, 659, -1,
      635, 659, 660, -1,
      660, 659, 661, -1,
      660, 661, 662, -1,
      662, 661, 663, -1,
      662, 663, 651, -1,
      651, 663, 664, -1,
      651, 664, 652, -1,
      629, 665, 627, -1,
      627, 665, 666, -1,
      627, 666, 667, -1,
      667, 666, 668, -1,
      667, 668, 588, -1,
      588, 668, 669, -1,
      588, 669, 587, -1,
      504, 649, 647, -1,
      504, 647, 506, -1,
      506, 647, 645, -1,
      506, 645, 508, -1,
      508, 645, 643, -1,
      508, 643, 510, -1,
      510, 643, 641, -1,
      510, 641, 512, -1,
      512, 641, 639, -1,
      512, 639, 514, -1,
      514, 639, 637, -1,
      514, 637, 516, -1,
      516, 637, 550, -1,
      516, 550, 518, -1,
      519, 518, 549, -1,
      549, 518, 550, -1,
      519, 549, 548, -1,
      519, 548, 517, -1,
      517, 548, 636, -1,
      517, 636, 515, -1,
      515, 636, 638, -1,
      515, 638, 513, -1,
      513, 638, 640, -1,
      513, 640, 511, -1,
      511, 640, 642, -1,
      511, 642, 509, -1,
      509, 642, 644, -1,
      509, 644, 507, -1,
      507, 644, 646, -1,
      507, 646, 505, -1,
      505, 646, 648, -1,
      505, 648, 503, -1,
      503, 648, 580, -1,
      503, 580, 501, -1,
      501, 580, 582, -1,
      501, 582, 439, -1,
      439, 582, 584, -1,
      439, 584, 437, -1,
      437, 584, 551, -1,
      437, 551, 435, -1,
      435, 551, 553, -1,
      435, 553, 433, -1,
      433, 553, 555, -1,
      433, 555, 455, -1,
      455, 555, 577, -1,
      455, 577, 453, -1,
      453, 577, 579, -1,
      453, 579, 470, -1,
      470, 579, 621, -1,
      470, 621, 468, -1,
      468, 621, 623, -1,
      468, 623, 491, -1,
      491, 623, 624, -1,
      491, 624, 493, -1,
      493, 624, 625, -1,
      493, 625, 428, -1,
      463, 428, 609, -1,
      609, 428, 625, -1,
      463, 609, 607, -1,
      463, 607, 464, -1,
      464, 607, 605, -1,
      464, 605, 466, -1,
      466, 605, 603, -1,
      466, 603, 467, -1,
      467, 603, 601, -1,
      467, 601, 430, -1,
      430, 601, 600, -1,
      430, 600, 446, -1,
      446, 600, 563, -1,
      446, 563, 447, -1,
      447, 563, 574, -1,
      447, 574, 458, -1,
      458, 574, 573, -1,
      458, 573, 459, -1,
      459, 573, 614, -1,
      459, 614, 461, -1,
      461, 614, 613, -1,
      461, 613, 494, -1,
      494, 613, 611, -1,
      494, 611, 495, -1,
      495, 611, 610, -1,
      495, 610, 497, -1,
      497, 610, 570, -1,
      497, 570, 532, -1,
      532, 570, 568, -1,
      532, 568, 533, -1,
      533, 568, 593, -1,
      533, 593, 534, -1,
      534, 593, 592, -1,
      534, 592, 484, -1,
      484, 592, 591, -1,
      484, 591, 486, -1,
      486, 591, 559, -1,
      486, 559, 487, -1,
      487, 559, 557, -1,
      487, 557, 445, -1,
      445, 557, 596, -1,
      445, 596, 480, -1,
      480, 596, 595, -1,
      480, 595, 481, -1,
      481, 595, 599, -1,
      481, 599, 482, -1,
      482, 599, 598, -1,
      482, 598, 474, -1,
      474, 598, 657, -1,
      474, 657, 476, -1,
      476, 657, 656, -1,
      476, 656, 478, -1,
      478, 656, 654, -1,
      478, 654, 541, -1,
      541, 654, 652, -1,
      541, 652, 542, -1,
      542, 652, 664, -1,
      542, 664, 544, -1,
      544, 664, 663, -1,
      544, 663, 546, -1,
      546, 663, 661, -1,
      546, 661, 547, -1,
      547, 661, 659, -1,
      547, 659, 526, -1,
      526, 659, 658, -1,
      526, 658, 528, -1,
      528, 658, 634, -1,
      528, 634, 530, -1,
      530, 634, 632, -1,
      530, 632, 535, -1,
      535, 632, 630, -1,
      535, 630, 536, -1,
      536, 630, 628, -1,
      536, 628, 538, -1,
      538, 628, 627, -1,
      538, 627, 524, -1,
      524, 627, 667, -1,
      524, 667, 522, -1,
      451, 522, 588, -1,
      588, 522, 667, -1,
      449, 451, 589, -1,
      589, 451, 588, -1,
      450, 449, 590, -1,
      590, 449, 589, -1,
      442, 450, 566, -1,
      566, 450, 590, -1,
      442, 566, 616, -1,
      442, 616, 488, -1,
      488, 616, 622, -1,
      488, 622, 492, -1,
      492, 622, 620, -1,
      492, 620, 469, -1,
      469, 620, 619, -1,
      469, 619, 471, -1,
      471, 619, 578, -1,
      471, 578, 472, -1,
      472, 578, 576, -1,
      472, 576, 454, -1,
      454, 576, 575, -1,
      454, 575, 456, -1,
      456, 575, 554, -1,
      456, 554, 457, -1,
      457, 554, 552, -1,
      457, 552, 434, -1,
      434, 552, 586, -1,
      434, 586, 436, -1,
      436, 586, 585, -1,
      436, 585, 438, -1,
      438, 585, 583, -1,
      438, 583, 499, -1,
      499, 583, 581, -1,
      499, 581, 500, -1,
      500, 581, 650, -1,
      500, 650, 502, -1,
      502, 650, 649, -1,
      502, 649, 504, -1,
      431, 561, 602, -1,
      431, 602, 432, -1,
      432, 602, 604, -1,
      432, 604, 465, -1,
      465, 604, 606, -1,
      465, 606, 426, -1,
      426, 606, 608, -1,
      426, 608, 427, -1,
      427, 608, 626, -1,
      427, 626, 429, -1,
      498, 569, 571, -1,
      498, 571, 496, -1,
      496, 571, 612, -1,
      496, 612, 462, -1,
      462, 612, 572, -1,
      462, 572, 460, -1,
      460, 572, 562, -1,
      460, 562, 448, -1,
      448, 562, 561, -1,
      448, 561, 431, -1,
      473, 594, 556, -1,
      473, 556, 443, -1,
      443, 556, 558, -1,
      443, 558, 444, -1,
      444, 558, 560, -1,
      444, 560, 485, -1,
      485, 560, 567, -1,
      485, 567, 483, -1,
      483, 567, 569, -1,
      483, 569, 498, -1,
      545, 662, 651, -1,
      545, 651, 543, -1,
      543, 651, 653, -1,
      543, 653, 479, -1,
      479, 653, 655, -1,
      479, 655, 477, -1,
      477, 655, 597, -1,
      477, 597, 475, -1,
      475, 597, 594, -1,
      475, 594, 473, -1,
      540, 666, 665, -1,
      540, 665, 539, -1,
      539, 665, 629, -1,
      539, 629, 537, -1,
      537, 629, 631, -1,
      537, 631, 531, -1,
      531, 631, 633, -1,
      531, 633, 529, -1,
      529, 633, 635, -1,
      529, 635, 527, -1,
      527, 635, 660, -1,
      527, 660, 525, -1,
      525, 660, 662, -1,
      525, 662, 545, -1,
      490, 617, 618, -1,
      490, 618, 440, -1,
      440, 618, 565, -1,
      440, 565, 441, -1,
      441, 565, 564, -1,
      441, 564, 452, -1,
      452, 564, 587, -1,
      452, 587, 520, -1,
      520, 587, 669, -1,
      520, 669, 521, -1,
      521, 669, 668, -1,
      521, 668, 523, -1,
      523, 668, 666, -1,
      523, 666, 540, -1,
      490, 489, 617, -1,
      617, 489, 615, -1,
      489, 429, 615, -1,
      615, 429, 626, -1,
      670, 671, 672, -1,
      670, 672, 673, -1,
      673, 672, 674, -1,
      673, 674, 675, -1,
      675, 674, 676, -1,
      675, 676, 677, -1,
      677, 676, 678, -1,
      677, 678, 679, -1,
      679, 678, 680, -1,
      679, 680, 681, -1,
      681, 680, 682, -1,
      681, 682, 683, -1,
      683, 682, 684, -1,
      683, 684, 685, -1,
      686, 685, 687, -1,
      687, 685, 684, -1,
      686, 687, 688, -1,
      686, 688, 689, -1,
      689, 688, 690, -1,
      689, 690, 691, -1,
      691, 690, 692, -1,
      691, 692, 693, -1,
      693, 692, 694, -1,
      693, 694, 695, -1,
      695, 694, 696, -1,
      695, 696, 697, -1,
      697, 696, 698, -1,
      697, 698, 699, -1,
      699, 698, 700, -1,
      699, 700, 701, -1,
      701, 700, 702, -1,
      701, 702, 703, -1,
      703, 702, 704, -1,
      703, 704, 705, -1,
      705, 704, 706, -1,
      705, 706, 707, -1,
      707, 706, 708, -1,
      707, 708, 709, -1,
      709, 708, 710, -1,
      709, 710, 711, -1,
      711, 710, 712, -1,
      711, 712, 713, -1,
      713, 712, 714, -1,
      713, 714, 715, -1,
      715, 714, 716, -1,
      715, 716, 717, -1,
      717, 716, 718, -1,
      717, 718, 719, -1,
      719, 718, 720, -1,
      719, 720, 721, -1,
      721, 720, 722, -1,
      721, 722, 723, -1,
      723, 722, 724, -1,
      723, 724, 725, -1,
      725, 724, 726, -1,
      725, 726, 727, -1,
      727, 726, 728, -1,
      727, 728, 729, -1,
      729, 728, 730, -1,
      729, 730, 731, -1,
      731, 730, 732, -1,
      731, 732, 733, -1,
      733, 732, 734, -1,
      733, 734, 735, -1,
      735, 734, 736, -1,
      735, 736, 737, -1,
      737, 736, 738, -1,
      737, 738, 739, -1,
      739, 738, 740, -1,
      739, 740, 741, -1,
      741, 740, 742, -1,
      741, 742, 743, -1,
      743, 742, 744, -1,
      743, 744, 745, -1,
      745, 744, 746, -1,
      745, 746, 747, -1,
      747, 746, 748, -1,
      747, 748, 749, -1,
      749, 748, 750, -1,
      749, 750, 751, -1,
      751, 750, 752, -1,
      751, 752, 753, -1,
      753, 752, 754, -1,
      753, 754, 755, -1,
      755, 754, 756, -1,
      755, 756, 757, -1,
      757, 756, 758, -1,
      757, 758, 759, -1,
      759, 758, 760, -1,
      759, 760, 761, -1,
      761, 760, 762, -1,
      761, 762, 763, -1,
      763, 762, 764, -1,
      763, 764, 765, -1,
      765, 764, 766, -1,
      765, 766, 767, -1,
      767, 766, 768, -1,
      767, 768, 769, -1,
      769, 768, 770, -1,
      769, 770, 771, -1,
      771, 770, 772, -1,
      771, 772, 773, -1,
      773, 772, 774, -1,
      773, 774, 775, -1,
      775, 774, 776, -1,
      775, 776, 777, -1,
      777, 776, 778, -1,
      777, 778, 779, -1,
      779, 778, 780, -1,
      779, 780, 781, -1,
      781, 780, 782, -1,
      781, 782, 783, -1,
      783, 782, 784, -1,
      783, 784, 785, -1,
      785, 784, 786, -1,
      785, 786, 787, -1,
      787, 786, 788, -1,
      787, 788, 789, -1,
      789, 788, 790, -1,
      789, 790, 791, -1,
      791, 790, 792, -1,
      791, 792, 793, -1,
      793, 792, 794, -1,
      793, 794, 795, -1,
      795, 794, 796, -1,
      795, 796, 797, -1,
      797, 796, 798, -1,
      797, 798, 799, -1,
      799, 798, 800, -1,
      799, 800, 801, -1,
      801, 800, 802, -1,
      801, 802, 803, -1,
      803, 802, 804, -1,
      803, 804, 805, -1,
      806, 805, 807, -1,
      807, 805, 804, -1,
      806, 807, 808, -1,
      806, 808, 809, -1,
      809, 808, 810, -1,
      809, 810, 811, -1,
      811, 810, 812, -1,
      811, 812, 813, -1,
      813, 812, 814, -1,
      813, 814, 815, -1,
      815, 814, 816, -1,
      815, 816, 817, -1,
      817, 816, 818, -1,
      817, 818, 819, -1,
      819, 818, 820, -1,
      819, 820, 821, -1,
      821, 820, 822, -1,
      821, 822, 823, -1,
      823, 822, 824, -1,
      823, 824, 825, -1,
      825, 824, 826, -1,
      825, 826, 827, -1,
      827, 826, 828, -1,
      827, 828, 829, -1,
      829, 828, 830, -1,
      829, 830, 831, -1,
      831, 830, 832, -1,
      831, 832, 833, -1,
      833, 832, 834, -1,
      833, 834, 835, -1,
      835, 834, 836, -1,
      835, 836, 837, -1,
      837, 836, 838, -1,
      837, 838, 839, -1,
      839, 838, 840, -1,
      839, 840, 841, -1,
      841, 840, 842, -1,
      841, 842, 843, -1,
      843, 842, 844, -1,
      843, 844, 845, -1,
      845, 844, 846, -1,
      845, 846, 847, -1,
      847, 846, 848, -1,
      847, 848, 849, -1,
      849, 848, 850, -1,
      849, 850, 851, -1,
      851, 850, 852, -1,
      851, 852, 853, -1,
      853, 852, 854, -1,
      853, 854, 855, -1,
      855, 854, 856, -1,
      855, 856, 857, -1,
      857, 856, 858, -1,
      857, 858, 859, -1,
      859, 858, 860, -1,
      859, 860, 861, -1,
      861, 860, 862, -1,
      861, 862, 863, -1,
      863, 862, 864, -1,
      863, 864, 865, -1,
      865, 864, 866, -1,
      865, 866, 867, -1,
      867, 866, 868, -1,
      867, 868, 869, -1,
      869, 868, 870, -1,
      869, 870, 871, -1,
      871, 870, 872, -1,
      871, 872, 873, -1,
      873, 872, 874, -1,
      873, 874, 875, -1,
      875, 874, 876, -1,
      875, 876, 877, -1,
      877, 876, 878, -1,
      877, 878, 879, -1,
      879, 878, 880, -1,
      879, 880, 881, -1,
      881, 880, 882, -1,
      881, 882, 883, -1,
      883, 882, 884, -1,
      883, 884, 885, -1,
      885, 884, 886, -1,
      885, 886, 887, -1,
      887, 886, 888, -1,
      887, 888, 889, -1,
      889, 888, 890, -1,
      889, 890, 891, -1,
      891, 890, 892, -1,
      891, 892, 893, -1,
      893, 892, 894, -1,
      893, 894, 895, -1,
      895, 894, 896, -1,
      895, 896, 897, -1,
      897, 896, 898, -1,
      897, 898, 899, -1,
      899, 898, 900, -1,
      899, 900, 901, -1,
      901, 900, 902, -1,
      901, 902, 903, -1,
      903, 902, 904, -1,
      903, 904, 905, -1,
      905, 904, 906, -1,
      905, 906, 907, -1,
      907, 906, 671, -1,
      907, 671, 670, -1,
      683, 685, 686, -1,
      803, 805, 806, -1,
      713, 715, 897, -1,
      897, 715, 895, -1,
      777, 837, 775, -1,
      775, 837, 839, -1,
      775, 839, 773, -1,
      715, 717, 895, -1,
      895, 717, 719, -1,
      895, 719, 893, -1,
      779, 833, 777, -1,
      777, 833, 835, -1,
      777, 835, 837, -1,
      713, 897, 711, -1,
      711, 897, 899, -1,
      711, 899, 709, -1,
      709, 899, 901, -1,
      709, 901, 707, -1,
      707, 901, 903, -1,
      707, 903, 705, -1,
      855, 765, 853, -1,
      853, 765, 767, -1,
      737, 883, 735, -1,
      735, 883, 885, -1,
      839, 841, 773, -1,
      773, 841, 843, -1,
      773, 843, 771, -1,
      843, 845, 771, -1,
      771, 845, 847, -1,
      771, 847, 769, -1,
      769, 847, 849, -1,
      769, 849, 767, -1,
      767, 849, 851, -1,
      767, 851, 853, -1,
      855, 857, 765, -1,
      765, 857, 859, -1,
      765, 859, 763, -1,
      763, 859, 861, -1,
      763, 861, 761, -1,
      761, 861, 863, -1,
      761, 863, 759, -1,
      759, 863, 865, -1,
      759, 865, 757, -1,
      889, 729, 887, -1,
      887, 729, 731, -1,
      887, 731, 885, -1,
      885, 731, 733, -1,
      885, 733, 735, -1,
      719, 721, 893, -1,
      893, 721, 723, -1,
      893, 723, 891, -1,
      891, 723, 725, -1,
      891, 725, 889, -1,
      889, 725, 727, -1,
      889, 727, 729, -1,
      737, 739, 883, -1,
      883, 739, 741, -1,
      883, 741, 881, -1,
      881, 741, 743, -1,
      881, 743, 879, -1,
      879, 743, 745, -1,
      879, 745, 877, -1,
      877, 745, 747, -1,
      877, 747, 875, -1,
      705, 903, 703, -1,
      703, 903, 905, -1,
      703, 905, 701, -1,
      701, 905, 907, -1,
      701, 907, 699, -1,
      699, 907, 670, -1,
      699, 670, 697, -1,
      697, 670, 673, -1,
      697, 673, 695, -1,
      695, 673, 675, -1,
      695, 675, 693, -1,
      693, 675, 677, -1,
      693, 677, 691, -1,
      691, 677, 679, -1,
      691, 679, 689, -1,
      689, 679, 686, -1,
      686, 679, 681, -1,
      686, 681, 683, -1,
      747, 749, 875, -1,
      875, 749, 751, -1,
      875, 751, 873, -1,
      873, 751, 753, -1,
      873, 753, 871, -1,
      871, 753, 755, -1,
      871, 755, 869, -1,
      869, 755, 757, -1,
      869, 757, 867, -1,
      867, 757, 865, -1,
      803, 806, 801, -1,
      801, 806, 809, -1,
      801, 809, 799, -1,
      799, 809, 811, -1,
      799, 811, 797, -1,
      797, 811, 813, -1,
      797, 813, 795, -1,
      795, 813, 815, -1,
      795, 815, 793, -1,
      793, 815, 817, -1,
      793, 817, 791, -1,
      791, 817, 819, -1,
      791, 819, 789, -1,
      789, 819, 821, -1,
      789, 821, 787, -1,
      787, 821, 823, -1,
      787, 823, 785, -1,
      785, 823, 825, -1,
      785, 825, 783, -1,
      783, 825, 827, -1,
      783, 827, 781, -1,
      781, 827, 829, -1,
      781, 829, 779, -1,
      779, 829, 831, -1,
      779, 831, 833, -1,
      894, 714, 896, -1,
      896, 714, 712, -1,
      896, 712, 898, -1,
      898, 712, 710, -1,
      898, 710, 900, -1,
      776, 774, 836, -1,
      856, 764, 858, -1,
      858, 764, 762, -1,
      892, 718, 894, -1,
      894, 718, 716, -1,
      894, 716, 714, -1,
      886, 884, 732, -1,
      732, 884, 734, -1,
      734, 884, 882, -1,
      734, 882, 736, -1,
      856, 854, 764, -1,
      764, 854, 852, -1,
      764, 852, 766, -1,
      766, 852, 850, -1,
      766, 850, 768, -1,
      880, 740, 882, -1,
      882, 740, 738, -1,
      882, 738, 736, -1,
      770, 842, 772, -1,
      772, 842, 840, -1,
      772, 840, 774, -1,
      774, 840, 838, -1,
      774, 838, 836, -1,
      890, 722, 892, -1,
      892, 722, 720, -1,
      892, 720, 718, -1,
      850, 848, 768, -1,
      768, 848, 846, -1,
      768, 846, 770, -1,
      770, 846, 844, -1,
      770, 844, 842, -1,
      710, 708, 900, -1,
      900, 708, 706, -1,
      900, 706, 902, -1,
      902, 706, 704, -1,
      902, 704, 904, -1,
      904, 704, 702, -1,
      904, 702, 906, -1,
      906, 702, 700, -1,
      906, 700, 671, -1,
      671, 700, 698, -1,
      671, 698, 672, -1,
      672, 698, 696, -1,
      672, 696, 674, -1,
      674, 696, 694, -1,
      674, 694, 676, -1,
      732, 730, 886, -1,
      886, 730, 728, -1,
      886, 728, 888, -1,
      888, 728, 726, -1,
      888, 726, 890, -1,
      890, 726, 724, -1,
      890, 724, 722, -1,
      694, 692, 676, -1,
      676, 692, 690, -1,
      676, 690, 678, -1,
      678, 690, 688, -1,
      678, 688, 680, -1,
      680, 688, 687, -1,
      680, 687, 682, -1,
      682, 687, 684, -1,
      872, 870, 754, -1,
      754, 870, 868, -1,
      754, 868, 756, -1,
      756, 868, 866, -1,
      756, 866, 758, -1,
      758, 866, 864, -1,
      758, 864, 760, -1,
      760, 864, 862, -1,
      760, 862, 762, -1,
      762, 862, 860, -1,
      762, 860, 858, -1,
      836, 834, 776, -1,
      776, 834, 832, -1,
      776, 832, 778, -1,
      778, 832, 830, -1,
      778, 830, 780, -1,
      780, 830, 828, -1,
      780, 828, 782, -1,
      782, 828, 826, -1,
      782, 826, 784, -1,
      784, 826, 824, -1,
      784, 824, 786, -1,
      786, 824, 822, -1,
      786, 822, 788, -1,
      788, 822, 820, -1,
      788, 820, 790, -1,
      790, 820, 818, -1,
      790, 818, 792, -1,
      792, 818, 816, -1,
      792, 816, 794, -1,
      794, 816, 814, -1,
      794, 814, 796, -1,
      796, 814, 812, -1,
      796, 812, 798, -1,
      798, 812, 810, -1,
      798, 810, 800, -1,
      800, 810, 808, -1,
      800, 808, 802, -1,
      802, 808, 807, -1,
      802, 807, 804, -1,
      754, 752, 872, -1,
      872, 752, 750, -1,
      872, 750, 874, -1,
      874, 750, 748, -1,
      874, 748, 876, -1,
      876, 748, 746, -1,
      876, 746, 878, -1,
      878, 746, 744, -1,
      878, 744, 880, -1,
      880, 744, 742, -1,
      880, 742, 740, -1,
      908, 909, 910, -1,
      910, 909, 911, -1,
      912, 908, 913, -1,
      913, 908, 910, -1,
      912, 913, 914, -1,
      912, 914, 915, -1,
      915, 914, 916, -1,
      915, 916, 917, -1,
      918, 917, 919, -1,
      919, 917, 916, -1,
      920, 918, 921, -1,
      921, 918, 919, -1,
      922, 920, 923, -1,
      923, 920, 921, -1,
      924, 922, 925, -1,
      925, 922, 923, -1,
      926, 924, 927, -1,
      927, 924, 925, -1,
      928, 926, 929, -1,
      929, 926, 927, -1,
      928, 929, 930, -1,
      928, 930, 931, -1,
      931, 930, 932, -1,
      931, 932, 933, -1,
      933, 932, 934, -1,
      933, 934, 935, -1,
      935, 934, 936, -1,
      935, 936, 937, -1,
      937, 936, 938, -1,
      937, 938, 939, -1,
      939, 938, 940, -1,
      939, 940, 941, -1,
      941, 940, 942, -1,
      941, 942, 943, -1,
      943, 942, 944, -1,
      943, 944, 945, -1,
      945, 944, 946, -1,
      945, 946, 947, -1,
      947, 946, 948, -1,
      947, 948, 949, -1,
      950, 949, 951, -1,
      951, 949, 948, -1,
      950, 951, 952, -1,
      950, 952, 953, -1,
      953, 952, 954, -1,
      953, 954, 955, -1,
      955, 954, 956, -1,
      955, 956, 957, -1,
      957, 956, 958, -1,
      957, 958, 959, -1,
      959, 958, 960, -1,
      959, 960, 961, -1,
      961, 960, 962, -1,
      961, 962, 963, -1,
      963, 962, 964, -1,
      963, 964, 965, -1,
      965, 964, 966, -1,
      965, 966, 967, -1,
      967, 966, 968, -1,
      967, 968, 969, -1,
      969, 968, 970, -1,
      969, 970, 971, -1,
      971, 970, 972, -1,
      971, 972, 973, -1,
      973, 972, 974, -1,
      973, 974, 975, -1,
      975, 974, 976, -1,
      975, 976, 977, -1,
      977, 976, 978, -1,
      977, 978, 979, -1,
      909, 979, 911, -1,
      911, 979, 978, -1,
      915, 917, 979, -1,
      909, 908, 979, -1,
      979, 908, 912, -1,
      979, 912, 915, -1,
      922, 924, 920, -1,
      920, 924, 926, -1,
      920, 926, 918, -1,
      933, 935, 967, -1,
      967, 935, 965, -1,
      965, 935, 937, -1,
      965, 937, 963, -1,
      963, 937, 939, -1,
      963, 939, 961, -1,
      961, 939, 959, -1,
      959, 939, 941, -1,
      959, 941, 957, -1,
      957, 941, 943, -1,
      957, 943, 955, -1,
      967, 969, 933, -1,
      933, 969, 971, -1,
      933, 971, 931, -1,
      931, 971, 973, -1,
      931, 973, 928, -1,
      955, 943, 953, -1,
      953, 943, 945, -1,
      953, 945, 950, -1,
      950, 945, 947, -1,
      950, 947, 949, -1,
      973, 975, 928, -1,
      928, 975, 977, -1,
      928, 977, 926, -1,
      926, 977, 979, -1,
      926, 979, 918, -1,
      918, 979, 917, -1,
      940, 938, 960, -1,
      927, 925, 923, -1,
      910, 911, 913, -1,
      913, 911, 978, -1,
      960, 938, 962, -1,
      962, 938, 936, -1,
      962, 936, 964, -1,
      960, 958, 940, -1,
      940, 958, 956, -1,
      940, 956, 942, -1,
      942, 956, 954, -1,
      942, 954, 944, -1,
      944, 954, 952, -1,
      944, 952, 946, -1,
      946, 952, 951, -1,
      946, 951, 948, -1,
      964, 936, 966, -1,
      966, 936, 934, -1,
      966, 934, 968, -1,
      968, 934, 932, -1,
      968, 932, 970, -1,
      970, 932, 930, -1,
      970, 930, 972, -1,
      972, 930, 974, -1,
      974, 930, 929, -1,
      974, 929, 976, -1,
      919, 916, 978, -1,
      978, 916, 914, -1,
      978, 914, 913, -1,
      923, 921, 927, -1,
      927, 921, 919, -1,
      927, 919, 929, -1,
      929, 919, 978, -1,
      929, 978, 976, -1,
      980, 981, 982, -1,
      982, 981, 983, -1,
      984, 980, 985, -1,
      985, 980, 982, -1,
      986, 984, 987, -1,
      987, 984, 985, -1,
      988, 986, 989, -1,
      989, 986, 987, -1,
      990, 988, 991, -1,
      991, 988, 989, -1,
      992, 990, 993, -1,
      993, 990, 991, -1,
      994, 992, 995, -1,
      995, 992, 993, -1,
      996, 994, 997, -1,
      997, 994, 995, -1,
      998, 996, 999, -1,
      999, 996, 997, -1,
      1000, 998, 1001, -1,
      1001, 998, 999, -1,
      1002, 1000, 1003, -1,
      1003, 1000, 1001, -1,
      981, 1002, 983, -1,
      983, 1002, 1003, -1,
      1002, 981, 980, -1,
      980, 984, 1002, -1,
      1002, 984, 986, -1,
      1002, 986, 1000, -1,
      996, 998, 994, -1,
      994, 998, 1000, -1,
      994, 1000, 992, -1,
      992, 1000, 986, -1,
      992, 986, 990, -1,
      990, 986, 988, -1,
      1001, 999, 997, -1,
      997, 995, 1001, -1,
      1001, 995, 993, -1,
      1001, 993, 1003, -1,
      982, 983, 985, -1,
      985, 983, 1003, -1,
      985, 1003, 987, -1,
      987, 1003, 993, -1,
      987, 993, 989, -1,
      989, 993, 991, -1,
      1004, 1005, 1006, -1,
      1006, 1005, 1007, -1,
      1006, 1007, 1008, -1,
      1008, 1007, 1009, -1,
      1008, 1009, 1010, -1,
      1010, 1009, 1011, -1,
      1010, 1011, 1012, -1,
      1012, 1011, 1013, -1,
      1012, 1013, 1014, -1,
      1014, 1013, 1015, -1,
      1014, 1015, 1016, -1,
      1016, 1015, 1017, -1,
      1016, 1017, 1018, -1,
      1018, 1017, 1019, -1,
      1018, 1019, 1020, -1,
      1021, 1022, 1023, -1,
      1023, 1022, 1024, -1,
      1023, 1024, 1025, -1,
      1025, 1024, 1026, -1,
      1025, 1026, 1027, -1,
      1027, 1026, 1028, -1,
      1027, 1028, 1029, -1,
      1019, 1030, 1020, -1,
      1020, 1030, 1031, -1,
      1020, 1031, 1032, -1,
      1032, 1031, 1033, -1,
      1032, 1033, 1034, -1,
      1034, 1033, 1035, -1,
      1034, 1035, 1036, -1,
      1036, 1035, 1037, -1,
      1036, 1037, 1038, -1,
      1038, 1037, 1039, -1,
      1038, 1039, 1040, -1,
      1040, 1039, 1041, -1,
      1040, 1041, 1021, -1,
      1021, 1041, 1042, -1,
      1021, 1042, 1022, -1,
      1028, 1043, 1029, -1,
      1029, 1043, 1044, -1,
      1029, 1044, 1045, -1,
      1045, 1044, 1046, -1,
      1045, 1046, 1047, -1,
      1047, 1046, 1048, -1,
      1047, 1048, 1049, -1,
      1049, 1048, 1050, -1,
      1049, 1050, 1051, -1,
      1051, 1050, 1052, -1,
      1051, 1052, 1053, -1,
      1053, 1052, 1054, -1,
      1053, 1054, 1055, -1,
      1055, 1054, 1056, -1,
      1055, 1056, 1057, -1,
      1057, 1056, 1058, -1,
      1057, 1058, 1059, -1,
      1059, 1058, 1060, -1,
      1059, 1060, 1061, -1,
      1061, 1060, 1062, -1,
      1061, 1062, 1063, -1,
      1063, 1062, 1064, -1,
      1063, 1064, 1065, -1,
      1065, 1064, 1066, -1,
      1065, 1066, 1067, -1,
      1067, 1066, 1068, -1,
      1067, 1068, 1069, -1,
      1069, 1068, 1070, -1,
      1069, 1070, 1071, -1,
      1071, 1070, 1072, -1,
      1071, 1072, 1073, -1,
      1073, 1072, 1074, -1,
      1073, 1074, 1075, -1,
      1075, 1074, 1076, -1,
      1075, 1076, 1004, -1,
      1004, 1076, 1077, -1,
      1004, 1077, 1005, -1,
      1078, 1079, 1080, -1,
      1080, 1079, 1081, -1,
      1080, 1081, 1082, -1,
      1082, 1081, 1083, -1,
      1082, 1083, 1084, -1,
      1084, 1083, 1085, -1,
      1084, 1085, 1086, -1,
      1086, 1085, 1087, -1,
      1086, 1087, 1088, -1,
      1088, 1087, 1089, -1,
      1088, 1089, 1090, -1,
      1091, 1092, 1093, -1,
      1093, 1092, 1094, -1,
      1093, 1094, 1095, -1,
      1095, 1094, 1096, -1,
      1095, 1096, 1097, -1,
      1097, 1096, 1098, -1,
      1097, 1098, 1099, -1,
      1099, 1098, 1100, -1,
      1099, 1100, 1101, -1,
      1101, 1100, 1102, -1,
      1101, 1102, 1103, -1,
      1103, 1102, 1104, -1,
      1103, 1104, 1105, -1,
      1105, 1104, 1106, -1,
      1105, 1106, 1107, -1,
      1107, 1106, 1108, -1,
      1107, 1108, 1109, -1,
      1109, 1108, 1110, -1,
      1109, 1110, 1111, -1,
      1111, 1110, 1112, -1,
      1111, 1112, 1113, -1,
      1113, 1112, 1114, -1,
      1113, 1114, 1115, -1,
      1115, 1114, 1116, -1,
      1115, 1116, 1117, -1,
      1117, 1116, 1118, -1,
      1117, 1118, 1119, -1,
      1119, 1118, 1120, -1,
      1119, 1120, 1078, -1,
      1078, 1120, 1121, -1,
      1078, 1121, 1079, -1,
      1122, 1123, 1124, -1,
      1124, 1123, 1125, -1,
      1124, 1125, 1126, -1,
      1126, 1125, 1127, -1,
      1126, 1127, 1128, -1,
      1128, 1127, 1129, -1,
      1128, 1129, 1130, -1,
      1130, 1129, 1131, -1,
      1130, 1131, 1132, -1,
      1132, 1131, 1133, -1,
      1132, 1133, 1134, -1,
      1134, 1133, 1135, -1,
      1134, 1135, 1136, -1,
      1136, 1135, 1137, -1,
      1136, 1137, 1091, -1,
      1091, 1137, 1138, -1,
      1091, 1138, 1092, -1,
      1089, 1139, 1090, -1,
      1090, 1139, 1140, -1,
      1090, 1140, 1141, -1,
      1141, 1140, 1142, -1,
      1141, 1142, 1143, -1,
      1143, 1142, 1144, -1,
      1143, 1144, 1145, -1,
      1145, 1144, 1146, -1,
      1145, 1146, 1147, -1,
      1147, 1146, 1148, -1,
      1147, 1148, 1149, -1,
      1149, 1148, 1150, -1,
      1149, 1150, 1122, -1,
      1122, 1150, 1151, -1,
      1122, 1151, 1123, -1,
      1070, 1068, 1102, -1,
      1102, 1068, 1104, -1,
      1070, 1102, 1100, -1,
      1070, 1100, 1072, -1,
      1072, 1100, 1098, -1,
      1072, 1098, 1074, -1,
      1074, 1098, 1096, -1,
      1074, 1096, 1076, -1,
      1076, 1096, 1094, -1,
      1076, 1094, 1077, -1,
      1077, 1094, 1092, -1,
      1077, 1092, 1005, -1,
      1005, 1092, 1138, -1,
      1005, 1138, 1007, -1,
      1007, 1138, 1137, -1,
      1007, 1137, 1009, -1,
      1009, 1137, 1135, -1,
      1009, 1135, 1011, -1,
      1011, 1135, 1133, -1,
      1011, 1133, 1013, -1,
      1013, 1133, 1131, -1,
      1013, 1131, 1015, -1,
      1015, 1131, 1129, -1,
      1015, 1129, 1017, -1,
      1017, 1129, 1127, -1,
      1017, 1127, 1019, -1,
      1019, 1127, 1125, -1,
      1019, 1125, 1030, -1,
      1030, 1125, 1123, -1,
      1030, 1123, 1031, -1,
      1031, 1123, 1151, -1,
      1031, 1151, 1033, -1,
      1033, 1151, 1150, -1,
      1033, 1150, 1035, -1,
      1035, 1150, 1148, -1,
      1035, 1148, 1037, -1,
      1037, 1148, 1146, -1,
      1037, 1146, 1039, -1,
      1039, 1146, 1144, -1,
      1039, 1144, 1041, -1,
      1041, 1144, 1142, -1,
      1041, 1142, 1042, -1,
      1042, 1142, 1140, -1,
      1042, 1140, 1022, -1,
      1022, 1140, 1139, -1,
      1022, 1139, 1024, -1,
      1024, 1139, 1089, -1,
      1024, 1089, 1026, -1,
      1026, 1089, 1087, -1,
      1026, 1087, 1028, -1,
      1028, 1087, 1085, -1,
      1028, 1085, 1043, -1,
      1043, 1085, 1083, -1,
      1043, 1083, 1044, -1,
      1044, 1083, 1081, -1,
      1044, 1081, 1046, -1,
      1046, 1081, 1079, -1,
      1046, 1079, 1048, -1,
      1048, 1079, 1121, -1,
      1048, 1121, 1050, -1,
      1050, 1121, 1120, -1,
      1050, 1120, 1052, -1,
      1052, 1120, 1118, -1,
      1052, 1118, 1054, -1,
      1054, 1118, 1116, -1,
      1054, 1116, 1056, -1,
      1056, 1116, 1114, -1,
      1056, 1114, 1058, -1,
      1058, 1114, 1112, -1,
      1058, 1112, 1060, -1,
      1060, 1112, 1110, -1,
      1060, 1110, 1062, -1,
      1062, 1110, 1108, -1,
      1062, 1108, 1064, -1,
      1066, 1064, 1106, -1,
      1106, 1064, 1108, -1,
      1068, 1066, 1104, -1,
      1104, 1066, 1106, -1,
      1063, 1065, 1107, -1,
      1107, 1065, 1105, -1,
      1065, 1067, 1105, -1,
      1105, 1067, 1103, -1,
      1067, 1069, 1103, -1,
      1103, 1069, 1101, -1,
      1012, 1132, 1134, -1,
      1012, 1134, 1010, -1,
      1010, 1134, 1136, -1,
      1010, 1136, 1008, -1,
      1008, 1136, 1091, -1,
      1008, 1091, 1006, -1,
      1006, 1091, 1093, -1,
      1006, 1093, 1004, -1,
      1004, 1093, 1095, -1,
      1004, 1095, 1075, -1,
      1075, 1095, 1097, -1,
      1075, 1097, 1073, -1,
      1073, 1097, 1099, -1,
      1073, 1099, 1071, -1,
      1071, 1099, 1101, -1,
      1071, 1101, 1069, -1,
      1038, 1145, 1147, -1,
      1038, 1147, 1036, -1,
      1036, 1147, 1149, -1,
      1036, 1149, 1034, -1,
      1034, 1149, 1122, -1,
      1034, 1122, 1032, -1,
      1032, 1122, 1124, -1,
      1032, 1124, 1020, -1,
      1020, 1124, 1126, -1,
      1020, 1126, 1018, -1,
      1018, 1126, 1128, -1,
      1018, 1128, 1016, -1,
      1016, 1128, 1130, -1,
      1016, 1130, 1014, -1,
      1014, 1130, 1132, -1,
      1014, 1132, 1012, -1,
      1047, 1080, 1082, -1,
      1047, 1082, 1045, -1,
      1045, 1082, 1084, -1,
      1045, 1084, 1029, -1,
      1029, 1084, 1086, -1,
      1029, 1086, 1027, -1,
      1027, 1086, 1088, -1,
      1027, 1088, 1025, -1,
      1025, 1088, 1090, -1,
      1025, 1090, 1023, -1,
      1023, 1090, 1141, -1,
      1023, 1141, 1021, -1,
      1021, 1141, 1143, -1,
      1021, 1143, 1040, -1,
      1040, 1143, 1145, -1,
      1040, 1145, 1038, -1,
      1063, 1107, 1109, -1,
      1063, 1109, 1061, -1,
      1061, 1109, 1111, -1,
      1061, 1111, 1059, -1,
      1059, 1111, 1113, -1,
      1059, 1113, 1057, -1,
      1057, 1113, 1115, -1,
      1057, 1115, 1055, -1,
      1055, 1115, 1117, -1,
      1055, 1117, 1053, -1,
      1053, 1117, 1119, -1,
      1053, 1119, 1051, -1,
      1051, 1119, 1078, -1,
      1051, 1078, 1049, -1,
      1049, 1078, 1080, -1,
      1049, 1080, 1047, -1,
      1152, 1153, 1154, -1,
      1154, 1153, 1155, -1,
      1156, 1157, 1152, -1,
      1152, 1157, 1158, -1,
      1152, 1158, 1153, -1,
      1153, 1158, 1159, -1,
      1156, 1160, 1157, -1,
      1157, 1160, 1161, -1,
      1157, 1161, 1162, -1,
      1162, 1161, 1163, -1,
      1162, 1163, 1164, -1,
      1164, 1165, 1162, -1,
      1162, 1165, 1154, -1,
      1162, 1154, 1166, -1,
      1166, 1154, 1155, -1,
      1166, 1155, 1167, -1,
      1168, 1169, 1170, -1,
      1170, 1169, 1171, -1,
      1172, 1173, 1171, -1,
      1171, 1173, 1174, -1,
      1171, 1174, 1170, -1,
      1170, 1174, 1175, -1,
      1172, 1176, 1173, -1,
      1173, 1176, 1177, -1,
      1173, 1177, 1178, -1,
      1178, 1177, 1179, -1,
      1178, 1179, 1180, -1,
      1180, 1181, 1178, -1,
      1178, 1181, 1169, -1,
      1178, 1169, 1182, -1,
      1182, 1169, 1168, -1,
      1182, 1168, 1183, -1,
      1162, 1166, 1173, -1,
      1173, 1166, 1174, -1,
      1157, 1162, 1178, -1,
      1178, 1162, 1173, -1,
      1158, 1157, 1182, -1,
      1182, 1157, 1178, -1,
      1159, 1158, 1183, -1,
      1183, 1158, 1182, -1,
      1153, 1159, 1168, -1,
      1168, 1159, 1183, -1,
      1155, 1153, 1170, -1,
      1170, 1153, 1168, -1,
      1167, 1155, 1175, -1,
      1175, 1155, 1170, -1,
      1166, 1167, 1174, -1,
      1174, 1167, 1175, -1,
      1152, 1154, 1169, -1,
      1169, 1154, 1171, -1,
      1154, 1165, 1171, -1,
      1171, 1165, 1172, -1,
      1163, 1177, 1176, -1,
      1163, 1176, 1164, -1,
      1164, 1176, 1172, -1,
      1164, 1172, 1165, -1,
      1163, 1161, 1177, -1,
      1177, 1161, 1179, -1,
      1156, 1181, 1180, -1,
      1156, 1180, 1160, -1,
      1160, 1180, 1179, -1,
      1160, 1179, 1161, -1,
      1156, 1152, 1181, -1,
      1181, 1152, 1169, -1,
      1184, 1185, 1186, -1,
      1187, 1188, 1189, -1,
      1190, 1191, 1192, -1,
      1193, 1194, 1195, -1,
      1195, 1194, 1196, -1,
      1197, 1198, 1199, -1,
      1200, 1201, 1202, -1,
      1202, 1201, 1203, -1,
      1202, 1203, 1204, -1,
      1205, 1206, 1207, -1,
      1207, 1206, 1186, -1,
      1207, 1186, 1208, -1,
      1209, 1210, 1211, -1,
      1212, 1213, 1186, -1,
      1186, 1213, 1214, -1,
      1186, 1214, 1184, -1,
      1215, 1216, 1193, -1,
      1193, 1216, 1217, -1,
      1193, 1217, 1194, -1,
      1218, 1219, 1220, -1,
      1220, 1219, 1190, -1,
      1221, 1222, 1223, -1,
      1224, 1225, 1226, -1,
      1190, 1192, 1220, -1,
      1220, 1192, 1227, -1,
      1220, 1227, 1193, -1,
      1193, 1227, 1228, -1,
      1193, 1228, 1215, -1,
      1229, 1230, 1196, -1,
      1196, 1230, 1231, -1,
      1196, 1231, 1195, -1,
      1232, 1185, 1233, -1,
      1233, 1185, 1234, -1,
      1233, 1234, 1235, -1,
      1236, 1237, 1238, -1,
      1238, 1237, 1239, -1,
      1238, 1239, 1205, -1,
      1205, 1239, 1240, -1,
      1205, 1240, 1206, -1,
      1223, 1241, 1221, -1,
      1221, 1241, 1242, -1,
      1221, 1242, 1236, -1,
      1236, 1242, 1243, -1,
      1236, 1243, 1237, -1,
      1211, 1210, 1244, -1,
      1244, 1210, 1245, -1,
      1244, 1245, 1246, -1,
      1246, 1245, 1247, -1,
      1246, 1247, 1248, -1,
      1199, 1198, 1249, -1,
      1249, 1198, 1250, -1,
      1249, 1250, 1251, -1,
      1252, 1253, 1186, -1,
      1186, 1253, 1254, -1,
      1186, 1254, 1212, -1,
      1224, 1226, 1255, -1,
      1255, 1226, 1256, -1,
      1255, 1256, 1257, -1,
      1257, 1256, 1258, -1,
      1257, 1258, 1259, -1,
      1191, 1190, 1221, -1,
      1221, 1190, 1260, -1,
      1221, 1260, 1261, -1,
      1261, 1262, 1221, -1,
      1221, 1262, 1263, -1,
      1221, 1263, 1222, -1,
      1264, 1265, 1266, -1,
      1266, 1265, 1267, -1,
      1266, 1267, 1268, -1,
      1268, 1267, 1269, -1,
      1268, 1269, 1270, -1,
      1270, 1269, 1271, -1,
      1270, 1271, 1272, -1,
      1273, 1274, 1275, -1,
      1275, 1274, 1276, -1,
      1275, 1276, 1252, -1,
      1252, 1276, 1277, -1,
      1252, 1277, 1253, -1,
      1225, 1224, 1278, -1,
      1278, 1224, 1279, -1,
      1278, 1279, 1280, -1,
      1280, 1279, 1281, -1,
      1280, 1281, 1282, -1,
      1282, 1281, 1283, -1,
      1282, 1283, 1189, -1,
      1189, 1283, 1284, -1,
      1189, 1284, 1187, -1,
      1232, 1285, 1185, -1,
      1185, 1285, 1286, -1,
      1185, 1286, 1186, -1,
      1186, 1286, 1287, -1,
      1186, 1287, 1208, -1,
      1211, 1288, 1209, -1,
      1209, 1288, 1289, -1,
      1209, 1289, 1290, -1,
      1290, 1289, 1291, -1,
      1290, 1291, 1292, -1,
      1292, 1291, 1293, -1,
      1292, 1293, 1294, -1,
      1294, 1293, 1295, -1,
      1294, 1295, 1296, -1,
      1199, 1297, 1197, -1,
      1197, 1297, 1298, -1,
      1197, 1298, 1299, -1,
      1299, 1298, 1300, -1,
      1299, 1300, 1301, -1,
      1301, 1300, 1302, -1,
      1301, 1302, 1303, -1,
      1303, 1302, 1189, -1,
      1303, 1189, 1304, -1,
      1304, 1189, 1188, -1,
      1202, 1305, 1200, -1,
      1200, 1305, 1306, -1,
      1200, 1306, 1307, -1,
      1307, 1306, 1308, -1,
      1307, 1308, 1309, -1,
      1310, 1311, 1312, -1,
      1312, 1311, 1313, -1,
      1312, 1313, 1314, -1,
      1314, 1313, 1315, -1,
      1314, 1315, 1273, -1,
      1273, 1315, 1316, -1,
      1273, 1316, 1274, -1,
      1317, 1318, 1319, -1,
      1319, 1318, 1320, -1,
      1319, 1320, 1229, -1,
      1229, 1320, 1321, -1,
      1229, 1321, 1230, -1,
      1234, 1322, 1235, -1,
      1235, 1322, 1323, -1,
      1235, 1323, 1324, -1,
      1324, 1323, 1325, -1,
      1324, 1325, 1326, -1,
      1327, 1328, 1329, -1,
      1329, 1328, 1330, -1,
      1329, 1330, 1331, -1,
      1331, 1330, 1332, -1,
      1331, 1332, 1264, -1,
      1264, 1332, 1333, -1,
      1264, 1333, 1265, -1,
      1295, 1334, 1296, -1,
      1296, 1334, 1335, -1,
      1296, 1335, 1336, -1,
      1336, 1335, 1337, -1,
      1336, 1337, 1327, -1,
      1327, 1337, 1338, -1,
      1327, 1338, 1328, -1,
      1325, 1339, 1326, -1,
      1326, 1339, 1340, -1,
      1326, 1340, 1317, -1,
      1317, 1340, 1341, -1,
      1317, 1341, 1318, -1,
      1342, 1343, 1344, -1,
      1345, 1346, 1347, -1,
      1347, 1346, 1348, -1,
      1349, 1350, 1351, -1,
      1351, 1350, 1352, -1,
      1351, 1352, 1353, -1,
      1353, 1352, 1354, -1,
      1353, 1354, 1355, -1,
      1355, 1354, 1356, -1,
      1355, 1356, 1357, -1,
      1357, 1356, 1358, -1,
      1357, 1358, 1310, -1,
      1310, 1358, 1359, -1,
      1310, 1359, 1311, -1,
      1204, 1360, 1202, -1,
      1202, 1360, 1361, -1,
      1202, 1361, 1362, -1,
      1362, 1361, 1363, -1,
      1362, 1363, 1364, -1,
      1364, 1363, 1272, -1,
      1364, 1272, 1365, -1,
      1365, 1272, 1271, -1,
      1366, 1367, 1342, -1,
      1342, 1367, 1368, -1,
      1342, 1368, 1343, -1,
      1247, 1369, 1248, -1,
      1248, 1369, 1342, -1,
      1248, 1342, 1370, -1,
      1370, 1342, 1344, -1,
      1251, 1250, 1371, -1,
      1371, 1250, 1372, -1,
      1371, 1372, 1345, -1,
      1345, 1372, 1373, -1,
      1345, 1373, 1346, -1,
      1374, 1375, 1376, -1,
      1375, 1377, 1376, -1,
      1376, 1377, 1378, -1,
      1376, 1378, 1379, -1,
      1258, 1380, 1259, -1,
      1259, 1380, 1381, -1,
      1259, 1381, 1382, -1,
      1382, 1381, 1383, -1,
      1382, 1383, 1349, -1,
      1349, 1383, 1384, -1,
      1349, 1384, 1350, -1,
      1366, 1342, 1376, -1,
      1376, 1342, 1385, -1,
      1376, 1385, 1374, -1,
      1308, 1386, 1309, -1,
      1309, 1386, 1387, -1,
      1309, 1387, 1388, -1,
      1388, 1387, 1389, -1,
      1388, 1389, 1390, -1,
      1390, 1389, 1391, -1,
      1390, 1391, 1392, -1,
      1392, 1391, 1393, -1,
      1392, 1393, 1394, -1,
      1394, 1393, 1395, -1,
      1394, 1395, 1348, -1,
      1348, 1395, 1396, -1,
      1348, 1396, 1347, -1,
      1397, 1398, 1399, -1,
      1399, 1398, 1400, -1,
      1399, 1400, 1401, -1,
      1402, 1403, 1404, -1,
      1405, 1406, 1407, -1,
      1407, 1406, 1408, -1,
      1407, 1408, 1409, -1,
      1400, 1410, 1401, -1,
      1401, 1410, 1411, -1,
      1401, 1411, 1412, -1,
      1412, 1411, 1413, -1,
      1414, 1415, 1407, -1,
      1407, 1415, 1402, -1,
      1407, 1402, 1405, -1,
      1416, 1417, 1418, -1,
      1419, 1420, 1421, -1,
      1421, 1420, 1422, -1,
      1421, 1422, 1423, -1,
      1424, 1425, 1426, -1,
      1427, 1428, 1401, -1,
      1401, 1428, 1429, -1,
      1401, 1429, 1399, -1,
      1399, 1429, 1430, -1,
      1431, 1432, 1433, -1,
      1433, 1432, 1434, -1,
      1435, 1436, 1437, -1,
      1437, 1436, 1438, -1,
      1437, 1438, 1439, -1,
      1439, 1438, 1440, -1,
      1439, 1440, 1441, -1,
      1407, 1442, 1414, -1,
      1414, 1442, 1443, -1,
      1414, 1443, 1444, -1,
      1444, 1443, 1445, -1,
      1444, 1445, 1446, -1,
      1446, 1445, 1447, -1,
      1446, 1447, 1448, -1,
      1404, 1449, 1402, -1,
      1402, 1449, 1450, -1,
      1402, 1450, 1405, -1,
      1451, 1452, 1453, -1,
      1453, 1452, 1454, -1,
      1453, 1454, 1455, -1,
      1455, 1454, 1456, -1,
      1455, 1456, 1457, -1,
      1418, 1417, 1458, -1,
      1458, 1417, 1459, -1,
      1458, 1459, 1460, -1,
      1461, 1462, 1456, -1,
      1463, 1464, 1411, -1,
      1411, 1464, 1465, -1,
      1411, 1465, 1413, -1,
      1434, 1466, 1433, -1,
      1433, 1466, 1467, -1,
      1433, 1467, 1468, -1,
      1468, 1467, 1441, -1,
      1468, 1441, 1469, -1,
      1469, 1441, 1440, -1,
      1460, 1459, 1470, -1,
      1470, 1459, 1471, -1,
      1470, 1471, 1433, -1,
      1433, 1471, 1472, -1,
      1433, 1472, 1431, -1,
      1473, 1474, 1475, -1,
      1475, 1474, 1476, -1,
      1475, 1476, 1477, -1,
      1477, 1476, 1478, -1,
      1477, 1478, 1479, -1,
      1479, 1478, 1480, -1,
      1479, 1480, 1481, -1,
      1482, 1483, 1484, -1,
      1484, 1483, 1485, -1,
      1484, 1485, 1486, -1,
      1486, 1485, 1487, -1,
      1486, 1487, 1488, -1,
      1462, 1489, 1456, -1,
      1456, 1489, 1490, -1,
      1456, 1490, 1457, -1,
      1422, 1491, 1423, -1,
      1423, 1491, 1492, -1,
      1423, 1492, 1493, -1,
      1493, 1492, 1494, -1,
      1493, 1494, 1408, -1,
      1408, 1494, 1495, -1,
      1408, 1495, 1409, -1,
      1426, 1425, 1496, -1,
      1496, 1425, 1497, -1,
      1496, 1497, 1401, -1,
      1401, 1497, 1498, -1,
      1401, 1498, 1427, -1,
      1499, 1500, 1501, -1,
      1501, 1500, 1502, -1,
      1501, 1502, 1503, -1,
      1426, 1504, 1424, -1,
      1424, 1504, 1505, -1,
      1424, 1505, 1506, -1,
      1506, 1505, 1507, -1,
      1506, 1507, 1419, -1,
      1419, 1507, 1508, -1,
      1419, 1508, 1420, -1,
      1502, 1509, 1503, -1,
      1503, 1509, 1510, -1,
      1503, 1510, 1511, -1,
      1511, 1510, 1512, -1,
      1511, 1512, 1513, -1,
      1513, 1512, 1399, -1,
      1513, 1399, 1514, -1,
      1514, 1399, 1430, -1,
      1499, 1515, 1516, -1,
      1517, 1518, 1519, -1,
      1519, 1518, 1520, -1,
      1519, 1520, 1521, -1,
      1447, 1522, 1448, -1,
      1448, 1522, 1523, -1,
      1448, 1523, 1524, -1,
      1524, 1523, 1525, -1,
      1524, 1525, 1526, -1,
      1526, 1525, 1527, -1,
      1526, 1527, 1528, -1,
      1528, 1527, 1529, -1,
      1528, 1529, 1530, -1,
      1530, 1529, 1531, -1,
      1530, 1531, 1517, -1,
      1517, 1531, 1532, -1,
      1517, 1532, 1518, -1,
      1533, 1534, 1535, -1,
      1535, 1534, 1536, -1,
      1487, 1537, 1488, -1,
      1488, 1537, 1538, -1,
      1488, 1538, 1539, -1,
      1539, 1538, 1540, -1,
      1539, 1540, 1473, -1,
      1473, 1540, 1541, -1,
      1473, 1541, 1474, -1,
      1456, 1542, 1461, -1,
      1461, 1542, 1543, -1,
      1461, 1543, 1544, -1,
      1544, 1543, 1545, -1,
      1544, 1545, 1546, -1,
      1546, 1545, 1547, -1,
      1546, 1547, 1548, -1,
      1548, 1547, 1549, -1,
      1548, 1549, 1482, -1,
      1482, 1549, 1550, -1,
      1482, 1550, 1483, -1,
      1551, 1552, 1499, -1,
      1499, 1552, 1553, -1,
      1499, 1553, 1515, -1,
      1516, 1554, 1499, -1,
      1499, 1554, 1555, -1,
      1499, 1555, 1500, -1,
      1520, 1556, 1521, -1,
      1521, 1556, 1557, -1,
      1521, 1557, 1558, -1,
      1558, 1557, 1559, -1,
      1558, 1559, 1560, -1,
      1560, 1559, 1561, -1,
      1560, 1561, 1435, -1,
      1435, 1561, 1562, -1,
      1435, 1562, 1436, -1,
      1480, 1563, 1481, -1,
      1481, 1563, 1564, -1,
      1481, 1564, 1565, -1,
      1565, 1564, 1566, -1,
      1565, 1566, 1567, -1,
      1567, 1566, 1568, -1,
      1567, 1568, 1569, -1,
      1569, 1568, 1570, -1,
      1569, 1570, 1571, -1,
      1571, 1570, 1572, -1,
      1571, 1572, 1573, -1,
      1573, 1572, 1574, -1,
      1573, 1574, 1535, -1,
      1535, 1574, 1575, -1,
      1535, 1575, 1533, -1,
      1536, 1576, 1535, -1,
      1535, 1576, 1577, -1,
      1535, 1577, 1578, -1,
      1403, 1402, 1499, -1,
      1499, 1402, 1579, -1,
      1499, 1579, 1551, -1,
      1580, 1581, 1578, -1,
      1578, 1581, 1582, -1,
      1578, 1582, 1583, -1,
      1584, 1585, 1586, -1,
      1586, 1585, 1587, -1,
      1586, 1587, 1451, -1,
      1451, 1587, 1588, -1,
      1451, 1588, 1452, -1,
      1418, 1589, 1416, -1,
      1416, 1589, 1590, -1,
      1416, 1590, 1591, -1,
      1591, 1590, 1592, -1,
      1591, 1592, 1593, -1,
      1593, 1592, 1594, -1,
      1593, 1594, 1595, -1,
      1595, 1594, 1596, -1,
      1595, 1596, 1597, -1,
      1597, 1596, 1598, -1,
      1597, 1598, 1599, -1,
      1599, 1598, 1600, -1,
      1599, 1600, 1601, -1,
      1601, 1600, 1602, -1,
      1601, 1602, 1603, -1,
      1603, 1602, 1604, -1,
      1603, 1604, 1605, -1,
      1605, 1604, 1606, -1,
      1605, 1606, 1584, -1,
      1584, 1606, 1607, -1,
      1584, 1607, 1585, -1,
      1583, 1608, 1578, -1,
      1578, 1608, 1609, -1,
      1578, 1609, 1535, -1,
      1330, 1537, 1487, -1,
      1330, 1487, 1332, -1,
      1332, 1487, 1485, -1,
      1332, 1485, 1333, -1,
      1333, 1485, 1483, -1,
      1333, 1483, 1265, -1,
      1265, 1483, 1550, -1,
      1265, 1550, 1267, -1,
      1267, 1550, 1549, -1,
      1267, 1549, 1269, -1,
      1269, 1549, 1547, -1,
      1269, 1547, 1271, -1,
      1271, 1547, 1545, -1,
      1271, 1545, 1365, -1,
      1365, 1545, 1543, -1,
      1365, 1543, 1364, -1,
      1364, 1543, 1542, -1,
      1364, 1542, 1362, -1,
      1362, 1542, 1456, -1,
      1362, 1456, 1202, -1,
      1202, 1456, 1454, -1,
      1202, 1454, 1305, -1,
      1305, 1454, 1452, -1,
      1305, 1452, 1306, -1,
      1306, 1452, 1588, -1,
      1306, 1588, 1308, -1,
      1308, 1588, 1587, -1,
      1308, 1587, 1386, -1,
      1386, 1587, 1585, -1,
      1386, 1585, 1387, -1,
      1387, 1585, 1607, -1,
      1387, 1607, 1389, -1,
      1389, 1607, 1606, -1,
      1389, 1606, 1391, -1,
      1391, 1606, 1604, -1,
      1391, 1604, 1393, -1,
      1393, 1604, 1602, -1,
      1393, 1602, 1395, -1,
      1395, 1602, 1600, -1,
      1395, 1600, 1396, -1,
      1396, 1600, 1598, -1,
      1396, 1598, 1347, -1,
      1347, 1598, 1596, -1,
      1347, 1596, 1345, -1,
      1345, 1596, 1594, -1,
      1345, 1594, 1371, -1,
      1371, 1594, 1592, -1,
      1371, 1592, 1251, -1,
      1251, 1592, 1590, -1,
      1251, 1590, 1249, -1,
      1249, 1590, 1589, -1,
      1249, 1589, 1199, -1,
      1199, 1589, 1418, -1,
      1199, 1418, 1297, -1,
      1297, 1418, 1458, -1,
      1297, 1458, 1298, -1,
      1298, 1458, 1460, -1,
      1298, 1460, 1300, -1,
      1300, 1460, 1470, -1,
      1300, 1470, 1302, -1,
      1302, 1470, 1433, -1,
      1302, 1433, 1189, -1,
      1189, 1433, 1468, -1,
      1189, 1468, 1282, -1,
      1282, 1468, 1469, -1,
      1282, 1469, 1280, -1,
      1280, 1469, 1440, -1,
      1280, 1440, 1278, -1,
      1278, 1440, 1438, -1,
      1278, 1438, 1225, -1,
      1225, 1438, 1436, -1,
      1225, 1436, 1226, -1,
      1226, 1436, 1562, -1,
      1226, 1562, 1256, -1,
      1256, 1562, 1561, -1,
      1256, 1561, 1258, -1,
      1258, 1561, 1559, -1,
      1258, 1559, 1380, -1,
      1380, 1559, 1557, -1,
      1380, 1557, 1381, -1,
      1381, 1557, 1556, -1,
      1381, 1556, 1383, -1,
      1383, 1556, 1520, -1,
      1383, 1520, 1384, -1,
      1384, 1520, 1518, -1,
      1384, 1518, 1350, -1,
      1350, 1518, 1532, -1,
      1350, 1532, 1352, -1,
      1352, 1532, 1531, -1,
      1352, 1531, 1354, -1,
      1354, 1531, 1529, -1,
      1354, 1529, 1356, -1,
      1356, 1529, 1527, -1,
      1356, 1527, 1358, -1,
      1358, 1527, 1525, -1,
      1358, 1525, 1359, -1,
      1359, 1525, 1523, -1,
      1359, 1523, 1311, -1,
      1311, 1523, 1522, -1,
      1311, 1522, 1313, -1,
      1313, 1522, 1447, -1,
      1313, 1447, 1315, -1,
      1315, 1447, 1445, -1,
      1315, 1445, 1316, -1,
      1316, 1445, 1443, -1,
      1316, 1443, 1274, -1,
      1274, 1443, 1442, -1,
      1274, 1442, 1276, -1,
      1276, 1442, 1407, -1,
      1276, 1407, 1277, -1,
      1277, 1407, 1409, -1,
      1277, 1409, 1253, -1,
      1253, 1409, 1495, -1,
      1253, 1495, 1254, -1,
      1254, 1495, 1494, -1,
      1254, 1494, 1212, -1,
      1212, 1494, 1492, -1,
      1212, 1492, 1213, -1,
      1213, 1492, 1491, -1,
      1213, 1491, 1214, -1,
      1214, 1491, 1422, -1,
      1214, 1422, 1184, -1,
      1184, 1422, 1420, -1,
      1184, 1420, 1185, -1,
      1185, 1420, 1508, -1,
      1185, 1508, 1234, -1,
      1234, 1508, 1507, -1,
      1234, 1507, 1322, -1,
      1322, 1507, 1505, -1,
      1322, 1505, 1323, -1,
      1323, 1505, 1504, -1,
      1323, 1504, 1325, -1,
      1325, 1504, 1426, -1,
      1325, 1426, 1339, -1,
      1339, 1426, 1496, -1,
      1339, 1496, 1340, -1,
      1340, 1496, 1401, -1,
      1340, 1401, 1341, -1,
      1341, 1401, 1412, -1,
      1341, 1412, 1318, -1,
      1318, 1412, 1413, -1,
      1318, 1413, 1320, -1,
      1320, 1413, 1465, -1,
      1320, 1465, 1321, -1,
      1321, 1465, 1464, -1,
      1321, 1464, 1230, -1,
      1230, 1464, 1463, -1,
      1230, 1463, 1231, -1,
      1231, 1463, 1411, -1,
      1231, 1411, 1195, -1,
      1195, 1411, 1410, -1,
      1195, 1410, 1193, -1,
      1220, 1193, 1400, -1,
      1400, 1193, 1410, -1,
      1218, 1220, 1398, -1,
      1398, 1220, 1400, -1,
      1219, 1218, 1397, -1,
      1397, 1218, 1398, -1,
      1190, 1219, 1399, -1,
      1399, 1219, 1397, -1,
      1190, 1399, 1512, -1,
      1190, 1512, 1260, -1,
      1260, 1512, 1510, -1,
      1260, 1510, 1261, -1,
      1261, 1510, 1509, -1,
      1261, 1509, 1262, -1,
      1262, 1509, 1502, -1,
      1262, 1502, 1263, -1,
      1263, 1502, 1500, -1,
      1263, 1500, 1222, -1,
      1222, 1500, 1555, -1,
      1222, 1555, 1223, -1,
      1223, 1555, 1554, -1,
      1223, 1554, 1241, -1,
      1241, 1554, 1516, -1,
      1241, 1516, 1242, -1,
      1242, 1516, 1515, -1,
      1242, 1515, 1243, -1,
      1243, 1515, 1553, -1,
      1243, 1553, 1237, -1,
      1237, 1553, 1552, -1,
      1237, 1552, 1239, -1,
      1239, 1552, 1551, -1,
      1239, 1551, 1240, -1,
      1240, 1551, 1579, -1,
      1240, 1579, 1206, -1,
      1206, 1579, 1402, -1,
      1206, 1402, 1186, -1,
      1186, 1402, 1415, -1,
      1186, 1415, 1252, -1,
      1252, 1415, 1414, -1,
      1252, 1414, 1275, -1,
      1275, 1414, 1444, -1,
      1275, 1444, 1273, -1,
      1273, 1444, 1446, -1,
      1273, 1446, 1314, -1,
      1314, 1446, 1448, -1,
      1314, 1448, 1312, -1,
      1312, 1448, 1524, -1,
      1312, 1524, 1310, -1,
      1310, 1524, 1526, -1,
      1310, 1526, 1357, -1,
      1357, 1526, 1528, -1,
      1357, 1528, 1355, -1,
      1355, 1528, 1530, -1,
      1355, 1530, 1353, -1,
      1353, 1530, 1517, -1,
      1353, 1517, 1351, -1,
      1351, 1517, 1519, -1,
      1351, 1519, 1349, -1,
      1349, 1519, 1521, -1,
      1349, 1521, 1382, -1,
      1382, 1521, 1558, -1,
      1382, 1558, 1259, -1,
      1259, 1558, 1560, -1,
      1259, 1560, 1257, -1,
      1257, 1560, 1435, -1,
      1257, 1435, 1255, -1,
      1255, 1435, 1437, -1,
      1255, 1437, 1224, -1,
      1224, 1437, 1439, -1,
      1224, 1439, 1279, -1,
      1279, 1439, 1441, -1,
      1279, 1441, 1281, -1,
      1281, 1441, 1467, -1,
      1281, 1467, 1283, -1,
      1283, 1467, 1466, -1,
      1283, 1466, 1284, -1,
      1284, 1466, 1434, -1,
      1284, 1434, 1187, -1,
      1187, 1434, 1432, -1,
      1187, 1432, 1188, -1,
      1188, 1432, 1431, -1,
      1188, 1431, 1304, -1,
      1304, 1431, 1472, -1,
      1304, 1472, 1303, -1,
      1303, 1472, 1471, -1,
      1303, 1471, 1301, -1,
      1301, 1471, 1459, -1,
      1301, 1459, 1299, -1,
      1299, 1459, 1417, -1,
      1299, 1417, 1197, -1,
      1197, 1417, 1416, -1,
      1197, 1416, 1198, -1,
      1198, 1416, 1591, -1,
      1198, 1591, 1250, -1,
      1250, 1591, 1593, -1,
      1250, 1593, 1372, -1,
      1372, 1593, 1595, -1,
      1372, 1595, 1373, -1,
      1373, 1595, 1597, -1,
      1373, 1597, 1346, -1,
      1346, 1597, 1599, -1,
      1346, 1599, 1348, -1,
      1348, 1599, 1601, -1,
      1348, 1601, 1394, -1,
      1394, 1601, 1603, -1,
      1394, 1603, 1392, -1,
      1392, 1603, 1605, -1,
      1392, 1605, 1390, -1,
      1390, 1605, 1584, -1,
      1390, 1584, 1388, -1,
      1388, 1584, 1586, -1,
      1388, 1586, 1309, -1,
      1309, 1586, 1451, -1,
      1309, 1451, 1307, -1,
      1307, 1451, 1453, -1,
      1307, 1453, 1200, -1,
      1200, 1453, 1455, -1,
      1200, 1455, 1201, -1,
      1201, 1455, 1457, -1,
      1201, 1457, 1203, -1,
      1203, 1457, 1490, -1,
      1203, 1490, 1204, -1,
      1360, 1204, 1489, -1,
      1489, 1204, 1490, -1,
      1360, 1489, 1462, -1,
      1360, 1462, 1361, -1,
      1361, 1462, 1461, -1,
      1361, 1461, 1363, -1,
      1363, 1461, 1544, -1,
      1363, 1544, 1272, -1,
      1272, 1544, 1546, -1,
      1272, 1546, 1270, -1,
      1270, 1546, 1548, -1,
      1270, 1548, 1268, -1,
      1268, 1548, 1482, -1,
      1268, 1482, 1266, -1,
      1266, 1482, 1484, -1,
      1266, 1484, 1264, -1,
      1264, 1484, 1486, -1,
      1264, 1486, 1331, -1,
      1331, 1486, 1488, -1,
      1331, 1488, 1329, -1,
      1329, 1488, 1539, -1,
      1329, 1539, 1327, -1,
      1327, 1539, 1473, -1,
      1327, 1473, 1336, -1,
      1336, 1473, 1475, -1,
      1336, 1475, 1296, -1,
      1296, 1475, 1477, -1,
      1296, 1477, 1294, -1,
      1294, 1477, 1479, -1,
      1294, 1479, 1292, -1,
      1292, 1479, 1481, -1,
      1292, 1481, 1290, -1,
      1290, 1481, 1565, -1,
      1290, 1565, 1209, -1,
      1209, 1565, 1567, -1,
      1209, 1567, 1210, -1,
      1210, 1567, 1569, -1,
      1210, 1569, 1245, -1,
      1247, 1245, 1571, -1,
      1571, 1245, 1569, -1,
      1247, 1571, 1573, -1,
      1247, 1573, 1369, -1,
      1369, 1573, 1535, -1,
      1369, 1535, 1342, -1,
      1342, 1535, 1609, -1,
      1342, 1609, 1385, -1,
      1385, 1609, 1608, -1,
      1385, 1608, 1374, -1,
      1374, 1608, 1583, -1,
      1374, 1583, 1375, -1,
      1375, 1583, 1582, -1,
      1375, 1582, 1377, -1,
      1377, 1582, 1581, -1,
      1377, 1581, 1378, -1,
      1378, 1581, 1580, -1,
      1378, 1580, 1379, -1,
      1379, 1580, 1578, -1,
      1379, 1578, 1376, -1,
      1376, 1578, 1577, -1,
      1376, 1577, 1366, -1,
      1366, 1577, 1576, -1,
      1366, 1576, 1367, -1,
      1367, 1576, 1536, -1,
      1367, 1536, 1368, -1,
      1368, 1536, 1534, -1,
      1368, 1534, 1343, -1,
      1343, 1534, 1533, -1,
      1343, 1533, 1344, -1,
      1344, 1533, 1575, -1,
      1344, 1575, 1370, -1,
      1370, 1575, 1574, -1,
      1370, 1574, 1248, -1,
      1248, 1574, 1572, -1,
      1248, 1572, 1246, -1,
      1244, 1246, 1570, -1,
      1570, 1246, 1572, -1,
      1244, 1570, 1568, -1,
      1244, 1568, 1211, -1,
      1211, 1568, 1566, -1,
      1211, 1566, 1288, -1,
      1288, 1566, 1564, -1,
      1288, 1564, 1289, -1,
      1289, 1564, 1563, -1,
      1289, 1563, 1291, -1,
      1291, 1563, 1480, -1,
      1291, 1480, 1293, -1,
      1293, 1480, 1478, -1,
      1293, 1478, 1295, -1,
      1295, 1478, 1476, -1,
      1295, 1476, 1334, -1,
      1334, 1476, 1474, -1,
      1334, 1474, 1335, -1,
      1335, 1474, 1541, -1,
      1335, 1541, 1337, -1,
      1337, 1541, 1540, -1,
      1337, 1540, 1338, -1,
      1338, 1540, 1538, -1,
      1338, 1538, 1328, -1,
      1328, 1538, 1537, -1,
      1328, 1537, 1330, -1,
      1191, 1499, 1501, -1,
      1191, 1501, 1192, -1,
      1192, 1501, 1503, -1,
      1192, 1503, 1227, -1,
      1227, 1503, 1511, -1,
      1227, 1511, 1228, -1,
      1228, 1511, 1513, -1,
      1228, 1513, 1215, -1,
      1215, 1513, 1514, -1,
      1215, 1514, 1216, -1,
      1216, 1514, 1430, -1,
      1216, 1430, 1217, -1,
      1217, 1430, 1429, -1,
      1217, 1429, 1194, -1,
      1194, 1429, 1428, -1,
      1194, 1428, 1196, -1,
      1196, 1428, 1427, -1,
      1196, 1427, 1229, -1,
      1229, 1427, 1498, -1,
      1229, 1498, 1319, -1,
      1319, 1498, 1497, -1,
      1319, 1497, 1317, -1,
      1317, 1497, 1425, -1,
      1317, 1425, 1326, -1,
      1326, 1425, 1424, -1,
      1326, 1424, 1324, -1,
      1324, 1424, 1506, -1,
      1324, 1506, 1235, -1,
      1235, 1506, 1419, -1,
      1235, 1419, 1233, -1,
      1233, 1419, 1421, -1,
      1233, 1421, 1232, -1,
      1232, 1421, 1423, -1,
      1232, 1423, 1285, -1,
      1285, 1423, 1493, -1,
      1285, 1493, 1286, -1,
      1286, 1493, 1408, -1,
      1286, 1408, 1287, -1,
      1287, 1408, 1406, -1,
      1287, 1406, 1208, -1,
      1208, 1406, 1405, -1,
      1208, 1405, 1207, -1,
      1207, 1405, 1450, -1,
      1207, 1450, 1205, -1,
      1205, 1450, 1449, -1,
      1205, 1449, 1238, -1,
      1238, 1449, 1404, -1,
      1238, 1404, 1236, -1,
      1236, 1404, 1403, -1,
      1236, 1403, 1221, -1,
      1221, 1403, 1499, -1,
      1221, 1499, 1191, -1,
    ]
  }
}
