#VRML V2.0 utf8

Shape {
  appearance Appearance {
    material Material {
      diffuseColor 0.6667 0.6667 0.6667
      specularColor 0.4667 0.4667 0.4667
      ambientIntensity 0.2
      transparency 0.0000
      shininess 0.5
    }
  }
  geometry IndexedFaceSet {
    ccw TRUE
    solid FALSE
    coord DEF co Coordinate {
      point [
        0.157480 0.393701 -0.003937,
        0.157480 -0.393701 -0.003937,
        0.157480 0.393701 -0.000000,
        0.157480 -0.393701 -0.000000,
        0.472441 0.393701 -0.003937,
        0.472441 0.393701 -0.000000,
        0.477536 0.393030 -0.000000,
        0.477536 0.393030 -0.003937,
        0.482283 0.391063 -0.000000,
        0.482283 0.391063 -0.003937,
        0.486360 0.387935 -0.000000,
        0.486360 0.387935 -0.003937,
        0.489489 0.383858 -0.000000,
        0.489489 0.383858 -0.003937,
        0.491455 0.379111 -0.000000,
        0.491455 0.379111 -0.003937,
        0.492126 0.374016 -0.000000,
        0.492126 0.374016 -0.003937,
        0.492126 -0.374016 -0.003937,
        0.492126 -0.374016 -0.000000,
        0.491632 -0.378396 -0.000000,
        0.491632 -0.378396 -0.003937,
        0.490177 -0.382557 -0.000000,
        0.490177 -0.382557 -0.003937,
        0.487831 -0.386289 -0.000000,
        0.487831 -0.386289 -0.003937,
        0.484714 -0.389406 -0.000000,
        0.484714 -0.389406 -0.003937,
        0.480982 -0.391751 -0.000000,
        0.480982 -0.391751 -0.003937,
        0.476821 -0.393207 -0.000000,
        0.476821 -0.393207 -0.003937,
        0.472441 -0.393701 -0.000000,
        0.472441 -0.393701 -0.003937,
        -0.157480 -0.393701 -0.003937,
        -0.157480 0.393701 -0.003937,
        -0.157480 -0.393701 -0.000000,
        -0.157480 0.393701 -0.000000,
        -0.472441 0.393701 -0.003937,
        -0.472441 0.393701 -0.000000,
        -0.492126 0.374016 -0.003937,
        -0.492126 0.374016 -0.000000,
        -0.491455 0.379111 -0.000000,
        -0.491455 0.379111 -0.003937,
        -0.489489 0.383858 -0.000000,
        -0.489489 0.383858 -0.003937,
        -0.486360 0.387935 -0.000000,
        -0.486360 0.387935 -0.003937,
        -0.482283 0.391063 -0.000000,
        -0.482283 0.391063 -0.003937,
        -0.477536 0.393030 -0.000000,
        -0.477536 0.393030 -0.003937,
        -0.492126 -0.374016 -0.003937,
        -0.492126 -0.374016 -0.000000,
        -0.472441 -0.393701 -0.003937,
        -0.472441 -0.393701 -0.000000,
        -0.476821 -0.393207 -0.000000,
        -0.476821 -0.393207 -0.003937,
        -0.480982 -0.391751 -0.000000,
        -0.480982 -0.391751 -0.003937,
        -0.484714 -0.389406 -0.000000,
        -0.484714 -0.389406 -0.003937,
        -0.487831 -0.386289 -0.000000,
        -0.487831 -0.386289 -0.003937,
        -0.490177 -0.382557 -0.000000,
        -0.490177 -0.382557 -0.003937,
        -0.491632 -0.378396 -0.000000,
        -0.491632 -0.378396 -0.003937,
      ]
    }
    coordIndex [
      0, 1, 2, -1,
      2, 1, 3, -1,
      4, 0, 5, -1,
      5, 0, 2, -1,
      4, 5, 6, -1,
      4, 6, 7, -1,
      7, 6, 8, -1,
      7, 8, 9, -1,
      9, 8, 10, -1,
      9, 10, 11, -1,
      11, 10, 12, -1,
      11, 12, 13, -1,
      13, 12, 14, -1,
      13, 14, 15, -1,
      15, 14, 16, -1,
      15, 16, 17, -1,
      18, 17, 19, -1,
      19, 17, 16, -1,
      18, 19, 20, -1,
      18, 20, 21, -1,
      21, 20, 22, -1,
      21, 22, 23, -1,
      23, 22, 24, -1,
      23, 24, 25, -1,
      25, 24, 26, -1,
      25, 26, 27, -1,
      27, 26, 28, -1,
      27, 28, 29, -1,
      29, 28, 30, -1,
      29, 30, 31, -1,
      31, 30, 32, -1,
      31, 32, 33, -1,
      1, 33, 3, -1,
      3, 33, 32, -1,
      23, 25, 33, -1,
      1, 0, 18, -1,
      18, 0, 4, -1,
      18, 4, 17, -1,
      17, 4, 7, -1,
      1, 18, 33, -1,
      33, 18, 21, -1,
      33, 21, 23, -1,
      25, 27, 33, -1,
      33, 27, 29, -1,
      33, 29, 31, -1,
      7, 9, 11, -1,
      11, 13, 7, -1,
      7, 13, 15, -1,
      7, 15, 17, -1,
      2, 3, 5, -1,
      5, 3, 32, -1,
      32, 19, 5, -1,
      5, 19, 16, -1,
      5, 16, 6, -1,
      30, 28, 32, -1,
      32, 28, 26, -1,
      32, 26, 24, -1,
      24, 22, 32, -1,
      32, 22, 20, -1,
      32, 20, 19, -1,
      14, 12, 10, -1,
      14, 10, 16, -1,
      16, 10, 8, -1,
      16, 8, 6, -1,
      34, 35, 36, -1,
      36, 35, 37, -1,
      35, 38, 37, -1,
      37, 38, 39, -1,
      40, 41, 42, -1,
      40, 42, 43, -1,
      43, 42, 44, -1,
      43, 44, 45, -1,
      45, 44, 46, -1,
      45, 46, 47, -1,
      47, 46, 48, -1,
      47, 48, 49, -1,
      49, 48, 50, -1,
      49, 50, 51, -1,
      51, 50, 39, -1,
      51, 39, 38, -1,
      40, 52, 41, -1,
      41, 52, 53, -1,
      54, 55, 56, -1,
      54, 56, 57, -1,
      57, 56, 58, -1,
      57, 58, 59, -1,
      59, 58, 60, -1,
      59, 60, 61, -1,
      61, 60, 62, -1,
      61, 62, 63, -1,
      63, 62, 64, -1,
      63, 64, 65, -1,
      65, 64, 66, -1,
      65, 66, 67, -1,
      67, 66, 53, -1,
      67, 53, 52, -1,
      54, 34, 55, -1,
      55, 34, 36, -1,
      35, 34, 38, -1,
      38, 34, 54, -1,
      54, 52, 38, -1,
      38, 52, 40, -1,
      38, 40, 51, -1,
      57, 59, 54, -1,
      54, 59, 61, -1,
      54, 61, 63, -1,
      63, 65, 54, -1,
      54, 65, 67, -1,
      54, 67, 52, -1,
      43, 45, 47, -1,
      43, 47, 40, -1,
      40, 47, 49, -1,
      40, 49, 51, -1,
      64, 62, 55, -1,
      36, 37, 53, -1,
      53, 37, 39, -1,
      53, 39, 41, -1,
      41, 39, 50, -1,
      36, 53, 55, -1,
      55, 53, 66, -1,
      55, 66, 64, -1,
      62, 60, 55, -1,
      55, 60, 58, -1,
      55, 58, 56, -1,
      50, 48, 46, -1,
      46, 44, 50, -1,
      50, 44, 42, -1,
      50, 42, 41, -1,
    ]
  }
}

Shape {
  appearance Appearance {
    material Material {
      diffuseColor 0.3490 0.3490 0.3490
      specularColor 0.0235 0.0235 0.0235
      ambientIntensity 0.2
      transparency 0.0000
      shininess 0.5
    }
  }
  geometry IndexedFaceSet {
    ccw TRUE
    solid FALSE
    coord DEF co Coordinate {
      point [
        0.295765 -0.256863 0.472441,
        0.295765 -0.275867 0.472441,
        0.304308 -0.275867 0.472441,
        0.439189 -0.374016 0.472441,
        0.472441 -0.374016 0.472441,
        0.472441 -0.321015 0.472441,
        0.386042 -0.374016 0.472441,
        0.439189 -0.321015 0.472441,
        0.365959 -0.374016 0.472441,
        0.386042 -0.321015 0.472441,
        0.329268 -0.312498 0.472441,
        0.329063 -0.312519 0.472441,
        0.334098 -0.312519 0.472441,
        0.338595 -0.316621 0.472441,
        0.339096 -0.316063 0.472441,
        0.339098 -0.312519 0.472441,
        0.306477 -0.273715 0.472441,
        0.306144 -0.272860 0.472441,
        0.306144 -0.278493 0.472441,
        0.386042 -0.278493 0.472441,
        0.379076 -0.278312 0.472441,
        0.376017 -0.278312 0.472441,
        0.373829 -0.272445 0.472441,
        0.365959 -0.272445 0.472441,
        0.365959 -0.278493 0.472441,
        0.370907 -0.256863 0.472441,
        0.386042 -0.256682 0.472441,
        0.365959 -0.256682 0.472441,
        0.364898 -0.272445 0.472441,
        0.362836 -0.278312 0.472441,
        0.359182 -0.278493 0.472441,
        0.359777 -0.278312 0.472441,
        0.359182 -0.256682 0.472441,
        0.365959 -0.262081 0.472441,
        0.367946 -0.256863 0.472441,
        0.320328 -0.259887 0.472441,
        0.318830 -0.259317 0.472441,
        0.320328 -0.275181 0.472441,
        0.316189 -0.259001 0.472441,
        0.315206 -0.259048 0.472441,
        0.313361 -0.259437 0.472441,
        0.311689 -0.260250 0.472441,
        0.310344 -0.261381 0.472441,
        0.310194 -0.261545 0.472441,
        0.309159 -0.263037 0.472441,
        0.308442 -0.264891 0.472441,
        0.308091 -0.267829 0.472441,
        0.308123 -0.268762 0.472441,
        0.319130 -0.275719 0.472441,
        0.316703 -0.276169 0.472441,
        0.315706 -0.276206 0.472441,
        0.308489 -0.270876 0.472441,
        0.309201 -0.272586 0.472441,
        0.310196 -0.273947 0.472441,
        0.310783 -0.274510 0.472441,
        0.313802 -0.276007 0.472441,
        0.312229 -0.275462 0.472441,
        0.321005 -0.260144 0.472441,
        0.321244 -0.274770 0.472441,
        0.321244 -0.260273 0.472441,
        0.324295 -0.278493 0.472441,
        0.324295 -0.256682 0.472441,
        0.318464 -0.256682 0.472441,
        0.318970 -0.256722 0.472441,
        0.320328 -0.256682 0.472441,
        0.320328 -0.257114 0.472441,
        0.321244 -0.257378 0.472441,
        0.306144 -0.256682 0.472441,
        0.306728 -0.261691 0.472441,
        0.308283 -0.259659 0.472441,
        0.308817 -0.259150 0.472441,
        0.310825 -0.257745 0.472441,
        0.313067 -0.256876 0.472441,
        0.304859 -0.256682 0.472441,
        0.305709 -0.264073 0.472441,
        0.306144 -0.263055 0.472441,
        0.305606 -0.271476 0.472441,
        0.304859 -0.278493 0.472441,
        0.305185 -0.267993 0.472441,
        0.305223 -0.266873 0.472441,
        0.311369 -0.278023 0.472441,
        0.309388 -0.276997 0.472441,
        0.307937 -0.275746 0.472441,
        0.307756 -0.275548 0.472441,
        0.313314 -0.278493 0.472441,
        0.306144 -0.284781 0.472441,
        0.313631 -0.278569 0.472441,
        0.315306 -0.278674 0.472441,
        0.320328 -0.284781 0.472441,
        0.317199 -0.278493 0.472441,
        0.321244 -0.277424 0.472441,
        0.320878 -0.277606 0.472441,
        0.320328 -0.278493 0.472441,
        0.320328 -0.277786 0.472441,
        0.318575 -0.278361 0.472441,
        0.352397 -0.290889 0.472441,
        0.359182 -0.290889 0.472441,
        0.359182 -0.284781 0.472441,
        0.359182 -0.312519 0.472441,
        0.359182 -0.312338 0.472441,
        0.352397 -0.312338 0.472441,
        0.341804 -0.308533 0.472441,
        0.342133 -0.309794 0.472441,
        0.342204 -0.309794 0.472441,
        0.349502 -0.297019 0.472441,
        0.339098 -0.284781 0.472441,
        0.346717 -0.297019 0.472441,
        0.339098 -0.300749 0.472441,
        0.342533 -0.308555 0.472441,
        0.342328 -0.309269 0.472441,
        0.339098 -0.307960 0.472441,
        0.334797 -0.297019 0.472441,
        0.334098 -0.284781 0.472441,
        0.337802 -0.297019 0.472441,
        0.340806 -0.312305 0.472441,
        0.340716 -0.312519 0.472441,
        0.339628 -0.315090 0.472441,
        0.334098 -0.321015 0.472441,
        0.335351 -0.319334 0.472441,
        0.335351 -0.316943 0.472441,
        0.339098 -0.319074 0.472441,
        0.338169 -0.319428 0.472441,
        0.339098 -0.321015 0.472441,
        0.337083 -0.319553 0.472441,
        0.336491 -0.319531 0.472441,
        0.336875 -0.317250 0.472441,
        0.337545 -0.317172 0.472441,
        0.338130 -0.316946 0.472441,
        0.342550 -0.314652 0.472441,
        0.341334 -0.317020 0.472441,
        0.359182 -0.321015 0.472441,
        0.343391 -0.312519 0.472441,
        0.340351 -0.318201 0.472441,
        0.340167 -0.318369 0.472441,
        0.339229 -0.319024 0.472441,
        0.332500 -0.305638 0.472441,
        0.333002 -0.306378 0.472441,
        0.332665 -0.299957 0.472441,
        0.332941 -0.310102 0.472441,
        0.332441 -0.310810 0.472441,
        0.325639 -0.297384 0.472441,
        0.324295 -0.284781 0.472441,
        0.324791 -0.297885 0.472441,
        0.324295 -0.298331 0.472441,
        0.333288 -0.307170 0.472441,
        0.333399 -0.308171 0.472441,
        0.333271 -0.309250 0.472441,
        0.327126 -0.296868 0.472441,
        0.329035 -0.296668 0.472441,
        0.332665 -0.297348 0.472441,
        0.330894 -0.296830 0.472441,
        0.331672 -0.311482 0.472441,
        0.330771 -0.312004 0.472441,
        0.328772 -0.298850 0.472441,
        0.327976 -0.298910 0.472441,
        0.325839 -0.300911 0.472441,
        0.327258 -0.299100 0.472441,
        0.326656 -0.299420 0.472441,
        0.325863 -0.301269 0.472441,
        0.325970 -0.301686 0.472441,
        0.326163 -0.302049 0.472441,
        0.326425 -0.302337 0.472441,
        0.327372 -0.302929 0.472441,
        0.330521 -0.299047 0.472441,
        0.329035 -0.303653 0.472441,
        0.332038 -0.299599 0.472441,
        0.330075 -0.304074 0.472441,
        0.331859 -0.305066 0.472441,
        0.326250 -0.299778 0.472441,
        0.326020 -0.300120 0.472441,
        0.325887 -0.300483 0.472441,
        0.323053 -0.309026 0.472441,
        0.320328 -0.312519 0.472441,
        0.323995 -0.298601 0.472441,
        0.323496 -0.299327 0.472441,
        0.324105 -0.309676 0.472441,
        0.324295 -0.309748 0.472441,
        0.324295 -0.304052 0.472441,
        0.323832 -0.303576 0.472441,
        0.323481 -0.303016 0.472441,
        0.323185 -0.302196 0.472441,
        0.323070 -0.301153 0.472441,
        0.323176 -0.300192 0.472441,
        0.324271 -0.304036 0.472441,
        0.325789 -0.310310 0.472441,
        0.327138 -0.305605 0.472441,
        0.325537 -0.304871 0.472441,
        0.327472 -0.310506 0.472441,
        0.327591 -0.310506 0.472441,
        0.328902 -0.306344 0.472441,
        0.328968 -0.310351 0.472441,
        0.330641 -0.308434 0.472441,
        0.330615 -0.308100 0.472441,
        0.329661 -0.310098 0.472441,
        0.329906 -0.309949 0.472441,
        0.330215 -0.309675 0.472441,
        0.330449 -0.309328 0.472441,
        0.330586 -0.308946 0.472441,
        0.330493 -0.307680 0.472441,
        0.330285 -0.307324 0.472441,
        0.329950 -0.306976 0.472441,
        0.325646 -0.312519 0.472441,
        0.324720 -0.312411 0.472441,
        0.324295 -0.312519 0.472441,
        0.324295 -0.312256 0.472441,
        0.323053 -0.311800 0.472441,
        0.327209 -0.312700 0.472441,
        0.324295 -0.321015 0.472441,
        0.335901 -0.317123 0.472441,
        0.308215 -0.305007 0.472441,
        0.308601 -0.300703 0.472441,
        0.307670 -0.305770 0.472441,
        0.307293 -0.306712 0.472441,
        0.306144 -0.312519 0.472441,
        0.307563 -0.310368 0.472441,
        0.307237 -0.309460 0.472441,
        0.315517 -0.296819 0.472441,
        0.316644 -0.297165 0.472441,
        0.309050 -0.304296 0.472441,
        0.310217 -0.303713 0.472441,
        0.310209 -0.299656 0.472441,
        0.312186 -0.303236 0.472441,
        0.314533 -0.298945 0.472441,
        0.313623 -0.298850 0.472441,
        0.311885 -0.299047 0.472441,
        0.309324 -0.312124 0.472441,
        0.308420 -0.311493 0.472441,
        0.308122 -0.311192 0.472441,
        0.317533 -0.297679 0.472441,
        0.318247 -0.298368 0.472441,
        0.318794 -0.299242 0.472441,
        0.316726 -0.309969 0.472441,
        0.316655 -0.309969 0.472441,
        0.316726 -0.312338 0.472441,
        0.316220 -0.310628 0.472441,
        0.315369 -0.311535 0.472441,
        0.308601 -0.298093 0.472441,
        0.309162 -0.297769 0.472441,
        0.311161 -0.296996 0.472441,
        0.313875 -0.296668 0.472441,
        0.307104 -0.308237 0.472441,
        0.307114 -0.307860 0.472441,
        0.316726 -0.302600 0.472441,
        0.316633 -0.301412 0.472441,
        0.316355 -0.300456 0.472441,
        0.316039 -0.299902 0.472441,
        0.319212 -0.300475 0.472441,
        0.319413 -0.302480 0.472441,
        0.319413 -0.312338 0.472441,
        0.315633 -0.299470 0.472441,
        0.315156 -0.299163 0.472441,
        0.313426 -0.312519 0.472441,
        0.313356 -0.312544 0.472441,
        0.320328 -0.321015 0.472441,
        0.306144 -0.321015 0.472441,
        0.311962 -0.312700 0.472441,
        0.310404 -0.312519 0.472441,
        0.310354 -0.312513 0.472441,
        0.265622 -0.273590 0.472441,
        0.269757 -0.277089 0.472441,
        0.284214 -0.256682 0.472441,
        0.284214 -0.278493 0.472441,
        0.246031 -0.254847 0.472441,
        0.248688 -0.256682 0.472441,
        0.252099 -0.259038 0.472441,
        0.257307 -0.265119 0.472441,
        0.260333 -0.271085 0.472441,
        0.261084 -0.271338 0.472441,
        0.238452 -0.251951 0.472441,
        0.284214 0.374016 0.472441,
        0.231359 -0.251108 0.472441,
        0.224350 -0.251908 0.472441,
        0.217283 -0.254489 0.472441,
        -0.472441 0.374016 0.472441,
        0.213674 -0.256682 0.472441,
        -0.472441 -0.256682 0.472441,
        0.213059 -0.257056 0.472441,
        0.196835 -0.264202 0.472441,
        0.202842 -0.263461 0.472441,
        0.209476 -0.260125 0.472441,
        0.204596 -0.263556 0.472441,
        0.206350 -0.263765 0.472441,
        0.185305 -0.270780 0.472441,
        0.186336 -0.269805 0.472441,
        0.191187 -0.266395 0.472441,
        -0.472441 -0.278493 0.472441,
        -0.472441 -0.284781 0.472441,
        0.178524 -0.284781 0.472441,
        0.179206 -0.280968 0.472441,
        0.180303 -0.278493 0.472441,
        0.181640 -0.275478 0.472441,
        0.194817 -0.311531 0.472441,
        0.189305 -0.308848 0.472441,
        -0.472441 -0.312519 0.472441,
        0.184543 -0.304787 0.472441,
        0.181059 -0.299813 0.472441,
        0.178875 -0.294136 0.472441,
        0.178138 -0.288165 0.472441,
        0.178181 -0.286700 0.472441,
        0.196743 -0.312107 0.472441,
        0.196935 -0.312519 0.472441,
        0.198272 -0.315380 0.472441,
        0.200541 -0.318179 0.472441,
        0.284214 -0.321015 0.472441,
        0.217543 -0.321015 0.472441,
        0.284214 -0.374016 0.472441,
        0.214921 -0.322022 0.472441,
        0.211230 -0.322477 0.472441,
        0.210643 -0.322466 0.472441,
        -0.472441 -0.374016 0.472441,
        0.207043 -0.321905 0.472441,
        -0.472441 -0.321015 0.472441,
        0.204924 -0.321015 0.472441,
        0.203524 -0.320427 0.472441,
        0.284214 -0.312519 0.472441,
        0.225519 -0.312519 0.472441,
        0.225504 -0.312580 0.472441,
        0.223700 -0.315978 0.472441,
        0.221360 -0.318602 0.472441,
        0.218322 -0.320715 0.472441,
        0.274733 -0.286085 0.472441,
        0.275431 -0.291063 0.472441,
        0.284214 -0.284781 0.472441,
        0.244991 -0.303522 0.472441,
        0.246037 -0.303109 0.472441,
        0.247829 -0.294417 0.472441,
        0.269789 -0.305550 0.472441,
        0.265639 -0.309063 0.472441,
        0.222667 -0.297010 0.472441,
        0.243102 -0.286335 0.472441,
        0.220001 -0.294583 0.472441,
        0.216765 -0.292849 0.472441,
        0.244053 -0.304187 0.472441,
        0.272815 -0.301334 0.472441,
        0.265901 -0.289877 0.472441,
        0.265184 -0.286948 0.472441,
        0.264016 -0.284781 0.472441,
        0.188124 -0.284781 0.472441,
        0.274731 -0.296506 0.472441,
        0.247219 -0.302957 0.472441,
        0.247367 -0.302968 0.472441,
        0.247825 -0.303069 0.472441,
        0.189021 -0.293943 0.472441,
        0.190837 -0.297034 0.472441,
        0.198580 -0.298611 0.472441,
        0.193571 -0.299843 0.472441,
        0.196895 -0.301890 0.472441,
        0.204220 -0.293562 0.472441,
        0.201102 -0.295729 0.472441,
        0.187745 -0.287860 0.472441,
        0.187928 -0.290211 0.472441,
        0.207588 -0.292274 0.472441,
        0.211230 -0.291825 0.472441,
        0.213084 -0.291935 0.472441,
        0.242491 -0.307685 0.472441,
        0.242530 -0.307083 0.472441,
        0.226479 -0.305702 0.472441,
        0.242837 -0.305922 0.472441,
        0.243423 -0.304882 0.472441,
        0.262880 -0.299281 0.472441,
        0.264558 -0.296903 0.472441,
        0.265610 -0.294185 0.472441,
        0.265976 -0.291215 0.472441,
        0.246055 -0.312274 0.472441,
        0.245046 -0.311876 0.472441,
        0.244057 -0.311173 0.472441,
        0.243702 -0.310813 0.472441,
        0.243038 -0.309855 0.472441,
        0.242636 -0.308820 0.472441,
        0.226396 -0.308815 0.472441,
        0.226479 -0.307227 0.472441,
        0.260985 -0.311339 0.472441,
        0.255911 -0.312412 0.472441,
        0.246914 -0.312412 0.472441,
        0.248134 -0.303110 0.472441,
        0.254996 -0.303110 0.472441,
        0.257735 -0.302585 0.472441,
        0.260425 -0.301338 0.472441,
        0.262680 -0.299496 0.472441,
        0.252861 -0.279320 0.472441,
        0.189506 -0.280767 0.472441,
        0.188200 -0.284168 0.472441,
        0.254081 -0.279320 0.472441,
        0.263766 -0.284317 0.472441,
        0.262009 -0.282356 0.472441,
        0.259644 -0.280704 0.472441,
        0.256982 -0.279678 0.472441,
        0.249574 -0.270159 0.472441,
        0.246134 -0.266050 0.472441,
        0.211077 -0.274898 0.472441,
        0.245750 -0.265699 0.472441,
        0.241465 -0.262726 0.472441,
        0.213406 -0.270074 0.472441,
        0.191089 -0.278493 0.472441,
        0.209991 -0.274304 0.472441,
        0.252679 -0.278493 0.472441,
        0.251927 -0.275072 0.472441,
        0.206571 -0.273054 0.472441,
        0.202995 -0.272610 0.472441,
        0.201407 -0.272693 0.472441,
        0.216827 -0.265988 0.472441,
        0.236683 -0.260894 0.472441,
        0.220916 -0.263000 0.472441,
        0.231512 -0.260258 0.472441,
        0.225898 -0.260981 0.472441,
        0.197643 -0.273585 0.472441,
        0.194244 -0.275390 0.472441,
        0.191620 -0.277730 0.472441,
        0.270765 -0.278493 0.472441,
        0.272870 -0.281428 0.472441,
        0.274212 -0.284781 0.472441,
        0.363933 -0.312338 0.472441,
        0.365959 -0.312519 0.472441,
        0.363933 -0.309893 0.472441,
        0.365959 -0.284781 0.472441,
        0.363445 -0.290889 0.472441,
        0.363445 -0.293356 0.472441,
        0.355166 -0.302677 0.472441,
        0.355166 -0.309893 0.472441,
        0.359182 -0.302677 0.472441,
        0.359182 -0.309893 0.472441,
        0.362836 -0.302677 0.472441,
        0.362836 -0.300221 0.472441,
        0.355166 -0.293356 0.472441,
        0.355166 -0.300221 0.472441,
        0.359182 -0.293356 0.472441,
        0.359182 -0.300221 0.472441,
        0.339098 -0.256682 0.472441,
        0.334098 -0.256682 0.472441,
        0.336585 -0.256863 0.472441,
        0.334098 -0.256863 0.472441,
        0.328306 -0.268651 0.472441,
        0.328306 -0.275867 0.472441,
        0.334098 -0.268651 0.472441,
        0.334098 -0.275867 0.472441,
        0.335976 -0.268651 0.472441,
        0.337073 -0.275867 0.472441,
        0.335976 -0.266195 0.472441,
        0.336585 -0.259330 0.472441,
        0.334098 -0.266195 0.472441,
        0.334098 -0.259330 0.472441,
        0.328306 -0.266195 0.472441,
        0.328306 -0.259330 0.472441,
        0.339098 -0.278493 0.472441,
        0.337073 -0.278312 0.472441,
        0.334098 -0.278493 0.472441,
        0.334098 -0.278312 0.472441,
        0.325537 -0.278312 0.472441,
        0.325537 -0.256863 0.472441,
        0.365959 -0.321015 0.472441,
        0.359182 -0.374016 0.472441,
        0.339098 -0.374016 0.472441,
        0.334098 -0.374016 0.472441,
        0.324295 -0.374016 0.472441,
        0.320328 -0.374016 0.472441,
        0.306144 -0.374016 0.472441,
        0.314443 -0.312149 0.472441,
        0.439189 -0.312519 0.472441,
        0.386042 -0.312519 0.472441,
        0.292997 -0.290889 0.472441,
        0.292997 -0.312338 0.472441,
        0.304859 -0.312519 0.472441,
        0.304859 -0.321015 0.472441,
        0.304859 -0.374016 0.472441,
        0.304044 -0.290889 0.472441,
        0.304859 -0.284781 0.472441,
        0.304044 -0.293356 0.472441,
        0.304533 -0.309893 0.472441,
        0.304533 -0.312338 0.472441,
        0.295765 -0.302677 0.472441,
        0.295765 -0.309893 0.472441,
        0.303436 -0.302677 0.472441,
        0.303436 -0.300221 0.472441,
        0.295765 -0.300221 0.472441,
        0.295765 -0.293356 0.472441,
        0.367985 -0.312338 0.472441,
        0.384862 -0.305219 0.472441,
        0.383806 -0.307437 0.472441,
        0.382212 -0.309333 0.472441,
        0.384300 -0.296345 0.472441,
        0.385092 -0.298392 0.472441,
        0.386042 -0.284781 0.472441,
        0.385447 -0.301339 0.472441,
        0.385382 -0.302707 0.472441,
        0.379964 -0.310944 0.472441,
        0.377517 -0.311897 0.472441,
        0.373884 -0.312338 0.472441,
        0.367985 -0.290889 0.472441,
        0.374103 -0.290889 0.472441,
        0.377378 -0.291251 0.472441,
        0.379967 -0.292196 0.472441,
        0.382212 -0.293729 0.472441,
        0.382973 -0.294474 0.472441,
        0.389696 -0.312338 0.472441,
        0.386637 -0.312338 0.472441,
        0.402877 -0.312338 0.472441,
        0.400689 -0.306471 0.472441,
        0.391757 -0.306471 0.472441,
        0.394806 -0.290889 0.472441,
        0.397767 -0.290889 0.472441,
        0.292997 -0.278312 0.472441,
        0.292997 -0.256863 0.472441,
        0.304308 -0.278312 0.472441,
        0.357440 -0.262319 0.472441,
        0.358232 -0.264366 0.472441,
        0.358587 -0.267313 0.472441,
        0.358522 -0.268681 0.472441,
        0.358002 -0.271193 0.472441,
        0.356946 -0.273411 0.472441,
        0.355352 -0.275307 0.472441,
        0.353104 -0.276918 0.472441,
        0.347243 -0.256863 0.472441,
        0.350519 -0.257225 0.472441,
        0.353107 -0.258170 0.472441,
        0.350657 -0.277871 0.472441,
        0.347024 -0.278312 0.472441,
        0.341124 -0.278312 0.472441,
        0.341124 -0.256863 0.472441,
        0.355352 -0.259703 0.472441,
        0.356113 -0.260448 0.472441,
        0.405936 -0.312338 0.472441,
        0.439189 -0.284781 0.472441,
        0.439189 -0.278493 0.472441,
        0.439189 -0.256682 0.472441,
        0.472441 -0.312519 0.472441,
        0.472441 -0.284781 0.472441,
        0.472441 -0.278493 0.472441,
        0.472441 -0.256682 0.472441,
        0.314669 -0.256682 0.472441,
        0.306144 0.374016 0.472441,
        0.304859 0.374016 0.472441,
        0.472441 0.374016 0.472441,
        0.439189 0.374016 0.472441,
        0.386042 0.374016 0.472441,
        0.365959 0.374016 0.472441,
        0.359182 0.374016 0.472441,
        0.339098 0.374016 0.472441,
        0.334098 0.374016 0.472441,
        0.324295 0.374016 0.472441,
        0.320328 0.374016 0.472441,
        0.316161 -0.256501 0.472441,
        0.492126 0.374016 0.452756,
        0.492126 -0.374016 0.452756,
        0.492126 0.374016 0.000000,
        0.492126 -0.374016 0.000000,
        0.472441 0.393701 0.000000,
        -0.472441 0.393701 0.000000,
        0.472441 0.393701 0.452756,
        -0.472441 0.393701 0.452756,
        -0.492126 -0.374016 0.452756,
        -0.492126 0.374016 0.452756,
        -0.492126 -0.374016 0.000000,
        -0.492126 0.374016 0.000000,
        0.472441 -0.393701 0.452756,
        -0.472441 -0.393701 0.452756,
        0.472441 -0.393701 0.000000,
        -0.472441 -0.393701 0.000000,
        0.490177 -0.382557 0.000000,
        0.487831 -0.386289 0.000000,
        -0.489489 0.383858 0.000000,
        -0.486360 0.387935 0.000000,
        -0.482283 0.391063 0.000000,
        0.477536 0.393030 0.000000,
        0.491632 -0.378396 0.000000,
        0.484714 -0.389406 0.000000,
        0.480982 -0.391751 0.000000,
        0.476821 -0.393207 0.000000,
        -0.491455 0.379111 0.000000,
        -0.477536 0.393030 0.000000,
        -0.489489 -0.383858 0.000000,
        -0.477536 -0.393030 0.000000,
        -0.486360 -0.387935 0.000000,
        -0.482283 -0.391063 0.000000,
        -0.491455 -0.379111 0.000000,
        0.482283 0.391063 0.000000,
        0.486360 0.387935 0.000000,
        0.489489 0.383858 0.000000,
        0.491455 0.379111 0.000000,
        -0.477536 0.393030 0.452756,
        -0.482283 0.391063 0.452756,
        -0.486360 0.387935 0.452756,
        -0.489489 0.383858 0.452756,
        -0.491455 0.379111 0.452756,
        -0.472441 0.393030 0.457851,
        0.472441 0.393030 0.457851,
        -0.472441 0.391063 0.462598,
        0.472441 0.391063 0.462598,
        -0.472441 0.387935 0.466675,
        0.472441 0.387935 0.466675,
        -0.472441 0.383858 0.469804,
        0.472441 0.383858 0.469804,
        -0.472441 0.379111 0.471770,
        0.472441 0.379111 0.471770,
        0.491455 0.379111 0.452756,
        0.489489 0.383858 0.452756,
        0.486360 0.387935 0.452756,
        0.482283 0.391063 0.452756,
        0.477536 0.393030 0.452756,
        -0.491455 0.374016 0.457851,
        -0.490807 0.378937 0.457851,
        -0.480965 0.378937 0.469804,
        -0.476853 0.376563 0.471770,
        -0.476044 0.377619 0.471770,
        -0.473759 0.378937 0.471770,
        -0.477362 0.375334 0.471770,
        -0.481948 0.376563 0.469804,
        -0.485886 0.377619 0.466675,
        -0.477536 0.374016 0.471770,
        -0.479401 0.380976 0.469804,
        -0.474988 0.378428 0.471770,
        -0.477362 0.382540 0.469804,
        -0.474988 0.383523 0.469804,
        -0.482283 0.374016 0.469804,
        -0.486360 0.374016 0.466675,
        -0.489489 0.374016 0.462598,
        -0.484496 0.380976 0.466675,
        -0.482283 0.383858 0.466675,
        -0.479401 0.386070 0.466675,
        -0.476044 0.387461 0.466675,
        -0.488908 0.378428 0.462598,
        -0.487205 0.382540 0.462598,
        -0.484496 0.386070 0.462598,
        -0.480965 0.388780 0.462598,
        -0.476853 0.390483 0.462598,
        -0.488908 0.383523 0.457851,
        -0.485886 0.387461 0.457851,
        -0.481948 0.390483 0.457851,
        -0.477362 0.392382 0.457851,
        0.477362 0.392382 0.457851,
        0.477362 0.382540 0.469804,
        0.474988 0.378428 0.471770,
        0.476044 0.377619 0.471770,
        0.477536 0.374016 0.471770,
        0.477362 0.375334 0.471770,
        0.473759 0.378937 0.471770,
        0.474988 0.383523 0.469804,
        0.476044 0.387461 0.466675,
        0.479401 0.380976 0.469804,
        0.476853 0.376563 0.471770,
        0.480965 0.378937 0.469804,
        0.481948 0.376563 0.469804,
        0.482283 0.374016 0.469804,
        0.479401 0.386070 0.466675,
        0.482283 0.383858 0.466675,
        0.484496 0.380976 0.466675,
        0.485886 0.377619 0.466675,
        0.486360 0.374016 0.466675,
        0.476853 0.390483 0.462598,
        0.480965 0.388780 0.462598,
        0.484496 0.386070 0.462598,
        0.487205 0.382540 0.462598,
        0.488908 0.378428 0.462598,
        0.489489 0.374016 0.462598,
        0.481948 0.390483 0.457851,
        0.485886 0.387461 0.457851,
        0.488908 0.383523 0.457851,
        0.490807 0.378937 0.457851,
        0.491455 0.374016 0.457851,
        -0.491455 -0.379111 0.452756,
        -0.489489 -0.383858 0.452756,
        -0.486360 -0.387935 0.452756,
        -0.482283 -0.391063 0.452756,
        -0.477536 -0.393030 0.452756,
        -0.491455 -0.374016 0.457851,
        -0.489489 -0.374016 0.462598,
        -0.486360 -0.374016 0.466675,
        -0.482283 -0.374016 0.469804,
        -0.477536 -0.374016 0.471770,
        0.491455 -0.374016 0.457851,
        0.489489 -0.374016 0.462598,
        0.486360 -0.374016 0.466675,
        0.482283 -0.374016 0.469804,
        0.477536 -0.374016 0.471770,
        0.476811 -0.393126 0.452756,
        0.477536 -0.393030 0.452756,
        0.480930 -0.391624 0.452756,
        0.482283 -0.391063 0.452756,
        0.484614 -0.389275 0.452756,
        0.487700 -0.386189 0.452756,
        0.486360 -0.387935 0.452756,
        0.491551 -0.378385 0.452756,
        0.491455 -0.379111 0.452756,
        0.490050 -0.382504 0.452756,
        0.489489 -0.383858 0.452756,
        -0.472441 -0.393030 0.457851,
        -0.477362 -0.392382 0.457851,
        -0.477362 -0.382540 0.469804,
        -0.474988 -0.378428 0.471770,
        -0.476044 -0.377619 0.471770,
        -0.477362 -0.375334 0.471770,
        -0.473759 -0.378937 0.471770,
        -0.474988 -0.383523 0.469804,
        -0.476044 -0.387461 0.466675,
        -0.472441 -0.379111 0.471770,
        -0.479401 -0.380976 0.469804,
        -0.476853 -0.376563 0.471770,
        -0.480965 -0.378937 0.469804,
        -0.481948 -0.376563 0.469804,
        -0.472441 -0.383858 0.469804,
        -0.472441 -0.387935 0.466675,
        -0.472441 -0.391063 0.462598,
        -0.479401 -0.386070 0.466675,
        -0.482283 -0.383858 0.466675,
        -0.484496 -0.380976 0.466675,
        -0.485886 -0.377619 0.466675,
        -0.476853 -0.390483 0.462598,
        -0.480965 -0.388780 0.462598,
        -0.484496 -0.386070 0.462598,
        -0.487205 -0.382540 0.462598,
        -0.488908 -0.378428 0.462598,
        -0.481948 -0.390483 0.457851,
        -0.485886 -0.387461 0.457851,
        -0.488908 -0.383523 0.457851,
        -0.490807 -0.378937 0.457851,
        0.477362 -0.392382 0.457851,
        0.481948 -0.390483 0.457851,
        0.485886 -0.387461 0.457851,
        0.488908 -0.383523 0.457851,
        0.490807 -0.378937 0.457851,
        0.488908 -0.378428 0.462598,
        0.485886 -0.377619 0.466675,
        0.481948 -0.376563 0.469804,
        0.477362 -0.375334 0.471770,
        0.487205 -0.382540 0.462598,
        0.484496 -0.380976 0.466675,
        0.480965 -0.378937 0.469804,
        0.476853 -0.376563 0.471770,
        0.484496 -0.386070 0.462598,
        0.482283 -0.383858 0.466675,
        0.479401 -0.380976 0.469804,
        0.476044 -0.377619 0.471770,
        0.480965 -0.388780 0.462598,
        0.479401 -0.386070 0.466675,
        0.477362 -0.382540 0.469804,
        0.474988 -0.378428 0.471770,
        0.476853 -0.390483 0.462598,
        0.476044 -0.387461 0.466675,
        0.474988 -0.383523 0.469804,
        0.473759 -0.378937 0.471770,
        0.472441 -0.393030 0.457851,
        0.472441 -0.391063 0.462598,
        0.472441 -0.387935 0.466675,
        0.472441 -0.383858 0.469804,
        0.472441 -0.379111 0.471770,
      ]
    }
    coordIndex [
      0, 1, 2, -1,
      3, 4, 5, -1,
      6, 3, 7, -1,
      8, 6, 9, -1,
      10, 11, 12, -1,
      13, 14, 15, -1,
      16, 17, 18, -1,
      19, 20, 21, -1,
      22, 23, 21, -1,
      21, 23, 24, -1,
      21, 24, 19, -1,
      20, 19, 25, -1,
      25, 19, 26, -1,
      25, 26, 27, -1,
      23, 28, 24, -1,
      24, 28, 29, -1,
      24, 29, 30, -1,
      30, 29, 31, -1,
      30, 31, 32, -1,
      32, 31, 33, -1,
      32, 33, 27, -1,
      27, 33, 34, -1,
      27, 34, 25, -1,
      35, 36, 37, -1,
      37, 36, 38, -1,
      37, 38, 39, -1,
      39, 40, 37, -1,
      37, 40, 41, -1,
      37, 41, 42, -1,
      42, 43, 37, -1,
      37, 43, 44, -1,
      37, 44, 45, -1,
      45, 46, 37, -1,
      37, 46, 47, -1,
      37, 47, 48, -1,
      48, 47, 49, -1,
      49, 47, 50, -1,
      50, 47, 51, -1,
      50, 51, 52, -1,
      52, 53, 50, -1,
      50, 53, 54, -1,
      50, 54, 55, -1,
      55, 54, 56, -1,
      35, 37, 57, -1,
      57, 37, 58, -1,
      57, 58, 59, -1,
      59, 58, 60, -1,
      59, 60, 61, -1,
      62, 63, 64, -1,
      64, 63, 65, -1,
      64, 65, 61, -1,
      61, 65, 66, -1,
      61, 66, 59, -1,
      67, 68, 69, -1,
      69, 70, 67, -1,
      67, 70, 71, -1,
      67, 71, 72, -1,
      73, 74, 67, -1,
      67, 74, 75, -1,
      67, 75, 68, -1,
      17, 76, 77, -1,
      77, 76, 78, -1,
      77, 78, 73, -1,
      73, 78, 79, -1,
      73, 79, 74, -1,
      18, 80, 81, -1,
      81, 82, 18, -1,
      18, 82, 83, -1,
      18, 83, 16, -1,
      80, 18, 84, -1,
      84, 18, 85, -1,
      84, 85, 86, -1,
      86, 85, 87, -1,
      87, 85, 88, -1,
      87, 88, 89, -1,
      58, 90, 60, -1,
      60, 90, 91, -1,
      60, 91, 92, -1,
      92, 91, 93, -1,
      92, 93, 94, -1,
      95, 96, 97, -1,
      98, 99, 100, -1,
      101, 102, 103, -1,
      104, 105, 106, -1,
      106, 105, 107, -1,
      106, 107, 108, -1,
      108, 107, 101, -1,
      108, 101, 109, -1,
      109, 101, 103, -1,
      15, 110, 12, -1,
      12, 110, 111, -1,
      12, 111, 112, -1,
      112, 111, 105, -1,
      105, 111, 113, -1,
      105, 113, 107, -1,
      114, 110, 115, -1,
      115, 110, 15, -1,
      115, 15, 116, -1,
      116, 15, 14, -1,
      117, 118, 119, -1,
      120, 121, 122, -1,
      122, 121, 123, -1,
      122, 123, 117, -1,
      117, 123, 124, -1,
      117, 124, 118, -1,
      125, 126, 15, -1,
      15, 126, 127, -1,
      15, 127, 13, -1,
      128, 129, 130, -1,
      128, 130, 131, -1,
      129, 132, 130, -1,
      130, 132, 133, -1,
      130, 133, 122, -1,
      122, 133, 134, -1,
      122, 134, 120, -1,
      135, 136, 137, -1,
      12, 138, 139, -1,
      140, 141, 142, -1,
      142, 141, 143, -1,
      144, 145, 12, -1,
      12, 145, 146, -1,
      12, 146, 138, -1,
      140, 147, 141, -1,
      141, 147, 148, -1,
      141, 148, 112, -1,
      136, 144, 137, -1,
      137, 144, 12, -1,
      137, 12, 149, -1,
      149, 12, 112, -1,
      149, 112, 150, -1,
      150, 112, 148, -1,
      139, 151, 12, -1,
      12, 151, 152, -1,
      12, 152, 10, -1,
      153, 154, 155, -1,
      155, 154, 156, -1,
      155, 156, 157, -1,
      155, 158, 153, -1,
      153, 158, 159, -1,
      153, 159, 160, -1,
      160, 161, 153, -1,
      153, 161, 162, -1,
      153, 162, 163, -1,
      163, 162, 164, -1,
      163, 164, 165, -1,
      165, 164, 166, -1,
      165, 166, 137, -1,
      137, 166, 167, -1,
      137, 167, 135, -1,
      168, 169, 157, -1,
      157, 169, 170, -1,
      157, 170, 155, -1,
      171, 88, 172, -1,
      143, 141, 173, -1,
      173, 141, 88, -1,
      173, 88, 174, -1,
      175, 176, 177, -1,
      178, 179, 171, -1,
      179, 180, 171, -1,
      171, 180, 181, -1,
      171, 181, 88, -1,
      88, 181, 182, -1,
      88, 182, 174, -1,
      175, 177, 171, -1,
      171, 177, 183, -1,
      171, 183, 178, -1,
      184, 185, 176, -1,
      176, 185, 186, -1,
      176, 186, 177, -1,
      184, 187, 185, -1,
      185, 187, 188, -1,
      185, 188, 189, -1,
      189, 188, 190, -1,
      189, 191, 192, -1,
      190, 193, 189, -1,
      189, 193, 194, -1,
      189, 194, 195, -1,
      195, 196, 189, -1,
      189, 196, 197, -1,
      189, 197, 191, -1,
      192, 198, 189, -1,
      189, 198, 199, -1,
      189, 199, 200, -1,
      201, 202, 203, -1,
      203, 202, 204, -1,
      203, 204, 172, -1,
      172, 204, 205, -1,
      172, 205, 171, -1,
      206, 207, 11, -1,
      11, 207, 117, -1,
      11, 117, 12, -1,
      12, 117, 119, -1,
      12, 119, 15, -1,
      15, 119, 208, -1,
      15, 208, 125, -1,
      209, 210, 211, -1,
      211, 210, 212, -1,
      213, 214, 215, -1,
      216, 217, 88, -1,
      209, 218, 210, -1,
      210, 218, 219, -1,
      210, 219, 220, -1,
      220, 219, 221, -1,
      222, 223, 221, -1,
      221, 223, 224, -1,
      221, 224, 220, -1,
      225, 226, 213, -1,
      213, 226, 227, -1,
      213, 227, 214, -1,
      217, 228, 88, -1,
      88, 228, 229, -1,
      88, 229, 230, -1,
      231, 232, 233, -1,
      233, 232, 234, -1,
      233, 234, 235, -1,
      236, 237, 85, -1,
      85, 237, 238, -1,
      85, 238, 88, -1,
      88, 238, 239, -1,
      88, 239, 216, -1,
      215, 240, 213, -1,
      213, 240, 241, -1,
      213, 241, 85, -1,
      85, 241, 212, -1,
      85, 212, 236, -1,
      236, 212, 210, -1,
      242, 243, 221, -1,
      221, 243, 244, -1,
      221, 244, 245, -1,
      230, 246, 88, -1,
      88, 246, 247, -1,
      88, 247, 172, -1,
      172, 247, 248, -1,
      172, 248, 233, -1,
      245, 249, 221, -1,
      221, 249, 250, -1,
      221, 250, 222, -1,
      251, 252, 253, -1,
      253, 252, 254, -1,
      252, 255, 254, -1,
      254, 255, 256, -1,
      254, 256, 213, -1,
      213, 256, 257, -1,
      213, 257, 225, -1,
      258, 259, 260, -1,
      260, 259, 261, -1,
      262, 263, 260, -1,
      260, 263, 264, -1,
      260, 264, 265, -1,
      265, 266, 260, -1,
      260, 266, 267, -1,
      260, 267, 258, -1,
      268, 269, 270, -1,
      270, 269, 271, -1,
      271, 269, 272, -1,
      272, 269, 273, -1,
      272, 273, 274, -1,
      274, 273, 275, -1,
      274, 275, 276, -1,
      275, 277, 276, -1,
      276, 277, 278, -1,
      276, 278, 279, -1,
      279, 278, 280, -1,
      279, 280, 281, -1,
      282, 283, 275, -1,
      275, 283, 284, -1,
      275, 284, 277, -1,
      285, 286, 287, -1,
      287, 288, 285, -1,
      285, 288, 289, -1,
      285, 289, 275, -1,
      275, 289, 290, -1,
      275, 290, 282, -1,
      291, 292, 293, -1,
      293, 292, 294, -1,
      293, 294, 295, -1,
      295, 296, 293, -1,
      293, 296, 297, -1,
      293, 297, 286, -1,
      286, 297, 298, -1,
      286, 298, 287, -1,
      299, 291, 300, -1,
      300, 291, 293, -1,
      300, 293, 301, -1,
      301, 293, 302, -1,
      303, 304, 305, -1,
      305, 304, 306, -1,
      306, 307, 305, -1,
      305, 307, 308, -1,
      305, 308, 309, -1,
      309, 308, 310, -1,
      309, 310, 311, -1,
      311, 310, 312, -1,
      311, 312, 293, -1,
      293, 312, 313, -1,
      293, 313, 302, -1,
      314, 315, 303, -1,
      303, 315, 316, -1,
      303, 316, 317, -1,
      317, 318, 303, -1,
      303, 318, 319, -1,
      303, 319, 304, -1,
      320, 321, 322, -1,
      323, 324, 325, -1,
      326, 327, 314, -1,
      328, 329, 330, -1,
      330, 329, 331, -1,
      323, 325, 332, -1,
      326, 314, 333, -1,
      334, 335, 329, -1,
      329, 335, 336, -1,
      329, 336, 337, -1,
      322, 321, 314, -1,
      314, 321, 338, -1,
      314, 338, 333, -1,
      324, 339, 325, -1,
      325, 339, 340, -1,
      325, 340, 341, -1,
      342, 343, 344, -1,
      344, 343, 345, -1,
      344, 345, 346, -1,
      347, 337, 348, -1,
      348, 337, 349, -1,
      348, 349, 344, -1,
      344, 349, 350, -1,
      344, 350, 342, -1,
      347, 351, 337, -1,
      337, 351, 352, -1,
      337, 352, 329, -1,
      329, 352, 353, -1,
      329, 353, 331, -1,
      354, 355, 356, -1,
      356, 355, 357, -1,
      356, 357, 325, -1,
      325, 357, 358, -1,
      325, 358, 332, -1,
      359, 360, 325, -1,
      325, 360, 361, -1,
      325, 361, 329, -1,
      329, 361, 362, -1,
      329, 362, 334, -1,
      363, 364, 315, -1,
      315, 364, 365, -1,
      315, 365, 366, -1,
      366, 367, 315, -1,
      315, 367, 368, -1,
      315, 368, 369, -1,
      369, 368, 354, -1,
      369, 354, 370, -1,
      370, 354, 356, -1,
      327, 371, 314, -1,
      314, 371, 372, -1,
      314, 372, 315, -1,
      315, 372, 373, -1,
      315, 373, 363, -1,
      341, 374, 325, -1,
      325, 374, 375, -1,
      325, 375, 376, -1,
      376, 377, 325, -1,
      325, 377, 378, -1,
      325, 378, 359, -1,
      379, 380, 381, -1,
      381, 337, 379, -1,
      379, 337, 336, -1,
      379, 336, 382, -1,
      382, 336, 383, -1,
      383, 384, 382, -1,
      382, 384, 385, -1,
      382, 385, 386, -1,
      387, 388, 389, -1,
      388, 390, 389, -1,
      389, 390, 391, -1,
      389, 391, 392, -1,
      393, 389, 394, -1,
      380, 379, 393, -1,
      393, 379, 395, -1,
      393, 395, 389, -1,
      389, 395, 396, -1,
      389, 396, 387, -1,
      394, 397, 393, -1,
      393, 397, 398, -1,
      393, 398, 399, -1,
      392, 391, 400, -1,
      400, 391, 401, -1,
      400, 401, 402, -1,
      402, 401, 403, -1,
      402, 403, 404, -1,
      405, 406, 399, -1,
      399, 406, 407, -1,
      399, 407, 393, -1,
      259, 408, 261, -1,
      261, 408, 409, -1,
      261, 409, 322, -1,
      322, 409, 410, -1,
      322, 410, 320, -1,
      99, 98, 411, -1,
      411, 98, 412, -1,
      411, 412, 413, -1,
      97, 96, 414, -1,
      414, 96, 415, -1,
      414, 415, 416, -1,
      417, 418, 419, -1,
      419, 418, 420, -1,
      419, 420, 421, -1,
      421, 420, 413, -1,
      421, 413, 422, -1,
      423, 424, 425, -1,
      425, 424, 426, -1,
      425, 426, 416, -1,
      427, 428, 429, -1,
      429, 428, 430, -1,
      431, 432, 433, -1,
      433, 432, 434, -1,
      433, 434, 435, -1,
      435, 434, 436, -1,
      435, 436, 437, -1,
      437, 436, 438, -1,
      437, 438, 439, -1,
      439, 438, 440, -1,
      439, 440, 441, -1,
      441, 440, 442, -1,
      429, 438, 427, -1,
      427, 438, 436, -1,
      427, 436, 443, -1,
      443, 436, 444, -1,
      443, 444, 445, -1,
      445, 444, 446, -1,
      445, 446, 447, -1,
      430, 428, 448, -1,
      448, 428, 61, -1,
      448, 61, 447, -1,
      447, 61, 60, -1,
      447, 60, 445, -1,
      8, 449, 450, -1,
      450, 449, 130, -1,
      450, 130, 451, -1,
      451, 130, 122, -1,
      451, 122, 452, -1,
      452, 122, 117, -1,
      452, 117, 453, -1,
      453, 117, 207, -1,
      453, 207, 454, -1,
      454, 207, 253, -1,
      454, 253, 455, -1,
      455, 253, 254, -1,
      206, 201, 207, -1,
      207, 201, 203, -1,
      207, 203, 253, -1,
      253, 203, 172, -1,
      253, 172, 251, -1,
      251, 172, 233, -1,
      251, 233, 456, -1,
      456, 233, 235, -1,
      449, 412, 130, -1,
      130, 412, 98, -1,
      130, 98, 131, -1,
      131, 98, 100, -1,
      131, 100, 104, -1,
      104, 100, 95, -1,
      104, 95, 105, -1,
      105, 95, 97, -1,
      6, 7, 9, -1,
      9, 7, 457, -1,
      9, 457, 458, -1,
      459, 322, 460, -1,
      460, 322, 314, -1,
      460, 314, 461, -1,
      461, 314, 303, -1,
      461, 303, 462, -1,
      462, 303, 305, -1,
      462, 305, 463, -1,
      459, 464, 465, -1,
      464, 466, 465, -1,
      465, 466, 467, -1,
      465, 467, 461, -1,
      461, 467, 468, -1,
      461, 468, 460, -1,
      469, 470, 471, -1,
      471, 470, 467, -1,
      471, 467, 472, -1,
      472, 467, 466, -1,
      472, 466, 473, -1,
      473, 466, 474, -1,
      426, 422, 416, -1,
      416, 422, 413, -1,
      416, 413, 414, -1,
      414, 413, 412, -1,
      414, 412, 475, -1,
      476, 477, 458, -1,
      458, 477, 478, -1,
      479, 480, 481, -1,
      481, 480, 482, -1,
      481, 482, 458, -1,
      458, 482, 483, -1,
      458, 483, 476, -1,
      478, 484, 458, -1,
      458, 484, 485, -1,
      458, 485, 486, -1,
      8, 9, 449, -1,
      449, 9, 458, -1,
      449, 458, 412, -1,
      412, 458, 486, -1,
      412, 486, 475, -1,
      475, 487, 414, -1,
      414, 487, 488, -1,
      414, 488, 481, -1,
      481, 488, 489, -1,
      481, 489, 490, -1,
      490, 491, 481, -1,
      481, 491, 492, -1,
      481, 492, 479, -1,
      493, 494, 458, -1,
      495, 496, 497, -1,
      458, 494, 481, -1,
      481, 494, 498, -1,
      481, 498, 499, -1,
      17, 77, 18, -1,
      18, 77, 465, -1,
      18, 465, 85, -1,
      85, 465, 461, -1,
      85, 461, 213, -1,
      213, 461, 462, -1,
      213, 462, 254, -1,
      254, 462, 463, -1,
      254, 463, 455, -1,
      481, 19, 414, -1,
      414, 19, 24, -1,
      414, 24, 97, -1,
      97, 24, 30, -1,
      97, 30, 105, -1,
      105, 30, 443, -1,
      105, 443, 112, -1,
      112, 443, 445, -1,
      112, 445, 141, -1,
      141, 445, 60, -1,
      141, 60, 88, -1,
      88, 60, 92, -1,
      88, 92, 89, -1,
      89, 92, 94, -1,
      459, 465, 322, -1,
      322, 465, 77, -1,
      322, 77, 261, -1,
      261, 77, 500, -1,
      261, 500, 260, -1,
      500, 501, 260, -1,
      260, 501, 0, -1,
      260, 0, 73, -1,
      73, 0, 2, -1,
      73, 2, 77, -1,
      77, 2, 502, -1,
      77, 502, 500, -1,
      503, 504, 32, -1,
      32, 504, 505, -1,
      32, 505, 30, -1,
      30, 505, 506, -1,
      30, 506, 507, -1,
      507, 508, 30, -1,
      30, 508, 509, -1,
      30, 509, 510, -1,
      427, 511, 32, -1,
      32, 511, 512, -1,
      32, 512, 513, -1,
      510, 514, 30, -1,
      30, 514, 515, -1,
      30, 515, 443, -1,
      443, 515, 516, -1,
      443, 516, 427, -1,
      427, 516, 517, -1,
      427, 517, 511, -1,
      513, 518, 32, -1,
      32, 518, 519, -1,
      32, 519, 503, -1,
      497, 493, 495, -1,
      495, 493, 458, -1,
      495, 458, 520, -1,
      520, 458, 457, -1,
      520, 457, 499, -1,
      499, 457, 521, -1,
      499, 521, 481, -1,
      481, 521, 522, -1,
      481, 522, 19, -1,
      19, 522, 523, -1,
      19, 523, 26, -1,
      3, 5, 7, -1,
      7, 5, 524, -1,
      7, 524, 457, -1,
      457, 524, 525, -1,
      457, 525, 521, -1,
      521, 525, 526, -1,
      521, 526, 522, -1,
      522, 526, 527, -1,
      522, 527, 523, -1,
      72, 528, 67, -1,
      67, 528, 529, -1,
      67, 529, 73, -1,
      73, 529, 530, -1,
      73, 530, 260, -1,
      260, 530, 269, -1,
      260, 269, 262, -1,
      262, 269, 268, -1,
      527, 531, 523, -1,
      523, 531, 532, -1,
      523, 532, 26, -1,
      26, 532, 533, -1,
      26, 533, 27, -1,
      27, 533, 534, -1,
      27, 534, 32, -1,
      32, 534, 535, -1,
      32, 535, 427, -1,
      427, 535, 536, -1,
      427, 536, 428, -1,
      428, 536, 537, -1,
      428, 537, 61, -1,
      61, 537, 538, -1,
      61, 538, 64, -1,
      64, 538, 539, -1,
      64, 539, 62, -1,
      62, 539, 529, -1,
      62, 529, 540, -1,
      540, 529, 528, -1,
      541, 542, 543, -1,
      543, 542, 544, -1,
      545, 546, 547, -1,
      547, 546, 548, -1,
      549, 550, 551, -1,
      551, 550, 552, -1,
      553, 554, 555, -1,
      555, 554, 556, -1,
      557, 558, 555, -1,
      559, 560, 561, -1,
      552, 546, 543, -1,
      543, 546, 545, -1,
      543, 545, 562, -1,
      552, 543, 551, -1,
      551, 543, 544, -1,
      551, 544, 555, -1,
      555, 544, 563, -1,
      555, 563, 557, -1,
      558, 564, 555, -1,
      555, 564, 565, -1,
      555, 565, 566, -1,
      552, 567, 546, -1,
      546, 567, 559, -1,
      546, 559, 568, -1,
      568, 559, 561, -1,
      569, 570, 571, -1,
      571, 570, 572, -1,
      555, 556, 551, -1,
      551, 556, 570, -1,
      551, 570, 573, -1,
      573, 570, 569, -1,
      562, 574, 575, -1,
      575, 576, 562, -1,
      562, 576, 577, -1,
      562, 577, 543, -1,
      548, 546, 568, -1,
      548, 568, 578, -1,
      578, 568, 561, -1,
      578, 561, 579, -1,
      579, 561, 560, -1,
      579, 560, 580, -1,
      580, 560, 559, -1,
      580, 559, 581, -1,
      581, 559, 567, -1,
      581, 567, 582, -1,
      582, 567, 552, -1,
      582, 552, 550, -1,
      547, 548, 583, -1,
      547, 583, 584, -1,
      584, 583, 585, -1,
      584, 585, 586, -1,
      586, 585, 587, -1,
      586, 587, 588, -1,
      588, 587, 589, -1,
      588, 589, 590, -1,
      590, 589, 591, -1,
      590, 591, 592, -1,
      592, 591, 273, -1,
      592, 273, 531, -1,
      541, 543, 577, -1,
      541, 577, 593, -1,
      593, 577, 576, -1,
      593, 576, 594, -1,
      594, 576, 575, -1,
      594, 575, 595, -1,
      595, 575, 574, -1,
      595, 574, 596, -1,
      596, 574, 562, -1,
      596, 562, 597, -1,
      597, 562, 545, -1,
      597, 545, 547, -1,
      550, 598, 599, -1,
      600, 601, 602, -1,
      273, 591, 603, -1,
      602, 601, 273, -1,
      604, 273, 601, -1,
      604, 601, 605, -1,
      605, 601, 600, -1,
      605, 600, 606, -1,
      607, 273, 604, -1,
      608, 609, 610, -1,
      610, 609, 603, -1,
      610, 603, 611, -1,
      611, 603, 591, -1,
      611, 591, 589, -1,
      607, 604, 612, -1,
      612, 604, 605, -1,
      612, 605, 613, -1,
      613, 605, 606, -1,
      613, 606, 614, -1,
      615, 608, 616, -1,
      616, 608, 610, -1,
      616, 610, 617, -1,
      617, 610, 611, -1,
      617, 611, 618, -1,
      618, 611, 589, -1,
      618, 589, 587, -1,
      619, 615, 620, -1,
      620, 615, 616, -1,
      620, 616, 621, -1,
      621, 616, 617, -1,
      621, 617, 622, -1,
      622, 617, 618, -1,
      622, 618, 623, -1,
      623, 618, 587, -1,
      623, 587, 585, -1,
      598, 619, 599, -1,
      599, 619, 620, -1,
      599, 620, 624, -1,
      624, 620, 621, -1,
      624, 621, 625, -1,
      625, 621, 622, -1,
      625, 622, 626, -1,
      626, 622, 623, -1,
      626, 623, 627, -1,
      627, 623, 585, -1,
      627, 585, 583, -1,
      550, 599, 582, -1,
      582, 599, 624, -1,
      582, 624, 581, -1,
      581, 624, 625, -1,
      581, 625, 580, -1,
      580, 625, 626, -1,
      580, 626, 579, -1,
      579, 626, 627, -1,
      579, 627, 578, -1,
      578, 627, 583, -1,
      578, 583, 548, -1,
      609, 273, 603, -1,
      598, 614, 619, -1,
      619, 614, 606, -1,
      619, 606, 615, -1,
      615, 606, 600, -1,
      615, 600, 608, -1,
      608, 600, 602, -1,
      608, 602, 609, -1,
      609, 602, 273, -1,
      547, 584, 628, -1,
      629, 630, 631, -1,
      531, 632, 633, -1,
      631, 630, 531, -1,
      634, 531, 630, -1,
      634, 630, 635, -1,
      635, 630, 629, -1,
      635, 629, 636, -1,
      592, 531, 634, -1,
      637, 638, 639, -1,
      639, 638, 633, -1,
      639, 633, 640, -1,
      640, 633, 632, -1,
      640, 632, 641, -1,
      592, 634, 590, -1,
      590, 634, 635, -1,
      590, 635, 588, -1,
      588, 635, 636, -1,
      588, 636, 586, -1,
      642, 637, 643, -1,
      643, 637, 639, -1,
      643, 639, 644, -1,
      644, 639, 640, -1,
      644, 640, 645, -1,
      645, 640, 641, -1,
      645, 641, 646, -1,
      647, 642, 648, -1,
      648, 642, 643, -1,
      648, 643, 649, -1,
      649, 643, 644, -1,
      649, 644, 650, -1,
      650, 644, 645, -1,
      650, 645, 651, -1,
      651, 645, 646, -1,
      651, 646, 652, -1,
      584, 647, 628, -1,
      628, 647, 648, -1,
      628, 648, 653, -1,
      653, 648, 649, -1,
      653, 649, 654, -1,
      654, 649, 650, -1,
      654, 650, 655, -1,
      655, 650, 651, -1,
      655, 651, 656, -1,
      656, 651, 652, -1,
      656, 652, 657, -1,
      547, 628, 597, -1,
      597, 628, 653, -1,
      597, 653, 596, -1,
      596, 653, 654, -1,
      596, 654, 595, -1,
      595, 654, 655, -1,
      595, 655, 594, -1,
      594, 655, 656, -1,
      594, 656, 593, -1,
      593, 656, 657, -1,
      593, 657, 541, -1,
      638, 531, 633, -1,
      584, 586, 647, -1,
      647, 586, 636, -1,
      647, 636, 642, -1,
      642, 636, 629, -1,
      642, 629, 637, -1,
      637, 629, 631, -1,
      637, 631, 638, -1,
      638, 631, 531, -1,
      549, 551, 573, -1,
      549, 573, 658, -1,
      658, 573, 569, -1,
      658, 569, 659, -1,
      659, 569, 571, -1,
      659, 571, 660, -1,
      660, 571, 572, -1,
      660, 572, 661, -1,
      661, 572, 570, -1,
      661, 570, 662, -1,
      662, 570, 556, -1,
      662, 556, 554, -1,
      550, 549, 663, -1,
      550, 663, 598, -1,
      598, 663, 664, -1,
      598, 664, 614, -1,
      614, 664, 665, -1,
      614, 665, 613, -1,
      613, 665, 666, -1,
      613, 666, 612, -1,
      612, 666, 667, -1,
      612, 667, 607, -1,
      607, 667, 309, -1,
      607, 309, 273, -1,
      542, 541, 657, -1,
      542, 657, 668, -1,
      668, 657, 652, -1,
      668, 652, 669, -1,
      669, 652, 646, -1,
      669, 646, 670, -1,
      670, 646, 641, -1,
      670, 641, 671, -1,
      671, 641, 632, -1,
      671, 632, 672, -1,
      672, 632, 531, -1,
      672, 531, 4, -1,
      555, 566, 553, -1,
      553, 566, 673, -1,
      673, 566, 674, -1,
      674, 566, 565, -1,
      674, 565, 675, -1,
      675, 565, 676, -1,
      676, 565, 564, -1,
      676, 564, 677, -1,
      558, 678, 564, -1,
      564, 678, 679, -1,
      564, 679, 677, -1,
      680, 681, 557, -1,
      557, 681, 682, -1,
      557, 682, 558, -1,
      558, 682, 683, -1,
      558, 683, 678, -1,
      557, 563, 680, -1,
      680, 563, 544, -1,
      680, 544, 542, -1,
      554, 684, 685, -1,
      686, 687, 688, -1,
      309, 667, 689, -1,
      688, 687, 309, -1,
      690, 309, 687, -1,
      690, 687, 691, -1,
      691, 687, 686, -1,
      691, 686, 692, -1,
      693, 309, 690, -1,
      694, 695, 696, -1,
      696, 695, 689, -1,
      696, 689, 697, -1,
      697, 689, 667, -1,
      697, 667, 666, -1,
      693, 690, 698, -1,
      698, 690, 691, -1,
      698, 691, 699, -1,
      699, 691, 692, -1,
      699, 692, 700, -1,
      701, 694, 702, -1,
      702, 694, 696, -1,
      702, 696, 703, -1,
      703, 696, 697, -1,
      703, 697, 704, -1,
      704, 697, 666, -1,
      704, 666, 665, -1,
      705, 701, 706, -1,
      706, 701, 702, -1,
      706, 702, 707, -1,
      707, 702, 703, -1,
      707, 703, 708, -1,
      708, 703, 704, -1,
      708, 704, 709, -1,
      709, 704, 665, -1,
      709, 665, 664, -1,
      684, 705, 685, -1,
      685, 705, 706, -1,
      685, 706, 710, -1,
      710, 706, 707, -1,
      710, 707, 711, -1,
      711, 707, 708, -1,
      711, 708, 712, -1,
      712, 708, 709, -1,
      712, 709, 713, -1,
      713, 709, 664, -1,
      713, 664, 663, -1,
      554, 685, 662, -1,
      662, 685, 710, -1,
      662, 710, 661, -1,
      661, 710, 711, -1,
      661, 711, 660, -1,
      660, 711, 712, -1,
      660, 712, 659, -1,
      659, 712, 713, -1,
      659, 713, 658, -1,
      658, 713, 663, -1,
      658, 663, 549, -1,
      695, 309, 689, -1,
      684, 700, 705, -1,
      705, 700, 692, -1,
      705, 692, 701, -1,
      701, 692, 686, -1,
      701, 686, 694, -1,
      694, 686, 688, -1,
      694, 688, 695, -1,
      695, 688, 309, -1,
      673, 674, 714, -1,
      675, 676, 715, -1,
      677, 679, 716, -1,
      678, 683, 717, -1,
      682, 681, 718, -1,
      680, 542, 668, -1,
      681, 680, 718, -1,
      718, 680, 668, -1,
      718, 668, 719, -1,
      719, 668, 669, -1,
      719, 669, 720, -1,
      720, 669, 670, -1,
      720, 670, 721, -1,
      721, 670, 671, -1,
      721, 671, 722, -1,
      722, 671, 672, -1,
      722, 672, 4, -1,
      683, 682, 717, -1,
      717, 682, 718, -1,
      717, 718, 723, -1,
      723, 718, 719, -1,
      723, 719, 724, -1,
      724, 719, 720, -1,
      724, 720, 725, -1,
      725, 720, 721, -1,
      725, 721, 726, -1,
      726, 721, 722, -1,
      726, 722, 4, -1,
      679, 678, 716, -1,
      716, 678, 717, -1,
      716, 717, 727, -1,
      727, 717, 723, -1,
      727, 723, 728, -1,
      728, 723, 724, -1,
      728, 724, 729, -1,
      729, 724, 725, -1,
      729, 725, 730, -1,
      730, 725, 726, -1,
      730, 726, 4, -1,
      676, 677, 715, -1,
      715, 677, 716, -1,
      715, 716, 731, -1,
      731, 716, 727, -1,
      731, 727, 732, -1,
      732, 727, 728, -1,
      732, 728, 733, -1,
      733, 728, 729, -1,
      733, 729, 734, -1,
      734, 729, 730, -1,
      734, 730, 4, -1,
      674, 675, 714, -1,
      714, 675, 715, -1,
      714, 715, 735, -1,
      735, 715, 731, -1,
      735, 731, 736, -1,
      736, 731, 732, -1,
      736, 732, 737, -1,
      737, 732, 733, -1,
      737, 733, 738, -1,
      738, 733, 734, -1,
      738, 734, 4, -1,
      553, 673, 739, -1,
      739, 673, 714, -1,
      739, 714, 740, -1,
      740, 714, 735, -1,
      740, 735, 741, -1,
      741, 735, 736, -1,
      741, 736, 742, -1,
      742, 736, 737, -1,
      742, 737, 743, -1,
      743, 737, 738, -1,
      743, 738, 4, -1,
      554, 553, 739, -1,
      554, 739, 684, -1,
      684, 739, 740, -1,
      684, 740, 700, -1,
      700, 740, 741, -1,
      700, 741, 699, -1,
      699, 741, 742, -1,
      699, 742, 698, -1,
      698, 742, 743, -1,
      698, 743, 693, -1,
      693, 743, 4, -1,
      693, 4, 309, -1,
    ]
  }
}

Shape {
  appearance Appearance {
    material Material {
      diffuseColor 1.0000 1.0000 1.0000
      specularColor 0.5020 0.5020 0.5020
      ambientIntensity 0.2
      transparency 0.0000
      shininess 0.5
    }
  }
  geometry IndexedFaceSet {
    ccw TRUE
    solid FALSE
    coord DEF co Coordinate {
      point [
        0.367985 -0.312338 0.472441,
        0.384862 -0.305219 0.472441,
        0.383806 -0.307437 0.472441,
        0.382212 -0.309333 0.472441,
        0.384300 -0.296345 0.472441,
        0.385092 -0.298392 0.472441,
        0.385447 -0.301339 0.472441,
        0.385382 -0.302707 0.472441,
        0.379964 -0.310944 0.472441,
        0.377517 -0.311897 0.472441,
        0.373884 -0.312338 0.472441,
        0.367985 -0.290889 0.472441,
        0.374103 -0.290889 0.472441,
        0.377378 -0.291251 0.472441,
        0.379967 -0.292196 0.472441,
        0.382212 -0.293729 0.472441,
        0.382973 -0.294474 0.472441,
        0.382212 -0.309333 0.476378,
        0.379988 -0.307894 0.476378,
        0.379964 -0.310944 0.476378,
        0.378603 -0.308854 0.476378,
        0.377517 -0.311897 0.476378,
        0.376829 -0.309540 0.476378,
        0.373884 -0.312338 0.476378,
        0.373867 -0.309893 0.476378,
        0.367985 -0.312338 0.476378,
        0.370753 -0.309893 0.476378,
        0.367985 -0.290889 0.476378,
        0.370753 -0.293356 0.476378,
        0.374103 -0.290889 0.476378,
        0.373994 -0.293356 0.476378,
        0.374160 -0.293357 0.476378,
        0.377378 -0.291251 0.476378,
        0.376922 -0.293703 0.476378,
        0.379967 -0.292196 0.476378,
        0.378754 -0.294403 0.476378,
        0.382212 -0.293729 0.476378,
        0.380183 -0.295374 0.476378,
        0.382973 -0.294474 0.476378,
        0.380787 -0.295970 0.476378,
        0.384300 -0.296345 0.476378,
        0.381617 -0.297173 0.476378,
        0.385092 -0.298392 0.476378,
        0.382220 -0.298742 0.476378,
        0.385447 -0.301339 0.476378,
        0.382536 -0.301416 0.476378,
        0.385382 -0.302707 0.476378,
        0.382456 -0.302850 0.476378,
        0.384862 -0.305219 0.476378,
        0.382029 -0.304798 0.476378,
        0.383806 -0.307437 0.476378,
        0.381280 -0.306380 0.476378,
        0.380244 -0.307656 0.476378,
        0.380183 -0.295374 0.472441,
        0.380787 -0.295970 0.472441,
        0.381617 -0.297173 0.472441,
        0.382220 -0.298742 0.472441,
        0.382536 -0.301416 0.472441,
        0.373994 -0.293356 0.472441,
        0.374160 -0.293357 0.472441,
        0.376922 -0.293703 0.472441,
        0.378754 -0.294403 0.472441,
        0.370753 -0.293356 0.472441,
        0.370753 -0.309893 0.472441,
        0.373867 -0.309893 0.472441,
        0.380244 -0.307656 0.472441,
        0.379988 -0.307894 0.472441,
        0.378603 -0.308854 0.472441,
        0.376829 -0.309540 0.472441,
        0.382456 -0.302850 0.472441,
        0.382029 -0.304798 0.472441,
        0.381280 -0.306380 0.472441,
      ]
    }
    coordIndex [
      17, 18, 19, -1,
      19, 18, 20, -1,
      19, 20, 21, -1,
      21, 20, 22, -1,
      21, 22, 23, -1,
      23, 22, 24, -1,
      23, 24, 25, -1,
      25, 24, 26, -1,
      25, 26, 27, -1,
      27, 26, 28, -1,
      27, 28, 29, -1,
      28, 30, 29, -1,
      29, 30, 31, -1,
      29, 31, 32, -1,
      32, 31, 33, -1,
      32, 33, 34, -1,
      34, 33, 35, -1,
      34, 35, 36, -1,
      36, 35, 37, -1,
      36, 37, 38, -1,
      38, 37, 39, -1,
      38, 39, 40, -1,
      40, 39, 41, -1,
      40, 41, 42, -1,
      42, 41, 43, -1,
      42, 43, 44, -1,
      44, 43, 45, -1,
      44, 45, 46, -1,
      46, 45, 47, -1,
      46, 47, 48, -1,
      48, 47, 49, -1,
      48, 49, 50, -1,
      50, 49, 51, -1,
      50, 51, 17, -1,
      17, 51, 52, -1,
      17, 52, 18, -1,
      17, 3, 2, -1,
      17, 2, 50, -1,
      50, 2, 1, -1,
      50, 1, 48, -1,
      48, 1, 7, -1,
      48, 7, 46, -1,
      46, 7, 6, -1,
      46, 6, 44, -1,
      44, 6, 5, -1,
      44, 5, 42, -1,
      42, 5, 4, -1,
      42, 4, 40, -1,
      40, 4, 16, -1,
      40, 16, 38, -1,
      38, 16, 15, -1,
      38, 15, 36, -1,
      36, 15, 14, -1,
      36, 14, 34, -1,
      34, 14, 13, -1,
      34, 13, 32, -1,
      32, 13, 12, -1,
      32, 12, 29, -1,
      27, 29, 11, -1,
      11, 29, 12, -1,
      25, 27, 0, -1,
      0, 27, 11, -1,
      23, 25, 10, -1,
      10, 25, 0, -1,
      23, 10, 9, -1,
      23, 9, 21, -1,
      21, 9, 8, -1,
      21, 8, 19, -1,
      19, 8, 3, -1,
      19, 3, 17, -1,
      37, 53, 54, -1,
      37, 54, 39, -1,
      39, 54, 55, -1,
      39, 55, 41, -1,
      41, 55, 56, -1,
      41, 56, 43, -1,
      43, 56, 57, -1,
      43, 57, 45, -1,
      30, 58, 59, -1,
      30, 59, 31, -1,
      31, 59, 60, -1,
      31, 60, 33, -1,
      33, 60, 61, -1,
      33, 61, 35, -1,
      35, 61, 53, -1,
      35, 53, 37, -1,
      30, 28, 58, -1,
      58, 28, 62, -1,
      28, 26, 62, -1,
      62, 26, 63, -1,
      26, 24, 63, -1,
      63, 24, 64, -1,
      52, 65, 66, -1,
      52, 66, 18, -1,
      18, 66, 67, -1,
      18, 67, 20, -1,
      20, 67, 68, -1,
      20, 68, 22, -1,
      22, 68, 64, -1,
      22, 64, 24, -1,
      45, 57, 69, -1,
      45, 69, 47, -1,
      47, 69, 70, -1,
      47, 70, 49, -1,
      49, 70, 71, -1,
      49, 71, 51, -1,
      51, 71, 65, -1,
      51, 65, 52, -1,
    ]
  }
}

Shape {
  appearance Appearance {
    material Material {
      diffuseColor 0.3490 0.3490 0.3490
      specularColor 0.0235 0.0235 0.0235
      ambientIntensity 0.2
      transparency 0.0000
      shininess 0.5
    }
  }
  geometry IndexedFaceSet {
    ccw TRUE
    solid FALSE
    coord DEF co Coordinate {
      point [
        0.380183 -0.295374 0.472441,
        0.380787 -0.295970 0.472441,
        0.381617 -0.297173 0.472441,
        0.382220 -0.298742 0.472441,
        0.382536 -0.301416 0.472441,
        0.373994 -0.293356 0.472441,
        0.374160 -0.293357 0.472441,
        0.376922 -0.293703 0.472441,
        0.378754 -0.294403 0.472441,
        0.370753 -0.293356 0.472441,
        0.370753 -0.309893 0.472441,
        0.373867 -0.309893 0.472441,
        0.380244 -0.307656 0.472441,
        0.379988 -0.307894 0.472441,
        0.378603 -0.308854 0.472441,
        0.376829 -0.309540 0.472441,
        0.382456 -0.302850 0.472441,
        0.382029 -0.304798 0.472441,
        0.381280 -0.306380 0.472441,
      ]
    }
    coordIndex [
      14, 13, 6, -1,
      9, 10, 5, -1,
      5, 10, 11, -1,
      5, 11, 6, -1,
      6, 11, 15, -1,
      6, 15, 14, -1,
      13, 12, 6, -1,
      6, 12, 18, -1,
      6, 18, 17, -1,
      4, 0, 8, -1,
      3, 2, 4, -1,
      4, 2, 1, -1,
      4, 1, 0, -1,
      17, 16, 6, -1,
      6, 16, 4, -1,
      6, 4, 7, -1,
      7, 4, 8, -1,
    ]
  }
}

Shape {
  appearance Appearance {
    material Material {
      diffuseColor 1.0000 1.0000 1.0000
      specularColor 0.5020 0.5020 0.5020
      ambientIntensity 0.2
      transparency 0.0000
      shininess 0.5
    }
  }
  geometry IndexedFaceSet {
    ccw TRUE
    solid FALSE
    coord DEF co Coordinate {
      point [
        0.329268 -0.312498 0.472441,
        0.329063 -0.312519 0.472441,
        0.338595 -0.316621 0.472441,
        0.339096 -0.316063 0.472441,
        0.341804 -0.308533 0.472441,
        0.342133 -0.309794 0.472441,
        0.342204 -0.309794 0.472441,
        0.349502 -0.297019 0.472441,
        0.346717 -0.297019 0.472441,
        0.339098 -0.300749 0.472441,
        0.342533 -0.308555 0.472441,
        0.342328 -0.309269 0.472441,
        0.339098 -0.307960 0.472441,
        0.334797 -0.297019 0.472441,
        0.337802 -0.297019 0.472441,
        0.340806 -0.312305 0.472441,
        0.340716 -0.312519 0.472441,
        0.339628 -0.315090 0.472441,
        0.335351 -0.319334 0.472441,
        0.335351 -0.316943 0.472441,
        0.339098 -0.319074 0.472441,
        0.338169 -0.319428 0.472441,
        0.337083 -0.319553 0.472441,
        0.336491 -0.319531 0.472441,
        0.336875 -0.317250 0.472441,
        0.337545 -0.317172 0.472441,
        0.338130 -0.316946 0.472441,
        0.342550 -0.314652 0.472441,
        0.341334 -0.317020 0.472441,
        0.343391 -0.312519 0.472441,
        0.340351 -0.318201 0.472441,
        0.340167 -0.318369 0.472441,
        0.339229 -0.319024 0.472441,
        0.332500 -0.305638 0.472441,
        0.333002 -0.306378 0.472441,
        0.332665 -0.299957 0.472441,
        0.332941 -0.310102 0.472441,
        0.332441 -0.310810 0.472441,
        0.325639 -0.297384 0.472441,
        0.324791 -0.297885 0.472441,
        0.324295 -0.298331 0.472441,
        0.333288 -0.307170 0.472441,
        0.333399 -0.308171 0.472441,
        0.333271 -0.309250 0.472441,
        0.327126 -0.296868 0.472441,
        0.329035 -0.296668 0.472441,
        0.332665 -0.297348 0.472441,
        0.330894 -0.296830 0.472441,
        0.331672 -0.311482 0.472441,
        0.330771 -0.312004 0.472441,
        0.328772 -0.298850 0.472441,
        0.327976 -0.298910 0.472441,
        0.325839 -0.300911 0.472441,
        0.327258 -0.299100 0.472441,
        0.326656 -0.299420 0.472441,
        0.325863 -0.301269 0.472441,
        0.325970 -0.301686 0.472441,
        0.326163 -0.302049 0.472441,
        0.326425 -0.302337 0.472441,
        0.327372 -0.302929 0.472441,
        0.330521 -0.299047 0.472441,
        0.329035 -0.303653 0.472441,
        0.332038 -0.299599 0.472441,
        0.330075 -0.304074 0.472441,
        0.331859 -0.305066 0.472441,
        0.326250 -0.299778 0.472441,
        0.326020 -0.300120 0.472441,
        0.325887 -0.300483 0.472441,
        0.323053 -0.309026 0.472441,
        0.323995 -0.298601 0.472441,
        0.323496 -0.299327 0.472441,
        0.324105 -0.309676 0.472441,
        0.324295 -0.309748 0.472441,
        0.324295 -0.304052 0.472441,
        0.323832 -0.303576 0.472441,
        0.323481 -0.303016 0.472441,
        0.323185 -0.302196 0.472441,
        0.323070 -0.301153 0.472441,
        0.323176 -0.300192 0.472441,
        0.324271 -0.304036 0.472441,
        0.325789 -0.310310 0.472441,
        0.327138 -0.305605 0.472441,
        0.325537 -0.304871 0.472441,
        0.327472 -0.310506 0.472441,
        0.327591 -0.310506 0.472441,
        0.328902 -0.306344 0.472441,
        0.328968 -0.310351 0.472441,
        0.330641 -0.308434 0.472441,
        0.330615 -0.308100 0.472441,
        0.329661 -0.310098 0.472441,
        0.329906 -0.309949 0.472441,
        0.330215 -0.309675 0.472441,
        0.330449 -0.309328 0.472441,
        0.330586 -0.308946 0.472441,
        0.330493 -0.307680 0.472441,
        0.330285 -0.307324 0.472441,
        0.329950 -0.306976 0.472441,
        0.325646 -0.312519 0.472441,
        0.324720 -0.312411 0.472441,
        0.324295 -0.312256 0.472441,
        0.323053 -0.311800 0.472441,
        0.327209 -0.312700 0.472441,
        0.335901 -0.317123 0.472441,
        0.308215 -0.305007 0.472441,
        0.308601 -0.300703 0.472441,
        0.307670 -0.305770 0.472441,
        0.307293 -0.306712 0.472441,
        0.307563 -0.310368 0.472441,
        0.307237 -0.309460 0.472441,
        0.315517 -0.296819 0.472441,
        0.316644 -0.297165 0.472441,
        0.309050 -0.304296 0.472441,
        0.310217 -0.303713 0.472441,
        0.310209 -0.299656 0.472441,
        0.312186 -0.303236 0.472441,
        0.314533 -0.298945 0.472441,
        0.313623 -0.298850 0.472441,
        0.311885 -0.299047 0.472441,
        0.309324 -0.312124 0.472441,
        0.308420 -0.311493 0.472441,
        0.308122 -0.311192 0.472441,
        0.317533 -0.297679 0.472441,
        0.318247 -0.298368 0.472441,
        0.318794 -0.299242 0.472441,
        0.316726 -0.309969 0.472441,
        0.316655 -0.309969 0.472441,
        0.316726 -0.312338 0.472441,
        0.316220 -0.310628 0.472441,
        0.315369 -0.311535 0.472441,
        0.308601 -0.298093 0.472441,
        0.309162 -0.297769 0.472441,
        0.311161 -0.296996 0.472441,
        0.313875 -0.296668 0.472441,
        0.307104 -0.308237 0.472441,
        0.307114 -0.307860 0.472441,
        0.316726 -0.302600 0.472441,
        0.316633 -0.301412 0.472441,
        0.316355 -0.300456 0.472441,
        0.316039 -0.299902 0.472441,
        0.319212 -0.300475 0.472441,
        0.319413 -0.302480 0.472441,
        0.319413 -0.312338 0.472441,
        0.315633 -0.299470 0.472441,
        0.315156 -0.299163 0.472441,
        0.313426 -0.312519 0.472441,
        0.313356 -0.312544 0.472441,
        0.311962 -0.312700 0.472441,
        0.310404 -0.312519 0.472441,
        0.310354 -0.312513 0.472441,
        0.314443 -0.312149 0.472441,
        0.342533 -0.308555 0.476378,
        0.342328 -0.309269 0.476378,
        0.342204 -0.309794 0.476378,
        0.342133 -0.309794 0.476378,
        0.341804 -0.308533 0.476378,
        0.337802 -0.297019 0.476378,
        0.334797 -0.297019 0.476378,
        0.340806 -0.312305 0.476378,
        0.339628 -0.315090 0.476378,
        0.339096 -0.316063 0.476378,
        0.338595 -0.316621 0.476378,
        0.338130 -0.316946 0.476378,
        0.337545 -0.317172 0.476378,
        0.336875 -0.317250 0.476378,
        0.335901 -0.317123 0.476378,
        0.335351 -0.316943 0.476378,
        0.335351 -0.319334 0.476378,
        0.336491 -0.319531 0.476378,
        0.337083 -0.319553 0.476378,
        0.338169 -0.319428 0.476378,
        0.339229 -0.319024 0.476378,
        0.340167 -0.318369 0.476378,
        0.340351 -0.318201 0.476378,
        0.341334 -0.317020 0.476378,
        0.342550 -0.314652 0.476378,
        0.349502 -0.297019 0.476378,
        0.346717 -0.297019 0.476378,
        0.327209 -0.312700 0.476378,
        0.329268 -0.312498 0.476378,
        0.330771 -0.312004 0.476378,
        0.331672 -0.311482 0.476378,
        0.332441 -0.310810 0.476378,
        0.332941 -0.310102 0.476378,
        0.333271 -0.309250 0.476378,
        0.333399 -0.308171 0.476378,
        0.333288 -0.307170 0.476378,
        0.333002 -0.306378 0.476378,
        0.332500 -0.305638 0.476378,
        0.331859 -0.305066 0.476378,
        0.330075 -0.304074 0.476378,
        0.329035 -0.303653 0.476378,
        0.327372 -0.302929 0.476378,
        0.326425 -0.302337 0.476378,
        0.326163 -0.302049 0.476378,
        0.325970 -0.301686 0.476378,
        0.325863 -0.301269 0.476378,
        0.325839 -0.300911 0.476378,
        0.325887 -0.300483 0.476378,
        0.326020 -0.300120 0.476378,
        0.326250 -0.299778 0.476378,
        0.326656 -0.299420 0.476378,
        0.327258 -0.299100 0.476378,
        0.327976 -0.298910 0.476378,
        0.328772 -0.298850 0.476378,
        0.330521 -0.299047 0.476378,
        0.332038 -0.299599 0.476378,
        0.332665 -0.299957 0.476378,
        0.332665 -0.297348 0.476378,
        0.330894 -0.296830 0.476378,
        0.329035 -0.296668 0.476378,
        0.327126 -0.296868 0.476378,
        0.325639 -0.297384 0.476378,
        0.324791 -0.297885 0.476378,
        0.323995 -0.298601 0.476378,
        0.323496 -0.299327 0.476378,
        0.323176 -0.300192 0.476378,
        0.323070 -0.301153 0.476378,
        0.323185 -0.302196 0.476378,
        0.323481 -0.303016 0.476378,
        0.323832 -0.303576 0.476378,
        0.327138 -0.305605 0.476378,
        0.325537 -0.304871 0.476378,
        0.324271 -0.304036 0.476378,
        0.328902 -0.306344 0.476378,
        0.329950 -0.306976 0.476378,
        0.330285 -0.307324 0.476378,
        0.330493 -0.307680 0.476378,
        0.330615 -0.308100 0.476378,
        0.330641 -0.308434 0.476378,
        0.330586 -0.308946 0.476378,
        0.330449 -0.309328 0.476378,
        0.330215 -0.309675 0.476378,
        0.329906 -0.309949 0.476378,
        0.329661 -0.310098 0.476378,
        0.328968 -0.310351 0.476378,
        0.327591 -0.310506 0.476378,
        0.327472 -0.310506 0.476378,
        0.323053 -0.309026 0.476378,
        0.324105 -0.309676 0.476378,
        0.325789 -0.310310 0.476378,
        0.323053 -0.311800 0.476378,
        0.324720 -0.312411 0.476378,
        0.316726 -0.312338 0.476378,
        0.319413 -0.312338 0.476378,
        0.316726 -0.309969 0.476378,
        0.319413 -0.302480 0.476378,
        0.316726 -0.302600 0.476378,
        0.310869 -0.305822 0.476378,
        0.311489 -0.305520 0.476378,
        0.316655 -0.309969 0.476378,
        0.315238 -0.309574 0.476378,
        0.316220 -0.310628 0.476378,
        0.314479 -0.310087 0.476378,
        0.313141 -0.305133 0.476378,
        0.316726 -0.304651 0.476378,
        0.316726 -0.306120 0.476378,
        0.316724 -0.306298 0.476378,
        0.316550 -0.307497 0.476378,
        0.316156 -0.308456 0.476378,
        0.315575 -0.309245 0.476378,
        0.316633 -0.301412 0.476378,
        0.319212 -0.300475 0.476378,
        0.316355 -0.300456 0.476378,
        0.318794 -0.299242 0.476378,
        0.316039 -0.299902 0.476378,
        0.318247 -0.298368 0.476378,
        0.315633 -0.299470 0.476378,
        0.317533 -0.297679 0.476378,
        0.315156 -0.299163 0.476378,
        0.316644 -0.297165 0.476378,
        0.314533 -0.298945 0.476378,
        0.315517 -0.296819 0.476378,
        0.313623 -0.298850 0.476378,
        0.313875 -0.296668 0.476378,
        0.311885 -0.299047 0.476378,
        0.311161 -0.296996 0.476378,
        0.310209 -0.299656 0.476378,
        0.309162 -0.297769 0.476378,
        0.308601 -0.300703 0.476378,
        0.308601 -0.298093 0.476378,
        0.310379 -0.309575 0.476378,
        0.308420 -0.311493 0.476378,
        0.310607 -0.309805 0.476378,
        0.309324 -0.312124 0.476378,
        0.311143 -0.310170 0.476378,
        0.310354 -0.312513 0.476378,
        0.311750 -0.310393 0.476378,
        0.311962 -0.312700 0.476378,
        0.312658 -0.310495 0.476378,
        0.313356 -0.312544 0.476378,
        0.313663 -0.310383 0.476378,
        0.314443 -0.312149 0.476378,
        0.315369 -0.311535 0.476378,
        0.309852 -0.307591 0.476378,
        0.307114 -0.307860 0.476378,
        0.309829 -0.308017 0.476378,
        0.307104 -0.308237 0.476378,
        0.309897 -0.308634 0.476378,
        0.307237 -0.309460 0.476378,
        0.310074 -0.309122 0.476378,
        0.307563 -0.310368 0.476378,
        0.308122 -0.311192 0.476378,
        0.312186 -0.303236 0.476378,
        0.310217 -0.303713 0.476378,
        0.310542 -0.306076 0.476378,
        0.309050 -0.304296 0.476378,
        0.310220 -0.306474 0.476378,
        0.308215 -0.305007 0.476378,
        0.309984 -0.306976 0.476378,
        0.307670 -0.305770 0.476378,
        0.307293 -0.306712 0.476378,
        0.315575 -0.309245 0.472441,
        0.315238 -0.309574 0.472441,
        0.314479 -0.310087 0.472441,
        0.313663 -0.310383 0.472441,
        0.312658 -0.310495 0.472441,
        0.316726 -0.306120 0.472441,
        0.316724 -0.306298 0.472441,
        0.316550 -0.307497 0.472441,
        0.316156 -0.308456 0.472441,
        0.316726 -0.304651 0.472441,
        0.313141 -0.305133 0.472441,
        0.310542 -0.306076 0.472441,
        0.310869 -0.305822 0.472441,
        0.311489 -0.305520 0.472441,
        0.309829 -0.308017 0.472441,
        0.309852 -0.307591 0.472441,
        0.309984 -0.306976 0.472441,
        0.310220 -0.306474 0.472441,
        0.310607 -0.309805 0.472441,
        0.310379 -0.309575 0.472441,
        0.310074 -0.309122 0.472441,
        0.309897 -0.308634 0.472441,
        0.311750 -0.310393 0.472441,
        0.311143 -0.310170 0.472441,
      ]
    }
    coordIndex [
      150, 10, 11, -1,
      150, 11, 151, -1,
      151, 11, 6, -1,
      151, 6, 152, -1,
      153, 152, 5, -1,
      5, 152, 6, -1,
      154, 153, 4, -1,
      4, 153, 5, -1,
      154, 4, 155, -1,
      155, 4, 9, -1,
      155, 9, 14, -1,
      156, 155, 13, -1,
      13, 155, 14, -1,
      156, 13, 157, -1,
      157, 13, 12, -1,
      157, 12, 15, -1,
      17, 158, 16, -1,
      16, 158, 157, -1,
      16, 157, 15, -1,
      158, 17, 3, -1,
      158, 3, 159, -1,
      159, 3, 2, -1,
      159, 2, 160, -1,
      160, 2, 26, -1,
      160, 26, 161, -1,
      161, 26, 25, -1,
      161, 25, 162, -1,
      162, 25, 24, -1,
      162, 24, 163, -1,
      163, 24, 102, -1,
      163, 102, 164, -1,
      164, 102, 19, -1,
      164, 19, 165, -1,
      166, 165, 18, -1,
      18, 165, 19, -1,
      166, 18, 23, -1,
      166, 23, 167, -1,
      167, 23, 22, -1,
      167, 22, 168, -1,
      168, 22, 21, -1,
      168, 21, 169, -1,
      169, 21, 20, -1,
      169, 20, 170, -1,
      20, 32, 170, -1,
      170, 32, 31, -1,
      170, 31, 171, -1,
      171, 31, 30, -1,
      171, 30, 172, -1,
      172, 30, 28, -1,
      172, 28, 173, -1,
      173, 28, 27, -1,
      173, 27, 174, -1,
      7, 175, 29, -1,
      29, 175, 174, -1,
      29, 174, 27, -1,
      176, 175, 8, -1,
      8, 175, 7, -1,
      150, 176, 10, -1,
      10, 176, 8, -1,
      151, 152, 174, -1,
      175, 176, 174, -1,
      174, 176, 150, -1,
      174, 150, 151, -1,
      155, 156, 154, -1,
      154, 156, 157, -1,
      154, 157, 153, -1,
      165, 166, 164, -1,
      164, 166, 167, -1,
      164, 167, 163, -1,
      163, 167, 168, -1,
      163, 168, 162, -1,
      162, 168, 169, -1,
      162, 169, 161, -1,
      161, 169, 170, -1,
      161, 170, 160, -1,
      152, 153, 174, -1,
      174, 153, 157, -1,
      174, 157, 173, -1,
      157, 158, 173, -1,
      173, 158, 159, -1,
      173, 159, 172, -1,
      172, 159, 160, -1,
      172, 160, 171, -1,
      171, 160, 170, -1,
      101, 1, 177, -1,
      177, 1, 178, -1,
      1, 0, 178, -1,
      178, 0, 49, -1,
      178, 49, 179, -1,
      179, 49, 48, -1,
      179, 48, 180, -1,
      180, 48, 37, -1,
      180, 37, 181, -1,
      181, 37, 36, -1,
      181, 36, 182, -1,
      182, 36, 43, -1,
      182, 43, 183, -1,
      183, 43, 42, -1,
      183, 42, 184, -1,
      184, 42, 41, -1,
      184, 41, 185, -1,
      185, 41, 34, -1,
      185, 34, 186, -1,
      186, 34, 33, -1,
      186, 33, 187, -1,
      187, 33, 64, -1,
      187, 64, 188, -1,
      188, 64, 63, -1,
      188, 63, 189, -1,
      189, 63, 61, -1,
      189, 61, 190, -1,
      190, 61, 59, -1,
      190, 59, 191, -1,
      191, 59, 58, -1,
      191, 58, 192, -1,
      192, 58, 57, -1,
      192, 57, 193, -1,
      193, 57, 56, -1,
      193, 56, 194, -1,
      194, 56, 55, -1,
      194, 55, 195, -1,
      195, 55, 52, -1,
      195, 52, 196, -1,
      196, 52, 67, -1,
      196, 67, 197, -1,
      197, 67, 66, -1,
      197, 66, 198, -1,
      198, 66, 65, -1,
      198, 65, 199, -1,
      199, 65, 54, -1,
      199, 54, 200, -1,
      200, 54, 53, -1,
      200, 53, 201, -1,
      201, 53, 51, -1,
      201, 51, 202, -1,
      202, 51, 50, -1,
      202, 50, 203, -1,
      203, 50, 60, -1,
      203, 60, 204, -1,
      204, 60, 62, -1,
      204, 62, 205, -1,
      205, 62, 35, -1,
      205, 35, 206, -1,
      207, 206, 46, -1,
      46, 206, 35, -1,
      207, 46, 47, -1,
      207, 47, 208, -1,
      208, 47, 45, -1,
      208, 45, 209, -1,
      209, 45, 44, -1,
      209, 44, 210, -1,
      210, 44, 38, -1,
      210, 38, 211, -1,
      211, 38, 39, -1,
      211, 39, 212, -1,
      39, 40, 212, -1,
      212, 40, 213, -1,
      40, 69, 213, -1,
      213, 69, 70, -1,
      213, 70, 214, -1,
      214, 70, 78, -1,
      214, 78, 215, -1,
      215, 78, 77, -1,
      215, 77, 216, -1,
      216, 77, 76, -1,
      216, 76, 217, -1,
      217, 76, 75, -1,
      217, 75, 218, -1,
      218, 75, 74, -1,
      218, 74, 219, -1,
      81, 220, 221, -1,
      219, 74, 79, -1,
      219, 79, 222, -1,
      222, 79, 73, -1,
      222, 73, 221, -1,
      221, 73, 82, -1,
      221, 82, 81, -1,
      220, 81, 85, -1,
      220, 85, 223, -1,
      223, 85, 96, -1,
      223, 96, 224, -1,
      224, 96, 95, -1,
      224, 95, 225, -1,
      225, 95, 94, -1,
      225, 94, 226, -1,
      226, 94, 88, -1,
      226, 88, 227, -1,
      227, 88, 87, -1,
      227, 87, 228, -1,
      228, 87, 93, -1,
      228, 93, 229, -1,
      229, 93, 92, -1,
      229, 92, 230, -1,
      230, 92, 91, -1,
      230, 91, 231, -1,
      231, 91, 90, -1,
      231, 90, 232, -1,
      232, 90, 89, -1,
      232, 89, 233, -1,
      233, 89, 86, -1,
      233, 86, 234, -1,
      234, 86, 84, -1,
      234, 84, 235, -1,
      235, 84, 83, -1,
      235, 83, 236, -1,
      68, 237, 238, -1,
      236, 83, 80, -1,
      236, 80, 239, -1,
      239, 80, 72, -1,
      239, 72, 238, -1,
      238, 72, 71, -1,
      238, 71, 68, -1,
      240, 237, 100, -1,
      100, 237, 68, -1,
      100, 99, 240, -1,
      240, 99, 241, -1,
      101, 177, 97, -1,
      97, 177, 241, -1,
      97, 241, 98, -1,
      98, 241, 99, -1,
      199, 200, 211, -1,
      211, 200, 210, -1,
      191, 220, 190, -1,
      190, 220, 223, -1,
      190, 223, 189, -1,
      177, 236, 241, -1,
      241, 236, 239, -1,
      241, 239, 240, -1,
      240, 239, 238, -1,
      240, 238, 237, -1,
      200, 201, 210, -1,
      210, 201, 202, -1,
      210, 202, 209, -1,
      209, 202, 203, -1,
      209, 203, 208, -1,
      208, 203, 204, -1,
      208, 204, 207, -1,
      207, 204, 205, -1,
      207, 205, 206, -1,
      189, 223, 188, -1,
      188, 223, 224, -1,
      188, 224, 187, -1,
      187, 224, 225, -1,
      187, 225, 186, -1,
      186, 225, 226, -1,
      186, 226, 185, -1,
      185, 226, 227, -1,
      185, 227, 184, -1,
      184, 227, 228, -1,
      184, 228, 183, -1,
      183, 228, 229, -1,
      183, 229, 182, -1,
      182, 229, 230, -1,
      182, 230, 181, -1,
      181, 230, 231, -1,
      181, 231, 180, -1,
      180, 231, 232, -1,
      180, 232, 179, -1,
      179, 232, 233, -1,
      179, 233, 178, -1,
      178, 233, 234, -1,
      178, 234, 177, -1,
      177, 234, 235, -1,
      177, 235, 236, -1,
      211, 212, 199, -1,
      199, 212, 213, -1,
      199, 213, 198, -1,
      198, 213, 214, -1,
      198, 214, 197, -1,
      197, 214, 215, -1,
      197, 215, 196, -1,
      196, 215, 216, -1,
      196, 216, 195, -1,
      195, 216, 217, -1,
      195, 217, 194, -1,
      194, 217, 218, -1,
      194, 218, 193, -1,
      193, 218, 219, -1,
      193, 219, 192, -1,
      192, 219, 222, -1,
      192, 222, 191, -1,
      191, 222, 221, -1,
      191, 221, 220, -1,
      242, 243, 244, -1,
      244, 243, 245, -1,
      246, 247, 248, -1,
      249, 250, 251, -1,
      251, 250, 252, -1,
      253, 254, 245, -1,
      245, 254, 255, -1,
      255, 256, 245, -1,
      245, 256, 257, -1,
      245, 257, 244, -1,
      244, 257, 258, -1,
      244, 258, 249, -1,
      249, 258, 259, -1,
      249, 259, 250, -1,
      248, 253, 246, -1,
      246, 253, 245, -1,
      246, 245, 260, -1,
      260, 245, 261, -1,
      260, 261, 262, -1,
      262, 261, 263, -1,
      262, 263, 264, -1,
      264, 263, 265, -1,
      264, 265, 266, -1,
      266, 265, 267, -1,
      266, 267, 268, -1,
      268, 267, 269, -1,
      268, 269, 270, -1,
      270, 269, 271, -1,
      270, 271, 272, -1,
      272, 271, 273, -1,
      272, 273, 274, -1,
      274, 273, 275, -1,
      274, 275, 276, -1,
      276, 275, 277, -1,
      276, 277, 278, -1,
      278, 277, 279, -1,
      280, 281, 282, -1,
      282, 281, 283, -1,
      282, 283, 284, -1,
      284, 283, 285, -1,
      284, 285, 286, -1,
      286, 285, 287, -1,
      286, 287, 288, -1,
      288, 287, 289, -1,
      288, 289, 290, -1,
      290, 289, 291, -1,
      290, 291, 252, -1,
      252, 291, 292, -1,
      252, 292, 251, -1,
      293, 294, 295, -1,
      295, 294, 296, -1,
      295, 296, 297, -1,
      297, 296, 298, -1,
      297, 298, 299, -1,
      299, 298, 300, -1,
      299, 300, 280, -1,
      280, 300, 301, -1,
      280, 301, 281, -1,
      246, 302, 247, -1,
      247, 302, 303, -1,
      247, 303, 304, -1,
      304, 303, 305, -1,
      304, 305, 306, -1,
      306, 305, 307, -1,
      306, 307, 308, -1,
      308, 307, 309, -1,
      308, 309, 293, -1,
      293, 309, 310, -1,
      293, 310, 294, -1,
      272, 116, 115, -1,
      272, 115, 270, -1,
      270, 115, 143, -1,
      270, 143, 268, -1,
      268, 143, 142, -1,
      268, 142, 266, -1,
      266, 142, 138, -1,
      266, 138, 264, -1,
      264, 138, 137, -1,
      264, 137, 262, -1,
      262, 137, 136, -1,
      262, 136, 260, -1,
      260, 136, 135, -1,
      260, 135, 246, -1,
      302, 246, 114, -1,
      114, 246, 135, -1,
      302, 114, 112, -1,
      302, 112, 303, -1,
      303, 112, 111, -1,
      303, 111, 305, -1,
      305, 111, 103, -1,
      305, 103, 307, -1,
      307, 103, 105, -1,
      307, 105, 309, -1,
      309, 105, 106, -1,
      309, 106, 310, -1,
      310, 106, 134, -1,
      310, 134, 294, -1,
      294, 134, 133, -1,
      294, 133, 296, -1,
      296, 133, 108, -1,
      296, 108, 298, -1,
      298, 108, 107, -1,
      298, 107, 300, -1,
      300, 107, 120, -1,
      300, 120, 301, -1,
      301, 120, 119, -1,
      301, 119, 281, -1,
      146, 287, 147, -1,
      147, 287, 285, -1,
      147, 285, 148, -1,
      148, 285, 283, -1,
      148, 283, 118, -1,
      118, 283, 281, -1,
      118, 281, 119, -1,
      287, 146, 145, -1,
      287, 145, 289, -1,
      289, 145, 144, -1,
      289, 144, 291, -1,
      144, 149, 291, -1,
      291, 149, 128, -1,
      291, 128, 292, -1,
      292, 128, 127, -1,
      292, 127, 251, -1,
      251, 127, 125, -1,
      251, 125, 249, -1,
      244, 249, 124, -1,
      124, 249, 125, -1,
      242, 244, 126, -1,
      126, 244, 124, -1,
      243, 242, 141, -1,
      141, 242, 126, -1,
      245, 243, 140, -1,
      140, 243, 141, -1,
      245, 140, 139, -1,
      245, 139, 261, -1,
      261, 139, 123, -1,
      261, 123, 263, -1,
      263, 123, 122, -1,
      263, 122, 265, -1,
      265, 122, 121, -1,
      265, 121, 267, -1,
      267, 121, 110, -1,
      267, 110, 269, -1,
      269, 110, 109, -1,
      269, 109, 271, -1,
      271, 109, 132, -1,
      271, 132, 273, -1,
      273, 132, 131, -1,
      273, 131, 275, -1,
      275, 131, 130, -1,
      275, 130, 277, -1,
      277, 130, 129, -1,
      277, 129, 279, -1,
      278, 279, 104, -1,
      104, 279, 129, -1,
      278, 104, 113, -1,
      278, 113, 276, -1,
      276, 113, 117, -1,
      276, 117, 274, -1,
      274, 117, 116, -1,
      274, 116, 272, -1,
      259, 311, 312, -1,
      259, 312, 250, -1,
      250, 312, 313, -1,
      250, 313, 252, -1,
      252, 313, 314, -1,
      252, 314, 290, -1,
      290, 314, 315, -1,
      290, 315, 288, -1,
      255, 316, 317, -1,
      255, 317, 256, -1,
      256, 317, 318, -1,
      256, 318, 257, -1,
      257, 318, 319, -1,
      257, 319, 258, -1,
      258, 319, 311, -1,
      258, 311, 259, -1,
      255, 254, 316, -1,
      316, 254, 320, -1,
      254, 253, 320, -1,
      320, 253, 321, -1,
      304, 322, 323, -1,
      304, 323, 247, -1,
      247, 323, 324, -1,
      247, 324, 248, -1,
      248, 324, 321, -1,
      248, 321, 253, -1,
      295, 325, 326, -1,
      295, 326, 293, -1,
      293, 326, 327, -1,
      293, 327, 308, -1,
      308, 327, 328, -1,
      308, 328, 306, -1,
      306, 328, 322, -1,
      306, 322, 304, -1,
      282, 329, 330, -1,
      282, 330, 280, -1,
      280, 330, 331, -1,
      280, 331, 299, -1,
      299, 331, 332, -1,
      299, 332, 297, -1,
      297, 332, 325, -1,
      297, 325, 295, -1,
      288, 315, 333, -1,
      288, 333, 286, -1,
      286, 333, 334, -1,
      286, 334, 284, -1,
      284, 334, 329, -1,
      284, 329, 282, -1,
    ]
  }
}

Shape {
  appearance Appearance {
    material Material {
      diffuseColor 0.3490 0.3490 0.3490
      specularColor 0.0235 0.0235 0.0235
      ambientIntensity 0.2
      transparency 0.0000
      shininess 0.5
    }
  }
  geometry IndexedFaceSet {
    ccw TRUE
    solid FALSE
    coord DEF co Coordinate {
      point [
        0.315575 -0.309245 0.472441,
        0.315238 -0.309574 0.472441,
        0.314479 -0.310087 0.472441,
        0.313663 -0.310383 0.472441,
        0.312658 -0.310495 0.472441,
        0.316726 -0.306120 0.472441,
        0.316724 -0.306298 0.472441,
        0.316550 -0.307497 0.472441,
        0.316156 -0.308456 0.472441,
        0.316726 -0.304651 0.472441,
        0.313141 -0.305133 0.472441,
        0.310542 -0.306076 0.472441,
        0.310869 -0.305822 0.472441,
        0.311489 -0.305520 0.472441,
        0.309829 -0.308017 0.472441,
        0.309852 -0.307591 0.472441,
        0.309984 -0.306976 0.472441,
        0.310220 -0.306474 0.472441,
        0.310607 -0.309805 0.472441,
        0.310379 -0.309575 0.472441,
        0.310074 -0.309122 0.472441,
        0.309897 -0.308634 0.472441,
        0.311750 -0.310393 0.472441,
        0.311143 -0.310170 0.472441,
      ]
    }
    coordIndex [
      6, 5, 11, -1,
      5, 9, 10, -1,
      10, 13, 5, -1,
      5, 13, 12, -1,
      5, 12, 11, -1,
      6, 11, 7, -1,
      7, 11, 17, -1,
      7, 17, 8, -1,
      19, 18, 1, -1,
      19, 1, 20, -1,
      2, 1, 3, -1,
      3, 1, 4, -1,
      17, 16, 8, -1,
      8, 16, 15, -1,
      8, 15, 0, -1,
      0, 15, 14, -1,
      0, 14, 1, -1,
      1, 14, 21, -1,
      1, 21, 20, -1,
      18, 23, 1, -1,
      1, 23, 22, -1,
      1, 22, 4, -1,
    ]
  }
}

Shape {
  appearance Appearance {
    material Material {
      diffuseColor 1.0000 1.0000 1.0000
      specularColor 0.5020 0.5020 0.5020
      ambientIntensity 0.2
      transparency 0.0000
      shininess 0.5
    }
  }
  geometry IndexedFaceSet {
    ccw TRUE
    solid FALSE
    coord DEF co Coordinate {
      point [
        0.265622 -0.273590 0.472441,
        0.269757 -0.277089 0.472441,
        0.246031 -0.254847 0.472441,
        0.248688 -0.256682 0.472441,
        0.252099 -0.259038 0.472441,
        0.257307 -0.265119 0.472441,
        0.260333 -0.271085 0.472441,
        0.261084 -0.271338 0.472441,
        0.238452 -0.251951 0.472441,
        0.231359 -0.251108 0.472441,
        0.224350 -0.251908 0.472441,
        0.217283 -0.254489 0.472441,
        0.213674 -0.256682 0.472441,
        0.213059 -0.257056 0.472441,
        0.196835 -0.264202 0.472441,
        0.202842 -0.263461 0.472441,
        0.209476 -0.260125 0.472441,
        0.204596 -0.263556 0.472441,
        0.206350 -0.263765 0.472441,
        0.185305 -0.270780 0.472441,
        0.186336 -0.269805 0.472441,
        0.191187 -0.266395 0.472441,
        0.178524 -0.284781 0.472441,
        0.179206 -0.280968 0.472441,
        0.180303 -0.278493 0.472441,
        0.181640 -0.275478 0.472441,
        0.194817 -0.311531 0.472441,
        0.189305 -0.308848 0.472441,
        0.184543 -0.304787 0.472441,
        0.181059 -0.299813 0.472441,
        0.178875 -0.294136 0.472441,
        0.178138 -0.288165 0.472441,
        0.178181 -0.286700 0.472441,
        0.196743 -0.312107 0.472441,
        0.196935 -0.312519 0.472441,
        0.198272 -0.315380 0.472441,
        0.200541 -0.318179 0.472441,
        0.217543 -0.321015 0.472441,
        0.214921 -0.322022 0.472441,
        0.211230 -0.322477 0.472441,
        0.210643 -0.322466 0.472441,
        0.207043 -0.321905 0.472441,
        0.204924 -0.321015 0.472441,
        0.203524 -0.320427 0.472441,
        0.225519 -0.312519 0.472441,
        0.225504 -0.312580 0.472441,
        0.223700 -0.315978 0.472441,
        0.221360 -0.318602 0.472441,
        0.218322 -0.320715 0.472441,
        0.274733 -0.286085 0.472441,
        0.275431 -0.291063 0.472441,
        0.244991 -0.303522 0.472441,
        0.246037 -0.303109 0.472441,
        0.247829 -0.294417 0.472441,
        0.269789 -0.305550 0.472441,
        0.265639 -0.309063 0.472441,
        0.222667 -0.297010 0.472441,
        0.243102 -0.286335 0.472441,
        0.220001 -0.294583 0.472441,
        0.216765 -0.292849 0.472441,
        0.244053 -0.304187 0.472441,
        0.272815 -0.301334 0.472441,
        0.265901 -0.289877 0.472441,
        0.265184 -0.286948 0.472441,
        0.264016 -0.284781 0.472441,
        0.188124 -0.284781 0.472441,
        0.274731 -0.296506 0.472441,
        0.247219 -0.302957 0.472441,
        0.247367 -0.302968 0.472441,
        0.247825 -0.303069 0.472441,
        0.189021 -0.293943 0.472441,
        0.190837 -0.297034 0.472441,
        0.198580 -0.298611 0.472441,
        0.193571 -0.299843 0.472441,
        0.196895 -0.301890 0.472441,
        0.204220 -0.293562 0.472441,
        0.201102 -0.295729 0.472441,
        0.187745 -0.287860 0.472441,
        0.187928 -0.290211 0.472441,
        0.207588 -0.292274 0.472441,
        0.211230 -0.291825 0.472441,
        0.213084 -0.291935 0.472441,
        0.242491 -0.307685 0.472441,
        0.242530 -0.307083 0.472441,
        0.226479 -0.305702 0.472441,
        0.242837 -0.305922 0.472441,
        0.243423 -0.304882 0.472441,
        0.262880 -0.299281 0.472441,
        0.264558 -0.296903 0.472441,
        0.265610 -0.294185 0.472441,
        0.265976 -0.291215 0.472441,
        0.246055 -0.312274 0.472441,
        0.245046 -0.311876 0.472441,
        0.244057 -0.311173 0.472441,
        0.243702 -0.310813 0.472441,
        0.243038 -0.309855 0.472441,
        0.242636 -0.308820 0.472441,
        0.226396 -0.308815 0.472441,
        0.226479 -0.307227 0.472441,
        0.260985 -0.311339 0.472441,
        0.255911 -0.312412 0.472441,
        0.246914 -0.312412 0.472441,
        0.248134 -0.303110 0.472441,
        0.254996 -0.303110 0.472441,
        0.257735 -0.302585 0.472441,
        0.260425 -0.301338 0.472441,
        0.262680 -0.299496 0.472441,
        0.252861 -0.279320 0.472441,
        0.189506 -0.280767 0.472441,
        0.188200 -0.284168 0.472441,
        0.254081 -0.279320 0.472441,
        0.263766 -0.284317 0.472441,
        0.262009 -0.282356 0.472441,
        0.259644 -0.280704 0.472441,
        0.256982 -0.279678 0.472441,
        0.249574 -0.270159 0.472441,
        0.246134 -0.266050 0.472441,
        0.211077 -0.274898 0.472441,
        0.245750 -0.265699 0.472441,
        0.241465 -0.262726 0.472441,
        0.213406 -0.270074 0.472441,
        0.191089 -0.278493 0.472441,
        0.209991 -0.274304 0.472441,
        0.252679 -0.278493 0.472441,
        0.251927 -0.275072 0.472441,
        0.206571 -0.273054 0.472441,
        0.202995 -0.272610 0.472441,
        0.201407 -0.272693 0.472441,
        0.216827 -0.265988 0.472441,
        0.236683 -0.260894 0.472441,
        0.220916 -0.263000 0.472441,
        0.231512 -0.260258 0.472441,
        0.225898 -0.260981 0.472441,
        0.197643 -0.273585 0.472441,
        0.194244 -0.275390 0.472441,
        0.191620 -0.277730 0.472441,
        0.270765 -0.278493 0.472441,
        0.272870 -0.281428 0.472441,
        0.274212 -0.284781 0.472441,
        0.198272 -0.315380 0.476378,
        0.200541 -0.318179 0.476378,
        0.196895 -0.301890 0.476378,
        0.194244 -0.275390 0.476378,
        0.197643 -0.273585 0.476378,
        0.196835 -0.264202 0.476378,
        0.206350 -0.263765 0.476378,
        0.211077 -0.274898 0.476378,
        0.213406 -0.270074 0.476378,
        0.226479 -0.307227 0.476378,
        0.226479 -0.305702 0.476378,
        0.213564 -0.301981 0.476378,
        0.212128 -0.301526 0.476378,
        0.193571 -0.299843 0.476378,
        0.194817 -0.311531 0.476378,
        0.196743 -0.312107 0.476378,
        0.202842 -0.263461 0.476378,
        0.215845 -0.303826 0.476378,
        0.216553 -0.305053 0.476378,
        0.226396 -0.308815 0.476378,
        0.247829 -0.294417 0.476378,
        0.243102 -0.286335 0.476378,
        0.222667 -0.297010 0.476378,
        0.211077 -0.301432 0.476378,
        0.209605 -0.301619 0.476378,
        0.207588 -0.292274 0.476378,
        0.208272 -0.302139 0.476378,
        0.204220 -0.293562 0.476378,
        0.207078 -0.302983 0.476378,
        0.201102 -0.295729 0.476378,
        0.206419 -0.303684 0.476378,
        0.198580 -0.298611 0.476378,
        0.205644 -0.304956 0.476378,
        0.205210 -0.306396 0.476378,
        0.205150 -0.307883 0.476378,
        0.216765 -0.292849 0.476378,
        0.213084 -0.291935 0.476378,
        0.211230 -0.291825 0.476378,
        0.214824 -0.302767 0.476378,
        0.252861 -0.279320 0.476378,
        0.254081 -0.279320 0.476378,
        0.260333 -0.271085 0.476378,
        0.256982 -0.279678 0.476378,
        0.261084 -0.271338 0.476378,
        0.259644 -0.280704 0.476378,
        0.265622 -0.273590 0.476378,
        0.269757 -0.277089 0.476378,
        0.209476 -0.260125 0.476378,
        0.216827 -0.265988 0.476378,
        0.213059 -0.257056 0.476378,
        0.220916 -0.263000 0.476378,
        0.217283 -0.254489 0.476378,
        0.201407 -0.272693 0.476378,
        0.202995 -0.272610 0.476378,
        0.204596 -0.263556 0.476378,
        0.206571 -0.273054 0.476378,
        0.209991 -0.274304 0.476378,
        0.205448 -0.309307 0.476378,
        0.206065 -0.310582 0.476378,
        0.220001 -0.294583 0.476378,
        0.269789 -0.305550 0.476378,
        0.262680 -0.299496 0.476378,
        0.265639 -0.309063 0.476378,
        0.260425 -0.301338 0.476378,
        0.260985 -0.311339 0.476378,
        0.257735 -0.302585 0.476378,
        0.255911 -0.312412 0.476378,
        0.254996 -0.303110 0.476378,
        0.246914 -0.312412 0.476378,
        0.248134 -0.303110 0.476378,
        0.246055 -0.312274 0.476378,
        0.262009 -0.282356 0.476378,
        0.263766 -0.284317 0.476378,
        0.272870 -0.281428 0.476378,
        0.265184 -0.286948 0.476378,
        0.274733 -0.286085 0.476378,
        0.265901 -0.289877 0.476378,
        0.275431 -0.291063 0.476378,
        0.265976 -0.291215 0.476378,
        0.274731 -0.296506 0.476378,
        0.265610 -0.294185 0.476378,
        0.272815 -0.301334 0.476378,
        0.264558 -0.296903 0.476378,
        0.262880 -0.299281 0.476378,
        0.252099 -0.259038 0.476378,
        0.246134 -0.266050 0.476378,
        0.257307 -0.265119 0.476378,
        0.249574 -0.270159 0.476378,
        0.251927 -0.275072 0.476378,
        0.188200 -0.284168 0.476378,
        0.178181 -0.286700 0.476378,
        0.187745 -0.287860 0.476378,
        0.178138 -0.288165 0.476378,
        0.187928 -0.290211 0.476378,
        0.178875 -0.294136 0.476378,
        0.189021 -0.293943 0.476378,
        0.181059 -0.299813 0.476378,
        0.190837 -0.297034 0.476378,
        0.184543 -0.304787 0.476378,
        0.189305 -0.308848 0.476378,
        0.216952 -0.306443 0.476378,
        0.217000 -0.307921 0.476378,
        0.225504 -0.312580 0.476378,
        0.216671 -0.309394 0.476378,
        0.223700 -0.315978 0.476378,
        0.215990 -0.310724 0.476378,
        0.221360 -0.318602 0.476378,
        0.215050 -0.311803 0.476378,
        0.218322 -0.320715 0.476378,
        0.213886 -0.312624 0.476378,
        0.214921 -0.322022 0.476378,
        0.212561 -0.313141 0.476378,
        0.211230 -0.322477 0.476378,
        0.211077 -0.313327 0.476378,
        0.210643 -0.322466 0.476378,
        0.210817 -0.313321 0.476378,
        0.207043 -0.321905 0.476378,
        0.209448 -0.313098 0.476378,
        0.203524 -0.320427 0.476378,
        0.208069 -0.312506 0.476378,
        0.206902 -0.311611 0.476378,
        0.224350 -0.251908 0.476378,
        0.225898 -0.260981 0.476378,
        0.231359 -0.251108 0.476378,
        0.231512 -0.260258 0.476378,
        0.238452 -0.251951 0.476378,
        0.236683 -0.260894 0.476378,
        0.246031 -0.254847 0.476378,
        0.241465 -0.262726 0.476378,
        0.245750 -0.265699 0.476378,
        0.191187 -0.266395 0.476378,
        0.186336 -0.269805 0.476378,
        0.191620 -0.277730 0.476378,
        0.185305 -0.270780 0.476378,
        0.189506 -0.280767 0.476378,
        0.181640 -0.275478 0.476378,
        0.179206 -0.280968 0.476378,
        0.247367 -0.302968 0.476378,
        0.243702 -0.310813 0.476378,
        0.244057 -0.311173 0.476378,
        0.247825 -0.303069 0.476378,
        0.245046 -0.311876 0.476378,
        0.242491 -0.307685 0.476378,
        0.242636 -0.308820 0.476378,
        0.243038 -0.309855 0.476378,
        0.246037 -0.303109 0.476378,
        0.244991 -0.303522 0.476378,
        0.242530 -0.307083 0.476378,
        0.244053 -0.304187 0.476378,
        0.243423 -0.304882 0.476378,
        0.242837 -0.305922 0.476378,
        0.247219 -0.302957 0.476378,
        0.211077 -0.301432 0.472441,
        0.212128 -0.301526 0.472441,
        0.213564 -0.301981 0.472441,
        0.214824 -0.302767 0.472441,
        0.215845 -0.303826 0.472441,
        0.216553 -0.305053 0.472441,
        0.216952 -0.306443 0.472441,
        0.217000 -0.307921 0.472441,
        0.216671 -0.309394 0.472441,
        0.215990 -0.310724 0.472441,
        0.215050 -0.311803 0.472441,
        0.213886 -0.312624 0.472441,
        0.212561 -0.313141 0.472441,
        0.211077 -0.313327 0.472441,
        0.210817 -0.313321 0.472441,
        0.209448 -0.313098 0.472441,
        0.208069 -0.312506 0.472441,
        0.206902 -0.311611 0.472441,
        0.206065 -0.310582 0.472441,
        0.205448 -0.309307 0.472441,
        0.205150 -0.307883 0.472441,
        0.205210 -0.306396 0.472441,
        0.205644 -0.304956 0.472441,
        0.206419 -0.303684 0.472441,
        0.207078 -0.302983 0.472441,
        0.208272 -0.302139 0.472441,
        0.209605 -0.301619 0.472441,
      ]
    }
    coordIndex [
      139, 140, 141, -1,
      142, 143, 144, -1,
      145, 146, 147, -1,
      148, 149, 150, -1,
      150, 149, 151, -1,
      152, 153, 141, -1,
      141, 153, 154, -1,
      141, 154, 139, -1,
      144, 143, 155, -1,
      156, 157, 158, -1,
      159, 160, 149, -1,
      149, 160, 161, -1,
      149, 161, 151, -1,
      151, 161, 162, -1,
      163, 164, 165, -1,
      165, 164, 166, -1,
      165, 166, 167, -1,
      167, 166, 168, -1,
      167, 168, 169, -1,
      169, 168, 170, -1,
      169, 170, 171, -1,
      171, 170, 141, -1,
      171, 141, 172, -1,
      172, 141, 173, -1,
      174, 175, 163, -1,
      163, 175, 176, -1,
      163, 176, 164, -1,
      148, 150, 158, -1,
      158, 150, 177, -1,
      158, 177, 156, -1,
      178, 179, 180, -1,
      180, 179, 181, -1,
      180, 181, 182, -1,
      182, 181, 183, -1,
      182, 183, 184, -1,
      184, 183, 185, -1,
      145, 147, 186, -1,
      186, 147, 187, -1,
      186, 187, 188, -1,
      188, 187, 189, -1,
      188, 189, 190, -1,
      143, 191, 155, -1,
      155, 191, 192, -1,
      155, 192, 193, -1,
      193, 192, 194, -1,
      193, 194, 145, -1,
      145, 194, 195, -1,
      145, 195, 146, -1,
      173, 141, 196, -1,
      196, 141, 140, -1,
      196, 140, 197, -1,
      162, 161, 163, -1,
      163, 161, 198, -1,
      163, 198, 174, -1,
      199, 200, 201, -1,
      201, 200, 202, -1,
      201, 202, 203, -1,
      203, 202, 204, -1,
      203, 204, 205, -1,
      205, 204, 206, -1,
      205, 206, 207, -1,
      207, 206, 208, -1,
      207, 208, 209, -1,
      183, 210, 185, -1,
      185, 210, 211, -1,
      185, 211, 212, -1,
      212, 211, 213, -1,
      212, 213, 214, -1,
      214, 213, 215, -1,
      214, 215, 216, -1,
      216, 215, 217, -1,
      216, 217, 218, -1,
      218, 217, 219, -1,
      218, 219, 220, -1,
      220, 219, 221, -1,
      220, 221, 199, -1,
      199, 221, 222, -1,
      199, 222, 200, -1,
      223, 224, 225, -1,
      225, 224, 226, -1,
      225, 226, 180, -1,
      180, 226, 227, -1,
      180, 227, 178, -1,
      228, 229, 230, -1,
      230, 229, 231, -1,
      230, 231, 232, -1,
      232, 231, 233, -1,
      232, 233, 234, -1,
      234, 233, 235, -1,
      234, 235, 236, -1,
      236, 235, 237, -1,
      236, 237, 152, -1,
      152, 237, 238, -1,
      152, 238, 153, -1,
      157, 239, 158, -1,
      158, 239, 240, -1,
      158, 240, 241, -1,
      241, 240, 242, -1,
      241, 242, 243, -1,
      243, 242, 244, -1,
      243, 244, 245, -1,
      245, 244, 246, -1,
      245, 246, 247, -1,
      247, 246, 248, -1,
      247, 248, 249, -1,
      249, 248, 250, -1,
      249, 250, 251, -1,
      251, 250, 252, -1,
      251, 252, 253, -1,
      253, 252, 254, -1,
      253, 254, 255, -1,
      255, 254, 256, -1,
      255, 256, 257, -1,
      257, 256, 258, -1,
      257, 258, 140, -1,
      140, 258, 259, -1,
      140, 259, 197, -1,
      190, 189, 260, -1,
      260, 189, 261, -1,
      260, 261, 262, -1,
      262, 261, 263, -1,
      262, 263, 264, -1,
      264, 263, 265, -1,
      264, 265, 266, -1,
      266, 265, 267, -1,
      266, 267, 223, -1,
      223, 267, 268, -1,
      223, 268, 224, -1,
      144, 269, 142, -1,
      142, 269, 270, -1,
      142, 270, 271, -1,
      271, 270, 272, -1,
      271, 272, 273, -1,
      273, 272, 274, -1,
      273, 274, 228, -1,
      228, 274, 275, -1,
      228, 275, 229, -1,
      276, 277, 278, -1,
      208, 279, 209, -1,
      209, 279, 276, -1,
      209, 276, 280, -1,
      280, 276, 278, -1,
      281, 282, 276, -1,
      276, 282, 283, -1,
      276, 283, 277, -1,
      284, 285, 286, -1,
      285, 287, 286, -1,
      286, 287, 288, -1,
      286, 288, 289, -1,
      281, 276, 286, -1,
      286, 276, 290, -1,
      286, 290, 284, -1,
      216, 50, 49, -1,
      216, 49, 214, -1,
      214, 49, 138, -1,
      214, 138, 212, -1,
      138, 137, 212, -1,
      212, 137, 136, -1,
      212, 136, 185, -1,
      136, 1, 185, -1,
      185, 1, 0, -1,
      185, 0, 184, -1,
      184, 0, 7, -1,
      184, 7, 182, -1,
      182, 7, 6, -1,
      182, 6, 180, -1,
      180, 6, 5, -1,
      180, 5, 225, -1,
      225, 5, 4, -1,
      225, 4, 223, -1,
      223, 4, 266, -1,
      266, 4, 3, -1,
      3, 2, 266, -1,
      266, 2, 8, -1,
      266, 8, 264, -1,
      264, 8, 9, -1,
      264, 9, 262, -1,
      13, 188, 12, -1,
      12, 188, 190, -1,
      12, 190, 11, -1,
      11, 190, 260, -1,
      11, 260, 10, -1,
      10, 260, 262, -1,
      10, 262, 9, -1,
      188, 13, 16, -1,
      188, 16, 186, -1,
      186, 16, 18, -1,
      186, 18, 145, -1,
      145, 18, 17, -1,
      145, 17, 193, -1,
      193, 17, 15, -1,
      193, 15, 155, -1,
      155, 15, 14, -1,
      155, 14, 144, -1,
      144, 14, 21, -1,
      144, 21, 269, -1,
      269, 21, 20, -1,
      269, 20, 270, -1,
      270, 20, 19, -1,
      270, 19, 272, -1,
      31, 231, 229, -1,
      272, 19, 25, -1,
      24, 275, 25, -1,
      25, 275, 274, -1,
      25, 274, 272, -1,
      24, 23, 275, -1,
      275, 23, 22, -1,
      275, 22, 229, -1,
      229, 22, 32, -1,
      229, 32, 31, -1,
      231, 31, 30, -1,
      231, 30, 233, -1,
      233, 30, 29, -1,
      233, 29, 235, -1,
      235, 29, 28, -1,
      235, 28, 237, -1,
      237, 28, 27, -1,
      237, 27, 238, -1,
      238, 27, 26, -1,
      238, 26, 153, -1,
      153, 26, 33, -1,
      153, 33, 154, -1,
      154, 33, 34, -1,
      154, 34, 139, -1,
      34, 35, 139, -1,
      139, 35, 36, -1,
      139, 36, 140, -1,
      140, 36, 43, -1,
      140, 43, 257, -1,
      257, 43, 42, -1,
      257, 42, 255, -1,
      42, 41, 255, -1,
      255, 41, 40, -1,
      255, 40, 253, -1,
      253, 40, 39, -1,
      253, 39, 251, -1,
      98, 148, 158, -1,
      251, 39, 38, -1,
      251, 38, 249, -1,
      249, 38, 37, -1,
      249, 37, 247, -1,
      37, 48, 247, -1,
      247, 48, 47, -1,
      247, 47, 245, -1,
      245, 47, 46, -1,
      245, 46, 243, -1,
      243, 46, 45, -1,
      243, 45, 241, -1,
      241, 45, 44, -1,
      241, 44, 158, -1,
      158, 44, 97, -1,
      158, 97, 98, -1,
      149, 148, 84, -1,
      84, 148, 98, -1,
      159, 149, 53, -1,
      53, 149, 84, -1,
      160, 159, 57, -1,
      57, 159, 53, -1,
      161, 160, 56, -1,
      56, 160, 57, -1,
      161, 56, 58, -1,
      161, 58, 198, -1,
      198, 58, 59, -1,
      198, 59, 174, -1,
      174, 59, 81, -1,
      174, 81, 175, -1,
      175, 81, 80, -1,
      175, 80, 176, -1,
      176, 80, 79, -1,
      176, 79, 164, -1,
      164, 79, 75, -1,
      164, 75, 166, -1,
      166, 75, 76, -1,
      166, 76, 168, -1,
      168, 76, 72, -1,
      168, 72, 170, -1,
      170, 72, 74, -1,
      170, 74, 141, -1,
      141, 74, 73, -1,
      141, 73, 152, -1,
      152, 73, 71, -1,
      152, 71, 236, -1,
      236, 71, 70, -1,
      236, 70, 234, -1,
      234, 70, 78, -1,
      234, 78, 232, -1,
      232, 78, 77, -1,
      232, 77, 230, -1,
      77, 65, 230, -1,
      230, 65, 228, -1,
      65, 109, 228, -1,
      228, 109, 108, -1,
      228, 108, 273, -1,
      273, 108, 121, -1,
      273, 121, 271, -1,
      121, 135, 271, -1,
      271, 135, 134, -1,
      271, 134, 142, -1,
      142, 134, 133, -1,
      142, 133, 143, -1,
      143, 133, 127, -1,
      143, 127, 191, -1,
      191, 127, 126, -1,
      191, 126, 192, -1,
      192, 126, 125, -1,
      192, 125, 194, -1,
      194, 125, 122, -1,
      194, 122, 195, -1,
      195, 122, 117, -1,
      195, 117, 146, -1,
      146, 117, 120, -1,
      146, 120, 147, -1,
      147, 120, 128, -1,
      147, 128, 187, -1,
      187, 128, 130, -1,
      187, 130, 189, -1,
      189, 130, 132, -1,
      189, 132, 261, -1,
      261, 132, 131, -1,
      261, 131, 263, -1,
      107, 178, 123, -1,
      123, 178, 227, -1,
      123, 227, 124, -1,
      124, 227, 226, -1,
      124, 226, 115, -1,
      115, 226, 224, -1,
      115, 224, 116, -1,
      116, 224, 268, -1,
      116, 268, 118, -1,
      118, 268, 267, -1,
      118, 267, 119, -1,
      119, 267, 265, -1,
      119, 265, 129, -1,
      129, 265, 263, -1,
      129, 263, 131, -1,
      179, 178, 110, -1,
      110, 178, 107, -1,
      179, 110, 114, -1,
      179, 114, 181, -1,
      181, 114, 113, -1,
      181, 113, 183, -1,
      183, 113, 112, -1,
      183, 112, 210, -1,
      210, 112, 111, -1,
      210, 111, 211, -1,
      211, 111, 64, -1,
      211, 64, 213, -1,
      64, 63, 213, -1,
      213, 63, 62, -1,
      213, 62, 215, -1,
      215, 62, 90, -1,
      215, 90, 217, -1,
      217, 90, 89, -1,
      217, 89, 219, -1,
      219, 89, 88, -1,
      219, 88, 221, -1,
      221, 88, 87, -1,
      221, 87, 222, -1,
      222, 87, 106, -1,
      222, 106, 200, -1,
      200, 106, 105, -1,
      200, 105, 202, -1,
      202, 105, 104, -1,
      202, 104, 204, -1,
      204, 104, 103, -1,
      204, 103, 206, -1,
      208, 206, 102, -1,
      102, 206, 103, -1,
      208, 102, 69, -1,
      208, 69, 279, -1,
      279, 69, 68, -1,
      279, 68, 276, -1,
      276, 68, 67, -1,
      276, 67, 290, -1,
      290, 67, 52, -1,
      290, 52, 284, -1,
      284, 52, 51, -1,
      284, 51, 285, -1,
      285, 51, 60, -1,
      285, 60, 287, -1,
      287, 60, 86, -1,
      287, 86, 288, -1,
      288, 86, 85, -1,
      288, 85, 289, -1,
      289, 85, 83, -1,
      289, 83, 286, -1,
      286, 83, 82, -1,
      286, 82, 281, -1,
      281, 82, 96, -1,
      281, 96, 282, -1,
      282, 96, 95, -1,
      282, 95, 283, -1,
      283, 95, 94, -1,
      283, 94, 277, -1,
      277, 94, 93, -1,
      277, 93, 278, -1,
      278, 93, 92, -1,
      278, 92, 280, -1,
      280, 92, 91, -1,
      280, 91, 209, -1,
      209, 91, 101, -1,
      209, 101, 207, -1,
      205, 207, 100, -1,
      100, 207, 101, -1,
      205, 100, 99, -1,
      205, 99, 203, -1,
      203, 99, 55, -1,
      203, 55, 201, -1,
      201, 55, 54, -1,
      201, 54, 199, -1,
      199, 54, 61, -1,
      199, 61, 220, -1,
      220, 61, 66, -1,
      220, 66, 218, -1,
      218, 66, 50, -1,
      218, 50, 216, -1,
      162, 291, 292, -1,
      162, 292, 151, -1,
      151, 292, 293, -1,
      151, 293, 150, -1,
      150, 293, 294, -1,
      150, 294, 177, -1,
      177, 294, 295, -1,
      177, 295, 156, -1,
      156, 295, 296, -1,
      156, 296, 157, -1,
      157, 296, 297, -1,
      157, 297, 239, -1,
      239, 297, 298, -1,
      239, 298, 240, -1,
      240, 298, 299, -1,
      240, 299, 242, -1,
      242, 299, 300, -1,
      242, 300, 244, -1,
      244, 300, 301, -1,
      244, 301, 246, -1,
      246, 301, 302, -1,
      246, 302, 248, -1,
      248, 302, 303, -1,
      248, 303, 250, -1,
      250, 303, 304, -1,
      250, 304, 252, -1,
      252, 304, 305, -1,
      252, 305, 254, -1,
      254, 305, 306, -1,
      254, 306, 256, -1,
      256, 306, 307, -1,
      256, 307, 258, -1,
      258, 307, 308, -1,
      258, 308, 259, -1,
      259, 308, 309, -1,
      259, 309, 197, -1,
      197, 309, 310, -1,
      197, 310, 196, -1,
      196, 310, 311, -1,
      196, 311, 173, -1,
      173, 311, 312, -1,
      173, 312, 172, -1,
      172, 312, 313, -1,
      172, 313, 171, -1,
      171, 313, 314, -1,
      171, 314, 169, -1,
      169, 314, 315, -1,
      169, 315, 167, -1,
      167, 315, 316, -1,
      167, 316, 165, -1,
      165, 316, 317, -1,
      165, 317, 163, -1,
      163, 317, 291, -1,
      163, 291, 162, -1,
    ]
  }
}

Shape {
  appearance Appearance {
    material Material {
      diffuseColor 0.3490 0.3490 0.3490
      specularColor 0.0235 0.0235 0.0235
      ambientIntensity 0.2
      transparency 0.0000
      shininess 0.5
    }
  }
  geometry IndexedFaceSet {
    ccw TRUE
    solid FALSE
    coord DEF co Coordinate {
      point [
        0.211077 -0.301432 0.472441,
        0.212128 -0.301526 0.472441,
        0.213564 -0.301981 0.472441,
        0.214824 -0.302767 0.472441,
        0.215845 -0.303826 0.472441,
        0.216553 -0.305053 0.472441,
        0.216952 -0.306443 0.472441,
        0.217000 -0.307921 0.472441,
        0.216671 -0.309394 0.472441,
        0.215990 -0.310724 0.472441,
        0.215050 -0.311803 0.472441,
        0.213886 -0.312624 0.472441,
        0.212561 -0.313141 0.472441,
        0.211077 -0.313327 0.472441,
        0.210817 -0.313321 0.472441,
        0.209448 -0.313098 0.472441,
        0.208069 -0.312506 0.472441,
        0.206902 -0.311611 0.472441,
        0.206065 -0.310582 0.472441,
        0.205448 -0.309307 0.472441,
        0.205150 -0.307883 0.472441,
        0.205210 -0.306396 0.472441,
        0.205644 -0.304956 0.472441,
        0.206419 -0.303684 0.472441,
        0.207078 -0.302983 0.472441,
        0.208272 -0.302139 0.472441,
        0.209605 -0.301619 0.472441,
      ]
    }
    coordIndex [
      14, 24, 23, -1,
      0, 26, 14, -1,
      14, 26, 25, -1,
      14, 25, 24, -1,
      19, 18, 23, -1,
      23, 18, 17, -1,
      0, 14, 1, -1,
      1, 14, 13, -1,
      1, 13, 12, -1,
      3, 10, 4, -1,
      4, 10, 9, -1,
      4, 9, 5, -1,
      12, 11, 1, -1,
      1, 11, 10, -1,
      1, 10, 2, -1,
      2, 10, 3, -1,
      22, 21, 23, -1,
      23, 21, 20, -1,
      23, 20, 19, -1,
      17, 16, 23, -1,
      23, 16, 15, -1,
      23, 15, 14, -1,
      8, 7, 9, -1,
      9, 7, 6, -1,
      9, 6, 5, -1,
    ]
  }
}

Shape {
  appearance Appearance {
    material Material {
      diffuseColor 1.0000 1.0000 1.0000
      specularColor 0.5020 0.5020 0.5020
      ambientIntensity 0.2
      transparency 0.0000
      shininess 0.5
    }
  }
  geometry IndexedFaceSet {
    ccw TRUE
    solid FALSE
    coord DEF co Coordinate {
      point [
        0.357440 -0.262319 0.472441,
        0.358232 -0.264366 0.472441,
        0.358587 -0.267313 0.472441,
        0.358522 -0.268681 0.472441,
        0.358002 -0.271193 0.472441,
        0.356946 -0.273411 0.472441,
        0.355352 -0.275307 0.472441,
        0.353104 -0.276918 0.472441,
        0.347243 -0.256863 0.472441,
        0.350519 -0.257225 0.472441,
        0.353107 -0.258170 0.472441,
        0.350657 -0.277871 0.472441,
        0.347024 -0.278312 0.472441,
        0.341124 -0.278312 0.472441,
        0.341124 -0.256863 0.472441,
        0.355352 -0.259703 0.472441,
        0.356113 -0.260448 0.472441,
        0.355352 -0.275307 0.476378,
        0.353128 -0.273868 0.476378,
        0.353104 -0.276918 0.476378,
        0.351743 -0.274828 0.476378,
        0.350657 -0.277871 0.476378,
        0.349969 -0.275514 0.476378,
        0.347024 -0.278312 0.476378,
        0.347007 -0.275867 0.476378,
        0.341124 -0.278312 0.476378,
        0.343893 -0.275867 0.476378,
        0.341124 -0.256863 0.476378,
        0.343893 -0.259330 0.476378,
        0.347243 -0.256863 0.476378,
        0.347133 -0.259330 0.476378,
        0.347300 -0.259331 0.476378,
        0.350519 -0.257225 0.476378,
        0.350062 -0.259677 0.476378,
        0.353107 -0.258170 0.476378,
        0.351894 -0.260377 0.476378,
        0.355352 -0.259703 0.476378,
        0.353324 -0.261348 0.476378,
        0.356113 -0.260448 0.476378,
        0.353927 -0.261944 0.476378,
        0.357440 -0.262319 0.476378,
        0.354757 -0.263147 0.476378,
        0.358232 -0.264366 0.476378,
        0.355360 -0.264716 0.476378,
        0.358587 -0.267313 0.476378,
        0.355676 -0.267390 0.476378,
        0.358522 -0.268681 0.476378,
        0.355596 -0.268824 0.476378,
        0.358002 -0.271193 0.476378,
        0.355169 -0.270772 0.476378,
        0.356946 -0.273411 0.476378,
        0.354420 -0.272354 0.476378,
        0.353384 -0.273630 0.476378,
        0.353324 -0.261348 0.472441,
        0.353927 -0.261944 0.472441,
        0.354757 -0.263147 0.472441,
        0.355360 -0.264716 0.472441,
        0.355676 -0.267390 0.472441,
        0.347133 -0.259330 0.472441,
        0.347300 -0.259331 0.472441,
        0.350062 -0.259677 0.472441,
        0.351894 -0.260377 0.472441,
        0.343893 -0.259330 0.472441,
        0.343893 -0.275867 0.472441,
        0.347007 -0.275867 0.472441,
        0.353384 -0.273630 0.472441,
        0.353128 -0.273868 0.472441,
        0.351743 -0.274828 0.472441,
        0.349969 -0.275514 0.472441,
        0.355596 -0.268824 0.472441,
        0.355169 -0.270772 0.472441,
        0.354420 -0.272354 0.472441,
      ]
    }
    coordIndex [
      17, 18, 19, -1,
      19, 18, 20, -1,
      19, 20, 21, -1,
      21, 20, 22, -1,
      21, 22, 23, -1,
      23, 22, 24, -1,
      23, 24, 25, -1,
      25, 24, 26, -1,
      25, 26, 27, -1,
      27, 26, 28, -1,
      27, 28, 29, -1,
      28, 30, 29, -1,
      29, 30, 31, -1,
      29, 31, 32, -1,
      32, 31, 33, -1,
      32, 33, 34, -1,
      34, 33, 35, -1,
      34, 35, 36, -1,
      36, 35, 37, -1,
      36, 37, 38, -1,
      38, 37, 39, -1,
      38, 39, 40, -1,
      40, 39, 41, -1,
      40, 41, 42, -1,
      42, 41, 43, -1,
      42, 43, 44, -1,
      44, 43, 45, -1,
      44, 45, 46, -1,
      46, 45, 47, -1,
      46, 47, 48, -1,
      48, 47, 49, -1,
      48, 49, 50, -1,
      50, 49, 51, -1,
      50, 51, 17, -1,
      17, 51, 52, -1,
      17, 52, 18, -1,
      17, 6, 5, -1,
      17, 5, 50, -1,
      50, 5, 4, -1,
      50, 4, 48, -1,
      48, 4, 3, -1,
      48, 3, 46, -1,
      46, 3, 2, -1,
      46, 2, 44, -1,
      44, 2, 1, -1,
      44, 1, 42, -1,
      42, 1, 0, -1,
      42, 0, 40, -1,
      40, 0, 16, -1,
      40, 16, 38, -1,
      38, 16, 15, -1,
      38, 15, 36, -1,
      36, 15, 10, -1,
      36, 10, 34, -1,
      34, 10, 9, -1,
      34, 9, 32, -1,
      32, 9, 8, -1,
      32, 8, 29, -1,
      27, 29, 14, -1,
      14, 29, 8, -1,
      25, 27, 13, -1,
      13, 27, 14, -1,
      23, 25, 12, -1,
      12, 25, 13, -1,
      23, 12, 11, -1,
      23, 11, 21, -1,
      21, 11, 7, -1,
      21, 7, 19, -1,
      19, 7, 6, -1,
      19, 6, 17, -1,
      37, 53, 54, -1,
      37, 54, 39, -1,
      39, 54, 55, -1,
      39, 55, 41, -1,
      41, 55, 56, -1,
      41, 56, 43, -1,
      43, 56, 57, -1,
      43, 57, 45, -1,
      30, 58, 59, -1,
      30, 59, 31, -1,
      31, 59, 60, -1,
      31, 60, 33, -1,
      33, 60, 61, -1,
      33, 61, 35, -1,
      35, 61, 53, -1,
      35, 53, 37, -1,
      30, 28, 58, -1,
      58, 28, 62, -1,
      28, 26, 62, -1,
      62, 26, 63, -1,
      26, 24, 63, -1,
      63, 24, 64, -1,
      52, 65, 66, -1,
      52, 66, 18, -1,
      18, 66, 67, -1,
      18, 67, 20, -1,
      20, 67, 68, -1,
      20, 68, 22, -1,
      22, 68, 64, -1,
      22, 64, 24, -1,
      45, 57, 69, -1,
      45, 69, 47, -1,
      47, 69, 70, -1,
      47, 70, 49, -1,
      49, 70, 71, -1,
      49, 71, 51, -1,
      51, 71, 65, -1,
      51, 65, 52, -1,
    ]
  }
}

Shape {
  appearance Appearance {
    material Material {
      diffuseColor 0.3490 0.3490 0.3490
      specularColor 0.0235 0.0235 0.0235
      ambientIntensity 0.2
      transparency 0.0000
      shininess 0.5
    }
  }
  geometry IndexedFaceSet {
    ccw TRUE
    solid FALSE
    coord DEF co Coordinate {
      point [
        0.353324 -0.261348 0.472441,
        0.353927 -0.261944 0.472441,
        0.354757 -0.263147 0.472441,
        0.355360 -0.264716 0.472441,
        0.355676 -0.267390 0.472441,
        0.347133 -0.259330 0.472441,
        0.347300 -0.259331 0.472441,
        0.350062 -0.259677 0.472441,
        0.351894 -0.260377 0.472441,
        0.343893 -0.259330 0.472441,
        0.343893 -0.275867 0.472441,
        0.347007 -0.275867 0.472441,
        0.353384 -0.273630 0.472441,
        0.353128 -0.273868 0.472441,
        0.351743 -0.274828 0.472441,
        0.349969 -0.275514 0.472441,
        0.355596 -0.268824 0.472441,
        0.355169 -0.270772 0.472441,
        0.354420 -0.272354 0.472441,
      ]
    }
    coordIndex [
      14, 13, 6, -1,
      9, 10, 5, -1,
      5, 10, 11, -1,
      5, 11, 6, -1,
      6, 11, 15, -1,
      6, 15, 14, -1,
      13, 12, 6, -1,
      6, 12, 18, -1,
      6, 18, 17, -1,
      4, 0, 8, -1,
      3, 2, 4, -1,
      4, 2, 1, -1,
      4, 1, 0, -1,
      17, 16, 6, -1,
      6, 16, 4, -1,
      6, 4, 7, -1,
      7, 4, 8, -1,
    ]
  }
}

Shape {
  appearance Appearance {
    material Material {
      diffuseColor 1.0000 1.0000 1.0000
      specularColor 0.5020 0.5020 0.5020
      ambientIntensity 0.2
      transparency 0.0000
      shininess 0.5
    }
  }
  geometry IndexedFaceSet {
    ccw TRUE
    solid FALSE
    coord DEF co Coordinate {
      point [
        0.306477 -0.273715 0.472441,
        0.306144 -0.272860 0.472441,
        0.320328 -0.259887 0.472441,
        0.318830 -0.259317 0.472441,
        0.320328 -0.275181 0.472441,
        0.316189 -0.259001 0.472441,
        0.315206 -0.259048 0.472441,
        0.313361 -0.259437 0.472441,
        0.311689 -0.260250 0.472441,
        0.310344 -0.261381 0.472441,
        0.310194 -0.261545 0.472441,
        0.309159 -0.263037 0.472441,
        0.308442 -0.264891 0.472441,
        0.308091 -0.267829 0.472441,
        0.308123 -0.268762 0.472441,
        0.319130 -0.275719 0.472441,
        0.316703 -0.276169 0.472441,
        0.315706 -0.276206 0.472441,
        0.308489 -0.270876 0.472441,
        0.309201 -0.272586 0.472441,
        0.310196 -0.273947 0.472441,
        0.310783 -0.274510 0.472441,
        0.313802 -0.276007 0.472441,
        0.312229 -0.275462 0.472441,
        0.321005 -0.260144 0.472441,
        0.321244 -0.274770 0.472441,
        0.321244 -0.260273 0.472441,
        0.318464 -0.256682 0.472441,
        0.318970 -0.256722 0.472441,
        0.320328 -0.257114 0.472441,
        0.321244 -0.257378 0.472441,
        0.306728 -0.261691 0.472441,
        0.308283 -0.259659 0.472441,
        0.308817 -0.259150 0.472441,
        0.310825 -0.257745 0.472441,
        0.313067 -0.256876 0.472441,
        0.305709 -0.264073 0.472441,
        0.306144 -0.263055 0.472441,
        0.305606 -0.271476 0.472441,
        0.305185 -0.267993 0.472441,
        0.305223 -0.266873 0.472441,
        0.311369 -0.278023 0.472441,
        0.309388 -0.276997 0.472441,
        0.307937 -0.275746 0.472441,
        0.307756 -0.275548 0.472441,
        0.313314 -0.278493 0.472441,
        0.313631 -0.278569 0.472441,
        0.315306 -0.278674 0.472441,
        0.317199 -0.278493 0.472441,
        0.321244 -0.277424 0.472441,
        0.320878 -0.277606 0.472441,
        0.320328 -0.277786 0.472441,
        0.318575 -0.278361 0.472441,
        0.389696 -0.312338 0.472441,
        0.386637 -0.312338 0.472441,
        0.402877 -0.312338 0.472441,
        0.400689 -0.306471 0.472441,
        0.391757 -0.306471 0.472441,
        0.394806 -0.290889 0.472441,
        0.397767 -0.290889 0.472441,
        0.405936 -0.312338 0.472441,
        0.314669 -0.256682 0.472441,
        0.316161 -0.256501 0.472441,
        0.315706 -0.276206 0.476378,
        0.313802 -0.276007 0.476378,
        0.312229 -0.275462 0.476378,
        0.310783 -0.274510 0.476378,
        0.310196 -0.273947 0.476378,
        0.309201 -0.272586 0.476378,
        0.308489 -0.270876 0.476378,
        0.308123 -0.268762 0.476378,
        0.308091 -0.267829 0.476378,
        0.308442 -0.264891 0.476378,
        0.309159 -0.263037 0.476378,
        0.310194 -0.261545 0.476378,
        0.310344 -0.261381 0.476378,
        0.311689 -0.260250 0.476378,
        0.313361 -0.259437 0.476378,
        0.315206 -0.259048 0.476378,
        0.316189 -0.259001 0.476378,
        0.321244 -0.260273 0.476378,
        0.321005 -0.260144 0.476378,
        0.318830 -0.259317 0.476378,
        0.321244 -0.257378 0.476378,
        0.318970 -0.256722 0.476378,
        0.316161 -0.256501 0.476378,
        0.313067 -0.256876 0.476378,
        0.310825 -0.257745 0.476378,
        0.308817 -0.259150 0.476378,
        0.308283 -0.259659 0.476378,
        0.306728 -0.261691 0.476378,
        0.305709 -0.264073 0.476378,
        0.305223 -0.266873 0.476378,
        0.305185 -0.267993 0.476378,
        0.305606 -0.271476 0.476378,
        0.306477 -0.273715 0.476378,
        0.307756 -0.275548 0.476378,
        0.307937 -0.275746 0.476378,
        0.315306 -0.278674 0.476378,
        0.313631 -0.278569 0.476378,
        0.309388 -0.276997 0.476378,
        0.311369 -0.278023 0.476378,
        0.321244 -0.277424 0.476378,
        0.320878 -0.277606 0.476378,
        0.318575 -0.278361 0.476378,
        0.321244 -0.274770 0.476378,
        0.319130 -0.275719 0.476378,
        0.316703 -0.276169 0.476378,
        0.392635 -0.304048 0.476378,
        0.391757 -0.306471 0.476378,
        0.399834 -0.304048 0.476378,
        0.400689 -0.306471 0.476378,
        0.395843 -0.295133 0.476378,
        0.394806 -0.290889 0.476378,
        0.386637 -0.312338 0.476378,
        0.389696 -0.312338 0.476378,
        0.396028 -0.294493 0.476378,
        0.396193 -0.293630 0.476378,
        0.397767 -0.290889 0.476378,
        0.396259 -0.293630 0.476378,
        0.396432 -0.294538 0.476378,
        0.396593 -0.295133 0.476378,
        0.405936 -0.312338 0.476378,
        0.402877 -0.312338 0.476378,
        0.395843 -0.295133 0.472441,
        0.396028 -0.294493 0.472441,
        0.396193 -0.293630 0.472441,
        0.392635 -0.304048 0.472441,
        0.399834 -0.304048 0.472441,
        0.396593 -0.295133 0.472441,
        0.396259 -0.293630 0.472441,
        0.396432 -0.294538 0.472441,
      ]
    }
    coordIndex [
      63, 17, 22, -1,
      63, 22, 64, -1,
      64, 22, 23, -1,
      64, 23, 65, -1,
      65, 23, 21, -1,
      65, 21, 66, -1,
      66, 21, 20, -1,
      66, 20, 67, -1,
      67, 20, 19, -1,
      67, 19, 68, -1,
      68, 19, 18, -1,
      68, 18, 69, -1,
      69, 18, 14, -1,
      69, 14, 70, -1,
      70, 14, 13, -1,
      70, 13, 71, -1,
      71, 13, 12, -1,
      71, 12, 72, -1,
      72, 12, 11, -1,
      72, 11, 73, -1,
      73, 11, 10, -1,
      73, 10, 74, -1,
      74, 10, 9, -1,
      74, 9, 75, -1,
      75, 9, 8, -1,
      75, 8, 76, -1,
      76, 8, 7, -1,
      76, 7, 77, -1,
      77, 7, 6, -1,
      77, 6, 78, -1,
      78, 6, 5, -1,
      78, 5, 79, -1,
      26, 80, 81, -1,
      79, 5, 3, -1,
      79, 3, 82, -1,
      82, 3, 2, -1,
      82, 2, 81, -1,
      81, 2, 24, -1,
      81, 24, 26, -1,
      83, 80, 30, -1,
      30, 80, 26, -1,
      83, 30, 29, -1,
      83, 29, 84, -1,
      62, 85, 27, -1,
      27, 85, 84, -1,
      27, 84, 28, -1,
      28, 84, 29, -1,
      85, 62, 61, -1,
      85, 61, 86, -1,
      61, 35, 86, -1,
      86, 35, 34, -1,
      86, 34, 87, -1,
      87, 34, 33, -1,
      87, 33, 88, -1,
      88, 33, 32, -1,
      88, 32, 89, -1,
      89, 32, 31, -1,
      89, 31, 90, -1,
      90, 31, 37, -1,
      90, 37, 91, -1,
      37, 36, 91, -1,
      91, 36, 40, -1,
      91, 40, 92, -1,
      92, 40, 39, -1,
      92, 39, 93, -1,
      93, 39, 38, -1,
      93, 38, 94, -1,
      94, 38, 1, -1,
      94, 1, 95, -1,
      1, 0, 95, -1,
      95, 0, 44, -1,
      95, 44, 96, -1,
      96, 44, 43, -1,
      96, 43, 97, -1,
      47, 98, 99, -1,
      97, 43, 42, -1,
      97, 42, 100, -1,
      100, 42, 41, -1,
      100, 41, 101, -1,
      101, 41, 45, -1,
      101, 45, 99, -1,
      99, 45, 46, -1,
      99, 46, 47, -1,
      49, 102, 103, -1,
      47, 48, 98, -1,
      98, 48, 104, -1,
      48, 52, 104, -1,
      104, 52, 51, -1,
      104, 51, 103, -1,
      103, 51, 50, -1,
      103, 50, 49, -1,
      105, 102, 25, -1,
      25, 102, 49, -1,
      105, 25, 4, -1,
      105, 4, 106, -1,
      4, 15, 106, -1,
      106, 15, 16, -1,
      106, 16, 107, -1,
      107, 16, 17, -1,
      107, 17, 63, -1,
      72, 73, 90, -1,
      90, 73, 89, -1,
      93, 71, 92, -1,
      92, 71, 72, -1,
      92, 72, 91, -1,
      91, 72, 90, -1,
      73, 74, 89, -1,
      89, 74, 75, -1,
      89, 75, 88, -1,
      88, 75, 76, -1,
      88, 76, 87, -1,
      87, 76, 86, -1,
      86, 76, 77, -1,
      86, 77, 85, -1,
      102, 105, 103, -1,
      103, 105, 106, -1,
      103, 106, 104, -1,
      104, 106, 107, -1,
      104, 107, 98, -1,
      98, 107, 63, -1,
      98, 63, 99, -1,
      99, 63, 64, -1,
      99, 64, 101, -1,
      101, 64, 65, -1,
      101, 65, 100, -1,
      100, 65, 66, -1,
      100, 66, 97, -1,
      97, 66, 67, -1,
      97, 67, 96, -1,
      96, 67, 68, -1,
      96, 68, 95, -1,
      95, 68, 94, -1,
      94, 68, 69, -1,
      94, 69, 93, -1,
      93, 69, 70, -1,
      93, 70, 71, -1,
      77, 78, 85, -1,
      85, 78, 79, -1,
      85, 79, 84, -1,
      84, 79, 82, -1,
      84, 82, 83, -1,
      83, 82, 81, -1,
      83, 81, 80, -1,
      108, 109, 110, -1,
      110, 109, 111, -1,
      112, 113, 108, -1,
      108, 113, 114, -1,
      108, 114, 109, -1,
      109, 114, 115, -1,
      112, 116, 113, -1,
      113, 116, 117, -1,
      113, 117, 118, -1,
      118, 117, 119, -1,
      118, 119, 120, -1,
      120, 121, 118, -1,
      118, 121, 110, -1,
      118, 110, 122, -1,
      122, 110, 111, -1,
      122, 111, 123, -1,
      113, 118, 58, -1,
      58, 118, 59, -1,
      114, 113, 54, -1,
      54, 113, 58, -1,
      115, 114, 53, -1,
      53, 114, 54, -1,
      109, 115, 57, -1,
      57, 115, 53, -1,
      111, 109, 56, -1,
      56, 109, 57, -1,
      123, 111, 55, -1,
      55, 111, 56, -1,
      122, 123, 60, -1,
      60, 123, 55, -1,
      118, 122, 59, -1,
      59, 122, 60, -1,
      112, 124, 125, -1,
      112, 125, 116, -1,
      116, 125, 126, -1,
      116, 126, 117, -1,
      112, 108, 124, -1,
      124, 108, 127, -1,
      108, 110, 127, -1,
      127, 110, 128, -1,
      110, 121, 128, -1,
      128, 121, 129, -1,
      119, 130, 131, -1,
      119, 131, 120, -1,
      120, 131, 129, -1,
      120, 129, 121, -1,
      119, 117, 130, -1,
      130, 117, 126, -1,
    ]
  }
}

Shape {
  appearance Appearance {
    material Material {
      diffuseColor 0.3490 0.3490 0.3490
      specularColor 0.0235 0.0235 0.0235
      ambientIntensity 0.2
      transparency 0.0000
      shininess 0.5
    }
  }
  geometry IndexedFaceSet {
    ccw TRUE
    solid FALSE
    coord DEF co Coordinate {
      point [
        0.395843 -0.295133 0.472441,
        0.396028 -0.294493 0.472441,
        0.396193 -0.293630 0.472441,
        0.392635 -0.304048 0.472441,
        0.399834 -0.304048 0.472441,
        0.396593 -0.295133 0.472441,
        0.396259 -0.293630 0.472441,
        0.396432 -0.294538 0.472441,
      ]
    }
    coordIndex [
      6, 2, 7, -1,
      7, 2, 1, -1,
      7, 1, 5, -1,
      5, 1, 0, -1,
      5, 0, 4, -1,
      4, 0, 3, -1,
    ]
  }
}

Shape {
  appearance Appearance {
    material Material {
      diffuseColor 1.0000 1.0000 1.0000
      specularColor 0.5020 0.5020 0.5020
      ambientIntensity 0.2
      transparency 0.0000
      shininess 0.5
    }
  }
  geometry IndexedFaceSet {
    ccw TRUE
    solid FALSE
    coord DEF co Coordinate {
      point [
        0.379076 -0.278312 0.472441,
        0.376017 -0.278312 0.472441,
        0.373829 -0.272445 0.472441,
        0.365959 -0.272445 0.472441,
        0.370907 -0.256863 0.472441,
        0.364898 -0.272445 0.472441,
        0.362836 -0.278312 0.472441,
        0.359777 -0.278312 0.472441,
        0.365959 -0.262081 0.472441,
        0.367946 -0.256863 0.472441,
        0.352397 -0.290889 0.472441,
        0.359182 -0.290889 0.472441,
        0.359182 -0.312338 0.472441,
        0.352397 -0.312338 0.472441,
        0.363933 -0.312338 0.472441,
        0.363933 -0.309893 0.472441,
        0.363445 -0.290889 0.472441,
        0.363445 -0.293356 0.472441,
        0.355166 -0.302677 0.472441,
        0.355166 -0.309893 0.472441,
        0.359182 -0.302677 0.472441,
        0.359182 -0.309893 0.472441,
        0.362836 -0.302677 0.472441,
        0.362836 -0.300221 0.472441,
        0.355166 -0.293356 0.472441,
        0.355166 -0.300221 0.472441,
        0.359182 -0.293356 0.472441,
        0.359182 -0.300221 0.472441,
        0.292997 -0.290889 0.472441,
        0.292997 -0.312338 0.472441,
        0.304044 -0.290889 0.472441,
        0.304044 -0.293356 0.472441,
        0.304533 -0.309893 0.472441,
        0.304533 -0.312338 0.472441,
        0.295765 -0.302677 0.472441,
        0.295765 -0.309893 0.472441,
        0.303436 -0.302677 0.472441,
        0.303436 -0.300221 0.472441,
        0.295765 -0.300221 0.472441,
        0.295765 -0.293356 0.472441,
        0.363933 -0.309893 0.476378,
        0.355166 -0.309893 0.476378,
        0.355166 -0.302677 0.476378,
        0.362836 -0.302677 0.476378,
        0.362836 -0.300221 0.476378,
        0.355166 -0.300221 0.476378,
        0.355166 -0.293356 0.476378,
        0.363445 -0.293356 0.476378,
        0.363445 -0.290889 0.476378,
        0.352397 -0.290889 0.476378,
        0.352397 -0.312338 0.476378,
        0.363933 -0.312338 0.476378,
        0.295765 -0.309893 0.476378,
        0.304533 -0.309893 0.476378,
        0.295765 -0.302677 0.476378,
        0.303436 -0.302677 0.476378,
        0.303436 -0.300221 0.476378,
        0.295765 -0.300221 0.476378,
        0.295765 -0.293356 0.476378,
        0.304044 -0.293356 0.476378,
        0.304044 -0.290889 0.476378,
        0.292997 -0.290889 0.476378,
        0.292997 -0.312338 0.476378,
        0.304533 -0.312338 0.476378,
        0.365775 -0.270022 0.476378,
        0.364898 -0.272445 0.476378,
        0.372974 -0.270022 0.476378,
        0.373829 -0.272445 0.476378,
        0.368982 -0.261107 0.476378,
        0.367946 -0.256863 0.476378,
        0.359777 -0.278312 0.476378,
        0.362836 -0.278312 0.476378,
        0.369168 -0.260467 0.476378,
        0.369333 -0.259604 0.476378,
        0.370907 -0.256863 0.476378,
        0.369399 -0.259604 0.476378,
        0.369572 -0.260512 0.476378,
        0.369733 -0.261107 0.476378,
        0.379076 -0.278312 0.476378,
        0.376017 -0.278312 0.476378,
        0.368982 -0.261107 0.472441,
        0.369168 -0.260467 0.472441,
        0.369333 -0.259604 0.472441,
        0.365775 -0.270022 0.472441,
        0.372974 -0.270022 0.472441,
        0.369733 -0.261107 0.472441,
        0.369399 -0.259604 0.472441,
        0.369572 -0.260512 0.472441,
      ]
    }
    coordIndex [
      40, 15, 41, -1,
      41, 15, 21, -1,
      41, 21, 19, -1,
      42, 41, 18, -1,
      18, 41, 19, -1,
      42, 18, 43, -1,
      43, 18, 20, -1,
      43, 20, 22, -1,
      44, 43, 23, -1,
      23, 43, 22, -1,
      25, 45, 27, -1,
      27, 45, 44, -1,
      27, 44, 23, -1,
      46, 45, 24, -1,
      24, 45, 25, -1,
      17, 47, 26, -1,
      26, 47, 46, -1,
      26, 46, 24, -1,
      48, 47, 16, -1,
      16, 47, 17, -1,
      10, 49, 11, -1,
      11, 49, 48, -1,
      11, 48, 16, -1,
      50, 49, 13, -1,
      13, 49, 10, -1,
      50, 13, 51, -1,
      51, 13, 12, -1,
      51, 12, 14, -1,
      40, 51, 15, -1,
      15, 51, 14, -1,
      50, 51, 40, -1,
      40, 41, 50, -1,
      50, 41, 42, -1,
      50, 42, 49, -1,
      47, 48, 46, -1,
      46, 48, 49, -1,
      46, 49, 45, -1,
      45, 49, 42, -1,
      45, 42, 44, -1,
      44, 42, 43, -1,
      52, 53, 35, -1,
      35, 53, 32, -1,
      54, 52, 34, -1,
      34, 52, 35, -1,
      55, 54, 36, -1,
      36, 54, 34, -1,
      56, 55, 37, -1,
      37, 55, 36, -1,
      57, 56, 38, -1,
      38, 56, 37, -1,
      58, 57, 39, -1,
      39, 57, 38, -1,
      59, 58, 31, -1,
      31, 58, 39, -1,
      60, 59, 30, -1,
      30, 59, 31, -1,
      61, 60, 28, -1,
      28, 60, 30, -1,
      62, 61, 29, -1,
      29, 61, 28, -1,
      63, 62, 33, -1,
      33, 62, 29, -1,
      53, 63, 32, -1,
      32, 63, 33, -1,
      62, 63, 53, -1,
      53, 52, 62, -1,
      62, 52, 54, -1,
      62, 54, 61, -1,
      59, 60, 58, -1,
      58, 60, 61, -1,
      58, 61, 57, -1,
      57, 61, 54, -1,
      57, 54, 56, -1,
      56, 54, 55, -1,
      64, 65, 66, -1,
      66, 65, 67, -1,
      68, 69, 64, -1,
      64, 69, 70, -1,
      64, 70, 65, -1,
      65, 70, 71, -1,
      68, 72, 69, -1,
      69, 72, 73, -1,
      69, 73, 74, -1,
      74, 73, 75, -1,
      74, 75, 76, -1,
      76, 77, 74, -1,
      74, 77, 66, -1,
      74, 66, 78, -1,
      78, 66, 67, -1,
      78, 67, 79, -1,
      69, 74, 9, -1,
      9, 74, 4, -1,
      7, 70, 8, -1,
      8, 70, 69, -1,
      8, 69, 9, -1,
      71, 70, 6, -1,
      6, 70, 7, -1,
      65, 71, 5, -1,
      5, 71, 6, -1,
      2, 67, 3, -1,
      3, 67, 65, -1,
      3, 65, 5, -1,
      79, 67, 1, -1,
      1, 67, 2, -1,
      78, 79, 0, -1,
      0, 79, 1, -1,
      74, 78, 4, -1,
      4, 78, 0, -1,
      68, 80, 81, -1,
      68, 81, 72, -1,
      72, 81, 82, -1,
      72, 82, 73, -1,
      68, 64, 80, -1,
      80, 64, 83, -1,
      64, 66, 83, -1,
      83, 66, 84, -1,
      66, 77, 84, -1,
      84, 77, 85, -1,
      75, 86, 87, -1,
      75, 87, 76, -1,
      76, 87, 85, -1,
      76, 85, 77, -1,
      75, 73, 86, -1,
      86, 73, 82, -1,
    ]
  }
}

Shape {
  appearance Appearance {
    material Material {
      diffuseColor 0.3490 0.3490 0.3490
      specularColor 0.0235 0.0235 0.0235
      ambientIntensity 0.2
      transparency 0.0000
      shininess 0.5
    }
  }
  geometry IndexedFaceSet {
    ccw TRUE
    solid FALSE
    coord DEF co Coordinate {
      point [
        0.368982 -0.261107 0.472441,
        0.369168 -0.260467 0.472441,
        0.369333 -0.259604 0.472441,
        0.365775 -0.270022 0.472441,
        0.372974 -0.270022 0.472441,
        0.369733 -0.261107 0.472441,
        0.369399 -0.259604 0.472441,
        0.369572 -0.260512 0.472441,
      ]
    }
    coordIndex [
      6, 2, 7, -1,
      7, 2, 1, -1,
      7, 1, 5, -1,
      5, 1, 0, -1,
      5, 0, 4, -1,
      4, 0, 3, -1,
    ]
  }
}

Shape {
  appearance Appearance {
    material Material {
      diffuseColor 1.0000 1.0000 1.0000
      specularColor 0.5020 0.5020 0.5020
      ambientIntensity 0.2
      transparency 0.0000
      shininess 0.5
    }
  }
  geometry IndexedFaceSet {
    ccw TRUE
    solid FALSE
    coord DEF co Coordinate {
      point [
        0.295765 -0.256863 0.472441,
        0.295765 -0.275867 0.472441,
        0.304308 -0.275867 0.472441,
        0.336585 -0.256863 0.472441,
        0.334098 -0.256863 0.472441,
        0.328306 -0.268651 0.472441,
        0.328306 -0.275867 0.472441,
        0.334098 -0.268651 0.472441,
        0.334098 -0.275867 0.472441,
        0.335976 -0.268651 0.472441,
        0.337073 -0.275867 0.472441,
        0.335976 -0.266195 0.472441,
        0.336585 -0.259330 0.472441,
        0.334098 -0.266195 0.472441,
        0.334098 -0.259330 0.472441,
        0.328306 -0.266195 0.472441,
        0.328306 -0.259330 0.472441,
        0.337073 -0.278312 0.472441,
        0.334098 -0.278312 0.472441,
        0.325537 -0.278312 0.472441,
        0.325537 -0.256863 0.472441,
        0.292997 -0.278312 0.472441,
        0.292997 -0.256863 0.472441,
        0.304308 -0.278312 0.472441,
        0.328306 -0.275867 0.476378,
        0.337073 -0.275867 0.476378,
        0.328306 -0.268651 0.476378,
        0.335976 -0.268651 0.476378,
        0.335976 -0.266195 0.476378,
        0.328306 -0.266195 0.476378,
        0.328306 -0.259330 0.476378,
        0.336585 -0.259330 0.476378,
        0.336585 -0.256863 0.476378,
        0.325537 -0.256863 0.476378,
        0.325537 -0.278312 0.476378,
        0.337073 -0.278312 0.476378,
        0.295765 -0.275867 0.476378,
        0.304308 -0.275867 0.476378,
        0.295765 -0.256863 0.476378,
        0.292997 -0.256863 0.476378,
        0.292997 -0.278312 0.476378,
        0.304308 -0.278312 0.476378,
      ]
    }
    coordIndex [
      6, 24, 8, -1,
      8, 24, 25, -1,
      8, 25, 10, -1,
      26, 24, 5, -1,
      5, 24, 6, -1,
      9, 27, 7, -1,
      7, 27, 26, -1,
      7, 26, 5, -1,
      28, 27, 11, -1,
      11, 27, 9, -1,
      15, 29, 13, -1,
      13, 29, 28, -1,
      13, 28, 11, -1,
      30, 29, 16, -1,
      16, 29, 15, -1,
      30, 16, 31, -1,
      31, 16, 14, -1,
      31, 14, 12, -1,
      32, 31, 3, -1,
      3, 31, 12, -1,
      20, 33, 4, -1,
      4, 33, 32, -1,
      4, 32, 3, -1,
      34, 33, 19, -1,
      19, 33, 20, -1,
      34, 19, 35, -1,
      35, 19, 18, -1,
      35, 18, 17, -1,
      25, 35, 10, -1,
      10, 35, 17, -1,
      34, 35, 25, -1,
      25, 24, 34, -1,
      34, 24, 26, -1,
      34, 26, 33, -1,
      31, 32, 30, -1,
      30, 32, 33, -1,
      30, 33, 29, -1,
      29, 33, 26, -1,
      29, 26, 28, -1,
      28, 26, 27, -1,
      36, 37, 1, -1,
      1, 37, 2, -1,
      38, 36, 0, -1,
      0, 36, 1, -1,
      39, 38, 22, -1,
      22, 38, 0, -1,
      40, 39, 21, -1,
      21, 39, 22, -1,
      41, 40, 23, -1,
      23, 40, 21, -1,
      37, 41, 2, -1,
      2, 41, 23, -1,
      38, 39, 36, -1,
      36, 39, 40, -1,
      36, 40, 37, -1,
      37, 40, 41, -1,
    ]
  }
}
