#VRML V2.0 utf8

Shape {
  appearance Appearance {
    material Material {
      diffuseColor 0.2235 0.2235 0.2235
      specularColor 0.1137 0.1137 0.1137
      ambientIntensity 0.2
      transparency 0.0000
      shininess 0.5
    }
  }
  geometry IndexedFaceSet {
    ccw TRUE
    solid FALSE
    coord DEF co Coordinate {
      point [
        0.160104 -0.343798 0.000000,
        0.142819 -0.343798 0.000000,
        0.138498 -0.343078 0.000000,
        0.561024 0.541339 0.000000,
        0.787402 0.541339 0.000000,
        0.787402 0.484744 0.000000,
        0.196850 -0.572835 0.000000,
        0.196850 -0.688976 0.000000,
        0.138498 -0.688976 0.000000,
        -0.098425 -0.572835 0.000000,
        -0.098425 -0.688976 0.000000,
        -0.163259 -0.688976 0.000000,
        -0.058832 -0.280512 0.000000,
        0.027590 -0.280512 0.000000,
        0.027590 -0.343078 0.000000,
        -0.212952 -0.461909 0.000000,
        -0.212952 -0.356762 0.000000,
        -0.170272 -0.356762 0.000000,
        -0.228796 -0.461909 0.000000,
        -0.170272 -0.462629 0.000000,
        -0.163259 -0.462629 0.000000,
        -0.168300 -0.356762 0.000000,
        -0.163259 -0.343078 0.000000,
        -0.168300 -0.343798 0.000000,
        -0.170272 -0.343078 0.000000,
        -0.170272 -0.343798 0.000000,
        -0.787402 -0.462629 0.000000,
        -0.787402 -0.443088 0.000000,
        -0.681102 -0.443088 0.000000,
        -0.644165 -0.425300 0.000000,
        -0.638537 -0.416342 0.000000,
        -0.228796 -0.343798 0.000000,
        -0.651646 -0.432781 0.000000,
        -0.681102 -0.344663 0.000000,
        -0.787402 -0.344663 0.000000,
        -0.787402 -0.343078 0.000000,
        -0.670589 -0.345847 0.000000,
        -0.670589 -0.441904 0.000000,
        -0.660604 -0.438409 0.000000,
        -0.635043 -0.406357 0.000000,
        -0.633858 -0.395844 0.000000,
        -0.633858 -0.391907 0.000000,
        -0.635043 -0.381394 0.000000,
        -0.638537 -0.371408 0.000000,
        -0.644165 -0.362450 0.000000,
        -0.651646 -0.354970 0.000000,
        -0.660604 -0.349341 0.000000,
        0.176181 -0.280512 0.000000,
        0.286613 -0.280512 0.000000,
        0.286613 -0.343078 0.000000,
        0.323819 -0.280512 0.000000,
        0.631890 -0.246237 0.000000,
        0.787402 -0.246237 0.000000,
        0.787402 -0.343078 0.000000,
        0.635043 0.381394 0.000000,
        0.638537 0.371408 0.000000,
        0.323819 0.280512 0.000000,
        0.286613 0.280512 0.000000,
        0.660604 0.438409 0.000000,
        0.651646 0.432781 0.000000,
        0.644165 0.425300 0.000000,
        0.638537 0.416342 0.000000,
        0.635043 0.406357 0.000000,
        0.585830 -0.209506 0.000000,
        0.589324 -0.219492 0.000000,
        0.787402 0.443088 0.000000,
        0.681102 0.443088 0.000000,
        0.670589 0.441904 0.000000,
        0.286613 0.484744 0.000000,
        0.633858 0.395844 0.000000,
        0.633858 0.391907 0.000000,
        0.594953 0.228450 0.000000,
        0.589324 0.219492 0.000000,
        0.585830 0.209506 0.000000,
        0.594953 -0.228450 0.000000,
        0.602433 -0.235930 0.000000,
        0.611391 -0.241559 0.000000,
        0.621377 -0.245053 0.000000,
        0.589324 0.022467 0.000000,
        0.589324 0.174558 0.000000,
        0.594953 0.165600 0.000000,
        0.585830 0.184544 0.000000,
        0.787402 0.344663 0.000000,
        0.787402 0.246237 0.000000,
        0.681102 0.344663 0.000000,
        0.631890 0.246237 0.000000,
        0.611391 0.241559 0.000000,
        0.602433 0.235930 0.000000,
        0.584646 0.198993 0.000000,
        0.584646 0.195056 0.000000,
        0.621377 0.048028 0.000000,
        0.611391 0.044534 0.000000,
        0.611391 0.152491 0.000000,
        0.602433 0.038906 0.000000,
        0.585830 0.012481 0.000000,
        0.584646 0.001969 0.000000,
        0.631890 0.147812 0.000000,
        0.787402 0.147812 0.000000,
        0.787402 0.049213 0.000000,
        0.602433 0.158119 0.000000,
        0.594953 0.031425 0.000000,
        0.584646 -0.001969 0.000000,
        0.585830 -0.012481 0.000000,
        0.589324 -0.022467 0.000000,
        0.602433 -0.038906 0.000000,
        0.611391 -0.044534 0.000000,
        0.621377 -0.148997 0.000000,
        0.611391 -0.152491 0.000000,
        0.602433 -0.158119 0.000000,
        0.594953 -0.165600 0.000000,
        0.589324 -0.174558 0.000000,
        0.585830 -0.184544 0.000000,
        0.644165 0.362450 0.000000,
        0.651646 0.354970 0.000000,
        0.621377 0.245053 0.000000,
        0.660604 0.349341 0.000000,
        0.670589 0.345847 0.000000,
        0.621377 0.148997 0.000000,
        0.631890 0.049213 0.000000,
        0.594953 -0.031425 0.000000,
        0.584646 -0.195056 0.000000,
        0.584646 -0.198993 0.000000,
        0.631890 -0.049213 0.000000,
        0.787402 -0.049213 0.000000,
        0.787402 -0.147812 0.000000,
        0.621377 -0.048028 0.000000,
        0.631890 -0.147812 0.000000,
        0.138498 0.484744 0.000000,
        0.176181 0.280512 0.000000,
        0.075787 -0.280512 0.000000,
        0.075787 0.280512 0.000000,
        0.027590 0.280512 0.000000,
        0.027590 0.484744 0.000000,
        -0.163259 0.484744 0.000000,
        -0.058832 0.484744 0.000000,
        -0.058832 0.280512 0.000000,
        -0.071850 0.280512 0.000000,
        -0.071850 -0.280512 0.000000,
        -0.102854 -0.342358 0.000000,
        -0.109799 -0.343078 0.000000,
        0.050397 0.562322 0.000000,
        0.053891 0.552336 0.000000,
        0.059520 0.543378 0.000000,
        0.067000 0.535898 0.000000,
        0.100394 0.525591 0.000000,
        0.110907 0.526775 0.000000,
        0.120892 0.530269 0.000000,
        0.129850 0.535898 0.000000,
        0.049213 0.572835 0.000000,
        0.027590 0.688976 0.000000,
        0.049213 0.688976 0.000000,
        0.075958 0.530269 0.000000,
        0.085944 0.526775 0.000000,
        0.096457 0.525591 0.000000,
        -0.058832 0.544472 0.000000,
        -0.053891 0.552336 0.000000,
        -0.049213 0.688976 0.000000,
        -0.049213 0.572835 0.000000,
        -0.050397 0.562322 0.000000,
        -0.085944 0.526775 0.000000,
        -0.075958 0.530269 0.000000,
        -0.147638 0.572835 0.000000,
        -0.146453 0.562322 0.000000,
        -0.096457 0.525591 0.000000,
        -0.142959 0.552336 0.000000,
        -0.137331 0.543378 0.000000,
        -0.129850 0.535898 0.000000,
        -0.067000 0.535898 0.000000,
        -0.059520 0.543378 0.000000,
        -0.120892 0.530269 0.000000,
        -0.110907 0.526775 0.000000,
        -0.100394 0.525591 0.000000,
        -0.364173 0.553150 0.000000,
        -0.364173 0.688976 0.000000,
        -0.170272 0.688976 0.000000,
        -0.400905 0.507090 0.000000,
        -0.390919 0.510584 0.000000,
        -0.170272 0.484744 0.000000,
        -0.381961 0.516213 0.000000,
        -0.374480 0.523693 0.000000,
        -0.368852 0.532651 0.000000,
        -0.365358 0.542637 0.000000,
        -0.561024 0.688976 0.000000,
        -0.462598 0.688976 0.000000,
        -0.561024 0.603010 0.000000,
        -0.462598 0.553150 0.000000,
        -0.621181 0.541339 0.000000,
        -0.461414 0.542637 0.000000,
        -0.457920 0.532651 0.000000,
        -0.452291 0.523693 0.000000,
        -0.444811 0.516213 0.000000,
        -0.787402 0.484744 0.000000,
        -0.787402 0.541339 0.000000,
        -0.435853 0.510584 0.000000,
        -0.425867 0.507090 0.000000,
        -0.415354 0.505906 0.000000,
        -0.411417 0.505906 0.000000,
        -0.319882 -0.280512 0.000000,
        -0.172244 -0.280512 0.000000,
        -0.172244 0.280512 0.000000,
        -0.319882 0.280512 0.000000,
        -0.644165 0.425300 0.000000,
        -0.651646 0.432781 0.000000,
        -0.660604 0.438409 0.000000,
        -0.670589 0.441904 0.000000,
        -0.681102 0.443088 0.000000,
        -0.787402 0.443088 0.000000,
        -0.787402 -0.246237 0.000000,
        -0.631890 -0.246237 0.000000,
        -0.621377 -0.245053 0.000000,
        -0.611391 -0.241559 0.000000,
        -0.602433 -0.235930 0.000000,
        -0.594953 -0.228450 0.000000,
        -0.589324 -0.219492 0.000000,
        -0.585830 -0.209506 0.000000,
        -0.585830 -0.184544 0.000000,
        -0.589324 -0.174558 0.000000,
        -0.602433 -0.038906 0.000000,
        -0.594953 -0.031425 0.000000,
        -0.594953 -0.165600 0.000000,
        -0.589324 -0.022467 0.000000,
        -0.585830 0.209506 0.000000,
        -0.589324 0.219492 0.000000,
        -0.602433 0.038906 0.000000,
        -0.602433 0.158119 0.000000,
        -0.594953 0.031425 0.000000,
        -0.594953 0.165600 0.000000,
        -0.589324 0.174558 0.000000,
        -0.585830 0.184544 0.000000,
        -0.594953 0.228450 0.000000,
        -0.602433 0.235930 0.000000,
        -0.611391 0.241559 0.000000,
        -0.644165 0.362450 0.000000,
        -0.638537 0.371408 0.000000,
        -0.635043 0.381394 0.000000,
        -0.633858 0.391907 0.000000,
        -0.584646 -0.198993 0.000000,
        -0.584646 -0.195056 0.000000,
        -0.602433 -0.158119 0.000000,
        -0.611391 -0.152491 0.000000,
        -0.611391 -0.044534 0.000000,
        -0.621377 -0.048028 0.000000,
        -0.585830 -0.012481 0.000000,
        -0.584646 -0.001969 0.000000,
        -0.584646 0.195056 0.000000,
        -0.584646 0.198993 0.000000,
        -0.633858 0.395844 0.000000,
        -0.635043 0.406357 0.000000,
        -0.638537 0.416342 0.000000,
        -0.631890 0.246237 0.000000,
        -0.787402 0.246237 0.000000,
        -0.787402 0.344663 0.000000,
        -0.584646 0.001969 0.000000,
        -0.585830 0.012481 0.000000,
        -0.589324 0.022467 0.000000,
        -0.681102 0.344663 0.000000,
        -0.670589 0.345847 0.000000,
        -0.621377 0.245053 0.000000,
        -0.660604 0.349341 0.000000,
        -0.651646 0.354970 0.000000,
        -0.631890 -0.147812 0.000000,
        -0.787402 -0.147812 0.000000,
        -0.787402 -0.049213 0.000000,
        -0.611391 0.044534 0.000000,
        -0.621377 0.148997 0.000000,
        -0.611391 0.152491 0.000000,
        -0.621377 -0.148997 0.000000,
        -0.631890 -0.049213 0.000000,
        -0.631890 0.049213 0.000000,
        -0.787402 0.049213 0.000000,
        -0.787402 0.147812 0.000000,
        -0.621377 0.048028 0.000000,
        -0.631890 0.147812 0.000000,
        -0.590551 -0.543781 0.000000,
        -0.787402 -0.543781 0.000000,
        -0.395311 -0.560607 0.000000,
        -0.281438 -0.539428 0.000000,
        -0.288946 -0.549213 0.000000,
        -0.220472 -0.531920 0.000000,
        -0.231867 -0.527200 0.000000,
        -0.478289 -0.539428 0.000000,
        -0.485796 -0.549213 0.000000,
        -0.196850 -0.572835 0.000000,
        -0.198460 -0.560607 0.000000,
        -0.295276 -0.572835 0.000000,
        -0.295276 -0.688976 0.000000,
        -0.393701 -0.688976 0.000000,
        -0.203180 -0.549213 0.000000,
        -0.210688 -0.539428 0.000000,
        -0.492126 -0.688976 0.000000,
        -0.590551 -0.688976 0.000000,
        -0.492126 -0.572835 0.000000,
        -0.490516 -0.560607 0.000000,
        -0.293666 -0.560607 0.000000,
        -0.393701 -0.572835 0.000000,
        -0.407538 -0.539428 0.000000,
        -0.417323 -0.531920 0.000000,
        -0.428717 -0.527200 0.000000,
        -0.440945 -0.525591 0.000000,
        -0.444882 -0.525591 0.000000,
        -0.457109 -0.527200 0.000000,
        -0.468504 -0.531920 0.000000,
        -0.244094 -0.525591 0.000000,
        -0.248031 -0.525591 0.000000,
        -0.260259 -0.527200 0.000000,
        -0.400030 -0.549213 0.000000,
        -0.271654 -0.531920 0.000000,
        -0.074803 -0.531920 0.000000,
        -0.084588 -0.539428 0.000000,
        -0.092096 -0.549213 0.000000,
        -0.096815 -0.560607 0.000000,
        0.000000 -0.572835 0.000000,
        -0.001610 -0.560607 0.000000,
        0.027590 -0.462629 0.000000,
        -0.006330 -0.549213 0.000000,
        -0.013837 -0.539428 0.000000,
        -0.023622 -0.531920 0.000000,
        -0.035017 -0.527200 0.000000,
        -0.058832 -0.462629 0.000000,
        -0.047244 -0.525591 0.000000,
        0.286613 -0.546172 0.000000,
        0.281438 -0.539428 0.000000,
        0.286613 -0.462629 0.000000,
        0.271654 -0.531920 0.000000,
        0.231867 -0.527200 0.000000,
        0.220472 -0.531920 0.000000,
        0.138498 -0.462629 0.000000,
        0.244094 -0.525591 0.000000,
        0.210688 -0.539428 0.000000,
        0.203180 -0.549213 0.000000,
        0.198460 -0.560607 0.000000,
        0.260259 -0.527200 0.000000,
        0.248031 -0.525591 0.000000,
        0.787402 -0.462629 0.000000,
        0.787402 -0.543781 0.000000,
        0.590551 -0.543781 0.000000,
        0.590551 -0.688976 0.000000,
        0.492126 -0.688976 0.000000,
        0.492126 -0.572835 0.000000,
        0.490516 -0.560607 0.000000,
        0.485796 -0.549213 0.000000,
        0.478289 -0.539428 0.000000,
        0.468504 -0.531920 0.000000,
        0.428717 -0.527200 0.000000,
        0.417323 -0.531920 0.000000,
        0.457109 -0.527200 0.000000,
        0.444882 -0.525591 0.000000,
        0.440945 -0.525591 0.000000,
        0.393701 -0.688976 0.000000,
        0.295276 -0.688976 0.000000,
        0.393701 -0.572835 0.000000,
        0.295276 -0.572835 0.000000,
        0.395311 -0.560607 0.000000,
        0.293666 -0.560607 0.000000,
        0.288946 -0.549213 0.000000,
        0.400030 -0.549213 0.000000,
        0.407538 -0.539428 0.000000,
        0.787402 -0.344663 0.000000,
        0.681102 -0.344663 0.000000,
        0.670589 -0.345847 0.000000,
        0.660604 -0.349341 0.000000,
        0.681102 -0.443088 0.000000,
        0.787402 -0.443088 0.000000,
        0.635043 -0.406357 0.000000,
        0.638537 -0.416342 0.000000,
        0.644165 -0.425300 0.000000,
        0.651646 -0.432781 0.000000,
        0.651646 -0.354970 0.000000,
        0.644165 -0.362450 0.000000,
        0.638537 -0.371408 0.000000,
        0.660604 -0.438409 0.000000,
        0.670589 -0.441904 0.000000,
        0.635043 -0.381394 0.000000,
        0.633858 -0.391907 0.000000,
        0.633858 -0.395844 0.000000,
        0.400905 0.507090 0.000000,
        0.390919 0.510584 0.000000,
        0.381961 0.516213 0.000000,
        0.444811 0.516213 0.000000,
        0.452291 0.523693 0.000000,
        0.457920 0.532651 0.000000,
        0.365358 0.542637 0.000000,
        0.368852 0.532651 0.000000,
        0.374480 0.523693 0.000000,
        0.462598 0.688976 0.000000,
        0.561024 0.688976 0.000000,
        0.462598 0.553150 0.000000,
        0.461414 0.542637 0.000000,
        0.286613 0.688976 0.000000,
        0.364173 0.688976 0.000000,
        0.364173 0.553150 0.000000,
        0.411417 0.505906 0.000000,
        0.415354 0.505906 0.000000,
        0.425867 0.507090 0.000000,
        0.435853 0.510584 0.000000,
        0.137331 0.543378 0.000000,
        0.138498 0.545237 0.000000,
        0.142959 0.552336 0.000000,
        0.147638 0.688976 0.000000,
        0.147638 0.572835 0.000000,
        0.146453 0.562322 0.000000,
        -0.098015 -0.450386 0.000000,
        -0.109645 -0.449080 0.000000,
        -0.072472 -0.361711 0.000000,
        -0.070355 -0.362883 0.000000,
        -0.070355 -0.349920 0.000000,
        -0.058832 -0.343078 0.000000,
        -0.082945 -0.344751 0.000000,
        -0.094880 -0.343078 0.000000,
        -0.087713 -0.462629 0.000000,
        -0.084011 -0.462374 0.000000,
        -0.070355 -0.458668 0.000000,
        -0.070355 -0.442824 0.000000,
        -0.083659 -0.448521 0.000000,
        -0.118485 -0.445889 0.000000,
        -0.126660 -0.440420 0.000000,
        -0.133793 -0.432546 0.000000,
        -0.142374 -0.401593 0.000000,
        -0.141178 -0.388807 0.000000,
        -0.137969 -0.378648 0.000000,
        -0.111687 -0.356557 0.000000,
        -0.100670 -0.355322 0.000000,
        -0.120293 -0.359726 0.000000,
        -0.127542 -0.364611 0.000000,
        -0.133084 -0.370458 0.000000,
        -0.084993 -0.357062 0.000000,
        -0.138662 -0.423427 0.000000,
        -0.141810 -0.410783 0.000000,
        -0.128857 -0.347808 0.000000,
        -0.138357 -0.353875 0.000000,
        -0.147229 -0.363215 0.000000,
        -0.153521 -0.374445 0.000000,
        -0.117409 -0.343867 0.000000,
        -0.151984 -0.430800 0.000000,
        -0.145061 -0.441843 0.000000,
        -0.134398 -0.452098 0.000000,
        -0.123180 -0.458556 0.000000,
        -0.051181 -0.525591 0.000000,
        -0.058832 -0.526598 0.000000,
        -0.063409 -0.527200 0.000000,
        -0.098150 -0.463349 0.000000,
        -0.106972 -0.462629 0.000000,
        -0.110013 -0.462381 0.000000,
        -0.157076 -0.386947 0.000000,
        -0.158218 -0.400626 0.000000,
        -0.156519 -0.417417 0.000000,
        -0.147638 0.688976 0.000000,
        -0.163259 0.688976 0.000000,
        -0.047309 -0.343798 0.000000,
        0.013186 -0.448945 0.000000,
        -0.031465 -0.448945 0.000000,
        -0.031465 -0.410056 0.000000,
        -0.047309 -0.461909 0.000000,
        0.013186 -0.461909 0.000000,
        0.010306 -0.410056 0.000000,
        -0.031465 -0.397092 0.000000,
        -0.031465 -0.356762 0.000000,
        0.010306 -0.397092 0.000000,
        0.016067 -0.356762 0.000000,
        0.016067 -0.343798 0.000000,
        -0.099624 -0.342414 0.000000,
        0.072444 -0.461909 0.000000,
        0.089507 -0.460085 0.000000,
        0.103327 -0.455232 0.000000,
        0.116182 -0.446617 0.000000,
        0.128280 -0.376170 0.000000,
        0.121506 -0.365606 0.000000,
        0.111785 -0.356298 0.000000,
        0.099452 -0.349131 0.000000,
        0.116306 -0.446509 0.000000,
        0.124657 -0.437247 0.000000,
        0.130146 -0.427090 0.000000,
        0.085843 -0.345074 0.000000,
        0.071229 -0.343798 0.000000,
        0.039113 -0.343798 0.000000,
        0.039113 -0.461909 0.000000,
        0.133319 -0.415453 0.000000,
        0.134177 -0.404339 0.000000,
        0.132520 -0.388532 0.000000,
        0.187471 -0.461909 0.000000,
        0.203315 -0.461909 0.000000,
        0.249407 -0.343798 0.000000,
        0.232122 -0.343798 0.000000,
        0.220172 -0.376927 0.000000,
        0.171379 -0.376927 0.000000,
        -0.170272 -0.688976 0.000000,
        -0.196850 -0.688976 0.000000,
        0.027590 -0.688976 0.000000,
        0.000000 -0.688976 0.000000,
        0.718504 0.629921 0.000000,
        0.718504 0.688976 0.000000,
        0.787402 0.629921 0.000000,
        0.787402 0.688976 0.000000,
        0.728346 -0.632363 0.000000,
        0.787402 -0.632363 0.000000,
        0.728346 -0.688976 0.000000,
        0.787402 -0.688976 0.000000,
        -0.718504 0.629921 0.000000,
        -0.787402 0.629921 0.000000,
        -0.718504 0.688976 0.000000,
        -0.787402 0.688976 0.000000,
        -0.787402 0.443088 0.039370,
        -0.787402 0.344663 0.039370,
        -0.787402 0.246237 0.039370,
        -0.787402 0.629921 0.039370,
        -0.787402 -0.049213 0.039370,
        -0.787402 -0.246237 0.039370,
        -0.787402 -0.344663 0.039370,
        -0.787402 -0.443088 0.039370,
        -0.787402 -0.688976 0.354331,
        -0.787402 0.688976 0.354331,
        -0.787402 -0.147812 0.039370,
        -0.787402 -0.543781 0.039370,
        -0.787402 0.147812 0.039370,
        -0.787402 0.541339 0.039370,
        -0.787402 0.049213 0.039370,
        -0.787402 -0.632363 0.000000,
        -0.787402 -0.688976 0.000000,
        -0.787402 -0.632363 0.039370,
        0.196850 -0.688976 0.039370,
        0.295276 -0.688976 0.039370,
        0.787402 -0.688976 0.354331,
        -0.728346 -0.688976 0.000000,
        -0.728346 -0.688976 0.039370,
        -0.590551 -0.688976 0.039370,
        0.492126 -0.688976 0.039370,
        0.393701 -0.688976 0.039370,
        -0.393701 -0.688976 0.039370,
        0.728346 -0.688976 0.039370,
        0.590551 -0.688976 0.039370,
        -0.295276 -0.688976 0.039370,
        -0.196850 -0.688976 0.039370,
        -0.492126 -0.688976 0.039370,
        -0.098425 -0.688976 0.039370,
        0.000000 -0.688976 0.039370,
        0.787402 -0.246237 0.039370,
        0.787402 0.629921 0.039370,
        0.787402 0.688976 0.354331,
        0.787402 0.541339 0.039370,
        0.787402 -0.632363 0.039370,
        0.787402 -0.147812 0.039370,
        0.787402 -0.049213 0.039370,
        0.787402 0.049213 0.039370,
        0.787402 -0.443088 0.039370,
        0.787402 -0.543781 0.039370,
        0.787402 -0.344663 0.039370,
        0.787402 0.147812 0.039370,
        0.787402 0.246237 0.039370,
        0.787402 0.443088 0.039370,
        0.787402 0.344663 0.039370,
        -0.049213 0.688976 0.039370,
        0.147638 0.688976 0.039370,
        0.364173 0.688976 0.039370,
        -0.364173 0.688976 0.039370,
        -0.462598 0.688976 0.039370,
        0.561024 0.688976 0.039370,
        0.718504 0.688976 0.039370,
        0.462598 0.688976 0.039370,
        0.049213 0.688976 0.039370,
        -0.147638 0.688976 0.039370,
        -0.718504 0.688976 0.039370,
        -0.561024 0.688976 0.039370,
        -0.619131 0.620867 0.354331,
        -0.609798 0.608704 0.354331,
        -0.603930 0.594539 0.354331,
        -0.601929 0.579337 0.354331,
        -0.603930 0.564137 0.354331,
        -0.609798 0.549972 0.354331,
        -0.660661 0.520606 0.354331,
        -0.675862 0.522607 0.354331,
        -0.690027 0.528474 0.354331,
        -0.702190 0.537808 0.354331,
        -0.690027 0.630201 0.354331,
        -0.675862 0.636068 0.354331,
        -0.660661 0.638069 0.354331,
        -0.645460 0.636068 0.354331,
        -0.631295 0.630201 0.354331,
        -0.619131 0.537808 0.354331,
        -0.631295 0.528474 0.354331,
        -0.645460 0.522607 0.354331,
        -0.717391 0.594539 0.354331,
        -0.711524 0.608704 0.354331,
        -0.702190 0.620867 0.354331,
        -0.711524 0.549972 0.354331,
        -0.717391 0.564137 0.354331,
        -0.719393 0.579337 0.354331,
        -0.728346 -0.632363 0.000000,
      ]
    }
    coordIndex [
      0, 1, 2, -1,
      3, 4, 5, -1,
      6, 7, 8, -1,
      9, 10, 11, -1,
      12, 13, 14, -1,
      15, 16, 17, -1,
      18, 15, 19, -1,
      19, 15, 17, -1,
      19, 17, 20, -1,
      20, 17, 21, -1,
      20, 21, 22, -1,
      22, 21, 23, -1,
      22, 23, 24, -1,
      24, 23, 25, -1,
      26, 27, 28, -1,
      29, 30, 31, -1,
      29, 31, 32, -1,
      33, 34, 35, -1,
      25, 31, 24, -1,
      24, 31, 36, -1,
      24, 36, 33, -1,
      26, 28, 18, -1,
      18, 28, 37, -1,
      18, 37, 31, -1,
      31, 37, 38, -1,
      31, 38, 32, -1,
      30, 39, 31, -1,
      31, 39, 40, -1,
      31, 40, 41, -1,
      41, 42, 31, -1,
      31, 42, 43, -1,
      31, 43, 44, -1,
      44, 45, 31, -1,
      31, 45, 46, -1,
      31, 46, 36, -1,
      47, 48, 49, -1,
      49, 48, 50, -1,
      51, 52, 53, -1,
      54, 55, 56, -1,
      57, 58, 56, -1,
      56, 58, 59, -1,
      59, 60, 56, -1,
      56, 60, 61, -1,
      56, 61, 62, -1,
      63, 64, 50, -1,
      65, 66, 5, -1,
      5, 66, 67, -1,
      5, 67, 68, -1,
      62, 69, 56, -1,
      56, 69, 70, -1,
      56, 70, 54, -1,
      71, 72, 56, -1,
      56, 72, 73, -1,
      64, 74, 50, -1,
      50, 74, 75, -1,
      50, 75, 76, -1,
      51, 53, 77, -1,
      78, 79, 80, -1,
      79, 50, 81, -1,
      81, 50, 56, -1,
      82, 83, 84, -1,
      84, 83, 85, -1,
      55, 86, 56, -1,
      56, 86, 87, -1,
      56, 87, 71, -1,
      73, 88, 56, -1,
      56, 88, 89, -1,
      56, 89, 81, -1,
      90, 91, 92, -1,
      92, 91, 93, -1,
      79, 78, 50, -1,
      50, 78, 94, -1,
      50, 94, 95, -1,
      96, 97, 98, -1,
      80, 99, 78, -1,
      78, 99, 92, -1,
      78, 92, 100, -1,
      100, 92, 93, -1,
      95, 101, 50, -1,
      50, 101, 102, -1,
      50, 102, 103, -1,
      104, 105, 106, -1,
      107, 108, 103, -1,
      103, 108, 109, -1,
      103, 109, 50, -1,
      50, 109, 110, -1,
      50, 110, 111, -1,
      55, 112, 86, -1,
      86, 112, 113, -1,
      86, 113, 114, -1,
      114, 113, 115, -1,
      114, 115, 85, -1,
      85, 115, 116, -1,
      85, 116, 84, -1,
      92, 117, 90, -1,
      90, 117, 96, -1,
      90, 96, 118, -1,
      118, 96, 98, -1,
      107, 103, 106, -1,
      106, 103, 119, -1,
      106, 119, 104, -1,
      111, 120, 50, -1,
      50, 120, 121, -1,
      50, 121, 63, -1,
      122, 123, 124, -1,
      105, 125, 106, -1,
      106, 125, 122, -1,
      106, 122, 126, -1,
      126, 122, 124, -1,
      67, 58, 68, -1,
      68, 58, 57, -1,
      68, 57, 127, -1,
      127, 57, 128, -1,
      14, 13, 2, -1,
      2, 13, 129, -1,
      2, 129, 130, -1,
      131, 132, 130, -1,
      130, 132, 127, -1,
      130, 127, 2, -1,
      2, 127, 128, -1,
      133, 134, 135, -1,
      136, 137, 22, -1,
      137, 138, 139, -1,
      135, 134, 131, -1,
      140, 141, 132, -1,
      132, 141, 142, -1,
      132, 142, 143, -1,
      144, 145, 127, -1,
      127, 145, 146, -1,
      127, 146, 147, -1,
      140, 132, 148, -1,
      148, 132, 149, -1,
      148, 149, 150, -1,
      143, 151, 132, -1,
      132, 151, 152, -1,
      132, 152, 127, -1,
      127, 152, 153, -1,
      127, 153, 144, -1,
      131, 134, 132, -1,
      132, 134, 154, -1,
      132, 154, 155, -1,
      156, 149, 157, -1,
      157, 149, 132, -1,
      157, 132, 158, -1,
      158, 132, 155, -1,
      159, 160, 134, -1,
      161, 162, 133, -1,
      159, 134, 163, -1,
      162, 164, 133, -1,
      133, 164, 165, -1,
      133, 165, 166, -1,
      160, 167, 134, -1,
      134, 167, 168, -1,
      134, 168, 154, -1,
      166, 169, 133, -1,
      133, 169, 170, -1,
      133, 170, 134, -1,
      134, 170, 171, -1,
      134, 171, 163, -1,
      172, 173, 174, -1,
      175, 176, 177, -1,
      177, 176, 178, -1,
      178, 179, 177, -1,
      177, 179, 180, -1,
      177, 180, 181, -1,
      182, 183, 184, -1,
      184, 183, 185, -1,
      184, 185, 186, -1,
      186, 185, 187, -1,
      187, 188, 186, -1,
      186, 188, 189, -1,
      186, 189, 190, -1,
      191, 192, 186, -1,
      190, 193, 186, -1,
      186, 193, 194, -1,
      186, 194, 191, -1,
      191, 194, 195, -1,
      191, 195, 177, -1,
      177, 195, 196, -1,
      177, 196, 175, -1,
      33, 35, 24, -1,
      24, 35, 197, -1,
      24, 197, 198, -1,
      177, 199, 200, -1,
      201, 202, 200, -1,
      200, 202, 203, -1,
      200, 203, 177, -1,
      177, 203, 204, -1,
      177, 204, 191, -1,
      191, 204, 205, -1,
      191, 205, 206, -1,
      207, 208, 35, -1,
      35, 208, 209, -1,
      35, 209, 197, -1,
      197, 209, 210, -1,
      197, 210, 211, -1,
      211, 212, 197, -1,
      197, 212, 213, -1,
      197, 213, 214, -1,
      197, 215, 216, -1,
      217, 218, 219, -1,
      219, 218, 220, -1,
      219, 220, 216, -1,
      200, 221, 222, -1,
      223, 224, 225, -1,
      225, 224, 226, -1,
      225, 226, 227, -1,
      197, 227, 200, -1,
      200, 227, 228, -1,
      222, 229, 200, -1,
      200, 229, 230, -1,
      200, 230, 231, -1,
      232, 233, 231, -1,
      231, 233, 234, -1,
      231, 234, 235, -1,
      214, 236, 197, -1,
      197, 236, 237, -1,
      197, 237, 215, -1,
      219, 238, 217, -1,
      217, 238, 239, -1,
      217, 239, 240, -1,
      240, 239, 241, -1,
      216, 220, 197, -1,
      197, 220, 242, -1,
      197, 242, 243, -1,
      228, 244, 200, -1,
      200, 244, 245, -1,
      200, 245, 221, -1,
      235, 246, 231, -1,
      231, 246, 247, -1,
      231, 247, 200, -1,
      200, 247, 248, -1,
      200, 248, 201, -1,
      249, 250, 251, -1,
      243, 252, 197, -1,
      197, 252, 253, -1,
      197, 253, 227, -1,
      227, 253, 254, -1,
      227, 254, 225, -1,
      251, 255, 249, -1,
      249, 255, 256, -1,
      249, 256, 257, -1,
      257, 256, 258, -1,
      257, 258, 231, -1,
      231, 258, 259, -1,
      231, 259, 232, -1,
      260, 261, 262, -1,
      263, 264, 223, -1,
      223, 264, 265, -1,
      223, 265, 224, -1,
      239, 266, 241, -1,
      241, 266, 260, -1,
      241, 260, 267, -1,
      267, 260, 262, -1,
      268, 269, 270, -1,
      263, 271, 264, -1,
      264, 271, 268, -1,
      264, 268, 272, -1,
      272, 268, 270, -1,
      18, 19, 26, -1,
      26, 19, 273, -1,
      26, 273, 274, -1,
      275, 276, 277, -1,
      278, 279, 19, -1,
      280, 281, 273, -1,
      282, 283, 19, -1,
      284, 285, 286, -1,
      283, 287, 19, -1,
      19, 287, 288, -1,
      19, 288, 278, -1,
      289, 290, 291, -1,
      291, 290, 273, -1,
      291, 273, 292, -1,
      292, 273, 281, -1,
      277, 293, 275, -1,
      275, 293, 284, -1,
      275, 284, 294, -1,
      294, 284, 286, -1,
      295, 296, 19, -1,
      19, 296, 297, -1,
      19, 297, 298, -1,
      298, 299, 19, -1,
      19, 299, 300, -1,
      19, 300, 273, -1,
      273, 300, 301, -1,
      273, 301, 280, -1,
      279, 302, 19, -1,
      19, 302, 303, -1,
      19, 303, 304, -1,
      295, 19, 305, -1,
      305, 19, 304, -1,
      305, 304, 275, -1,
      275, 304, 306, -1,
      275, 306, 276, -1,
      307, 308, 20, -1,
      20, 308, 309, -1,
      20, 309, 310, -1,
      311, 312, 313, -1,
      313, 312, 314, -1,
      313, 314, 315, -1,
      315, 316, 313, -1,
      313, 316, 317, -1,
      313, 317, 318, -1,
      318, 317, 319, -1,
      320, 321, 322, -1,
      322, 321, 323, -1,
      324, 325, 326, -1,
      324, 326, 327, -1,
      325, 328, 326, -1,
      326, 328, 329, -1,
      326, 329, 330, -1,
      323, 331, 322, -1,
      322, 331, 332, -1,
      322, 332, 327, -1,
      333, 334, 335, -1,
      336, 337, 335, -1,
      335, 337, 338, -1,
      335, 338, 339, -1,
      339, 340, 335, -1,
      335, 340, 341, -1,
      335, 341, 342, -1,
      322, 343, 344, -1,
      345, 346, 322, -1,
      322, 346, 347, -1,
      322, 347, 343, -1,
      348, 349, 350, -1,
      350, 349, 351, -1,
      350, 351, 352, -1,
      352, 351, 353, -1,
      353, 354, 352, -1,
      352, 354, 320, -1,
      352, 320, 355, -1,
      355, 320, 322, -1,
      355, 322, 356, -1,
      356, 322, 344, -1,
      53, 357, 358, -1,
      49, 359, 360, -1,
      342, 345, 335, -1,
      335, 345, 322, -1,
      335, 322, 333, -1,
      333, 322, 361, -1,
      333, 361, 362, -1,
      76, 77, 50, -1,
      50, 77, 53, -1,
      50, 53, 49, -1,
      49, 53, 358, -1,
      49, 358, 359, -1,
      363, 364, 322, -1,
      322, 364, 365, -1,
      322, 365, 366, -1,
      360, 367, 49, -1,
      49, 367, 368, -1,
      49, 368, 369, -1,
      366, 370, 322, -1,
      322, 370, 371, -1,
      322, 371, 361, -1,
      369, 372, 49, -1,
      49, 372, 373, -1,
      49, 373, 322, -1,
      322, 373, 374, -1,
      322, 374, 363, -1,
      375, 68, 376, -1,
      376, 68, 377, -1,
      378, 379, 3, -1,
      3, 379, 380, -1,
      381, 382, 68, -1,
      68, 382, 383, -1,
      68, 383, 377, -1,
      384, 385, 386, -1,
      386, 385, 3, -1,
      386, 3, 387, -1,
      387, 3, 380, -1,
      388, 389, 68, -1,
      68, 389, 390, -1,
      68, 390, 381, -1,
      375, 391, 68, -1,
      68, 391, 392, -1,
      68, 392, 5, -1,
      5, 392, 393, -1,
      5, 393, 3, -1,
      3, 393, 394, -1,
      3, 394, 378, -1,
      147, 395, 127, -1,
      127, 395, 396, -1,
      127, 396, 68, -1,
      68, 396, 397, -1,
      398, 388, 399, -1,
      399, 388, 68, -1,
      399, 68, 400, -1,
      400, 68, 397, -1,
      401, 402, 403, -1,
      404, 405, 406, -1,
      406, 405, 407, -1,
      406, 407, 408, -1,
      409, 410, 318, -1,
      318, 410, 411, -1,
      318, 411, 412, -1,
      401, 403, 413, -1,
      413, 403, 404, -1,
      413, 404, 412, -1,
      402, 414, 403, -1,
      403, 414, 415, -1,
      403, 415, 416, -1,
      417, 418, 403, -1,
      403, 418, 419, -1,
      420, 421, 422, -1,
      422, 421, 423, -1,
      419, 424, 403, -1,
      403, 424, 423, -1,
      403, 423, 425, -1,
      425, 423, 421, -1,
      416, 426, 403, -1,
      403, 426, 427, -1,
      403, 427, 417, -1,
      428, 429, 22, -1,
      22, 429, 430, -1,
      22, 430, 431, -1,
      137, 139, 22, -1,
      22, 139, 432, -1,
      22, 432, 428, -1,
      433, 434, 20, -1,
      20, 434, 435, -1,
      20, 435, 436, -1,
      319, 437, 318, -1,
      318, 437, 438, -1,
      318, 438, 409, -1,
      409, 438, 439, -1,
      409, 439, 440, -1,
      440, 439, 307, -1,
      440, 307, 441, -1,
      441, 307, 20, -1,
      441, 20, 442, -1,
      442, 20, 436, -1,
      431, 443, 22, -1,
      22, 443, 444, -1,
      22, 444, 20, -1,
      20, 444, 445, -1,
      20, 445, 433, -1,
      446, 161, 447, -1,
      447, 161, 133, -1,
      447, 133, 174, -1,
      174, 133, 177, -1,
      174, 177, 172, -1,
      172, 177, 181, -1,
      135, 136, 133, -1,
      133, 136, 22, -1,
      133, 22, 177, -1,
      177, 22, 24, -1,
      177, 24, 199, -1,
      199, 24, 198, -1,
      412, 404, 318, -1,
      318, 404, 406, -1,
      318, 406, 448, -1,
      449, 450, 451, -1,
      448, 452, 318, -1,
      318, 452, 453, -1,
      318, 453, 313, -1,
      313, 453, 449, -1,
      313, 449, 454, -1,
      454, 449, 451, -1,
      455, 456, 457, -1,
      457, 456, 458, -1,
      459, 14, 458, -1,
      458, 14, 313, -1,
      458, 313, 457, -1,
      457, 313, 454, -1,
      459, 448, 14, -1,
      14, 448, 406, -1,
      14, 406, 12, -1,
      12, 406, 408, -1,
      12, 408, 137, -1,
      137, 408, 460, -1,
      137, 460, 138, -1,
      461, 326, 313, -1,
      461, 462, 326, -1,
      326, 462, 463, -1,
      326, 463, 464, -1,
      465, 466, 2, -1,
      2, 466, 467, -1,
      2, 467, 468, -1,
      464, 469, 326, -1,
      326, 469, 470, -1,
      326, 470, 471, -1,
      468, 472, 2, -1,
      2, 472, 473, -1,
      2, 473, 14, -1,
      14, 473, 474, -1,
      14, 474, 313, -1,
      313, 474, 475, -1,
      313, 475, 461, -1,
      471, 476, 326, -1,
      326, 476, 477, -1,
      326, 477, 2, -1,
      2, 477, 478, -1,
      2, 478, 465, -1,
      2, 1, 326, -1,
      326, 1, 479, -1,
      326, 479, 480, -1,
      327, 326, 322, -1,
      322, 326, 480, -1,
      322, 480, 49, -1,
      49, 480, 481, -1,
      49, 481, 482, -1,
      483, 484, 482, -1,
      482, 484, 0, -1,
      482, 0, 49, -1,
      49, 0, 2, -1,
      49, 2, 47, -1,
      47, 2, 128, -1,
      310, 9, 20, -1,
      20, 9, 11, -1,
      20, 11, 19, -1,
      19, 11, 485, -1,
      19, 485, 282, -1,
      282, 485, 486, -1,
      330, 6, 326, -1,
      326, 6, 8, -1,
      326, 8, 313, -1,
      313, 8, 487, -1,
      313, 487, 311, -1,
      311, 487, 488, -1,
      489, 490, 491, -1,
      491, 490, 492, -1,
      493, 494, 495, -1,
      495, 494, 496, -1,
      497, 498, 499, -1,
      499, 498, 500, -1,
      191, 206, 501, -1,
      251, 250, 502, -1,
      502, 250, 503, -1,
      500, 498, 504, -1,
      505, 262, 261, -1,
      506, 207, 35, -1,
      507, 508, 509, -1,
      510, 511, 509, -1,
      509, 511, 506, -1,
      509, 506, 507, -1,
      507, 506, 35, -1,
      507, 35, 34, -1,
      26, 274, 512, -1,
      501, 502, 510, -1,
      510, 502, 503, -1,
      510, 503, 513, -1,
      500, 504, 510, -1,
      510, 504, 514, -1,
      510, 514, 501, -1,
      501, 514, 192, -1,
      501, 192, 191, -1,
      270, 269, 513, -1,
      513, 269, 515, -1,
      513, 515, 510, -1,
      510, 515, 505, -1,
      510, 505, 511, -1,
      511, 505, 261, -1,
      516, 517, 518, -1,
      518, 517, 509, -1,
      518, 509, 512, -1,
      512, 509, 508, -1,
      512, 508, 26, -1,
      26, 508, 27, -1,
      519, 520, 521, -1,
      517, 522, 523, -1,
      517, 523, 509, -1,
      509, 523, 524, -1,
      509, 524, 521, -1,
      525, 521, 526, -1,
      526, 521, 520, -1,
      526, 520, 348, -1,
      348, 520, 349, -1,
      527, 286, 285, -1,
      495, 496, 528, -1,
      528, 496, 521, -1,
      528, 521, 529, -1,
      529, 521, 525, -1,
      529, 525, 336, -1,
      336, 525, 337, -1,
      530, 531, 521, -1,
      285, 530, 527, -1,
      527, 530, 521, -1,
      527, 521, 532, -1,
      532, 521, 524, -1,
      532, 524, 289, -1,
      289, 524, 290, -1,
      11, 10, 533, -1,
      531, 486, 485, -1,
      8, 7, 519, -1,
      534, 488, 487, -1,
      485, 11, 531, -1,
      531, 11, 533, -1,
      531, 533, 521, -1,
      521, 533, 534, -1,
      521, 534, 519, -1,
      519, 534, 487, -1,
      519, 487, 8, -1,
      53, 52, 535, -1,
      491, 492, 536, -1,
      536, 492, 537, -1,
      536, 537, 538, -1,
      496, 494, 539, -1,
      540, 124, 123, -1,
      541, 542, 537, -1,
      362, 543, 333, -1,
      333, 543, 544, -1,
      333, 544, 334, -1,
      496, 539, 521, -1,
      521, 539, 544, -1,
      521, 544, 537, -1,
      537, 544, 543, -1,
      537, 543, 545, -1,
      123, 541, 540, -1,
      540, 541, 537, -1,
      540, 537, 535, -1,
      535, 537, 545, -1,
      535, 545, 53, -1,
      53, 545, 357, -1,
      98, 97, 542, -1,
      542, 97, 546, -1,
      542, 546, 537, -1,
      537, 546, 547, -1,
      548, 65, 5, -1,
      83, 82, 547, -1,
      547, 82, 549, -1,
      547, 549, 537, -1,
      537, 549, 548, -1,
      537, 548, 538, -1,
      538, 548, 5, -1,
      538, 5, 4, -1,
      149, 156, 550, -1,
      398, 551, 388, -1,
      388, 551, 552, -1,
      388, 552, 389, -1,
      553, 554, 510, -1,
      555, 537, 556, -1,
      556, 537, 492, -1,
      556, 492, 490, -1,
      385, 384, 555, -1,
      555, 384, 557, -1,
      555, 557, 537, -1,
      537, 557, 552, -1,
      537, 552, 510, -1,
      510, 552, 551, -1,
      510, 551, 558, -1,
      446, 447, 559, -1,
      559, 447, 174, -1,
      150, 149, 558, -1,
      558, 149, 550, -1,
      558, 550, 510, -1,
      510, 550, 559, -1,
      510, 559, 553, -1,
      553, 559, 174, -1,
      553, 174, 173, -1,
      499, 500, 560, -1,
      560, 500, 510, -1,
      560, 510, 561, -1,
      561, 510, 554, -1,
      561, 554, 182, -1,
      182, 554, 183, -1,
      562, 563, 537, -1,
      537, 563, 564, -1,
      564, 565, 537, -1,
      537, 565, 566, -1,
      537, 566, 521, -1,
      521, 566, 567, -1,
      568, 569, 509, -1,
      509, 569, 570, -1,
      509, 570, 571, -1,
      510, 572, 573, -1,
      573, 574, 510, -1,
      510, 574, 575, -1,
      510, 575, 537, -1,
      537, 575, 576, -1,
      537, 576, 562, -1,
      567, 577, 521, -1,
      521, 577, 578, -1,
      521, 578, 509, -1,
      509, 578, 579, -1,
      509, 579, 568, -1,
      580, 581, 510, -1,
      510, 581, 582, -1,
      510, 582, 572, -1,
      571, 583, 509, -1,
      509, 583, 584, -1,
      509, 584, 510, -1,
      510, 584, 585, -1,
      510, 585, 580, -1,
      586, 522, 516, -1,
      516, 522, 517, -1,
    ]
  }
}

Shape {
  appearance Appearance {
    material Material {
      diffuseColor 0.8510 0.8510 0.8510
      specularColor 0.4235 0.4235 0.4235
      ambientIntensity 0.2
      transparency 0.0000
      shininess 0.5
    }
  }
  geometry IndexedFaceSet {
    ccw TRUE
    solid FALSE
    coord DEF co Coordinate {
      point [
        -0.619131 0.620867 0.354331,
        -0.609798 0.608704 0.354331,
        -0.603930 0.594539 0.354331,
        -0.601929 0.579337 0.354331,
        -0.603930 0.564137 0.354331,
        -0.609798 0.549972 0.354331,
        -0.660661 0.520606 0.354331,
        -0.675862 0.522607 0.354331,
        -0.690027 0.528474 0.354331,
        -0.702190 0.537808 0.354331,
        -0.690027 0.630201 0.354331,
        -0.675862 0.636068 0.354331,
        -0.660661 0.638069 0.354331,
        -0.645460 0.636068 0.354331,
        -0.631295 0.630201 0.354331,
        -0.619131 0.537808 0.354331,
        -0.631295 0.528474 0.354331,
        -0.645460 0.522607 0.354331,
        -0.717391 0.594539 0.354331,
        -0.711524 0.608704 0.354331,
        -0.702190 0.620867 0.354331,
        -0.711524 0.549972 0.354331,
        -0.717391 0.564137 0.354331,
        -0.719393 0.579337 0.354331,
        -0.719393 0.579337 0.350394,
        -0.717391 0.564137 0.350394,
        -0.711524 0.549972 0.350394,
        -0.702190 0.537808 0.350394,
        -0.690027 0.528474 0.350394,
        -0.675862 0.522607 0.350394,
        -0.660661 0.520606 0.350394,
        -0.645460 0.522607 0.350394,
        -0.631295 0.528474 0.350394,
        -0.619131 0.537808 0.350394,
        -0.609798 0.549972 0.350394,
        -0.603930 0.564137 0.350394,
        -0.601929 0.579337 0.350394,
        -0.603930 0.594539 0.350394,
        -0.609798 0.608704 0.350394,
        -0.619131 0.620867 0.350394,
        -0.631295 0.630201 0.350394,
        -0.645460 0.636068 0.350394,
        -0.660661 0.638069 0.350394,
        -0.675862 0.636068 0.350394,
        -0.690027 0.630201 0.350394,
        -0.702190 0.620867 0.350394,
        -0.711524 0.608704 0.350394,
        -0.717391 0.594539 0.350394,
        -0.660661 0.579337 0.350394,
      ]
    }
    coordIndex [
      24, 23, 25, -1,
      25, 23, 22, -1,
      25, 22, 26, -1,
      26, 22, 21, -1,
      26, 21, 27, -1,
      27, 21, 9, -1,
      27, 9, 28, -1,
      28, 9, 8, -1,
      28, 8, 29, -1,
      29, 8, 7, -1,
      29, 7, 30, -1,
      30, 7, 6, -1,
      30, 6, 31, -1,
      31, 6, 17, -1,
      31, 17, 32, -1,
      32, 17, 16, -1,
      32, 16, 33, -1,
      33, 16, 15, -1,
      33, 15, 34, -1,
      34, 15, 5, -1,
      34, 5, 35, -1,
      35, 5, 4, -1,
      35, 4, 36, -1,
      36, 4, 3, -1,
      36, 3, 37, -1,
      37, 3, 2, -1,
      37, 2, 38, -1,
      38, 2, 1, -1,
      38, 1, 39, -1,
      39, 1, 0, -1,
      39, 0, 40, -1,
      40, 0, 14, -1,
      40, 14, 41, -1,
      41, 14, 13, -1,
      41, 13, 42, -1,
      42, 13, 12, -1,
      42, 12, 43, -1,
      43, 12, 11, -1,
      43, 11, 44, -1,
      44, 11, 10, -1,
      44, 10, 45, -1,
      45, 10, 20, -1,
      45, 20, 46, -1,
      46, 20, 19, -1,
      46, 19, 47, -1,
      47, 19, 18, -1,
      47, 18, 24, -1,
      24, 18, 23, -1,
      46, 47, 48, -1,
      48, 47, 24, -1,
      48, 24, 25, -1,
      43, 44, 48, -1,
      48, 44, 45, -1,
      48, 45, 46, -1,
      40, 41, 48, -1,
      48, 41, 42, -1,
      48, 42, 43, -1,
      37, 38, 48, -1,
      48, 38, 39, -1,
      48, 39, 40, -1,
      34, 35, 48, -1,
      48, 35, 36, -1,
      48, 36, 37, -1,
      31, 32, 48, -1,
      48, 32, 33, -1,
      48, 33, 34, -1,
      28, 29, 48, -1,
      48, 29, 30, -1,
      48, 30, 31, -1,
      25, 26, 48, -1,
      48, 26, 27, -1,
      48, 27, 28, -1,
    ]
  }
}

Shape {
  appearance Appearance {
    material Material {
      diffuseColor 0.6667 0.6980 0.7686
      specularColor 0.3333 0.3490 0.3843
      ambientIntensity 0.2
      transparency 0.0000
      shininess 0.5
    }
  }
  geometry IndexedFaceSet {
    ccw TRUE
    solid FALSE
    coord DEF co Coordinate {
      point [
        0.561024 0.541339 0.000000,
        0.787402 0.541339 0.000000,
        0.196850 -0.572835 0.000000,
        0.196850 -0.688976 0.000000,
        -0.098425 -0.572835 0.000000,
        -0.098425 -0.688976 0.000000,
        -0.058832 -0.280512 0.000000,
        0.027590 -0.280512 0.000000,
        -0.787402 -0.443088 0.000000,
        -0.681102 -0.443088 0.000000,
        -0.644165 -0.425300 0.000000,
        -0.638537 -0.416342 0.000000,
        -0.651646 -0.432781 0.000000,
        -0.681102 -0.344663 0.000000,
        -0.787402 -0.344663 0.000000,
        -0.670589 -0.345847 0.000000,
        -0.670589 -0.441904 0.000000,
        -0.660604 -0.438409 0.000000,
        -0.635043 -0.406357 0.000000,
        -0.633858 -0.395844 0.000000,
        -0.633858 -0.391907 0.000000,
        -0.635043 -0.381394 0.000000,
        -0.638537 -0.371408 0.000000,
        -0.644165 -0.362450 0.000000,
        -0.651646 -0.354970 0.000000,
        -0.660604 -0.349341 0.000000,
        0.176181 -0.280512 0.000000,
        0.286613 -0.280512 0.000000,
        0.323819 -0.280512 0.000000,
        0.631890 -0.246237 0.000000,
        0.787402 -0.246237 0.000000,
        0.635043 0.381394 0.000000,
        0.638537 0.371408 0.000000,
        0.323819 0.280512 0.000000,
        0.286613 0.280512 0.000000,
        0.660604 0.438409 0.000000,
        0.651646 0.432781 0.000000,
        0.644165 0.425300 0.000000,
        0.638537 0.416342 0.000000,
        0.635043 0.406357 0.000000,
        0.585830 -0.209506 0.000000,
        0.589324 -0.219492 0.000000,
        0.787402 0.443088 0.000000,
        0.681102 0.443088 0.000000,
        0.670589 0.441904 0.000000,
        0.633858 0.395844 0.000000,
        0.633858 0.391907 0.000000,
        0.594953 0.228450 0.000000,
        0.589324 0.219492 0.000000,
        0.585830 0.209506 0.000000,
        0.594953 -0.228450 0.000000,
        0.602433 -0.235930 0.000000,
        0.611391 -0.241559 0.000000,
        0.621377 -0.245053 0.000000,
        0.589324 0.022467 0.000000,
        0.589324 0.174558 0.000000,
        0.594953 0.165600 0.000000,
        0.585830 0.184544 0.000000,
        0.787402 0.344663 0.000000,
        0.787402 0.246237 0.000000,
        0.681102 0.344663 0.000000,
        0.631890 0.246237 0.000000,
        0.611391 0.241559 0.000000,
        0.602433 0.235930 0.000000,
        0.584646 0.198993 0.000000,
        0.584646 0.195056 0.000000,
        0.621377 0.048028 0.000000,
        0.611391 0.044534 0.000000,
        0.611391 0.152491 0.000000,
        0.602433 0.038906 0.000000,
        0.585830 0.012481 0.000000,
        0.584646 0.001969 0.000000,
        0.631890 0.147812 0.000000,
        0.787402 0.147812 0.000000,
        0.787402 0.049213 0.000000,
        0.602433 0.158119 0.000000,
        0.594953 0.031425 0.000000,
        0.584646 -0.001969 0.000000,
        0.585830 -0.012481 0.000000,
        0.589324 -0.022467 0.000000,
        0.602433 -0.038906 0.000000,
        0.611391 -0.044534 0.000000,
        0.621377 -0.148997 0.000000,
        0.611391 -0.152491 0.000000,
        0.602433 -0.158119 0.000000,
        0.594953 -0.165600 0.000000,
        0.589324 -0.174558 0.000000,
        0.585830 -0.184544 0.000000,
        0.644165 0.362450 0.000000,
        0.651646 0.354970 0.000000,
        0.621377 0.245053 0.000000,
        0.660604 0.349341 0.000000,
        0.670589 0.345847 0.000000,
        0.621377 0.148997 0.000000,
        0.631890 0.049213 0.000000,
        0.594953 -0.031425 0.000000,
        0.584646 -0.195056 0.000000,
        0.584646 -0.198993 0.000000,
        0.631890 -0.049213 0.000000,
        0.787402 -0.049213 0.000000,
        0.787402 -0.147812 0.000000,
        0.621377 -0.048028 0.000000,
        0.631890 -0.147812 0.000000,
        0.176181 0.280512 0.000000,
        0.075787 -0.280512 0.000000,
        0.075787 0.280512 0.000000,
        0.027590 0.280512 0.000000,
        -0.058832 0.280512 0.000000,
        -0.071850 0.280512 0.000000,
        -0.071850 -0.280512 0.000000,
        0.050397 0.562322 0.000000,
        0.053891 0.552336 0.000000,
        0.059520 0.543378 0.000000,
        0.067000 0.535898 0.000000,
        0.100394 0.525591 0.000000,
        0.110907 0.526775 0.000000,
        0.120892 0.530269 0.000000,
        0.129850 0.535898 0.000000,
        0.049213 0.572835 0.000000,
        0.049213 0.688976 0.000000,
        0.075958 0.530269 0.000000,
        0.085944 0.526775 0.000000,
        0.096457 0.525591 0.000000,
        -0.058832 0.544472 0.000000,
        -0.053891 0.552336 0.000000,
        -0.049213 0.688976 0.000000,
        -0.049213 0.572835 0.000000,
        -0.050397 0.562322 0.000000,
        -0.085944 0.526775 0.000000,
        -0.075958 0.530269 0.000000,
        -0.147638 0.572835 0.000000,
        -0.146453 0.562322 0.000000,
        -0.096457 0.525591 0.000000,
        -0.142959 0.552336 0.000000,
        -0.137331 0.543378 0.000000,
        -0.129850 0.535898 0.000000,
        -0.067000 0.535898 0.000000,
        -0.059520 0.543378 0.000000,
        -0.120892 0.530269 0.000000,
        -0.110907 0.526775 0.000000,
        -0.100394 0.525591 0.000000,
        -0.364173 0.553150 0.000000,
        -0.364173 0.688976 0.000000,
        -0.400905 0.507090 0.000000,
        -0.390919 0.510584 0.000000,
        -0.381961 0.516213 0.000000,
        -0.374480 0.523693 0.000000,
        -0.368852 0.532651 0.000000,
        -0.365358 0.542637 0.000000,
        -0.561024 0.688976 0.000000,
        -0.462598 0.688976 0.000000,
        -0.561024 0.603010 0.000000,
        -0.462598 0.553150 0.000000,
        -0.621181 0.541339 0.000000,
        -0.461414 0.542637 0.000000,
        -0.457920 0.532651 0.000000,
        -0.452291 0.523693 0.000000,
        -0.444811 0.516213 0.000000,
        -0.787402 0.541339 0.000000,
        -0.435853 0.510584 0.000000,
        -0.425867 0.507090 0.000000,
        -0.415354 0.505906 0.000000,
        -0.411417 0.505906 0.000000,
        -0.319882 -0.280512 0.000000,
        -0.172244 -0.280512 0.000000,
        -0.172244 0.280512 0.000000,
        -0.319882 0.280512 0.000000,
        -0.644165 0.425300 0.000000,
        -0.651646 0.432781 0.000000,
        -0.660604 0.438409 0.000000,
        -0.670589 0.441904 0.000000,
        -0.681102 0.443088 0.000000,
        -0.787402 0.443088 0.000000,
        -0.787402 -0.246237 0.000000,
        -0.631890 -0.246237 0.000000,
        -0.621377 -0.245053 0.000000,
        -0.611391 -0.241559 0.000000,
        -0.602433 -0.235930 0.000000,
        -0.594953 -0.228450 0.000000,
        -0.589324 -0.219492 0.000000,
        -0.585830 -0.209506 0.000000,
        -0.585830 -0.184544 0.000000,
        -0.589324 -0.174558 0.000000,
        -0.602433 -0.038906 0.000000,
        -0.594953 -0.031425 0.000000,
        -0.594953 -0.165600 0.000000,
        -0.589324 -0.022467 0.000000,
        -0.585830 0.209506 0.000000,
        -0.589324 0.219492 0.000000,
        -0.602433 0.038906 0.000000,
        -0.602433 0.158119 0.000000,
        -0.594953 0.031425 0.000000,
        -0.594953 0.165600 0.000000,
        -0.589324 0.174558 0.000000,
        -0.585830 0.184544 0.000000,
        -0.594953 0.228450 0.000000,
        -0.602433 0.235930 0.000000,
        -0.611391 0.241559 0.000000,
        -0.644165 0.362450 0.000000,
        -0.638537 0.371408 0.000000,
        -0.635043 0.381394 0.000000,
        -0.633858 0.391907 0.000000,
        -0.584646 -0.198993 0.000000,
        -0.584646 -0.195056 0.000000,
        -0.602433 -0.158119 0.000000,
        -0.611391 -0.152491 0.000000,
        -0.611391 -0.044534 0.000000,
        -0.621377 -0.048028 0.000000,
        -0.585830 -0.012481 0.000000,
        -0.584646 -0.001969 0.000000,
        -0.584646 0.195056 0.000000,
        -0.584646 0.198993 0.000000,
        -0.633858 0.395844 0.000000,
        -0.635043 0.406357 0.000000,
        -0.638537 0.416342 0.000000,
        -0.631890 0.246237 0.000000,
        -0.787402 0.246237 0.000000,
        -0.787402 0.344663 0.000000,
        -0.584646 0.001969 0.000000,
        -0.585830 0.012481 0.000000,
        -0.589324 0.022467 0.000000,
        -0.681102 0.344663 0.000000,
        -0.670589 0.345847 0.000000,
        -0.621377 0.245053 0.000000,
        -0.660604 0.349341 0.000000,
        -0.651646 0.354970 0.000000,
        -0.631890 -0.147812 0.000000,
        -0.787402 -0.147812 0.000000,
        -0.787402 -0.049213 0.000000,
        -0.611391 0.044534 0.000000,
        -0.621377 0.148997 0.000000,
        -0.611391 0.152491 0.000000,
        -0.621377 -0.148997 0.000000,
        -0.631890 -0.049213 0.000000,
        -0.631890 0.049213 0.000000,
        -0.787402 0.049213 0.000000,
        -0.787402 0.147812 0.000000,
        -0.621377 0.048028 0.000000,
        -0.631890 0.147812 0.000000,
        -0.590551 -0.543781 0.000000,
        -0.787402 -0.543781 0.000000,
        -0.395311 -0.560607 0.000000,
        -0.281438 -0.539428 0.000000,
        -0.288946 -0.549213 0.000000,
        -0.220472 -0.531920 0.000000,
        -0.231867 -0.527200 0.000000,
        -0.478289 -0.539428 0.000000,
        -0.485796 -0.549213 0.000000,
        -0.196850 -0.572835 0.000000,
        -0.198460 -0.560607 0.000000,
        -0.295276 -0.572835 0.000000,
        -0.295276 -0.688976 0.000000,
        -0.393701 -0.688976 0.000000,
        -0.203180 -0.549213 0.000000,
        -0.210688 -0.539428 0.000000,
        -0.492126 -0.688976 0.000000,
        -0.590551 -0.688976 0.000000,
        -0.492126 -0.572835 0.000000,
        -0.490516 -0.560607 0.000000,
        -0.293666 -0.560607 0.000000,
        -0.393701 -0.572835 0.000000,
        -0.407538 -0.539428 0.000000,
        -0.417323 -0.531920 0.000000,
        -0.428717 -0.527200 0.000000,
        -0.440945 -0.525591 0.000000,
        -0.444882 -0.525591 0.000000,
        -0.457109 -0.527200 0.000000,
        -0.468504 -0.531920 0.000000,
        -0.244094 -0.525591 0.000000,
        -0.248031 -0.525591 0.000000,
        -0.260259 -0.527200 0.000000,
        -0.400030 -0.549213 0.000000,
        -0.271654 -0.531920 0.000000,
        -0.074803 -0.531920 0.000000,
        -0.084588 -0.539428 0.000000,
        -0.092096 -0.549213 0.000000,
        -0.096815 -0.560607 0.000000,
        0.000000 -0.572835 0.000000,
        -0.001610 -0.560607 0.000000,
        -0.006330 -0.549213 0.000000,
        -0.013837 -0.539428 0.000000,
        -0.023622 -0.531920 0.000000,
        -0.035017 -0.527200 0.000000,
        -0.047244 -0.525591 0.000000,
        0.286613 -0.546172 0.000000,
        0.281438 -0.539428 0.000000,
        0.271654 -0.531920 0.000000,
        0.231867 -0.527200 0.000000,
        0.220472 -0.531920 0.000000,
        0.244094 -0.525591 0.000000,
        0.210688 -0.539428 0.000000,
        0.203180 -0.549213 0.000000,
        0.198460 -0.560607 0.000000,
        0.260259 -0.527200 0.000000,
        0.248031 -0.525591 0.000000,
        0.787402 -0.543781 0.000000,
        0.590551 -0.543781 0.000000,
        0.590551 -0.688976 0.000000,
        0.492126 -0.688976 0.000000,
        0.492126 -0.572835 0.000000,
        0.490516 -0.560607 0.000000,
        0.485796 -0.549213 0.000000,
        0.478289 -0.539428 0.000000,
        0.468504 -0.531920 0.000000,
        0.428717 -0.527200 0.000000,
        0.417323 -0.531920 0.000000,
        0.457109 -0.527200 0.000000,
        0.444882 -0.525591 0.000000,
        0.440945 -0.525591 0.000000,
        0.393701 -0.688976 0.000000,
        0.295276 -0.688976 0.000000,
        0.393701 -0.572835 0.000000,
        0.295276 -0.572835 0.000000,
        0.395311 -0.560607 0.000000,
        0.293666 -0.560607 0.000000,
        0.288946 -0.549213 0.000000,
        0.400030 -0.549213 0.000000,
        0.407538 -0.539428 0.000000,
        0.787402 -0.344663 0.000000,
        0.681102 -0.344663 0.000000,
        0.670589 -0.345847 0.000000,
        0.660604 -0.349341 0.000000,
        0.681102 -0.443088 0.000000,
        0.787402 -0.443088 0.000000,
        0.635043 -0.406357 0.000000,
        0.638537 -0.416342 0.000000,
        0.644165 -0.425300 0.000000,
        0.651646 -0.432781 0.000000,
        0.651646 -0.354970 0.000000,
        0.644165 -0.362450 0.000000,
        0.638537 -0.371408 0.000000,
        0.660604 -0.438409 0.000000,
        0.670589 -0.441904 0.000000,
        0.635043 -0.381394 0.000000,
        0.633858 -0.391907 0.000000,
        0.633858 -0.395844 0.000000,
        0.400905 0.507090 0.000000,
        0.390919 0.510584 0.000000,
        0.381961 0.516213 0.000000,
        0.444811 0.516213 0.000000,
        0.452291 0.523693 0.000000,
        0.457920 0.532651 0.000000,
        0.365358 0.542637 0.000000,
        0.368852 0.532651 0.000000,
        0.374480 0.523693 0.000000,
        0.462598 0.688976 0.000000,
        0.561024 0.688976 0.000000,
        0.462598 0.553150 0.000000,
        0.461414 0.542637 0.000000,
        0.364173 0.688976 0.000000,
        0.364173 0.553150 0.000000,
        0.411417 0.505906 0.000000,
        0.415354 0.505906 0.000000,
        0.425867 0.507090 0.000000,
        0.435853 0.510584 0.000000,
        0.137331 0.543378 0.000000,
        0.138498 0.545237 0.000000,
        0.142959 0.552336 0.000000,
        0.147638 0.688976 0.000000,
        0.147638 0.572835 0.000000,
        0.146453 0.562322 0.000000,
        -0.051181 -0.525591 0.000000,
        -0.058832 -0.526598 0.000000,
        -0.063409 -0.527200 0.000000,
        -0.147638 0.688976 0.000000,
        -0.196850 -0.688976 0.000000,
        0.000000 -0.688976 0.000000,
        0.718504 0.629921 0.000000,
        0.718504 0.688976 0.000000,
        0.787402 0.629921 0.000000,
        0.728346 -0.632363 0.000000,
        0.787402 -0.632363 0.000000,
        0.728346 -0.688976 0.000000,
        -0.718504 0.629921 0.000000,
        -0.787402 0.629921 0.000000,
        -0.718504 0.688976 0.000000,
        -0.787402 0.443088 0.039370,
        -0.787402 0.344663 0.039370,
        -0.787402 0.246237 0.039370,
        -0.787402 0.629921 0.039370,
        -0.787402 -0.049213 0.039370,
        -0.787402 -0.246237 0.039370,
        -0.787402 -0.344663 0.039370,
        -0.787402 -0.443088 0.039370,
        -0.787402 -0.147812 0.039370,
        -0.787402 -0.543781 0.039370,
        -0.787402 0.147812 0.039370,
        -0.787402 0.541339 0.039370,
        -0.787402 0.049213 0.039370,
        -0.787402 -0.632363 0.000000,
        -0.787402 -0.632363 0.039370,
        0.196850 -0.688976 0.039370,
        0.295276 -0.688976 0.039370,
        -0.728346 -0.688976 0.000000,
        -0.728346 -0.688976 0.039370,
        -0.590551 -0.688976 0.039370,
        0.492126 -0.688976 0.039370,
        0.393701 -0.688976 0.039370,
        -0.393701 -0.688976 0.039370,
        0.728346 -0.688976 0.039370,
        0.590551 -0.688976 0.039370,
        -0.295276 -0.688976 0.039370,
        -0.196850 -0.688976 0.039370,
        -0.492126 -0.688976 0.039370,
        -0.098425 -0.688976 0.039370,
        0.000000 -0.688976 0.039370,
        0.787402 -0.246237 0.039370,
        0.787402 0.629921 0.039370,
        0.787402 0.541339 0.039370,
        0.787402 -0.632363 0.039370,
        0.787402 -0.147812 0.039370,
        0.787402 -0.049213 0.039370,
        0.787402 0.049213 0.039370,
        0.787402 -0.443088 0.039370,
        0.787402 -0.543781 0.039370,
        0.787402 -0.344663 0.039370,
        0.787402 0.147812 0.039370,
        0.787402 0.246237 0.039370,
        0.787402 0.443088 0.039370,
        0.787402 0.344663 0.039370,
        -0.049213 0.688976 0.039370,
        0.147638 0.688976 0.039370,
        0.364173 0.688976 0.039370,
        -0.364173 0.688976 0.039370,
        -0.462598 0.688976 0.039370,
        0.561024 0.688976 0.039370,
        0.718504 0.688976 0.039370,
        0.462598 0.688976 0.039370,
        0.049213 0.688976 0.039370,
        -0.147638 0.688976 0.039370,
        -0.718504 0.688976 0.039370,
        -0.561024 0.688976 0.039370,
        -0.728346 -0.632363 0.000000,
        -0.791339 -0.543781 0.039370,
        -0.791339 -0.632363 0.039370,
        -0.728346 -0.692913 0.039370,
        -0.590551 -0.692913 0.039370,
        -0.590551 -0.692913 -0.003937,
        -0.590551 -0.543781 -0.003937,
        -0.791339 -0.543781 -0.003937,
        -0.791339 -0.632363 -0.003937,
        -0.728346 -0.632363 -0.003937,
        -0.728346 -0.692913 -0.003937,
        -0.621181 0.541339 -0.003937,
        -0.561024 0.603010 -0.003937,
        -0.791339 0.541339 0.039370,
        -0.791339 0.541339 -0.003937,
        -0.718504 0.629921 -0.003937,
        -0.791339 0.629921 -0.003937,
        -0.791339 0.629921 0.039370,
        -0.561024 0.692913 -0.003937,
        -0.561024 0.692913 0.039370,
        -0.718504 0.692913 0.039370,
        -0.718504 0.692913 -0.003937,
        0.590551 -0.543781 -0.003937,
        0.590551 -0.692913 -0.003937,
        0.590551 -0.692913 0.039370,
        0.728346 -0.692913 0.039370,
        0.728346 -0.692913 -0.003937,
        0.728346 -0.632363 -0.003937,
        0.791339 -0.543781 0.039370,
        0.791339 -0.543781 -0.003937,
        0.791339 -0.632363 -0.003937,
        0.791339 -0.632363 0.039370,
        0.791339 0.629921 0.039370,
        0.791339 0.629921 -0.003937,
        0.718504 0.629921 -0.003937,
        0.561024 0.541339 -0.003937,
        0.791339 0.541339 -0.003937,
        0.791339 0.541339 0.039370,
        0.718504 0.692913 -0.003937,
        0.718504 0.692913 0.039370,
        0.561024 0.692913 0.039370,
        0.561024 0.692913 -0.003937,
        -0.681102 -0.443088 -0.003937,
        -0.670589 -0.441904 -0.003937,
        -0.660604 -0.438409 -0.003937,
        -0.651646 -0.432781 -0.003937,
        -0.644165 -0.425300 -0.003937,
        -0.638537 -0.416342 -0.003937,
        -0.635043 -0.406357 -0.003937,
        -0.633858 -0.395844 -0.003937,
        -0.633858 -0.391907 -0.003937,
        -0.635043 -0.381394 -0.003937,
        -0.638537 -0.371408 -0.003937,
        -0.644165 -0.362450 -0.003937,
        -0.651646 -0.354970 -0.003937,
        -0.660604 -0.349341 -0.003937,
        -0.670589 -0.345847 -0.003937,
        -0.681102 -0.344663 -0.003937,
        -0.791339 -0.443088 0.039370,
        -0.791339 -0.443088 -0.003937,
        -0.791339 -0.344663 -0.003937,
        -0.791339 -0.344663 0.039370,
        -0.631890 -0.246237 -0.003937,
        -0.621377 -0.245053 -0.003937,
        -0.611391 -0.241559 -0.003937,
        -0.602433 -0.235930 -0.003937,
        -0.594953 -0.228450 -0.003937,
        -0.589324 -0.219492 -0.003937,
        -0.585830 -0.209506 -0.003937,
        -0.584646 -0.198993 -0.003937,
        -0.584646 -0.195056 -0.003937,
        -0.585830 -0.184544 -0.003937,
        -0.589324 -0.174558 -0.003937,
        -0.594953 -0.165600 -0.003937,
        -0.602433 -0.158119 -0.003937,
        -0.611391 -0.152491 -0.003937,
        -0.621377 -0.148997 -0.003937,
        -0.631890 -0.147812 -0.003937,
        -0.791339 -0.246237 0.039370,
        -0.791339 -0.246237 -0.003937,
        -0.791339 -0.147812 -0.003937,
        -0.791339 -0.147812 0.039370,
        -0.631890 -0.049213 -0.003937,
        -0.621377 -0.048028 -0.003937,
        -0.611391 -0.044534 -0.003937,
        -0.602433 -0.038906 -0.003937,
        -0.594953 -0.031425 -0.003937,
        -0.589324 -0.022467 -0.003937,
        -0.585830 -0.012481 -0.003937,
        -0.584646 -0.001969 -0.003937,
        -0.584646 0.001969 -0.003937,
        -0.585830 0.012481 -0.003937,
        -0.589324 0.022467 -0.003937,
        -0.594953 0.031425 -0.003937,
        -0.602433 0.038906 -0.003937,
        -0.611391 0.044534 -0.003937,
        -0.621377 0.048028 -0.003937,
        -0.631890 0.049213 -0.003937,
        -0.791339 0.049213 -0.003937,
        -0.791339 0.049213 0.039370,
        -0.791339 -0.049213 0.039370,
        -0.791339 -0.049213 -0.003937,
        -0.631890 0.147812 -0.003937,
        -0.621377 0.148997 -0.003937,
        -0.611391 0.152491 -0.003937,
        -0.602433 0.158119 -0.003937,
        -0.594953 0.165600 -0.003937,
        -0.589324 0.174558 -0.003937,
        -0.585830 0.184544 -0.003937,
        -0.584646 0.195056 -0.003937,
        -0.584646 0.198993 -0.003937,
        -0.585830 0.209506 -0.003937,
        -0.589324 0.219492 -0.003937,
        -0.594953 0.228450 -0.003937,
        -0.602433 0.235930 -0.003937,
        -0.611391 0.241559 -0.003937,
        -0.621377 0.245053 -0.003937,
        -0.631890 0.246237 -0.003937,
        -0.791339 0.246237 -0.003937,
        -0.791339 0.246237 0.039370,
        -0.791339 0.147812 0.039370,
        -0.791339 0.147812 -0.003937,
        -0.681102 0.344663 -0.003937,
        -0.670589 0.345847 -0.003937,
        -0.660604 0.349341 -0.003937,
        -0.651646 0.354970 -0.003937,
        -0.644165 0.362450 -0.003937,
        -0.638537 0.371408 -0.003937,
        -0.635043 0.381394 -0.003937,
        -0.633858 0.391907 -0.003937,
        -0.633858 0.395844 -0.003937,
        -0.635043 0.406357 -0.003937,
        -0.638537 0.416342 -0.003937,
        -0.644165 0.425300 -0.003937,
        -0.651646 0.432781 -0.003937,
        -0.660604 0.438409 -0.003937,
        -0.670589 0.441904 -0.003937,
        -0.681102 0.443088 -0.003937,
        -0.791339 0.344663 0.039370,
        -0.791339 0.344663 -0.003937,
        -0.791339 0.443088 -0.003937,
        -0.791339 0.443088 0.039370,
        0.681102 0.443088 -0.003937,
        0.670589 0.441904 -0.003937,
        0.660604 0.438409 -0.003937,
        0.651646 0.432781 -0.003937,
        0.644165 0.425300 -0.003937,
        0.638537 0.416342 -0.003937,
        0.635043 0.406357 -0.003937,
        0.633858 0.395844 -0.003937,
        0.633858 0.391907 -0.003937,
        0.635043 0.381394 -0.003937,
        0.638537 0.371408 -0.003937,
        0.644165 0.362450 -0.003937,
        0.651646 0.354970 -0.003937,
        0.660604 0.349341 -0.003937,
        0.670589 0.345847 -0.003937,
        0.681102 0.344663 -0.003937,
        0.791339 0.344663 -0.003937,
        0.791339 0.344663 0.039370,
        0.791339 0.443088 0.039370,
        0.791339 0.443088 -0.003937,
        0.584646 0.195056 -0.003937,
        0.585830 0.184544 -0.003937,
        0.589324 0.174558 -0.003937,
        0.594953 0.165600 -0.003937,
        0.602433 0.158119 -0.003937,
        0.611391 0.152491 -0.003937,
        0.621377 0.148997 -0.003937,
        0.631890 0.147812 -0.003937,
        0.631890 0.246237 -0.003937,
        0.621377 0.245053 -0.003937,
        0.611391 0.241559 -0.003937,
        0.602433 0.235930 -0.003937,
        0.594953 0.228450 -0.003937,
        0.589324 0.219492 -0.003937,
        0.585830 0.209506 -0.003937,
        0.584646 0.198993 -0.003937,
        0.791339 0.147812 -0.003937,
        0.791339 0.147812 0.039370,
        0.791339 0.246237 0.039370,
        0.791339 0.246237 -0.003937,
        0.584646 -0.001969 -0.003937,
        0.585830 -0.012481 -0.003937,
        0.589324 -0.022467 -0.003937,
        0.594953 -0.031425 -0.003937,
        0.602433 -0.038906 -0.003937,
        0.611391 -0.044534 -0.003937,
        0.621377 -0.048028 -0.003937,
        0.631890 -0.049213 -0.003937,
        0.631890 0.049213 -0.003937,
        0.621377 0.048028 -0.003937,
        0.611391 0.044534 -0.003937,
        0.602433 0.038906 -0.003937,
        0.594953 0.031425 -0.003937,
        0.589324 0.022467 -0.003937,
        0.585830 0.012481 -0.003937,
        0.584646 0.001969 -0.003937,
        0.791339 -0.049213 -0.003937,
        0.791339 -0.049213 0.039370,
        0.791339 0.049213 0.039370,
        0.791339 0.049213 -0.003937,
        0.631890 -0.147812 -0.003937,
        0.621377 -0.148997 -0.003937,
        0.611391 -0.152491 -0.003937,
        0.602433 -0.158119 -0.003937,
        0.594953 -0.165600 -0.003937,
        0.589324 -0.174558 -0.003937,
        0.585830 -0.184544 -0.003937,
        0.584646 -0.195056 -0.003937,
        0.584646 -0.198993 -0.003937,
        0.585830 -0.209506 -0.003937,
        0.589324 -0.219492 -0.003937,
        0.594953 -0.228450 -0.003937,
        0.602433 -0.235930 -0.003937,
        0.611391 -0.241559 -0.003937,
        0.621377 -0.245053 -0.003937,
        0.631890 -0.246237 -0.003937,
        0.791339 -0.246237 -0.003937,
        0.791339 -0.246237 0.039370,
        0.791339 -0.147812 0.039370,
        0.791339 -0.147812 -0.003937,
        0.681102 -0.344663 -0.003937,
        0.670589 -0.345847 -0.003937,
        0.660604 -0.349341 -0.003937,
        0.651646 -0.354970 -0.003937,
        0.644165 -0.362450 -0.003937,
        0.638537 -0.371408 -0.003937,
        0.635043 -0.381394 -0.003937,
        0.633858 -0.391907 -0.003937,
        0.633858 -0.395844 -0.003937,
        0.635043 -0.406357 -0.003937,
        0.638537 -0.416342 -0.003937,
        0.644165 -0.425300 -0.003937,
        0.651646 -0.432781 -0.003937,
        0.660604 -0.438409 -0.003937,
        0.670589 -0.441904 -0.003937,
        0.681102 -0.443088 -0.003937,
        0.791339 -0.443088 -0.003937,
        0.791339 -0.443088 0.039370,
        0.791339 -0.344663 0.039370,
        0.791339 -0.344663 -0.003937,
        -0.172244 -0.280512 -0.003937,
        -0.172244 0.280512 -0.003937,
        -0.319882 0.280512 -0.003937,
        -0.319882 -0.280512 -0.003937,
        -0.393701 -0.572835 -0.003937,
        -0.395311 -0.560607 -0.003937,
        -0.400030 -0.549213 -0.003937,
        -0.407538 -0.539428 -0.003937,
        -0.417323 -0.531920 -0.003937,
        -0.428717 -0.527200 -0.003937,
        -0.440945 -0.525591 -0.003937,
        -0.444882 -0.525591 -0.003937,
        -0.457109 -0.527200 -0.003937,
        -0.468504 -0.531920 -0.003937,
        -0.478289 -0.539428 -0.003937,
        -0.485796 -0.549213 -0.003937,
        -0.490516 -0.560607 -0.003937,
        -0.492126 -0.572835 -0.003937,
        -0.393701 -0.692913 0.039370,
        -0.393701 -0.692913 -0.003937,
        -0.492126 -0.692913 -0.003937,
        -0.492126 -0.692913 0.039370,
        -0.071850 0.280512 -0.003937,
        0.075787 0.280512 -0.003937,
        -0.071850 -0.280512 -0.003937,
        0.075787 -0.280512 -0.003937,
        0.323819 0.280512 -0.003937,
        0.176181 0.280512 -0.003937,
        0.176181 -0.280512 -0.003937,
        0.323819 -0.280512 -0.003937,
        0.288946 -0.549213 -0.003937,
        0.293666 -0.560607 -0.003937,
        0.295276 -0.572835 -0.003937,
        0.281438 -0.539428 -0.003937,
        0.271654 -0.531920 -0.003937,
        0.260259 -0.527200 -0.003937,
        0.248031 -0.525591 -0.003937,
        0.244094 -0.525591 -0.003937,
        0.231867 -0.527200 -0.003937,
        0.220472 -0.531920 -0.003937,
        0.210688 -0.539428 -0.003937,
        0.203180 -0.549213 -0.003937,
        0.198460 -0.560607 -0.003937,
        0.196850 -0.572835 -0.003937,
        0.295276 -0.692913 0.039370,
        0.295276 -0.692913 -0.003937,
        0.196850 -0.692913 -0.003937,
        0.196850 -0.692913 0.039370,
        -0.196850 -0.572835 -0.003937,
        -0.198460 -0.560607 -0.003937,
        -0.203180 -0.549213 -0.003937,
        -0.210688 -0.539428 -0.003937,
        -0.220472 -0.531920 -0.003937,
        -0.231867 -0.527200 -0.003937,
        -0.244094 -0.525591 -0.003937,
        -0.248031 -0.525591 -0.003937,
        -0.260259 -0.527200 -0.003937,
        -0.271654 -0.531920 -0.003937,
        -0.281438 -0.539428 -0.003937,
        -0.288946 -0.549213 -0.003937,
        -0.293666 -0.560607 -0.003937,
        -0.295276 -0.572835 -0.003937,
        -0.196850 -0.692913 0.039370,
        -0.196850 -0.692913 -0.003937,
        -0.295276 -0.692913 -0.003937,
        -0.295276 -0.692913 0.039370,
        0.000000 -0.572835 -0.003937,
        -0.001610 -0.560607 -0.003937,
        -0.006330 -0.549213 -0.003937,
        -0.013837 -0.539428 -0.003937,
        -0.023622 -0.531920 -0.003937,
        -0.035017 -0.527200 -0.003937,
        -0.047244 -0.525591 -0.003937,
        -0.051181 -0.525591 -0.003937,
        -0.063409 -0.527200 -0.003937,
        -0.074803 -0.531920 -0.003937,
        -0.084588 -0.539428 -0.003937,
        -0.092096 -0.549213 -0.003937,
        -0.096815 -0.560607 -0.003937,
        -0.098425 -0.572835 -0.003937,
        0.000000 -0.692913 0.039370,
        0.000000 -0.692913 -0.003937,
        -0.098425 -0.692913 -0.003937,
        -0.098425 -0.692913 0.039370,
        0.492126 -0.572835 -0.003937,
        0.490516 -0.560607 -0.003937,
        0.485796 -0.549213 -0.003937,
        0.478289 -0.539428 -0.003937,
        0.468504 -0.531920 -0.003937,
        0.457109 -0.527200 -0.003937,
        0.444882 -0.525591 -0.003937,
        0.440945 -0.525591 -0.003937,
        0.428717 -0.527200 -0.003937,
        0.417323 -0.531920 -0.003937,
        0.407538 -0.539428 -0.003937,
        0.400030 -0.549213 -0.003937,
        0.395311 -0.560607 -0.003937,
        0.393701 -0.572835 -0.003937,
        0.492126 -0.692913 0.039370,
        0.492126 -0.692913 -0.003937,
        0.393701 -0.692913 -0.003937,
        0.393701 -0.692913 0.039370,
        -0.462598 0.553150 -0.003937,
        -0.461414 0.542637 -0.003937,
        -0.457920 0.532651 -0.003937,
        -0.452291 0.523693 -0.003937,
        -0.444811 0.516213 -0.003937,
        -0.435853 0.510584 -0.003937,
        -0.425867 0.507090 -0.003937,
        -0.415354 0.505906 -0.003937,
        -0.411417 0.505906 -0.003937,
        -0.400905 0.507090 -0.003937,
        -0.390919 0.510584 -0.003937,
        -0.381961 0.516213 -0.003937,
        -0.374480 0.523693 -0.003937,
        -0.368852 0.532651 -0.003937,
        -0.365358 0.542637 -0.003937,
        -0.364173 0.553150 -0.003937,
        -0.364173 0.692913 -0.003937,
        -0.364173 0.692913 0.039370,
        -0.462598 0.692913 0.039370,
        -0.462598 0.692913 -0.003937,
        0.364173 0.553150 -0.003937,
        0.365358 0.542637 -0.003937,
        0.368852 0.532651 -0.003937,
        0.374480 0.523693 -0.003937,
        0.381961 0.516213 -0.003937,
        0.390919 0.510584 -0.003937,
        0.400905 0.507090 -0.003937,
        0.411417 0.505906 -0.003937,
        0.415354 0.505906 -0.003937,
        0.425867 0.507090 -0.003937,
        0.435853 0.510584 -0.003937,
        0.444811 0.516213 -0.003937,
        0.452291 0.523693 -0.003937,
        0.457920 0.532651 -0.003937,
        0.461414 0.542637 -0.003937,
        0.462598 0.553150 -0.003937,
        0.462598 0.692913 -0.003937,
        0.462598 0.692913 0.039370,
        0.364173 0.692913 0.039370,
        0.364173 0.692913 -0.003937,
        -0.147638 0.572835 -0.003937,
        -0.146453 0.562322 -0.003937,
        -0.142959 0.552336 -0.003937,
        -0.137331 0.543378 -0.003937,
        -0.129850 0.535898 -0.003937,
        -0.120892 0.530269 -0.003937,
        -0.110907 0.526775 -0.003937,
        -0.100394 0.525591 -0.003937,
        -0.096457 0.525591 -0.003937,
        -0.085944 0.526775 -0.003937,
        -0.075958 0.530269 -0.003937,
        -0.067000 0.535898 -0.003937,
        -0.059520 0.543378 -0.003937,
        -0.053891 0.552336 -0.003937,
        -0.050397 0.562322 -0.003937,
        -0.049213 0.572835 -0.003937,
        -0.049213 0.692913 -0.003937,
        -0.049213 0.692913 0.039370,
        -0.147638 0.692913 0.039370,
        -0.147638 0.692913 -0.003937,
        0.049213 0.572835 -0.003937,
        0.050397 0.562322 -0.003937,
        0.053891 0.552336 -0.003937,
        0.059520 0.543378 -0.003937,
        0.067000 0.535898 -0.003937,
        0.075958 0.530269 -0.003937,
        0.085944 0.526775 -0.003937,
        0.096457 0.525591 -0.003937,
        0.100394 0.525591 -0.003937,
        0.110907 0.526775 -0.003937,
        0.120892 0.530269 -0.003937,
        0.129850 0.535898 -0.003937,
        0.137331 0.543378 -0.003937,
        0.142959 0.552336 -0.003937,
        0.146453 0.562322 -0.003937,
        0.147638 0.572835 -0.003937,
        0.147638 0.692913 -0.003937,
        0.147638 0.692913 0.039370,
        0.049213 0.692913 0.039370,
        0.049213 0.692913 -0.003937,
      ]
    }
    coordIndex [
      385, 433, 390, -1,
      390, 433, 434, -1,
      394, 435, 395, -1,
      395, 435, 436, -1,
      395, 436, 256, -1,
      256, 436, 437, -1,
      256, 437, 239, -1,
      239, 437, 438, -1,
      239, 438, 240, -1,
      240, 438, 439, -1,
      240, 439, 385, -1,
      385, 439, 433, -1,
      390, 434, 389, -1,
      389, 434, 440, -1,
      389, 440, 432, -1,
      432, 440, 441, -1,
      432, 441, 393, -1,
      393, 441, 442, -1,
      393, 442, 394, -1,
      394, 442, 435, -1,
      437, 436, 442, -1,
      442, 436, 435, -1,
      440, 434, 439, -1,
      439, 434, 433, -1,
      440, 439, 441, -1,
      441, 439, 438, -1,
      441, 438, 442, -1,
      442, 438, 437, -1,
      443, 444, 153, -1,
      153, 444, 151, -1,
      387, 445, 158, -1,
      158, 445, 446, -1,
      158, 446, 153, -1,
      153, 446, 443, -1,
      373, 447, 374, -1,
      374, 447, 448, -1,
      374, 448, 379, -1,
      379, 448, 449, -1,
      151, 444, 149, -1,
      149, 444, 450, -1,
      149, 450, 431, -1,
      431, 450, 451, -1,
      430, 452, 375, -1,
      375, 452, 453, -1,
      375, 453, 373, -1,
      373, 453, 447, -1,
      449, 445, 379, -1,
      379, 445, 387, -1,
      451, 452, 431, -1,
      431, 452, 430, -1,
      446, 445, 448, -1,
      448, 445, 449, -1,
      453, 452, 450, -1,
      450, 452, 451, -1,
      446, 448, 443, -1,
      443, 448, 447, -1,
      443, 447, 444, -1,
      444, 447, 453, -1,
      444, 453, 450, -1,
      296, 454, 297, -1,
      297, 454, 455, -1,
      297, 455, 400, -1,
      400, 455, 456, -1,
      399, 457, 372, -1,
      372, 457, 458, -1,
      372, 458, 370, -1,
      370, 458, 459, -1,
      414, 460, 295, -1,
      295, 460, 461, -1,
      295, 461, 296, -1,
      296, 461, 454, -1,
      370, 459, 371, -1,
      371, 459, 462, -1,
      371, 462, 409, -1,
      409, 462, 463, -1,
      456, 457, 400, -1,
      400, 457, 399, -1,
      463, 460, 409, -1,
      409, 460, 414, -1,
      458, 457, 455, -1,
      455, 457, 456, -1,
      461, 460, 462, -1,
      462, 460, 463, -1,
      458, 455, 459, -1,
      459, 455, 454, -1,
      459, 454, 462, -1,
      462, 454, 461, -1,
      407, 464, 369, -1,
      369, 464, 465, -1,
      369, 465, 367, -1,
      367, 465, 466, -1,
      0, 467, 1, -1,
      1, 467, 468, -1,
      1, 468, 408, -1,
      408, 468, 469, -1,
      367, 466, 368, -1,
      368, 466, 470, -1,
      368, 470, 426, -1,
      426, 470, 471, -1,
      425, 472, 346, -1,
      346, 472, 473, -1,
      346, 473, 0, -1,
      0, 473, 467, -1,
      408, 469, 407, -1,
      407, 469, 464, -1,
      426, 471, 425, -1,
      425, 471, 472, -1,
      465, 464, 468, -1,
      468, 464, 469, -1,
      473, 472, 470, -1,
      470, 472, 471, -1,
      465, 468, 466, -1,
      466, 468, 467, -1,
      466, 467, 470, -1,
      470, 467, 473, -1,
      9, 474, 475, -1,
      9, 475, 16, -1,
      16, 475, 476, -1,
      16, 476, 17, -1,
      17, 476, 477, -1,
      17, 477, 12, -1,
      12, 477, 478, -1,
      12, 478, 10, -1,
      10, 478, 479, -1,
      10, 479, 11, -1,
      11, 479, 480, -1,
      11, 480, 18, -1,
      18, 480, 481, -1,
      18, 481, 19, -1,
      481, 482, 19, -1,
      19, 482, 20, -1,
      20, 482, 483, -1,
      20, 483, 21, -1,
      21, 483, 484, -1,
      21, 484, 22, -1,
      22, 484, 485, -1,
      22, 485, 23, -1,
      23, 485, 486, -1,
      23, 486, 24, -1,
      24, 486, 487, -1,
      24, 487, 25, -1,
      25, 487, 488, -1,
      25, 488, 15, -1,
      15, 488, 489, -1,
      15, 489, 13, -1,
      383, 490, 8, -1,
      8, 490, 491, -1,
      8, 491, 9, -1,
      9, 491, 474, -1,
      13, 489, 14, -1,
      14, 489, 492, -1,
      14, 492, 382, -1,
      382, 492, 493, -1,
      493, 490, 382, -1,
      382, 490, 383, -1,
      491, 490, 492, -1,
      492, 490, 493, -1,
      476, 475, 492, -1,
      492, 475, 474, -1,
      492, 474, 491, -1,
      483, 482, 489, -1,
      489, 482, 481, -1,
      489, 481, 492, -1,
      492, 481, 480, -1,
      492, 480, 479, -1,
      486, 485, 487, -1,
      487, 485, 488, -1,
      488, 485, 489, -1,
      489, 485, 484, -1,
      489, 484, 483, -1,
      479, 478, 492, -1,
      492, 478, 477, -1,
      492, 477, 476, -1,
      174, 494, 495, -1,
      174, 495, 175, -1,
      175, 495, 496, -1,
      175, 496, 176, -1,
      176, 496, 497, -1,
      176, 497, 177, -1,
      177, 497, 498, -1,
      177, 498, 178, -1,
      178, 498, 499, -1,
      178, 499, 179, -1,
      179, 499, 500, -1,
      179, 500, 180, -1,
      180, 500, 501, -1,
      180, 501, 202, -1,
      501, 502, 202, -1,
      202, 502, 203, -1,
      203, 502, 503, -1,
      203, 503, 181, -1,
      181, 503, 504, -1,
      181, 504, 182, -1,
      182, 504, 505, -1,
      182, 505, 185, -1,
      185, 505, 506, -1,
      185, 506, 204, -1,
      204, 506, 507, -1,
      204, 507, 205, -1,
      205, 507, 508, -1,
      205, 508, 232, -1,
      232, 508, 509, -1,
      232, 509, 226, -1,
      381, 510, 173, -1,
      173, 510, 511, -1,
      173, 511, 174, -1,
      174, 511, 494, -1,
      226, 509, 227, -1,
      227, 509, 512, -1,
      227, 512, 384, -1,
      384, 512, 513, -1,
      513, 510, 384, -1,
      384, 510, 381, -1,
      511, 510, 512, -1,
      512, 510, 513, -1,
      494, 511, 512, -1,
      501, 512, 509, -1,
      501, 509, 502, -1,
      502, 509, 508, -1,
      502, 508, 503, -1,
      499, 498, 494, -1,
      512, 501, 494, -1,
      494, 501, 500, -1,
      494, 500, 499, -1,
      508, 507, 506, -1,
      497, 496, 498, -1,
      498, 496, 495, -1,
      498, 495, 494, -1,
      506, 505, 508, -1,
      508, 505, 504, -1,
      508, 504, 503, -1,
      233, 514, 515, -1,
      233, 515, 207, -1,
      207, 515, 516, -1,
      207, 516, 206, -1,
      206, 516, 517, -1,
      206, 517, 183, -1,
      183, 517, 518, -1,
      183, 518, 184, -1,
      184, 518, 519, -1,
      184, 519, 186, -1,
      186, 519, 520, -1,
      186, 520, 208, -1,
      208, 520, 521, -1,
      208, 521, 209, -1,
      521, 522, 209, -1,
      209, 522, 218, -1,
      218, 522, 523, -1,
      218, 523, 219, -1,
      219, 523, 524, -1,
      219, 524, 220, -1,
      220, 524, 525, -1,
      220, 525, 191, -1,
      191, 525, 526, -1,
      191, 526, 189, -1,
      189, 526, 527, -1,
      189, 527, 229, -1,
      229, 527, 528, -1,
      229, 528, 237, -1,
      237, 528, 529, -1,
      237, 529, 234, -1,
      234, 529, 235, -1,
      235, 529, 530, -1,
      235, 530, 388, -1,
      388, 530, 531, -1,
      380, 532, 228, -1,
      228, 532, 533, -1,
      228, 533, 233, -1,
      233, 533, 514, -1,
      388, 531, 380, -1,
      380, 531, 532, -1,
      533, 532, 530, -1,
      530, 532, 531, -1,
      515, 514, 520, -1,
      524, 529, 528, -1,
      533, 530, 522, -1,
      522, 530, 529, -1,
      522, 529, 523, -1,
      523, 529, 524, -1,
      533, 522, 514, -1,
      514, 522, 521, -1,
      514, 521, 520, -1,
      519, 518, 517, -1,
      528, 527, 524, -1,
      524, 527, 526, -1,
      524, 526, 525, -1,
      519, 517, 520, -1,
      520, 517, 516, -1,
      520, 516, 515, -1,
      238, 534, 535, -1,
      238, 535, 230, -1,
      230, 535, 536, -1,
      230, 536, 231, -1,
      231, 536, 537, -1,
      231, 537, 190, -1,
      190, 537, 538, -1,
      190, 538, 192, -1,
      192, 538, 539, -1,
      192, 539, 193, -1,
      193, 539, 540, -1,
      193, 540, 194, -1,
      194, 540, 541, -1,
      194, 541, 210, -1,
      541, 542, 210, -1,
      210, 542, 211, -1,
      211, 542, 543, -1,
      211, 543, 187, -1,
      187, 543, 544, -1,
      187, 544, 188, -1,
      188, 544, 545, -1,
      188, 545, 195, -1,
      195, 545, 546, -1,
      195, 546, 196, -1,
      196, 546, 547, -1,
      196, 547, 197, -1,
      197, 547, 548, -1,
      197, 548, 223, -1,
      223, 548, 549, -1,
      223, 549, 215, -1,
      215, 549, 216, -1,
      216, 549, 550, -1,
      216, 550, 378, -1,
      378, 550, 551, -1,
      386, 552, 236, -1,
      236, 552, 553, -1,
      236, 553, 238, -1,
      238, 553, 534, -1,
      378, 551, 386, -1,
      386, 551, 552, -1,
      553, 552, 550, -1,
      550, 552, 551, -1,
      534, 553, 550, -1,
      548, 547, 546, -1,
      544, 543, 549, -1,
      549, 543, 542, -1,
      549, 542, 541, -1,
      536, 540, 537, -1,
      537, 540, 539, -1,
      537, 539, 538, -1,
      548, 546, 549, -1,
      549, 546, 545, -1,
      549, 545, 544, -1,
      536, 535, 540, -1,
      540, 535, 534, -1,
      540, 534, 541, -1,
      541, 534, 550, -1,
      541, 550, 549, -1,
      221, 554, 555, -1,
      221, 555, 222, -1,
      222, 555, 556, -1,
      222, 556, 224, -1,
      224, 556, 557, -1,
      224, 557, 225, -1,
      225, 557, 558, -1,
      225, 558, 198, -1,
      198, 558, 559, -1,
      198, 559, 199, -1,
      199, 559, 560, -1,
      199, 560, 200, -1,
      200, 560, 561, -1,
      200, 561, 201, -1,
      561, 562, 201, -1,
      201, 562, 212, -1,
      212, 562, 563, -1,
      212, 563, 213, -1,
      213, 563, 564, -1,
      213, 564, 214, -1,
      214, 564, 565, -1,
      214, 565, 167, -1,
      167, 565, 566, -1,
      167, 566, 168, -1,
      168, 566, 567, -1,
      168, 567, 169, -1,
      169, 567, 568, -1,
      169, 568, 170, -1,
      170, 568, 569, -1,
      170, 569, 171, -1,
      377, 570, 217, -1,
      217, 570, 571, -1,
      217, 571, 221, -1,
      221, 571, 554, -1,
      171, 569, 172, -1,
      172, 569, 572, -1,
      172, 572, 376, -1,
      376, 572, 573, -1,
      573, 570, 376, -1,
      376, 570, 377, -1,
      571, 570, 572, -1,
      572, 570, 573, -1,
      559, 558, 572, -1,
      572, 558, 557, -1,
      572, 557, 556, -1,
      556, 555, 572, -1,
      572, 555, 554, -1,
      572, 554, 571, -1,
      564, 568, 565, -1,
      565, 568, 567, -1,
      565, 567, 566, -1,
      564, 563, 568, -1,
      568, 563, 562, -1,
      568, 562, 569, -1,
      569, 562, 561, -1,
      569, 561, 572, -1,
      572, 561, 560, -1,
      572, 560, 559, -1,
      43, 574, 575, -1,
      43, 575, 44, -1,
      44, 575, 576, -1,
      44, 576, 35, -1,
      35, 576, 577, -1,
      35, 577, 36, -1,
      36, 577, 578, -1,
      36, 578, 37, -1,
      37, 578, 579, -1,
      37, 579, 38, -1,
      38, 579, 580, -1,
      38, 580, 39, -1,
      39, 580, 581, -1,
      39, 581, 45, -1,
      581, 582, 45, -1,
      45, 582, 46, -1,
      46, 582, 583, -1,
      46, 583, 31, -1,
      31, 583, 584, -1,
      31, 584, 32, -1,
      32, 584, 585, -1,
      32, 585, 88, -1,
      88, 585, 586, -1,
      88, 586, 89, -1,
      89, 586, 587, -1,
      89, 587, 91, -1,
      91, 587, 588, -1,
      91, 588, 92, -1,
      92, 588, 589, -1,
      92, 589, 60, -1,
      60, 589, 58, -1,
      58, 589, 590, -1,
      58, 590, 419, -1,
      419, 590, 591, -1,
      418, 592, 42, -1,
      42, 592, 593, -1,
      42, 593, 43, -1,
      43, 593, 574, -1,
      591, 592, 419, -1,
      419, 592, 418, -1,
      593, 592, 590, -1,
      590, 592, 591, -1,
      576, 575, 590, -1,
      590, 575, 574, -1,
      590, 574, 593, -1,
      588, 587, 582, -1,
      587, 586, 582, -1,
      582, 586, 585, -1,
      582, 585, 583, -1,
      583, 585, 584, -1,
      588, 582, 589, -1,
      589, 582, 581, -1,
      589, 581, 590, -1,
      590, 581, 580, -1,
      590, 580, 579, -1,
      579, 578, 590, -1,
      590, 578, 577, -1,
      590, 577, 576, -1,
      65, 594, 595, -1,
      65, 595, 57, -1,
      57, 595, 596, -1,
      57, 596, 55, -1,
      55, 596, 597, -1,
      55, 597, 56, -1,
      56, 597, 598, -1,
      56, 598, 75, -1,
      75, 598, 599, -1,
      75, 599, 68, -1,
      68, 599, 600, -1,
      68, 600, 93, -1,
      93, 600, 601, -1,
      93, 601, 72, -1,
      61, 602, 603, -1,
      61, 603, 90, -1,
      90, 603, 604, -1,
      90, 604, 62, -1,
      62, 604, 605, -1,
      62, 605, 63, -1,
      63, 605, 606, -1,
      63, 606, 47, -1,
      47, 606, 607, -1,
      47, 607, 48, -1,
      48, 607, 608, -1,
      48, 608, 49, -1,
      49, 608, 609, -1,
      49, 609, 64, -1,
      609, 594, 64, -1,
      64, 594, 65, -1,
      72, 601, 73, -1,
      73, 601, 610, -1,
      73, 610, 416, -1,
      416, 610, 611, -1,
      417, 612, 59, -1,
      59, 612, 613, -1,
      59, 613, 61, -1,
      61, 613, 602, -1,
      611, 612, 416, -1,
      416, 612, 417, -1,
      613, 612, 610, -1,
      610, 612, 611, -1,
      595, 594, 601, -1,
      601, 594, 609, -1,
      601, 609, 610, -1,
      605, 608, 606, -1,
      606, 608, 607, -1,
      613, 610, 602, -1,
      602, 610, 609, -1,
      602, 609, 603, -1,
      603, 609, 608, -1,
      603, 608, 604, -1,
      604, 608, 605, -1,
      599, 598, 600, -1,
      600, 598, 597, -1,
      600, 597, 601, -1,
      601, 597, 596, -1,
      601, 596, 595, -1,
      77, 614, 615, -1,
      77, 615, 78, -1,
      78, 615, 616, -1,
      78, 616, 79, -1,
      79, 616, 617, -1,
      79, 617, 95, -1,
      95, 617, 618, -1,
      95, 618, 80, -1,
      80, 618, 619, -1,
      80, 619, 81, -1,
      81, 619, 620, -1,
      81, 620, 101, -1,
      101, 620, 621, -1,
      101, 621, 98, -1,
      94, 622, 623, -1,
      94, 623, 66, -1,
      66, 623, 624, -1,
      66, 624, 67, -1,
      67, 624, 625, -1,
      67, 625, 69, -1,
      69, 625, 626, -1,
      69, 626, 76, -1,
      76, 626, 627, -1,
      76, 627, 54, -1,
      54, 627, 628, -1,
      54, 628, 70, -1,
      70, 628, 629, -1,
      70, 629, 71, -1,
      629, 614, 71, -1,
      71, 614, 77, -1,
      98, 621, 99, -1,
      99, 621, 630, -1,
      99, 630, 411, -1,
      411, 630, 631, -1,
      412, 632, 74, -1,
      74, 632, 633, -1,
      74, 633, 94, -1,
      94, 633, 622, -1,
      631, 632, 411, -1,
      411, 632, 412, -1,
      633, 632, 630, -1,
      630, 632, 631, -1,
      630, 621, 614, -1,
      629, 622, 614, -1,
      614, 622, 633, -1,
      614, 633, 630, -1,
      617, 616, 621, -1,
      621, 616, 615, -1,
      621, 615, 614, -1,
      617, 621, 618, -1,
      618, 621, 620, -1,
      618, 620, 619, -1,
      629, 628, 622, -1,
      622, 628, 627, -1,
      622, 627, 626, -1,
      626, 625, 622, -1,
      622, 625, 624, -1,
      622, 624, 623, -1,
      102, 634, 635, -1,
      102, 635, 82, -1,
      82, 635, 636, -1,
      82, 636, 83, -1,
      83, 636, 637, -1,
      83, 637, 84, -1,
      84, 637, 638, -1,
      84, 638, 85, -1,
      85, 638, 639, -1,
      85, 639, 86, -1,
      86, 639, 640, -1,
      86, 640, 87, -1,
      87, 640, 641, -1,
      87, 641, 96, -1,
      641, 642, 96, -1,
      96, 642, 97, -1,
      97, 642, 643, -1,
      97, 643, 40, -1,
      40, 643, 644, -1,
      40, 644, 41, -1,
      41, 644, 645, -1,
      41, 645, 50, -1,
      50, 645, 646, -1,
      50, 646, 51, -1,
      51, 646, 647, -1,
      51, 647, 52, -1,
      52, 647, 648, -1,
      52, 648, 53, -1,
      53, 648, 649, -1,
      53, 649, 29, -1,
      29, 649, 30, -1,
      30, 649, 650, -1,
      30, 650, 406, -1,
      406, 650, 651, -1,
      410, 652, 100, -1,
      100, 652, 653, -1,
      100, 653, 102, -1,
      102, 653, 634, -1,
      406, 651, 410, -1,
      410, 651, 652, -1,
      653, 652, 650, -1,
      650, 652, 651, -1,
      635, 634, 641, -1,
      643, 642, 649, -1,
      649, 642, 641, -1,
      649, 641, 650, -1,
      650, 641, 634, -1,
      650, 634, 653, -1,
      638, 637, 639, -1,
      639, 637, 640, -1,
      640, 637, 641, -1,
      641, 637, 636, -1,
      641, 636, 635, -1,
      647, 646, 648, -1,
      648, 646, 645, -1,
      648, 645, 649, -1,
      649, 645, 644, -1,
      649, 644, 643, -1,
      319, 654, 655, -1,
      319, 655, 320, -1,
      320, 655, 656, -1,
      320, 656, 321, -1,
      321, 656, 657, -1,
      321, 657, 328, -1,
      328, 657, 658, -1,
      328, 658, 329, -1,
      329, 658, 659, -1,
      329, 659, 330, -1,
      330, 659, 660, -1,
      330, 660, 333, -1,
      333, 660, 661, -1,
      333, 661, 334, -1,
      661, 662, 334, -1,
      334, 662, 335, -1,
      335, 662, 663, -1,
      335, 663, 324, -1,
      324, 663, 664, -1,
      324, 664, 325, -1,
      325, 664, 665, -1,
      325, 665, 326, -1,
      326, 665, 666, -1,
      326, 666, 327, -1,
      327, 666, 667, -1,
      327, 667, 331, -1,
      331, 667, 668, -1,
      331, 668, 332, -1,
      332, 668, 669, -1,
      332, 669, 322, -1,
      322, 669, 323, -1,
      323, 669, 670, -1,
      323, 670, 413, -1,
      413, 670, 671, -1,
      415, 672, 318, -1,
      318, 672, 673, -1,
      318, 673, 319, -1,
      319, 673, 654, -1,
      413, 671, 415, -1,
      415, 671, 672, -1,
      673, 672, 670, -1,
      670, 672, 671, -1,
      660, 659, 670, -1,
      659, 658, 670, -1,
      670, 658, 657, -1,
      670, 657, 656, -1,
      656, 655, 670, -1,
      670, 655, 654, -1,
      670, 654, 673, -1,
      660, 670, 661, -1,
      661, 670, 669, -1,
      661, 669, 662, -1,
      662, 669, 668, -1,
      662, 668, 667, -1,
      667, 666, 662, -1,
      662, 666, 665, -1,
      662, 665, 663, -1,
      663, 665, 664, -1,
      674, 675, 164, -1,
      164, 675, 165, -1,
      675, 676, 165, -1,
      165, 676, 166, -1,
      676, 677, 166, -1,
      166, 677, 163, -1,
      677, 674, 163, -1,
      163, 674, 164, -1,
      677, 676, 674, -1,
      674, 676, 675, -1,
      260, 678, 679, -1,
      260, 679, 241, -1,
      241, 679, 680, -1,
      241, 680, 271, -1,
      271, 680, 681, -1,
      271, 681, 261, -1,
      261, 681, 682, -1,
      261, 682, 262, -1,
      262, 682, 683, -1,
      262, 683, 263, -1,
      263, 683, 684, -1,
      263, 684, 264, -1,
      684, 685, 264, -1,
      264, 685, 265, -1,
      265, 685, 686, -1,
      265, 686, 266, -1,
      266, 686, 687, -1,
      266, 687, 267, -1,
      267, 687, 688, -1,
      267, 688, 246, -1,
      246, 688, 689, -1,
      246, 689, 247, -1,
      247, 689, 690, -1,
      247, 690, 258, -1,
      258, 690, 691, -1,
      258, 691, 257, -1,
      398, 692, 252, -1,
      252, 692, 693, -1,
      252, 693, 260, -1,
      260, 693, 678, -1,
      257, 691, 255, -1,
      255, 691, 694, -1,
      255, 694, 403, -1,
      403, 694, 695, -1,
      695, 692, 403, -1,
      403, 692, 398, -1,
      693, 692, 694, -1,
      694, 692, 695, -1,
      678, 693, 694, -1,
      678, 694, 679, -1,
      690, 689, 688, -1,
      686, 685, 691, -1,
      691, 685, 684, -1,
      691, 684, 694, -1,
      694, 684, 683, -1,
      694, 683, 682, -1,
      682, 681, 694, -1,
      694, 681, 680, -1,
      694, 680, 679, -1,
      690, 688, 691, -1,
      691, 688, 687, -1,
      691, 687, 686, -1,
      108, 107, 696, -1,
      696, 107, 106, -1,
      696, 106, 697, -1,
      697, 106, 105, -1,
      696, 698, 108, -1,
      108, 698, 109, -1,
      6, 109, 698, -1,
      6, 698, 7, -1,
      7, 698, 699, -1,
      7, 699, 104, -1,
      699, 697, 104, -1,
      104, 697, 105, -1,
      699, 698, 697, -1,
      697, 698, 696, -1,
      33, 700, 34, -1,
      34, 700, 701, -1,
      34, 701, 103, -1,
      701, 702, 103, -1,
      103, 702, 26, -1,
      26, 702, 27, -1,
      27, 702, 703, -1,
      27, 703, 28, -1,
      703, 700, 28, -1,
      28, 700, 33, -1,
      703, 702, 700, -1,
      700, 702, 701, -1,
      704, 314, 705, -1,
      705, 314, 312, -1,
      705, 312, 706, -1,
      285, 284, 704, -1,
      704, 284, 315, -1,
      704, 315, 314, -1,
      704, 707, 285, -1,
      285, 707, 708, -1,
      285, 708, 286, -1,
      286, 708, 709, -1,
      286, 709, 293, -1,
      293, 709, 710, -1,
      293, 710, 294, -1,
      710, 711, 294, -1,
      294, 711, 289, -1,
      289, 711, 712, -1,
      289, 712, 287, -1,
      287, 712, 713, -1,
      287, 713, 288, -1,
      288, 713, 714, -1,
      288, 714, 290, -1,
      290, 714, 715, -1,
      290, 715, 291, -1,
      291, 715, 716, -1,
      291, 716, 292, -1,
      292, 716, 717, -1,
      292, 717, 2, -1,
      392, 718, 310, -1,
      310, 718, 719, -1,
      310, 719, 312, -1,
      312, 719, 706, -1,
      2, 717, 3, -1,
      3, 717, 720, -1,
      3, 720, 391, -1,
      391, 720, 721, -1,
      721, 718, 391, -1,
      391, 718, 392, -1,
      719, 718, 720, -1,
      720, 718, 721, -1,
      706, 719, 720, -1,
      706, 720, 705, -1,
      712, 711, 716, -1,
      716, 711, 717, -1,
      717, 711, 710, -1,
      717, 710, 720, -1,
      720, 710, 709, -1,
      720, 709, 708, -1,
      708, 707, 720, -1,
      720, 707, 704, -1,
      720, 704, 705, -1,
      715, 714, 716, -1,
      716, 714, 713, -1,
      716, 713, 712, -1,
      248, 722, 723, -1,
      248, 723, 249, -1,
      249, 723, 724, -1,
      249, 724, 253, -1,
      253, 724, 725, -1,
      253, 725, 254, -1,
      254, 725, 726, -1,
      254, 726, 244, -1,
      244, 726, 727, -1,
      244, 727, 245, -1,
      245, 727, 728, -1,
      245, 728, 268, -1,
      728, 729, 268, -1,
      268, 729, 269, -1,
      269, 729, 730, -1,
      269, 730, 270, -1,
      270, 730, 731, -1,
      270, 731, 272, -1,
      272, 731, 732, -1,
      272, 732, 242, -1,
      242, 732, 733, -1,
      242, 733, 243, -1,
      243, 733, 734, -1,
      243, 734, 259, -1,
      259, 734, 735, -1,
      259, 735, 250, -1,
      402, 736, 365, -1,
      365, 736, 737, -1,
      365, 737, 248, -1,
      248, 737, 722, -1,
      250, 735, 251, -1,
      251, 735, 738, -1,
      251, 738, 401, -1,
      401, 738, 739, -1,
      401, 739, 402, -1,
      402, 739, 736, -1,
      737, 736, 738, -1,
      738, 736, 739, -1,
      722, 737, 738, -1,
      729, 728, 735, -1,
      722, 738, 723, -1,
      735, 728, 738, -1,
      738, 728, 727, -1,
      738, 727, 726, -1,
      726, 725, 738, -1,
      738, 725, 724, -1,
      738, 724, 723, -1,
      733, 732, 734, -1,
      734, 732, 731, -1,
      734, 731, 735, -1,
      735, 731, 730, -1,
      735, 730, 729, -1,
      277, 740, 741, -1,
      277, 741, 278, -1,
      278, 741, 742, -1,
      278, 742, 279, -1,
      279, 742, 743, -1,
      279, 743, 280, -1,
      280, 743, 744, -1,
      280, 744, 281, -1,
      281, 744, 745, -1,
      281, 745, 282, -1,
      282, 745, 746, -1,
      282, 746, 283, -1,
      746, 747, 283, -1,
      283, 747, 361, -1,
      361, 747, 362, -1,
      362, 747, 748, -1,
      362, 748, 363, -1,
      363, 748, 749, -1,
      363, 749, 273, -1,
      273, 749, 750, -1,
      273, 750, 274, -1,
      274, 750, 751, -1,
      274, 751, 275, -1,
      275, 751, 752, -1,
      275, 752, 276, -1,
      276, 752, 753, -1,
      276, 753, 4, -1,
      405, 754, 366, -1,
      366, 754, 755, -1,
      366, 755, 277, -1,
      277, 755, 740, -1,
      4, 753, 5, -1,
      5, 753, 756, -1,
      5, 756, 404, -1,
      404, 756, 757, -1,
      404, 757, 405, -1,
      405, 757, 754, -1,
      755, 754, 756, -1,
      756, 754, 757, -1,
      740, 755, 756, -1,
      740, 756, 741, -1,
      748, 747, 753, -1,
      753, 747, 746, -1,
      753, 746, 756, -1,
      756, 746, 745, -1,
      756, 745, 744, -1,
      751, 750, 749, -1,
      744, 743, 756, -1,
      756, 743, 742, -1,
      756, 742, 741, -1,
      748, 753, 749, -1,
      749, 753, 752, -1,
      749, 752, 751, -1,
      299, 758, 759, -1,
      299, 759, 300, -1,
      300, 759, 760, -1,
      300, 760, 301, -1,
      301, 760, 761, -1,
      301, 761, 302, -1,
      302, 761, 762, -1,
      302, 762, 303, -1,
      303, 762, 763, -1,
      303, 763, 306, -1,
      306, 763, 764, -1,
      306, 764, 307, -1,
      764, 765, 307, -1,
      307, 765, 308, -1,
      308, 765, 766, -1,
      308, 766, 304, -1,
      304, 766, 767, -1,
      304, 767, 305, -1,
      305, 767, 768, -1,
      305, 768, 317, -1,
      317, 768, 769, -1,
      317, 769, 316, -1,
      316, 769, 770, -1,
      316, 770, 313, -1,
      313, 770, 771, -1,
      313, 771, 311, -1,
      396, 772, 298, -1,
      298, 772, 773, -1,
      298, 773, 299, -1,
      299, 773, 758, -1,
      311, 771, 309, -1,
      309, 771, 774, -1,
      309, 774, 397, -1,
      397, 774, 775, -1,
      775, 772, 397, -1,
      397, 772, 396, -1,
      773, 772, 774, -1,
      774, 772, 775, -1,
      763, 774, 764, -1,
      764, 774, 771, -1,
      764, 771, 765, -1,
      765, 771, 770, -1,
      765, 770, 769, -1,
      763, 762, 774, -1,
      774, 762, 761, -1,
      774, 761, 760, -1,
      760, 759, 774, -1,
      774, 759, 758, -1,
      774, 758, 773, -1,
      769, 768, 765, -1,
      765, 768, 767, -1,
      765, 767, 766, -1,
      152, 776, 777, -1,
      152, 777, 154, -1,
      154, 777, 778, -1,
      154, 778, 155, -1,
      155, 778, 779, -1,
      155, 779, 156, -1,
      156, 779, 780, -1,
      156, 780, 157, -1,
      157, 780, 781, -1,
      157, 781, 159, -1,
      159, 781, 782, -1,
      159, 782, 160, -1,
      160, 782, 783, -1,
      160, 783, 161, -1,
      783, 784, 161, -1,
      161, 784, 162, -1,
      162, 784, 785, -1,
      162, 785, 143, -1,
      143, 785, 786, -1,
      143, 786, 144, -1,
      144, 786, 787, -1,
      144, 787, 145, -1,
      145, 787, 788, -1,
      145, 788, 146, -1,
      146, 788, 789, -1,
      146, 789, 147, -1,
      147, 789, 790, -1,
      147, 790, 148, -1,
      148, 790, 791, -1,
      148, 791, 141, -1,
      141, 791, 142, -1,
      142, 791, 792, -1,
      142, 792, 423, -1,
      423, 792, 793, -1,
      424, 794, 150, -1,
      150, 794, 795, -1,
      150, 795, 152, -1,
      152, 795, 776, -1,
      423, 793, 424, -1,
      424, 793, 794, -1,
      795, 794, 792, -1,
      792, 794, 793, -1,
      785, 784, 791, -1,
      791, 784, 792, -1,
      789, 788, 787, -1,
      789, 787, 790, -1,
      790, 787, 791, -1,
      791, 787, 786, -1,
      791, 786, 785, -1,
      778, 777, 783, -1,
      783, 777, 776, -1,
      783, 776, 784, -1,
      784, 776, 795, -1,
      784, 795, 792, -1,
      783, 782, 778, -1,
      778, 782, 781, -1,
      778, 781, 779, -1,
      779, 781, 780, -1,
      350, 796, 797, -1,
      350, 797, 342, -1,
      342, 797, 798, -1,
      342, 798, 343, -1,
      343, 798, 799, -1,
      343, 799, 344, -1,
      344, 799, 800, -1,
      344, 800, 338, -1,
      338, 800, 801, -1,
      338, 801, 337, -1,
      337, 801, 802, -1,
      337, 802, 336, -1,
      336, 802, 803, -1,
      336, 803, 351, -1,
      803, 804, 351, -1,
      351, 804, 352, -1,
      352, 804, 805, -1,
      352, 805, 353, -1,
      353, 805, 806, -1,
      353, 806, 354, -1,
      354, 806, 807, -1,
      354, 807, 339, -1,
      339, 807, 808, -1,
      339, 808, 340, -1,
      340, 808, 809, -1,
      340, 809, 341, -1,
      341, 809, 810, -1,
      341, 810, 348, -1,
      348, 810, 811, -1,
      348, 811, 347, -1,
      347, 811, 345, -1,
      345, 811, 812, -1,
      345, 812, 427, -1,
      427, 812, 813, -1,
      422, 814, 349, -1,
      349, 814, 815, -1,
      349, 815, 350, -1,
      350, 815, 796, -1,
      427, 813, 422, -1,
      422, 813, 814, -1,
      815, 814, 812, -1,
      812, 814, 813, -1,
      805, 804, 811, -1,
      811, 804, 812, -1,
      809, 808, 807, -1,
      803, 796, 804, -1,
      804, 796, 815, -1,
      804, 815, 812, -1,
      809, 807, 810, -1,
      810, 807, 811, -1,
      811, 807, 806, -1,
      811, 806, 805, -1,
      803, 802, 796, -1,
      796, 802, 801, -1,
      796, 801, 800, -1,
      800, 799, 796, -1,
      796, 799, 798, -1,
      796, 798, 797, -1,
      130, 816, 817, -1,
      130, 817, 131, -1,
      131, 817, 818, -1,
      131, 818, 133, -1,
      133, 818, 819, -1,
      133, 819, 134, -1,
      134, 819, 820, -1,
      134, 820, 135, -1,
      135, 820, 821, -1,
      135, 821, 138, -1,
      138, 821, 822, -1,
      138, 822, 139, -1,
      139, 822, 823, -1,
      139, 823, 140, -1,
      823, 824, 140, -1,
      140, 824, 132, -1,
      132, 824, 825, -1,
      132, 825, 128, -1,
      128, 825, 826, -1,
      128, 826, 129, -1,
      129, 826, 827, -1,
      129, 827, 136, -1,
      136, 827, 828, -1,
      136, 828, 137, -1,
      137, 828, 123, -1,
      123, 828, 829, -1,
      123, 829, 124, -1,
      124, 829, 830, -1,
      124, 830, 127, -1,
      127, 830, 831, -1,
      127, 831, 126, -1,
      126, 831, 125, -1,
      125, 831, 832, -1,
      125, 832, 420, -1,
      420, 832, 833, -1,
      429, 834, 364, -1,
      364, 834, 835, -1,
      364, 835, 130, -1,
      130, 835, 816, -1,
      420, 833, 429, -1,
      429, 833, 834, -1,
      835, 834, 832, -1,
      832, 834, 833, -1,
      831, 823, 832, -1,
      832, 823, 822, -1,
      832, 822, 821, -1,
      821, 820, 832, -1,
      832, 820, 819, -1,
      832, 819, 818, -1,
      818, 817, 832, -1,
      832, 817, 816, -1,
      832, 816, 835, -1,
      827, 830, 828, -1,
      828, 830, 829, -1,
      827, 826, 830, -1,
      830, 826, 825, -1,
      830, 825, 831, -1,
      831, 825, 824, -1,
      831, 824, 823, -1,
      118, 836, 837, -1,
      118, 837, 110, -1,
      110, 837, 838, -1,
      110, 838, 111, -1,
      111, 838, 839, -1,
      111, 839, 112, -1,
      112, 839, 840, -1,
      112, 840, 113, -1,
      113, 840, 841, -1,
      113, 841, 120, -1,
      120, 841, 842, -1,
      120, 842, 121, -1,
      121, 842, 843, -1,
      121, 843, 122, -1,
      843, 844, 122, -1,
      122, 844, 114, -1,
      114, 844, 845, -1,
      114, 845, 115, -1,
      115, 845, 846, -1,
      115, 846, 116, -1,
      116, 846, 847, -1,
      116, 847, 117, -1,
      117, 847, 848, -1,
      117, 848, 355, -1,
      355, 848, 356, -1,
      356, 848, 849, -1,
      356, 849, 357, -1,
      357, 849, 850, -1,
      357, 850, 360, -1,
      360, 850, 851, -1,
      360, 851, 359, -1,
      359, 851, 358, -1,
      358, 851, 852, -1,
      358, 852, 421, -1,
      421, 852, 853, -1,
      428, 854, 119, -1,
      119, 854, 855, -1,
      119, 855, 118, -1,
      118, 855, 836, -1,
      421, 853, 428, -1,
      428, 853, 854, -1,
      855, 854, 852, -1,
      852, 854, 853, -1,
      836, 855, 852, -1,
      849, 848, 844, -1,
      844, 848, 847, -1,
      844, 847, 845, -1,
      845, 847, 846, -1,
      842, 841, 852, -1,
      852, 841, 840, -1,
      852, 840, 839, -1,
      839, 838, 852, -1,
      852, 838, 837, -1,
      852, 837, 836, -1,
      842, 852, 843, -1,
      843, 852, 851, -1,
      843, 851, 844, -1,
      844, 851, 850, -1,
      844, 850, 849, -1,
    ]
  }
}

Shape {
  appearance Appearance {
    material Material {
      diffuseColor 0.8510 0.8510 0.8510
      specularColor 0.4235 0.4235 0.4235
      ambientIntensity 0.2
      transparency 0.0000
      shininess 0.5
    }
  }
  geometry IndexedFaceSet {
    ccw TRUE
    solid FALSE
    coord DEF co Coordinate {
      point [
        0.160104 -0.343798 0.000000,
        0.142819 -0.343798 0.000000,
        -0.212952 -0.461909 0.000000,
        -0.212952 -0.356762 0.000000,
        -0.170272 -0.356762 0.000000,
        -0.228796 -0.461909 0.000000,
        -0.168300 -0.356762 0.000000,
        -0.168300 -0.343798 0.000000,
        -0.170272 -0.343798 0.000000,
        -0.228796 -0.343798 0.000000,
        -0.102854 -0.342358 0.000000,
        -0.109799 -0.343078 0.000000,
        -0.098015 -0.450386 0.000000,
        -0.109645 -0.449080 0.000000,
        -0.072472 -0.361711 0.000000,
        -0.070355 -0.362883 0.000000,
        -0.070355 -0.349920 0.000000,
        -0.082945 -0.344751 0.000000,
        -0.094880 -0.343078 0.000000,
        -0.087713 -0.462629 0.000000,
        -0.084011 -0.462374 0.000000,
        -0.070355 -0.458668 0.000000,
        -0.070355 -0.442824 0.000000,
        -0.083659 -0.448521 0.000000,
        -0.118485 -0.445889 0.000000,
        -0.126660 -0.440420 0.000000,
        -0.133793 -0.432546 0.000000,
        -0.142374 -0.401593 0.000000,
        -0.141178 -0.388807 0.000000,
        -0.137969 -0.378648 0.000000,
        -0.111687 -0.356557 0.000000,
        -0.100670 -0.355322 0.000000,
        -0.120293 -0.359726 0.000000,
        -0.127542 -0.364611 0.000000,
        -0.133084 -0.370458 0.000000,
        -0.084993 -0.357062 0.000000,
        -0.138662 -0.423427 0.000000,
        -0.141810 -0.410783 0.000000,
        -0.128857 -0.347808 0.000000,
        -0.138357 -0.353875 0.000000,
        -0.147229 -0.363215 0.000000,
        -0.153521 -0.374445 0.000000,
        -0.117409 -0.343867 0.000000,
        -0.151984 -0.430800 0.000000,
        -0.145061 -0.441843 0.000000,
        -0.134398 -0.452098 0.000000,
        -0.123180 -0.458556 0.000000,
        -0.098150 -0.463349 0.000000,
        -0.106972 -0.462629 0.000000,
        -0.110013 -0.462381 0.000000,
        -0.157076 -0.386947 0.000000,
        -0.158218 -0.400626 0.000000,
        -0.156519 -0.417417 0.000000,
        -0.047309 -0.343798 0.000000,
        0.013186 -0.448945 0.000000,
        -0.031465 -0.448945 0.000000,
        -0.031465 -0.410056 0.000000,
        -0.047309 -0.461909 0.000000,
        0.013186 -0.461909 0.000000,
        0.010306 -0.410056 0.000000,
        -0.031465 -0.397092 0.000000,
        -0.031465 -0.356762 0.000000,
        0.010306 -0.397092 0.000000,
        0.016067 -0.356762 0.000000,
        0.016067 -0.343798 0.000000,
        -0.099624 -0.342414 0.000000,
        0.072444 -0.461909 0.000000,
        0.089507 -0.460085 0.000000,
        0.103327 -0.455232 0.000000,
        0.116182 -0.446617 0.000000,
        0.128280 -0.376170 0.000000,
        0.121506 -0.365606 0.000000,
        0.111785 -0.356298 0.000000,
        0.099452 -0.349131 0.000000,
        0.116306 -0.446509 0.000000,
        0.124657 -0.437247 0.000000,
        0.130146 -0.427090 0.000000,
        0.085843 -0.345074 0.000000,
        0.071229 -0.343798 0.000000,
        0.039113 -0.343798 0.000000,
        0.039113 -0.461909 0.000000,
        0.133319 -0.415453 0.000000,
        0.134177 -0.404339 0.000000,
        0.132520 -0.388532 0.000000,
        0.187471 -0.461909 0.000000,
        0.203315 -0.461909 0.000000,
        0.249407 -0.343798 0.000000,
        0.232122 -0.343798 0.000000,
        0.220172 -0.376927 0.000000,
        0.171379 -0.376927 0.000000,
        0.203315 -0.461909 0.000394,
        0.249407 -0.343798 0.000394,
        0.232122 -0.343798 0.000394,
        0.220172 -0.376927 0.000394,
        0.171379 -0.376927 0.000394,
        0.160104 -0.343798 0.000394,
        0.142819 -0.343798 0.000394,
        0.187471 -0.461909 0.000394,
        0.175363 -0.389891 0.000394,
        0.192985 -0.439223 0.000394,
        0.194121 -0.443319 0.000394,
        0.194875 -0.447505 0.000394,
        0.195258 -0.447505 0.000394,
        0.196028 -0.443332 0.000394,
        0.214860 -0.389891 0.000394,
        0.197081 -0.439223 0.000394,
        0.175363 -0.389891 0.000000,
        0.214860 -0.389891 0.000000,
        0.192985 -0.439223 0.000000,
        0.194121 -0.443319 0.000000,
        0.194875 -0.447505 0.000000,
        0.195258 -0.447505 0.000000,
        0.196028 -0.443332 0.000000,
        0.197081 -0.439223 0.000000,
        0.071229 -0.343798 0.000394,
        0.039113 -0.343798 0.000394,
        0.039113 -0.461909 0.000394,
        0.072444 -0.461909 0.000394,
        0.134177 -0.404339 0.000394,
        0.133319 -0.415453 0.000394,
        0.130146 -0.427090 0.000394,
        0.124657 -0.437247 0.000394,
        0.116306 -0.446509 0.000394,
        0.116182 -0.446617 0.000394,
        0.103327 -0.455232 0.000394,
        0.089507 -0.460085 0.000394,
        0.085843 -0.345074 0.000394,
        0.099452 -0.349131 0.000394,
        0.111785 -0.356298 0.000394,
        0.121506 -0.365606 0.000394,
        0.128280 -0.376170 0.000394,
        0.132520 -0.388532 0.000394,
        0.110469 -0.432383 0.000394,
        0.104732 -0.438474 0.000394,
        0.096105 -0.444048 0.000394,
        0.086356 -0.447459 0.000394,
        0.072376 -0.448945 0.000394,
        0.054957 -0.448945 0.000394,
        0.054957 -0.356762 0.000394,
        0.071724 -0.356762 0.000394,
        0.084184 -0.357922 0.000394,
        0.094124 -0.361024 0.000394,
        0.102178 -0.365807 0.000394,
        0.108803 -0.372350 0.000394,
        0.113785 -0.380494 0.000394,
        0.117249 -0.391596 0.000394,
        0.118333 -0.404002 0.000394,
        0.117330 -0.415756 0.000394,
        0.114572 -0.425098 0.000394,
        0.072376 -0.448945 0.000000,
        0.054957 -0.448945 0.000000,
        0.086356 -0.447459 0.000000,
        0.096105 -0.444048 0.000000,
        0.104732 -0.438474 0.000000,
        0.110469 -0.432383 0.000000,
        0.114572 -0.425098 0.000000,
        0.117330 -0.415756 0.000000,
        0.118333 -0.404002 0.000000,
        0.117249 -0.391596 0.000000,
        0.113785 -0.380494 0.000000,
        0.108803 -0.372350 0.000000,
        0.102178 -0.365807 0.000000,
        0.094124 -0.361024 0.000000,
        0.084184 -0.357922 0.000000,
        0.071724 -0.356762 0.000000,
        0.054957 -0.356762 0.000000,
        0.016067 -0.356762 0.000394,
        0.016067 -0.343798 0.000394,
        -0.047309 -0.343798 0.000394,
        -0.047309 -0.461909 0.000394,
        0.013186 -0.461909 0.000394,
        0.013186 -0.448945 0.000394,
        -0.031465 -0.448945 0.000394,
        -0.031465 -0.410056 0.000394,
        0.010306 -0.410056 0.000394,
        0.010306 -0.397092 0.000394,
        -0.031465 -0.397092 0.000394,
        -0.031465 -0.356762 0.000394,
        -0.070355 -0.362883 0.000394,
        -0.070355 -0.349920 0.000394,
        -0.082945 -0.344751 0.000394,
        -0.102854 -0.342358 0.000394,
        -0.099624 -0.342414 0.000394,
        -0.117409 -0.343867 0.000394,
        -0.128857 -0.347808 0.000394,
        -0.138357 -0.353875 0.000394,
        -0.147229 -0.363215 0.000394,
        -0.153521 -0.374445 0.000394,
        -0.157076 -0.386947 0.000394,
        -0.158218 -0.400626 0.000394,
        -0.110013 -0.462381 0.000394,
        -0.098150 -0.463349 0.000394,
        -0.123180 -0.458556 0.000394,
        -0.134398 -0.452098 0.000394,
        -0.145061 -0.441843 0.000394,
        -0.151984 -0.430800 0.000394,
        -0.156519 -0.417417 0.000394,
        -0.084011 -0.462374 0.000394,
        -0.070355 -0.458668 0.000394,
        -0.070355 -0.442824 0.000394,
        -0.098015 -0.450386 0.000394,
        -0.083659 -0.448521 0.000394,
        -0.142374 -0.401593 0.000394,
        -0.141810 -0.410783 0.000394,
        -0.138662 -0.423427 0.000394,
        -0.133793 -0.432546 0.000394,
        -0.126660 -0.440420 0.000394,
        -0.118485 -0.445889 0.000394,
        -0.109645 -0.449080 0.000394,
        -0.100670 -0.355322 0.000394,
        -0.111687 -0.356557 0.000394,
        -0.120293 -0.359726 0.000394,
        -0.127542 -0.364611 0.000394,
        -0.133084 -0.370458 0.000394,
        -0.137969 -0.378648 0.000394,
        -0.141178 -0.388807 0.000394,
        -0.072472 -0.361711 0.000394,
        -0.084993 -0.357062 0.000394,
        -0.168300 -0.356762 0.000394,
        -0.168300 -0.343798 0.000394,
        -0.228796 -0.343798 0.000394,
        -0.228796 -0.461909 0.000394,
        -0.212952 -0.461909 0.000394,
        -0.212952 -0.356762 0.000394,
      ]
    }
    coordIndex [
      90, 91, 85, -1,
      85, 91, 86, -1,
      91, 92, 86, -1,
      86, 92, 87, -1,
      92, 93, 87, -1,
      87, 93, 88, -1,
      93, 94, 88, -1,
      88, 94, 89, -1,
      94, 95, 89, -1,
      89, 95, 0, -1,
      95, 96, 0, -1,
      0, 96, 1, -1,
      96, 97, 1, -1,
      1, 97, 84, -1,
      97, 90, 84, -1,
      84, 90, 85, -1,
      98, 99, 97, -1,
      96, 95, 94, -1,
      99, 100, 97, -1,
      97, 100, 101, -1,
      97, 101, 90, -1,
      90, 101, 102, -1,
      90, 102, 103, -1,
      97, 96, 98, -1,
      98, 96, 94, -1,
      98, 94, 104, -1,
      104, 94, 93, -1,
      103, 105, 90, -1,
      90, 105, 104, -1,
      90, 104, 91, -1,
      91, 104, 93, -1,
      91, 93, 92, -1,
      98, 104, 106, -1,
      106, 104, 107, -1,
      99, 98, 108, -1,
      108, 98, 106, -1,
      99, 108, 109, -1,
      99, 109, 100, -1,
      100, 109, 110, -1,
      100, 110, 101, -1,
      102, 101, 111, -1,
      111, 101, 110, -1,
      102, 111, 112, -1,
      102, 112, 103, -1,
      103, 112, 113, -1,
      103, 113, 105, -1,
      104, 105, 107, -1,
      107, 105, 113, -1,
      114, 115, 78, -1,
      78, 115, 79, -1,
      115, 116, 79, -1,
      79, 116, 80, -1,
      116, 117, 80, -1,
      80, 117, 66, -1,
      118, 82, 81, -1,
      118, 81, 119, -1,
      119, 81, 76, -1,
      119, 76, 120, -1,
      120, 76, 75, -1,
      120, 75, 121, -1,
      121, 75, 74, -1,
      121, 74, 122, -1,
      122, 74, 69, -1,
      122, 69, 123, -1,
      123, 69, 68, -1,
      123, 68, 124, -1,
      124, 68, 67, -1,
      124, 67, 125, -1,
      125, 67, 66, -1,
      125, 66, 117, -1,
      114, 78, 77, -1,
      114, 77, 126, -1,
      126, 77, 73, -1,
      126, 73, 127, -1,
      127, 73, 72, -1,
      127, 72, 128, -1,
      128, 72, 71, -1,
      128, 71, 129, -1,
      129, 71, 70, -1,
      129, 70, 130, -1,
      130, 70, 83, -1,
      130, 83, 131, -1,
      131, 83, 82, -1,
      131, 82, 118, -1,
      120, 121, 132, -1,
      132, 121, 122, -1,
      132, 122, 133, -1,
      133, 122, 123, -1,
      133, 123, 134, -1,
      134, 123, 124, -1,
      134, 124, 135, -1,
      135, 124, 125, -1,
      135, 125, 136, -1,
      136, 125, 117, -1,
      136, 117, 137, -1,
      137, 117, 116, -1,
      137, 116, 138, -1,
      138, 116, 115, -1,
      138, 115, 139, -1,
      139, 115, 114, -1,
      139, 114, 140, -1,
      140, 114, 126, -1,
      140, 126, 141, -1,
      141, 126, 127, -1,
      141, 127, 142, -1,
      142, 127, 128, -1,
      142, 128, 143, -1,
      143, 128, 129, -1,
      143, 129, 144, -1,
      144, 129, 130, -1,
      144, 130, 145, -1,
      145, 130, 131, -1,
      145, 131, 146, -1,
      146, 131, 118, -1,
      146, 118, 147, -1,
      147, 118, 119, -1,
      147, 119, 148, -1,
      148, 119, 120, -1,
      148, 120, 132, -1,
      136, 137, 149, -1,
      149, 137, 150, -1,
      136, 149, 151, -1,
      136, 151, 135, -1,
      135, 151, 152, -1,
      135, 152, 134, -1,
      134, 152, 153, -1,
      134, 153, 133, -1,
      133, 153, 154, -1,
      133, 154, 132, -1,
      132, 154, 155, -1,
      132, 155, 148, -1,
      148, 155, 156, -1,
      148, 156, 147, -1,
      147, 156, 157, -1,
      147, 157, 146, -1,
      146, 157, 158, -1,
      146, 158, 145, -1,
      145, 158, 159, -1,
      145, 159, 144, -1,
      144, 159, 160, -1,
      144, 160, 143, -1,
      143, 160, 161, -1,
      143, 161, 142, -1,
      142, 161, 162, -1,
      142, 162, 141, -1,
      141, 162, 163, -1,
      141, 163, 140, -1,
      140, 163, 164, -1,
      140, 164, 139, -1,
      138, 139, 165, -1,
      165, 139, 164, -1,
      137, 138, 150, -1,
      150, 138, 165, -1,
      166, 167, 63, -1,
      63, 167, 64, -1,
      167, 168, 64, -1,
      64, 168, 53, -1,
      168, 169, 53, -1,
      53, 169, 57, -1,
      169, 170, 57, -1,
      57, 170, 58, -1,
      170, 171, 58, -1,
      58, 171, 54, -1,
      171, 172, 54, -1,
      54, 172, 55, -1,
      172, 173, 55, -1,
      55, 173, 56, -1,
      173, 174, 56, -1,
      56, 174, 59, -1,
      174, 175, 59, -1,
      59, 175, 62, -1,
      175, 176, 62, -1,
      62, 176, 60, -1,
      176, 177, 60, -1,
      60, 177, 61, -1,
      177, 166, 61, -1,
      61, 166, 63, -1,
      171, 170, 172, -1,
      172, 170, 169, -1,
      172, 169, 173, -1,
      167, 166, 168, -1,
      168, 166, 177, -1,
      168, 177, 176, -1,
      175, 174, 176, -1,
      176, 174, 173, -1,
      176, 173, 168, -1,
      168, 173, 169, -1,
      178, 179, 15, -1,
      15, 179, 16, -1,
      16, 179, 180, -1,
      181, 10, 65, -1,
      181, 65, 182, -1,
      182, 65, 18, -1,
      182, 18, 180, -1,
      180, 18, 17, -1,
      180, 17, 16, -1,
      10, 181, 11, -1,
      11, 181, 183, -1,
      11, 183, 42, -1,
      42, 183, 184, -1,
      42, 184, 38, -1,
      38, 184, 185, -1,
      38, 185, 39, -1,
      39, 185, 186, -1,
      39, 186, 40, -1,
      40, 186, 187, -1,
      40, 187, 41, -1,
      41, 187, 188, -1,
      41, 188, 50, -1,
      50, 188, 189, -1,
      50, 189, 51, -1,
      190, 191, 48, -1,
      48, 191, 47, -1,
      48, 49, 190, -1,
      190, 49, 46, -1,
      190, 46, 192, -1,
      192, 46, 45, -1,
      192, 45, 193, -1,
      193, 45, 44, -1,
      193, 44, 194, -1,
      194, 44, 43, -1,
      194, 43, 195, -1,
      195, 43, 52, -1,
      195, 52, 196, -1,
      196, 52, 51, -1,
      196, 51, 189, -1,
      47, 191, 19, -1,
      19, 191, 197, -1,
      19, 197, 20, -1,
      20, 197, 198, -1,
      20, 198, 21, -1,
      198, 199, 21, -1,
      21, 199, 22, -1,
      200, 12, 23, -1,
      200, 23, 201, -1,
      201, 23, 22, -1,
      201, 22, 199, -1,
      202, 27, 37, -1,
      202, 37, 203, -1,
      203, 37, 36, -1,
      203, 36, 204, -1,
      204, 36, 26, -1,
      204, 26, 205, -1,
      205, 26, 25, -1,
      205, 25, 206, -1,
      206, 25, 24, -1,
      206, 24, 207, -1,
      207, 24, 13, -1,
      207, 13, 208, -1,
      208, 13, 12, -1,
      208, 12, 200, -1,
      209, 31, 30, -1,
      209, 30, 210, -1,
      210, 30, 32, -1,
      210, 32, 211, -1,
      211, 32, 33, -1,
      211, 33, 212, -1,
      212, 33, 34, -1,
      212, 34, 213, -1,
      213, 34, 29, -1,
      213, 29, 214, -1,
      214, 29, 28, -1,
      214, 28, 215, -1,
      215, 28, 27, -1,
      215, 27, 202, -1,
      178, 15, 14, -1,
      178, 14, 216, -1,
      216, 14, 35, -1,
      216, 35, 217, -1,
      217, 35, 31, -1,
      217, 31, 209, -1,
      210, 181, 209, -1,
      209, 181, 182, -1,
      209, 182, 217, -1,
      217, 182, 180, -1,
      217, 180, 216, -1,
      216, 180, 179, -1,
      216, 179, 178, -1,
      199, 198, 201, -1,
      201, 198, 197, -1,
      201, 197, 200, -1,
      200, 197, 191, -1,
      200, 191, 208, -1,
      208, 191, 190, -1,
      208, 190, 207, -1,
      207, 190, 192, -1,
      207, 192, 206, -1,
      206, 192, 193, -1,
      206, 193, 205, -1,
      205, 193, 194, -1,
      205, 194, 204, -1,
      204, 194, 195, -1,
      204, 195, 203, -1,
      203, 195, 196, -1,
      203, 196, 202, -1,
      202, 196, 189, -1,
      202, 189, 215, -1,
      215, 189, 188, -1,
      215, 188, 214, -1,
      214, 188, 187, -1,
      214, 187, 213, -1,
      213, 187, 186, -1,
      213, 186, 212, -1,
      212, 186, 185, -1,
      212, 185, 211, -1,
      211, 185, 184, -1,
      211, 184, 210, -1,
      210, 184, 183, -1,
      210, 183, 181, -1,
      218, 219, 6, -1,
      6, 219, 7, -1,
      7, 219, 8, -1,
      8, 219, 220, -1,
      8, 220, 9, -1,
      220, 221, 9, -1,
      9, 221, 5, -1,
      221, 222, 5, -1,
      5, 222, 2, -1,
      222, 223, 2, -1,
      2, 223, 3, -1,
      3, 223, 4, -1,
      4, 223, 218, -1,
      4, 218, 6, -1,
      222, 221, 223, -1,
      223, 221, 220, -1,
      223, 220, 218, -1,
      218, 220, 219, -1,
    ]
  }
}

Shape {
  appearance Appearance {
    material Material {
      diffuseColor 0.2235 0.2235 0.2235
      specularColor 0.1137 0.1137 0.1137
      ambientIntensity 0.2
      transparency 0.0000
      shininess 0.5
    }
  }
  geometry IndexedFaceSet {
    ccw TRUE
    solid FALSE
    coord DEF co Coordinate {
      point [
        0.175363 -0.389891 0.000000,
        0.214860 -0.389891 0.000000,
        0.192985 -0.439223 0.000000,
        0.194121 -0.443319 0.000000,
        0.194875 -0.447505 0.000000,
        0.195258 -0.447505 0.000000,
        0.196028 -0.443332 0.000000,
        0.197081 -0.439223 0.000000,
        0.072376 -0.448945 0.000000,
        0.054957 -0.448945 0.000000,
        0.086356 -0.447459 0.000000,
        0.096105 -0.444048 0.000000,
        0.104732 -0.438474 0.000000,
        0.110469 -0.432383 0.000000,
        0.114572 -0.425098 0.000000,
        0.117330 -0.415756 0.000000,
        0.118333 -0.404002 0.000000,
        0.117249 -0.391596 0.000000,
        0.113785 -0.380494 0.000000,
        0.108803 -0.372350 0.000000,
        0.102178 -0.365807 0.000000,
        0.094124 -0.361024 0.000000,
        0.084184 -0.357922 0.000000,
        0.071724 -0.356762 0.000000,
        0.054957 -0.356762 0.000000,
      ]
    }
    coordIndex [
      0, 1, 2, -1,
      2, 1, 7, -1,
      2, 7, 3, -1,
      3, 7, 6, -1,
      3, 6, 4, -1,
      4, 6, 5, -1,
      9, 24, 8, -1,
      8, 24, 23, -1,
      8, 23, 22, -1,
      16, 15, 8, -1,
      8, 15, 14, -1,
      8, 14, 10, -1,
      22, 21, 8, -1,
      8, 21, 20, -1,
      8, 20, 19, -1,
      19, 18, 8, -1,
      8, 18, 17, -1,
      8, 17, 16, -1,
      13, 12, 14, -1,
      14, 12, 11, -1,
      14, 11, 10, -1,
    ]
  }
}
