#VRML V2.0 utf8

Shape {
  appearance Appearance {
    material Material {
      diffuseColor 0.2510 0.2510 0.2510
      specularColor 0.1255 0.1255 0.1255
      ambientIntensity 0.2
      transparency 0.0000
      shininess 0.5
    }
  }
  geometry IndexedFaceSet {
    ccw TRUE
    solid FALSE
    coord DEF co Coordinate {
      point [
        0.064665 0.033065 0.000000,
        0.072419 0.032194 0.000000,
        0.047637 -0.026052 0.000000,
        0.085226 -0.035321 0.000000,
        0.111522 -0.037994 0.000000,
        0.077595 -0.037948 0.000000,
        0.072522 -0.038474 0.000000,
        0.055095 0.031821 0.000000,
        0.046226 -0.025270 0.000000,
        0.046226 0.028023 0.000000,
        0.038544 0.787402 0.000000,
        0.046226 0.038586 0.000000,
        0.078312 0.030067 0.000000,
        0.083762 0.026421 0.000000,
        0.088517 0.021172 0.000000,
        0.094238 0.000536 0.000000,
        0.093441 -0.007988 0.000000,
        0.091301 -0.014761 0.000000,
        0.073780 -0.029488 0.000000,
        0.066436 -0.030312 0.000000,
        0.079517 -0.027376 0.000000,
        0.084350 -0.024119 0.000000,
        0.088045 -0.020220 0.000000,
        0.055984 -0.029152 0.000000,
        0.100645 0.020007 0.000000,
        0.096030 0.027369 0.000000,
        0.141290 0.040746 0.000000,
        0.151853 0.040746 0.000000,
        0.787402 0.787402 0.000000,
        0.151853 -0.037994 0.000000,
        0.787402 -0.038474 0.000000,
        0.091763 0.015092 0.000000,
        0.093862 0.006663 0.000000,
        0.091560 -0.031276 0.000000,
        0.097475 -0.025050 0.000000,
        0.111522 -0.029352 0.000000,
        0.101669 -0.017563 0.000000,
        0.141290 -0.029352 0.000000,
        0.088921 0.034206 0.000000,
        0.081442 0.038511 0.000000,
        0.072664 0.041061 0.000000,
        0.104039 -0.009228 0.000000,
        0.104800 -0.000109 0.000000,
        0.103668 0.011085 0.000000,
        0.064755 0.041707 0.000000,
        0.055329 0.041056 0.000000,
        0.046226 -0.033913 0.000000,
        0.054619 -0.037359 0.000000,
        0.038544 -0.038474 0.000000,
        0.062575 -0.038474 0.000000,
        0.038544 -0.787402 0.000000,
        0.065738 -0.038917 0.000000,
        0.787402 -0.787402 0.000000,
        0.067891 -0.038954 0.000000,
        -0.095891 -0.037994 0.000000,
        -0.086198 -0.016413 0.000000,
        -0.081682 -0.023456 0.000000,
        -0.011389 -0.037994 0.000000,
        0.030862 -0.037994 0.000000,
        0.030862 0.040746 0.000000,
        -0.009469 0.040746 0.000000,
        -0.787402 0.787402 0.000000,
        -0.125658 0.040746 0.000000,
        -0.136221 0.040746 0.000000,
        -0.075201 -0.029661 0.000000,
        -0.066980 -0.034439 0.000000,
        -0.057906 -0.037143 0.000000,
        -0.787402 -0.038474 0.000000,
        0.020299 0.032104 0.000000,
        0.020299 0.006178 0.000000,
        -0.009469 0.032104 0.000000,
        -0.007548 0.006178 0.000000,
        -0.026753 0.040746 0.000000,
        -0.007548 -0.002465 0.000000,
        0.020299 -0.002465 0.000000,
        0.020299 -0.029352 0.000000,
        -0.011389 -0.029352 0.000000,
        -0.026753 -0.037994 0.000000,
        -0.048164 -0.037994 0.000000,
        -0.166949 -0.037994 0.000000,
        -0.155426 -0.037994 0.000000,
        -0.048974 0.040746 0.000000,
        -0.060350 0.039531 0.000000,
        -0.069562 0.036296 0.000000,
        -0.078133 0.030552 0.000000,
        -0.147459 -0.015908 0.000000,
        -0.114931 -0.015908 0.000000,
        -0.107414 -0.037994 0.000000,
        -0.078215 0.030480 0.000000,
        -0.083783 0.024306 0.000000,
        -0.087442 0.017534 0.000000,
        -0.089557 0.009776 0.000000,
        -0.090130 0.002367 0.000000,
        -0.089024 -0.008171 0.000000,
        -0.787402 -0.787402 0.000000,
        0.019480 -0.434017 0.393701,
        0.178881 -0.434017 0.393701,
        0.178881 -0.060467 0.393701,
        0.602212 -0.787402 0.393701,
        0.787402 -0.787402 0.393701,
        0.787402 -0.434017 0.393701,
        0.302752 -0.787402 0.393701,
        0.602212 -0.434017 0.393701,
        -0.504188 -0.787402 0.393701,
        -0.260912 -0.787402 0.393701,
        -0.260912 -0.434017 0.393701,
        -0.787402 -0.787402 0.393701,
        -0.504188 -0.434017 0.393701,
        0.353968 0.098378 0.393701,
        0.358776 0.098933 0.393701,
        0.302752 0.098933 0.393701,
        -0.084226 -0.060467 0.393701,
        -0.119798 -0.060467 0.393701,
        -0.091909 -0.080632 0.393701,
        -0.168147 -0.060583 0.393701,
        -0.167606 -0.060467 0.393701,
        -0.152177 -0.060467 0.393701,
        -0.155585 -0.057887 0.393701,
        -0.114319 -0.022195 0.393701,
        -0.125937 -0.039162 0.393701,
        -0.144517 0.092512 0.393701,
        -0.084226 0.098933 0.393701,
        -0.159405 0.097811 0.393701,
        -0.169656 0.098933 0.393701,
        -0.130954 -0.044065 0.393701,
        -0.136440 -0.048434 0.393701,
        -0.130824 0.083304 0.393701,
        -0.119140 0.070151 0.393701,
        -0.110930 0.054426 0.393701,
        -0.106466 0.036869 0.393701,
        -0.105352 0.021094 0.393701,
        -0.108108 -0.004663 0.393701,
        -0.247159 0.058398 0.393701,
        -0.238192 0.073145 0.393701,
        -0.260912 0.098933 0.393701,
        -0.226143 0.085145 0.393701,
        -0.211627 0.093688 0.393701,
        -0.195691 0.098389 0.393701,
        -0.180971 -0.061428 0.393701,
        -0.190036 -0.060467 0.393701,
        -0.260912 -0.060467 0.393701,
        -0.200256 -0.059385 0.393701,
        -0.215054 -0.054296 0.393701,
        -0.227936 -0.046090 0.393701,
        -0.239249 -0.034380 0.393701,
        -0.247973 -0.019678 0.393701,
        -0.253296 -0.002660 0.393701,
        -0.255150 0.017373 0.393701,
        -0.252997 0.040128 0.393701,
        0.387839 0.095444 0.393701,
        0.602212 0.098933 0.393701,
        0.378552 0.098689 0.393701,
        0.376222 0.098933 0.393701,
        0.409641 -0.027555 0.393701,
        0.401679 -0.042323 0.393701,
        0.602212 -0.060467 0.393701,
        0.393967 -0.050780 0.393701,
        0.385215 -0.056654 0.393701,
        0.396017 0.090022 0.393701,
        0.402365 0.083126 0.393701,
        0.408959 0.071281 0.393701,
        0.414611 0.051217 0.393701,
        0.417022 0.019893 0.393701,
        0.415171 -0.006296 0.393701,
        0.302752 0.352620 0.393701,
        0.602212 0.352620 0.393701,
        0.367089 0.099894 0.393701,
        0.320737 0.065916 0.393701,
        0.328571 0.080820 0.393701,
        0.372394 -0.060467 0.393701,
        0.363548 -0.061428 0.393701,
        0.302752 -0.434017 0.393701,
        0.354667 -0.060467 0.393701,
        0.302752 -0.060467 0.393701,
        0.352347 -0.060217 0.393701,
        0.343238 -0.056958 0.393701,
        0.335835 0.088896 0.393701,
        0.344219 0.094691 0.393701,
        0.335346 -0.051722 0.393701,
        0.327581 -0.043229 0.393701,
        0.320690 -0.030501 0.393701,
        0.315143 -0.009516 0.393701,
        0.313315 0.016172 0.393701,
        0.315114 0.043294 0.393701,
        0.210758 0.091748 0.393701,
        0.221414 0.096954 0.393701,
        0.178881 0.098933 0.393701,
        0.194245 -0.059507 0.393701,
        0.194245 -0.051705 0.393701,
        0.195599 -0.036850 0.393701,
        0.200006 0.063465 0.393701,
        0.200006 0.082730 0.393701,
        0.199503 -0.025222 0.393701,
        0.205886 -0.015283 0.393701,
        0.218785 -0.002437 0.393701,
        0.264737 0.095250 0.393701,
        0.274276 0.089331 0.393701,
        0.280637 0.082789 0.393701,
        0.235295 0.010049 0.393701,
        0.237006 0.011251 0.393701,
        0.205344 0.068588 0.393701,
        0.286800 0.043229 0.393701,
        0.282393 0.031195 0.393701,
        0.292190 -0.042222 0.393701,
        0.276063 0.021696 0.393701,
        0.261034 0.007429 0.393701,
        0.284917 0.075481 0.393701,
        0.287505 0.067094 0.393701,
        0.288349 0.057703 0.393701,
        0.292190 -0.059507 0.393701,
        0.253150 0.001649 0.393701,
        0.228570 -0.016344 0.393701,
        0.220981 -0.023838 0.393701,
        0.265060 0.038460 0.393701,
        0.268153 0.047062 0.393701,
        0.216241 0.076263 0.393701,
        0.217510 -0.029182 0.393701,
        0.215607 -0.034810 0.393701,
        0.214890 -0.042222 0.393701,
        0.259073 0.029808 0.393701,
        0.269144 0.056173 0.393701,
        0.268438 0.062997 0.393701,
        0.266639 0.068221 0.393701,
        0.255338 0.079268 0.393701,
        0.247932 0.081746 0.393701,
        0.238836 0.082609 0.393701,
        0.227025 0.080865 0.393701,
        0.263853 0.072630 0.393701,
        0.260206 0.076197 0.393701,
        0.230782 0.098933 0.393701,
        0.233841 0.099580 0.393701,
        0.178881 0.352620 0.393701,
        0.240757 0.099894 0.393701,
        0.250954 0.098933 0.393701,
        0.254132 0.098634 0.393701,
        -0.084226 -0.434017 0.393701,
        0.178881 -0.787402 0.393701,
        0.019480 -0.787402 0.393701,
        -0.084226 -0.787402 0.393701,
        0.375354 -0.060146 0.393701,
        0.019480 -0.060467 0.393701,
        -0.125547 -0.080632 0.393701,
        -0.322367 -0.059507 0.393701,
        -0.345413 -0.059507 0.393701,
        -0.331987 -0.031156 0.393701,
        -0.329839 -0.024128 0.393701,
        -0.379982 0.097973 0.393701,
        -0.287799 0.097973 0.393701,
        -0.266673 0.097973 0.393701,
        -0.504188 0.098933 0.393701,
        -0.333800 -0.038381 0.393701,
        -0.333320 -0.038381 0.393701,
        -0.335004 -0.031271 0.393701,
        -0.336981 -0.024338 0.393701,
        -0.504188 -0.060467 0.393701,
        -0.403028 0.097973 0.393701,
        0.004116 0.097973 0.393701,
        0.019480 0.098933 0.393701,
        0.004116 0.080689 0.393701,
        -0.055419 0.080689 0.393701,
        -0.055419 0.026915 0.393701,
        0.000275 0.026915 0.393701,
        0.000275 0.009631 0.393701,
        -0.055419 0.009631 0.393701,
        -0.055419 -0.059507 0.393701,
        -0.076544 -0.059507 0.393701,
        -0.076544 0.097973 0.393701,
        0.055969 -0.059507 0.393701,
        0.034844 -0.059507 0.393701,
        0.034844 0.097973 0.393701,
        0.055969 0.073007 0.393701,
        0.055339 0.073007 0.393701,
        0.058357 0.067754 0.393701,
        0.055878 0.062002 0.393701,
        0.061221 0.062744 0.393701,
        0.138461 -0.059507 0.393701,
        0.055969 0.050981 0.393701,
        0.061731 0.097973 0.393701,
        0.142391 0.097973 0.393701,
        0.163517 0.097973 0.393701,
        0.163517 -0.059507 0.393701,
        0.142992 -0.032620 0.393701,
        0.143412 -0.032620 0.393701,
        0.139959 -0.027127 0.393701,
        0.142566 -0.021205 0.393701,
        0.136660 -0.021787 0.393701,
        0.142391 -0.009754 0.393701,
        -0.189437 0.098933 0.393701,
        -0.260912 0.352620 0.393701,
        -0.504188 0.352620 0.393701,
        0.019480 0.352620 0.393701,
        -0.084226 0.352620 0.393701,
        -0.178420 0.099894 0.393701,
        0.787402 -0.060467 0.393701,
        0.787402 0.098933 0.393701,
        0.787402 0.352620 0.393701,
        -0.605347 0.649606 0.393701,
        -0.606855 0.638151 0.393701,
        -0.611277 0.627477 0.393701,
        -0.618310 0.618310 0.393701,
        -0.627477 0.611277 0.393701,
        -0.638151 0.606855 0.393701,
        -0.787402 -0.434017 0.393701,
        -0.787402 -0.060467 0.393701,
        -0.787402 0.098933 0.393701,
        -0.787402 0.352620 0.393701,
        -0.649606 0.605347 0.393701,
        -0.661061 0.606855 0.393701,
        -0.671736 0.611277 0.393701,
        -0.680902 0.618310 0.393701,
        -0.692357 0.661061 0.393701,
        -0.687936 0.671736 0.393701,
        -0.787402 0.787402 0.393701,
        -0.680902 0.680902 0.393701,
        -0.671736 0.687936 0.393701,
        -0.687936 0.627477 0.393701,
        -0.692357 0.638151 0.393701,
        -0.693865 0.649606 0.393701,
        -0.627477 0.687936 0.393701,
        -0.618310 0.680902 0.393701,
        -0.504188 0.787402 0.393701,
        -0.611277 0.671736 0.393701,
        -0.606855 0.661061 0.393701,
        -0.661061 0.692357 0.393701,
        -0.649606 0.693865 0.393701,
        -0.638151 0.692357 0.393701,
        0.787402 0.787402 0.393701,
        0.602212 0.787402 0.393701,
        0.302752 0.787402 0.393701,
        0.178881 0.787402 0.393701,
        0.019480 0.787402 0.393701,
        -0.084226 0.787402 0.393701,
        -0.260912 0.787402 0.393701,
        0.236220 -0.787402 0.047244,
        0.157480 -0.787402 0.047244,
        0.157480 -0.787402 0.070866,
        -0.236220 -0.787402 0.070866,
        -0.236220 -0.787402 0.047244,
        -0.157480 -0.787402 0.047244,
        -0.157480 -0.787402 0.070866,
        0.236220 -0.787402 0.070866,
      ]
    }
    coordIndex [
      0, 1, 2, -1,
      3, 4, 5, -1,
      5, 4, 6, -1,
      0, 2, 7, -1,
      7, 2, 8, -1,
      7, 8, 9, -1,
      9, 8, 10, -1,
      9, 10, 11, -1,
      1, 12, 2, -1,
      2, 12, 13, -1,
      2, 13, 14, -1,
      15, 16, 2, -1,
      2, 16, 17, -1,
      18, 19, 20, -1,
      20, 19, 21, -1,
      17, 22, 2, -1,
      2, 22, 21, -1,
      2, 21, 23, -1,
      23, 21, 19, -1,
      24, 25, 26, -1,
      26, 25, 10, -1,
      26, 10, 27, -1,
      27, 10, 28, -1,
      27, 28, 29, -1,
      29, 28, 30, -1,
      14, 31, 2, -1,
      2, 31, 32, -1,
      2, 32, 15, -1,
      3, 33, 4, -1,
      4, 33, 34, -1,
      4, 34, 35, -1,
      35, 34, 36, -1,
      35, 36, 37, -1,
      25, 38, 10, -1,
      10, 38, 39, -1,
      10, 39, 40, -1,
      36, 41, 37, -1,
      37, 41, 42, -1,
      37, 42, 26, -1,
      26, 42, 43, -1,
      26, 43, 24, -1,
      40, 44, 10, -1,
      10, 44, 45, -1,
      10, 45, 11, -1,
      46, 47, 48, -1,
      48, 47, 49, -1,
      48, 49, 50, -1,
      50, 49, 51, -1,
      50, 51, 52, -1,
      52, 51, 53, -1,
      52, 53, 30, -1,
      30, 53, 6, -1,
      30, 6, 29, -1,
      29, 6, 4, -1,
      54, 55, 56, -1,
      57, 58, 48, -1,
      48, 58, 59, -1,
      60, 61, 59, -1,
      59, 61, 10, -1,
      59, 10, 48, -1,
      48, 10, 8, -1,
      48, 8, 46, -1,
      62, 63, 61, -1,
      56, 64, 54, -1,
      54, 64, 65, -1,
      54, 65, 66, -1,
      61, 63, 67, -1,
      68, 69, 70, -1,
      70, 69, 71, -1,
      70, 71, 72, -1,
      72, 71, 73, -1,
      74, 75, 73, -1,
      73, 75, 76, -1,
      73, 76, 72, -1,
      72, 76, 57, -1,
      72, 57, 77, -1,
      77, 57, 48, -1,
      77, 48, 78, -1,
      79, 80, 48, -1,
      81, 61, 72, -1,
      72, 61, 60, -1,
      72, 60, 70, -1,
      81, 82, 61, -1,
      61, 82, 83, -1,
      61, 83, 84, -1,
      85, 86, 80, -1,
      80, 86, 87, -1,
      80, 87, 48, -1,
      48, 87, 54, -1,
      48, 54, 78, -1,
      78, 54, 66, -1,
      84, 88, 61, -1,
      61, 88, 89, -1,
      61, 89, 62, -1,
      62, 89, 90, -1,
      90, 91, 62, -1,
      62, 91, 92, -1,
      62, 92, 54, -1,
      54, 92, 93, -1,
      54, 93, 55, -1,
      63, 79, 67, -1,
      67, 79, 48, -1,
      67, 48, 94, -1,
      94, 48, 50, -1,
      95, 96, 97, -1,
      98, 99, 100, -1,
      101, 98, 102, -1,
      103, 104, 105, -1,
      106, 103, 107, -1,
      108, 109, 110, -1,
      111, 112, 113, -1,
      114, 105, 115, -1,
      115, 105, 116, -1,
      115, 116, 117, -1,
      111, 118, 119, -1,
      120, 121, 122, -1,
      122, 121, 123, -1,
      111, 119, 112, -1,
      112, 119, 124, -1,
      112, 124, 125, -1,
      120, 126, 121, -1,
      121, 126, 127, -1,
      121, 127, 128, -1,
      128, 129, 121, -1,
      121, 129, 130, -1,
      121, 130, 111, -1,
      111, 130, 131, -1,
      111, 131, 118, -1,
      132, 133, 134, -1,
      133, 135, 134, -1,
      134, 135, 136, -1,
      134, 136, 137, -1,
      114, 138, 105, -1,
      105, 138, 139, -1,
      105, 139, 140, -1,
      140, 139, 141, -1,
      140, 141, 142, -1,
      142, 143, 140, -1,
      140, 143, 144, -1,
      140, 144, 145, -1,
      145, 146, 140, -1,
      140, 146, 147, -1,
      140, 147, 134, -1,
      134, 147, 148, -1,
      134, 148, 132, -1,
      149, 150, 151, -1,
      151, 150, 152, -1,
      153, 154, 155, -1,
      155, 154, 156, -1,
      155, 156, 157, -1,
      149, 158, 150, -1,
      150, 158, 159, -1,
      150, 159, 160, -1,
      160, 161, 150, -1,
      150, 161, 162, -1,
      150, 162, 155, -1,
      155, 162, 163, -1,
      155, 163, 153, -1,
      110, 109, 164, -1,
      150, 165, 152, -1,
      152, 165, 164, -1,
      152, 164, 166, -1,
      166, 164, 109, -1,
      167, 168, 110, -1,
      169, 170, 171, -1,
      171, 170, 172, -1,
      171, 172, 173, -1,
      173, 172, 174, -1,
      173, 174, 175, -1,
      168, 176, 110, -1,
      110, 176, 177, -1,
      110, 177, 108, -1,
      175, 178, 173, -1,
      173, 178, 179, -1,
      173, 179, 180, -1,
      180, 181, 173, -1,
      173, 181, 182, -1,
      173, 182, 110, -1,
      110, 182, 183, -1,
      110, 183, 167, -1,
      184, 185, 186, -1,
      97, 187, 188, -1,
      188, 189, 97, -1,
      97, 189, 190, -1,
      97, 190, 186, -1,
      186, 190, 191, -1,
      186, 191, 184, -1,
      189, 192, 190, -1,
      190, 192, 193, -1,
      190, 193, 194, -1,
      195, 196, 110, -1,
      110, 196, 197, -1,
      194, 198, 190, -1,
      190, 198, 199, -1,
      190, 199, 200, -1,
      201, 202, 203, -1,
      203, 202, 204, -1,
      203, 204, 205, -1,
      197, 206, 110, -1,
      110, 206, 207, -1,
      110, 207, 208, -1,
      208, 201, 110, -1,
      110, 201, 203, -1,
      110, 203, 173, -1,
      173, 203, 209, -1,
      173, 209, 187, -1,
      205, 210, 203, -1,
      203, 210, 211, -1,
      203, 211, 212, -1,
      213, 214, 215, -1,
      212, 216, 203, -1,
      203, 216, 217, -1,
      203, 217, 218, -1,
      200, 199, 215, -1,
      215, 199, 219, -1,
      215, 219, 213, -1,
      214, 220, 215, -1,
      215, 220, 221, -1,
      215, 221, 222, -1,
      223, 224, 215, -1,
      215, 224, 225, -1,
      215, 225, 226, -1,
      222, 227, 215, -1,
      215, 227, 228, -1,
      215, 228, 223, -1,
      229, 230, 231, -1,
      231, 230, 164, -1,
      230, 232, 164, -1,
      164, 232, 233, -1,
      164, 233, 110, -1,
      110, 233, 234, -1,
      110, 234, 195, -1,
      105, 104, 235, -1,
      236, 96, 237, -1,
      237, 96, 95, -1,
      237, 95, 238, -1,
      157, 239, 155, -1,
      155, 239, 169, -1,
      155, 169, 102, -1,
      102, 169, 171, -1,
      102, 171, 101, -1,
      240, 111, 235, -1,
      235, 111, 113, -1,
      235, 113, 105, -1,
      105, 113, 241, -1,
      105, 241, 116, -1,
      187, 97, 173, -1,
      173, 97, 96, -1,
      173, 96, 171, -1,
      171, 96, 236, -1,
      171, 236, 101, -1,
      140, 242, 243, -1,
      244, 245, 246, -1,
      246, 245, 247, -1,
      242, 140, 248, -1,
      248, 140, 134, -1,
      248, 134, 247, -1,
      247, 134, 249, -1,
      247, 249, 246, -1,
      250, 251, 252, -1,
      252, 251, 244, -1,
      252, 244, 253, -1,
      253, 244, 246, -1,
      103, 105, 107, -1,
      107, 105, 140, -1,
      107, 140, 254, -1,
      254, 140, 243, -1,
      254, 243, 249, -1,
      249, 243, 255, -1,
      249, 255, 246, -1,
      121, 256, 257, -1,
      257, 256, 258, -1,
      258, 259, 260, -1,
      240, 261, 262, -1,
      262, 263, 240, -1,
      240, 263, 264, -1,
      240, 264, 111, -1,
      111, 264, 265, -1,
      111, 265, 121, -1,
      121, 265, 266, -1,
      121, 266, 256, -1,
      267, 268, 240, -1,
      260, 261, 258, -1,
      258, 261, 240, -1,
      258, 240, 257, -1,
      257, 240, 268, -1,
      257, 268, 269, -1,
      270, 271, 272, -1,
      272, 271, 273, -1,
      272, 273, 274, -1,
      274, 273, 275, -1,
      104, 238, 235, -1,
      235, 238, 95, -1,
      235, 95, 240, -1,
      240, 95, 97, -1,
      240, 97, 267, -1,
      267, 97, 275, -1,
      267, 275, 276, -1,
      276, 275, 273, -1,
      269, 277, 257, -1,
      257, 277, 278, -1,
      257, 278, 186, -1,
      186, 278, 279, -1,
      186, 279, 97, -1,
      97, 279, 280, -1,
      97, 280, 275, -1,
      281, 282, 283, -1,
      283, 282, 284, -1,
      283, 284, 285, -1,
      285, 284, 277, -1,
      277, 284, 286, -1,
      277, 286, 278, -1,
      137, 287, 134, -1,
      134, 287, 288, -1,
      134, 288, 249, -1,
      249, 288, 289, -1,
      185, 229, 186, -1,
      186, 229, 231, -1,
      186, 231, 257, -1,
      257, 231, 290, -1,
      257, 290, 121, -1,
      121, 290, 291, -1,
      121, 291, 123, -1,
      123, 291, 288, -1,
      123, 288, 292, -1,
      292, 288, 287, -1,
      98, 100, 102, -1,
      102, 100, 293, -1,
      102, 293, 155, -1,
      155, 293, 294, -1,
      155, 294, 150, -1,
      150, 294, 295, -1,
      150, 295, 165, -1,
      296, 297, 289, -1,
      289, 297, 298, -1,
      298, 299, 289, -1,
      289, 299, 300, -1,
      289, 300, 301, -1,
      106, 107, 302, -1,
      302, 107, 254, -1,
      302, 254, 303, -1,
      303, 254, 249, -1,
      303, 249, 304, -1,
      304, 249, 289, -1,
      304, 289, 305, -1,
      305, 289, 301, -1,
      305, 301, 306, -1,
      306, 307, 305, -1,
      305, 307, 308, -1,
      305, 308, 309, -1,
      310, 311, 312, -1,
      312, 311, 313, -1,
      312, 313, 314, -1,
      309, 315, 305, -1,
      305, 315, 316, -1,
      305, 316, 312, -1,
      312, 316, 317, -1,
      312, 317, 310, -1,
      318, 319, 320, -1,
      320, 319, 321, -1,
      320, 321, 322, -1,
      314, 323, 312, -1,
      312, 323, 324, -1,
      312, 324, 320, -1,
      320, 324, 325, -1,
      320, 325, 318, -1,
      295, 326, 165, -1,
      165, 326, 327, -1,
      165, 327, 164, -1,
      164, 327, 328, -1,
      164, 328, 231, -1,
      231, 328, 329, -1,
      231, 329, 290, -1,
      290, 329, 330, -1,
      290, 330, 291, -1,
      291, 330, 331, -1,
      291, 331, 288, -1,
      288, 331, 332, -1,
      288, 332, 289, -1,
      289, 332, 320, -1,
      289, 320, 296, -1,
      296, 320, 322, -1,
      28, 326, 30, -1,
      30, 326, 295, -1,
      295, 294, 30, -1,
      30, 294, 293, -1,
      30, 293, 52, -1,
      52, 293, 100, -1,
      52, 100, 99, -1,
      331, 330, 10, -1,
      61, 312, 320, -1,
      61, 320, 10, -1,
      10, 320, 332, -1,
      10, 332, 331, -1,
      330, 329, 10, -1,
      10, 329, 328, -1,
      10, 328, 28, -1,
      28, 328, 327, -1,
      28, 327, 326, -1,
      303, 67, 302, -1,
      302, 67, 94, -1,
      302, 94, 106, -1,
      312, 61, 305, -1,
      305, 61, 67, -1,
      305, 67, 304, -1,
      304, 67, 303, -1,
      333, 334, 50, -1,
      50, 334, 335, -1,
      103, 106, 336, -1,
      336, 106, 94, -1,
      336, 94, 337, -1,
      337, 94, 50, -1,
      337, 50, 338, -1,
      338, 50, 335, -1,
      338, 335, 339, -1,
      52, 99, 98, -1,
      103, 336, 104, -1,
      104, 336, 339, -1,
      104, 339, 238, -1,
      50, 52, 333, -1,
      333, 52, 98, -1,
      333, 98, 340, -1,
      340, 98, 101, -1,
      340, 101, 335, -1,
      335, 101, 236, -1,
      335, 236, 339, -1,
      339, 236, 237, -1,
      339, 237, 238, -1,
    ]
  }
}

Shape {
  appearance Appearance {
    material Material {
      diffuseColor 0.6667 0.6667 0.6667
      specularColor 0.3333 0.3333 0.3333
      ambientIntensity 0.2
      transparency 0.0000
      shininess 0.5
    }
  }
  geometry IndexedFaceSet {
    ccw TRUE
    solid FALSE
    coord DEF co Coordinate {
      point [
        0.353968 0.098378 0.393701,
        0.358776 0.098933 0.393701,
        -0.119798 -0.060467 0.393701,
        -0.091909 -0.080632 0.393701,
        -0.168147 -0.060583 0.393701,
        -0.167606 -0.060467 0.393701,
        -0.152177 -0.060467 0.393701,
        -0.155585 -0.057887 0.393701,
        -0.114319 -0.022195 0.393701,
        -0.125937 -0.039162 0.393701,
        -0.144517 0.092512 0.393701,
        -0.159405 0.097811 0.393701,
        -0.169656 0.098933 0.393701,
        -0.130954 -0.044065 0.393701,
        -0.136440 -0.048434 0.393701,
        -0.130824 0.083304 0.393701,
        -0.119140 0.070151 0.393701,
        -0.110930 0.054426 0.393701,
        -0.106466 0.036869 0.393701,
        -0.105352 0.021094 0.393701,
        -0.108108 -0.004663 0.393701,
        -0.247159 0.058398 0.393701,
        -0.238192 0.073145 0.393701,
        -0.226143 0.085145 0.393701,
        -0.211627 0.093688 0.393701,
        -0.195691 0.098389 0.393701,
        -0.180971 -0.061428 0.393701,
        -0.190036 -0.060467 0.393701,
        -0.200256 -0.059385 0.393701,
        -0.215054 -0.054296 0.393701,
        -0.227936 -0.046090 0.393701,
        -0.239249 -0.034380 0.393701,
        -0.247973 -0.019678 0.393701,
        -0.253296 -0.002660 0.393701,
        -0.255150 0.017373 0.393701,
        -0.252997 0.040128 0.393701,
        0.387839 0.095444 0.393701,
        0.378552 0.098689 0.393701,
        0.376222 0.098933 0.393701,
        0.409641 -0.027555 0.393701,
        0.401679 -0.042323 0.393701,
        0.393967 -0.050780 0.393701,
        0.385215 -0.056654 0.393701,
        0.396017 0.090022 0.393701,
        0.402365 0.083126 0.393701,
        0.408959 0.071281 0.393701,
        0.414611 0.051217 0.393701,
        0.417022 0.019893 0.393701,
        0.415171 -0.006296 0.393701,
        0.367089 0.099894 0.393701,
        0.320737 0.065916 0.393701,
        0.328571 0.080820 0.393701,
        0.372394 -0.060467 0.393701,
        0.363548 -0.061428 0.393701,
        0.354667 -0.060467 0.393701,
        0.352347 -0.060217 0.393701,
        0.343238 -0.056958 0.393701,
        0.335835 0.088896 0.393701,
        0.344219 0.094691 0.393701,
        0.335346 -0.051722 0.393701,
        0.327581 -0.043229 0.393701,
        0.320690 -0.030501 0.393701,
        0.315143 -0.009516 0.393701,
        0.313315 0.016172 0.393701,
        0.315114 0.043294 0.393701,
        0.210758 0.091748 0.393701,
        0.221414 0.096954 0.393701,
        0.194245 -0.059507 0.393701,
        0.194245 -0.051705 0.393701,
        0.195599 -0.036850 0.393701,
        0.200006 0.063465 0.393701,
        0.200006 0.082730 0.393701,
        0.199503 -0.025222 0.393701,
        0.205886 -0.015283 0.393701,
        0.218785 -0.002437 0.393701,
        0.264737 0.095250 0.393701,
        0.274276 0.089331 0.393701,
        0.280637 0.082789 0.393701,
        0.235295 0.010049 0.393701,
        0.237006 0.011251 0.393701,
        0.205344 0.068588 0.393701,
        0.286800 0.043229 0.393701,
        0.282393 0.031195 0.393701,
        0.292190 -0.042222 0.393701,
        0.276063 0.021696 0.393701,
        0.261034 0.007429 0.393701,
        0.284917 0.075481 0.393701,
        0.287505 0.067094 0.393701,
        0.288349 0.057703 0.393701,
        0.292190 -0.059507 0.393701,
        0.253150 0.001649 0.393701,
        0.228570 -0.016344 0.393701,
        0.220981 -0.023838 0.393701,
        0.265060 0.038460 0.393701,
        0.268153 0.047062 0.393701,
        0.216241 0.076263 0.393701,
        0.217510 -0.029182 0.393701,
        0.215607 -0.034810 0.393701,
        0.214890 -0.042222 0.393701,
        0.259073 0.029808 0.393701,
        0.269144 0.056173 0.393701,
        0.268438 0.062997 0.393701,
        0.266639 0.068221 0.393701,
        0.255338 0.079268 0.393701,
        0.247932 0.081746 0.393701,
        0.238836 0.082609 0.393701,
        0.227025 0.080865 0.393701,
        0.263853 0.072630 0.393701,
        0.260206 0.076197 0.393701,
        0.230782 0.098933 0.393701,
        0.233841 0.099580 0.393701,
        0.240757 0.099894 0.393701,
        0.250954 0.098933 0.393701,
        0.254132 0.098634 0.393701,
        0.375354 -0.060146 0.393701,
        -0.125547 -0.080632 0.393701,
        -0.322367 -0.059507 0.393701,
        -0.345413 -0.059507 0.393701,
        -0.331987 -0.031156 0.393701,
        -0.329839 -0.024128 0.393701,
        -0.379982 0.097973 0.393701,
        -0.287799 0.097973 0.393701,
        -0.266673 0.097973 0.393701,
        -0.333800 -0.038381 0.393701,
        -0.333320 -0.038381 0.393701,
        -0.335004 -0.031271 0.393701,
        -0.336981 -0.024338 0.393701,
        -0.403028 0.097973 0.393701,
        0.004116 0.097973 0.393701,
        0.004116 0.080689 0.393701,
        -0.055419 0.080689 0.393701,
        -0.055419 0.026915 0.393701,
        0.000275 0.026915 0.393701,
        0.000275 0.009631 0.393701,
        -0.055419 0.009631 0.393701,
        -0.055419 -0.059507 0.393701,
        -0.076544 -0.059507 0.393701,
        -0.076544 0.097973 0.393701,
        0.055969 -0.059507 0.393701,
        0.034844 -0.059507 0.393701,
        0.034844 0.097973 0.393701,
        0.055969 0.073007 0.393701,
        0.055339 0.073007 0.393701,
        0.058357 0.067754 0.393701,
        0.055878 0.062002 0.393701,
        0.061221 0.062744 0.393701,
        0.138461 -0.059507 0.393701,
        0.055969 0.050981 0.393701,
        0.061731 0.097973 0.393701,
        0.142391 0.097973 0.393701,
        0.163517 0.097973 0.393701,
        0.163517 -0.059507 0.393701,
        0.142992 -0.032620 0.393701,
        0.143412 -0.032620 0.393701,
        0.139959 -0.027127 0.393701,
        0.142566 -0.021205 0.393701,
        0.136660 -0.021787 0.393701,
        0.142391 -0.009754 0.393701,
        -0.189437 0.098933 0.393701,
        -0.178420 0.099894 0.393701,
        -0.605347 0.649606 0.393701,
        -0.606855 0.638151 0.393701,
        -0.611277 0.627477 0.393701,
        -0.618310 0.618310 0.393701,
        -0.627477 0.611277 0.393701,
        -0.638151 0.606855 0.393701,
        -0.649606 0.605347 0.393701,
        -0.661061 0.606855 0.393701,
        -0.671736 0.611277 0.393701,
        -0.680902 0.618310 0.393701,
        -0.692357 0.661061 0.393701,
        -0.687936 0.671736 0.393701,
        -0.680902 0.680902 0.393701,
        -0.671736 0.687936 0.393701,
        -0.687936 0.627477 0.393701,
        -0.692357 0.638151 0.393701,
        -0.693865 0.649606 0.393701,
        -0.627477 0.687936 0.393701,
        -0.618310 0.680902 0.393701,
        -0.611277 0.671736 0.393701,
        -0.606855 0.661061 0.393701,
        -0.661061 0.692357 0.393701,
        -0.649606 0.693865 0.393701,
        -0.638151 0.692357 0.393701,
        -0.287799 0.097973 0.389764,
        -0.266673 0.097973 0.389764,
        -0.322367 -0.059507 0.389764,
        -0.345413 -0.059507 0.389764,
        -0.403028 0.097973 0.389764,
        -0.379982 0.097973 0.389764,
        -0.336981 -0.024338 0.389764,
        -0.333800 -0.038381 0.389764,
        -0.335004 -0.031271 0.389764,
        -0.333320 -0.038381 0.389764,
        -0.329839 -0.024128 0.389764,
        -0.331987 -0.031156 0.389764,
        -0.605347 0.649606 0.389764,
        -0.606855 0.661061 0.389764,
        -0.611277 0.671736 0.389764,
        -0.618310 0.680902 0.389764,
        -0.627477 0.687936 0.389764,
        -0.638151 0.692357 0.389764,
        -0.649606 0.693865 0.389764,
        -0.661061 0.692357 0.389764,
        -0.671736 0.687936 0.389764,
        -0.680902 0.680902 0.389764,
        -0.687936 0.671736 0.389764,
        -0.692357 0.661061 0.389764,
        -0.693865 0.649606 0.389764,
        -0.692357 0.638151 0.389764,
        -0.687936 0.627477 0.389764,
        -0.680902 0.618310 0.389764,
        -0.671736 0.611277 0.389764,
        -0.661061 0.606855 0.389764,
        -0.649606 0.605347 0.389764,
        -0.638151 0.606855 0.389764,
        -0.627477 0.611277 0.389764,
        -0.618310 0.618310 0.389764,
        -0.611277 0.627477 0.389764,
        -0.606855 0.638151 0.389764,
        -0.649606 0.649606 0.389764,
        0.363548 -0.061428 0.389764,
        0.352347 -0.060217 0.389764,
        0.343238 -0.056958 0.389764,
        0.335346 -0.051722 0.389764,
        0.327581 -0.043229 0.389764,
        0.320690 -0.030501 0.389764,
        0.315143 -0.009516 0.389764,
        0.313315 0.016172 0.389764,
        0.367089 0.099894 0.389764,
        0.353968 0.098378 0.389764,
        0.344219 0.094691 0.389764,
        0.335835 0.088896 0.389764,
        0.328571 0.080820 0.389764,
        0.320737 0.065916 0.389764,
        0.315114 0.043294 0.389764,
        0.378552 0.098689 0.389764,
        0.387839 0.095444 0.389764,
        0.396017 0.090022 0.389764,
        0.402365 0.083126 0.389764,
        0.408959 0.071281 0.389764,
        0.414611 0.051217 0.389764,
        0.417022 0.019893 0.389764,
        0.375354 -0.060146 0.389764,
        0.385215 -0.056654 0.389764,
        0.393967 -0.050780 0.389764,
        0.401679 -0.042323 0.389764,
        0.409641 -0.027555 0.389764,
        0.415171 -0.006296 0.389764,
        0.371739 -0.043406 0.389764,
        0.365409 -0.044143 0.389764,
        0.362731 -0.044011 0.389764,
        0.357368 -0.042947 0.389764,
        0.352586 -0.040754 0.389764,
        0.348113 -0.037258 0.389764,
        0.344185 -0.032305 0.389764,
        0.340320 -0.024598 0.389764,
        0.336349 -0.009414 0.389764,
        0.334441 0.017133 0.389764,
        0.336300 0.045026 0.389764,
        0.340721 0.062557 0.389764,
        0.345430 0.071587 0.389764,
        0.349875 0.076696 0.389764,
        0.354434 0.079878 0.389764,
        0.359430 0.081819 0.389764,
        0.366009 0.082609 0.389764,
        0.372447 0.081759 0.389764,
        0.377119 0.079828 0.389764,
        0.381145 0.076899 0.389764,
        0.385764 0.071373 0.389764,
        0.389703 0.063446 0.389764,
        0.393980 0.046723 0.389764,
        0.395896 0.018153 0.389764,
        0.394210 -0.007769 0.389764,
        0.390026 -0.024556 0.389764,
        0.385623 -0.033204 0.389764,
        0.381191 -0.038329 0.389764,
        0.376657 -0.041505 0.389764,
        0.334441 0.017133 0.393701,
        0.336300 0.045026 0.393701,
        0.340721 0.062557 0.393701,
        0.345430 0.071587 0.393701,
        0.349875 0.076696 0.393701,
        0.354434 0.079878 0.393701,
        0.359430 0.081819 0.393701,
        0.366009 0.082609 0.393701,
        0.372447 0.081759 0.393701,
        0.377119 0.079828 0.393701,
        0.381145 0.076899 0.393701,
        0.385764 0.071373 0.393701,
        0.389703 0.063446 0.393701,
        0.393980 0.046723 0.393701,
        0.395896 0.018153 0.393701,
        0.394210 -0.007769 0.393701,
        0.390026 -0.024556 0.393701,
        0.385623 -0.033204 0.393701,
        0.381191 -0.038329 0.393701,
        0.376657 -0.041505 0.393701,
        0.371739 -0.043406 0.393701,
        0.365409 -0.044143 0.393701,
        0.362731 -0.044011 0.393701,
        0.357368 -0.042947 0.393701,
        0.352586 -0.040754 0.393701,
        0.348113 -0.037258 0.393701,
        0.344185 -0.032305 0.393701,
        0.340320 -0.024598 0.393701,
        0.336349 -0.009414 0.393701,
        0.269144 0.056173 0.389764,
        0.268153 0.047062 0.389764,
        0.265060 0.038460 0.389764,
        0.259073 0.029808 0.389764,
        0.237006 0.011251 0.389764,
        0.238836 0.082609 0.389764,
        0.247932 0.081746 0.389764,
        0.255338 0.079268 0.389764,
        0.260206 0.076197 0.389764,
        0.263853 0.072630 0.389764,
        0.266639 0.068221 0.389764,
        0.268438 0.062997 0.389764,
        0.200006 0.063465 0.389764,
        0.205344 0.068588 0.389764,
        0.216241 0.076263 0.389764,
        0.227025 0.080865 0.389764,
        0.200006 0.082730 0.389764,
        0.240757 0.099894 0.389764,
        0.233841 0.099580 0.389764,
        0.221414 0.096954 0.389764,
        0.210758 0.091748 0.389764,
        0.254132 0.098634 0.389764,
        0.264737 0.095250 0.389764,
        0.274276 0.089331 0.389764,
        0.280637 0.082789 0.389764,
        0.284917 0.075481 0.389764,
        0.287505 0.067094 0.389764,
        0.288349 0.057703 0.389764,
        0.253150 0.001649 0.389764,
        0.261034 0.007429 0.389764,
        0.276063 0.021696 0.389764,
        0.282393 0.031195 0.389764,
        0.286800 0.043229 0.389764,
        0.214890 -0.042222 0.389764,
        0.215607 -0.034810 0.389764,
        0.217510 -0.029182 0.389764,
        0.220981 -0.023838 0.389764,
        0.228570 -0.016344 0.389764,
        0.292190 -0.042222 0.389764,
        0.292190 -0.059507 0.389764,
        0.194245 -0.059507 0.389764,
        0.194245 -0.051705 0.389764,
        0.235295 0.010049 0.389764,
        0.218785 -0.002437 0.389764,
        0.205886 -0.015283 0.389764,
        0.199503 -0.025222 0.389764,
        0.195599 -0.036850 0.389764,
        0.163517 0.097973 0.389764,
        0.163517 -0.059507 0.389764,
        0.138461 -0.059507 0.389764,
        0.061221 0.062744 0.389764,
        0.055969 0.073007 0.389764,
        0.058357 0.067754 0.389764,
        0.055339 0.073007 0.389764,
        0.055969 0.050981 0.389764,
        0.055878 0.062002 0.389764,
        0.055969 -0.059507 0.389764,
        0.034844 -0.059507 0.389764,
        0.034844 0.097973 0.389764,
        0.061731 0.097973 0.389764,
        0.136660 -0.021787 0.389764,
        0.142992 -0.032620 0.389764,
        0.139959 -0.027127 0.389764,
        0.143412 -0.032620 0.389764,
        0.142391 -0.009754 0.389764,
        0.142566 -0.021205 0.389764,
        0.142391 0.097973 0.389764,
        0.004116 0.097973 0.389764,
        0.004116 0.080689 0.389764,
        -0.055419 0.080689 0.389764,
        -0.055419 0.026915 0.389764,
        0.000275 0.026915 0.389764,
        0.000275 0.009631 0.389764,
        -0.055419 0.009631 0.389764,
        -0.055419 -0.059507 0.389764,
        -0.076544 -0.059507 0.389764,
        -0.076544 0.097973 0.389764,
        -0.255150 0.017373 0.389764,
        -0.253296 -0.002660 0.389764,
        -0.247973 -0.019678 0.389764,
        -0.239249 -0.034380 0.389764,
        -0.227936 -0.046090 0.389764,
        -0.215054 -0.054296 0.389764,
        -0.200256 -0.059385 0.389764,
        -0.180971 -0.061428 0.389764,
        -0.178420 0.099894 0.389764,
        -0.195691 0.098389 0.389764,
        -0.211627 0.093688 0.389764,
        -0.226143 0.085145 0.389764,
        -0.238192 0.073145 0.389764,
        -0.247159 0.058398 0.389764,
        -0.252997 0.040128 0.389764,
        -0.105352 0.021094 0.389764,
        -0.106466 0.036869 0.389764,
        -0.110930 0.054426 0.389764,
        -0.119140 0.070151 0.389764,
        -0.130824 0.083304 0.389764,
        -0.144517 0.092512 0.389764,
        -0.159405 0.097811 0.389764,
        -0.125937 -0.039162 0.389764,
        -0.114319 -0.022195 0.389764,
        -0.108108 -0.004663 0.389764,
        -0.136440 -0.048434 0.389764,
        -0.130954 -0.044065 0.389764,
        -0.091909 -0.080632 0.389764,
        -0.125547 -0.080632 0.389764,
        -0.155585 -0.057887 0.389764,
        -0.168147 -0.060583 0.389764,
        -0.166763 -0.042663 0.389764,
        -0.180911 -0.044143 0.389764,
        -0.192447 -0.043011 0.389764,
        -0.203328 -0.039363 0.389764,
        -0.212594 -0.033480 0.389764,
        -0.221119 -0.024636 0.389764,
        -0.227816 -0.013388 0.389764,
        -0.232333 0.000962 0.389764,
        -0.234025 0.019083 0.389764,
        -0.233397 0.030335 0.389764,
        -0.229191 0.047796 0.389764,
        -0.222764 0.060115 0.389764,
        -0.213687 0.070425 0.389764,
        -0.204244 0.076924 0.389764,
        -0.193670 0.080941 0.389764,
        -0.179591 0.082609 0.389764,
        -0.165499 0.081057 0.389764,
        -0.155098 0.077360 0.389764,
        -0.146335 0.071606 0.389764,
        -0.138623 0.063412 0.389764,
        -0.132065 0.051640 0.389764,
        -0.128034 0.037395 0.389764,
        -0.126477 0.018783 0.389764,
        -0.128295 -0.000665 0.389764,
        -0.133198 -0.015640 0.389764,
        -0.139395 -0.025638 0.389764,
        -0.146674 -0.033083 0.389764,
        -0.155844 -0.038936 0.389764,
        -0.234025 0.019083 0.393701,
        -0.233397 0.030335 0.393701,
        -0.229191 0.047796 0.393701,
        -0.222764 0.060115 0.393701,
        -0.213687 0.070425 0.393701,
        -0.204244 0.076924 0.393701,
        -0.193670 0.080941 0.393701,
        -0.179591 0.082609 0.393701,
        -0.165499 0.081057 0.393701,
        -0.155098 0.077360 0.393701,
        -0.146335 0.071606 0.393701,
        -0.138623 0.063412 0.393701,
        -0.132065 0.051640 0.393701,
        -0.128034 0.037395 0.393701,
        -0.126477 0.018783 0.393701,
        -0.128295 -0.000665 0.393701,
        -0.133198 -0.015640 0.393701,
        -0.139395 -0.025638 0.393701,
        -0.146674 -0.033083 0.393701,
        -0.155844 -0.038936 0.393701,
        -0.166763 -0.042663 0.393701,
        -0.180911 -0.044143 0.393701,
        -0.192447 -0.043011 0.393701,
        -0.203328 -0.039363 0.393701,
        -0.212594 -0.033480 0.393701,
        -0.221119 -0.024636 0.393701,
        -0.227816 -0.013388 0.393701,
        -0.232333 0.000962 0.393701,
      ]
    }
    coordIndex [
      184, 185, 121, -1,
      121, 185, 122, -1,
      185, 186, 122, -1,
      122, 186, 116, -1,
      186, 187, 116, -1,
      116, 187, 117, -1,
      187, 188, 117, -1,
      117, 188, 127, -1,
      188, 189, 127, -1,
      127, 189, 120, -1,
      189, 190, 120, -1,
      120, 190, 126, -1,
      191, 123, 125, -1,
      191, 125, 192, -1,
      192, 125, 126, -1,
      192, 126, 190, -1,
      191, 193, 123, -1,
      123, 193, 124, -1,
      194, 119, 118, -1,
      194, 118, 195, -1,
      195, 118, 124, -1,
      195, 124, 193, -1,
      194, 184, 119, -1,
      119, 184, 121, -1,
      189, 188, 190, -1,
      190, 188, 187, -1,
      190, 187, 192, -1,
      185, 184, 186, -1,
      186, 184, 194, -1,
      194, 195, 186, -1,
      186, 195, 193, -1,
      186, 193, 187, -1,
      187, 193, 191, -1,
      187, 191, 192, -1,
      196, 160, 197, -1,
      197, 160, 180, -1,
      197, 180, 198, -1,
      198, 180, 179, -1,
      198, 179, 199, -1,
      199, 179, 178, -1,
      199, 178, 200, -1,
      200, 178, 177, -1,
      200, 177, 201, -1,
      201, 177, 183, -1,
      201, 183, 202, -1,
      202, 183, 182, -1,
      202, 182, 203, -1,
      203, 182, 181, -1,
      203, 181, 204, -1,
      204, 181, 173, -1,
      204, 173, 205, -1,
      205, 173, 172, -1,
      205, 172, 206, -1,
      206, 172, 171, -1,
      206, 171, 207, -1,
      207, 171, 170, -1,
      207, 170, 208, -1,
      208, 170, 176, -1,
      208, 176, 209, -1,
      209, 176, 175, -1,
      209, 175, 210, -1,
      210, 175, 174, -1,
      210, 174, 211, -1,
      211, 174, 169, -1,
      211, 169, 212, -1,
      212, 169, 168, -1,
      212, 168, 213, -1,
      213, 168, 167, -1,
      213, 167, 214, -1,
      214, 167, 166, -1,
      214, 166, 215, -1,
      215, 166, 165, -1,
      215, 165, 216, -1,
      216, 165, 164, -1,
      216, 164, 217, -1,
      217, 164, 163, -1,
      217, 163, 218, -1,
      218, 163, 162, -1,
      218, 162, 219, -1,
      219, 162, 161, -1,
      219, 161, 196, -1,
      196, 161, 160, -1,
      218, 219, 220, -1,
      220, 219, 196, -1,
      220, 196, 197, -1,
      215, 216, 220, -1,
      220, 216, 217, -1,
      220, 217, 218, -1,
      212, 213, 220, -1,
      220, 213, 214, -1,
      220, 214, 215, -1,
      209, 210, 220, -1,
      220, 210, 211, -1,
      220, 211, 212, -1,
      206, 207, 220, -1,
      220, 207, 208, -1,
      220, 208, 209, -1,
      203, 204, 220, -1,
      220, 204, 205, -1,
      220, 205, 206, -1,
      200, 201, 220, -1,
      220, 201, 202, -1,
      220, 202, 203, -1,
      197, 198, 220, -1,
      220, 198, 199, -1,
      220, 199, 200, -1,
      53, 221, 54, -1,
      54, 221, 222, -1,
      54, 222, 55, -1,
      55, 222, 223, -1,
      55, 223, 56, -1,
      56, 223, 224, -1,
      56, 224, 59, -1,
      59, 224, 225, -1,
      59, 225, 60, -1,
      60, 225, 226, -1,
      60, 226, 61, -1,
      61, 226, 227, -1,
      61, 227, 62, -1,
      62, 227, 228, -1,
      62, 228, 63, -1,
      229, 49, 230, -1,
      230, 49, 1, -1,
      1, 0, 230, -1,
      230, 0, 58, -1,
      230, 58, 231, -1,
      231, 58, 57, -1,
      231, 57, 232, -1,
      232, 57, 51, -1,
      232, 51, 233, -1,
      233, 51, 50, -1,
      233, 50, 234, -1,
      234, 50, 64, -1,
      234, 64, 235, -1,
      235, 64, 63, -1,
      235, 63, 228, -1,
      49, 229, 38, -1,
      38, 229, 236, -1,
      38, 236, 37, -1,
      37, 236, 237, -1,
      37, 237, 36, -1,
      36, 237, 238, -1,
      36, 238, 43, -1,
      43, 238, 239, -1,
      43, 239, 44, -1,
      44, 239, 240, -1,
      44, 240, 45, -1,
      45, 240, 241, -1,
      45, 241, 46, -1,
      46, 241, 242, -1,
      46, 242, 47, -1,
      221, 53, 243, -1,
      243, 53, 52, -1,
      52, 114, 243, -1,
      243, 114, 42, -1,
      243, 42, 244, -1,
      244, 42, 41, -1,
      244, 41, 245, -1,
      245, 41, 40, -1,
      245, 40, 246, -1,
      246, 40, 39, -1,
      246, 39, 247, -1,
      247, 39, 48, -1,
      247, 48, 248, -1,
      248, 48, 47, -1,
      248, 47, 242, -1,
      249, 250, 221, -1,
      221, 250, 251, -1,
      221, 251, 222, -1,
      222, 251, 252, -1,
      222, 252, 223, -1,
      223, 252, 253, -1,
      223, 253, 224, -1,
      224, 253, 254, -1,
      224, 254, 225, -1,
      225, 254, 255, -1,
      225, 255, 226, -1,
      226, 255, 256, -1,
      226, 256, 227, -1,
      227, 256, 257, -1,
      227, 257, 228, -1,
      228, 257, 258, -1,
      228, 258, 235, -1,
      235, 258, 259, -1,
      235, 259, 234, -1,
      234, 259, 260, -1,
      234, 260, 233, -1,
      233, 260, 261, -1,
      233, 261, 232, -1,
      232, 261, 262, -1,
      232, 262, 231, -1,
      231, 262, 263, -1,
      231, 263, 230, -1,
      230, 263, 264, -1,
      230, 264, 229, -1,
      229, 264, 265, -1,
      229, 265, 236, -1,
      236, 265, 266, -1,
      236, 266, 237, -1,
      237, 266, 267, -1,
      237, 267, 238, -1,
      238, 267, 268, -1,
      238, 268, 239, -1,
      239, 268, 269, -1,
      239, 269, 240, -1,
      240, 269, 270, -1,
      240, 270, 241, -1,
      241, 270, 271, -1,
      241, 271, 242, -1,
      242, 271, 272, -1,
      242, 272, 248, -1,
      248, 272, 273, -1,
      248, 273, 247, -1,
      247, 273, 274, -1,
      247, 274, 246, -1,
      246, 274, 275, -1,
      246, 275, 245, -1,
      245, 275, 276, -1,
      245, 276, 244, -1,
      244, 276, 277, -1,
      244, 277, 243, -1,
      243, 277, 249, -1,
      243, 249, 221, -1,
      258, 278, 279, -1,
      258, 279, 259, -1,
      259, 279, 280, -1,
      259, 280, 260, -1,
      260, 280, 281, -1,
      260, 281, 261, -1,
      261, 281, 282, -1,
      261, 282, 262, -1,
      262, 282, 283, -1,
      262, 283, 263, -1,
      263, 283, 284, -1,
      263, 284, 264, -1,
      264, 284, 285, -1,
      264, 285, 265, -1,
      265, 285, 286, -1,
      265, 286, 266, -1,
      266, 286, 287, -1,
      266, 287, 267, -1,
      267, 287, 288, -1,
      267, 288, 268, -1,
      268, 288, 289, -1,
      268, 289, 269, -1,
      269, 289, 290, -1,
      269, 290, 270, -1,
      270, 290, 291, -1,
      270, 291, 271, -1,
      271, 291, 292, -1,
      271, 292, 272, -1,
      272, 292, 293, -1,
      272, 293, 273, -1,
      273, 293, 294, -1,
      273, 294, 274, -1,
      274, 294, 295, -1,
      274, 295, 275, -1,
      275, 295, 296, -1,
      275, 296, 276, -1,
      276, 296, 297, -1,
      276, 297, 277, -1,
      277, 297, 298, -1,
      277, 298, 249, -1,
      249, 298, 299, -1,
      249, 299, 250, -1,
      250, 299, 300, -1,
      250, 300, 251, -1,
      251, 300, 301, -1,
      251, 301, 252, -1,
      252, 301, 302, -1,
      252, 302, 253, -1,
      253, 302, 303, -1,
      253, 303, 254, -1,
      254, 303, 304, -1,
      254, 304, 255, -1,
      255, 304, 305, -1,
      255, 305, 256, -1,
      256, 305, 306, -1,
      256, 306, 257, -1,
      257, 306, 278, -1,
      257, 278, 258, -1,
      307, 100, 94, -1,
      307, 94, 308, -1,
      308, 94, 93, -1,
      308, 93, 309, -1,
      309, 93, 99, -1,
      309, 99, 310, -1,
      310, 99, 79, -1,
      310, 79, 311, -1,
      312, 105, 104, -1,
      312, 104, 313, -1,
      313, 104, 103, -1,
      313, 103, 314, -1,
      314, 103, 108, -1,
      314, 108, 315, -1,
      315, 108, 107, -1,
      315, 107, 316, -1,
      316, 107, 102, -1,
      316, 102, 317, -1,
      317, 102, 101, -1,
      317, 101, 318, -1,
      318, 101, 100, -1,
      318, 100, 307, -1,
      319, 70, 80, -1,
      319, 80, 320, -1,
      320, 80, 95, -1,
      320, 95, 321, -1,
      321, 95, 106, -1,
      321, 106, 322, -1,
      322, 106, 105, -1,
      322, 105, 312, -1,
      319, 323, 70, -1,
      70, 323, 71, -1,
      324, 111, 110, -1,
      324, 110, 325, -1,
      325, 110, 109, -1,
      325, 109, 326, -1,
      109, 66, 326, -1,
      326, 66, 65, -1,
      326, 65, 327, -1,
      327, 65, 71, -1,
      327, 71, 323, -1,
      111, 324, 112, -1,
      112, 324, 328, -1,
      112, 328, 113, -1,
      113, 328, 329, -1,
      113, 329, 75, -1,
      75, 329, 330, -1,
      75, 330, 76, -1,
      76, 330, 331, -1,
      76, 331, 77, -1,
      77, 331, 332, -1,
      77, 332, 86, -1,
      86, 332, 333, -1,
      86, 333, 87, -1,
      87, 333, 334, -1,
      87, 334, 88, -1,
      335, 90, 85, -1,
      335, 85, 336, -1,
      336, 85, 84, -1,
      336, 84, 337, -1,
      337, 84, 82, -1,
      337, 82, 338, -1,
      338, 82, 81, -1,
      338, 81, 339, -1,
      339, 81, 88, -1,
      339, 88, 334, -1,
      340, 98, 97, -1,
      340, 97, 341, -1,
      341, 97, 96, -1,
      341, 96, 342, -1,
      342, 96, 92, -1,
      342, 92, 343, -1,
      343, 92, 91, -1,
      343, 91, 344, -1,
      344, 91, 90, -1,
      344, 90, 335, -1,
      340, 345, 98, -1,
      98, 345, 83, -1,
      345, 346, 83, -1,
      83, 346, 89, -1,
      346, 347, 89, -1,
      89, 347, 67, -1,
      347, 348, 67, -1,
      67, 348, 68, -1,
      311, 79, 78, -1,
      311, 78, 349, -1,
      349, 78, 74, -1,
      349, 74, 350, -1,
      350, 74, 73, -1,
      350, 73, 351, -1,
      351, 73, 72, -1,
      351, 72, 352, -1,
      352, 72, 69, -1,
      352, 69, 353, -1,
      353, 69, 68, -1,
      353, 68, 348, -1,
      346, 345, 347, -1,
      347, 345, 340, -1,
      312, 325, 322, -1,
      322, 325, 326, -1,
      322, 326, 321, -1,
      321, 326, 327, -1,
      321, 327, 320, -1,
      320, 327, 323, -1,
      320, 323, 319, -1,
      310, 311, 335, -1,
      335, 311, 349, -1,
      335, 349, 344, -1,
      344, 349, 350, -1,
      344, 350, 343, -1,
      343, 350, 351, -1,
      343, 351, 342, -1,
      342, 351, 352, -1,
      342, 352, 341, -1,
      341, 352, 353, -1,
      341, 353, 340, -1,
      340, 353, 348, -1,
      340, 348, 347, -1,
      335, 336, 310, -1,
      310, 336, 337, -1,
      310, 337, 309, -1,
      309, 337, 338, -1,
      309, 338, 308, -1,
      308, 338, 339, -1,
      308, 339, 307, -1,
      307, 339, 334, -1,
      307, 334, 318, -1,
      318, 334, 333, -1,
      318, 333, 317, -1,
      317, 333, 332, -1,
      317, 332, 316, -1,
      316, 332, 331, -1,
      316, 331, 315, -1,
      315, 331, 330, -1,
      315, 330, 314, -1,
      314, 330, 329, -1,
      314, 329, 313, -1,
      313, 329, 328, -1,
      313, 328, 312, -1,
      312, 328, 324, -1,
      312, 324, 325, -1,
      354, 355, 150, -1,
      150, 355, 151, -1,
      355, 356, 151, -1,
      151, 356, 146, -1,
      356, 357, 146, -1,
      146, 357, 145, -1,
      358, 141, 143, -1,
      358, 143, 359, -1,
      359, 143, 145, -1,
      359, 145, 357, -1,
      358, 360, 141, -1,
      141, 360, 142, -1,
      361, 147, 144, -1,
      361, 144, 362, -1,
      362, 144, 142, -1,
      362, 142, 360, -1,
      361, 363, 147, -1,
      147, 363, 138, -1,
      363, 364, 138, -1,
      138, 364, 139, -1,
      364, 365, 139, -1,
      139, 365, 140, -1,
      365, 366, 140, -1,
      140, 366, 148, -1,
      366, 367, 148, -1,
      148, 367, 156, -1,
      368, 152, 154, -1,
      368, 154, 369, -1,
      369, 154, 156, -1,
      369, 156, 367, -1,
      368, 370, 152, -1,
      152, 370, 153, -1,
      371, 157, 155, -1,
      371, 155, 372, -1,
      372, 155, 153, -1,
      372, 153, 370, -1,
      371, 373, 157, -1,
      157, 373, 149, -1,
      373, 354, 149, -1,
      149, 354, 150, -1,
      354, 373, 355, -1,
      355, 373, 371, -1,
      364, 363, 365, -1,
      365, 363, 361, -1,
      361, 362, 365, -1,
      365, 362, 360, -1,
      365, 360, 366, -1,
      366, 360, 358, -1,
      371, 372, 355, -1,
      355, 372, 370, -1,
      355, 370, 356, -1,
      356, 370, 368, -1,
      368, 369, 356, -1,
      356, 369, 367, -1,
      356, 367, 357, -1,
      357, 367, 366, -1,
      357, 366, 359, -1,
      359, 366, 358, -1,
      374, 375, 128, -1,
      128, 375, 129, -1,
      375, 376, 129, -1,
      129, 376, 130, -1,
      376, 377, 130, -1,
      130, 377, 131, -1,
      377, 378, 131, -1,
      131, 378, 132, -1,
      378, 379, 132, -1,
      132, 379, 133, -1,
      379, 380, 133, -1,
      133, 380, 134, -1,
      380, 381, 134, -1,
      134, 381, 135, -1,
      381, 382, 135, -1,
      135, 382, 136, -1,
      382, 383, 136, -1,
      136, 383, 137, -1,
      383, 374, 137, -1,
      137, 374, 128, -1,
      383, 382, 380, -1,
      380, 382, 381, -1,
      375, 374, 376, -1,
      376, 374, 383, -1,
      376, 383, 377, -1,
      377, 383, 380, -1,
      377, 380, 378, -1,
      378, 380, 379, -1,
      384, 34, 33, -1,
      384, 33, 385, -1,
      385, 33, 32, -1,
      385, 32, 386, -1,
      386, 32, 31, -1,
      386, 31, 387, -1,
      387, 31, 30, -1,
      387, 30, 388, -1,
      388, 30, 29, -1,
      388, 29, 389, -1,
      389, 29, 28, -1,
      389, 28, 390, -1,
      390, 28, 391, -1,
      391, 28, 27, -1,
      391, 27, 26, -1,
      392, 159, 393, -1,
      393, 159, 158, -1,
      158, 25, 393, -1,
      393, 25, 24, -1,
      393, 24, 394, -1,
      394, 24, 23, -1,
      394, 23, 395, -1,
      395, 23, 22, -1,
      395, 22, 396, -1,
      396, 22, 21, -1,
      396, 21, 397, -1,
      397, 21, 35, -1,
      397, 35, 398, -1,
      398, 35, 34, -1,
      398, 34, 384, -1,
      399, 19, 18, -1,
      399, 18, 400, -1,
      400, 18, 17, -1,
      400, 17, 401, -1,
      401, 17, 16, -1,
      401, 16, 402, -1,
      402, 16, 15, -1,
      402, 15, 403, -1,
      403, 15, 10, -1,
      403, 10, 404, -1,
      404, 10, 11, -1,
      404, 11, 405, -1,
      405, 11, 392, -1,
      392, 11, 12, -1,
      392, 12, 159, -1,
      406, 9, 8, -1,
      406, 8, 407, -1,
      407, 8, 20, -1,
      407, 20, 408, -1,
      408, 20, 19, -1,
      408, 19, 399, -1,
      409, 14, 13, -1,
      409, 13, 410, -1,
      410, 13, 9, -1,
      410, 9, 406, -1,
      14, 409, 2, -1,
      2, 409, 411, -1,
      2, 411, 3, -1,
      411, 412, 3, -1,
      3, 412, 115, -1,
      115, 412, 6, -1,
      6, 412, 413, -1,
      6, 413, 7, -1,
      7, 413, 5, -1,
      5, 413, 414, -1,
      5, 414, 4, -1,
      4, 414, 391, -1,
      4, 391, 26, -1,
      388, 414, 413, -1,
      389, 390, 388, -1,
      388, 390, 391, -1,
      388, 391, 414, -1,
      409, 415, 416, -1,
      412, 411, 413, -1,
      413, 411, 409, -1,
      413, 409, 388, -1,
      388, 409, 416, -1,
      388, 416, 417, -1,
      417, 418, 388, -1,
      388, 418, 419, -1,
      388, 419, 387, -1,
      387, 419, 420, -1,
      387, 420, 386, -1,
      386, 420, 421, -1,
      386, 421, 385, -1,
      385, 421, 422, -1,
      385, 422, 384, -1,
      384, 422, 423, -1,
      384, 423, 398, -1,
      398, 423, 424, -1,
      398, 424, 397, -1,
      397, 424, 425, -1,
      397, 425, 396, -1,
      396, 425, 426, -1,
      396, 426, 395, -1,
      395, 426, 427, -1,
      395, 427, 394, -1,
      394, 427, 428, -1,
      394, 428, 393, -1,
      393, 428, 429, -1,
      393, 429, 392, -1,
      392, 429, 430, -1,
      392, 430, 405, -1,
      405, 430, 431, -1,
      405, 431, 404, -1,
      404, 431, 432, -1,
      404, 432, 403, -1,
      403, 432, 433, -1,
      403, 433, 402, -1,
      402, 433, 434, -1,
      402, 434, 401, -1,
      401, 434, 435, -1,
      401, 435, 400, -1,
      400, 435, 436, -1,
      400, 436, 399, -1,
      399, 436, 437, -1,
      399, 437, 408, -1,
      408, 437, 438, -1,
      408, 438, 407, -1,
      407, 438, 439, -1,
      407, 439, 406, -1,
      406, 439, 440, -1,
      406, 440, 410, -1,
      410, 440, 441, -1,
      410, 441, 409, -1,
      409, 441, 442, -1,
      409, 442, 415, -1,
      423, 443, 444, -1,
      423, 444, 424, -1,
      424, 444, 445, -1,
      424, 445, 425, -1,
      425, 445, 446, -1,
      425, 446, 426, -1,
      426, 446, 447, -1,
      426, 447, 427, -1,
      427, 447, 448, -1,
      427, 448, 428, -1,
      428, 448, 449, -1,
      428, 449, 429, -1,
      429, 449, 450, -1,
      429, 450, 430, -1,
      430, 450, 451, -1,
      430, 451, 431, -1,
      431, 451, 452, -1,
      431, 452, 432, -1,
      432, 452, 453, -1,
      432, 453, 433, -1,
      433, 453, 454, -1,
      433, 454, 434, -1,
      434, 454, 455, -1,
      434, 455, 435, -1,
      435, 455, 456, -1,
      435, 456, 436, -1,
      436, 456, 457, -1,
      436, 457, 437, -1,
      437, 457, 458, -1,
      437, 458, 438, -1,
      438, 458, 459, -1,
      438, 459, 439, -1,
      439, 459, 460, -1,
      439, 460, 440, -1,
      440, 460, 461, -1,
      440, 461, 441, -1,
      441, 461, 462, -1,
      441, 462, 442, -1,
      442, 462, 463, -1,
      442, 463, 415, -1,
      415, 463, 464, -1,
      415, 464, 416, -1,
      416, 464, 465, -1,
      416, 465, 417, -1,
      417, 465, 466, -1,
      417, 466, 418, -1,
      418, 466, 467, -1,
      418, 467, 419, -1,
      419, 467, 468, -1,
      419, 468, 420, -1,
      420, 468, 469, -1,
      420, 469, 421, -1,
      421, 469, 470, -1,
      421, 470, 422, -1,
      422, 470, 443, -1,
      422, 443, 423, -1,
    ]
  }
}

Shape {
  appearance Appearance {
    material Material {
      diffuseColor 0.2510 0.2510 0.2510
      specularColor 0.1255 0.1255 0.1255
      ambientIntensity 0.2
      transparency 0.0000
      shininess 0.5
    }
  }
  geometry IndexedFaceSet {
    ccw TRUE
    solid FALSE
    coord DEF co Coordinate {
      point [
        0.334441 0.017133 0.393701,
        0.336300 0.045026 0.393701,
        0.340721 0.062557 0.393701,
        0.345430 0.071587 0.393701,
        0.349875 0.076696 0.393701,
        0.354434 0.079878 0.393701,
        0.359430 0.081819 0.393701,
        0.366009 0.082609 0.393701,
        0.372447 0.081759 0.393701,
        0.377119 0.079828 0.393701,
        0.381145 0.076899 0.393701,
        0.385764 0.071373 0.393701,
        0.389703 0.063446 0.393701,
        0.393980 0.046723 0.393701,
        0.395896 0.018153 0.393701,
        0.394210 -0.007769 0.393701,
        0.390026 -0.024556 0.393701,
        0.385623 -0.033204 0.393701,
        0.381191 -0.038329 0.393701,
        0.376657 -0.041505 0.393701,
        0.371739 -0.043406 0.393701,
        0.365409 -0.044143 0.393701,
        0.362731 -0.044011 0.393701,
        0.357368 -0.042947 0.393701,
        0.352586 -0.040754 0.393701,
        0.348113 -0.037258 0.393701,
        0.344185 -0.032305 0.393701,
        0.340320 -0.024598 0.393701,
        0.336349 -0.009414 0.393701,
        -0.234025 0.019083 0.393701,
        -0.233397 0.030335 0.393701,
        -0.229191 0.047796 0.393701,
        -0.222764 0.060115 0.393701,
        -0.213687 0.070425 0.393701,
        -0.204244 0.076924 0.393701,
        -0.193670 0.080941 0.393701,
        -0.179591 0.082609 0.393701,
        -0.165499 0.081057 0.393701,
        -0.155098 0.077360 0.393701,
        -0.146335 0.071606 0.393701,
        -0.138623 0.063412 0.393701,
        -0.132065 0.051640 0.393701,
        -0.128034 0.037395 0.393701,
        -0.126477 0.018783 0.393701,
        -0.128295 -0.000665 0.393701,
        -0.133198 -0.015640 0.393701,
        -0.139395 -0.025638 0.393701,
        -0.146674 -0.033083 0.393701,
        -0.155844 -0.038936 0.393701,
        -0.166763 -0.042663 0.393701,
        -0.180911 -0.044143 0.393701,
        -0.192447 -0.043011 0.393701,
        -0.203328 -0.039363 0.393701,
        -0.212594 -0.033480 0.393701,
        -0.221119 -0.024636 0.393701,
        -0.227816 -0.013388 0.393701,
        -0.232333 0.000962 0.393701,
      ]
    }
    coordIndex [
      15, 14, 21, -1,
      15, 21, 16, -1,
      1, 0, 14, -1,
      14, 0, 28, -1,
      14, 28, 27, -1,
      14, 13, 1, -1,
      1, 13, 12, -1,
      1, 12, 2, -1,
      2, 12, 11, -1,
      2, 11, 3, -1,
      27, 26, 14, -1,
      14, 26, 25, -1,
      14, 25, 24, -1,
      24, 23, 14, -1,
      14, 23, 22, -1,
      14, 22, 21, -1,
      21, 20, 19, -1,
      19, 18, 21, -1,
      21, 18, 17, -1,
      21, 17, 16, -1,
      11, 10, 3, -1,
      3, 10, 9, -1,
      3, 9, 4, -1,
      4, 9, 5, -1,
      8, 7, 9, -1,
      9, 7, 6, -1,
      9, 6, 5, -1,
      29, 43, 30, -1,
      30, 43, 42, -1,
      47, 46, 29, -1,
      47, 29, 48, -1,
      46, 45, 29, -1,
      29, 45, 44, -1,
      29, 44, 43, -1,
      34, 30, 35, -1,
      35, 30, 36, -1,
      55, 54, 51, -1,
      51, 54, 53, -1,
      51, 53, 52, -1,
      55, 51, 56, -1,
      56, 51, 50, -1,
      56, 50, 29, -1,
      29, 50, 49, -1,
      29, 49, 48, -1,
      34, 33, 30, -1,
      30, 33, 32, -1,
      30, 32, 31, -1,
      42, 41, 30, -1,
      30, 41, 40, -1,
      30, 40, 39, -1,
      39, 38, 30, -1,
      30, 38, 37, -1,
      30, 37, 36, -1,
    ]
  }
}

Shape {
  appearance Appearance {
    material Material {
      diffuseColor 1.0000 1.0000 0.0000
      specularColor 0.5020 0.5020 0.0000
      ambientIntensity 0.2
      transparency 0.0000
      shininess 0.5
    }
  }
  geometry IndexedFaceSet {
    ccw TRUE
    solid FALSE
    coord DEF co Coordinate {
      point [
        0.236220 -0.787402 0.047244,
        0.157480 -0.787402 0.047244,
        0.157480 -0.787402 0.070866,
        -0.236220 -0.787402 0.070866,
        -0.236220 -0.787402 0.047244,
        -0.157480 -0.787402 0.047244,
        -0.157480 -0.787402 0.070866,
        0.236220 -0.787402 0.070866,
        0.236220 -0.787795 0.070866,
        0.236220 -0.787795 0.047244,
        0.157480 -0.787795 0.047244,
        0.157480 -0.787795 0.070866,
        -0.157480 -0.787795 0.070866,
        -0.157480 -0.787795 0.047244,
        -0.236220 -0.787795 0.047244,
        -0.236220 -0.787795 0.070866,
      ]
    }
    coordIndex [
      8, 9, 7, -1,
      7, 9, 0, -1,
      9, 10, 0, -1,
      0, 10, 1, -1,
      10, 11, 1, -1,
      1, 11, 2, -1,
      11, 8, 2, -1,
      2, 8, 7, -1,
      11, 10, 8, -1,
      8, 10, 9, -1,
      12, 13, 6, -1,
      6, 13, 5, -1,
      13, 14, 5, -1,
      5, 14, 4, -1,
      14, 15, 4, -1,
      4, 15, 3, -1,
      15, 12, 3, -1,
      3, 12, 6, -1,
      15, 14, 12, -1,
      12, 14, 13, -1,
    ]
  }
}

Shape {
  appearance Appearance {
    material Material {
      diffuseColor 1.0000 1.0000 1.0000
      specularColor 0.8784 0.8784 0.8784
      ambientIntensity 0.2
      transparency 0.0000
      shininess 0.5
    }
  }
  geometry IndexedFaceSet {
    ccw TRUE
    solid FALSE
    coord DEF co Coordinate {
      point [
        0.064665 0.033065 0.000000,
        0.072419 0.032194 0.000000,
        0.047637 -0.026052 0.000000,
        0.085226 -0.035321 0.000000,
        0.111522 -0.037994 0.000000,
        0.077595 -0.037948 0.000000,
        0.072522 -0.038474 0.000000,
        0.055095 0.031821 0.000000,
        0.046226 -0.025270 0.000000,
        0.046226 0.028023 0.000000,
        0.046226 0.038586 0.000000,
        0.078312 0.030067 0.000000,
        0.083762 0.026421 0.000000,
        0.088517 0.021172 0.000000,
        0.094238 0.000536 0.000000,
        0.093441 -0.007988 0.000000,
        0.091301 -0.014761 0.000000,
        0.073780 -0.029488 0.000000,
        0.066436 -0.030312 0.000000,
        0.079517 -0.027376 0.000000,
        0.084350 -0.024119 0.000000,
        0.088045 -0.020220 0.000000,
        0.055984 -0.029152 0.000000,
        0.100645 0.020007 0.000000,
        0.096030 0.027369 0.000000,
        0.141290 0.040746 0.000000,
        0.151853 0.040746 0.000000,
        0.151853 -0.037994 0.000000,
        0.091763 0.015092 0.000000,
        0.093862 0.006663 0.000000,
        0.091560 -0.031276 0.000000,
        0.097475 -0.025050 0.000000,
        0.111522 -0.029352 0.000000,
        0.101669 -0.017563 0.000000,
        0.141290 -0.029352 0.000000,
        0.088921 0.034206 0.000000,
        0.081442 0.038511 0.000000,
        0.072664 0.041061 0.000000,
        0.104039 -0.009228 0.000000,
        0.104800 -0.000109 0.000000,
        0.103668 0.011085 0.000000,
        0.064755 0.041707 0.000000,
        0.055329 0.041056 0.000000,
        0.046226 -0.033913 0.000000,
        0.054619 -0.037359 0.000000,
        0.062575 -0.038474 0.000000,
        0.065738 -0.038917 0.000000,
        0.067891 -0.038954 0.000000,
        -0.095891 -0.037994 0.000000,
        -0.086198 -0.016413 0.000000,
        -0.081682 -0.023456 0.000000,
        -0.011389 -0.037994 0.000000,
        0.030862 -0.037994 0.000000,
        0.030862 0.040746 0.000000,
        -0.009469 0.040746 0.000000,
        -0.125658 0.040746 0.000000,
        -0.136221 0.040746 0.000000,
        -0.075201 -0.029661 0.000000,
        -0.066980 -0.034439 0.000000,
        -0.057906 -0.037143 0.000000,
        0.020299 0.032104 0.000000,
        0.020299 0.006178 0.000000,
        -0.009469 0.032104 0.000000,
        -0.007548 0.006178 0.000000,
        -0.026753 0.040746 0.000000,
        -0.007548 -0.002465 0.000000,
        0.020299 -0.002465 0.000000,
        0.020299 -0.029352 0.000000,
        -0.011389 -0.029352 0.000000,
        -0.026753 -0.037994 0.000000,
        -0.048164 -0.037994 0.000000,
        -0.166949 -0.037994 0.000000,
        -0.155426 -0.037994 0.000000,
        -0.048974 0.040746 0.000000,
        -0.060350 0.039531 0.000000,
        -0.069562 0.036296 0.000000,
        -0.078133 0.030552 0.000000,
        -0.147459 -0.015908 0.000000,
        -0.114931 -0.015908 0.000000,
        -0.107414 -0.037994 0.000000,
        -0.078215 0.030480 0.000000,
        -0.083783 0.024306 0.000000,
        -0.087442 0.017534 0.000000,
        -0.089557 0.009776 0.000000,
        -0.090130 0.002367 0.000000,
        -0.089024 -0.008171 0.000000,
        -0.136221 0.040746 0.003937,
        -0.166949 -0.037994 0.003937,
        -0.155426 -0.037994 0.003937,
        -0.147459 -0.015908 0.003937,
        -0.114931 -0.015908 0.003937,
        -0.107414 -0.037994 0.003937,
        -0.095891 -0.037994 0.003937,
        -0.125658 0.040746 0.003937,
        -0.117586 -0.007266 0.003937,
        -0.143918 -0.007266 0.003937,
        -0.129334 0.025623 0.003937,
        -0.130092 0.028354 0.003937,
        -0.130595 0.031144 0.003937,
        -0.130850 0.031144 0.003937,
        -0.131364 0.028362 0.003937,
        -0.132065 0.025623 0.003937,
        -0.117586 -0.007266 0.000000,
        -0.143918 -0.007266 0.000000,
        -0.129334 0.025623 0.000000,
        -0.130092 0.028354 0.000000,
        -0.130595 0.031144 0.000000,
        -0.130850 0.031144 0.000000,
        -0.131364 0.028362 0.000000,
        -0.132065 0.025623 0.000000,
        -0.048164 -0.037994 0.003937,
        -0.026753 -0.037994 0.003937,
        -0.026753 0.040746 0.003937,
        -0.048974 0.040746 0.003937,
        -0.090130 0.002367 0.003937,
        -0.089557 0.009776 0.003937,
        -0.087442 0.017534 0.003937,
        -0.083783 0.024306 0.003937,
        -0.078215 0.030480 0.003937,
        -0.078133 0.030552 0.003937,
        -0.069562 0.036296 0.003937,
        -0.060350 0.039531 0.003937,
        -0.057906 -0.037143 0.003937,
        -0.066980 -0.034439 0.003937,
        -0.075201 -0.029661 0.003937,
        -0.081682 -0.023456 0.003937,
        -0.086198 -0.016413 0.003937,
        -0.089024 -0.008171 0.003937,
        -0.074324 0.021063 0.003937,
        -0.070500 0.025124 0.003937,
        -0.064748 0.028839 0.003937,
        -0.058248 0.031114 0.003937,
        -0.048929 0.032104 0.003937,
        -0.037316 0.032104 0.003937,
        -0.037316 -0.029352 0.003937,
        -0.048494 -0.029352 0.003937,
        -0.056801 -0.028578 0.003937,
        -0.063427 -0.026510 0.003937,
        -0.068797 -0.023321 0.003937,
        -0.073213 -0.018959 0.003937,
        -0.076534 -0.013530 0.003937,
        -0.078844 -0.006129 0.003937,
        -0.079567 0.002142 0.003937,
        -0.078898 0.009978 0.003937,
        -0.077059 0.016206 0.003937,
        -0.048929 0.032104 0.000000,
        -0.037316 0.032104 0.000000,
        -0.058248 0.031114 0.000000,
        -0.064748 0.028839 0.000000,
        -0.070500 0.025124 0.000000,
        -0.074324 0.021063 0.000000,
        -0.077059 0.016206 0.000000,
        -0.078898 0.009978 0.000000,
        -0.079567 0.002142 0.000000,
        -0.078844 -0.006129 0.000000,
        -0.076534 -0.013530 0.000000,
        -0.073213 -0.018959 0.000000,
        -0.068797 -0.023321 0.000000,
        -0.063427 -0.026510 0.000000,
        -0.056801 -0.028578 0.000000,
        -0.048494 -0.029352 0.000000,
        -0.037316 -0.029352 0.000000,
        -0.011389 -0.029352 0.003937,
        -0.011389 -0.037994 0.003937,
        0.030862 -0.037994 0.003937,
        0.030862 0.040746 0.003937,
        -0.009469 0.040746 0.003937,
        -0.009469 0.032104 0.003937,
        0.020299 0.032104 0.003937,
        0.020299 0.006178 0.003937,
        -0.007548 0.006178 0.003937,
        -0.007548 -0.002465 0.003937,
        0.020299 -0.002465 0.003937,
        0.020299 -0.029352 0.003937,
        0.046226 -0.025270 0.003937,
        0.046226 -0.033913 0.003937,
        0.054619 -0.037359 0.003937,
        0.067891 -0.038954 0.003937,
        0.065738 -0.038917 0.003937,
        0.104800 -0.000109 0.003937,
        0.104039 -0.009228 0.003937,
        0.101669 -0.017563 0.003937,
        0.097475 -0.025050 0.003937,
        0.091560 -0.031276 0.003937,
        0.085226 -0.035321 0.003937,
        0.077595 -0.037948 0.003937,
        0.064755 0.041707 0.003937,
        0.072664 0.041061 0.003937,
        0.081442 0.038511 0.003937,
        0.088921 0.034206 0.003937,
        0.096030 0.027369 0.003937,
        0.100645 0.020007 0.003937,
        0.103668 0.011085 0.003937,
        0.046226 0.038586 0.003937,
        0.055329 0.041056 0.003937,
        0.046226 0.028023 0.003937,
        0.064665 0.033065 0.003937,
        0.055095 0.031821 0.003937,
        0.094238 0.000536 0.003937,
        0.093862 0.006663 0.003937,
        0.091763 0.015092 0.003937,
        0.088517 0.021172 0.003937,
        0.083762 0.026421 0.003937,
        0.078312 0.030067 0.003937,
        0.072419 0.032194 0.003937,
        0.066436 -0.030312 0.003937,
        0.073780 -0.029488 0.003937,
        0.079517 -0.027376 0.003937,
        0.084350 -0.024119 0.003937,
        0.088045 -0.020220 0.003937,
        0.091301 -0.014761 0.003937,
        0.093441 -0.007988 0.003937,
        0.047637 -0.026052 0.003937,
        0.055984 -0.029152 0.003937,
        0.111522 -0.029352 0.003937,
        0.111522 -0.037994 0.003937,
        0.151853 -0.037994 0.003937,
        0.151853 0.040746 0.003937,
        0.141290 0.040746 0.003937,
        0.141290 -0.029352 0.003937,
      ]
    }
    coordIndex [
      86, 87, 56, -1,
      56, 87, 71, -1,
      87, 88, 71, -1,
      71, 88, 72, -1,
      88, 89, 72, -1,
      72, 89, 77, -1,
      89, 90, 77, -1,
      77, 90, 78, -1,
      90, 91, 78, -1,
      78, 91, 79, -1,
      91, 92, 79, -1,
      79, 92, 48, -1,
      92, 93, 48, -1,
      48, 93, 55, -1,
      93, 86, 55, -1,
      55, 86, 56, -1,
      94, 90, 95, -1,
      95, 90, 89, -1,
      96, 93, 94, -1,
      94, 93, 92, -1,
      94, 92, 90, -1,
      90, 92, 91, -1,
      96, 97, 93, -1,
      93, 97, 98, -1,
      93, 98, 86, -1,
      86, 98, 99, -1,
      86, 99, 100, -1,
      100, 101, 86, -1,
      86, 101, 95, -1,
      86, 95, 87, -1,
      87, 95, 89, -1,
      87, 89, 88, -1,
      94, 95, 102, -1,
      102, 95, 103, -1,
      96, 94, 104, -1,
      104, 94, 102, -1,
      96, 104, 105, -1,
      96, 105, 97, -1,
      97, 105, 106, -1,
      97, 106, 98, -1,
      99, 98, 107, -1,
      107, 98, 106, -1,
      99, 107, 108, -1,
      99, 108, 100, -1,
      100, 108, 109, -1,
      100, 109, 101, -1,
      95, 101, 103, -1,
      103, 101, 109, -1,
      110, 111, 70, -1,
      70, 111, 69, -1,
      111, 112, 69, -1,
      69, 112, 64, -1,
      112, 113, 64, -1,
      64, 113, 73, -1,
      114, 84, 83, -1,
      114, 83, 115, -1,
      115, 83, 82, -1,
      115, 82, 116, -1,
      116, 82, 81, -1,
      116, 81, 117, -1,
      117, 81, 80, -1,
      117, 80, 118, -1,
      118, 80, 76, -1,
      118, 76, 119, -1,
      119, 76, 75, -1,
      119, 75, 120, -1,
      120, 75, 74, -1,
      120, 74, 121, -1,
      121, 74, 73, -1,
      121, 73, 113, -1,
      110, 70, 59, -1,
      110, 59, 122, -1,
      122, 59, 58, -1,
      122, 58, 123, -1,
      123, 58, 57, -1,
      123, 57, 124, -1,
      124, 57, 50, -1,
      124, 50, 125, -1,
      125, 50, 49, -1,
      125, 49, 126, -1,
      126, 49, 85, -1,
      126, 85, 127, -1,
      127, 85, 84, -1,
      127, 84, 114, -1,
      116, 117, 128, -1,
      128, 117, 118, -1,
      128, 118, 129, -1,
      129, 118, 119, -1,
      129, 119, 130, -1,
      130, 119, 120, -1,
      130, 120, 131, -1,
      131, 120, 121, -1,
      131, 121, 132, -1,
      132, 121, 113, -1,
      132, 113, 133, -1,
      133, 113, 112, -1,
      133, 112, 134, -1,
      134, 112, 111, -1,
      134, 111, 135, -1,
      135, 111, 110, -1,
      135, 110, 136, -1,
      136, 110, 122, -1,
      136, 122, 137, -1,
      137, 122, 123, -1,
      137, 123, 138, -1,
      138, 123, 124, -1,
      138, 124, 139, -1,
      139, 124, 125, -1,
      139, 125, 140, -1,
      140, 125, 126, -1,
      140, 126, 141, -1,
      141, 126, 127, -1,
      141, 127, 142, -1,
      142, 127, 114, -1,
      142, 114, 143, -1,
      143, 114, 115, -1,
      143, 115, 144, -1,
      144, 115, 116, -1,
      144, 116, 128, -1,
      132, 133, 145, -1,
      145, 133, 146, -1,
      132, 145, 147, -1,
      132, 147, 131, -1,
      131, 147, 148, -1,
      131, 148, 130, -1,
      130, 148, 149, -1,
      130, 149, 129, -1,
      129, 149, 150, -1,
      129, 150, 128, -1,
      128, 150, 151, -1,
      128, 151, 144, -1,
      144, 151, 152, -1,
      144, 152, 143, -1,
      143, 152, 153, -1,
      143, 153, 142, -1,
      142, 153, 154, -1,
      142, 154, 141, -1,
      141, 154, 155, -1,
      141, 155, 140, -1,
      140, 155, 156, -1,
      140, 156, 139, -1,
      139, 156, 157, -1,
      139, 157, 138, -1,
      138, 157, 158, -1,
      138, 158, 137, -1,
      137, 158, 159, -1,
      137, 159, 136, -1,
      136, 159, 160, -1,
      136, 160, 135, -1,
      134, 135, 161, -1,
      161, 135, 160, -1,
      133, 134, 146, -1,
      146, 134, 161, -1,
      162, 163, 68, -1,
      68, 163, 51, -1,
      163, 164, 51, -1,
      51, 164, 52, -1,
      164, 165, 52, -1,
      52, 165, 53, -1,
      165, 166, 53, -1,
      53, 166, 54, -1,
      166, 167, 54, -1,
      54, 167, 62, -1,
      167, 168, 62, -1,
      62, 168, 60, -1,
      168, 169, 60, -1,
      60, 169, 61, -1,
      169, 170, 61, -1,
      61, 170, 63, -1,
      170, 171, 63, -1,
      63, 171, 65, -1,
      171, 172, 65, -1,
      65, 172, 66, -1,
      172, 173, 66, -1,
      66, 173, 67, -1,
      173, 162, 67, -1,
      67, 162, 68, -1,
      164, 163, 162, -1,
      162, 173, 164, -1,
      164, 173, 172, -1,
      164, 172, 165, -1,
      167, 166, 168, -1,
      168, 166, 165, -1,
      168, 165, 169, -1,
      169, 165, 172, -1,
      169, 172, 170, -1,
      170, 172, 171, -1,
      174, 175, 8, -1,
      8, 175, 43, -1,
      43, 175, 176, -1,
      177, 47, 46, -1,
      177, 46, 178, -1,
      178, 46, 45, -1,
      178, 45, 176, -1,
      176, 45, 44, -1,
      176, 44, 43, -1,
      179, 39, 38, -1,
      179, 38, 180, -1,
      180, 38, 33, -1,
      180, 33, 181, -1,
      181, 33, 31, -1,
      181, 31, 182, -1,
      182, 31, 30, -1,
      182, 30, 183, -1,
      183, 30, 3, -1,
      183, 3, 184, -1,
      184, 3, 5, -1,
      184, 5, 185, -1,
      185, 5, 177, -1,
      177, 5, 6, -1,
      177, 6, 47, -1,
      186, 41, 37, -1,
      186, 37, 187, -1,
      187, 37, 36, -1,
      187, 36, 188, -1,
      188, 36, 35, -1,
      188, 35, 189, -1,
      189, 35, 24, -1,
      189, 24, 190, -1,
      190, 24, 23, -1,
      190, 23, 191, -1,
      191, 23, 40, -1,
      191, 40, 192, -1,
      192, 40, 39, -1,
      192, 39, 179, -1,
      193, 10, 42, -1,
      193, 42, 194, -1,
      194, 42, 41, -1,
      194, 41, 186, -1,
      193, 195, 10, -1,
      10, 195, 9, -1,
      196, 0, 7, -1,
      196, 7, 197, -1,
      197, 7, 9, -1,
      197, 9, 195, -1,
      198, 14, 29, -1,
      198, 29, 199, -1,
      199, 29, 28, -1,
      199, 28, 200, -1,
      200, 28, 13, -1,
      200, 13, 201, -1,
      201, 13, 12, -1,
      201, 12, 202, -1,
      202, 12, 11, -1,
      202, 11, 203, -1,
      203, 11, 1, -1,
      203, 1, 204, -1,
      204, 1, 0, -1,
      204, 0, 196, -1,
      205, 18, 17, -1,
      205, 17, 206, -1,
      206, 17, 19, -1,
      206, 19, 207, -1,
      207, 19, 20, -1,
      207, 20, 208, -1,
      208, 20, 21, -1,
      208, 21, 209, -1,
      209, 21, 16, -1,
      209, 16, 210, -1,
      210, 16, 15, -1,
      210, 15, 211, -1,
      211, 15, 14, -1,
      211, 14, 198, -1,
      174, 8, 2, -1,
      174, 2, 212, -1,
      212, 2, 22, -1,
      212, 22, 213, -1,
      213, 22, 18, -1,
      213, 18, 205, -1,
      206, 177, 205, -1,
      205, 177, 178, -1,
      205, 178, 213, -1,
      213, 178, 176, -1,
      213, 176, 212, -1,
      212, 176, 175, -1,
      212, 175, 174, -1,
      195, 193, 197, -1,
      197, 193, 194, -1,
      197, 194, 196, -1,
      196, 194, 186, -1,
      196, 186, 204, -1,
      204, 186, 187, -1,
      204, 187, 203, -1,
      203, 187, 188, -1,
      203, 188, 202, -1,
      202, 188, 189, -1,
      202, 189, 201, -1,
      201, 189, 190, -1,
      201, 190, 200, -1,
      200, 190, 191, -1,
      200, 191, 199, -1,
      199, 191, 192, -1,
      199, 192, 198, -1,
      198, 192, 179, -1,
      198, 179, 211, -1,
      211, 179, 180, -1,
      211, 180, 210, -1,
      210, 180, 181, -1,
      210, 181, 209, -1,
      209, 181, 182, -1,
      209, 182, 208, -1,
      208, 182, 183, -1,
      208, 183, 207, -1,
      207, 183, 184, -1,
      207, 184, 206, -1,
      206, 184, 185, -1,
      206, 185, 177, -1,
      214, 215, 32, -1,
      32, 215, 4, -1,
      215, 216, 4, -1,
      4, 216, 27, -1,
      216, 217, 27, -1,
      27, 217, 26, -1,
      217, 218, 26, -1,
      26, 218, 25, -1,
      218, 219, 25, -1,
      25, 219, 34, -1,
      219, 214, 34, -1,
      34, 214, 32, -1,
      218, 217, 219, -1,
      219, 217, 216, -1,
      219, 216, 214, -1,
      214, 216, 215, -1,
    ]
  }
}

Shape {
  appearance Appearance {
    material Material {
      diffuseColor 0.2510 0.2510 0.2510
      specularColor 0.1255 0.1255 0.1255
      ambientIntensity 0.2
      transparency 0.0000
      shininess 0.5
    }
  }
  geometry IndexedFaceSet {
    ccw TRUE
    solid FALSE
    coord DEF co Coordinate {
      point [
        -0.117586 -0.007266 0.000000,
        -0.143918 -0.007266 0.000000,
        -0.129334 0.025623 0.000000,
        -0.130092 0.028354 0.000000,
        -0.130595 0.031144 0.000000,
        -0.130850 0.031144 0.000000,
        -0.131364 0.028362 0.000000,
        -0.132065 0.025623 0.000000,
        -0.048929 0.032104 0.000000,
        -0.037316 0.032104 0.000000,
        -0.058248 0.031114 0.000000,
        -0.064748 0.028839 0.000000,
        -0.070500 0.025124 0.000000,
        -0.074324 0.021063 0.000000,
        -0.077059 0.016206 0.000000,
        -0.078898 0.009978 0.000000,
        -0.079567 0.002142 0.000000,
        -0.078844 -0.006129 0.000000,
        -0.076534 -0.013530 0.000000,
        -0.073213 -0.018959 0.000000,
        -0.068797 -0.023321 0.000000,
        -0.063427 -0.026510 0.000000,
        -0.056801 -0.028578 0.000000,
        -0.048494 -0.029352 0.000000,
        -0.037316 -0.029352 0.000000,
      ]
    }
    coordIndex [
      0, 1, 2, -1,
      2, 1, 7, -1,
      2, 7, 3, -1,
      3, 7, 6, -1,
      3, 6, 4, -1,
      4, 6, 5, -1,
      9, 24, 8, -1,
      8, 24, 23, -1,
      8, 23, 22, -1,
      16, 15, 8, -1,
      8, 15, 14, -1,
      8, 14, 10, -1,
      22, 21, 8, -1,
      8, 21, 20, -1,
      8, 20, 19, -1,
      19, 18, 8, -1,
      8, 18, 17, -1,
      8, 17, 16, -1,
      13, 12, 14, -1,
      14, 12, 11, -1,
      14, 11, 10, -1,
    ]
  }
}

Shape {
  appearance Appearance {
    material Material {
      diffuseColor 0.7686 0.7686 0.7686
      specularColor 0.6157 0.6157 0.6157
      ambientIntensity 0.2
      transparency 0.0000
      shininess 0.5
    }
  }
  geometry IndexedFaceSet {
    ccw TRUE
    solid FALSE
    coord DEF co Coordinate {
      point [
        0.712598 -0.354331 0.070866,
        0.791339 -0.354331 0.070866,
        0.712598 -0.354331 -0.007874,
        0.791339 -0.354331 -0.007874,
        0.706995 -0.354731 -0.007874,
        0.706995 -0.354731 0.070866,
        0.701507 -0.355926 -0.007874,
        0.701507 -0.355926 0.070866,
        0.696243 -0.357889 -0.007874,
        0.696243 -0.357889 0.070866,
        0.691313 -0.360581 -0.007874,
        0.691313 -0.360581 0.070866,
        0.686817 -0.363947 -0.007874,
        0.686817 -0.363947 0.070866,
        0.682844 -0.367919 -0.007874,
        0.682844 -0.367919 0.070866,
        0.679478 -0.372416 -0.007874,
        0.679478 -0.372416 0.070866,
        0.676786 -0.377346 -0.007874,
        0.676786 -0.377346 0.070866,
        0.674823 -0.382609 -0.007874,
        0.674823 -0.382609 0.070866,
        0.673629 -0.388098 -0.007874,
        0.673629 -0.388098 0.070866,
        0.673228 -0.393701 -0.007874,
        0.673228 -0.393701 0.070866,
        0.673629 -0.399304 -0.007874,
        0.673629 -0.399304 0.070866,
        0.674823 -0.404793 -0.007874,
        0.674823 -0.404793 0.070866,
        0.676786 -0.410056 -0.007874,
        0.676786 -0.410056 0.070866,
        0.679478 -0.414986 -0.007874,
        0.679478 -0.414986 0.070866,
        0.682844 -0.419483 -0.007874,
        0.682844 -0.419483 0.070866,
        0.686817 -0.423455 -0.007874,
        0.686817 -0.423455 0.070866,
        0.691313 -0.426821 -0.007874,
        0.691313 -0.426821 0.070866,
        0.696243 -0.429513 -0.007874,
        0.696243 -0.429513 0.070866,
        0.701507 -0.431476 -0.007874,
        0.701507 -0.431476 0.070866,
        0.706995 -0.432670 -0.007874,
        0.706995 -0.432670 0.070866,
        0.712598 -0.433071 -0.007874,
        0.712598 -0.433071 0.070866,
        0.791339 -0.433071 0.070866,
        0.791339 -0.433071 -0.007874,
        -0.354331 -0.712598 0.070866,
        -0.354331 -0.791339 0.070866,
        -0.354331 -0.712598 -0.007874,
        -0.354331 -0.791339 -0.007874,
        -0.354731 -0.706995 -0.007874,
        -0.354731 -0.706995 0.070866,
        -0.355926 -0.701507 -0.007874,
        -0.355926 -0.701507 0.070866,
        -0.357889 -0.696243 -0.007874,
        -0.357889 -0.696243 0.070866,
        -0.360581 -0.691313 -0.007874,
        -0.360581 -0.691313 0.070866,
        -0.363947 -0.686817 -0.007874,
        -0.363947 -0.686817 0.070866,
        -0.367919 -0.682844 -0.007874,
        -0.367919 -0.682844 0.070866,
        -0.372416 -0.679478 -0.007874,
        -0.372416 -0.679478 0.070866,
        -0.377346 -0.676786 -0.007874,
        -0.377346 -0.676786 0.070866,
        -0.382609 -0.674823 -0.007874,
        -0.382609 -0.674823 0.070866,
        -0.388098 -0.673629 -0.007874,
        -0.388098 -0.673629 0.070866,
        -0.393701 -0.673228 -0.007874,
        -0.393701 -0.673228 0.070866,
        -0.399304 -0.673629 -0.007874,
        -0.399304 -0.673629 0.070866,
        -0.404793 -0.674823 -0.007874,
        -0.404793 -0.674823 0.070866,
        -0.410056 -0.676786 -0.007874,
        -0.410056 -0.676786 0.070866,
        -0.414986 -0.679478 -0.007874,
        -0.414986 -0.679478 0.070866,
        -0.419483 -0.682844 -0.007874,
        -0.419483 -0.682844 0.070866,
        -0.423455 -0.686817 -0.007874,
        -0.423455 -0.686817 0.070866,
        -0.426821 -0.691313 -0.007874,
        -0.426821 -0.691313 0.070866,
        -0.429513 -0.696243 -0.007874,
        -0.429513 -0.696243 0.070866,
        -0.431476 -0.701507 -0.007874,
        -0.431476 -0.701507 0.070866,
        -0.432670 -0.706995 -0.007874,
        -0.432670 -0.706995 0.070866,
        -0.433071 -0.712598 -0.007874,
        -0.433071 -0.712598 0.070866,
        -0.433071 -0.791339 0.070866,
        -0.433071 -0.791339 -0.007874,
        0.712598 -0.157480 0.070866,
        0.791339 -0.157480 0.070866,
        0.712598 -0.157480 -0.007874,
        0.791339 -0.157480 -0.007874,
        0.706995 -0.157881 -0.007874,
        0.706995 -0.157881 0.070866,
        0.701507 -0.159075 -0.007874,
        0.701507 -0.159075 0.070866,
        0.696243 -0.161038 -0.007874,
        0.696243 -0.161038 0.070866,
        0.691313 -0.163730 -0.007874,
        0.691313 -0.163730 0.070866,
        0.686817 -0.167096 -0.007874,
        0.686817 -0.167096 0.070866,
        0.682844 -0.171069 -0.007874,
        0.682844 -0.171069 0.070866,
        0.679478 -0.175565 -0.007874,
        0.679478 -0.175565 0.070866,
        0.676786 -0.180495 -0.007874,
        0.676786 -0.180495 0.070866,
        0.674823 -0.185759 -0.007874,
        0.674823 -0.185759 0.070866,
        0.673629 -0.191248 -0.007874,
        0.673629 -0.191248 0.070866,
        0.673228 -0.196850 -0.007874,
        0.673228 -0.196850 0.070866,
        0.673629 -0.202454 -0.007874,
        0.673629 -0.202454 0.070866,
        0.674823 -0.207942 -0.007874,
        0.674823 -0.207942 0.070866,
        0.676786 -0.213206 -0.007874,
        0.676786 -0.213206 0.070866,
        0.679478 -0.218135 -0.007874,
        0.679478 -0.218135 0.070866,
        0.682844 -0.222632 -0.007874,
        0.682844 -0.222632 0.070866,
        0.686817 -0.226604 -0.007874,
        0.686817 -0.226604 0.070866,
        0.691313 -0.229970 -0.007874,
        0.691313 -0.229970 0.070866,
        0.696243 -0.232663 -0.007874,
        0.696243 -0.232663 0.070866,
        0.701507 -0.234626 -0.007874,
        0.701507 -0.234626 0.070866,
        0.706995 -0.235820 -0.007874,
        0.706995 -0.235820 0.070866,
        0.712598 -0.236220 -0.007874,
        0.712598 -0.236220 0.070866,
        0.791339 -0.236220 0.070866,
        0.791339 -0.236220 -0.007874,
        0.712598 0.039370 0.070866,
        0.791339 0.039370 0.070866,
        0.712598 0.039370 -0.007874,
        0.791339 0.039370 -0.007874,
        0.706995 0.038969 -0.007874,
        0.706995 0.038969 0.070866,
        0.701507 0.037775 -0.007874,
        0.701507 0.037775 0.070866,
        0.696243 0.035812 -0.007874,
        0.696243 0.035812 0.070866,
        0.691313 0.033120 -0.007874,
        0.691313 0.033120 0.070866,
        0.686817 0.029754 -0.007874,
        0.686817 0.029754 0.070866,
        0.682844 0.025782 -0.007874,
        0.682844 0.025782 0.070866,
        0.679478 0.021285 -0.007874,
        0.679478 0.021285 0.070866,
        0.676786 0.016355 -0.007874,
        0.676786 0.016355 0.070866,
        0.674823 0.011092 -0.007874,
        0.674823 0.011092 0.070866,
        0.673629 0.005603 -0.007874,
        0.673629 0.005603 0.070866,
        0.673228 0.000000 -0.007874,
        0.673228 0.000000 0.070866,
        0.673629 -0.005603 -0.007874,
        0.673629 -0.005603 0.070866,
        0.674823 -0.011092 -0.007874,
        0.674823 -0.011092 0.070866,
        0.676786 -0.016355 -0.007874,
        0.676786 -0.016355 0.070866,
        0.679478 -0.021285 -0.007874,
        0.679478 -0.021285 0.070866,
        0.682844 -0.025782 -0.007874,
        0.682844 -0.025782 0.070866,
        0.686817 -0.029754 -0.007874,
        0.686817 -0.029754 0.070866,
        0.691313 -0.033120 -0.007874,
        0.691313 -0.033120 0.070866,
        0.696243 -0.035812 -0.007874,
        0.696243 -0.035812 0.070866,
        0.701507 -0.037775 -0.007874,
        0.701507 -0.037775 0.070866,
        0.706995 -0.038969 -0.007874,
        0.706995 -0.038969 0.070866,
        0.712598 -0.039370 -0.007874,
        0.712598 -0.039370 0.070866,
        0.791339 -0.039370 0.070866,
        0.791339 -0.039370 -0.007874,
        0.712598 0.236220 0.070866,
        0.791339 0.236220 0.070866,
        0.712598 0.236220 -0.007874,
        0.791339 0.236220 -0.007874,
        0.706995 0.235820 -0.007874,
        0.706995 0.235820 0.070866,
        0.701507 0.234626 -0.007874,
        0.701507 0.234626 0.070866,
        0.696243 0.232663 -0.007874,
        0.696243 0.232663 0.070866,
        0.691313 0.229970 -0.007874,
        0.691313 0.229970 0.070866,
        0.686817 0.226604 -0.007874,
        0.686817 0.226604 0.070866,
        0.682844 0.222632 -0.007874,
        0.682844 0.222632 0.070866,
        0.679478 0.218135 -0.007874,
        0.679478 0.218135 0.070866,
        0.676786 0.213206 -0.007874,
        0.676786 0.213206 0.070866,
        0.674823 0.207942 -0.007874,
        0.674823 0.207942 0.070866,
        0.673629 0.202454 -0.007874,
        0.673629 0.202454 0.070866,
        0.673228 0.196850 -0.007874,
        0.673228 0.196850 0.070866,
        0.673629 0.191248 -0.007874,
        0.673629 0.191248 0.070866,
        0.674823 0.185759 -0.007874,
        0.674823 0.185759 0.070866,
        0.676786 0.180495 -0.007874,
        0.676786 0.180495 0.070866,
        0.679478 0.175565 -0.007874,
        0.679478 0.175565 0.070866,
        0.682844 0.171069 -0.007874,
        0.682844 0.171069 0.070866,
        0.686817 0.167096 -0.007874,
        0.686817 0.167096 0.070866,
        0.691313 0.163730 -0.007874,
        0.691313 0.163730 0.070866,
        0.696243 0.161038 -0.007874,
        0.696243 0.161038 0.070866,
        0.701507 0.159075 -0.007874,
        0.701507 0.159075 0.070866,
        0.706995 0.157881 -0.007874,
        0.706995 0.157881 0.070866,
        0.712598 0.157480 -0.007874,
        0.712598 0.157480 0.070866,
        0.791339 0.157480 0.070866,
        0.791339 0.157480 -0.007874,
        0.712598 0.433071 0.070866,
        0.791339 0.433071 0.070866,
        0.712598 0.433071 -0.007874,
        0.791339 0.433071 -0.007874,
        0.706995 0.432670 -0.007874,
        0.706995 0.432670 0.070866,
        0.701507 0.431476 -0.007874,
        0.701507 0.431476 0.070866,
        0.696243 0.429513 -0.007874,
        0.696243 0.429513 0.070866,
        0.691313 0.426821 -0.007874,
        0.691313 0.426821 0.070866,
        0.686817 0.423455 -0.007874,
        0.686817 0.423455 0.070866,
        0.682844 0.419483 -0.007874,
        0.682844 0.419483 0.070866,
        0.679478 0.414986 -0.007874,
        0.679478 0.414986 0.070866,
        0.676786 0.410056 -0.007874,
        0.676786 0.410056 0.070866,
        0.674823 0.404793 -0.007874,
        0.674823 0.404793 0.070866,
        0.673629 0.399304 -0.007874,
        0.673629 0.399304 0.070866,
        0.673228 0.393701 -0.007874,
        0.673228 0.393701 0.070866,
        0.673629 0.388098 -0.007874,
        0.673629 0.388098 0.070866,
        0.674823 0.382609 -0.007874,
        0.674823 0.382609 0.070866,
        0.676786 0.377346 -0.007874,
        0.676786 0.377346 0.070866,
        0.679478 0.372416 -0.007874,
        0.679478 0.372416 0.070866,
        0.682844 0.367919 -0.007874,
        0.682844 0.367919 0.070866,
        0.686817 0.363947 -0.007874,
        0.686817 0.363947 0.070866,
        0.691313 0.360581 -0.007874,
        0.691313 0.360581 0.070866,
        0.696243 0.357889 -0.007874,
        0.696243 0.357889 0.070866,
        0.701507 0.355926 -0.007874,
        0.701507 0.355926 0.070866,
        0.706995 0.354731 -0.007874,
        0.706995 0.354731 0.070866,
        0.712598 0.354331 -0.007874,
        0.712598 0.354331 0.070866,
        0.791339 0.354331 0.070866,
        0.791339 0.354331 -0.007874,
        -0.157480 -0.712598 0.070866,
        -0.157480 -0.791339 0.070866,
        -0.157480 -0.712598 -0.007874,
        -0.157480 -0.791339 -0.007874,
        -0.157881 -0.706995 -0.007874,
        -0.157881 -0.706995 0.070866,
        -0.159075 -0.701507 -0.007874,
        -0.159075 -0.701507 0.070866,
        -0.161038 -0.696243 -0.007874,
        -0.161038 -0.696243 0.070866,
        -0.163730 -0.691313 -0.007874,
        -0.163730 -0.691313 0.070866,
        -0.167096 -0.686817 -0.007874,
        -0.167096 -0.686817 0.070866,
        -0.171069 -0.682844 -0.007874,
        -0.171069 -0.682844 0.070866,
        -0.175565 -0.679478 -0.007874,
        -0.175565 -0.679478 0.070866,
        -0.180495 -0.676786 -0.007874,
        -0.180495 -0.676786 0.070866,
        -0.185759 -0.674823 -0.007874,
        -0.185759 -0.674823 0.070866,
        -0.191248 -0.673629 -0.007874,
        -0.191248 -0.673629 0.070866,
        -0.196850 -0.673228 -0.007874,
        -0.196850 -0.673228 0.070866,
        -0.202454 -0.673629 -0.007874,
        -0.202454 -0.673629 0.070866,
        -0.207942 -0.674823 -0.007874,
        -0.207942 -0.674823 0.070866,
        -0.213206 -0.676786 -0.007874,
        -0.213206 -0.676786 0.070866,
        -0.218135 -0.679478 -0.007874,
        -0.218135 -0.679478 0.070866,
        -0.222632 -0.682844 -0.007874,
        -0.222632 -0.682844 0.070866,
        -0.226604 -0.686817 -0.007874,
        -0.226604 -0.686817 0.070866,
        -0.229970 -0.691313 -0.007874,
        -0.229970 -0.691313 0.070866,
        -0.232663 -0.696243 -0.007874,
        -0.232663 -0.696243 0.070866,
        -0.234626 -0.701507 -0.007874,
        -0.234626 -0.701507 0.070866,
        -0.235820 -0.706995 -0.007874,
        -0.235820 -0.706995 0.070866,
        -0.236220 -0.712598 -0.007874,
        -0.236220 -0.712598 0.070866,
        -0.236220 -0.791339 0.070866,
        -0.236220 -0.791339 -0.007874,
        0.039370 -0.712598 0.070866,
        0.039370 -0.791339 0.070866,
        0.039370 -0.712598 -0.007874,
        0.039370 -0.791339 -0.007874,
        0.038969 -0.706995 -0.007874,
        0.038969 -0.706995 0.070866,
        0.037775 -0.701507 -0.007874,
        0.037775 -0.701507 0.070866,
        0.035812 -0.696243 -0.007874,
        0.035812 -0.696243 0.070866,
        0.033120 -0.691313 -0.007874,
        0.033120 -0.691313 0.070866,
        0.029754 -0.686817 -0.007874,
        0.029754 -0.686817 0.070866,
        0.025782 -0.682844 -0.007874,
        0.025782 -0.682844 0.070866,
        0.021285 -0.679478 -0.007874,
        0.021285 -0.679478 0.070866,
        0.016355 -0.676786 -0.007874,
        0.016355 -0.676786 0.070866,
        0.011092 -0.674823 -0.007874,
        0.011092 -0.674823 0.070866,
        0.005603 -0.673629 -0.007874,
        0.005603 -0.673629 0.070866,
        -0.000000 -0.673228 -0.007874,
        -0.000000 -0.673228 0.070866,
        -0.005603 -0.673629 -0.007874,
        -0.005603 -0.673629 0.070866,
        -0.011092 -0.674823 -0.007874,
        -0.011092 -0.674823 0.070866,
        -0.016355 -0.676786 -0.007874,
        -0.016355 -0.676786 0.070866,
        -0.021285 -0.679478 -0.007874,
        -0.021285 -0.679478 0.070866,
        -0.025782 -0.682844 -0.007874,
        -0.025782 -0.682844 0.070866,
        -0.029754 -0.686817 -0.007874,
        -0.029754 -0.686817 0.070866,
        -0.033120 -0.691313 -0.007874,
        -0.033120 -0.691313 0.070866,
        -0.035812 -0.696243 -0.007874,
        -0.035812 -0.696243 0.070866,
        -0.037775 -0.701507 -0.007874,
        -0.037775 -0.701507 0.070866,
        -0.038969 -0.706995 -0.007874,
        -0.038969 -0.706995 0.070866,
        -0.039370 -0.712598 -0.007874,
        -0.039370 -0.712598 0.070866,
        -0.039370 -0.791339 0.070866,
        -0.039370 -0.791339 -0.007874,
        0.236220 -0.712598 0.070866,
        0.236220 -0.791339 0.070866,
        0.236220 -0.712598 -0.007874,
        0.236220 -0.791339 -0.007874,
        0.235820 -0.706995 -0.007874,
        0.235820 -0.706995 0.070866,
        0.234626 -0.701507 -0.007874,
        0.234626 -0.701507 0.070866,
        0.232663 -0.696243 -0.007874,
        0.232663 -0.696243 0.070866,
        0.229970 -0.691313 -0.007874,
        0.229970 -0.691313 0.070866,
        0.226604 -0.686817 -0.007874,
        0.226604 -0.686817 0.070866,
        0.222632 -0.682844 -0.007874,
        0.222632 -0.682844 0.070866,
        0.218135 -0.679478 -0.007874,
        0.218135 -0.679478 0.070866,
        0.213206 -0.676786 -0.007874,
        0.213206 -0.676786 0.070866,
        0.207942 -0.674823 -0.007874,
        0.207942 -0.674823 0.070866,
        0.202454 -0.673629 -0.007874,
        0.202454 -0.673629 0.070866,
        0.196850 -0.673228 -0.007874,
        0.196850 -0.673228 0.070866,
        0.191248 -0.673629 -0.007874,
        0.191248 -0.673629 0.070866,
        0.185759 -0.674823 -0.007874,
        0.185759 -0.674823 0.070866,
        0.180495 -0.676786 -0.007874,
        0.180495 -0.676786 0.070866,
        0.175565 -0.679478 -0.007874,
        0.175565 -0.679478 0.070866,
        0.171069 -0.682844 -0.007874,
        0.171069 -0.682844 0.070866,
        0.167096 -0.686817 -0.007874,
        0.167096 -0.686817 0.070866,
        0.163730 -0.691313 -0.007874,
        0.163730 -0.691313 0.070866,
        0.161038 -0.696243 -0.007874,
        0.161038 -0.696243 0.070866,
        0.159075 -0.701507 -0.007874,
        0.159075 -0.701507 0.070866,
        0.157881 -0.706995 -0.007874,
        0.157881 -0.706995 0.070866,
        0.157480 -0.712598 -0.007874,
        0.157480 -0.712598 0.070866,
        0.157480 -0.791339 0.070866,
        0.157480 -0.791339 -0.007874,
        0.433071 -0.712598 0.070866,
        0.433071 -0.791339 0.070866,
        0.433071 -0.712598 -0.007874,
        0.433071 -0.791339 -0.007874,
        0.432670 -0.706995 -0.007874,
        0.432670 -0.706995 0.070866,
        0.431476 -0.701507 -0.007874,
        0.431476 -0.701507 0.070866,
        0.429513 -0.696243 -0.007874,
        0.429513 -0.696243 0.070866,
        0.426821 -0.691313 -0.007874,
        0.426821 -0.691313 0.070866,
        0.423455 -0.686817 -0.007874,
        0.423455 -0.686817 0.070866,
        0.419483 -0.682844 -0.007874,
        0.419483 -0.682844 0.070866,
        0.414986 -0.679478 -0.007874,
        0.414986 -0.679478 0.070866,
        0.410056 -0.676786 -0.007874,
        0.410056 -0.676786 0.070866,
        0.404793 -0.674823 -0.007874,
        0.404793 -0.674823 0.070866,
        0.399304 -0.673629 -0.007874,
        0.399304 -0.673629 0.070866,
        0.393701 -0.673228 -0.007874,
        0.393701 -0.673228 0.070866,
        0.388098 -0.673629 -0.007874,
        0.388098 -0.673629 0.070866,
        0.382609 -0.674823 -0.007874,
        0.382609 -0.674823 0.070866,
        0.377346 -0.676786 -0.007874,
        0.377346 -0.676786 0.070866,
        0.372416 -0.679478 -0.007874,
        0.372416 -0.679478 0.070866,
        0.367919 -0.682844 -0.007874,
        0.367919 -0.682844 0.070866,
        0.363947 -0.686817 -0.007874,
        0.363947 -0.686817 0.070866,
        0.360581 -0.691313 -0.007874,
        0.360581 -0.691313 0.070866,
        0.357889 -0.696243 -0.007874,
        0.357889 -0.696243 0.070866,
        0.355926 -0.701507 -0.007874,
        0.355926 -0.701507 0.070866,
        0.354731 -0.706995 -0.007874,
        0.354731 -0.706995 0.070866,
        0.354331 -0.712598 -0.007874,
        0.354331 -0.712598 0.070866,
        0.354331 -0.791339 0.070866,
        0.354331 -0.791339 -0.007874,
        -0.712598 -0.354331 -0.007874,
        -0.791339 -0.354331 -0.007874,
        -0.712598 -0.354331 0.070866,
        -0.791339 -0.354331 0.070866,
        -0.706995 -0.354731 0.070866,
        -0.706995 -0.354731 -0.007874,
        -0.701507 -0.355926 0.070866,
        -0.701507 -0.355926 -0.007874,
        -0.696243 -0.357889 0.070866,
        -0.696243 -0.357889 -0.007874,
        -0.691313 -0.360581 0.070866,
        -0.691313 -0.360581 -0.007874,
        -0.686817 -0.363947 0.070866,
        -0.686817 -0.363947 -0.007874,
        -0.682844 -0.367919 0.070866,
        -0.682844 -0.367919 -0.007874,
        -0.679478 -0.372416 0.070866,
        -0.679478 -0.372416 -0.007874,
        -0.676786 -0.377346 0.070866,
        -0.676786 -0.377346 -0.007874,
        -0.674823 -0.382609 0.070866,
        -0.674823 -0.382609 -0.007874,
        -0.673629 -0.388098 0.070866,
        -0.673629 -0.388098 -0.007874,
        -0.673228 -0.393701 0.070866,
        -0.673228 -0.393701 -0.007874,
        -0.673629 -0.399304 0.070866,
        -0.673629 -0.399304 -0.007874,
        -0.674823 -0.404793 0.070866,
        -0.674823 -0.404793 -0.007874,
        -0.676786 -0.410056 0.070866,
        -0.676786 -0.410056 -0.007874,
        -0.679478 -0.414986 0.070866,
        -0.679478 -0.414986 -0.007874,
        -0.682844 -0.419483 0.070866,
        -0.682844 -0.419483 -0.007874,
        -0.686817 -0.423455 0.070866,
        -0.686817 -0.423455 -0.007874,
        -0.691313 -0.426821 0.070866,
        -0.691313 -0.426821 -0.007874,
        -0.696243 -0.429513 0.070866,
        -0.696243 -0.429513 -0.007874,
        -0.701507 -0.431476 0.070866,
        -0.701507 -0.431476 -0.007874,
        -0.706995 -0.432670 0.070866,
        -0.706995 -0.432670 -0.007874,
        -0.712598 -0.433071 0.070866,
        -0.712598 -0.433071 -0.007874,
        -0.791339 -0.433071 -0.007874,
        -0.791339 -0.433071 0.070866,
        -0.712598 -0.157480 -0.007874,
        -0.791339 -0.157480 -0.007874,
        -0.712598 -0.157480 0.070866,
        -0.791339 -0.157480 0.070866,
        -0.706995 -0.157881 0.070866,
        -0.706995 -0.157881 -0.007874,
        -0.701507 -0.159075 0.070866,
        -0.701507 -0.159075 -0.007874,
        -0.696243 -0.161038 0.070866,
        -0.696243 -0.161038 -0.007874,
        -0.691313 -0.163730 0.070866,
        -0.691313 -0.163730 -0.007874,
        -0.686817 -0.167096 0.070866,
        -0.686817 -0.167096 -0.007874,
        -0.682844 -0.171069 0.070866,
        -0.682844 -0.171069 -0.007874,
        -0.679478 -0.175565 0.070866,
        -0.679478 -0.175565 -0.007874,
        -0.676786 -0.180495 0.070866,
        -0.676786 -0.180495 -0.007874,
        -0.674823 -0.185759 0.070866,
        -0.674823 -0.185759 -0.007874,
        -0.673629 -0.191248 0.070866,
        -0.673629 -0.191248 -0.007874,
        -0.673228 -0.196850 0.070866,
        -0.673228 -0.196850 -0.007874,
        -0.673629 -0.202454 0.070866,
        -0.673629 -0.202454 -0.007874,
        -0.674823 -0.207942 0.070866,
        -0.674823 -0.207942 -0.007874,
        -0.676786 -0.213206 0.070866,
        -0.676786 -0.213206 -0.007874,
        -0.679478 -0.218135 0.070866,
        -0.679478 -0.218135 -0.007874,
        -0.682844 -0.222632 0.070866,
        -0.682844 -0.222632 -0.007874,
        -0.686817 -0.226604 0.070866,
        -0.686817 -0.226604 -0.007874,
        -0.691313 -0.229970 0.070866,
        -0.691313 -0.229970 -0.007874,
        -0.696243 -0.232663 0.070866,
        -0.696243 -0.232663 -0.007874,
        -0.701507 -0.234626 0.070866,
        -0.701507 -0.234626 -0.007874,
        -0.706995 -0.235820 0.070866,
        -0.706995 -0.235820 -0.007874,
        -0.712598 -0.236220 0.070866,
        -0.712598 -0.236220 -0.007874,
        -0.791339 -0.236220 -0.007874,
        -0.791339 -0.236220 0.070866,
        -0.712598 0.039370 -0.007874,
        -0.791339 0.039370 -0.007874,
        -0.712598 0.039370 0.070866,
        -0.791339 0.039370 0.070866,
        -0.706995 0.038969 0.070866,
        -0.706995 0.038969 -0.007874,
        -0.701507 0.037775 0.070866,
        -0.701507 0.037775 -0.007874,
        -0.696243 0.035812 0.070866,
        -0.696243 0.035812 -0.007874,
        -0.691313 0.033120 0.070866,
        -0.691313 0.033120 -0.007874,
        -0.686817 0.029754 0.070866,
        -0.686817 0.029754 -0.007874,
        -0.682844 0.025782 0.070866,
        -0.682844 0.025782 -0.007874,
        -0.679478 0.021285 0.070866,
        -0.679478 0.021285 -0.007874,
        -0.676786 0.016355 0.070866,
        -0.676786 0.016355 -0.007874,
        -0.674823 0.011092 0.070866,
        -0.674823 0.011092 -0.007874,
        -0.673629 0.005603 0.070866,
        -0.673629 0.005603 -0.007874,
        -0.673228 0.000000 0.070866,
        -0.673228 0.000000 -0.007874,
        -0.673629 -0.005603 0.070866,
        -0.673629 -0.005603 -0.007874,
        -0.674823 -0.011092 0.070866,
        -0.674823 -0.011092 -0.007874,
        -0.676786 -0.016355 0.070866,
        -0.676786 -0.016355 -0.007874,
        -0.679478 -0.021285 0.070866,
        -0.679478 -0.021285 -0.007874,
        -0.682844 -0.025782 0.070866,
        -0.682844 -0.025782 -0.007874,
        -0.686817 -0.029754 0.070866,
        -0.686817 -0.029754 -0.007874,
        -0.691313 -0.033120 0.070866,
        -0.691313 -0.033120 -0.007874,
        -0.696243 -0.035812 0.070866,
        -0.696243 -0.035812 -0.007874,
        -0.701507 -0.037775 0.070866,
        -0.701507 -0.037775 -0.007874,
        -0.706995 -0.038969 0.070866,
        -0.706995 -0.038969 -0.007874,
        -0.712598 -0.039370 0.070866,
        -0.712598 -0.039370 -0.007874,
        -0.791339 -0.039370 -0.007874,
        -0.791339 -0.039370 0.070866,
        -0.712598 0.236220 -0.007874,
        -0.791339 0.236220 -0.007874,
        -0.712598 0.236220 0.070866,
        -0.791339 0.236220 0.070866,
        -0.706995 0.235820 0.070866,
        -0.706995 0.235820 -0.007874,
        -0.701507 0.234626 0.070866,
        -0.701507 0.234626 -0.007874,
        -0.696243 0.232663 0.070866,
        -0.696243 0.232663 -0.007874,
        -0.691313 0.229970 0.070866,
        -0.691313 0.229970 -0.007874,
        -0.686817 0.226604 0.070866,
        -0.686817 0.226604 -0.007874,
        -0.682844 0.222632 0.070866,
        -0.682844 0.222632 -0.007874,
        -0.679478 0.218135 0.070866,
        -0.679478 0.218135 -0.007874,
        -0.676786 0.213206 0.070866,
        -0.676786 0.213206 -0.007874,
        -0.674823 0.207942 0.070866,
        -0.674823 0.207942 -0.007874,
        -0.673629 0.202454 0.070866,
        -0.673629 0.202454 -0.007874,
        -0.673228 0.196850 0.070866,
        -0.673228 0.196850 -0.007874,
        -0.673629 0.191248 0.070866,
        -0.673629 0.191248 -0.007874,
        -0.674823 0.185759 0.070866,
        -0.674823 0.185759 -0.007874,
        -0.676786 0.180495 0.070866,
        -0.676786 0.180495 -0.007874,
        -0.679478 0.175565 0.070866,
        -0.679478 0.175565 -0.007874,
        -0.682844 0.171069 0.070866,
        -0.682844 0.171069 -0.007874,
        -0.686817 0.167096 0.070866,
        -0.686817 0.167096 -0.007874,
        -0.691313 0.163730 0.070866,
        -0.691313 0.163730 -0.007874,
        -0.696243 0.161038 0.070866,
        -0.696243 0.161038 -0.007874,
        -0.701507 0.159075 0.070866,
        -0.701507 0.159075 -0.007874,
        -0.706995 0.157881 0.070866,
        -0.706995 0.157881 -0.007874,
        -0.712598 0.157480 0.070866,
        -0.712598 0.157480 -0.007874,
        -0.791339 0.157480 -0.007874,
        -0.791339 0.157480 0.070866,
        -0.712598 0.433071 -0.007874,
        -0.791339 0.433071 -0.007874,
        -0.712598 0.433071 0.070866,
        -0.791339 0.433071 0.070866,
        -0.706995 0.432670 0.070866,
        -0.706995 0.432670 -0.007874,
        -0.701507 0.431476 0.070866,
        -0.701507 0.431476 -0.007874,
        -0.696243 0.429513 0.070866,
        -0.696243 0.429513 -0.007874,
        -0.691313 0.426821 0.070866,
        -0.691313 0.426821 -0.007874,
        -0.686817 0.423455 0.070866,
        -0.686817 0.423455 -0.007874,
        -0.682844 0.419483 0.070866,
        -0.682844 0.419483 -0.007874,
        -0.679478 0.414986 0.070866,
        -0.679478 0.414986 -0.007874,
        -0.676786 0.410056 0.070866,
        -0.676786 0.410056 -0.007874,
        -0.674823 0.404793 0.070866,
        -0.674823 0.404793 -0.007874,
        -0.673629 0.399304 0.070866,
        -0.673629 0.399304 -0.007874,
        -0.673228 0.393701 0.070866,
        -0.673228 0.393701 -0.007874,
        -0.673629 0.388098 0.070866,
        -0.673629 0.388098 -0.007874,
        -0.674823 0.382609 0.070866,
        -0.674823 0.382609 -0.007874,
        -0.676786 0.377346 0.070866,
        -0.676786 0.377346 -0.007874,
        -0.679478 0.372416 0.070866,
        -0.679478 0.372416 -0.007874,
        -0.682844 0.367919 0.070866,
        -0.682844 0.367919 -0.007874,
        -0.686817 0.363947 0.070866,
        -0.686817 0.363947 -0.007874,
        -0.691313 0.360581 0.070866,
        -0.691313 0.360581 -0.007874,
        -0.696243 0.357889 0.070866,
        -0.696243 0.357889 -0.007874,
        -0.701507 0.355926 0.070866,
        -0.701507 0.355926 -0.007874,
        -0.706995 0.354731 0.070866,
        -0.706995 0.354731 -0.007874,
        -0.712598 0.354331 0.070866,
        -0.712598 0.354331 -0.007874,
        -0.791339 0.354331 -0.007874,
        -0.791339 0.354331 0.070866,
        -0.354331 0.712598 -0.007874,
        -0.354331 0.791339 -0.007874,
        -0.354331 0.712598 0.070866,
        -0.354331 0.791339 0.070866,
        -0.354731 0.706995 0.070866,
        -0.354731 0.706995 -0.007874,
        -0.355926 0.701507 0.070866,
        -0.355926 0.701507 -0.007874,
        -0.357889 0.696243 0.070866,
        -0.357889 0.696243 -0.007874,
        -0.360581 0.691313 0.070866,
        -0.360581 0.691313 -0.007874,
        -0.363947 0.686817 0.070866,
        -0.363947 0.686817 -0.007874,
        -0.367919 0.682844 0.070866,
        -0.367919 0.682844 -0.007874,
        -0.372416 0.679478 0.070866,
        -0.372416 0.679478 -0.007874,
        -0.377346 0.676786 0.070866,
        -0.377346 0.676786 -0.007874,
        -0.382609 0.674823 0.070866,
        -0.382609 0.674823 -0.007874,
        -0.388098 0.673629 0.070866,
        -0.388098 0.673629 -0.007874,
        -0.393701 0.673228 0.070866,
        -0.393701 0.673228 -0.007874,
        -0.399304 0.673629 0.070866,
        -0.399304 0.673629 -0.007874,
        -0.404793 0.674823 0.070866,
        -0.404793 0.674823 -0.007874,
        -0.410056 0.676786 0.070866,
        -0.410056 0.676786 -0.007874,
        -0.414986 0.679478 0.070866,
        -0.414986 0.679478 -0.007874,
        -0.419483 0.682844 0.070866,
        -0.419483 0.682844 -0.007874,
        -0.423455 0.686817 0.070866,
        -0.423455 0.686817 -0.007874,
        -0.426821 0.691313 0.070866,
        -0.426821 0.691313 -0.007874,
        -0.429513 0.696243 0.070866,
        -0.429513 0.696243 -0.007874,
        -0.431476 0.701507 0.070866,
        -0.431476 0.701507 -0.007874,
        -0.432670 0.706995 0.070866,
        -0.432670 0.706995 -0.007874,
        -0.433071 0.712598 0.070866,
        -0.433071 0.712598 -0.007874,
        -0.433071 0.791339 -0.007874,
        -0.433071 0.791339 0.070866,
        -0.157480 0.712598 -0.007874,
        -0.157480 0.791339 -0.007874,
        -0.157480 0.712598 0.070866,
        -0.157480 0.791339 0.070866,
        -0.157881 0.706995 0.070866,
        -0.157881 0.706995 -0.007874,
        -0.159075 0.701507 0.070866,
        -0.159075 0.701507 -0.007874,
        -0.161038 0.696243 0.070866,
        -0.161038 0.696243 -0.007874,
        -0.163730 0.691313 0.070866,
        -0.163730 0.691313 -0.007874,
        -0.167096 0.686817 0.070866,
        -0.167096 0.686817 -0.007874,
        -0.171069 0.682844 0.070866,
        -0.171069 0.682844 -0.007874,
        -0.175565 0.679478 0.070866,
        -0.175565 0.679478 -0.007874,
        -0.180495 0.676786 0.070866,
        -0.180495 0.676786 -0.007874,
        -0.185759 0.674823 0.070866,
        -0.185759 0.674823 -0.007874,
        -0.191248 0.673629 0.070866,
        -0.191248 0.673629 -0.007874,
        -0.196850 0.673228 0.070866,
        -0.196850 0.673228 -0.007874,
        -0.202454 0.673629 0.070866,
        -0.202454 0.673629 -0.007874,
        -0.207942 0.674823 0.070866,
        -0.207942 0.674823 -0.007874,
        -0.213206 0.676786 0.070866,
        -0.213206 0.676786 -0.007874,
        -0.218135 0.679478 0.070866,
        -0.218135 0.679478 -0.007874,
        -0.222632 0.682844 0.070866,
        -0.222632 0.682844 -0.007874,
        -0.226604 0.686817 0.070866,
        -0.226604 0.686817 -0.007874,
        -0.229970 0.691313 0.070866,
        -0.229970 0.691313 -0.007874,
        -0.232663 0.696243 0.070866,
        -0.232663 0.696243 -0.007874,
        -0.234626 0.701507 0.070866,
        -0.234626 0.701507 -0.007874,
        -0.235820 0.706995 0.070866,
        -0.235820 0.706995 -0.007874,
        -0.236220 0.712598 0.070866,
        -0.236220 0.712598 -0.007874,
        -0.236220 0.791339 -0.007874,
        -0.236220 0.791339 0.070866,
        0.039370 0.712598 -0.007874,
        0.039370 0.791339 -0.007874,
        0.039370 0.712598 0.070866,
        0.039370 0.791339 0.070866,
        0.038969 0.706995 0.070866,
        0.038969 0.706995 -0.007874,
        0.037775 0.701507 0.070866,
        0.037775 0.701507 -0.007874,
        0.035812 0.696243 0.070866,
        0.035812 0.696243 -0.007874,
        0.033120 0.691313 0.070866,
        0.033120 0.691313 -0.007874,
        0.029754 0.686817 0.070866,
        0.029754 0.686817 -0.007874,
        0.025782 0.682844 0.070866,
        0.025782 0.682844 -0.007874,
        0.021285 0.679478 0.070866,
        0.021285 0.679478 -0.007874,
        0.016355 0.676786 0.070866,
        0.016355 0.676786 -0.007874,
        0.011092 0.674823 0.070866,
        0.011092 0.674823 -0.007874,
        0.005603 0.673629 0.070866,
        0.005603 0.673629 -0.007874,
        -0.000000 0.673228 0.070866,
        -0.000000 0.673228 -0.007874,
        -0.005603 0.673629 0.070866,
        -0.005603 0.673629 -0.007874,
        -0.011092 0.674823 0.070866,
        -0.011092 0.674823 -0.007874,
        -0.016355 0.676786 0.070866,
        -0.016355 0.676786 -0.007874,
        -0.021285 0.679478 0.070866,
        -0.021285 0.679478 -0.007874,
        -0.025782 0.682844 0.070866,
        -0.025782 0.682844 -0.007874,
        -0.029754 0.686817 0.070866,
        -0.029754 0.686817 -0.007874,
        -0.033120 0.691313 0.070866,
        -0.033120 0.691313 -0.007874,
        -0.035812 0.696243 0.070866,
        -0.035812 0.696243 -0.007874,
        -0.037775 0.701507 0.070866,
        -0.037775 0.701507 -0.007874,
        -0.038969 0.706995 0.070866,
        -0.038969 0.706995 -0.007874,
        -0.039370 0.712598 0.070866,
        -0.039370 0.712598 -0.007874,
        -0.039370 0.791339 -0.007874,
        -0.039370 0.791339 0.070866,
        0.236220 0.712598 -0.007874,
        0.236220 0.791339 -0.007874,
        0.236220 0.712598 0.070866,
        0.236220 0.791339 0.070866,
        0.235820 0.706995 0.070866,
        0.235820 0.706995 -0.007874,
        0.234626 0.701507 0.070866,
        0.234626 0.701507 -0.007874,
        0.232663 0.696243 0.070866,
        0.232663 0.696243 -0.007874,
        0.229970 0.691313 0.070866,
        0.229970 0.691313 -0.007874,
        0.226604 0.686817 0.070866,
        0.226604 0.686817 -0.007874,
        0.222632 0.682844 0.070866,
        0.222632 0.682844 -0.007874,
        0.218135 0.679478 0.070866,
        0.218135 0.679478 -0.007874,
        0.213206 0.676786 0.070866,
        0.213206 0.676786 -0.007874,
        0.207942 0.674823 0.070866,
        0.207942 0.674823 -0.007874,
        0.202454 0.673629 0.070866,
        0.202454 0.673629 -0.007874,
        0.196850 0.673228 0.070866,
        0.196850 0.673228 -0.007874,
        0.191248 0.673629 0.070866,
        0.191248 0.673629 -0.007874,
        0.185759 0.674823 0.070866,
        0.185759 0.674823 -0.007874,
        0.180495 0.676786 0.070866,
        0.180495 0.676786 -0.007874,
        0.175565 0.679478 0.070866,
        0.175565 0.679478 -0.007874,
        0.171069 0.682844 0.070866,
        0.171069 0.682844 -0.007874,
        0.167096 0.686817 0.070866,
        0.167096 0.686817 -0.007874,
        0.163730 0.691313 0.070866,
        0.163730 0.691313 -0.007874,
        0.161038 0.696243 0.070866,
        0.161038 0.696243 -0.007874,
        0.159075 0.701507 0.070866,
        0.159075 0.701507 -0.007874,
        0.157881 0.706995 0.070866,
        0.157881 0.706995 -0.007874,
        0.157480 0.712598 0.070866,
        0.157480 0.712598 -0.007874,
        0.157480 0.791339 -0.007874,
        0.157480 0.791339 0.070866,
        0.433071 0.712598 -0.007874,
        0.433071 0.791339 -0.007874,
        0.433071 0.712598 0.070866,
        0.433071 0.791339 0.070866,
        0.432670 0.706995 0.070866,
        0.432670 0.706995 -0.007874,
        0.431476 0.701507 0.070866,
        0.431476 0.701507 -0.007874,
        0.429513 0.696243 0.070866,
        0.429513 0.696243 -0.007874,
        0.426821 0.691313 0.070866,
        0.426821 0.691313 -0.007874,
        0.423455 0.686817 0.070866,
        0.423455 0.686817 -0.007874,
        0.419483 0.682844 0.070866,
        0.419483 0.682844 -0.007874,
        0.414986 0.679478 0.070866,
        0.414986 0.679478 -0.007874,
        0.410056 0.676786 0.070866,
        0.410056 0.676786 -0.007874,
        0.404793 0.674823 0.070866,
        0.404793 0.674823 -0.007874,
        0.399304 0.673629 0.070866,
        0.399304 0.673629 -0.007874,
        0.393701 0.673228 0.070866,
        0.393701 0.673228 -0.007874,
        0.388098 0.673629 0.070866,
        0.388098 0.673629 -0.007874,
        0.382609 0.674823 0.070866,
        0.382609 0.674823 -0.007874,
        0.377346 0.676786 0.070866,
        0.377346 0.676786 -0.007874,
        0.372416 0.679478 0.070866,
        0.372416 0.679478 -0.007874,
        0.367919 0.682844 0.070866,
        0.367919 0.682844 -0.007874,
        0.363947 0.686817 0.070866,
        0.363947 0.686817 -0.007874,
        0.360581 0.691313 0.070866,
        0.360581 0.691313 -0.007874,
        0.357889 0.696243 0.070866,
        0.357889 0.696243 -0.007874,
        0.355926 0.701507 0.070866,
        0.355926 0.701507 -0.007874,
        0.354731 0.706995 0.070866,
        0.354731 0.706995 -0.007874,
        0.354331 0.712598 0.070866,
        0.354331 0.712598 -0.007874,
        0.354331 0.791339 -0.007874,
        0.354331 0.791339 0.070866,
      ]
    }
    coordIndex [
      0, 1, 2, -1,
      2, 1, 3, -1,
      0, 2, 4, -1,
      0, 4, 5, -1,
      5, 4, 6, -1,
      5, 6, 7, -1,
      7, 6, 8, -1,
      7, 8, 9, -1,
      9, 8, 10, -1,
      9, 10, 11, -1,
      11, 10, 12, -1,
      11, 12, 13, -1,
      13, 12, 14, -1,
      13, 14, 15, -1,
      15, 14, 16, -1,
      15, 16, 17, -1,
      17, 16, 18, -1,
      17, 18, 19, -1,
      19, 18, 20, -1,
      19, 20, 21, -1,
      21, 20, 22, -1,
      21, 22, 23, -1,
      23, 22, 24, -1,
      23, 24, 25, -1,
      25, 24, 26, -1,
      25, 26, 27, -1,
      27, 26, 28, -1,
      27, 28, 29, -1,
      29, 28, 30, -1,
      29, 30, 31, -1,
      31, 30, 32, -1,
      31, 32, 33, -1,
      33, 32, 34, -1,
      33, 34, 35, -1,
      35, 34, 36, -1,
      35, 36, 37, -1,
      37, 36, 38, -1,
      37, 38, 39, -1,
      39, 38, 40, -1,
      39, 40, 41, -1,
      41, 40, 42, -1,
      41, 42, 43, -1,
      43, 42, 44, -1,
      43, 44, 45, -1,
      45, 44, 46, -1,
      45, 46, 47, -1,
      48, 47, 49, -1,
      49, 47, 46, -1,
      1, 48, 3, -1,
      3, 48, 49, -1,
      48, 1, 47, -1,
      47, 1, 0, -1,
      39, 41, 0, -1,
      41, 43, 0, -1,
      0, 43, 45, -1,
      0, 45, 47, -1,
      31, 33, 0, -1,
      5, 7, 21, -1,
      33, 35, 0, -1,
      0, 35, 37, -1,
      0, 37, 39, -1,
      7, 9, 21, -1,
      21, 9, 11, -1,
      21, 11, 13, -1,
      13, 15, 21, -1,
      21, 15, 17, -1,
      21, 17, 19, -1,
      5, 21, 0, -1,
      0, 21, 23, -1,
      0, 23, 25, -1,
      25, 27, 0, -1,
      0, 27, 29, -1,
      0, 29, 31, -1,
      2, 3, 49, -1,
      49, 46, 2, -1,
      2, 46, 44, -1,
      2, 44, 42, -1,
      42, 40, 2, -1,
      2, 40, 38, -1,
      2, 38, 36, -1,
      10, 8, 20, -1,
      20, 8, 6, -1,
      36, 34, 2, -1,
      2, 34, 32, -1,
      2, 32, 30, -1,
      20, 18, 16, -1,
      30, 28, 2, -1,
      2, 28, 26, -1,
      2, 26, 24, -1,
      6, 4, 20, -1,
      20, 4, 2, -1,
      20, 2, 22, -1,
      22, 2, 24, -1,
      16, 14, 20, -1,
      20, 14, 12, -1,
      20, 12, 10, -1,
      50, 51, 52, -1,
      52, 51, 53, -1,
      50, 52, 54, -1,
      50, 54, 55, -1,
      55, 54, 56, -1,
      55, 56, 57, -1,
      57, 56, 58, -1,
      57, 58, 59, -1,
      59, 58, 60, -1,
      59, 60, 61, -1,
      61, 60, 62, -1,
      61, 62, 63, -1,
      63, 62, 64, -1,
      63, 64, 65, -1,
      65, 64, 66, -1,
      65, 66, 67, -1,
      67, 66, 68, -1,
      67, 68, 69, -1,
      69, 68, 70, -1,
      69, 70, 71, -1,
      71, 70, 72, -1,
      71, 72, 73, -1,
      73, 72, 74, -1,
      73, 74, 75, -1,
      75, 74, 76, -1,
      75, 76, 77, -1,
      77, 76, 78, -1,
      77, 78, 79, -1,
      79, 78, 80, -1,
      79, 80, 81, -1,
      81, 80, 82, -1,
      81, 82, 83, -1,
      83, 82, 84, -1,
      83, 84, 85, -1,
      85, 84, 86, -1,
      85, 86, 87, -1,
      87, 86, 88, -1,
      87, 88, 89, -1,
      89, 88, 90, -1,
      89, 90, 91, -1,
      91, 90, 92, -1,
      91, 92, 93, -1,
      93, 92, 94, -1,
      93, 94, 95, -1,
      95, 94, 96, -1,
      95, 96, 97, -1,
      98, 97, 99, -1,
      99, 97, 96, -1,
      51, 98, 53, -1,
      53, 98, 99, -1,
      79, 81, 65, -1,
      98, 51, 97, -1,
      97, 51, 50, -1,
      97, 50, 55, -1,
      59, 61, 81, -1,
      81, 61, 63, -1,
      81, 63, 65, -1,
      81, 83, 59, -1,
      59, 83, 85, -1,
      59, 85, 87, -1,
      55, 57, 97, -1,
      97, 57, 59, -1,
      97, 59, 95, -1,
      95, 59, 93, -1,
      67, 69, 75, -1,
      75, 69, 71, -1,
      75, 71, 73, -1,
      67, 75, 65, -1,
      65, 75, 77, -1,
      65, 77, 79, -1,
      87, 89, 59, -1,
      59, 89, 91, -1,
      59, 91, 93, -1,
      53, 99, 52, -1,
      52, 99, 96, -1,
      96, 94, 52, -1,
      52, 94, 92, -1,
      52, 92, 90, -1,
      90, 88, 52, -1,
      52, 88, 86, -1,
      52, 86, 84, -1,
      84, 82, 52, -1,
      52, 82, 80, -1,
      52, 80, 54, -1,
      54, 80, 56, -1,
      62, 80, 64, -1,
      64, 80, 78, -1,
      62, 60, 80, -1,
      80, 60, 58, -1,
      80, 58, 56, -1,
      68, 74, 70, -1,
      70, 74, 72, -1,
      78, 76, 64, -1,
      64, 76, 74, -1,
      64, 74, 66, -1,
      66, 74, 68, -1,
      100, 101, 102, -1,
      102, 101, 103, -1,
      100, 102, 104, -1,
      100, 104, 105, -1,
      105, 104, 106, -1,
      105, 106, 107, -1,
      107, 106, 108, -1,
      107, 108, 109, -1,
      109, 108, 110, -1,
      109, 110, 111, -1,
      111, 110, 112, -1,
      111, 112, 113, -1,
      113, 112, 114, -1,
      113, 114, 115, -1,
      115, 114, 116, -1,
      115, 116, 117, -1,
      117, 116, 118, -1,
      117, 118, 119, -1,
      119, 118, 120, -1,
      119, 120, 121, -1,
      121, 120, 122, -1,
      121, 122, 123, -1,
      123, 122, 124, -1,
      123, 124, 125, -1,
      125, 124, 126, -1,
      125, 126, 127, -1,
      127, 126, 128, -1,
      127, 128, 129, -1,
      129, 128, 130, -1,
      129, 130, 131, -1,
      131, 130, 132, -1,
      131, 132, 133, -1,
      133, 132, 134, -1,
      133, 134, 135, -1,
      135, 134, 136, -1,
      135, 136, 137, -1,
      137, 136, 138, -1,
      137, 138, 139, -1,
      139, 138, 140, -1,
      139, 140, 141, -1,
      141, 140, 142, -1,
      141, 142, 143, -1,
      143, 142, 144, -1,
      143, 144, 145, -1,
      145, 144, 146, -1,
      145, 146, 147, -1,
      148, 147, 149, -1,
      149, 147, 146, -1,
      101, 148, 103, -1,
      103, 148, 149, -1,
      107, 109, 145, -1,
      145, 109, 111, -1,
      148, 101, 147, -1,
      147, 101, 100, -1,
      147, 100, 145, -1,
      145, 100, 105, -1,
      145, 105, 107, -1,
      111, 113, 145, -1,
      145, 113, 115, -1,
      145, 115, 117, -1,
      117, 119, 145, -1,
      145, 119, 121, -1,
      145, 121, 123, -1,
      123, 125, 145, -1,
      145, 125, 127, -1,
      145, 127, 143, -1,
      143, 127, 141, -1,
      129, 137, 127, -1,
      127, 137, 139, -1,
      127, 139, 141, -1,
      129, 131, 137, -1,
      137, 131, 133, -1,
      137, 133, 135, -1,
      102, 103, 149, -1,
      142, 140, 126, -1,
      122, 120, 144, -1,
      144, 120, 118, -1,
      142, 126, 144, -1,
      144, 126, 124, -1,
      144, 124, 122, -1,
      112, 110, 144, -1,
      144, 110, 108, -1,
      144, 108, 106, -1,
      118, 116, 144, -1,
      144, 116, 114, -1,
      144, 114, 112, -1,
      149, 146, 102, -1,
      102, 146, 144, -1,
      102, 144, 104, -1,
      104, 144, 106, -1,
      140, 138, 126, -1,
      126, 138, 136, -1,
      126, 136, 134, -1,
      134, 132, 126, -1,
      126, 132, 130, -1,
      126, 130, 128, -1,
      150, 151, 152, -1,
      152, 151, 153, -1,
      150, 152, 154, -1,
      150, 154, 155, -1,
      155, 154, 156, -1,
      155, 156, 157, -1,
      157, 156, 158, -1,
      157, 158, 159, -1,
      159, 158, 160, -1,
      159, 160, 161, -1,
      161, 160, 162, -1,
      161, 162, 163, -1,
      163, 162, 164, -1,
      163, 164, 165, -1,
      165, 164, 166, -1,
      165, 166, 167, -1,
      167, 166, 168, -1,
      167, 168, 169, -1,
      169, 168, 170, -1,
      169, 170, 171, -1,
      171, 170, 172, -1,
      171, 172, 173, -1,
      173, 172, 174, -1,
      173, 174, 175, -1,
      175, 174, 176, -1,
      175, 176, 177, -1,
      177, 176, 178, -1,
      177, 178, 179, -1,
      179, 178, 180, -1,
      179, 180, 181, -1,
      181, 180, 182, -1,
      181, 182, 183, -1,
      183, 182, 184, -1,
      183, 184, 185, -1,
      185, 184, 186, -1,
      185, 186, 187, -1,
      187, 186, 188, -1,
      187, 188, 189, -1,
      189, 188, 190, -1,
      189, 190, 191, -1,
      191, 190, 192, -1,
      191, 192, 193, -1,
      193, 192, 194, -1,
      193, 194, 195, -1,
      195, 194, 196, -1,
      195, 196, 197, -1,
      198, 197, 199, -1,
      199, 197, 196, -1,
      151, 198, 153, -1,
      153, 198, 199, -1,
      161, 163, 197, -1,
      197, 163, 165, -1,
      198, 151, 197, -1,
      197, 151, 150, -1,
      197, 150, 155, -1,
      171, 173, 197, -1,
      197, 173, 175, -1,
      197, 175, 177, -1,
      155, 157, 197, -1,
      197, 157, 159, -1,
      197, 159, 161, -1,
      165, 167, 197, -1,
      197, 167, 169, -1,
      197, 169, 171, -1,
      177, 179, 197, -1,
      197, 179, 181, -1,
      197, 181, 183, -1,
      191, 193, 195, -1,
      183, 185, 197, -1,
      197, 185, 187, -1,
      197, 187, 195, -1,
      195, 187, 189, -1,
      195, 189, 191, -1,
      153, 199, 152, -1,
      152, 199, 196, -1,
      196, 182, 180, -1,
      174, 172, 196, -1,
      196, 172, 170, -1,
      196, 170, 168, -1,
      158, 196, 160, -1,
      160, 196, 162, -1,
      180, 178, 196, -1,
      196, 178, 176, -1,
      196, 176, 174, -1,
      168, 166, 196, -1,
      196, 166, 164, -1,
      196, 164, 162, -1,
      158, 156, 196, -1,
      196, 156, 154, -1,
      196, 154, 152, -1,
      194, 192, 190, -1,
      190, 188, 194, -1,
      194, 188, 186, -1,
      194, 186, 196, -1,
      196, 186, 184, -1,
      196, 184, 182, -1,
      200, 201, 202, -1,
      202, 201, 203, -1,
      200, 202, 204, -1,
      200, 204, 205, -1,
      205, 204, 206, -1,
      205, 206, 207, -1,
      207, 206, 208, -1,
      207, 208, 209, -1,
      209, 208, 210, -1,
      209, 210, 211, -1,
      211, 210, 212, -1,
      211, 212, 213, -1,
      213, 212, 214, -1,
      213, 214, 215, -1,
      215, 214, 216, -1,
      215, 216, 217, -1,
      217, 216, 218, -1,
      217, 218, 219, -1,
      219, 218, 220, -1,
      219, 220, 221, -1,
      221, 220, 222, -1,
      221, 222, 223, -1,
      223, 222, 224, -1,
      223, 224, 225, -1,
      225, 224, 226, -1,
      225, 226, 227, -1,
      227, 226, 228, -1,
      227, 228, 229, -1,
      229, 228, 230, -1,
      229, 230, 231, -1,
      231, 230, 232, -1,
      231, 232, 233, -1,
      233, 232, 234, -1,
      233, 234, 235, -1,
      235, 234, 236, -1,
      235, 236, 237, -1,
      237, 236, 238, -1,
      237, 238, 239, -1,
      239, 238, 240, -1,
      239, 240, 241, -1,
      241, 240, 242, -1,
      241, 242, 243, -1,
      243, 242, 244, -1,
      243, 244, 245, -1,
      245, 244, 246, -1,
      245, 246, 247, -1,
      248, 247, 249, -1,
      249, 247, 246, -1,
      201, 248, 203, -1,
      203, 248, 249, -1,
      247, 248, 201, -1,
      223, 247, 221, -1,
      221, 247, 219, -1,
      201, 200, 247, -1,
      247, 200, 205, -1,
      247, 205, 207, -1,
      207, 209, 247, -1,
      247, 209, 211, -1,
      247, 211, 213, -1,
      213, 215, 247, -1,
      247, 215, 217, -1,
      247, 217, 219, -1,
      223, 225, 247, -1,
      247, 225, 227, -1,
      247, 227, 245, -1,
      245, 227, 229, -1,
      235, 237, 233, -1,
      233, 237, 239, -1,
      233, 239, 241, -1,
      229, 231, 245, -1,
      245, 231, 233, -1,
      245, 233, 243, -1,
      243, 233, 241, -1,
      224, 222, 202, -1,
      203, 249, 202, -1,
      202, 249, 246, -1,
      202, 246, 244, -1,
      202, 238, 236, -1,
      230, 228, 202, -1,
      202, 228, 226, -1,
      202, 226, 224, -1,
      236, 234, 202, -1,
      202, 234, 232, -1,
      202, 232, 230, -1,
      244, 242, 202, -1,
      202, 242, 240, -1,
      202, 240, 238, -1,
      222, 220, 202, -1,
      202, 220, 218, -1,
      202, 218, 216, -1,
      208, 206, 210, -1,
      210, 206, 204, -1,
      210, 204, 202, -1,
      216, 214, 202, -1,
      202, 214, 212, -1,
      202, 212, 210, -1,
      250, 251, 252, -1,
      252, 251, 253, -1,
      250, 252, 254, -1,
      250, 254, 255, -1,
      255, 254, 256, -1,
      255, 256, 257, -1,
      257, 256, 258, -1,
      257, 258, 259, -1,
      259, 258, 260, -1,
      259, 260, 261, -1,
      261, 260, 262, -1,
      261, 262, 263, -1,
      263, 262, 264, -1,
      263, 264, 265, -1,
      265, 264, 266, -1,
      265, 266, 267, -1,
      267, 266, 268, -1,
      267, 268, 269, -1,
      269, 268, 270, -1,
      269, 270, 271, -1,
      271, 270, 272, -1,
      271, 272, 273, -1,
      273, 272, 274, -1,
      273, 274, 275, -1,
      275, 274, 276, -1,
      275, 276, 277, -1,
      277, 276, 278, -1,
      277, 278, 279, -1,
      279, 278, 280, -1,
      279, 280, 281, -1,
      281, 280, 282, -1,
      281, 282, 283, -1,
      283, 282, 284, -1,
      283, 284, 285, -1,
      285, 284, 286, -1,
      285, 286, 287, -1,
      287, 286, 288, -1,
      287, 288, 289, -1,
      289, 288, 290, -1,
      289, 290, 291, -1,
      291, 290, 292, -1,
      291, 292, 293, -1,
      293, 292, 294, -1,
      293, 294, 295, -1,
      295, 294, 296, -1,
      295, 296, 297, -1,
      298, 297, 299, -1,
      299, 297, 296, -1,
      251, 298, 253, -1,
      253, 298, 299, -1,
      298, 251, 297, -1,
      297, 251, 250, -1,
      250, 255, 297, -1,
      297, 255, 257, -1,
      297, 257, 259, -1,
      271, 273, 297, -1,
      297, 273, 275, -1,
      297, 275, 277, -1,
      259, 261, 297, -1,
      297, 261, 263, -1,
      297, 263, 265, -1,
      265, 267, 297, -1,
      297, 267, 269, -1,
      297, 269, 271, -1,
      291, 293, 277, -1,
      277, 293, 295, -1,
      277, 295, 297, -1,
      279, 287, 277, -1,
      277, 287, 289, -1,
      277, 289, 291, -1,
      279, 281, 287, -1,
      287, 281, 283, -1,
      287, 283, 285, -1,
      258, 256, 296, -1,
      292, 290, 276, -1,
      253, 299, 252, -1,
      252, 299, 296, -1,
      252, 296, 254, -1,
      254, 296, 256, -1,
      274, 272, 296, -1,
      296, 272, 270, -1,
      274, 296, 276, -1,
      276, 296, 294, -1,
      276, 294, 292, -1,
      270, 268, 296, -1,
      296, 268, 266, -1,
      296, 266, 264, -1,
      264, 262, 296, -1,
      296, 262, 260, -1,
      296, 260, 258, -1,
      290, 288, 276, -1,
      276, 288, 286, -1,
      276, 286, 284, -1,
      284, 282, 276, -1,
      276, 282, 280, -1,
      276, 280, 278, -1,
      300, 301, 302, -1,
      302, 301, 303, -1,
      300, 302, 304, -1,
      300, 304, 305, -1,
      305, 304, 306, -1,
      305, 306, 307, -1,
      307, 306, 308, -1,
      307, 308, 309, -1,
      309, 308, 310, -1,
      309, 310, 311, -1,
      311, 310, 312, -1,
      311, 312, 313, -1,
      313, 312, 314, -1,
      313, 314, 315, -1,
      315, 314, 316, -1,
      315, 316, 317, -1,
      317, 316, 318, -1,
      317, 318, 319, -1,
      319, 318, 320, -1,
      319, 320, 321, -1,
      321, 320, 322, -1,
      321, 322, 323, -1,
      323, 322, 324, -1,
      323, 324, 325, -1,
      325, 324, 326, -1,
      325, 326, 327, -1,
      327, 326, 328, -1,
      327, 328, 329, -1,
      329, 328, 330, -1,
      329, 330, 331, -1,
      331, 330, 332, -1,
      331, 332, 333, -1,
      333, 332, 334, -1,
      333, 334, 335, -1,
      335, 334, 336, -1,
      335, 336, 337, -1,
      337, 336, 338, -1,
      337, 338, 339, -1,
      339, 338, 340, -1,
      339, 340, 341, -1,
      341, 340, 342, -1,
      341, 342, 343, -1,
      343, 342, 344, -1,
      343, 344, 345, -1,
      345, 344, 346, -1,
      345, 346, 347, -1,
      348, 347, 349, -1,
      349, 347, 346, -1,
      301, 348, 303, -1,
      303, 348, 349, -1,
      333, 335, 300, -1,
      300, 335, 337, -1,
      327, 329, 300, -1,
      300, 329, 331, -1,
      300, 331, 333, -1,
      337, 339, 300, -1,
      300, 339, 341, -1,
      300, 341, 343, -1,
      348, 301, 347, -1,
      347, 301, 300, -1,
      347, 300, 345, -1,
      345, 300, 343, -1,
      315, 317, 300, -1,
      300, 317, 319, -1,
      300, 319, 321, -1,
      321, 323, 300, -1,
      300, 323, 325, -1,
      300, 325, 327, -1,
      307, 309, 305, -1,
      305, 309, 311, -1,
      305, 311, 300, -1,
      300, 311, 313, -1,
      300, 313, 315, -1,
      303, 349, 302, -1,
      302, 349, 346, -1,
      302, 334, 332, -1,
      346, 344, 302, -1,
      302, 344, 342, -1,
      302, 342, 340, -1,
      340, 338, 302, -1,
      302, 338, 336, -1,
      302, 336, 334, -1,
      332, 330, 302, -1,
      302, 330, 328, -1,
      302, 328, 326, -1,
      326, 324, 302, -1,
      302, 324, 322, -1,
      302, 322, 320, -1,
      320, 318, 302, -1,
      302, 318, 316, -1,
      302, 316, 314, -1,
      314, 312, 302, -1,
      302, 312, 310, -1,
      302, 310, 304, -1,
      304, 310, 308, -1,
      304, 308, 306, -1,
      350, 351, 352, -1,
      352, 351, 353, -1,
      350, 352, 354, -1,
      350, 354, 355, -1,
      355, 354, 356, -1,
      355, 356, 357, -1,
      357, 356, 358, -1,
      357, 358, 359, -1,
      359, 358, 360, -1,
      359, 360, 361, -1,
      361, 360, 362, -1,
      361, 362, 363, -1,
      363, 362, 364, -1,
      363, 364, 365, -1,
      365, 364, 366, -1,
      365, 366, 367, -1,
      367, 366, 368, -1,
      367, 368, 369, -1,
      369, 368, 370, -1,
      369, 370, 371, -1,
      371, 370, 372, -1,
      371, 372, 373, -1,
      373, 372, 374, -1,
      373, 374, 375, -1,
      375, 374, 376, -1,
      375, 376, 377, -1,
      377, 376, 378, -1,
      377, 378, 379, -1,
      379, 378, 380, -1,
      379, 380, 381, -1,
      381, 380, 382, -1,
      381, 382, 383, -1,
      383, 382, 384, -1,
      383, 384, 385, -1,
      385, 384, 386, -1,
      385, 386, 387, -1,
      387, 386, 388, -1,
      387, 388, 389, -1,
      389, 388, 390, -1,
      389, 390, 391, -1,
      391, 390, 392, -1,
      391, 392, 393, -1,
      393, 392, 394, -1,
      393, 394, 395, -1,
      395, 394, 396, -1,
      395, 396, 397, -1,
      398, 397, 399, -1,
      399, 397, 396, -1,
      351, 398, 353, -1,
      353, 398, 399, -1,
      398, 351, 397, -1,
      397, 351, 350, -1,
      397, 350, 395, -1,
      363, 365, 350, -1,
      365, 367, 350, -1,
      350, 367, 369, -1,
      350, 369, 371, -1,
      377, 379, 350, -1,
      350, 379, 381, -1,
      350, 381, 383, -1,
      350, 355, 357, -1,
      371, 373, 350, -1,
      350, 373, 375, -1,
      350, 375, 377, -1,
      383, 385, 350, -1,
      350, 385, 387, -1,
      350, 387, 389, -1,
      357, 359, 350, -1,
      350, 359, 361, -1,
      350, 361, 363, -1,
      389, 391, 350, -1,
      350, 391, 393, -1,
      350, 393, 395, -1,
      352, 353, 399, -1,
      386, 384, 352, -1,
      352, 384, 382, -1,
      382, 380, 352, -1,
      352, 380, 378, -1,
      352, 378, 376, -1,
      399, 396, 352, -1,
      352, 396, 394, -1,
      352, 394, 392, -1,
      376, 374, 352, -1,
      352, 374, 372, -1,
      352, 372, 370, -1,
      370, 368, 352, -1,
      352, 368, 366, -1,
      352, 366, 364, -1,
      392, 390, 352, -1,
      352, 390, 388, -1,
      352, 388, 386, -1,
      360, 358, 356, -1,
      364, 362, 352, -1,
      352, 362, 360, -1,
      352, 360, 354, -1,
      354, 360, 356, -1,
      400, 401, 402, -1,
      402, 401, 403, -1,
      400, 402, 404, -1,
      400, 404, 405, -1,
      405, 404, 406, -1,
      405, 406, 407, -1,
      407, 406, 408, -1,
      407, 408, 409, -1,
      409, 408, 410, -1,
      409, 410, 411, -1,
      411, 410, 412, -1,
      411, 412, 413, -1,
      413, 412, 414, -1,
      413, 414, 415, -1,
      415, 414, 416, -1,
      415, 416, 417, -1,
      417, 416, 418, -1,
      417, 418, 419, -1,
      419, 418, 420, -1,
      419, 420, 421, -1,
      421, 420, 422, -1,
      421, 422, 423, -1,
      423, 422, 424, -1,
      423, 424, 425, -1,
      425, 424, 426, -1,
      425, 426, 427, -1,
      427, 426, 428, -1,
      427, 428, 429, -1,
      429, 428, 430, -1,
      429, 430, 431, -1,
      431, 430, 432, -1,
      431, 432, 433, -1,
      433, 432, 434, -1,
      433, 434, 435, -1,
      435, 434, 436, -1,
      435, 436, 437, -1,
      437, 436, 438, -1,
      437, 438, 439, -1,
      439, 438, 440, -1,
      439, 440, 441, -1,
      441, 440, 442, -1,
      441, 442, 443, -1,
      443, 442, 444, -1,
      443, 444, 445, -1,
      445, 444, 446, -1,
      445, 446, 447, -1,
      448, 447, 449, -1,
      449, 447, 446, -1,
      401, 448, 403, -1,
      403, 448, 449, -1,
      447, 448, 401, -1,
      401, 400, 447, -1,
      447, 400, 405, -1,
      447, 405, 407, -1,
      407, 409, 447, -1,
      447, 409, 411, -1,
      447, 411, 413, -1,
      413, 415, 447, -1,
      447, 415, 417, -1,
      447, 417, 419, -1,
      435, 447, 433, -1,
      433, 447, 431, -1,
      419, 421, 447, -1,
      447, 421, 423, -1,
      447, 423, 425, -1,
      425, 427, 447, -1,
      447, 427, 429, -1,
      447, 429, 431, -1,
      435, 437, 447, -1,
      447, 437, 439, -1,
      447, 439, 445, -1,
      445, 439, 441, -1,
      445, 441, 443, -1,
      403, 449, 402, -1,
      402, 449, 446, -1,
      402, 446, 404, -1,
      404, 446, 406, -1,
      430, 446, 432, -1,
      432, 446, 434, -1,
      418, 416, 446, -1,
      446, 416, 414, -1,
      446, 414, 412, -1,
      412, 410, 446, -1,
      446, 410, 408, -1,
      446, 408, 406, -1,
      442, 440, 444, -1,
      444, 440, 438, -1,
      444, 438, 446, -1,
      446, 438, 436, -1,
      446, 436, 434, -1,
      430, 428, 446, -1,
      446, 428, 426, -1,
      446, 426, 424, -1,
      424, 422, 446, -1,
      446, 422, 420, -1,
      446, 420, 418, -1,
      450, 451, 452, -1,
      452, 451, 453, -1,
      450, 452, 454, -1,
      450, 454, 455, -1,
      455, 454, 456, -1,
      455, 456, 457, -1,
      457, 456, 458, -1,
      457, 458, 459, -1,
      459, 458, 460, -1,
      459, 460, 461, -1,
      461, 460, 462, -1,
      461, 462, 463, -1,
      463, 462, 464, -1,
      463, 464, 465, -1,
      465, 464, 466, -1,
      465, 466, 467, -1,
      467, 466, 468, -1,
      467, 468, 469, -1,
      469, 468, 470, -1,
      469, 470, 471, -1,
      471, 470, 472, -1,
      471, 472, 473, -1,
      473, 472, 474, -1,
      473, 474, 475, -1,
      475, 474, 476, -1,
      475, 476, 477, -1,
      477, 476, 478, -1,
      477, 478, 479, -1,
      479, 478, 480, -1,
      479, 480, 481, -1,
      481, 480, 482, -1,
      481, 482, 483, -1,
      483, 482, 484, -1,
      483, 484, 485, -1,
      485, 484, 486, -1,
      485, 486, 487, -1,
      487, 486, 488, -1,
      487, 488, 489, -1,
      489, 488, 490, -1,
      489, 490, 491, -1,
      491, 490, 492, -1,
      491, 492, 493, -1,
      493, 492, 494, -1,
      493, 494, 495, -1,
      495, 494, 496, -1,
      495, 496, 497, -1,
      498, 497, 499, -1,
      499, 497, 496, -1,
      451, 498, 453, -1,
      453, 498, 499, -1,
      457, 459, 481, -1,
      483, 485, 450, -1,
      450, 485, 487, -1,
      487, 489, 450, -1,
      450, 489, 491, -1,
      450, 491, 493, -1,
      498, 451, 497, -1,
      497, 451, 450, -1,
      497, 450, 495, -1,
      495, 450, 493, -1,
      483, 450, 481, -1,
      481, 450, 455, -1,
      481, 455, 457, -1,
      471, 473, 475, -1,
      459, 461, 481, -1,
      481, 461, 463, -1,
      481, 463, 465, -1,
      465, 467, 481, -1,
      481, 467, 469, -1,
      481, 469, 479, -1,
      471, 475, 469, -1,
      469, 475, 477, -1,
      469, 477, 479, -1,
      453, 499, 452, -1,
      452, 499, 496, -1,
      496, 494, 452, -1,
      452, 494, 492, -1,
      452, 492, 490, -1,
      490, 488, 452, -1,
      452, 488, 486, -1,
      452, 486, 484, -1,
      484, 482, 452, -1,
      452, 482, 480, -1,
      452, 480, 478, -1,
      478, 476, 452, -1,
      452, 476, 474, -1,
      452, 474, 472, -1,
      456, 468, 458, -1,
      458, 468, 466, -1,
      466, 464, 458, -1,
      458, 464, 462, -1,
      458, 462, 460, -1,
      472, 470, 452, -1,
      452, 470, 468, -1,
      452, 468, 454, -1,
      454, 468, 456, -1,
      500, 501, 502, -1,
      502, 501, 503, -1,
      500, 502, 504, -1,
      500, 504, 505, -1,
      505, 504, 506, -1,
      505, 506, 507, -1,
      507, 506, 508, -1,
      507, 508, 509, -1,
      509, 508, 510, -1,
      509, 510, 511, -1,
      511, 510, 512, -1,
      511, 512, 513, -1,
      513, 512, 514, -1,
      513, 514, 515, -1,
      515, 514, 516, -1,
      515, 516, 517, -1,
      517, 516, 518, -1,
      517, 518, 519, -1,
      519, 518, 520, -1,
      519, 520, 521, -1,
      521, 520, 522, -1,
      521, 522, 523, -1,
      523, 522, 524, -1,
      523, 524, 525, -1,
      525, 524, 526, -1,
      525, 526, 527, -1,
      527, 526, 528, -1,
      527, 528, 529, -1,
      529, 528, 530, -1,
      529, 530, 531, -1,
      531, 530, 532, -1,
      531, 532, 533, -1,
      533, 532, 534, -1,
      533, 534, 535, -1,
      535, 534, 536, -1,
      535, 536, 537, -1,
      537, 536, 538, -1,
      537, 538, 539, -1,
      539, 538, 540, -1,
      539, 540, 541, -1,
      541, 540, 542, -1,
      541, 542, 543, -1,
      543, 542, 544, -1,
      543, 544, 545, -1,
      545, 544, 546, -1,
      545, 546, 547, -1,
      548, 547, 549, -1,
      549, 547, 546, -1,
      501, 548, 503, -1,
      503, 548, 549, -1,
      548, 501, 547, -1,
      547, 501, 500, -1,
      539, 541, 500, -1,
      541, 543, 500, -1,
      500, 543, 545, -1,
      500, 545, 547, -1,
      531, 533, 500, -1,
      505, 507, 521, -1,
      533, 535, 500, -1,
      500, 535, 537, -1,
      500, 537, 539, -1,
      507, 509, 521, -1,
      521, 509, 511, -1,
      521, 511, 513, -1,
      513, 515, 521, -1,
      521, 515, 517, -1,
      521, 517, 519, -1,
      505, 521, 500, -1,
      500, 521, 523, -1,
      500, 523, 525, -1,
      525, 527, 500, -1,
      500, 527, 529, -1,
      500, 529, 531, -1,
      502, 503, 549, -1,
      549, 546, 502, -1,
      502, 546, 544, -1,
      502, 544, 542, -1,
      542, 540, 502, -1,
      502, 540, 538, -1,
      502, 538, 536, -1,
      510, 508, 520, -1,
      520, 508, 506, -1,
      536, 534, 502, -1,
      502, 534, 532, -1,
      502, 532, 530, -1,
      520, 518, 516, -1,
      530, 528, 502, -1,
      502, 528, 526, -1,
      502, 526, 524, -1,
      506, 504, 520, -1,
      520, 504, 502, -1,
      520, 502, 522, -1,
      522, 502, 524, -1,
      516, 514, 520, -1,
      520, 514, 512, -1,
      520, 512, 510, -1,
      550, 551, 552, -1,
      552, 551, 553, -1,
      550, 552, 554, -1,
      550, 554, 555, -1,
      555, 554, 556, -1,
      555, 556, 557, -1,
      557, 556, 558, -1,
      557, 558, 559, -1,
      559, 558, 560, -1,
      559, 560, 561, -1,
      561, 560, 562, -1,
      561, 562, 563, -1,
      563, 562, 564, -1,
      563, 564, 565, -1,
      565, 564, 566, -1,
      565, 566, 567, -1,
      567, 566, 568, -1,
      567, 568, 569, -1,
      569, 568, 570, -1,
      569, 570, 571, -1,
      571, 570, 572, -1,
      571, 572, 573, -1,
      573, 572, 574, -1,
      573, 574, 575, -1,
      575, 574, 576, -1,
      575, 576, 577, -1,
      577, 576, 578, -1,
      577, 578, 579, -1,
      579, 578, 580, -1,
      579, 580, 581, -1,
      581, 580, 582, -1,
      581, 582, 583, -1,
      583, 582, 584, -1,
      583, 584, 585, -1,
      585, 584, 586, -1,
      585, 586, 587, -1,
      587, 586, 588, -1,
      587, 588, 589, -1,
      589, 588, 590, -1,
      589, 590, 591, -1,
      591, 590, 592, -1,
      591, 592, 593, -1,
      593, 592, 594, -1,
      593, 594, 595, -1,
      595, 594, 596, -1,
      595, 596, 597, -1,
      598, 597, 599, -1,
      599, 597, 596, -1,
      551, 598, 553, -1,
      553, 598, 599, -1,
      557, 559, 595, -1,
      595, 559, 561, -1,
      598, 551, 597, -1,
      597, 551, 550, -1,
      597, 550, 595, -1,
      595, 550, 555, -1,
      595, 555, 557, -1,
      561, 563, 595, -1,
      595, 563, 565, -1,
      595, 565, 567, -1,
      567, 569, 595, -1,
      595, 569, 571, -1,
      595, 571, 573, -1,
      573, 575, 595, -1,
      595, 575, 577, -1,
      595, 577, 593, -1,
      593, 577, 591, -1,
      579, 587, 577, -1,
      577, 587, 589, -1,
      577, 589, 591, -1,
      579, 581, 587, -1,
      587, 581, 583, -1,
      587, 583, 585, -1,
      552, 553, 599, -1,
      592, 590, 576, -1,
      572, 570, 594, -1,
      594, 570, 568, -1,
      592, 576, 594, -1,
      594, 576, 574, -1,
      594, 574, 572, -1,
      562, 560, 594, -1,
      594, 560, 558, -1,
      594, 558, 556, -1,
      568, 566, 594, -1,
      594, 566, 564, -1,
      594, 564, 562, -1,
      599, 596, 552, -1,
      552, 596, 594, -1,
      552, 594, 554, -1,
      554, 594, 556, -1,
      590, 588, 576, -1,
      576, 588, 586, -1,
      576, 586, 584, -1,
      584, 582, 576, -1,
      576, 582, 580, -1,
      576, 580, 578, -1,
      600, 601, 602, -1,
      602, 601, 603, -1,
      600, 602, 604, -1,
      600, 604, 605, -1,
      605, 604, 606, -1,
      605, 606, 607, -1,
      607, 606, 608, -1,
      607, 608, 609, -1,
      609, 608, 610, -1,
      609, 610, 611, -1,
      611, 610, 612, -1,
      611, 612, 613, -1,
      613, 612, 614, -1,
      613, 614, 615, -1,
      615, 614, 616, -1,
      615, 616, 617, -1,
      617, 616, 618, -1,
      617, 618, 619, -1,
      619, 618, 620, -1,
      619, 620, 621, -1,
      621, 620, 622, -1,
      621, 622, 623, -1,
      623, 622, 624, -1,
      623, 624, 625, -1,
      625, 624, 626, -1,
      625, 626, 627, -1,
      627, 626, 628, -1,
      627, 628, 629, -1,
      629, 628, 630, -1,
      629, 630, 631, -1,
      631, 630, 632, -1,
      631, 632, 633, -1,
      633, 632, 634, -1,
      633, 634, 635, -1,
      635, 634, 636, -1,
      635, 636, 637, -1,
      637, 636, 638, -1,
      637, 638, 639, -1,
      639, 638, 640, -1,
      639, 640, 641, -1,
      641, 640, 642, -1,
      641, 642, 643, -1,
      643, 642, 644, -1,
      643, 644, 645, -1,
      645, 644, 646, -1,
      645, 646, 647, -1,
      648, 647, 649, -1,
      649, 647, 646, -1,
      601, 648, 603, -1,
      603, 648, 649, -1,
      611, 613, 647, -1,
      647, 613, 615, -1,
      648, 601, 647, -1,
      647, 601, 600, -1,
      647, 600, 605, -1,
      621, 623, 647, -1,
      647, 623, 625, -1,
      647, 625, 627, -1,
      605, 607, 647, -1,
      647, 607, 609, -1,
      647, 609, 611, -1,
      615, 617, 647, -1,
      647, 617, 619, -1,
      647, 619, 621, -1,
      627, 629, 647, -1,
      647, 629, 631, -1,
      647, 631, 633, -1,
      641, 643, 645, -1,
      633, 635, 647, -1,
      647, 635, 637, -1,
      647, 637, 645, -1,
      645, 637, 639, -1,
      645, 639, 641, -1,
      603, 649, 602, -1,
      602, 649, 646, -1,
      646, 632, 630, -1,
      624, 622, 646, -1,
      646, 622, 620, -1,
      646, 620, 618, -1,
      608, 646, 610, -1,
      610, 646, 612, -1,
      630, 628, 646, -1,
      646, 628, 626, -1,
      646, 626, 624, -1,
      618, 616, 646, -1,
      646, 616, 614, -1,
      646, 614, 612, -1,
      608, 606, 646, -1,
      646, 606, 604, -1,
      646, 604, 602, -1,
      644, 642, 640, -1,
      640, 638, 644, -1,
      644, 638, 636, -1,
      644, 636, 646, -1,
      646, 636, 634, -1,
      646, 634, 632, -1,
      650, 651, 652, -1,
      652, 651, 653, -1,
      650, 652, 654, -1,
      650, 654, 655, -1,
      655, 654, 656, -1,
      655, 656, 657, -1,
      657, 656, 658, -1,
      657, 658, 659, -1,
      659, 658, 660, -1,
      659, 660, 661, -1,
      661, 660, 662, -1,
      661, 662, 663, -1,
      663, 662, 664, -1,
      663, 664, 665, -1,
      665, 664, 666, -1,
      665, 666, 667, -1,
      667, 666, 668, -1,
      667, 668, 669, -1,
      669, 668, 670, -1,
      669, 670, 671, -1,
      671, 670, 672, -1,
      671, 672, 673, -1,
      673, 672, 674, -1,
      673, 674, 675, -1,
      675, 674, 676, -1,
      675, 676, 677, -1,
      677, 676, 678, -1,
      677, 678, 679, -1,
      679, 678, 680, -1,
      679, 680, 681, -1,
      681, 680, 682, -1,
      681, 682, 683, -1,
      683, 682, 684, -1,
      683, 684, 685, -1,
      685, 684, 686, -1,
      685, 686, 687, -1,
      687, 686, 688, -1,
      687, 688, 689, -1,
      689, 688, 690, -1,
      689, 690, 691, -1,
      691, 690, 692, -1,
      691, 692, 693, -1,
      693, 692, 694, -1,
      693, 694, 695, -1,
      695, 694, 696, -1,
      695, 696, 697, -1,
      698, 697, 699, -1,
      699, 697, 696, -1,
      651, 698, 653, -1,
      653, 698, 699, -1,
      697, 698, 651, -1,
      673, 697, 671, -1,
      671, 697, 669, -1,
      651, 650, 697, -1,
      697, 650, 655, -1,
      697, 655, 657, -1,
      657, 659, 697, -1,
      697, 659, 661, -1,
      697, 661, 663, -1,
      663, 665, 697, -1,
      697, 665, 667, -1,
      697, 667, 669, -1,
      673, 675, 697, -1,
      697, 675, 677, -1,
      697, 677, 695, -1,
      695, 677, 679, -1,
      685, 687, 683, -1,
      683, 687, 689, -1,
      683, 689, 691, -1,
      679, 681, 695, -1,
      695, 681, 683, -1,
      695, 683, 693, -1,
      693, 683, 691, -1,
      674, 672, 652, -1,
      653, 699, 652, -1,
      652, 699, 696, -1,
      652, 696, 694, -1,
      652, 688, 686, -1,
      680, 678, 652, -1,
      652, 678, 676, -1,
      652, 676, 674, -1,
      686, 684, 652, -1,
      652, 684, 682, -1,
      652, 682, 680, -1,
      694, 692, 652, -1,
      652, 692, 690, -1,
      652, 690, 688, -1,
      672, 670, 652, -1,
      652, 670, 668, -1,
      652, 668, 666, -1,
      658, 656, 660, -1,
      660, 656, 654, -1,
      660, 654, 652, -1,
      666, 664, 652, -1,
      652, 664, 662, -1,
      652, 662, 660, -1,
      700, 701, 702, -1,
      702, 701, 703, -1,
      700, 702, 704, -1,
      700, 704, 705, -1,
      705, 704, 706, -1,
      705, 706, 707, -1,
      707, 706, 708, -1,
      707, 708, 709, -1,
      709, 708, 710, -1,
      709, 710, 711, -1,
      711, 710, 712, -1,
      711, 712, 713, -1,
      713, 712, 714, -1,
      713, 714, 715, -1,
      715, 714, 716, -1,
      715, 716, 717, -1,
      717, 716, 718, -1,
      717, 718, 719, -1,
      719, 718, 720, -1,
      719, 720, 721, -1,
      721, 720, 722, -1,
      721, 722, 723, -1,
      723, 722, 724, -1,
      723, 724, 725, -1,
      725, 724, 726, -1,
      725, 726, 727, -1,
      727, 726, 728, -1,
      727, 728, 729, -1,
      729, 728, 730, -1,
      729, 730, 731, -1,
      731, 730, 732, -1,
      731, 732, 733, -1,
      733, 732, 734, -1,
      733, 734, 735, -1,
      735, 734, 736, -1,
      735, 736, 737, -1,
      737, 736, 738, -1,
      737, 738, 739, -1,
      739, 738, 740, -1,
      739, 740, 741, -1,
      741, 740, 742, -1,
      741, 742, 743, -1,
      743, 742, 744, -1,
      743, 744, 745, -1,
      745, 744, 746, -1,
      745, 746, 747, -1,
      748, 747, 749, -1,
      749, 747, 746, -1,
      701, 748, 703, -1,
      703, 748, 749, -1,
      748, 701, 747, -1,
      747, 701, 700, -1,
      700, 705, 747, -1,
      747, 705, 707, -1,
      747, 707, 709, -1,
      721, 723, 747, -1,
      747, 723, 725, -1,
      747, 725, 727, -1,
      709, 711, 747, -1,
      747, 711, 713, -1,
      747, 713, 715, -1,
      715, 717, 747, -1,
      747, 717, 719, -1,
      747, 719, 721, -1,
      741, 743, 727, -1,
      727, 743, 745, -1,
      727, 745, 747, -1,
      729, 737, 727, -1,
      727, 737, 739, -1,
      727, 739, 741, -1,
      729, 731, 737, -1,
      737, 731, 733, -1,
      737, 733, 735, -1,
      708, 706, 746, -1,
      742, 740, 726, -1,
      703, 749, 702, -1,
      702, 749, 746, -1,
      702, 746, 704, -1,
      704, 746, 706, -1,
      724, 722, 746, -1,
      746, 722, 720, -1,
      724, 746, 726, -1,
      726, 746, 744, -1,
      726, 744, 742, -1,
      720, 718, 746, -1,
      746, 718, 716, -1,
      746, 716, 714, -1,
      714, 712, 746, -1,
      746, 712, 710, -1,
      746, 710, 708, -1,
      740, 738, 726, -1,
      726, 738, 736, -1,
      726, 736, 734, -1,
      734, 732, 726, -1,
      726, 732, 730, -1,
      726, 730, 728, -1,
      750, 751, 752, -1,
      752, 751, 753, -1,
      750, 752, 754, -1,
      750, 754, 755, -1,
      755, 754, 756, -1,
      755, 756, 757, -1,
      757, 756, 758, -1,
      757, 758, 759, -1,
      759, 758, 760, -1,
      759, 760, 761, -1,
      761, 760, 762, -1,
      761, 762, 763, -1,
      763, 762, 764, -1,
      763, 764, 765, -1,
      765, 764, 766, -1,
      765, 766, 767, -1,
      767, 766, 768, -1,
      767, 768, 769, -1,
      769, 768, 770, -1,
      769, 770, 771, -1,
      771, 770, 772, -1,
      771, 772, 773, -1,
      773, 772, 774, -1,
      773, 774, 775, -1,
      775, 774, 776, -1,
      775, 776, 777, -1,
      777, 776, 778, -1,
      777, 778, 779, -1,
      779, 778, 780, -1,
      779, 780, 781, -1,
      781, 780, 782, -1,
      781, 782, 783, -1,
      783, 782, 784, -1,
      783, 784, 785, -1,
      785, 784, 786, -1,
      785, 786, 787, -1,
      787, 786, 788, -1,
      787, 788, 789, -1,
      789, 788, 790, -1,
      789, 790, 791, -1,
      791, 790, 792, -1,
      791, 792, 793, -1,
      793, 792, 794, -1,
      793, 794, 795, -1,
      795, 794, 796, -1,
      795, 796, 797, -1,
      798, 797, 799, -1,
      799, 797, 796, -1,
      751, 798, 753, -1,
      753, 798, 799, -1,
      779, 781, 765, -1,
      798, 751, 797, -1,
      797, 751, 750, -1,
      797, 750, 755, -1,
      759, 761, 781, -1,
      781, 761, 763, -1,
      781, 763, 765, -1,
      781, 783, 759, -1,
      759, 783, 785, -1,
      759, 785, 787, -1,
      755, 757, 797, -1,
      797, 757, 759, -1,
      797, 759, 795, -1,
      795, 759, 793, -1,
      767, 769, 775, -1,
      775, 769, 771, -1,
      775, 771, 773, -1,
      767, 775, 765, -1,
      765, 775, 777, -1,
      765, 777, 779, -1,
      787, 789, 759, -1,
      759, 789, 791, -1,
      759, 791, 793, -1,
      753, 799, 752, -1,
      752, 799, 796, -1,
      796, 794, 752, -1,
      752, 794, 792, -1,
      752, 792, 790, -1,
      790, 788, 752, -1,
      752, 788, 786, -1,
      752, 786, 784, -1,
      784, 782, 752, -1,
      752, 782, 780, -1,
      752, 780, 754, -1,
      754, 780, 756, -1,
      762, 780, 764, -1,
      764, 780, 778, -1,
      762, 760, 780, -1,
      780, 760, 758, -1,
      780, 758, 756, -1,
      768, 774, 770, -1,
      770, 774, 772, -1,
      778, 776, 764, -1,
      764, 776, 774, -1,
      764, 774, 766, -1,
      766, 774, 768, -1,
      800, 801, 802, -1,
      802, 801, 803, -1,
      800, 802, 804, -1,
      800, 804, 805, -1,
      805, 804, 806, -1,
      805, 806, 807, -1,
      807, 806, 808, -1,
      807, 808, 809, -1,
      809, 808, 810, -1,
      809, 810, 811, -1,
      811, 810, 812, -1,
      811, 812, 813, -1,
      813, 812, 814, -1,
      813, 814, 815, -1,
      815, 814, 816, -1,
      815, 816, 817, -1,
      817, 816, 818, -1,
      817, 818, 819, -1,
      819, 818, 820, -1,
      819, 820, 821, -1,
      821, 820, 822, -1,
      821, 822, 823, -1,
      823, 822, 824, -1,
      823, 824, 825, -1,
      825, 824, 826, -1,
      825, 826, 827, -1,
      827, 826, 828, -1,
      827, 828, 829, -1,
      829, 828, 830, -1,
      829, 830, 831, -1,
      831, 830, 832, -1,
      831, 832, 833, -1,
      833, 832, 834, -1,
      833, 834, 835, -1,
      835, 834, 836, -1,
      835, 836, 837, -1,
      837, 836, 838, -1,
      837, 838, 839, -1,
      839, 838, 840, -1,
      839, 840, 841, -1,
      841, 840, 842, -1,
      841, 842, 843, -1,
      843, 842, 844, -1,
      843, 844, 845, -1,
      845, 844, 846, -1,
      845, 846, 847, -1,
      848, 847, 849, -1,
      849, 847, 846, -1,
      801, 848, 803, -1,
      803, 848, 849, -1,
      848, 801, 847, -1,
      847, 801, 800, -1,
      847, 800, 845, -1,
      845, 800, 843, -1,
      815, 817, 800, -1,
      800, 817, 819, -1,
      819, 821, 800, -1,
      800, 821, 823, -1,
      800, 823, 825, -1,
      831, 833, 800, -1,
      800, 833, 835, -1,
      800, 835, 837, -1,
      837, 839, 800, -1,
      800, 839, 841, -1,
      800, 841, 843, -1,
      807, 809, 805, -1,
      805, 809, 811, -1,
      805, 811, 800, -1,
      800, 811, 813, -1,
      800, 813, 815, -1,
      825, 827, 800, -1,
      800, 827, 829, -1,
      800, 829, 831, -1,
      803, 849, 802, -1,
      802, 849, 846, -1,
      846, 844, 802, -1,
      802, 844, 842, -1,
      802, 842, 840, -1,
      822, 820, 802, -1,
      840, 838, 802, -1,
      802, 838, 836, -1,
      802, 836, 834, -1,
      834, 832, 802, -1,
      802, 832, 830, -1,
      802, 830, 828, -1,
      820, 818, 802, -1,
      802, 818, 816, -1,
      802, 816, 814, -1,
      828, 826, 802, -1,
      802, 826, 824, -1,
      802, 824, 822, -1,
      814, 812, 802, -1,
      802, 812, 810, -1,
      802, 810, 804, -1,
      804, 810, 808, -1,
      804, 808, 806, -1,
      850, 851, 852, -1,
      852, 851, 853, -1,
      850, 852, 854, -1,
      850, 854, 855, -1,
      855, 854, 856, -1,
      855, 856, 857, -1,
      857, 856, 858, -1,
      857, 858, 859, -1,
      859, 858, 860, -1,
      859, 860, 861, -1,
      861, 860, 862, -1,
      861, 862, 863, -1,
      863, 862, 864, -1,
      863, 864, 865, -1,
      865, 864, 866, -1,
      865, 866, 867, -1,
      867, 866, 868, -1,
      867, 868, 869, -1,
      869, 868, 870, -1,
      869, 870, 871, -1,
      871, 870, 872, -1,
      871, 872, 873, -1,
      873, 872, 874, -1,
      873, 874, 875, -1,
      875, 874, 876, -1,
      875, 876, 877, -1,
      877, 876, 878, -1,
      877, 878, 879, -1,
      879, 878, 880, -1,
      879, 880, 881, -1,
      881, 880, 882, -1,
      881, 882, 883, -1,
      883, 882, 884, -1,
      883, 884, 885, -1,
      885, 884, 886, -1,
      885, 886, 887, -1,
      887, 886, 888, -1,
      887, 888, 889, -1,
      889, 888, 890, -1,
      889, 890, 891, -1,
      891, 890, 892, -1,
      891, 892, 893, -1,
      893, 892, 894, -1,
      893, 894, 895, -1,
      895, 894, 896, -1,
      895, 896, 897, -1,
      898, 897, 899, -1,
      899, 897, 896, -1,
      851, 898, 853, -1,
      853, 898, 899, -1,
      898, 851, 897, -1,
      897, 851, 850, -1,
      897, 850, 895, -1,
      881, 883, 850, -1,
      863, 865, 850, -1,
      850, 865, 867, -1,
      850, 867, 869, -1,
      869, 871, 850, -1,
      850, 871, 873, -1,
      850, 873, 875, -1,
      850, 855, 857, -1,
      875, 877, 850, -1,
      850, 877, 879, -1,
      850, 879, 881, -1,
      883, 885, 850, -1,
      850, 885, 887, -1,
      850, 887, 889, -1,
      857, 859, 850, -1,
      850, 859, 861, -1,
      850, 861, 863, -1,
      889, 891, 850, -1,
      850, 891, 893, -1,
      850, 893, 895, -1,
      852, 853, 899, -1,
      872, 870, 852, -1,
      886, 884, 852, -1,
      884, 882, 852, -1,
      852, 882, 880, -1,
      852, 880, 878, -1,
      870, 868, 852, -1,
      852, 868, 866, -1,
      852, 866, 864, -1,
      899, 896, 852, -1,
      852, 896, 894, -1,
      852, 894, 892, -1,
      878, 876, 852, -1,
      852, 876, 874, -1,
      852, 874, 872, -1,
      860, 858, 856, -1,
      892, 890, 852, -1,
      852, 890, 888, -1,
      852, 888, 886, -1,
      864, 862, 852, -1,
      852, 862, 860, -1,
      852, 860, 854, -1,
      854, 860, 856, -1,
      900, 901, 902, -1,
      902, 901, 903, -1,
      900, 902, 904, -1,
      900, 904, 905, -1,
      905, 904, 906, -1,
      905, 906, 907, -1,
      907, 906, 908, -1,
      907, 908, 909, -1,
      909, 908, 910, -1,
      909, 910, 911, -1,
      911, 910, 912, -1,
      911, 912, 913, -1,
      913, 912, 914, -1,
      913, 914, 915, -1,
      915, 914, 916, -1,
      915, 916, 917, -1,
      917, 916, 918, -1,
      917, 918, 919, -1,
      919, 918, 920, -1,
      919, 920, 921, -1,
      921, 920, 922, -1,
      921, 922, 923, -1,
      923, 922, 924, -1,
      923, 924, 925, -1,
      925, 924, 926, -1,
      925, 926, 927, -1,
      927, 926, 928, -1,
      927, 928, 929, -1,
      929, 928, 930, -1,
      929, 930, 931, -1,
      931, 930, 932, -1,
      931, 932, 933, -1,
      933, 932, 934, -1,
      933, 934, 935, -1,
      935, 934, 936, -1,
      935, 936, 937, -1,
      937, 936, 938, -1,
      937, 938, 939, -1,
      939, 938, 940, -1,
      939, 940, 941, -1,
      941, 940, 942, -1,
      941, 942, 943, -1,
      943, 942, 944, -1,
      943, 944, 945, -1,
      945, 944, 946, -1,
      945, 946, 947, -1,
      948, 947, 949, -1,
      949, 947, 946, -1,
      901, 948, 903, -1,
      903, 948, 949, -1,
      948, 901, 947, -1,
      947, 901, 900, -1,
      900, 905, 947, -1,
      947, 905, 907, -1,
      947, 907, 909, -1,
      927, 929, 947, -1,
      909, 911, 947, -1,
      947, 911, 913, -1,
      947, 913, 915, -1,
      915, 917, 947, -1,
      947, 917, 919, -1,
      947, 919, 921, -1,
      929, 931, 947, -1,
      947, 931, 933, -1,
      947, 933, 935, -1,
      921, 923, 947, -1,
      947, 923, 925, -1,
      947, 925, 927, -1,
      935, 937, 947, -1,
      947, 937, 939, -1,
      947, 939, 945, -1,
      945, 939, 941, -1,
      945, 941, 943, -1,
      903, 949, 902, -1,
      902, 949, 946, -1,
      902, 946, 904, -1,
      904, 946, 906, -1,
      934, 932, 946, -1,
      946, 932, 930, -1,
      930, 928, 946, -1,
      946, 928, 926, -1,
      946, 926, 924, -1,
      918, 916, 946, -1,
      946, 916, 914, -1,
      946, 914, 912, -1,
      912, 910, 946, -1,
      946, 910, 908, -1,
      946, 908, 906, -1,
      942, 940, 944, -1,
      944, 940, 938, -1,
      944, 938, 946, -1,
      946, 938, 936, -1,
      946, 936, 934, -1,
      924, 922, 946, -1,
      946, 922, 920, -1,
      946, 920, 918, -1,
      950, 951, 952, -1,
      952, 951, 953, -1,
      950, 952, 954, -1,
      950, 954, 955, -1,
      955, 954, 956, -1,
      955, 956, 957, -1,
      957, 956, 958, -1,
      957, 958, 959, -1,
      959, 958, 960, -1,
      959, 960, 961, -1,
      961, 960, 962, -1,
      961, 962, 963, -1,
      963, 962, 964, -1,
      963, 964, 965, -1,
      965, 964, 966, -1,
      965, 966, 967, -1,
      967, 966, 968, -1,
      967, 968, 969, -1,
      969, 968, 970, -1,
      969, 970, 971, -1,
      971, 970, 972, -1,
      971, 972, 973, -1,
      973, 972, 974, -1,
      973, 974, 975, -1,
      975, 974, 976, -1,
      975, 976, 977, -1,
      977, 976, 978, -1,
      977, 978, 979, -1,
      979, 978, 980, -1,
      979, 980, 981, -1,
      981, 980, 982, -1,
      981, 982, 983, -1,
      983, 982, 984, -1,
      983, 984, 985, -1,
      985, 984, 986, -1,
      985, 986, 987, -1,
      987, 986, 988, -1,
      987, 988, 989, -1,
      989, 988, 990, -1,
      989, 990, 991, -1,
      991, 990, 992, -1,
      991, 992, 993, -1,
      993, 992, 994, -1,
      993, 994, 995, -1,
      995, 994, 996, -1,
      995, 996, 997, -1,
      998, 997, 999, -1,
      999, 997, 996, -1,
      951, 998, 953, -1,
      953, 998, 999, -1,
      998, 951, 997, -1,
      997, 951, 950, -1,
      950, 955, 997, -1,
      997, 955, 957, -1,
      997, 957, 959, -1,
      959, 961, 997, -1,
      997, 961, 963, -1,
      997, 963, 965, -1,
      965, 967, 997, -1,
      997, 967, 969, -1,
      997, 969, 995, -1,
      995, 969, 993, -1,
      987, 969, 985, -1,
      985, 969, 971, -1,
      987, 989, 969, -1,
      969, 989, 991, -1,
      969, 991, 993, -1,
      981, 975, 979, -1,
      979, 975, 977, -1,
      971, 973, 985, -1,
      985, 973, 975, -1,
      985, 975, 983, -1,
      983, 975, 981, -1,
      970, 968, 984, -1,
      953, 999, 952, -1,
      952, 999, 996, -1,
      952, 996, 994, -1,
      990, 988, 968, -1,
      968, 988, 986, -1,
      968, 986, 984, -1,
      968, 966, 990, -1,
      990, 966, 964, -1,
      990, 964, 962, -1,
      994, 992, 952, -1,
      952, 992, 990, -1,
      952, 990, 954, -1,
      954, 990, 956, -1,
      982, 980, 974, -1,
      974, 980, 978, -1,
      974, 978, 976, -1,
      982, 974, 984, -1,
      984, 974, 972, -1,
      984, 972, 970, -1,
      962, 960, 990, -1,
      990, 960, 958, -1,
      990, 958, 956, -1,
    ]
  }
}
