#VRML V2.0 utf8

Shape {
  appearance Appearance {
    material Material {
      diffuseColor 0.2235 0.2235 0.2235
      specularColor 0.1137 0.1137 0.1137
      ambientIntensity 0.2
      transparency 0.0000
      shininess 0.5
    }
  }
  geometry IndexedFaceSet {
    ccw TRUE
    solid FALSE
    coord DEF co Coordinate {
      point [
        1.181102 -1.181102 0.000000,
        1.040043 -1.181102 0.019774,
        0.993092 -1.181102 0.019774,
        0.639764 -1.181102 0.000000,
        0.738189 -1.181102 0.000000,
        0.639764 -1.181102 0.049213,
        0.738189 -1.181102 0.049213,
        0.836614 -1.181102 0.049213,
        1.181102 -1.181102 0.334646,
        -1.181102 -1.181102 0.334646,
        0.541339 -1.181102 0.049213,
        1.040043 -1.181102 0.049213,
        0.993092 -1.181102 0.049213,
        0.836614 -1.181102 0.000000,
        0.442913 -1.181102 0.049213,
        0.442913 -1.181102 0.000000,
        0.541339 -1.181102 0.000000,
        -0.738189 -1.181102 0.049213,
        -0.836614 -1.181102 0.049213,
        -0.993092 -1.181102 0.049213,
        -0.836614 -1.181102 0.000000,
        -0.993092 -1.181102 0.019774,
        -1.181102 -1.181102 0.000000,
        -1.040043 -1.181102 0.019774,
        -1.040043 -1.181102 0.049213,
        -0.738189 -1.181102 0.000000,
        -0.639764 -1.181102 0.000000,
        -0.639764 -1.181102 0.049213,
        -0.541339 -1.181102 0.049213,
        -0.541339 -1.181102 0.000000,
        -0.442913 -1.181102 0.000000,
        -0.442913 -1.181102 0.049213,
        -0.344488 -1.181102 0.049213,
        -0.344488 -1.181102 0.000000,
        -0.246063 -1.181102 0.000000,
        -0.246063 -1.181102 0.049213,
        -0.147638 -1.181102 0.049213,
        -0.147638 -1.181102 0.000000,
        -0.049213 -1.181102 0.000000,
        -0.049213 -1.181102 0.049213,
        0.049213 -1.181102 0.049213,
        0.049213 -1.181102 0.000000,
        0.147638 -1.181102 0.000000,
        0.147638 -1.181102 0.049213,
        0.246063 -1.181102 0.049213,
        0.246063 -1.181102 0.000000,
        0.344488 -1.181102 0.000000,
        0.344488 -1.181102 0.049213,
        0.993092 1.181102 0.049213,
        -1.181102 1.181102 0.334646,
        1.181102 1.181102 0.334646,
        0.147638 1.181102 0.049213,
        0.147638 1.181102 0.000000,
        0.049213 1.181102 0.000000,
        -0.993092 1.181102 0.049213,
        -1.040043 1.181102 0.049213,
        -1.181102 1.181102 0.000000,
        -1.040043 1.181102 0.019774,
        -0.993092 1.181102 0.019774,
        -0.836614 1.181102 0.000000,
        -0.836614 1.181102 0.049213,
        0.738189 1.181102 0.049213,
        0.836614 1.181102 0.049213,
        0.836614 1.181102 0.000000,
        0.993092 1.181102 0.019774,
        1.181102 1.181102 0.000000,
        1.040043 1.181102 0.019774,
        1.040043 1.181102 0.049213,
        0.541339 1.181102 0.049213,
        0.541339 1.181102 0.000000,
        0.442913 1.181102 0.000000,
        0.442913 1.181102 0.049213,
        0.344488 1.181102 0.049213,
        0.639764 1.181102 0.049213,
        0.639764 1.181102 0.000000,
        0.738189 1.181102 0.000000,
        0.049213 1.181102 0.049213,
        -0.049213 1.181102 0.049213,
        0.246063 1.181102 0.049213,
        0.246063 1.181102 0.000000,
        0.344488 1.181102 0.000000,
        -0.049213 1.181102 0.000000,
        -0.147638 1.181102 0.000000,
        -0.147638 1.181102 0.049213,
        -0.246063 1.181102 0.049213,
        -0.246063 1.181102 0.000000,
        -0.344488 1.181102 0.000000,
        -0.344488 1.181102 0.049213,
        -0.442913 1.181102 0.049213,
        -0.442913 1.181102 0.000000,
        -0.541339 1.181102 0.000000,
        -0.541339 1.181102 0.049213,
        -0.639764 1.181102 0.049213,
        -0.639764 1.181102 0.000000,
        -0.738189 1.181102 0.000000,
        -0.738189 1.181102 0.049213,
        1.181102 -0.993092 0.049213,
        1.181102 0.993092 0.049213,
        1.181102 1.040043 0.049213,
        1.181102 1.040043 0.019774,
        1.181102 0.993092 0.019774,
        1.181102 0.836614 0.000000,
        1.181102 0.836614 0.049213,
        1.181102 -0.738189 0.049213,
        1.181102 -0.836614 0.049213,
        1.181102 -0.836614 0.000000,
        1.181102 -0.993092 0.019774,
        1.181102 -1.040043 0.019774,
        1.181102 -1.040043 0.049213,
        1.181102 -0.738189 0.000000,
        1.181102 -0.639764 0.000000,
        1.181102 -0.639764 0.049213,
        1.181102 -0.541339 0.049213,
        1.181102 -0.541339 0.000000,
        1.181102 -0.442913 0.000000,
        1.181102 -0.442913 0.049213,
        1.181102 -0.344488 0.049213,
        1.181102 -0.344488 0.000000,
        1.181102 -0.246063 0.000000,
        1.181102 -0.246063 0.049213,
        1.181102 -0.147638 0.049213,
        1.181102 -0.147638 0.000000,
        1.181102 -0.049213 0.000000,
        1.181102 -0.049213 0.049213,
        1.181102 0.049213 0.049213,
        1.181102 0.049213 0.000000,
        1.181102 0.147638 0.000000,
        1.181102 0.147638 0.049213,
        1.181102 0.246063 0.049213,
        1.181102 0.246063 0.000000,
        1.181102 0.344488 0.000000,
        1.181102 0.344488 0.049213,
        1.181102 0.442913 0.049213,
        1.181102 0.442913 0.000000,
        1.181102 0.541339 0.000000,
        1.181102 0.541339 0.049213,
        1.181102 0.639764 0.049213,
        1.181102 0.639764 0.000000,
        1.181102 0.738189 0.000000,
        1.181102 0.738189 0.049213,
        -1.181102 0.993092 0.049213,
        -1.181102 -0.836614 0.049213,
        -1.181102 -0.836614 0.000000,
        -1.181102 -0.993092 0.019774,
        -1.181102 -1.040043 0.019774,
        -1.181102 0.738189 0.049213,
        -1.181102 0.836614 0.049213,
        -1.181102 0.836614 0.000000,
        -1.181102 0.993092 0.019774,
        -1.181102 1.040043 0.019774,
        -1.181102 1.040043 0.049213,
        -1.181102 -1.040043 0.049213,
        -1.181102 -0.993092 0.049213,
        -1.181102 0.541339 0.049213,
        -1.181102 0.541339 0.000000,
        -1.181102 0.442913 0.000000,
        -1.181102 0.442913 0.049213,
        -1.181102 0.344488 0.049213,
        -1.181102 0.639764 0.049213,
        -1.181102 0.639764 0.000000,
        -1.181102 0.738189 0.000000,
        -1.181102 0.147638 0.049213,
        -1.181102 0.147638 0.000000,
        -1.181102 0.049213 0.000000,
        -1.181102 0.049213 0.049213,
        -1.181102 -0.049213 0.049213,
        -1.181102 0.246063 0.049213,
        -1.181102 0.246063 0.000000,
        -1.181102 0.344488 0.000000,
        -1.181102 -0.246063 0.049213,
        -1.181102 -0.246063 0.000000,
        -1.181102 -0.344488 0.000000,
        -1.181102 -0.344488 0.049213,
        -1.181102 -0.442913 0.049213,
        -1.181102 -0.147638 0.049213,
        -1.181102 -0.147638 0.000000,
        -1.181102 -0.049213 0.000000,
        -1.181102 -0.442913 0.000000,
        -1.181102 -0.541339 0.000000,
        -1.181102 -0.541339 0.049213,
        -1.181102 -0.639764 0.049213,
        -1.181102 -0.738189 0.049213,
        -1.181102 -0.738189 0.000000,
        -1.181102 -0.639764 0.000000,
      ]
    }
    coordIndex [
      0, 1, 2, -1,
      3, 4, 5, -1,
      5, 4, 6, -1,
      7, 8, 6, -1,
      6, 8, 9, -1,
      6, 9, 5, -1,
      5, 9, 10, -1,
      1, 0, 11, -1,
      11, 0, 8, -1,
      11, 8, 12, -1,
      12, 8, 7, -1,
      12, 7, 2, -1,
      2, 7, 13, -1,
      2, 13, 0, -1,
      14, 15, 16, -1,
      17, 9, 18, -1,
      18, 9, 19, -1,
      18, 19, 20, -1,
      20, 19, 21, -1,
      20, 21, 22, -1,
      22, 21, 23, -1,
      22, 23, 9, -1,
      9, 23, 24, -1,
      9, 24, 19, -1,
      25, 26, 17, -1,
      17, 26, 27, -1,
      17, 27, 9, -1,
      9, 27, 28, -1,
      29, 30, 28, -1,
      28, 30, 31, -1,
      28, 31, 9, -1,
      9, 31, 32, -1,
      33, 34, 32, -1,
      32, 34, 35, -1,
      32, 35, 9, -1,
      9, 35, 36, -1,
      37, 38, 36, -1,
      36, 38, 39, -1,
      36, 39, 9, -1,
      9, 39, 40, -1,
      41, 42, 40, -1,
      40, 42, 43, -1,
      40, 43, 9, -1,
      9, 43, 44, -1,
      45, 46, 44, -1,
      44, 46, 47, -1,
      44, 47, 9, -1,
      9, 47, 14, -1,
      9, 14, 10, -1,
      10, 14, 16, -1,
      48, 49, 50, -1,
      51, 52, 53, -1,
      54, 55, 49, -1,
      49, 55, 56, -1,
      55, 57, 56, -1,
      56, 57, 58, -1,
      56, 58, 59, -1,
      59, 58, 60, -1,
      61, 49, 62, -1,
      62, 49, 48, -1,
      62, 48, 63, -1,
      63, 48, 64, -1,
      63, 64, 65, -1,
      65, 64, 66, -1,
      65, 66, 50, -1,
      50, 66, 67, -1,
      50, 67, 48, -1,
      68, 69, 70, -1,
      71, 72, 49, -1,
      70, 71, 68, -1,
      68, 71, 49, -1,
      68, 49, 73, -1,
      73, 49, 61, -1,
      73, 61, 74, -1,
      74, 61, 75, -1,
      76, 77, 49, -1,
      53, 76, 51, -1,
      51, 76, 49, -1,
      51, 49, 78, -1,
      78, 49, 72, -1,
      78, 72, 79, -1,
      79, 72, 80, -1,
      81, 82, 77, -1,
      77, 82, 83, -1,
      77, 83, 49, -1,
      49, 83, 84, -1,
      85, 86, 84, -1,
      84, 86, 87, -1,
      84, 87, 49, -1,
      49, 87, 88, -1,
      89, 90, 88, -1,
      88, 90, 91, -1,
      88, 91, 49, -1,
      49, 91, 92, -1,
      93, 94, 92, -1,
      92, 94, 95, -1,
      92, 95, 49, -1,
      49, 95, 60, -1,
      49, 60, 54, -1,
      54, 60, 58, -1,
      96, 50, 8, -1,
      97, 98, 50, -1,
      50, 98, 65, -1,
      98, 99, 65, -1,
      65, 99, 100, -1,
      65, 100, 101, -1,
      101, 100, 102, -1,
      103, 50, 104, -1,
      104, 50, 96, -1,
      104, 96, 105, -1,
      105, 96, 106, -1,
      105, 106, 0, -1,
      0, 106, 107, -1,
      0, 107, 8, -1,
      8, 107, 108, -1,
      8, 108, 96, -1,
      109, 110, 103, -1,
      103, 110, 111, -1,
      103, 111, 50, -1,
      50, 111, 112, -1,
      113, 114, 112, -1,
      112, 114, 115, -1,
      112, 115, 50, -1,
      50, 115, 116, -1,
      117, 118, 116, -1,
      116, 118, 119, -1,
      116, 119, 50, -1,
      50, 119, 120, -1,
      121, 122, 120, -1,
      120, 122, 123, -1,
      120, 123, 50, -1,
      50, 123, 124, -1,
      125, 126, 124, -1,
      124, 126, 127, -1,
      124, 127, 50, -1,
      50, 127, 128, -1,
      129, 130, 128, -1,
      128, 130, 131, -1,
      128, 131, 50, -1,
      50, 131, 132, -1,
      133, 134, 132, -1,
      132, 134, 135, -1,
      132, 135, 50, -1,
      50, 135, 136, -1,
      137, 138, 136, -1,
      136, 138, 139, -1,
      136, 139, 50, -1,
      50, 139, 102, -1,
      50, 102, 97, -1,
      97, 102, 100, -1,
      140, 9, 49, -1,
      141, 142, 143, -1,
      143, 142, 22, -1,
      143, 22, 144, -1,
      145, 9, 146, -1,
      146, 9, 140, -1,
      146, 140, 147, -1,
      147, 140, 148, -1,
      147, 148, 56, -1,
      56, 148, 149, -1,
      56, 149, 49, -1,
      49, 149, 150, -1,
      49, 150, 140, -1,
      144, 22, 151, -1,
      151, 22, 9, -1,
      151, 9, 152, -1,
      153, 154, 155, -1,
      156, 157, 9, -1,
      155, 156, 153, -1,
      153, 156, 9, -1,
      153, 9, 158, -1,
      158, 9, 145, -1,
      158, 145, 159, -1,
      159, 145, 160, -1,
      161, 162, 163, -1,
      164, 165, 9, -1,
      163, 164, 161, -1,
      161, 164, 9, -1,
      161, 9, 166, -1,
      166, 9, 157, -1,
      166, 157, 167, -1,
      167, 157, 168, -1,
      169, 170, 171, -1,
      172, 173, 9, -1,
      171, 172, 169, -1,
      169, 172, 9, -1,
      169, 9, 174, -1,
      174, 9, 165, -1,
      174, 165, 175, -1,
      175, 165, 176, -1,
      177, 178, 173, -1,
      173, 178, 179, -1,
      173, 179, 9, -1,
      9, 179, 180, -1,
      143, 152, 141, -1,
      141, 152, 9, -1,
      141, 9, 181, -1,
      181, 9, 180, -1,
      181, 180, 182, -1,
      182, 180, 183, -1,
    ]
  }
}

Shape {
  appearance Appearance {
    material Material {
      diffuseColor 0.8510 0.8510 0.8510
      specularColor 0.4235 0.4235 0.4235
      ambientIntensity 0.2
      transparency 0.0000
      shininess 0.5
    }
  }
  geometry IndexedFaceSet {
    ccw TRUE
    solid FALSE
    coord DEF co Coordinate {
      point [
        -0.036394 -0.816929 -0.007874,
        -0.679134 -0.816929 -0.007874,
        -0.036394 -0.044909 -0.007874,
        -0.816929 -0.679134 -0.007874,
        -0.816929 -0.044909 -0.007874,
        -0.026791 -0.044309 -0.007874,
        -0.026791 -0.033507 -0.007874,
        -0.036394 0.816929 -0.007874,
        -0.024391 0.043313 -0.007874,
        0.012819 0.043313 -0.007874,
        0.012819 0.010905 -0.007874,
        0.026022 -0.044309 -0.007874,
        0.026022 0.054116 -0.007874,
        0.045227 -0.028406 -0.007874,
        0.045227 -0.039208 -0.007874,
        0.055719 -0.043516 -0.007874,
        0.065665 -0.044909 -0.007874,
        0.012819 0.000102 -0.007874,
        0.012819 -0.033507 -0.007874,
        -0.021990 0.000102 -0.007874,
        -0.021990 0.010905 -0.007874,
        0.093978 -0.040969 -0.007874,
        0.126848 -0.044309 -0.007874,
        0.084439 -0.044252 -0.007874,
        0.078097 -0.044909 -0.007874,
        -0.024391 0.054116 -0.007874,
        0.113252 0.028192 -0.007874,
        0.107483 0.037394 -0.007874,
        0.164057 0.054116 -0.007874,
        0.077969 0.043425 -0.007874,
        0.085335 0.040766 -0.007874,
        0.046991 -0.029382 -0.007874,
        0.092148 0.036209 -0.007874,
        0.098092 0.029647 -0.007874,
        0.105243 0.003853 -0.007874,
        0.104246 -0.006802 -0.007874,
        0.101572 -0.015268 -0.007874,
        0.079670 -0.033677 -0.007874,
        0.070490 -0.034707 -0.007874,
        0.086842 -0.031037 -0.007874,
        0.092883 -0.026966 -0.007874,
        0.097501 -0.022093 -0.007874,
        0.057425 -0.033257 -0.007874,
        0.102150 0.022048 -0.007874,
        0.104773 0.011511 -0.007874,
        0.098596 0.045940 -0.007874,
        0.177261 0.054116 -0.007874,
        0.816929 0.816929 -0.007874,
        0.177261 -0.044309 -0.007874,
        0.816929 -0.044909 -0.007874,
        0.101896 -0.035913 -0.007874,
        0.109289 -0.028130 -0.007874,
        0.126848 -0.033507 -0.007874,
        0.114532 -0.018770 -0.007874,
        0.164057 -0.033507 -0.007874,
        0.117494 -0.008352 -0.007874,
        0.118446 0.003046 -0.007874,
        0.117030 0.017040 -0.007874,
        0.089248 0.051321 -0.007874,
        0.078275 0.054509 -0.007874,
        0.068389 0.055316 -0.007874,
        0.056607 0.054503 -0.007874,
        0.045227 0.051415 -0.007874,
        0.045227 0.038212 -0.007874,
        0.056314 0.042959 -0.007874,
        0.068277 0.044513 -0.007874,
        0.069618 -0.045463 -0.007874,
        0.816929 -0.816929 -0.007874,
        0.072309 -0.045510 -0.007874,
        -0.132418 -0.044309 -0.007874,
        -0.120302 -0.017333 -0.007874,
        -0.114657 -0.026137 -0.007874,
        -0.206837 -0.044309 -0.007874,
        -0.221241 -0.044309 -0.007874,
        -0.182831 0.054116 -0.007874,
        -0.816929 0.816929 -0.007874,
        -0.169628 0.054116 -0.007874,
        -0.106556 -0.033894 -0.007874,
        -0.096279 -0.039866 -0.007874,
        -0.084938 -0.043246 -0.007874,
        -0.072759 -0.044309 -0.007874,
        -0.045996 -0.044309 -0.007874,
        -0.045996 0.054116 -0.007874,
        -0.073772 0.054116 -0.007874,
        -0.110323 0.041282 -0.007874,
        -0.117283 0.033565 -0.007874,
        -0.121857 0.025100 -0.007874,
        -0.087992 0.052596 -0.007874,
        -0.099507 0.048552 -0.007874,
        -0.110220 0.041373 -0.007874,
        -0.146822 -0.044309 -0.007874,
        -0.156218 -0.016702 -0.007874,
        -0.196878 -0.016702 -0.007874,
        -0.124501 0.015402 -0.007874,
        -0.125217 0.006141 -0.007874,
        -0.123835 -0.007031 -0.007874,
      ]
    }
    coordIndex [
      0, 1, 2, -1,
      2, 1, 3, -1,
      2, 3, 4, -1,
      5, 2, 6, -1,
      6, 2, 7, -1,
      8, 9, 10, -1,
      11, 12, 13, -1,
      13, 14, 11, -1,
      11, 14, 15, -1,
      11, 15, 16, -1,
      17, 18, 19, -1,
      19, 18, 6, -1,
      19, 6, 20, -1,
      21, 22, 23, -1,
      23, 22, 24, -1,
      10, 20, 8, -1,
      8, 20, 6, -1,
      8, 6, 25, -1,
      25, 6, 7, -1,
      25, 7, 12, -1,
      26, 27, 28, -1,
      29, 30, 31, -1,
      31, 30, 32, -1,
      31, 32, 33, -1,
      34, 35, 31, -1,
      31, 35, 36, -1,
      37, 38, 39, -1,
      39, 38, 40, -1,
      36, 41, 31, -1,
      31, 41, 40, -1,
      31, 40, 42, -1,
      42, 40, 38, -1,
      33, 43, 31, -1,
      31, 43, 44, -1,
      31, 44, 34, -1,
      27, 45, 28, -1,
      28, 45, 7, -1,
      28, 7, 46, -1,
      46, 7, 47, -1,
      46, 47, 48, -1,
      48, 47, 49, -1,
      21, 50, 22, -1,
      22, 50, 51, -1,
      22, 51, 52, -1,
      52, 51, 53, -1,
      52, 53, 54, -1,
      53, 55, 54, -1,
      54, 55, 56, -1,
      54, 56, 28, -1,
      28, 56, 57, -1,
      28, 57, 26, -1,
      45, 58, 7, -1,
      7, 58, 59, -1,
      7, 59, 60, -1,
      60, 61, 7, -1,
      7, 61, 62, -1,
      7, 62, 12, -1,
      12, 62, 63, -1,
      12, 63, 13, -1,
      13, 63, 64, -1,
      13, 64, 31, -1,
      31, 64, 65, -1,
      31, 65, 29, -1,
      5, 11, 2, -1,
      2, 11, 16, -1,
      2, 16, 0, -1,
      0, 16, 66, -1,
      0, 66, 67, -1,
      67, 66, 68, -1,
      67, 68, 49, -1,
      49, 68, 24, -1,
      49, 24, 48, -1,
      48, 24, 22, -1,
      69, 70, 71, -1,
      72, 2, 73, -1,
      73, 2, 4, -1,
      73, 4, 74, -1,
      74, 4, 75, -1,
      74, 75, 76, -1,
      76, 75, 7, -1,
      71, 77, 69, -1,
      69, 77, 78, -1,
      69, 78, 79, -1,
      80, 81, 2, -1,
      2, 81, 82, -1,
      2, 82, 7, -1,
      7, 82, 83, -1,
      84, 85, 76, -1,
      76, 85, 86, -1,
      83, 87, 7, -1,
      7, 87, 88, -1,
      7, 88, 76, -1,
      76, 88, 89, -1,
      76, 89, 84, -1,
      79, 80, 69, -1,
      69, 80, 2, -1,
      69, 2, 90, -1,
      90, 2, 72, -1,
      90, 72, 91, -1,
      91, 72, 92, -1,
      86, 93, 76, -1,
      76, 93, 94, -1,
      76, 94, 69, -1,
      69, 94, 95, -1,
      69, 95, 70, -1,
    ]
  }
}

Shape {
  appearance Appearance {
    material Material {
      diffuseColor 0.2235 0.2235 0.2235
      specularColor 0.1137 0.1137 0.1137
      ambientIntensity 0.2
      transparency 0.0000
      shininess 0.5
    }
  }
  geometry IndexedFaceSet {
    ccw TRUE
    solid FALSE
    coord DEF co Coordinate {
      point [
        1.181102 -1.181102 0.000000,
        0.639764 -1.181102 0.000000,
        0.738189 -1.181102 0.000000,
        1.181102 -1.181102 0.334646,
        -1.181102 -1.181102 0.334646,
        0.836614 -1.181102 0.000000,
        0.442913 -1.181102 0.000000,
        0.541339 -1.181102 0.000000,
        -0.836614 -1.181102 0.000000,
        -1.181102 -1.181102 0.000000,
        -0.738189 -1.181102 0.000000,
        -0.639764 -1.181102 0.000000,
        -0.541339 -1.181102 0.000000,
        -0.442913 -1.181102 0.000000,
        -0.344488 -1.181102 0.000000,
        -0.246063 -1.181102 0.000000,
        -0.147638 -1.181102 0.000000,
        -0.049213 -1.181102 0.000000,
        0.049213 -1.181102 0.000000,
        0.147638 -1.181102 0.000000,
        0.246063 -1.181102 0.000000,
        0.344488 -1.181102 0.000000,
        -1.181102 1.181102 0.334646,
        1.181102 1.181102 0.334646,
        0.147638 1.181102 0.000000,
        0.049213 1.181102 0.000000,
        -1.181102 1.181102 0.000000,
        -0.836614 1.181102 0.000000,
        0.836614 1.181102 0.000000,
        1.181102 1.181102 0.000000,
        0.541339 1.181102 0.000000,
        0.442913 1.181102 0.000000,
        0.639764 1.181102 0.000000,
        0.738189 1.181102 0.000000,
        0.246063 1.181102 0.000000,
        0.344488 1.181102 0.000000,
        -0.049213 1.181102 0.000000,
        -0.147638 1.181102 0.000000,
        -0.246063 1.181102 0.000000,
        -0.344488 1.181102 0.000000,
        -0.442913 1.181102 0.000000,
        -0.541339 1.181102 0.000000,
        -0.639764 1.181102 0.000000,
        -0.738189 1.181102 0.000000,
        1.181102 0.836614 0.000000,
        1.181102 -0.836614 0.000000,
        1.181102 -0.738189 0.000000,
        1.181102 -0.639764 0.000000,
        1.181102 -0.541339 0.000000,
        1.181102 -0.442913 0.000000,
        1.181102 -0.344488 0.000000,
        1.181102 -0.246063 0.000000,
        1.181102 -0.147638 0.000000,
        1.181102 -0.049213 0.000000,
        1.181102 0.049213 0.000000,
        1.181102 0.147638 0.000000,
        1.181102 0.246063 0.000000,
        1.181102 0.344488 0.000000,
        1.181102 0.442913 0.000000,
        1.181102 0.541339 0.000000,
        1.181102 0.639764 0.000000,
        1.181102 0.738189 0.000000,
        -1.181102 -0.836614 0.000000,
        -1.181102 0.836614 0.000000,
        -1.181102 0.541339 0.000000,
        -1.181102 0.442913 0.000000,
        -1.181102 0.639764 0.000000,
        -1.181102 0.738189 0.000000,
        -1.181102 0.147638 0.000000,
        -1.181102 0.049213 0.000000,
        -1.181102 0.246063 0.000000,
        -1.181102 0.344488 0.000000,
        -1.181102 -0.246063 0.000000,
        -1.181102 -0.344488 0.000000,
        -1.181102 -0.147638 0.000000,
        -1.181102 -0.049213 0.000000,
        -1.181102 -0.442913 0.000000,
        -1.181102 -0.541339 0.000000,
        -1.181102 -0.738189 0.000000,
        -1.181102 -0.639764 0.000000,
        -0.916652 -0.966139 0.334646,
        -0.914267 -0.984252 0.334646,
        -0.916652 -1.002365 0.334646,
        -0.923643 -1.019244 0.334646,
        -0.934765 -1.033739 0.334646,
        -0.949259 -1.044861 0.334646,
        -0.966139 -1.051852 0.334646,
        -0.984252 -1.054237 0.334646,
        -1.002365 -1.051852 0.334646,
        -1.019244 -1.044861 0.334646,
        -1.033739 -1.033739 0.334646,
        -1.044861 -1.019244 0.334646,
        -1.051852 -1.002365 0.334646,
        -1.054237 -0.984252 0.334646,
        -1.051852 -0.966139 0.334646,
        -1.044861 -0.949259 0.334646,
        -1.033739 -0.934765 0.334646,
        -1.019244 -0.923643 0.334646,
        -1.002365 -0.916652 0.334646,
        -0.923643 -0.949259 0.334646,
        -0.934765 -0.934765 0.334646,
        -0.984252 -0.914267 0.334646,
        -0.966139 -0.916652 0.334646,
        -0.949259 -0.923643 0.334646,
        1.015748 0.836614 0.000000,
        -0.992126 -0.239733 0.000000,
        -0.982341 -0.232226 0.000000,
        -1.003520 -0.346098 0.000000,
        -1.003520 -0.835004 0.000000,
        -1.015748 -0.836614 0.000000,
        -0.992126 -0.830285 0.000000,
        -0.982341 -0.822777 0.000000,
        -0.679134 -0.816929 0.000000,
        0.149248 -1.003520 0.000000,
        0.042883 -0.992126 0.000000,
        0.035375 -0.982341 0.000000,
        1.003520 0.835004 0.000000,
        0.992126 0.830285 0.000000,
        0.816929 0.816929 0.000000,
        0.982341 0.822777 0.000000,
        0.974833 0.812992 0.000000,
        -0.739799 1.003520 0.000000,
        -0.633434 0.992126 0.000000,
        -0.625926 0.982341 0.000000,
        0.547668 -0.992126 0.000000,
        0.542948 -1.003520 0.000000,
        0.407897 -0.970114 0.000000,
        -0.153967 -0.992126 0.000000,
        -0.161475 -0.982341 0.000000,
        -0.047603 -1.003520 0.000000,
        -0.436584 0.992126 0.000000,
        -0.429076 0.982341 0.000000,
        -0.542948 1.003520 0.000000,
        -0.419291 0.974833 0.000000,
        -0.407897 0.970114 0.000000,
        -0.992126 0.350818 0.000000,
        -0.982341 0.358326 0.000000,
        -1.003520 0.244453 0.000000,
        -0.974833 0.368110 0.000000,
        -0.970114 0.379505 0.000000,
        -1.015748 -0.344488 0.000000,
        -1.015748 -0.246063 0.000000,
        -1.003520 -0.244453 0.000000,
        0.441304 1.003520 0.000000,
        0.547668 0.992126 0.000000,
        0.555176 0.982341 0.000000,
        -0.738189 1.015748 0.000000,
        -0.639764 1.015748 0.000000,
        -0.638154 1.003520 0.000000,
        -0.816929 -0.679134 0.000000,
        -0.974833 -0.812992 0.000000,
        -0.970114 -0.801598 0.000000,
        -0.992126 -0.633434 0.000000,
        -0.982341 -0.625926 0.000000,
        -1.003520 -0.739799 0.000000,
        -0.992126 0.830285 0.000000,
        -0.982341 0.822777 0.000000,
        -0.816929 0.816929 0.000000,
        -0.974833 0.812992 0.000000,
        -1.003520 0.835004 0.000000,
        -1.015748 0.836614 0.000000,
        -1.015748 0.246063 0.000000,
        -1.015748 0.344488 0.000000,
        -1.003520 0.346098 0.000000,
        -0.350818 -0.992126 0.000000,
        -0.358326 -0.982341 0.000000,
        -0.244453 -1.003520 0.000000,
        -0.049213 -1.015748 0.000000,
        -0.147638 -1.015748 0.000000,
        -0.149248 -1.003520 0.000000,
        0.147638 -1.015748 0.000000,
        0.049213 -1.015748 0.000000,
        0.047603 -1.003520 0.000000,
        0.970114 0.801598 0.000000,
        0.968504 0.789370 0.000000,
        0.968504 0.785433 0.000000,
        0.992126 -0.830285 0.000000,
        0.982341 -0.822777 0.000000,
        0.816929 -0.816929 0.000000,
        1.003520 -0.835004 0.000000,
        1.015748 -0.836614 0.000000,
        0.638154 1.003520 0.000000,
        0.744519 0.992126 0.000000,
        0.752026 0.982341 0.000000,
        -0.541339 1.015748 0.000000,
        -0.442913 1.015748 0.000000,
        -0.441304 1.003520 0.000000,
        0.752026 -0.982341 0.000000,
        0.744519 -0.992126 0.000000,
        0.638154 -1.003520 0.000000,
        0.436584 -0.992126 0.000000,
        0.429076 -0.982341 0.000000,
        0.419291 -0.974833 0.000000,
        0.182654 -0.970114 0.000000,
        0.171260 -0.974833 0.000000,
        0.239733 -0.992126 0.000000,
        0.232226 -0.982341 0.000000,
        0.346098 -1.003520 0.000000,
        -0.822777 -0.982341 0.000000,
        -0.830285 -0.992126 0.000000,
        -0.547668 -0.992126 0.000000,
        -0.555176 -0.982341 0.000000,
        -0.441304 -1.003520 0.000000,
        -0.246063 -1.015748 0.000000,
        -0.344488 -1.015748 0.000000,
        -0.346098 -1.003520 0.000000,
        0.992126 -0.350818 0.000000,
        0.982341 -0.358326 0.000000,
        1.003520 -0.244453 0.000000,
        1.003520 -0.047603 0.000000,
        0.992126 -0.153967 0.000000,
        0.982341 -0.161475 0.000000,
        -0.836614 1.015748 0.000000,
        0.604747 0.970114 0.000000,
        0.616142 0.974833 0.000000,
        0.442913 1.015748 0.000000,
        0.541339 1.015748 0.000000,
        0.542948 1.003520 0.000000,
        0.379505 -0.970114 0.000000,
        0.368110 -0.974833 0.000000,
        0.358326 -0.982341 0.000000,
        0.350818 -0.992126 0.000000,
        0.541339 -1.015748 0.000000,
        0.442913 -1.015748 0.000000,
        0.441304 -1.003520 0.000000,
        0.344488 -1.015748 0.000000,
        0.246063 -1.015748 0.000000,
        0.244453 -1.003520 0.000000,
        -0.744519 -0.992126 0.000000,
        -0.752026 -0.982341 0.000000,
        -0.638154 -1.003520 0.000000,
        -0.442913 -1.015748 0.000000,
        -0.541339 -1.015748 0.000000,
        -0.542948 -1.003520 0.000000,
        1.003520 -0.441304 0.000000,
        0.992126 -0.547668 0.000000,
        0.982341 -0.555176 0.000000,
        -0.835004 1.003520 0.000000,
        -0.830285 0.992126 0.000000,
        -0.822777 0.982341 0.000000,
        -0.812992 0.974833 0.000000,
        0.639764 1.015748 0.000000,
        0.738189 1.015748 0.000000,
        0.739799 1.003520 0.000000,
        -0.968504 -0.789370 0.000000,
        -0.968504 -0.785433 0.000000,
        -0.970114 -0.773206 0.000000,
        0.836614 -1.015748 0.000000,
        0.812992 -0.974833 0.000000,
        0.801598 -0.970114 0.000000,
        0.222441 -0.974833 0.000000,
        0.211046 -0.970114 0.000000,
        -0.182654 -0.970114 0.000000,
        -0.194882 -0.968504 0.000000,
        -0.812992 -0.974833 0.000000,
        -0.835004 -1.003520 0.000000,
        -0.836614 -1.015748 0.000000,
        -0.639764 -1.015748 0.000000,
        -0.738189 -1.015748 0.000000,
        -0.739799 -1.003520 0.000000,
        1.003520 -0.638154 0.000000,
        0.992126 -0.744519 0.000000,
        0.982341 -0.752026 0.000000,
        1.015748 -0.246063 0.000000,
        1.015748 -0.344488 0.000000,
        1.003520 -0.346098 0.000000,
        0.592520 0.968504 0.000000,
        -0.974833 -0.761811 0.000000,
        -0.982341 -0.752026 0.000000,
        -0.992126 -0.744519 0.000000,
        -0.982341 -0.555176 0.000000,
        -0.992126 -0.547668 0.000000,
        -0.982341 -0.429076 0.000000,
        -1.003520 -0.542948 0.000000,
        -0.992126 -0.436584 0.000000,
        -0.992126 0.547668 0.000000,
        -0.982341 0.555176 0.000000,
        -1.003520 0.441304 0.000000,
        0.738189 -1.015748 0.000000,
        0.835004 -1.003520 0.000000,
        0.830285 -0.992126 0.000000,
        0.822777 -0.982341 0.000000,
        0.625926 -0.982341 0.000000,
        0.616142 -0.974833 0.000000,
        0.604747 -0.970114 0.000000,
        0.592520 -0.968504 0.000000,
        0.194882 -0.968504 0.000000,
        -0.198819 -0.968504 0.000000,
        -0.211046 -0.970114 0.000000,
        -0.222441 -0.974833 0.000000,
        -0.379505 -0.970114 0.000000,
        -0.391732 -0.968504 0.000000,
        -0.604747 -0.970114 0.000000,
        -0.616142 -0.974833 0.000000,
        1.015748 -0.049213 0.000000,
        1.015748 -0.147638 0.000000,
        1.003520 -0.149248 0.000000,
        -0.801598 0.970114 0.000000,
        -0.789370 0.968504 0.000000,
        -0.785433 0.968504 0.000000,
        -0.616142 0.974833 0.000000,
        -0.604747 0.970114 0.000000,
        -0.744519 0.992126 0.000000,
        -0.752026 0.982341 0.000000,
        -0.592520 0.968504 0.000000,
        -0.588583 0.968504 0.000000,
        -0.346098 1.003520 0.000000,
        -0.239733 0.992126 0.000000,
        -0.232226 0.982341 0.000000,
        0.799883 0.969689 0.000000,
        0.809869 0.973183 0.000000,
        -1.015748 -0.738189 0.000000,
        -1.015748 -0.639764 0.000000,
        -1.003520 -0.638154 0.000000,
        -0.992126 0.436584 0.000000,
        0.739799 -1.003520 0.000000,
        0.639764 -1.015748 0.000000,
        0.198819 -0.968504 0.000000,
        0.014196 -0.970114 0.000000,
        0.001969 -0.968504 0.000000,
        -0.025591 -0.974833 0.000000,
        -0.035375 -0.982341 0.000000,
        -0.042883 -0.992126 0.000000,
        -0.171260 -0.974833 0.000000,
        -0.395669 -0.968504 0.000000,
        -0.407897 -0.970114 0.000000,
        -0.419291 -0.974833 0.000000,
        -0.592520 -0.968504 0.000000,
        0.970114 -0.604747 0.000000,
        0.974833 -0.616142 0.000000,
        0.992126 0.239733 0.000000,
        0.982341 0.232226 0.000000,
        1.003520 0.346098 0.000000,
        0.992126 0.436584 0.000000,
        0.982341 0.429076 0.000000,
        1.003520 0.542948 0.000000,
        0.974833 0.419291 0.000000,
        0.970114 0.407897 0.000000,
        1.015748 -0.442913 0.000000,
        1.015748 -0.541339 0.000000,
        1.003520 -0.542948 0.000000,
        -0.761811 0.974833 0.000000,
        -0.773206 0.970114 0.000000,
        0.244453 1.003520 0.000000,
        0.350818 0.992126 0.000000,
        0.358326 0.982341 0.000000,
        0.419291 0.974833 0.000000,
        0.429076 0.982341 0.000000,
        0.436584 0.992126 0.000000,
        0.789370 0.968504 0.000000,
        0.836614 1.015748 0.000000,
        0.835430 1.005235 0.000000,
        -1.015748 -0.541339 0.000000,
        -1.015748 -0.442913 0.000000,
        -1.003520 -0.441304 0.000000,
        -0.982341 0.625926 0.000000,
        -0.992126 0.633434 0.000000,
        -0.982341 0.752026 0.000000,
        -1.003520 0.638154 0.000000,
        -0.992126 0.744519 0.000000,
        0.588583 -0.968504 0.000000,
        0.576355 -0.970114 0.000000,
        0.564961 -0.974833 0.000000,
        0.555176 -0.982341 0.000000,
        -0.001969 -0.968504 0.000000,
        -0.014196 -0.970114 0.000000,
        -0.232226 -0.982341 0.000000,
        -0.239733 -0.992126 0.000000,
        -0.368110 -0.974833 0.000000,
        1.015748 -0.639764 0.000000,
        1.015748 -0.738189 0.000000,
        1.003520 -0.739799 0.000000,
        0.153967 0.992126 0.000000,
        0.161475 0.982341 0.000000,
        0.047603 1.003520 0.000000,
        -0.344488 1.015748 0.000000,
        -0.246063 1.015748 0.000000,
        -0.244453 1.003520 0.000000,
        0.564961 0.974833 0.000000,
        0.576355 0.970114 0.000000,
        0.588583 0.968504 0.000000,
        0.818826 0.978811 0.000000,
        0.826307 0.986292 0.000000,
        0.831935 0.995250 0.000000,
        -0.974833 -0.616142 0.000000,
        -0.970114 -0.604747 0.000000,
        -0.968504 -0.592520 0.000000,
        -0.992126 0.153967 0.000000,
        -0.982341 0.161475 0.000000,
        -1.003520 0.047603 0.000000,
        -0.974833 0.171260 0.000000,
        -0.970114 0.182654 0.000000,
        -1.003520 -0.149248 0.000000,
        -0.992126 -0.042883 0.000000,
        -0.982341 -0.035375 0.000000,
        -0.970114 0.773206 0.000000,
        -0.968504 0.785433 0.000000,
        0.395669 -0.968504 0.000000,
        0.391732 -0.968504 0.000000,
        0.161475 -0.982341 0.000000,
        0.153967 -0.992126 0.000000,
        0.025591 -0.974833 0.000000,
        -0.429076 -0.982341 0.000000,
        -0.436584 -0.992126 0.000000,
        0.968504 -0.592520 0.000000,
        0.968504 -0.789370 0.000000,
        0.970114 -0.801598 0.000000,
        0.974833 -0.812992 0.000000,
        1.015748 0.344488 0.000000,
        1.015748 0.246063 0.000000,
        1.003520 0.244453 0.000000,
        1.015748 0.541339 0.000000,
        1.015748 0.442913 0.000000,
        1.003520 0.441304 0.000000,
        0.014196 0.970114 0.000000,
        0.025591 0.974833 0.000000,
        -0.149248 1.003520 0.000000,
        -0.042883 0.992126 0.000000,
        -0.035375 0.982341 0.000000,
        0.246063 1.015748 0.000000,
        0.344488 1.015748 0.000000,
        0.346098 1.003520 0.000000,
        0.625926 0.982341 0.000000,
        0.633434 0.992126 0.000000,
        -0.968504 -0.588583 0.000000,
        -0.970114 -0.576355 0.000000,
        -0.974833 -0.564961 0.000000,
        -1.015748 -0.147638 0.000000,
        -1.015748 -0.049213 0.000000,
        -1.003520 -0.047603 0.000000,
        -0.974833 0.564961 0.000000,
        -0.970114 0.576355 0.000000,
        -0.968504 0.588583 0.000000,
        -1.015748 0.639764 0.000000,
        -1.015748 0.738189 0.000000,
        -1.003520 0.739799 0.000000,
        -0.968504 0.789370 0.000000,
        -0.970114 0.801598 0.000000,
        0.789370 -0.968504 0.000000,
        0.785433 -0.968504 0.000000,
        0.773206 -0.970114 0.000000,
        -0.564961 -0.974833 0.000000,
        -0.576355 -0.970114 0.000000,
        -0.588583 -0.968504 0.000000,
        -0.773206 -0.970114 0.000000,
        -0.785433 -0.968504 0.000000,
        0.970114 0.773206 0.000000,
        0.974833 0.761811 0.000000,
        0.982341 0.752026 0.000000,
        0.974833 0.222441 0.000000,
        0.970114 0.211046 0.000000,
        0.992126 0.350818 0.000000,
        -0.182654 0.970114 0.000000,
        -0.171260 0.974833 0.000000,
        0.049213 1.015748 0.000000,
        0.147638 1.015748 0.000000,
        0.149248 1.003520 0.000000,
        0.761811 0.974833 0.000000,
        0.773206 0.970114 0.000000,
        0.785433 0.968504 0.000000,
        -1.015748 0.442913 0.000000,
        -1.015748 0.541339 0.000000,
        -1.003520 0.542948 0.000000,
        -0.968504 0.592520 0.000000,
        -0.970114 0.604747 0.000000,
        -0.974833 0.616142 0.000000,
        0.633434 -0.992126 0.000000,
        0.761811 -0.974833 0.000000,
        -0.789370 -0.968504 0.000000,
        -0.801598 -0.970114 0.000000,
        0.970114 -0.014196 0.000000,
        0.974833 -0.025591 0.000000,
        1.003520 0.149248 0.000000,
        0.992126 0.042883 0.000000,
        0.982341 0.035375 0.000000,
        0.974833 -0.419291 0.000000,
        0.982341 -0.429076 0.000000,
        0.992126 -0.436584 0.000000,
        0.982341 -0.625926 0.000000,
        0.992126 -0.633434 0.000000,
        -0.576355 0.970114 0.000000,
        -0.564961 0.974833 0.000000,
        -0.555176 0.982341 0.000000,
        0.379505 0.970114 0.000000,
        0.391732 0.968504 0.000000,
        -0.970114 -0.014196 0.000000,
        -0.968504 -0.001969 0.000000,
        -0.982341 -0.161475 0.000000,
        -1.015748 0.049213 0.000000,
        -1.015748 0.147638 0.000000,
        -1.003520 0.149248 0.000000,
        -0.974833 0.761811 0.000000,
        -0.761811 -0.974833 0.000000,
        -0.633434 -0.992126 0.000000,
        -0.625926 -0.982341 0.000000,
        0.970114 -0.379505 0.000000,
        0.968504 -0.391732 0.000000,
        0.974833 -0.564961 0.000000,
        0.970114 -0.576355 0.000000,
        0.968504 -0.588583 0.000000,
        0.974833 -0.761811 0.000000,
        0.970114 -0.773206 0.000000,
        0.968504 -0.785433 0.000000,
        -0.222441 0.974833 0.000000,
        -0.211046 0.970114 0.000000,
        -0.350818 0.992126 0.000000,
        0.182654 0.970114 0.000000,
        0.194882 0.968504 0.000000,
        0.395669 0.968504 0.000000,
        0.407897 0.970114 0.000000,
        -0.147638 1.015748 0.000000,
        -0.049213 1.015748 0.000000,
        -0.047603 1.003520 0.000000,
        -0.974833 -0.025591 0.000000,
        -0.992126 -0.153967 0.000000,
        0.968504 0.588583 0.000000,
        0.968504 0.592520 0.000000,
        0.970114 0.604747 0.000000,
        0.992126 0.744519 0.000000,
        0.974833 0.616142 0.000000,
        1.015748 0.738189 0.000000,
        0.968504 -0.395669 0.000000,
        0.970114 -0.407897 0.000000,
        -0.391732 0.968504 0.000000,
        -0.379505 0.970114 0.000000,
        -0.368110 0.974833 0.000000,
        -0.358326 0.982341 0.000000,
        0.198819 0.968504 0.000000,
        0.211046 0.970114 0.000000,
        0.222441 0.974833 0.000000,
        0.232226 0.982341 0.000000,
        0.239733 0.992126 0.000000,
        0.368110 0.974833 0.000000,
        -0.970114 0.014196 0.000000,
        -0.974833 0.025591 0.000000,
        -0.968504 0.194882 0.000000,
        -0.982341 0.035375 0.000000,
        -0.992126 0.042883 0.000000,
        -0.970114 -0.211046 0.000000,
        -0.968504 -0.198819 0.000000,
        -0.982341 -0.358326 0.000000,
        1.015748 0.639764 0.000000,
        1.003520 0.638154 0.000000,
        1.003520 0.739799 0.000000,
        0.992126 0.633434 0.000000,
        0.982341 0.625926 0.000000,
        0.970114 0.576355 0.000000,
        0.974833 0.564961 0.000000,
        0.982341 0.555176 0.000000,
        0.970114 0.182654 0.000000,
        0.974833 0.171260 0.000000,
        0.974833 -0.222441 0.000000,
        0.982341 -0.232226 0.000000,
        0.992126 -0.239733 0.000000,
        0.974833 -0.368110 0.000000,
        1.015748 0.147638 0.000000,
        1.015748 0.049213 0.000000,
        1.003520 0.047603 0.000000,
        -0.395669 0.968504 0.000000,
        -0.547668 0.992126 0.000000,
        0.035375 0.982341 0.000000,
        0.042883 0.992126 0.000000,
        0.171260 0.974833 0.000000,
        -0.970114 0.211046 0.000000,
        -0.974833 0.222441 0.000000,
        -0.968504 0.391732 0.000000,
        -0.982341 0.232226 0.000000,
        -0.992126 0.239733 0.000000,
        -0.974833 -0.222441 0.000000,
        -0.992126 -0.350818 0.000000,
        0.970114 -0.182654 0.000000,
        0.968504 -0.194882 0.000000,
        -0.014196 0.970114 0.000000,
        -0.001969 0.968504 0.000000,
        0.001969 0.968504 0.000000,
        0.968504 -0.198819 0.000000,
        0.970114 -0.211046 0.000000,
        -0.198819 0.968504 0.000000,
        -0.194882 0.968504 0.000000,
        -0.025591 0.974833 0.000000,
        -0.153967 0.992126 0.000000,
        -0.161475 0.982341 0.000000,
        -0.970114 0.407897 0.000000,
        -0.974833 0.419291 0.000000,
        -0.982341 0.429076 0.000000,
        0.968504 0.391732 0.000000,
        0.970114 0.379505 0.000000,
        0.974833 0.368110 0.000000,
        0.982341 0.358326 0.000000,
        0.970114 0.014196 0.000000,
        0.968504 0.001969 0.000000,
        0.968504 -0.001969 0.000000,
        0.982341 -0.035375 0.000000,
        0.992126 -0.042883 0.000000,
        0.974833 -0.171260 0.000000,
        0.968504 0.395669 0.000000,
        0.992126 0.547668 0.000000,
        0.974833 0.025591 0.000000,
        0.992126 0.153967 0.000000,
        0.982341 0.161475 0.000000,
        0.968504 0.198819 0.000000,
        0.968504 0.194882 0.000000,
        -0.974833 -0.419291 0.000000,
        -0.970114 -0.407897 0.000000,
        -0.968504 -0.395669 0.000000,
        -0.968504 0.395669 0.000000,
        -0.968504 0.001969 0.000000,
        -0.968504 -0.391732 0.000000,
        -0.970114 -0.379505 0.000000,
        -0.974833 -0.368110 0.000000,
        -0.968504 -0.194882 0.000000,
        -0.970114 -0.182654 0.000000,
        -0.974833 -0.171260 0.000000,
        -0.968504 0.198819 0.000000,
      ]
    }
    coordIndex [
      80, 81, 3, -1,
      81, 82, 3, -1,
      3, 82, 83, -1,
      3, 83, 84, -1,
      84, 85, 3, -1,
      3, 85, 86, -1,
      3, 86, 4, -1,
      86, 87, 4, -1,
      4, 87, 88, -1,
      4, 88, 89, -1,
      89, 90, 4, -1,
      4, 90, 91, -1,
      4, 91, 92, -1,
      92, 93, 4, -1,
      4, 93, 94, -1,
      4, 94, 22, -1,
      22, 94, 95, -1,
      95, 96, 22, -1,
      22, 96, 97, -1,
      22, 97, 98, -1,
      80, 3, 99, -1,
      99, 3, 23, -1,
      99, 23, 100, -1,
      98, 101, 22, -1,
      22, 101, 102, -1,
      22, 102, 23, -1,
      23, 102, 103, -1,
      23, 103, 100, -1,
      29, 44, 104, -1,
      105, 106, 107, -1,
      108, 9, 109, -1,
      109, 9, 62, -1,
      110, 111, 112, -1,
      113, 114, 115, -1,
      104, 116, 29, -1,
      29, 116, 117, -1,
      29, 117, 118, -1,
      118, 117, 119, -1,
      118, 119, 120, -1,
      121, 122, 123, -1,
      124, 125, 126, -1,
      127, 128, 129, -1,
      130, 131, 132, -1,
      132, 131, 133, -1,
      132, 133, 134, -1,
      135, 136, 137, -1,
      137, 136, 138, -1,
      137, 138, 139, -1,
      73, 72, 140, -1,
      140, 72, 141, -1,
      140, 141, 107, -1,
      107, 141, 142, -1,
      107, 142, 105, -1,
      143, 144, 145, -1,
      43, 42, 146, -1,
      146, 42, 147, -1,
      146, 147, 121, -1,
      121, 147, 148, -1,
      121, 148, 122, -1,
      112, 111, 149, -1,
      149, 111, 150, -1,
      149, 150, 151, -1,
      152, 153, 154, -1,
      155, 26, 156, -1,
      156, 26, 157, -1,
      156, 157, 158, -1,
      155, 159, 26, -1,
      26, 159, 160, -1,
      26, 160, 63, -1,
      70, 71, 161, -1,
      161, 71, 162, -1,
      161, 162, 137, -1,
      137, 162, 163, -1,
      137, 163, 135, -1,
      164, 165, 166, -1,
      17, 16, 167, -1,
      167, 16, 168, -1,
      167, 168, 129, -1,
      129, 168, 169, -1,
      129, 169, 127, -1,
      19, 18, 170, -1,
      170, 18, 171, -1,
      170, 171, 113, -1,
      113, 171, 172, -1,
      113, 172, 114, -1,
      120, 173, 118, -1,
      118, 173, 174, -1,
      118, 174, 175, -1,
      176, 0, 177, -1,
      177, 0, 178, -1,
      176, 179, 0, -1,
      0, 179, 180, -1,
      0, 180, 45, -1,
      181, 182, 183, -1,
      41, 40, 184, -1,
      184, 40, 185, -1,
      184, 185, 132, -1,
      132, 185, 186, -1,
      132, 186, 130, -1,
      187, 188, 189, -1,
      190, 191, 125, -1,
      125, 191, 192, -1,
      125, 192, 126, -1,
      193, 194, 112, -1,
      195, 196, 197, -1,
      198, 199, 9, -1,
      200, 201, 202, -1,
      15, 14, 203, -1,
      203, 14, 204, -1,
      203, 204, 166, -1,
      166, 204, 205, -1,
      166, 205, 164, -1,
      206, 207, 208, -1,
      209, 210, 211, -1,
      26, 27, 212, -1,
      213, 214, 118, -1,
      31, 30, 215, -1,
      215, 30, 216, -1,
      215, 216, 143, -1,
      143, 216, 217, -1,
      143, 217, 144, -1,
      218, 219, 112, -1,
      112, 219, 220, -1,
      112, 220, 221, -1,
      7, 6, 222, -1,
      222, 6, 223, -1,
      222, 223, 125, -1,
      125, 223, 224, -1,
      125, 224, 190, -1,
      21, 20, 225, -1,
      225, 20, 226, -1,
      225, 226, 197, -1,
      197, 226, 227, -1,
      197, 227, 195, -1,
      228, 229, 230, -1,
      13, 12, 231, -1,
      231, 12, 232, -1,
      231, 232, 202, -1,
      202, 232, 233, -1,
      202, 233, 200, -1,
      234, 235, 236, -1,
      212, 237, 26, -1,
      26, 237, 238, -1,
      26, 238, 157, -1,
      157, 238, 239, -1,
      157, 239, 240, -1,
      32, 33, 241, -1,
      241, 33, 242, -1,
      241, 242, 181, -1,
      181, 242, 243, -1,
      181, 243, 182, -1,
      151, 244, 149, -1,
      149, 244, 245, -1,
      149, 245, 246, -1,
      0, 5, 247, -1,
      178, 248, 249, -1,
      196, 250, 197, -1,
      197, 250, 251, -1,
      197, 251, 221, -1,
      252, 253, 112, -1,
      108, 110, 9, -1,
      9, 110, 112, -1,
      9, 112, 198, -1,
      198, 112, 254, -1,
      199, 255, 9, -1,
      9, 255, 256, -1,
      9, 256, 8, -1,
      11, 10, 257, -1,
      257, 10, 258, -1,
      257, 258, 230, -1,
      230, 258, 259, -1,
      230, 259, 228, -1,
      260, 261, 262, -1,
      51, 50, 263, -1,
      263, 50, 264, -1,
      263, 264, 208, -1,
      208, 264, 265, -1,
      208, 265, 206, -1,
      213, 118, 266, -1,
      246, 267, 149, -1,
      149, 267, 268, -1,
      149, 268, 153, -1,
      153, 268, 269, -1,
      153, 269, 154, -1,
      270, 271, 272, -1,
      272, 271, 273, -1,
      272, 273, 274, -1,
      275, 276, 277, -1,
      278, 2, 1, -1,
      247, 279, 0, -1,
      0, 279, 280, -1,
      0, 280, 178, -1,
      178, 280, 281, -1,
      178, 281, 248, -1,
      282, 283, 178, -1,
      178, 283, 284, -1,
      178, 284, 285, -1,
      193, 112, 286, -1,
      253, 287, 112, -1,
      112, 287, 288, -1,
      112, 288, 289, -1,
      290, 291, 112, -1,
      292, 293, 112, -1,
      53, 52, 294, -1,
      294, 52, 295, -1,
      294, 295, 209, -1,
      209, 295, 296, -1,
      209, 296, 210, -1,
      240, 297, 157, -1,
      157, 297, 298, -1,
      157, 298, 299, -1,
      123, 300, 121, -1,
      121, 300, 301, -1,
      121, 301, 302, -1,
      302, 301, 303, -1,
      304, 305, 118, -1,
      306, 307, 308, -1,
      309, 310, 118, -1,
      78, 79, 311, -1,
      311, 79, 312, -1,
      311, 312, 154, -1,
      154, 312, 313, -1,
      154, 313, 152, -1,
      277, 276, 314, -1,
      188, 315, 189, -1,
      189, 315, 278, -1,
      189, 278, 316, -1,
      316, 278, 1, -1,
      221, 251, 112, -1,
      112, 251, 317, -1,
      112, 317, 286, -1,
      318, 319, 112, -1,
      320, 321, 112, -1,
      112, 321, 322, -1,
      112, 322, 252, -1,
      252, 322, 129, -1,
      252, 129, 323, -1,
      323, 129, 128, -1,
      291, 324, 112, -1,
      112, 324, 325, -1,
      112, 325, 326, -1,
      292, 112, 327, -1,
      328, 329, 178, -1,
      330, 331, 332, -1,
      333, 334, 335, -1,
      335, 334, 336, -1,
      335, 336, 337, -1,
      49, 48, 338, -1,
      338, 48, 339, -1,
      338, 339, 234, -1,
      234, 339, 340, -1,
      234, 340, 235, -1,
      301, 304, 303, -1,
      303, 304, 118, -1,
      303, 118, 341, -1,
      341, 118, 157, -1,
      341, 157, 342, -1,
      342, 157, 299, -1,
      343, 344, 345, -1,
      346, 347, 118, -1,
      118, 347, 348, -1,
      118, 348, 143, -1,
      309, 118, 349, -1,
      28, 29, 350, -1,
      350, 29, 351, -1,
      77, 76, 352, -1,
      352, 76, 353, -1,
      352, 353, 273, -1,
      273, 353, 354, -1,
      273, 354, 274, -1,
      355, 356, 357, -1,
      357, 356, 358, -1,
      357, 358, 359, -1,
      285, 360, 178, -1,
      178, 360, 361, -1,
      178, 361, 112, -1,
      112, 361, 362, -1,
      112, 362, 363, -1,
      319, 364, 112, -1,
      112, 364, 365, -1,
      112, 365, 320, -1,
      289, 366, 112, -1,
      112, 366, 367, -1,
      112, 367, 290, -1,
      290, 367, 166, -1,
      290, 166, 368, -1,
      368, 166, 165, -1,
      47, 46, 369, -1,
      369, 46, 370, -1,
      369, 370, 260, -1,
      260, 370, 371, -1,
      260, 371, 261, -1,
      372, 373, 374, -1,
      39, 38, 375, -1,
      375, 38, 376, -1,
      375, 376, 306, -1,
      306, 376, 377, -1,
      306, 377, 307, -1,
      145, 378, 143, -1,
      143, 378, 379, -1,
      143, 379, 118, -1,
      118, 379, 380, -1,
      118, 380, 266, -1,
      310, 381, 118, -1,
      118, 381, 382, -1,
      118, 382, 29, -1,
      29, 382, 383, -1,
      29, 383, 351, -1,
      153, 384, 149, -1,
      149, 384, 385, -1,
      149, 385, 386, -1,
      387, 388, 389, -1,
      389, 388, 390, -1,
      389, 390, 391, -1,
      392, 393, 394, -1,
      157, 395, 396, -1,
      124, 126, 363, -1,
      363, 126, 397, -1,
      363, 397, 112, -1,
      112, 397, 398, -1,
      112, 398, 218, -1,
      194, 399, 112, -1,
      112, 399, 400, -1,
      112, 400, 318, -1,
      318, 400, 113, -1,
      318, 113, 401, -1,
      401, 113, 115, -1,
      326, 402, 112, -1,
      112, 402, 403, -1,
      112, 403, 202, -1,
      328, 178, 404, -1,
      405, 406, 178, -1,
      178, 406, 407, -1,
      178, 407, 177, -1,
      57, 56, 408, -1,
      408, 56, 409, -1,
      408, 409, 332, -1,
      332, 409, 410, -1,
      332, 410, 330, -1,
      59, 58, 411, -1,
      411, 58, 412, -1,
      411, 412, 335, -1,
      335, 412, 413, -1,
      335, 413, 333, -1,
      414, 415, 118, -1,
      416, 417, 418, -1,
      34, 35, 419, -1,
      419, 35, 420, -1,
      419, 420, 343, -1,
      343, 420, 421, -1,
      343, 421, 344, -1,
      214, 422, 118, -1,
      118, 422, 423, -1,
      118, 423, 181, -1,
      386, 424, 149, -1,
      149, 424, 425, -1,
      149, 425, 272, -1,
      272, 425, 426, -1,
      272, 426, 270, -1,
      74, 75, 427, -1,
      427, 75, 428, -1,
      427, 428, 392, -1,
      392, 428, 429, -1,
      392, 429, 393, -1,
      276, 430, 149, -1,
      149, 430, 431, -1,
      149, 431, 432, -1,
      66, 67, 433, -1,
      433, 67, 434, -1,
      433, 434, 358, -1,
      358, 434, 435, -1,
      358, 435, 359, -1,
      396, 436, 157, -1,
      157, 436, 437, -1,
      157, 437, 158, -1,
      249, 438, 178, -1,
      178, 438, 439, -1,
      178, 439, 440, -1,
      201, 441, 202, -1,
      202, 441, 442, -1,
      202, 442, 112, -1,
      112, 442, 443, -1,
      112, 443, 327, -1,
      444, 445, 112, -1,
      175, 446, 118, -1,
      118, 446, 447, -1,
      118, 447, 178, -1,
      178, 447, 448, -1,
      331, 449, 332, -1,
      332, 449, 450, -1,
      332, 450, 451, -1,
      452, 453, 118, -1,
      25, 24, 454, -1,
      454, 24, 455, -1,
      454, 455, 374, -1,
      374, 455, 456, -1,
      374, 456, 372, -1,
      183, 457, 181, -1,
      181, 457, 458, -1,
      181, 458, 118, -1,
      118, 458, 459, -1,
      118, 459, 349, -1,
      65, 64, 460, -1,
      460, 64, 461, -1,
      460, 461, 277, -1,
      277, 461, 462, -1,
      277, 462, 275, -1,
      463, 464, 357, -1,
      357, 464, 465, -1,
      357, 465, 355, -1,
      282, 178, 466, -1,
      466, 178, 440, -1,
      466, 440, 189, -1,
      189, 440, 467, -1,
      189, 467, 187, -1,
      445, 468, 112, -1,
      112, 468, 469, -1,
      112, 469, 254, -1,
      470, 471, 178, -1,
      472, 473, 474, -1,
      475, 476, 178, -1,
      178, 476, 477, -1,
      178, 477, 234, -1,
      329, 478, 178, -1,
      178, 478, 479, -1,
      178, 479, 260, -1,
      305, 480, 118, -1,
      118, 480, 481, -1,
      118, 481, 482, -1,
      483, 484, 118, -1,
      485, 486, 487, -1,
      69, 68, 488, -1,
      488, 68, 489, -1,
      488, 489, 389, -1,
      389, 489, 490, -1,
      389, 490, 387, -1,
      432, 463, 149, -1,
      149, 463, 357, -1,
      149, 357, 157, -1,
      157, 357, 491, -1,
      157, 491, 395, -1,
      229, 492, 230, -1,
      230, 492, 444, -1,
      230, 444, 493, -1,
      493, 444, 112, -1,
      493, 112, 494, -1,
      494, 112, 293, -1,
      495, 496, 178, -1,
      236, 497, 234, -1,
      234, 497, 498, -1,
      234, 498, 178, -1,
      178, 498, 499, -1,
      178, 499, 404, -1,
      262, 500, 260, -1,
      260, 500, 501, -1,
      260, 501, 178, -1,
      178, 501, 502, -1,
      178, 502, 405, -1,
      308, 503, 306, -1,
      306, 503, 504, -1,
      306, 504, 505, -1,
      506, 507, 118, -1,
      484, 508, 118, -1,
      118, 508, 509, -1,
      118, 509, 346, -1,
      37, 36, 510, -1,
      510, 36, 511, -1,
      510, 511, 416, -1,
      416, 511, 512, -1,
      416, 512, 417, -1,
      394, 513, 392, -1,
      392, 513, 485, -1,
      392, 485, 514, -1,
      514, 485, 487, -1,
      515, 178, 516, -1,
      516, 178, 448, -1,
      516, 448, 517, -1,
      517, 448, 518, -1,
      517, 518, 519, -1,
      520, 61, 60, -1,
      496, 521, 178, -1,
      178, 521, 522, -1,
      178, 522, 475, -1,
      523, 524, 118, -1,
      118, 524, 525, -1,
      118, 525, 526, -1,
      507, 527, 118, -1,
      118, 527, 528, -1,
      118, 528, 529, -1,
      529, 530, 118, -1,
      118, 530, 531, -1,
      118, 531, 483, -1,
      483, 531, 343, -1,
      483, 343, 532, -1,
      532, 343, 345, -1,
      533, 534, 535, -1,
      535, 534, 536, -1,
      535, 536, 391, -1,
      391, 536, 537, -1,
      391, 537, 389, -1,
      538, 539, 540, -1,
      60, 541, 520, -1,
      520, 541, 542, -1,
      520, 542, 543, -1,
      543, 542, 544, -1,
      543, 544, 518, -1,
      518, 544, 545, -1,
      518, 545, 519, -1,
      515, 546, 178, -1,
      178, 546, 547, -1,
      178, 547, 548, -1,
      549, 550, 178, -1,
      551, 552, 178, -1,
      178, 552, 553, -1,
      178, 553, 495, -1,
      495, 553, 208, -1,
      495, 208, 554, -1,
      554, 208, 207, -1,
      55, 54, 555, -1,
      555, 54, 556, -1,
      555, 556, 472, -1,
      472, 556, 557, -1,
      472, 557, 473, -1,
      523, 118, 558, -1,
      558, 118, 482, -1,
      558, 482, 134, -1,
      134, 482, 559, -1,
      134, 559, 132, -1,
      415, 560, 118, -1,
      118, 560, 561, -1,
      118, 561, 506, -1,
      506, 561, 374, -1,
      506, 374, 562, -1,
      562, 374, 373, -1,
      563, 564, 565, -1,
      565, 564, 566, -1,
      565, 566, 139, -1,
      139, 566, 567, -1,
      139, 567, 137, -1,
      106, 568, 107, -1,
      107, 568, 538, -1,
      107, 538, 569, -1,
      569, 538, 540, -1,
      570, 571, 178, -1,
      572, 573, 118, -1,
      118, 573, 574, -1,
      118, 574, 414, -1,
      571, 575, 178, -1,
      178, 575, 576, -1,
      178, 576, 551, -1,
      505, 504, 526, -1,
      526, 504, 577, -1,
      526, 577, 118, -1,
      118, 577, 578, -1,
      118, 578, 452, -1,
      418, 579, 416, -1,
      416, 579, 572, -1,
      416, 572, 580, -1,
      580, 572, 118, -1,
      580, 118, 581, -1,
      581, 118, 453, -1,
      582, 583, 276, -1,
      276, 583, 584, -1,
      276, 584, 314, -1,
      585, 586, 178, -1,
      178, 586, 587, -1,
      178, 587, 588, -1,
      589, 590, 178, -1,
      178, 590, 591, -1,
      178, 591, 470, -1,
      471, 592, 178, -1,
      178, 592, 593, -1,
      178, 593, 570, -1,
      570, 593, 209, -1,
      570, 209, 594, -1,
      594, 209, 211, -1,
      585, 178, 595, -1,
      595, 178, 548, -1,
      595, 548, 337, -1,
      337, 548, 596, -1,
      337, 596, 335, -1,
      474, 597, 472, -1,
      472, 597, 589, -1,
      472, 589, 598, -1,
      598, 589, 178, -1,
      598, 178, 599, -1,
      599, 178, 550, -1,
      451, 450, 588, -1,
      588, 450, 600, -1,
      588, 600, 178, -1,
      178, 600, 601, -1,
      178, 601, 549, -1,
      272, 602, 149, -1,
      149, 602, 603, -1,
      149, 603, 604, -1,
      582, 276, 605, -1,
      605, 276, 149, -1,
      605, 149, 565, -1,
      486, 606, 149, -1,
      604, 607, 149, -1,
      149, 607, 608, -1,
      149, 608, 539, -1,
      539, 608, 609, -1,
      539, 609, 540, -1,
      539, 610, 149, -1,
      149, 610, 611, -1,
      149, 611, 486, -1,
      486, 611, 612, -1,
      486, 612, 487, -1,
      563, 565, 613, -1,
      613, 565, 149, -1,
      613, 149, 535, -1,
      535, 149, 606, -1,
      535, 606, 533, -1,
    ]
  }
}

Shape {
  appearance Appearance {
    material Material {
      diffuseColor 0.4392 0.4392 0.4392
      specularColor 0.2196 0.2196 0.2196
      ambientIntensity 0.2
      transparency 0.0000
      shininess 0.5
    }
  }
  geometry IndexedFaceSet {
    ccw TRUE
    solid FALSE
    coord DEF co Coordinate {
      point [
        -0.916652 -0.966139 0.334646,
        -0.914267 -0.984252 0.334646,
        -0.916652 -1.002365 0.334646,
        -0.923643 -1.019244 0.334646,
        -0.934765 -1.033739 0.334646,
        -0.949259 -1.044861 0.334646,
        -0.966139 -1.051852 0.334646,
        -0.984252 -1.054237 0.334646,
        -1.002365 -1.051852 0.334646,
        -1.019244 -1.044861 0.334646,
        -1.033739 -1.033739 0.334646,
        -1.044861 -1.019244 0.334646,
        -1.051852 -1.002365 0.334646,
        -1.054237 -0.984252 0.334646,
        -1.051852 -0.966139 0.334646,
        -1.044861 -0.949259 0.334646,
        -1.033739 -0.934765 0.334646,
        -1.019244 -0.923643 0.334646,
        -1.002365 -0.916652 0.334646,
        -0.923643 -0.949259 0.334646,
        -0.934765 -0.934765 0.334646,
        -0.984252 -0.914267 0.334646,
        -0.966139 -0.916652 0.334646,
        -0.949259 -0.923643 0.334646,
        -0.914267 -0.984252 0.330709,
        -0.916652 -0.966139 0.330709,
        -0.923643 -0.949259 0.330709,
        -0.934765 -0.934765 0.330709,
        -0.949259 -0.923643 0.330709,
        -0.966139 -0.916652 0.330709,
        -0.984252 -0.914267 0.330709,
        -1.002365 -0.916652 0.330709,
        -1.019244 -0.923643 0.330709,
        -1.033739 -0.934765 0.330709,
        -1.044861 -0.949259 0.330709,
        -1.051852 -0.966139 0.330709,
        -1.054237 -0.984252 0.330709,
        -1.051852 -1.002365 0.330709,
        -1.044861 -1.019244 0.330709,
        -1.033739 -1.033739 0.330709,
        -1.019244 -1.044861 0.330709,
        -1.002365 -1.051852 0.330709,
        -0.984252 -1.054237 0.330709,
        -0.966139 -1.051852 0.330709,
        -0.949259 -1.044861 0.330709,
        -0.934765 -1.033739 0.330709,
        -0.923643 -1.019244 0.330709,
        -0.916652 -1.002365 0.330709,
        -0.984252 -0.984252 0.330709,
      ]
    }
    coordIndex [
      24, 1, 25, -1,
      25, 1, 0, -1,
      25, 0, 26, -1,
      26, 0, 19, -1,
      26, 19, 27, -1,
      27, 19, 20, -1,
      27, 20, 28, -1,
      28, 20, 23, -1,
      28, 23, 29, -1,
      29, 23, 22, -1,
      29, 22, 30, -1,
      30, 22, 21, -1,
      30, 21, 31, -1,
      31, 21, 18, -1,
      31, 18, 32, -1,
      32, 18, 17, -1,
      32, 17, 33, -1,
      33, 17, 16, -1,
      33, 16, 34, -1,
      34, 16, 15, -1,
      34, 15, 35, -1,
      35, 15, 14, -1,
      35, 14, 36, -1,
      36, 14, 13, -1,
      36, 13, 37, -1,
      37, 13, 12, -1,
      37, 12, 38, -1,
      38, 12, 11, -1,
      38, 11, 39, -1,
      39, 11, 10, -1,
      39, 10, 40, -1,
      40, 10, 9, -1,
      40, 9, 41, -1,
      41, 9, 8, -1,
      41, 8, 42, -1,
      42, 8, 7, -1,
      42, 7, 43, -1,
      43, 7, 6, -1,
      43, 6, 44, -1,
      44, 6, 5, -1,
      44, 5, 45, -1,
      45, 5, 4, -1,
      45, 4, 46, -1,
      46, 4, 3, -1,
      46, 3, 47, -1,
      47, 3, 2, -1,
      47, 2, 24, -1,
      24, 2, 1, -1,
      46, 47, 48, -1,
      48, 47, 24, -1,
      48, 24, 25, -1,
      43, 44, 48, -1,
      48, 44, 45, -1,
      48, 45, 46, -1,
      40, 41, 48, -1,
      48, 41, 42, -1,
      48, 42, 43, -1,
      37, 38, 48, -1,
      48, 38, 39, -1,
      48, 39, 40, -1,
      34, 35, 48, -1,
      48, 35, 36, -1,
      48, 36, 37, -1,
      31, 32, 48, -1,
      48, 32, 33, -1,
      48, 33, 34, -1,
      28, 29, 48, -1,
      48, 29, 30, -1,
      48, 30, 31, -1,
      25, 26, 48, -1,
      48, 26, 27, -1,
      48, 27, 28, -1,
    ]
  }
}

Shape {
  appearance Appearance {
    material Material {
      diffuseColor 0.8510 0.8510 0.8510
      specularColor 0.4235 0.4235 0.4235
      ambientIntensity 0.2
      transparency 0.0000
      shininess 0.5
    }
  }
  geometry IndexedFaceSet {
    ccw TRUE
    solid FALSE
    coord DEF co Coordinate {
      point [
        0.639764 -1.181102 0.000000,
        0.738189 -1.181102 0.000000,
        0.639764 -1.181102 0.049213,
        0.738189 -1.181102 0.049213,
        0.836614 -1.181102 0.049213,
        0.541339 -1.181102 0.049213,
        0.836614 -1.181102 0.000000,
        0.442913 -1.181102 0.049213,
        0.442913 -1.181102 0.000000,
        0.541339 -1.181102 0.000000,
        -0.738189 -1.181102 0.049213,
        -0.836614 -1.181102 0.049213,
        -0.836614 -1.181102 0.000000,
        -0.738189 -1.181102 0.000000,
        -0.639764 -1.181102 0.000000,
        -0.639764 -1.181102 0.049213,
        -0.541339 -1.181102 0.049213,
        -0.541339 -1.181102 0.000000,
        -0.442913 -1.181102 0.000000,
        -0.442913 -1.181102 0.049213,
        -0.344488 -1.181102 0.049213,
        -0.344488 -1.181102 0.000000,
        -0.246063 -1.181102 0.000000,
        -0.246063 -1.181102 0.049213,
        -0.147638 -1.181102 0.049213,
        -0.147638 -1.181102 0.000000,
        -0.049213 -1.181102 0.000000,
        -0.049213 -1.181102 0.049213,
        0.049213 -1.181102 0.049213,
        0.049213 -1.181102 0.000000,
        0.147638 -1.181102 0.000000,
        0.147638 -1.181102 0.049213,
        0.246063 -1.181102 0.049213,
        0.246063 -1.181102 0.000000,
        0.344488 -1.181102 0.000000,
        0.344488 -1.181102 0.049213,
        0.147638 1.181102 0.049213,
        0.147638 1.181102 0.000000,
        0.049213 1.181102 0.000000,
        -0.836614 1.181102 0.000000,
        -0.836614 1.181102 0.049213,
        0.738189 1.181102 0.049213,
        0.836614 1.181102 0.049213,
        0.836614 1.181102 0.000000,
        0.541339 1.181102 0.049213,
        0.541339 1.181102 0.000000,
        0.442913 1.181102 0.000000,
        0.442913 1.181102 0.049213,
        0.344488 1.181102 0.049213,
        0.639764 1.181102 0.049213,
        0.639764 1.181102 0.000000,
        0.738189 1.181102 0.000000,
        0.049213 1.181102 0.049213,
        -0.049213 1.181102 0.049213,
        0.246063 1.181102 0.049213,
        0.246063 1.181102 0.000000,
        0.344488 1.181102 0.000000,
        -0.049213 1.181102 0.000000,
        -0.147638 1.181102 0.000000,
        -0.147638 1.181102 0.049213,
        -0.246063 1.181102 0.049213,
        -0.246063 1.181102 0.000000,
        -0.344488 1.181102 0.000000,
        -0.344488 1.181102 0.049213,
        -0.442913 1.181102 0.049213,
        -0.442913 1.181102 0.000000,
        -0.541339 1.181102 0.000000,
        -0.541339 1.181102 0.049213,
        -0.639764 1.181102 0.049213,
        -0.639764 1.181102 0.000000,
        -0.738189 1.181102 0.000000,
        -0.738189 1.181102 0.049213,
        1.181102 0.836614 0.000000,
        1.181102 0.836614 0.049213,
        1.181102 -0.738189 0.049213,
        1.181102 -0.836614 0.049213,
        1.181102 -0.836614 0.000000,
        1.181102 -0.738189 0.000000,
        1.181102 -0.639764 0.000000,
        1.181102 -0.639764 0.049213,
        1.181102 -0.541339 0.049213,
        1.181102 -0.541339 0.000000,
        1.181102 -0.442913 0.000000,
        1.181102 -0.442913 0.049213,
        1.181102 -0.344488 0.049213,
        1.181102 -0.344488 0.000000,
        1.181102 -0.246063 0.000000,
        1.181102 -0.246063 0.049213,
        1.181102 -0.147638 0.049213,
        1.181102 -0.147638 0.000000,
        1.181102 -0.049213 0.000000,
        1.181102 -0.049213 0.049213,
        1.181102 0.049213 0.049213,
        1.181102 0.049213 0.000000,
        1.181102 0.147638 0.000000,
        1.181102 0.147638 0.049213,
        1.181102 0.246063 0.049213,
        1.181102 0.246063 0.000000,
        1.181102 0.344488 0.000000,
        1.181102 0.344488 0.049213,
        1.181102 0.442913 0.049213,
        1.181102 0.442913 0.000000,
        1.181102 0.541339 0.000000,
        1.181102 0.541339 0.049213,
        1.181102 0.639764 0.049213,
        1.181102 0.639764 0.000000,
        1.181102 0.738189 0.000000,
        1.181102 0.738189 0.049213,
        -1.181102 -0.836614 0.049213,
        -1.181102 -0.836614 0.000000,
        -1.181102 0.738189 0.049213,
        -1.181102 0.836614 0.049213,
        -1.181102 0.836614 0.000000,
        -1.181102 0.541339 0.049213,
        -1.181102 0.541339 0.000000,
        -1.181102 0.442913 0.000000,
        -1.181102 0.442913 0.049213,
        -1.181102 0.344488 0.049213,
        -1.181102 0.639764 0.049213,
        -1.181102 0.639764 0.000000,
        -1.181102 0.738189 0.000000,
        -1.181102 0.147638 0.049213,
        -1.181102 0.147638 0.000000,
        -1.181102 0.049213 0.000000,
        -1.181102 0.049213 0.049213,
        -1.181102 -0.049213 0.049213,
        -1.181102 0.246063 0.049213,
        -1.181102 0.246063 0.000000,
        -1.181102 0.344488 0.000000,
        -1.181102 -0.246063 0.049213,
        -1.181102 -0.246063 0.000000,
        -1.181102 -0.344488 0.000000,
        -1.181102 -0.344488 0.049213,
        -1.181102 -0.442913 0.049213,
        -1.181102 -0.147638 0.049213,
        -1.181102 -0.147638 0.000000,
        -1.181102 -0.049213 0.000000,
        -1.181102 -0.442913 0.000000,
        -1.181102 -0.541339 0.000000,
        -1.181102 -0.541339 0.049213,
        -1.181102 -0.639764 0.049213,
        -1.181102 -0.738189 0.049213,
        -1.181102 -0.738189 0.000000,
        -1.181102 -0.639764 0.000000,
        -0.036394 -0.816929 -0.007874,
        -0.679134 -0.816929 -0.007874,
        -0.816929 -0.679134 -0.007874,
        -0.816929 -0.044909 -0.007874,
        -0.036394 0.816929 -0.007874,
        0.816929 0.816929 -0.007874,
        0.816929 -0.044909 -0.007874,
        0.816929 -0.816929 -0.007874,
        -0.816929 0.816929 -0.007874,
        1.015748 0.836614 0.000000,
        -0.992126 -0.239733 0.000000,
        -0.982341 -0.232226 0.000000,
        -1.003520 -0.346098 0.000000,
        -1.003520 -0.835004 0.000000,
        -1.015748 -0.836614 0.000000,
        -0.992126 -0.830285 0.000000,
        -0.982341 -0.822777 0.000000,
        -0.679134 -0.816929 0.000000,
        0.149248 -1.003520 0.000000,
        0.042883 -0.992126 0.000000,
        0.035375 -0.982341 0.000000,
        1.003520 0.835004 0.000000,
        0.992126 0.830285 0.000000,
        0.816929 0.816929 0.000000,
        0.982341 0.822777 0.000000,
        0.974833 0.812992 0.000000,
        -0.739799 1.003520 0.000000,
        -0.633434 0.992126 0.000000,
        -0.625926 0.982341 0.000000,
        0.547668 -0.992126 0.000000,
        0.542948 -1.003520 0.000000,
        0.407897 -0.970114 0.000000,
        -0.153967 -0.992126 0.000000,
        -0.161475 -0.982341 0.000000,
        -0.047603 -1.003520 0.000000,
        -0.436584 0.992126 0.000000,
        -0.429076 0.982341 0.000000,
        -0.542948 1.003520 0.000000,
        -0.419291 0.974833 0.000000,
        -0.407897 0.970114 0.000000,
        -0.992126 0.350818 0.000000,
        -0.982341 0.358326 0.000000,
        -1.003520 0.244453 0.000000,
        -0.974833 0.368110 0.000000,
        -0.970114 0.379505 0.000000,
        -1.015748 -0.344488 0.000000,
        -1.015748 -0.246063 0.000000,
        -1.003520 -0.244453 0.000000,
        0.441304 1.003520 0.000000,
        0.547668 0.992126 0.000000,
        0.555176 0.982341 0.000000,
        -0.738189 1.015748 0.000000,
        -0.639764 1.015748 0.000000,
        -0.638154 1.003520 0.000000,
        -0.816929 -0.679134 0.000000,
        -0.974833 -0.812992 0.000000,
        -0.970114 -0.801598 0.000000,
        -0.992126 -0.633434 0.000000,
        -0.982341 -0.625926 0.000000,
        -1.003520 -0.739799 0.000000,
        -0.992126 0.830285 0.000000,
        -0.982341 0.822777 0.000000,
        -0.816929 0.816929 0.000000,
        -0.974833 0.812992 0.000000,
        -1.003520 0.835004 0.000000,
        -1.015748 0.836614 0.000000,
        -1.015748 0.246063 0.000000,
        -1.015748 0.344488 0.000000,
        -1.003520 0.346098 0.000000,
        -0.350818 -0.992126 0.000000,
        -0.358326 -0.982341 0.000000,
        -0.244453 -1.003520 0.000000,
        -0.049213 -1.015748 0.000000,
        -0.147638 -1.015748 0.000000,
        -0.149248 -1.003520 0.000000,
        0.147638 -1.015748 0.000000,
        0.049213 -1.015748 0.000000,
        0.047603 -1.003520 0.000000,
        0.970114 0.801598 0.000000,
        0.968504 0.789370 0.000000,
        0.968504 0.785433 0.000000,
        0.992126 -0.830285 0.000000,
        0.982341 -0.822777 0.000000,
        0.816929 -0.816929 0.000000,
        1.003520 -0.835004 0.000000,
        1.015748 -0.836614 0.000000,
        0.638154 1.003520 0.000000,
        0.744519 0.992126 0.000000,
        0.752026 0.982341 0.000000,
        -0.541339 1.015748 0.000000,
        -0.442913 1.015748 0.000000,
        -0.441304 1.003520 0.000000,
        0.752026 -0.982341 0.000000,
        0.744519 -0.992126 0.000000,
        0.638154 -1.003520 0.000000,
        0.436584 -0.992126 0.000000,
        0.429076 -0.982341 0.000000,
        0.419291 -0.974833 0.000000,
        0.182654 -0.970114 0.000000,
        0.171260 -0.974833 0.000000,
        0.239733 -0.992126 0.000000,
        0.232226 -0.982341 0.000000,
        0.346098 -1.003520 0.000000,
        -0.822777 -0.982341 0.000000,
        -0.830285 -0.992126 0.000000,
        -0.547668 -0.992126 0.000000,
        -0.555176 -0.982341 0.000000,
        -0.441304 -1.003520 0.000000,
        -0.246063 -1.015748 0.000000,
        -0.344488 -1.015748 0.000000,
        -0.346098 -1.003520 0.000000,
        0.992126 -0.350818 0.000000,
        0.982341 -0.358326 0.000000,
        1.003520 -0.244453 0.000000,
        1.003520 -0.047603 0.000000,
        0.992126 -0.153967 0.000000,
        0.982341 -0.161475 0.000000,
        -0.836614 1.015748 0.000000,
        0.604747 0.970114 0.000000,
        0.616142 0.974833 0.000000,
        0.442913 1.015748 0.000000,
        0.541339 1.015748 0.000000,
        0.542948 1.003520 0.000000,
        0.379505 -0.970114 0.000000,
        0.368110 -0.974833 0.000000,
        0.358326 -0.982341 0.000000,
        0.350818 -0.992126 0.000000,
        0.541339 -1.015748 0.000000,
        0.442913 -1.015748 0.000000,
        0.441304 -1.003520 0.000000,
        0.344488 -1.015748 0.000000,
        0.246063 -1.015748 0.000000,
        0.244453 -1.003520 0.000000,
        -0.744519 -0.992126 0.000000,
        -0.752026 -0.982341 0.000000,
        -0.638154 -1.003520 0.000000,
        -0.442913 -1.015748 0.000000,
        -0.541339 -1.015748 0.000000,
        -0.542948 -1.003520 0.000000,
        1.003520 -0.441304 0.000000,
        0.992126 -0.547668 0.000000,
        0.982341 -0.555176 0.000000,
        -0.835004 1.003520 0.000000,
        -0.830285 0.992126 0.000000,
        -0.822777 0.982341 0.000000,
        -0.812992 0.974833 0.000000,
        0.639764 1.015748 0.000000,
        0.738189 1.015748 0.000000,
        0.739799 1.003520 0.000000,
        -0.968504 -0.789370 0.000000,
        -0.968504 -0.785433 0.000000,
        -0.970114 -0.773206 0.000000,
        0.836614 -1.015748 0.000000,
        0.812992 -0.974833 0.000000,
        0.801598 -0.970114 0.000000,
        0.222441 -0.974833 0.000000,
        0.211046 -0.970114 0.000000,
        -0.182654 -0.970114 0.000000,
        -0.194882 -0.968504 0.000000,
        -0.812992 -0.974833 0.000000,
        -0.835004 -1.003520 0.000000,
        -0.836614 -1.015748 0.000000,
        -0.639764 -1.015748 0.000000,
        -0.738189 -1.015748 0.000000,
        -0.739799 -1.003520 0.000000,
        1.003520 -0.638154 0.000000,
        0.992126 -0.744519 0.000000,
        0.982341 -0.752026 0.000000,
        1.015748 -0.246063 0.000000,
        1.015748 -0.344488 0.000000,
        1.003520 -0.346098 0.000000,
        0.592520 0.968504 0.000000,
        -0.974833 -0.761811 0.000000,
        -0.982341 -0.752026 0.000000,
        -0.992126 -0.744519 0.000000,
        -0.982341 -0.555176 0.000000,
        -0.992126 -0.547668 0.000000,
        -0.982341 -0.429076 0.000000,
        -1.003520 -0.542948 0.000000,
        -0.992126 -0.436584 0.000000,
        -0.992126 0.547668 0.000000,
        -0.982341 0.555176 0.000000,
        -1.003520 0.441304 0.000000,
        0.738189 -1.015748 0.000000,
        0.835004 -1.003520 0.000000,
        0.830285 -0.992126 0.000000,
        0.822777 -0.982341 0.000000,
        0.625926 -0.982341 0.000000,
        0.616142 -0.974833 0.000000,
        0.604747 -0.970114 0.000000,
        0.592520 -0.968504 0.000000,
        0.194882 -0.968504 0.000000,
        -0.198819 -0.968504 0.000000,
        -0.211046 -0.970114 0.000000,
        -0.222441 -0.974833 0.000000,
        -0.379505 -0.970114 0.000000,
        -0.391732 -0.968504 0.000000,
        -0.604747 -0.970114 0.000000,
        -0.616142 -0.974833 0.000000,
        1.015748 -0.049213 0.000000,
        1.015748 -0.147638 0.000000,
        1.003520 -0.149248 0.000000,
        -0.801598 0.970114 0.000000,
        -0.789370 0.968504 0.000000,
        -0.785433 0.968504 0.000000,
        -0.616142 0.974833 0.000000,
        -0.604747 0.970114 0.000000,
        -0.744519 0.992126 0.000000,
        -0.752026 0.982341 0.000000,
        -0.592520 0.968504 0.000000,
        -0.588583 0.968504 0.000000,
        -0.346098 1.003520 0.000000,
        -0.239733 0.992126 0.000000,
        -0.232226 0.982341 0.000000,
        0.799883 0.969689 0.000000,
        0.809869 0.973183 0.000000,
        -1.015748 -0.738189 0.000000,
        -1.015748 -0.639764 0.000000,
        -1.003520 -0.638154 0.000000,
        -0.992126 0.436584 0.000000,
        0.739799 -1.003520 0.000000,
        0.639764 -1.015748 0.000000,
        0.198819 -0.968504 0.000000,
        0.014196 -0.970114 0.000000,
        0.001969 -0.968504 0.000000,
        -0.025591 -0.974833 0.000000,
        -0.035375 -0.982341 0.000000,
        -0.042883 -0.992126 0.000000,
        -0.171260 -0.974833 0.000000,
        -0.395669 -0.968504 0.000000,
        -0.407897 -0.970114 0.000000,
        -0.419291 -0.974833 0.000000,
        -0.592520 -0.968504 0.000000,
        0.970114 -0.604747 0.000000,
        0.974833 -0.616142 0.000000,
        0.992126 0.239733 0.000000,
        0.982341 0.232226 0.000000,
        1.003520 0.346098 0.000000,
        0.992126 0.436584 0.000000,
        0.982341 0.429076 0.000000,
        1.003520 0.542948 0.000000,
        0.974833 0.419291 0.000000,
        0.970114 0.407897 0.000000,
        1.015748 -0.442913 0.000000,
        1.015748 -0.541339 0.000000,
        1.003520 -0.542948 0.000000,
        -0.761811 0.974833 0.000000,
        -0.773206 0.970114 0.000000,
        0.244453 1.003520 0.000000,
        0.350818 0.992126 0.000000,
        0.358326 0.982341 0.000000,
        0.419291 0.974833 0.000000,
        0.429076 0.982341 0.000000,
        0.436584 0.992126 0.000000,
        0.789370 0.968504 0.000000,
        0.836614 1.015748 0.000000,
        0.835430 1.005235 0.000000,
        -1.015748 -0.541339 0.000000,
        -1.015748 -0.442913 0.000000,
        -1.003520 -0.441304 0.000000,
        -0.982341 0.625926 0.000000,
        -0.992126 0.633434 0.000000,
        -0.982341 0.752026 0.000000,
        -1.003520 0.638154 0.000000,
        -0.992126 0.744519 0.000000,
        0.588583 -0.968504 0.000000,
        0.576355 -0.970114 0.000000,
        0.564961 -0.974833 0.000000,
        0.555176 -0.982341 0.000000,
        -0.001969 -0.968504 0.000000,
        -0.014196 -0.970114 0.000000,
        -0.232226 -0.982341 0.000000,
        -0.239733 -0.992126 0.000000,
        -0.368110 -0.974833 0.000000,
        1.015748 -0.639764 0.000000,
        1.015748 -0.738189 0.000000,
        1.003520 -0.739799 0.000000,
        0.153967 0.992126 0.000000,
        0.161475 0.982341 0.000000,
        0.047603 1.003520 0.000000,
        -0.344488 1.015748 0.000000,
        -0.246063 1.015748 0.000000,
        -0.244453 1.003520 0.000000,
        0.564961 0.974833 0.000000,
        0.576355 0.970114 0.000000,
        0.588583 0.968504 0.000000,
        0.818826 0.978811 0.000000,
        0.826307 0.986292 0.000000,
        0.831935 0.995250 0.000000,
        -0.974833 -0.616142 0.000000,
        -0.970114 -0.604747 0.000000,
        -0.968504 -0.592520 0.000000,
        -0.992126 0.153967 0.000000,
        -0.982341 0.161475 0.000000,
        -1.003520 0.047603 0.000000,
        -0.974833 0.171260 0.000000,
        -0.970114 0.182654 0.000000,
        -1.003520 -0.149248 0.000000,
        -0.992126 -0.042883 0.000000,
        -0.982341 -0.035375 0.000000,
        -0.970114 0.773206 0.000000,
        -0.968504 0.785433 0.000000,
        0.395669 -0.968504 0.000000,
        0.391732 -0.968504 0.000000,
        0.161475 -0.982341 0.000000,
        0.153967 -0.992126 0.000000,
        0.025591 -0.974833 0.000000,
        -0.429076 -0.982341 0.000000,
        -0.436584 -0.992126 0.000000,
        0.968504 -0.592520 0.000000,
        0.968504 -0.789370 0.000000,
        0.970114 -0.801598 0.000000,
        0.974833 -0.812992 0.000000,
        1.015748 0.344488 0.000000,
        1.015748 0.246063 0.000000,
        1.003520 0.244453 0.000000,
        1.015748 0.541339 0.000000,
        1.015748 0.442913 0.000000,
        1.003520 0.441304 0.000000,
        0.014196 0.970114 0.000000,
        0.025591 0.974833 0.000000,
        -0.149248 1.003520 0.000000,
        -0.042883 0.992126 0.000000,
        -0.035375 0.982341 0.000000,
        0.246063 1.015748 0.000000,
        0.344488 1.015748 0.000000,
        0.346098 1.003520 0.000000,
        0.625926 0.982341 0.000000,
        0.633434 0.992126 0.000000,
        -0.968504 -0.588583 0.000000,
        -0.970114 -0.576355 0.000000,
        -0.974833 -0.564961 0.000000,
        -1.015748 -0.147638 0.000000,
        -1.015748 -0.049213 0.000000,
        -1.003520 -0.047603 0.000000,
        -0.974833 0.564961 0.000000,
        -0.970114 0.576355 0.000000,
        -0.968504 0.588583 0.000000,
        -1.015748 0.639764 0.000000,
        -1.015748 0.738189 0.000000,
        -1.003520 0.739799 0.000000,
        -0.968504 0.789370 0.000000,
        -0.970114 0.801598 0.000000,
        0.789370 -0.968504 0.000000,
        0.785433 -0.968504 0.000000,
        0.773206 -0.970114 0.000000,
        -0.564961 -0.974833 0.000000,
        -0.576355 -0.970114 0.000000,
        -0.588583 -0.968504 0.000000,
        -0.773206 -0.970114 0.000000,
        -0.785433 -0.968504 0.000000,
        0.970114 0.773206 0.000000,
        0.974833 0.761811 0.000000,
        0.982341 0.752026 0.000000,
        0.974833 0.222441 0.000000,
        0.970114 0.211046 0.000000,
        0.992126 0.350818 0.000000,
        -0.182654 0.970114 0.000000,
        -0.171260 0.974833 0.000000,
        0.049213 1.015748 0.000000,
        0.147638 1.015748 0.000000,
        0.149248 1.003520 0.000000,
        0.761811 0.974833 0.000000,
        0.773206 0.970114 0.000000,
        0.785433 0.968504 0.000000,
        -1.015748 0.442913 0.000000,
        -1.015748 0.541339 0.000000,
        -1.003520 0.542948 0.000000,
        -0.968504 0.592520 0.000000,
        -0.970114 0.604747 0.000000,
        -0.974833 0.616142 0.000000,
        0.633434 -0.992126 0.000000,
        0.761811 -0.974833 0.000000,
        -0.789370 -0.968504 0.000000,
        -0.801598 -0.970114 0.000000,
        0.970114 -0.014196 0.000000,
        0.974833 -0.025591 0.000000,
        1.003520 0.149248 0.000000,
        0.992126 0.042883 0.000000,
        0.982341 0.035375 0.000000,
        0.974833 -0.419291 0.000000,
        0.982341 -0.429076 0.000000,
        0.992126 -0.436584 0.000000,
        0.982341 -0.625926 0.000000,
        0.992126 -0.633434 0.000000,
        -0.576355 0.970114 0.000000,
        -0.564961 0.974833 0.000000,
        -0.555176 0.982341 0.000000,
        0.379505 0.970114 0.000000,
        0.391732 0.968504 0.000000,
        -0.970114 -0.014196 0.000000,
        -0.968504 -0.001969 0.000000,
        -0.982341 -0.161475 0.000000,
        -1.015748 0.049213 0.000000,
        -1.015748 0.147638 0.000000,
        -1.003520 0.149248 0.000000,
        -0.974833 0.761811 0.000000,
        -0.761811 -0.974833 0.000000,
        -0.633434 -0.992126 0.000000,
        -0.625926 -0.982341 0.000000,
        0.970114 -0.379505 0.000000,
        0.968504 -0.391732 0.000000,
        0.974833 -0.564961 0.000000,
        0.970114 -0.576355 0.000000,
        0.968504 -0.588583 0.000000,
        0.974833 -0.761811 0.000000,
        0.970114 -0.773206 0.000000,
        0.968504 -0.785433 0.000000,
        -0.222441 0.974833 0.000000,
        -0.211046 0.970114 0.000000,
        -0.350818 0.992126 0.000000,
        0.182654 0.970114 0.000000,
        0.194882 0.968504 0.000000,
        0.395669 0.968504 0.000000,
        0.407897 0.970114 0.000000,
        -0.147638 1.015748 0.000000,
        -0.049213 1.015748 0.000000,
        -0.047603 1.003520 0.000000,
        -0.974833 -0.025591 0.000000,
        -0.992126 -0.153967 0.000000,
        0.968504 0.588583 0.000000,
        0.968504 0.592520 0.000000,
        0.970114 0.604747 0.000000,
        0.992126 0.744519 0.000000,
        0.974833 0.616142 0.000000,
        1.015748 0.738189 0.000000,
        0.968504 -0.395669 0.000000,
        0.970114 -0.407897 0.000000,
        -0.391732 0.968504 0.000000,
        -0.379505 0.970114 0.000000,
        -0.368110 0.974833 0.000000,
        -0.358326 0.982341 0.000000,
        0.198819 0.968504 0.000000,
        0.211046 0.970114 0.000000,
        0.222441 0.974833 0.000000,
        0.232226 0.982341 0.000000,
        0.239733 0.992126 0.000000,
        0.368110 0.974833 0.000000,
        -0.970114 0.014196 0.000000,
        -0.974833 0.025591 0.000000,
        -0.968504 0.194882 0.000000,
        -0.982341 0.035375 0.000000,
        -0.992126 0.042883 0.000000,
        -0.970114 -0.211046 0.000000,
        -0.968504 -0.198819 0.000000,
        -0.982341 -0.358326 0.000000,
        1.015748 0.639764 0.000000,
        1.003520 0.638154 0.000000,
        1.003520 0.739799 0.000000,
        0.992126 0.633434 0.000000,
        0.982341 0.625926 0.000000,
        0.970114 0.576355 0.000000,
        0.974833 0.564961 0.000000,
        0.982341 0.555176 0.000000,
        0.970114 0.182654 0.000000,
        0.974833 0.171260 0.000000,
        0.974833 -0.222441 0.000000,
        0.982341 -0.232226 0.000000,
        0.992126 -0.239733 0.000000,
        0.974833 -0.368110 0.000000,
        1.015748 0.147638 0.000000,
        1.015748 0.049213 0.000000,
        1.003520 0.047603 0.000000,
        -0.395669 0.968504 0.000000,
        -0.547668 0.992126 0.000000,
        0.035375 0.982341 0.000000,
        0.042883 0.992126 0.000000,
        0.171260 0.974833 0.000000,
        -0.970114 0.211046 0.000000,
        -0.974833 0.222441 0.000000,
        -0.968504 0.391732 0.000000,
        -0.982341 0.232226 0.000000,
        -0.992126 0.239733 0.000000,
        -0.974833 -0.222441 0.000000,
        -0.992126 -0.350818 0.000000,
        0.970114 -0.182654 0.000000,
        0.968504 -0.194882 0.000000,
        -0.014196 0.970114 0.000000,
        -0.001969 0.968504 0.000000,
        0.001969 0.968504 0.000000,
        0.968504 -0.198819 0.000000,
        0.970114 -0.211046 0.000000,
        -0.198819 0.968504 0.000000,
        -0.194882 0.968504 0.000000,
        -0.025591 0.974833 0.000000,
        -0.153967 0.992126 0.000000,
        -0.161475 0.982341 0.000000,
        -0.970114 0.407897 0.000000,
        -0.974833 0.419291 0.000000,
        -0.982341 0.429076 0.000000,
        0.968504 0.391732 0.000000,
        0.970114 0.379505 0.000000,
        0.974833 0.368110 0.000000,
        0.982341 0.358326 0.000000,
        0.970114 0.014196 0.000000,
        0.968504 0.001969 0.000000,
        0.968504 -0.001969 0.000000,
        0.982341 -0.035375 0.000000,
        0.992126 -0.042883 0.000000,
        0.974833 -0.171260 0.000000,
        0.968504 0.395669 0.000000,
        0.992126 0.547668 0.000000,
        0.974833 0.025591 0.000000,
        0.992126 0.153967 0.000000,
        0.982341 0.161475 0.000000,
        0.968504 0.198819 0.000000,
        0.968504 0.194882 0.000000,
        -0.974833 -0.419291 0.000000,
        -0.970114 -0.407897 0.000000,
        -0.968504 -0.395669 0.000000,
        -0.968504 0.395669 0.000000,
        -0.968504 0.001969 0.000000,
        -0.968504 -0.391732 0.000000,
        -0.970114 -0.379505 0.000000,
        -0.974833 -0.368110 0.000000,
        -0.968504 -0.194882 0.000000,
        -0.970114 -0.182654 0.000000,
        -0.974833 -0.171260 0.000000,
        -0.968504 0.198819 0.000000,
        0.836614 1.185039 0.049213,
        0.738189 1.185039 0.049213,
        0.836614 1.015748 -0.007874,
        0.836614 1.185039 -0.007874,
        0.738189 1.185039 -0.007874,
        0.738189 1.015748 -0.007874,
        0.739799 1.003520 -0.007874,
        0.744519 0.992126 -0.007874,
        0.752026 0.982341 -0.007874,
        0.761811 0.974833 -0.007874,
        0.773206 0.970114 -0.007874,
        0.785433 0.968504 -0.007874,
        0.789370 0.968504 -0.007874,
        0.799883 0.969689 -0.007874,
        0.809869 0.973183 -0.007874,
        0.818826 0.978811 -0.007874,
        0.826307 0.986292 -0.007874,
        0.831935 0.995250 -0.007874,
        0.835430 1.005235 -0.007874,
        1.185039 0.738189 0.049213,
        1.185039 0.836614 0.049213,
        1.185039 0.836614 -0.007874,
        1.015748 0.836614 -0.007874,
        1.003520 0.835004 -0.007874,
        0.992126 0.830285 -0.007874,
        0.982341 0.822777 -0.007874,
        0.974833 0.812992 -0.007874,
        0.970114 0.801598 -0.007874,
        0.968504 0.789370 -0.007874,
        0.968504 0.785433 -0.007874,
        0.970114 0.773206 -0.007874,
        0.974833 0.761811 -0.007874,
        0.982341 0.752026 -0.007874,
        0.992126 0.744519 -0.007874,
        1.003520 0.739799 -0.007874,
        1.015748 0.738189 -0.007874,
        1.185039 0.738189 -0.007874,
        0.639764 1.185039 0.049213,
        0.541339 1.185039 0.049213,
        0.541339 1.185039 -0.007874,
        0.541339 1.015748 -0.007874,
        0.542948 1.003520 -0.007874,
        0.547668 0.992126 -0.007874,
        0.555176 0.982341 -0.007874,
        0.564961 0.974833 -0.007874,
        0.576355 0.970114 -0.007874,
        0.588583 0.968504 -0.007874,
        0.592520 0.968504 -0.007874,
        0.604747 0.970114 -0.007874,
        0.616142 0.974833 -0.007874,
        0.625926 0.982341 -0.007874,
        0.633434 0.992126 -0.007874,
        0.638154 1.003520 -0.007874,
        0.639764 1.015748 -0.007874,
        0.639764 1.185039 -0.007874,
        0.442913 1.185039 0.049213,
        0.344488 1.185039 0.049213,
        0.344488 1.185039 -0.007874,
        0.344488 1.015748 -0.007874,
        0.346098 1.003520 -0.007874,
        0.350818 0.992126 -0.007874,
        0.358326 0.982341 -0.007874,
        0.368110 0.974833 -0.007874,
        0.379505 0.970114 -0.007874,
        0.391732 0.968504 -0.007874,
        0.395669 0.968504 -0.007874,
        0.407897 0.970114 -0.007874,
        0.419291 0.974833 -0.007874,
        0.429076 0.982341 -0.007874,
        0.436584 0.992126 -0.007874,
        0.441304 1.003520 -0.007874,
        0.442913 1.015748 -0.007874,
        0.442913 1.185039 -0.007874,
        0.246063 1.185039 0.049213,
        0.147638 1.185039 0.049213,
        0.147638 1.185039 -0.007874,
        0.147638 1.015748 -0.007874,
        0.149248 1.003520 -0.007874,
        0.153967 0.992126 -0.007874,
        0.161475 0.982341 -0.007874,
        0.171260 0.974833 -0.007874,
        0.182654 0.970114 -0.007874,
        0.194882 0.968504 -0.007874,
        0.198819 0.968504 -0.007874,
        0.211046 0.970114 -0.007874,
        0.222441 0.974833 -0.007874,
        0.232226 0.982341 -0.007874,
        0.239733 0.992126 -0.007874,
        0.244453 1.003520 -0.007874,
        0.246063 1.015748 -0.007874,
        0.246063 1.185039 -0.007874,
        0.049213 1.185039 0.049213,
        -0.049213 1.185039 0.049213,
        -0.049213 1.185039 -0.007874,
        -0.049213 1.015748 -0.007874,
        -0.047603 1.003520 -0.007874,
        -0.042883 0.992126 -0.007874,
        -0.035375 0.982341 -0.007874,
        -0.025591 0.974833 -0.007874,
        -0.014196 0.970114 -0.007874,
        -0.001969 0.968504 -0.007874,
        0.001969 0.968504 -0.007874,
        0.014196 0.970114 -0.007874,
        0.025591 0.974833 -0.007874,
        0.035375 0.982341 -0.007874,
        0.042883 0.992126 -0.007874,
        0.047603 1.003520 -0.007874,
        0.049213 1.015748 -0.007874,
        0.049213 1.185039 -0.007874,
        -0.147638 1.185039 0.049213,
        -0.246063 1.185039 0.049213,
        -0.246063 1.185039 -0.007874,
        -0.246063 1.015748 -0.007874,
        -0.244453 1.003520 -0.007874,
        -0.239733 0.992126 -0.007874,
        -0.232226 0.982341 -0.007874,
        -0.222441 0.974833 -0.007874,
        -0.211046 0.970114 -0.007874,
        -0.198819 0.968504 -0.007874,
        -0.194882 0.968504 -0.007874,
        -0.182654 0.970114 -0.007874,
        -0.171260 0.974833 -0.007874,
        -0.161475 0.982341 -0.007874,
        -0.153967 0.992126 -0.007874,
        -0.149248 1.003520 -0.007874,
        -0.147638 1.015748 -0.007874,
        -0.147638 1.185039 -0.007874,
        -0.344488 1.185039 0.049213,
        -0.442913 1.185039 0.049213,
        -0.442913 1.185039 -0.007874,
        -0.442913 1.015748 -0.007874,
        -0.441304 1.003520 -0.007874,
        -0.436584 0.992126 -0.007874,
        -0.429076 0.982341 -0.007874,
        -0.419291 0.974833 -0.007874,
        -0.407897 0.970114 -0.007874,
        -0.395669 0.968504 -0.007874,
        -0.391732 0.968504 -0.007874,
        -0.379505 0.970114 -0.007874,
        -0.368110 0.974833 -0.007874,
        -0.358326 0.982341 -0.007874,
        -0.350818 0.992126 -0.007874,
        -0.346098 1.003520 -0.007874,
        -0.344488 1.015748 -0.007874,
        -0.344488 1.185039 -0.007874,
        1.185039 0.541339 0.049213,
        1.185039 0.639764 0.049213,
        1.185039 0.639764 -0.007874,
        1.015748 0.639764 -0.007874,
        1.003520 0.638154 -0.007874,
        0.992126 0.633434 -0.007874,
        0.982341 0.625926 -0.007874,
        0.974833 0.616142 -0.007874,
        0.970114 0.604747 -0.007874,
        0.968504 0.592520 -0.007874,
        0.968504 0.588583 -0.007874,
        0.970114 0.576355 -0.007874,
        0.974833 0.564961 -0.007874,
        0.982341 0.555176 -0.007874,
        0.992126 0.547668 -0.007874,
        1.003520 0.542948 -0.007874,
        1.015748 0.541339 -0.007874,
        1.185039 0.541339 -0.007874,
        1.185039 0.344488 0.049213,
        1.185039 0.442913 0.049213,
        1.185039 0.442913 -0.007874,
        1.015748 0.442913 -0.007874,
        1.003520 0.441304 -0.007874,
        0.992126 0.436584 -0.007874,
        0.982341 0.429076 -0.007874,
        0.974833 0.419291 -0.007874,
        0.970114 0.407897 -0.007874,
        0.968504 0.395669 -0.007874,
        0.968504 0.391732 -0.007874,
        0.970114 0.379505 -0.007874,
        0.974833 0.368110 -0.007874,
        0.982341 0.358326 -0.007874,
        0.992126 0.350818 -0.007874,
        1.003520 0.346098 -0.007874,
        1.015748 0.344488 -0.007874,
        1.185039 0.344488 -0.007874,
        1.185039 0.147638 0.049213,
        1.185039 0.246063 0.049213,
        1.185039 0.246063 -0.007874,
        1.015748 0.246063 -0.007874,
        1.003520 0.244453 -0.007874,
        0.992126 0.239733 -0.007874,
        0.982341 0.232226 -0.007874,
        0.974833 0.222441 -0.007874,
        0.970114 0.211046 -0.007874,
        0.968504 0.198819 -0.007874,
        0.968504 0.194882 -0.007874,
        0.970114 0.182654 -0.007874,
        0.974833 0.171260 -0.007874,
        0.982341 0.161475 -0.007874,
        0.992126 0.153967 -0.007874,
        1.003520 0.149248 -0.007874,
        1.015748 0.147638 -0.007874,
        1.185039 0.147638 -0.007874,
        1.185039 -0.049213 0.049213,
        1.185039 0.049213 0.049213,
        1.185039 0.049213 -0.007874,
        1.015748 0.049213 -0.007874,
        1.003520 0.047603 -0.007874,
        0.992126 0.042883 -0.007874,
        0.982341 0.035375 -0.007874,
        0.974833 0.025591 -0.007874,
        0.970114 0.014196 -0.007874,
        0.968504 0.001969 -0.007874,
        0.968504 -0.001969 -0.007874,
        0.970114 -0.014196 -0.007874,
        0.974833 -0.025591 -0.007874,
        0.982341 -0.035375 -0.007874,
        0.992126 -0.042883 -0.007874,
        1.003520 -0.047603 -0.007874,
        1.015748 -0.049213 -0.007874,
        1.185039 -0.049213 -0.007874,
        -1.185039 0.836614 0.049213,
        -1.185039 0.738189 0.049213,
        -1.015748 0.836614 -0.007874,
        -1.185039 0.836614 -0.007874,
        -1.185039 0.738189 -0.007874,
        -1.015748 0.738189 -0.007874,
        -1.003520 0.739799 -0.007874,
        -0.992126 0.744519 -0.007874,
        -0.982341 0.752026 -0.007874,
        -0.974833 0.761811 -0.007874,
        -0.970114 0.773206 -0.007874,
        -0.968504 0.785433 -0.007874,
        -0.968504 0.789370 -0.007874,
        -0.970114 0.801598 -0.007874,
        -0.974833 0.812992 -0.007874,
        -0.982341 0.822777 -0.007874,
        -0.992126 0.830285 -0.007874,
        -1.003520 0.835004 -0.007874,
        -1.185039 0.639764 0.049213,
        -1.185039 0.541339 0.049213,
        -1.185039 0.541339 -0.007874,
        -1.015748 0.541339 -0.007874,
        -1.003520 0.542948 -0.007874,
        -0.992126 0.547668 -0.007874,
        -0.982341 0.555176 -0.007874,
        -0.974833 0.564961 -0.007874,
        -0.970114 0.576355 -0.007874,
        -0.968504 0.588583 -0.007874,
        -0.968504 0.592520 -0.007874,
        -0.970114 0.604747 -0.007874,
        -0.974833 0.616142 -0.007874,
        -0.982341 0.625926 -0.007874,
        -0.992126 0.633434 -0.007874,
        -1.003520 0.638154 -0.007874,
        -1.015748 0.639764 -0.007874,
        -1.185039 0.639764 -0.007874,
        -1.185039 -0.541339 0.049213,
        -1.185039 -0.639764 0.049213,
        -1.015748 -0.639764 -0.007874,
        -1.003520 -0.638154 -0.007874,
        -0.992126 -0.633434 -0.007874,
        -0.982341 -0.625926 -0.007874,
        -0.974833 -0.616142 -0.007874,
        -0.970114 -0.604747 -0.007874,
        -0.968504 -0.592520 -0.007874,
        -0.968504 -0.588583 -0.007874,
        -0.970114 -0.576355 -0.007874,
        -0.974833 -0.564961 -0.007874,
        -0.982341 -0.555176 -0.007874,
        -0.992126 -0.547668 -0.007874,
        -1.003520 -0.542948 -0.007874,
        -1.015748 -0.541339 -0.007874,
        -1.185039 -0.541339 -0.007874,
        -1.185039 -0.639764 -0.007874,
        -1.185039 -0.344488 0.049213,
        -1.185039 -0.442913 0.049213,
        -1.015748 -0.442913 -0.007874,
        -1.003520 -0.441304 -0.007874,
        -0.992126 -0.436584 -0.007874,
        -0.982341 -0.429076 -0.007874,
        -0.974833 -0.419291 -0.007874,
        -0.970114 -0.407897 -0.007874,
        -0.968504 -0.395669 -0.007874,
        -0.968504 -0.391732 -0.007874,
        -0.970114 -0.379505 -0.007874,
        -0.974833 -0.368110 -0.007874,
        -0.982341 -0.358326 -0.007874,
        -0.992126 -0.350818 -0.007874,
        -1.003520 -0.346098 -0.007874,
        -1.015748 -0.344488 -0.007874,
        -1.185039 -0.344488 -0.007874,
        -1.185039 -0.442913 -0.007874,
        -1.185039 -0.147638 0.049213,
        -1.185039 -0.246063 0.049213,
        -1.015748 -0.246063 -0.007874,
        -1.003520 -0.244453 -0.007874,
        -0.992126 -0.239733 -0.007874,
        -0.982341 -0.232226 -0.007874,
        -0.974833 -0.222441 -0.007874,
        -0.970114 -0.211046 -0.007874,
        -0.968504 -0.198819 -0.007874,
        -0.968504 -0.194882 -0.007874,
        -0.970114 -0.182654 -0.007874,
        -0.974833 -0.171260 -0.007874,
        -0.982341 -0.161475 -0.007874,
        -0.992126 -0.153967 -0.007874,
        -1.003520 -0.149248 -0.007874,
        -1.015748 -0.147638 -0.007874,
        -1.185039 -0.147638 -0.007874,
        -1.185039 -0.246063 -0.007874,
        -1.185039 0.049213 0.049213,
        -1.185039 -0.049213 0.049213,
        -1.015748 -0.049213 -0.007874,
        -1.003520 -0.047603 -0.007874,
        -0.992126 -0.042883 -0.007874,
        -0.982341 -0.035375 -0.007874,
        -0.974833 -0.025591 -0.007874,
        -0.970114 -0.014196 -0.007874,
        -0.968504 -0.001969 -0.007874,
        -0.968504 0.001969 -0.007874,
        -0.970114 0.014196 -0.007874,
        -0.974833 0.025591 -0.007874,
        -0.982341 0.035375 -0.007874,
        -0.992126 0.042883 -0.007874,
        -1.003520 0.047603 -0.007874,
        -1.015748 0.049213 -0.007874,
        -1.185039 0.049213 -0.007874,
        -1.185039 -0.049213 -0.007874,
        -1.185039 0.246063 0.049213,
        -1.185039 0.147638 0.049213,
        -1.015748 0.147638 -0.007874,
        -1.003520 0.149248 -0.007874,
        -0.992126 0.153967 -0.007874,
        -0.982341 0.161475 -0.007874,
        -0.974833 0.171260 -0.007874,
        -0.970114 0.182654 -0.007874,
        -0.968504 0.194882 -0.007874,
        -0.968504 0.198819 -0.007874,
        -0.970114 0.211046 -0.007874,
        -0.974833 0.222441 -0.007874,
        -0.982341 0.232226 -0.007874,
        -0.992126 0.239733 -0.007874,
        -1.003520 0.244453 -0.007874,
        -1.015748 0.246063 -0.007874,
        -1.185039 0.246063 -0.007874,
        -1.185039 0.147638 -0.007874,
        -1.185039 0.442913 0.049213,
        -1.185039 0.344488 0.049213,
        -1.015748 0.344488 -0.007874,
        -1.003520 0.346098 -0.007874,
        -0.992126 0.350818 -0.007874,
        -0.982341 0.358326 -0.007874,
        -0.974833 0.368110 -0.007874,
        -0.970114 0.379505 -0.007874,
        -0.968504 0.391732 -0.007874,
        -0.968504 0.395669 -0.007874,
        -0.970114 0.407897 -0.007874,
        -0.974833 0.419291 -0.007874,
        -0.982341 0.429076 -0.007874,
        -0.992126 0.436584 -0.007874,
        -1.003520 0.441304 -0.007874,
        -1.015748 0.442913 -0.007874,
        -1.185039 0.442913 -0.007874,
        -1.185039 0.344488 -0.007874,
        0.738189 -1.185039 0.049213,
        0.836614 -1.185039 0.049213,
        0.836614 -1.185039 -0.007874,
        0.836614 -1.015748 -0.007874,
        0.835004 -1.003520 -0.007874,
        0.830285 -0.992126 -0.007874,
        0.822777 -0.982341 -0.007874,
        0.812992 -0.974833 -0.007874,
        0.801598 -0.970114 -0.007874,
        0.789370 -0.968504 -0.007874,
        0.785433 -0.968504 -0.007874,
        0.773206 -0.970114 -0.007874,
        0.761811 -0.974833 -0.007874,
        0.752026 -0.982341 -0.007874,
        0.744519 -0.992126 -0.007874,
        0.739799 -1.003520 -0.007874,
        0.738189 -1.015748 -0.007874,
        0.738189 -1.185039 -0.007874,
        0.541339 -1.185039 0.049213,
        0.639764 -1.185039 0.049213,
        0.639764 -1.185039 -0.007874,
        0.639764 -1.015748 -0.007874,
        0.638154 -1.003520 -0.007874,
        0.633434 -0.992126 -0.007874,
        0.625926 -0.982341 -0.007874,
        0.616142 -0.974833 -0.007874,
        0.604747 -0.970114 -0.007874,
        0.592520 -0.968504 -0.007874,
        0.588583 -0.968504 -0.007874,
        0.576355 -0.970114 -0.007874,
        0.564961 -0.974833 -0.007874,
        0.555176 -0.982341 -0.007874,
        0.547668 -0.992126 -0.007874,
        0.542948 -1.003520 -0.007874,
        0.541339 -1.015748 -0.007874,
        0.541339 -1.185039 -0.007874,
        -0.639764 -1.185039 0.049213,
        -0.541339 -1.185039 0.049213,
        -0.592520 -0.968504 -0.007874,
        -0.604747 -0.970114 -0.007874,
        -0.616142 -0.974833 -0.007874,
        -0.625926 -0.982341 -0.007874,
        -0.633434 -0.992126 -0.007874,
        -0.638154 -1.003520 -0.007874,
        -0.639764 -1.015748 -0.007874,
        -0.639764 -1.185039 -0.007874,
        -0.541339 -1.185039 -0.007874,
        -0.541339 -1.015748 -0.007874,
        -0.542948 -1.003520 -0.007874,
        -0.547668 -0.992126 -0.007874,
        -0.555176 -0.982341 -0.007874,
        -0.564961 -0.974833 -0.007874,
        -0.576355 -0.970114 -0.007874,
        -0.588583 -0.968504 -0.007874,
        -0.442913 -1.185039 0.049213,
        -0.344488 -1.185039 0.049213,
        -0.395669 -0.968504 -0.007874,
        -0.407897 -0.970114 -0.007874,
        -0.419291 -0.974833 -0.007874,
        -0.429076 -0.982341 -0.007874,
        -0.436584 -0.992126 -0.007874,
        -0.441304 -1.003520 -0.007874,
        -0.442913 -1.015748 -0.007874,
        -0.442913 -1.185039 -0.007874,
        -0.344488 -1.185039 -0.007874,
        -0.344488 -1.015748 -0.007874,
        -0.346098 -1.003520 -0.007874,
        -0.350818 -0.992126 -0.007874,
        -0.358326 -0.982341 -0.007874,
        -0.368110 -0.974833 -0.007874,
        -0.379505 -0.970114 -0.007874,
        -0.391732 -0.968504 -0.007874,
        -0.246063 -1.185039 0.049213,
        -0.147638 -1.185039 0.049213,
        -0.198819 -0.968504 -0.007874,
        -0.211046 -0.970114 -0.007874,
        -0.222441 -0.974833 -0.007874,
        -0.232226 -0.982341 -0.007874,
        -0.239733 -0.992126 -0.007874,
        -0.244453 -1.003520 -0.007874,
        -0.246063 -1.015748 -0.007874,
        -0.246063 -1.185039 -0.007874,
        -0.147638 -1.185039 -0.007874,
        -0.147638 -1.015748 -0.007874,
        -0.149248 -1.003520 -0.007874,
        -0.153967 -0.992126 -0.007874,
        -0.161475 -0.982341 -0.007874,
        -0.171260 -0.974833 -0.007874,
        -0.182654 -0.970114 -0.007874,
        -0.194882 -0.968504 -0.007874,
        -0.049213 -1.185039 0.049213,
        0.049213 -1.185039 0.049213,
        -0.001969 -0.968504 -0.007874,
        -0.014196 -0.970114 -0.007874,
        -0.025591 -0.974833 -0.007874,
        -0.035375 -0.982341 -0.007874,
        -0.042883 -0.992126 -0.007874,
        -0.047603 -1.003520 -0.007874,
        -0.049213 -1.015748 -0.007874,
        -0.049213 -1.185039 -0.007874,
        0.049213 -1.185039 -0.007874,
        0.049213 -1.015748 -0.007874,
        0.047603 -1.003520 -0.007874,
        0.042883 -0.992126 -0.007874,
        0.035375 -0.982341 -0.007874,
        0.025591 -0.974833 -0.007874,
        0.014196 -0.970114 -0.007874,
        0.001969 -0.968504 -0.007874,
        0.147638 -1.185039 0.049213,
        0.246063 -1.185039 0.049213,
        0.194882 -0.968504 -0.007874,
        0.182654 -0.970114 -0.007874,
        0.171260 -0.974833 -0.007874,
        0.161475 -0.982341 -0.007874,
        0.153967 -0.992126 -0.007874,
        0.149248 -1.003520 -0.007874,
        0.147638 -1.015748 -0.007874,
        0.147638 -1.185039 -0.007874,
        0.246063 -1.185039 -0.007874,
        0.246063 -1.015748 -0.007874,
        0.244453 -1.003520 -0.007874,
        0.239733 -0.992126 -0.007874,
        0.232226 -0.982341 -0.007874,
        0.222441 -0.974833 -0.007874,
        0.211046 -0.970114 -0.007874,
        0.198819 -0.968504 -0.007874,
        -0.541339 1.185039 0.049213,
        -0.639764 1.185039 0.049213,
        -0.639764 1.185039 -0.007874,
        -0.639764 1.015748 -0.007874,
        -0.638154 1.003520 -0.007874,
        -0.633434 0.992126 -0.007874,
        -0.625926 0.982341 -0.007874,
        -0.616142 0.974833 -0.007874,
        -0.604747 0.970114 -0.007874,
        -0.592520 0.968504 -0.007874,
        -0.588583 0.968504 -0.007874,
        -0.576355 0.970114 -0.007874,
        -0.564961 0.974833 -0.007874,
        -0.555176 0.982341 -0.007874,
        -0.547668 0.992126 -0.007874,
        -0.542948 1.003520 -0.007874,
        -0.541339 1.015748 -0.007874,
        -0.541339 1.185039 -0.007874,
        1.185039 -0.246063 0.049213,
        1.185039 -0.147638 0.049213,
        1.185039 -0.147638 -0.007874,
        1.015748 -0.147638 -0.007874,
        1.003520 -0.149248 -0.007874,
        0.992126 -0.153967 -0.007874,
        0.982341 -0.161475 -0.007874,
        0.974833 -0.171260 -0.007874,
        0.970114 -0.182654 -0.007874,
        0.968504 -0.194882 -0.007874,
        0.968504 -0.198819 -0.007874,
        0.970114 -0.211046 -0.007874,
        0.974833 -0.222441 -0.007874,
        0.982341 -0.232226 -0.007874,
        0.992126 -0.239733 -0.007874,
        1.003520 -0.244453 -0.007874,
        1.015748 -0.246063 -0.007874,
        1.185039 -0.246063 -0.007874,
        1.185039 -0.442913 0.049213,
        1.185039 -0.344488 0.049213,
        1.185039 -0.344488 -0.007874,
        1.015748 -0.344488 -0.007874,
        1.003520 -0.346098 -0.007874,
        0.992126 -0.350818 -0.007874,
        0.982341 -0.358326 -0.007874,
        0.974833 -0.368110 -0.007874,
        0.970114 -0.379505 -0.007874,
        0.968504 -0.391732 -0.007874,
        0.968504 -0.395669 -0.007874,
        0.970114 -0.407897 -0.007874,
        0.974833 -0.419291 -0.007874,
        0.982341 -0.429076 -0.007874,
        0.992126 -0.436584 -0.007874,
        1.003520 -0.441304 -0.007874,
        1.015748 -0.442913 -0.007874,
        1.185039 -0.442913 -0.007874,
        1.185039 -0.639764 0.049213,
        1.185039 -0.541339 0.049213,
        1.185039 -0.541339 -0.007874,
        1.015748 -0.541339 -0.007874,
        1.003520 -0.542948 -0.007874,
        0.992126 -0.547668 -0.007874,
        0.982341 -0.555176 -0.007874,
        0.974833 -0.564961 -0.007874,
        0.970114 -0.576355 -0.007874,
        0.968504 -0.588583 -0.007874,
        0.968504 -0.592520 -0.007874,
        0.970114 -0.604747 -0.007874,
        0.974833 -0.616142 -0.007874,
        0.982341 -0.625926 -0.007874,
        0.992126 -0.633434 -0.007874,
        1.003520 -0.638154 -0.007874,
        1.015748 -0.639764 -0.007874,
        1.185039 -0.639764 -0.007874,
        0.344488 -1.185039 0.049213,
        0.442913 -1.185039 0.049213,
        0.391732 -0.968504 -0.007874,
        0.379505 -0.970114 -0.007874,
        0.368110 -0.974833 -0.007874,
        0.358326 -0.982341 -0.007874,
        0.350818 -0.992126 -0.007874,
        0.346098 -1.003520 -0.007874,
        0.344488 -1.015748 -0.007874,
        0.344488 -1.185039 -0.007874,
        0.442913 -1.185039 -0.007874,
        0.442913 -1.015748 -0.007874,
        0.441304 -1.003520 -0.007874,
        0.436584 -0.992126 -0.007874,
        0.429076 -0.982341 -0.007874,
        0.419291 -0.974833 -0.007874,
        0.407897 -0.970114 -0.007874,
        0.395669 -0.968504 -0.007874,
        -0.738189 1.185039 0.049213,
        -0.836614 1.185039 0.049213,
        -0.836614 1.185039 -0.007874,
        -0.836614 1.015748 -0.007874,
        -0.835004 1.003520 -0.007874,
        -0.830285 0.992126 -0.007874,
        -0.822777 0.982341 -0.007874,
        -0.812992 0.974833 -0.007874,
        -0.801598 0.970114 -0.007874,
        -0.789370 0.968504 -0.007874,
        -0.785433 0.968504 -0.007874,
        -0.773206 0.970114 -0.007874,
        -0.761811 0.974833 -0.007874,
        -0.752026 0.982341 -0.007874,
        -0.744519 0.992126 -0.007874,
        -0.739799 1.003520 -0.007874,
        -0.738189 1.015748 -0.007874,
        -0.738189 1.185039 -0.007874,
        1.185039 -0.836614 0.049213,
        1.185039 -0.738189 0.049213,
        1.185039 -0.738189 -0.007874,
        1.015748 -0.738189 -0.007874,
        1.003520 -0.739799 -0.007874,
        0.992126 -0.744519 -0.007874,
        0.982341 -0.752026 -0.007874,
        0.974833 -0.761811 -0.007874,
        0.970114 -0.773206 -0.007874,
        0.968504 -0.785433 -0.007874,
        0.968504 -0.789370 -0.007874,
        0.970114 -0.801598 -0.007874,
        0.974833 -0.812992 -0.007874,
        0.982341 -0.822777 -0.007874,
        0.992126 -0.830285 -0.007874,
        1.003520 -0.835004 -0.007874,
        1.015748 -0.836614 -0.007874,
        1.185039 -0.836614 -0.007874,
        -1.185039 -0.738189 0.049213,
        -1.185039 -0.836614 0.049213,
        -1.015748 -0.836614 -0.007874,
        -1.003520 -0.835004 -0.007874,
        -0.992126 -0.830285 -0.007874,
        -0.982341 -0.822777 -0.007874,
        -0.974833 -0.812992 -0.007874,
        -0.970114 -0.801598 -0.007874,
        -0.968504 -0.789370 -0.007874,
        -0.968504 -0.785433 -0.007874,
        -0.970114 -0.773206 -0.007874,
        -0.974833 -0.761811 -0.007874,
        -0.982341 -0.752026 -0.007874,
        -0.992126 -0.744519 -0.007874,
        -1.003520 -0.739799 -0.007874,
        -1.015748 -0.738189 -0.007874,
        -1.185039 -0.738189 -0.007874,
        -1.185039 -0.836614 -0.007874,
        -0.836614 -1.185039 0.049213,
        -0.738189 -1.185039 0.049213,
        -0.789370 -0.968504 -0.007874,
        -0.801598 -0.970114 -0.007874,
        -0.812992 -0.974833 -0.007874,
        -0.822777 -0.982341 -0.007874,
        -0.830285 -0.992126 -0.007874,
        -0.835004 -1.003520 -0.007874,
        -0.836614 -1.015748 -0.007874,
        -0.836614 -1.185039 -0.007874,
        -0.738189 -1.185039 -0.007874,
        -0.738189 -1.015748 -0.007874,
        -0.739799 -1.003520 -0.007874,
        -0.744519 -0.992126 -0.007874,
        -0.752026 -0.982341 -0.007874,
        -0.761811 -0.974833 -0.007874,
        -0.773206 -0.970114 -0.007874,
        -0.785433 -0.968504 -0.007874,
      ]
    }
    coordIndex [
      42, 663, 41, -1,
      41, 663, 664, -1,
      399, 665, 43, -1,
      43, 665, 666, -1,
      43, 666, 42, -1,
      42, 666, 663, -1,
      41, 664, 51, -1,
      51, 664, 667, -1,
      51, 667, 291, -1,
      291, 667, 668, -1,
      291, 668, 669, -1,
      291, 669, 292, -1,
      292, 669, 670, -1,
      292, 670, 231, -1,
      231, 670, 671, -1,
      231, 671, 232, -1,
      232, 671, 672, -1,
      232, 672, 506, -1,
      506, 672, 673, -1,
      506, 673, 507, -1,
      507, 673, 674, -1,
      507, 674, 508, -1,
      674, 675, 508, -1,
      508, 675, 398, -1,
      398, 675, 676, -1,
      398, 676, 358, -1,
      358, 676, 677, -1,
      358, 677, 359, -1,
      359, 677, 678, -1,
      359, 678, 430, -1,
      430, 678, 679, -1,
      430, 679, 431, -1,
      431, 679, 680, -1,
      431, 680, 432, -1,
      432, 680, 681, -1,
      432, 681, 400, -1,
      400, 681, 665, -1,
      400, 665, 399, -1,
      667, 664, 666, -1,
      666, 664, 663, -1,
      670, 669, 668, -1,
      668, 667, 666, -1,
      677, 676, 668, -1,
      676, 675, 668, -1,
      668, 675, 674, -1,
      668, 674, 673, -1,
      666, 665, 668, -1,
      668, 665, 681, -1,
      668, 681, 680, -1,
      680, 679, 668, -1,
      668, 679, 678, -1,
      668, 678, 677, -1,
      673, 672, 668, -1,
      668, 672, 671, -1,
      668, 671, 670, -1,
      107, 682, 73, -1,
      73, 682, 683, -1,
      73, 683, 72, -1,
      72, 683, 684, -1,
      72, 684, 153, -1,
      153, 684, 685, -1,
      153, 685, 686, -1,
      153, 686, 165, -1,
      165, 686, 687, -1,
      165, 687, 166, -1,
      166, 687, 688, -1,
      166, 688, 168, -1,
      168, 688, 689, -1,
      168, 689, 169, -1,
      169, 689, 690, -1,
      169, 690, 222, -1,
      222, 690, 691, -1,
      222, 691, 223, -1,
      691, 692, 223, -1,
      223, 692, 224, -1,
      224, 692, 693, -1,
      224, 693, 495, -1,
      495, 693, 694, -1,
      495, 694, 496, -1,
      496, 694, 695, -1,
      496, 695, 497, -1,
      497, 695, 696, -1,
      497, 696, 567, -1,
      567, 696, 697, -1,
      567, 697, 592, -1,
      592, 697, 698, -1,
      592, 698, 569, -1,
      569, 698, 106, -1,
      106, 698, 699, -1,
      106, 699, 107, -1,
      107, 699, 682, -1,
      684, 683, 699, -1,
      699, 683, 682, -1,
      694, 693, 685, -1,
      693, 692, 685, -1,
      685, 692, 691, -1,
      685, 691, 690, -1,
      684, 699, 685, -1,
      685, 699, 698, -1,
      685, 698, 697, -1,
      697, 696, 685, -1,
      685, 696, 695, -1,
      685, 695, 694, -1,
      690, 689, 688, -1,
      688, 687, 690, -1,
      690, 687, 686, -1,
      690, 686, 685, -1,
      49, 700, 44, -1,
      44, 700, 701, -1,
      44, 701, 45, -1,
      45, 701, 702, -1,
      45, 702, 265, -1,
      265, 702, 703, -1,
      265, 703, 704, -1,
      265, 704, 266, -1,
      266, 704, 705, -1,
      266, 705, 193, -1,
      193, 705, 706, -1,
      193, 706, 194, -1,
      194, 706, 707, -1,
      194, 707, 427, -1,
      427, 707, 708, -1,
      427, 708, 428, -1,
      428, 708, 709, -1,
      428, 709, 429, -1,
      709, 710, 429, -1,
      429, 710, 315, -1,
      315, 710, 711, -1,
      315, 711, 262, -1,
      262, 711, 712, -1,
      262, 712, 263, -1,
      263, 712, 713, -1,
      263, 713, 471, -1,
      471, 713, 714, -1,
      471, 714, 472, -1,
      472, 714, 715, -1,
      472, 715, 230, -1,
      230, 715, 716, -1,
      230, 716, 290, -1,
      290, 716, 50, -1,
      50, 716, 717, -1,
      50, 717, 49, -1,
      49, 717, 700, -1,
      702, 701, 717, -1,
      717, 701, 700, -1,
      702, 717, 703, -1,
      703, 717, 716, -1,
      704, 703, 709, -1,
      709, 703, 710, -1,
      708, 707, 706, -1,
      716, 715, 703, -1,
      703, 715, 714, -1,
      703, 714, 713, -1,
      713, 712, 703, -1,
      703, 712, 711, -1,
      703, 711, 710, -1,
      708, 706, 709, -1,
      709, 706, 705, -1,
      709, 705, 704, -1,
      47, 718, 48, -1,
      48, 718, 719, -1,
      48, 719, 56, -1,
      56, 719, 720, -1,
      56, 720, 469, -1,
      469, 720, 721, -1,
      469, 721, 722, -1,
      469, 722, 470, -1,
      470, 722, 723, -1,
      470, 723, 393, -1,
      393, 723, 724, -1,
      393, 724, 394, -1,
      394, 724, 725, -1,
      394, 725, 581, -1,
      581, 725, 726, -1,
      581, 726, 532, -1,
      532, 726, 727, -1,
      532, 727, 533, -1,
      727, 728, 533, -1,
      533, 728, 557, -1,
      557, 728, 729, -1,
      557, 729, 558, -1,
      558, 729, 730, -1,
      558, 730, 395, -1,
      395, 730, 731, -1,
      395, 731, 396, -1,
      396, 731, 732, -1,
      396, 732, 397, -1,
      397, 732, 733, -1,
      397, 733, 192, -1,
      192, 733, 734, -1,
      192, 734, 264, -1,
      264, 734, 46, -1,
      46, 734, 735, -1,
      46, 735, 47, -1,
      47, 735, 718, -1,
      720, 719, 735, -1,
      735, 719, 718, -1,
      720, 735, 721, -1,
      721, 735, 734, -1,
      722, 721, 727, -1,
      727, 721, 728, -1,
      734, 733, 721, -1,
      721, 733, 732, -1,
      721, 732, 731, -1,
      731, 730, 721, -1,
      721, 730, 729, -1,
      721, 729, 728, -1,
      726, 725, 724, -1,
      726, 724, 727, -1,
      727, 724, 723, -1,
      727, 723, 722, -1,
      54, 736, 36, -1,
      36, 736, 737, -1,
      36, 737, 37, -1,
      37, 737, 738, -1,
      37, 738, 504, -1,
      504, 738, 739, -1,
      504, 739, 740, -1,
      504, 740, 505, -1,
      505, 740, 741, -1,
      505, 741, 421, -1,
      421, 741, 742, -1,
      421, 742, 422, -1,
      422, 742, 743, -1,
      422, 743, 611, -1,
      611, 743, 744, -1,
      611, 744, 555, -1,
      555, 744, 745, -1,
      555, 745, 556, -1,
      745, 746, 556, -1,
      556, 746, 576, -1,
      576, 746, 747, -1,
      576, 747, 577, -1,
      577, 747, 748, -1,
      577, 748, 578, -1,
      578, 748, 749, -1,
      578, 749, 579, -1,
      579, 749, 750, -1,
      579, 750, 580, -1,
      580, 750, 751, -1,
      580, 751, 392, -1,
      392, 751, 752, -1,
      392, 752, 468, -1,
      468, 752, 55, -1,
      55, 752, 753, -1,
      55, 753, 54, -1,
      54, 753, 736, -1,
      738, 737, 753, -1,
      753, 737, 736, -1,
      738, 753, 739, -1,
      739, 753, 752, -1,
      752, 751, 739, -1,
      739, 751, 750, -1,
      739, 750, 749, -1,
      749, 748, 739, -1,
      739, 748, 747, -1,
      739, 747, 746, -1,
      741, 744, 742, -1,
      742, 744, 743, -1,
      746, 745, 739, -1,
      739, 745, 744, -1,
      739, 744, 740, -1,
      740, 744, 741, -1,
      52, 754, 53, -1,
      53, 754, 755, -1,
      53, 755, 57, -1,
      57, 755, 756, -1,
      57, 756, 560, -1,
      560, 756, 757, -1,
      560, 757, 758, -1,
      560, 758, 561, -1,
      561, 758, 759, -1,
      561, 759, 466, -1,
      466, 759, 760, -1,
      466, 760, 467, -1,
      467, 760, 761, -1,
      467, 761, 628, -1,
      628, 761, 762, -1,
      628, 762, 621, -1,
      621, 762, 763, -1,
      621, 763, 622, -1,
      763, 764, 622, -1,
      622, 764, 623, -1,
      623, 764, 765, -1,
      623, 765, 463, -1,
      463, 765, 766, -1,
      463, 766, 464, -1,
      464, 766, 767, -1,
      464, 767, 609, -1,
      609, 767, 768, -1,
      609, 768, 610, -1,
      610, 768, 769, -1,
      610, 769, 423, -1,
      423, 769, 770, -1,
      423, 770, 503, -1,
      503, 770, 38, -1,
      38, 770, 771, -1,
      38, 771, 52, -1,
      52, 771, 754, -1,
      756, 755, 771, -1,
      771, 755, 754, -1,
      764, 770, 769, -1,
      762, 757, 763, -1,
      763, 757, 756, -1,
      763, 756, 764, -1,
      764, 756, 771, -1,
      764, 771, 770, -1,
      766, 765, 767, -1,
      767, 765, 764, -1,
      767, 764, 768, -1,
      768, 764, 769, -1,
      762, 761, 757, -1,
      757, 761, 760, -1,
      757, 760, 758, -1,
      758, 760, 759, -1,
      59, 772, 60, -1,
      60, 772, 773, -1,
      60, 773, 61, -1,
      61, 773, 774, -1,
      61, 774, 425, -1,
      425, 774, 775, -1,
      425, 775, 776, -1,
      425, 776, 426, -1,
      426, 776, 777, -1,
      426, 777, 356, -1,
      356, 777, 778, -1,
      356, 778, 357, -1,
      357, 778, 779, -1,
      357, 779, 552, -1,
      552, 779, 780, -1,
      552, 780, 553, -1,
      553, 780, 781, -1,
      553, 781, 626, -1,
      781, 782, 626, -1,
      626, 782, 627, -1,
      627, 782, 783, -1,
      627, 783, 501, -1,
      501, 783, 784, -1,
      501, 784, 502, -1,
      502, 784, 785, -1,
      502, 785, 630, -1,
      630, 785, 786, -1,
      630, 786, 629, -1,
      629, 786, 787, -1,
      629, 787, 465, -1,
      465, 787, 788, -1,
      465, 788, 559, -1,
      559, 788, 58, -1,
      58, 788, 789, -1,
      58, 789, 59, -1,
      59, 789, 772, -1,
      774, 773, 789, -1,
      789, 773, 772, -1,
      782, 788, 787, -1,
      776, 775, 781, -1,
      781, 775, 774, -1,
      781, 774, 782, -1,
      782, 774, 789, -1,
      782, 789, 788, -1,
      787, 786, 782, -1,
      782, 786, 785, -1,
      782, 785, 783, -1,
      783, 785, 784, -1,
      780, 779, 778, -1,
      780, 778, 781, -1,
      781, 778, 777, -1,
      781, 777, 776, -1,
      63, 790, 64, -1,
      64, 790, 791, -1,
      64, 791, 65, -1,
      65, 791, 792, -1,
      65, 792, 234, -1,
      234, 792, 793, -1,
      234, 793, 794, -1,
      234, 794, 235, -1,
      235, 794, 795, -1,
      235, 795, 179, -1,
      179, 795, 796, -1,
      179, 796, 180, -1,
      180, 796, 797, -1,
      180, 797, 182, -1,
      182, 797, 798, -1,
      182, 798, 183, -1,
      183, 798, 799, -1,
      183, 799, 607, -1,
      799, 800, 607, -1,
      607, 800, 572, -1,
      572, 800, 801, -1,
      572, 801, 573, -1,
      573, 801, 802, -1,
      573, 802, 574, -1,
      574, 802, 803, -1,
      574, 803, 575, -1,
      575, 803, 804, -1,
      575, 804, 554, -1,
      554, 804, 805, -1,
      554, 805, 355, -1,
      355, 805, 806, -1,
      355, 806, 424, -1,
      424, 806, 62, -1,
      62, 806, 807, -1,
      62, 807, 63, -1,
      63, 807, 790, -1,
      792, 791, 807, -1,
      807, 791, 790, -1,
      792, 807, 793, -1,
      793, 807, 806, -1,
      794, 793, 799, -1,
      799, 793, 800, -1,
      798, 797, 796, -1,
      806, 805, 793, -1,
      793, 805, 804, -1,
      793, 804, 803, -1,
      803, 802, 793, -1,
      793, 802, 801, -1,
      793, 801, 800, -1,
      798, 796, 799, -1,
      799, 796, 795, -1,
      799, 795, 794, -1,
      808, 809, 103, -1,
      103, 809, 104, -1,
      104, 809, 105, -1,
      105, 809, 810, -1,
      105, 810, 590, -1,
      590, 810, 811, -1,
      590, 811, 812, -1,
      590, 812, 591, -1,
      591, 812, 813, -1,
      591, 813, 593, -1,
      593, 813, 814, -1,
      593, 814, 594, -1,
      594, 814, 815, -1,
      594, 815, 568, -1,
      568, 815, 816, -1,
      568, 816, 566, -1,
      566, 816, 817, -1,
      566, 817, 565, -1,
      817, 818, 565, -1,
      565, 818, 564, -1,
      564, 818, 819, -1,
      564, 819, 595, -1,
      595, 819, 820, -1,
      595, 820, 596, -1,
      596, 820, 821, -1,
      596, 821, 597, -1,
      597, 821, 822, -1,
      597, 822, 645, -1,
      645, 822, 823, -1,
      645, 823, 384, -1,
      384, 823, 824, -1,
      384, 824, 460, -1,
      460, 824, 102, -1,
      102, 824, 825, -1,
      102, 825, 103, -1,
      103, 825, 808, -1,
      810, 809, 825, -1,
      825, 809, 808, -1,
      820, 819, 811, -1,
      811, 819, 818, -1,
      811, 818, 817, -1,
      810, 825, 811, -1,
      811, 825, 824, -1,
      811, 824, 823, -1,
      823, 822, 811, -1,
      811, 822, 821, -1,
      811, 821, 820, -1,
      817, 816, 811, -1,
      811, 816, 815, -1,
      811, 815, 812, -1,
      812, 815, 814, -1,
      812, 814, 813, -1,
      826, 827, 99, -1,
      99, 827, 100, -1,
      100, 827, 101, -1,
      101, 827, 828, -1,
      101, 828, 461, -1,
      461, 828, 829, -1,
      461, 829, 830, -1,
      461, 830, 462, -1,
      462, 830, 831, -1,
      462, 831, 382, -1,
      382, 831, 832, -1,
      382, 832, 383, -1,
      383, 832, 833, -1,
      383, 833, 385, -1,
      385, 833, 834, -1,
      385, 834, 386, -1,
      386, 834, 835, -1,
      386, 835, 644, -1,
      835, 836, 644, -1,
      644, 836, 634, -1,
      634, 836, 837, -1,
      634, 837, 635, -1,
      635, 837, 838, -1,
      635, 838, 636, -1,
      636, 838, 839, -1,
      636, 839, 637, -1,
      637, 839, 840, -1,
      637, 840, 500, -1,
      500, 840, 841, -1,
      500, 841, 381, -1,
      381, 841, 842, -1,
      381, 842, 457, -1,
      457, 842, 98, -1,
      98, 842, 843, -1,
      98, 843, 99, -1,
      99, 843, 826, -1,
      828, 827, 843, -1,
      843, 827, 826, -1,
      828, 843, 829, -1,
      829, 843, 842, -1,
      829, 836, 835, -1,
      842, 841, 829, -1,
      829, 841, 840, -1,
      829, 840, 839, -1,
      839, 838, 829, -1,
      829, 838, 837, -1,
      829, 837, 836, -1,
      835, 834, 829, -1,
      829, 834, 833, -1,
      829, 833, 830, -1,
      830, 833, 832, -1,
      830, 832, 831, -1,
      844, 845, 95, -1,
      95, 845, 96, -1,
      96, 845, 97, -1,
      97, 845, 846, -1,
      97, 846, 458, -1,
      458, 846, 847, -1,
      458, 847, 848, -1,
      458, 848, 459, -1,
      459, 848, 849, -1,
      459, 849, 379, -1,
      379, 849, 850, -1,
      379, 850, 380, -1,
      380, 850, 851, -1,
      380, 851, 498, -1,
      498, 851, 852, -1,
      498, 852, 499, -1,
      499, 852, 853, -1,
      499, 853, 649, -1,
      853, 854, 649, -1,
      649, 854, 650, -1,
      650, 854, 855, -1,
      650, 855, 598, -1,
      598, 855, 856, -1,
      598, 856, 599, -1,
      599, 856, 857, -1,
      599, 857, 648, -1,
      648, 857, 858, -1,
      648, 858, 647, -1,
      647, 858, 859, -1,
      647, 859, 521, -1,
      521, 859, 860, -1,
      521, 860, 604, -1,
      604, 860, 94, -1,
      94, 860, 861, -1,
      94, 861, 95, -1,
      95, 861, 844, -1,
      846, 845, 861, -1,
      861, 845, 844, -1,
      855, 854, 859, -1,
      859, 854, 860, -1,
      848, 847, 853, -1,
      853, 847, 846, -1,
      853, 846, 854, -1,
      854, 846, 861, -1,
      854, 861, 860, -1,
      851, 850, 849, -1,
      855, 859, 856, -1,
      856, 859, 858, -1,
      856, 858, 857, -1,
      848, 853, 849, -1,
      849, 853, 852, -1,
      849, 852, 851, -1,
      862, 863, 91, -1,
      91, 863, 92, -1,
      92, 863, 93, -1,
      93, 863, 864, -1,
      93, 864, 605, -1,
      605, 864, 865, -1,
      605, 865, 866, -1,
      605, 866, 606, -1,
      606, 866, 867, -1,
      606, 867, 522, -1,
      522, 867, 868, -1,
      522, 868, 523, -1,
      523, 868, 869, -1,
      523, 869, 646, -1,
      646, 869, 870, -1,
      646, 870, 638, -1,
      638, 870, 871, -1,
      638, 871, 639, -1,
      871, 872, 639, -1,
      639, 872, 640, -1,
      640, 872, 873, -1,
      640, 873, 519, -1,
      519, 873, 874, -1,
      519, 874, 520, -1,
      520, 874, 875, -1,
      520, 875, 641, -1,
      641, 875, 876, -1,
      641, 876, 642, -1,
      642, 876, 877, -1,
      642, 877, 258, -1,
      258, 877, 878, -1,
      258, 878, 343, -1,
      343, 878, 90, -1,
      90, 878, 879, -1,
      90, 879, 91, -1,
      91, 879, 862, -1,
      864, 863, 879, -1,
      879, 863, 862, -1,
      872, 878, 873, -1,
      873, 878, 877, -1,
      870, 865, 871, -1,
      871, 865, 864, -1,
      871, 864, 872, -1,
      872, 864, 879, -1,
      872, 879, 878, -1,
      877, 876, 873, -1,
      873, 876, 875, -1,
      873, 875, 874, -1,
      870, 869, 865, -1,
      865, 869, 868, -1,
      865, 868, 866, -1,
      866, 868, 867, -1,
      111, 880, 110, -1,
      110, 880, 881, -1,
      209, 882, 112, -1,
      112, 882, 883, -1,
      112, 883, 111, -1,
      111, 883, 880, -1,
      110, 881, 120, -1,
      120, 881, 884, -1,
      120, 884, 483, -1,
      483, 884, 885, -1,
      483, 885, 886, -1,
      483, 886, 484, -1,
      484, 886, 887, -1,
      484, 887, 408, -1,
      408, 887, 888, -1,
      408, 888, 406, -1,
      406, 888, 889, -1,
      406, 889, 540, -1,
      540, 889, 890, -1,
      540, 890, 444, -1,
      444, 890, 891, -1,
      444, 891, 445, -1,
      891, 892, 445, -1,
      445, 892, 485, -1,
      485, 892, 893, -1,
      485, 893, 486, -1,
      486, 893, 894, -1,
      486, 894, 207, -1,
      207, 894, 895, -1,
      207, 895, 205, -1,
      205, 895, 896, -1,
      205, 896, 204, -1,
      204, 896, 897, -1,
      204, 897, 208, -1,
      208, 897, 882, -1,
      208, 882, 209, -1,
      884, 881, 883, -1,
      883, 881, 880, -1,
      884, 883, 885, -1,
      885, 883, 882, -1,
      882, 897, 885, -1,
      885, 897, 896, -1,
      885, 896, 895, -1,
      895, 894, 885, -1,
      885, 894, 893, -1,
      885, 893, 892, -1,
      888, 887, 889, -1,
      889, 887, 890, -1,
      892, 891, 885, -1,
      885, 891, 890, -1,
      885, 890, 886, -1,
      886, 890, 887, -1,
      898, 899, 118, -1,
      118, 899, 113, -1,
      113, 899, 114, -1,
      114, 899, 900, -1,
      114, 900, 510, -1,
      510, 900, 901, -1,
      510, 901, 902, -1,
      510, 902, 511, -1,
      511, 902, 903, -1,
      511, 903, 324, -1,
      324, 903, 904, -1,
      324, 904, 325, -1,
      325, 904, 905, -1,
      325, 905, 479, -1,
      479, 905, 906, -1,
      479, 906, 480, -1,
      480, 906, 907, -1,
      480, 907, 481, -1,
      907, 908, 481, -1,
      481, 908, 512, -1,
      512, 908, 909, -1,
      512, 909, 513, -1,
      513, 909, 910, -1,
      513, 910, 514, -1,
      514, 910, 911, -1,
      514, 911, 404, -1,
      404, 911, 912, -1,
      404, 912, 405, -1,
      405, 912, 913, -1,
      405, 913, 407, -1,
      407, 913, 914, -1,
      407, 914, 482, -1,
      482, 914, 119, -1,
      119, 914, 915, -1,
      119, 915, 118, -1,
      118, 915, 898, -1,
      900, 899, 915, -1,
      915, 899, 898, -1,
      909, 908, 901, -1,
      909, 901, 910, -1,
      900, 915, 901, -1,
      901, 915, 914, -1,
      901, 914, 913, -1,
      913, 912, 901, -1,
      901, 912, 911, -1,
      901, 911, 910, -1,
      904, 903, 905, -1,
      905, 903, 906, -1,
      908, 907, 901, -1,
      901, 907, 906, -1,
      901, 906, 902, -1,
      902, 906, 903, -1,
      916, 917, 139, -1,
      139, 917, 140, -1,
      361, 918, 919, -1,
      361, 919, 362, -1,
      362, 919, 920, -1,
      362, 920, 201, -1,
      201, 920, 921, -1,
      201, 921, 202, -1,
      202, 921, 922, -1,
      202, 922, 433, -1,
      433, 922, 923, -1,
      433, 923, 434, -1,
      434, 923, 924, -1,
      434, 924, 435, -1,
      924, 925, 435, -1,
      435, 925, 473, -1,
      473, 925, 926, -1,
      473, 926, 474, -1,
      474, 926, 927, -1,
      474, 927, 475, -1,
      475, 927, 928, -1,
      475, 928, 319, -1,
      319, 928, 929, -1,
      319, 929, 320, -1,
      320, 929, 930, -1,
      320, 930, 322, -1,
      322, 930, 931, -1,
      322, 931, 401, -1,
      401, 931, 138, -1,
      138, 931, 932, -1,
      138, 932, 139, -1,
      139, 932, 916, -1,
      140, 917, 143, -1,
      143, 917, 933, -1,
      143, 933, 361, -1,
      361, 933, 918, -1,
      933, 917, 932, -1,
      932, 917, 916, -1,
      918, 933, 925, -1,
      933, 932, 925, -1,
      925, 932, 931, -1,
      925, 931, 926, -1,
      930, 929, 928, -1,
      930, 928, 931, -1,
      931, 928, 927, -1,
      931, 927, 926, -1,
      921, 920, 922, -1,
      922, 920, 923, -1,
      925, 924, 918, -1,
      918, 924, 923, -1,
      918, 923, 919, -1,
      919, 923, 920, -1,
      934, 935, 132, -1,
      132, 935, 133, -1,
      402, 936, 937, -1,
      402, 937, 403, -1,
      403, 937, 938, -1,
      403, 938, 323, -1,
      323, 938, 939, -1,
      323, 939, 321, -1,
      321, 939, 940, -1,
      321, 940, 651, -1,
      651, 940, 941, -1,
      651, 941, 652, -1,
      652, 941, 942, -1,
      652, 942, 653, -1,
      942, 943, 653, -1,
      653, 943, 656, -1,
      656, 943, 944, -1,
      656, 944, 657, -1,
      657, 944, 945, -1,
      657, 945, 658, -1,
      658, 945, 946, -1,
      658, 946, 589, -1,
      589, 946, 947, -1,
      589, 947, 618, -1,
      618, 947, 948, -1,
      618, 948, 156, -1,
      156, 948, 949, -1,
      156, 949, 189, -1,
      189, 949, 131, -1,
      131, 949, 950, -1,
      131, 950, 132, -1,
      132, 950, 934, -1,
      133, 935, 137, -1,
      137, 935, 951, -1,
      137, 951, 402, -1,
      402, 951, 936, -1,
      951, 935, 950, -1,
      950, 935, 934, -1,
      936, 951, 943, -1,
      943, 951, 950, -1,
      943, 950, 949, -1,
      949, 948, 943, -1,
      943, 948, 947, -1,
      943, 947, 944, -1,
      944, 947, 946, -1,
      944, 946, 945, -1,
      939, 938, 940, -1,
      940, 938, 941, -1,
      943, 942, 936, -1,
      936, 942, 941, -1,
      936, 941, 937, -1,
      937, 941, 938, -1,
      952, 953, 134, -1,
      134, 953, 129, -1,
      190, 954, 955, -1,
      190, 955, 191, -1,
      191, 955, 956, -1,
      191, 956, 154, -1,
      154, 956, 957, -1,
      154, 957, 155, -1,
      155, 957, 958, -1,
      155, 958, 617, -1,
      617, 958, 959, -1,
      617, 959, 587, -1,
      587, 959, 960, -1,
      587, 960, 588, -1,
      960, 961, 588, -1,
      588, 961, 659, -1,
      659, 961, 962, -1,
      659, 962, 660, -1,
      660, 962, 963, -1,
      660, 963, 661, -1,
      661, 963, 964, -1,
      661, 964, 536, -1,
      536, 964, 965, -1,
      536, 965, 563, -1,
      563, 965, 966, -1,
      563, 966, 441, -1,
      441, 966, 967, -1,
      441, 967, 476, -1,
      476, 967, 135, -1,
      135, 967, 968, -1,
      135, 968, 134, -1,
      134, 968, 952, -1,
      129, 953, 130, -1,
      130, 953, 969, -1,
      130, 969, 190, -1,
      190, 969, 954, -1,
      969, 953, 968, -1,
      968, 953, 952, -1,
      954, 969, 961, -1,
      969, 968, 961, -1,
      961, 968, 967, -1,
      961, 967, 962, -1,
      962, 967, 966, -1,
      966, 965, 962, -1,
      962, 965, 964, -1,
      962, 964, 963, -1,
      957, 956, 958, -1,
      958, 956, 959, -1,
      961, 960, 954, -1,
      954, 960, 959, -1,
      954, 959, 955, -1,
      955, 959, 956, -1,
      970, 971, 124, -1,
      124, 971, 125, -1,
      477, 972, 973, -1,
      477, 973, 478, -1,
      478, 973, 974, -1,
      478, 974, 442, -1,
      442, 974, 975, -1,
      442, 975, 443, -1,
      443, 975, 976, -1,
      443, 976, 562, -1,
      562, 976, 977, -1,
      562, 977, 534, -1,
      534, 977, 978, -1,
      534, 978, 535, -1,
      978, 979, 535, -1,
      535, 979, 655, -1,
      655, 979, 980, -1,
      655, 980, 582, -1,
      582, 980, 981, -1,
      582, 981, 583, -1,
      583, 981, 982, -1,
      583, 982, 585, -1,
      585, 982, 983, -1,
      585, 983, 586, -1,
      586, 983, 984, -1,
      586, 984, 438, -1,
      438, 984, 985, -1,
      438, 985, 537, -1,
      537, 985, 123, -1,
      123, 985, 986, -1,
      123, 986, 124, -1,
      124, 986, 970, -1,
      125, 971, 136, -1,
      136, 971, 987, -1,
      136, 987, 477, -1,
      477, 987, 972, -1,
      987, 971, 986, -1,
      986, 971, 970, -1,
      972, 987, 979, -1,
      987, 986, 979, -1,
      979, 986, 985, -1,
      979, 985, 984, -1,
      984, 983, 979, -1,
      979, 983, 982, -1,
      979, 982, 980, -1,
      980, 982, 981, -1,
      979, 978, 972, -1,
      972, 978, 977, -1,
      972, 977, 976, -1,
      976, 975, 972, -1,
      972, 975, 974, -1,
      972, 974, 973, -1,
      988, 989, 126, -1,
      126, 989, 121, -1,
      538, 990, 991, -1,
      538, 991, 539, -1,
      539, 991, 992, -1,
      539, 992, 436, -1,
      436, 992, 993, -1,
      436, 993, 437, -1,
      437, 993, 994, -1,
      437, 994, 439, -1,
      439, 994, 995, -1,
      439, 995, 440, -1,
      440, 995, 996, -1,
      440, 996, 584, -1,
      996, 997, 584, -1,
      584, 997, 662, -1,
      662, 997, 998, -1,
      662, 998, 612, -1,
      612, 998, 999, -1,
      612, 999, 613, -1,
      613, 999, 1000, -1,
      613, 1000, 615, -1,
      615, 1000, 1001, -1,
      615, 1001, 616, -1,
      616, 1001, 1002, -1,
      616, 1002, 186, -1,
      186, 1002, 1003, -1,
      186, 1003, 210, -1,
      210, 1003, 127, -1,
      127, 1003, 1004, -1,
      127, 1004, 126, -1,
      126, 1004, 988, -1,
      121, 989, 122, -1,
      122, 989, 1005, -1,
      122, 1005, 538, -1,
      538, 1005, 990, -1,
      1005, 989, 1004, -1,
      1004, 989, 988, -1,
      990, 1005, 997, -1,
      997, 1005, 1004, -1,
      997, 1004, 1003, -1,
      1003, 1002, 997, -1,
      997, 1002, 1001, -1,
      997, 1001, 998, -1,
      998, 1001, 1000, -1,
      998, 1000, 999, -1,
      997, 996, 990, -1,
      990, 996, 995, -1,
      990, 995, 994, -1,
      994, 993, 990, -1,
      990, 993, 992, -1,
      990, 992, 991, -1,
      1006, 1007, 116, -1,
      116, 1007, 117, -1,
      211, 1008, 1009, -1,
      211, 1009, 212, -1,
      212, 1009, 1010, -1,
      212, 1010, 184, -1,
      184, 1010, 1011, -1,
      184, 1011, 185, -1,
      185, 1011, 1012, -1,
      185, 1012, 187, -1,
      187, 1012, 1013, -1,
      187, 1013, 188, -1,
      188, 1013, 1014, -1,
      188, 1014, 614, -1,
      1014, 1015, 614, -1,
      614, 1015, 654, -1,
      654, 1015, 1016, -1,
      654, 1016, 631, -1,
      631, 1016, 1017, -1,
      631, 1017, 632, -1,
      632, 1017, 1018, -1,
      632, 1018, 633, -1,
      633, 1018, 1019, -1,
      633, 1019, 363, -1,
      363, 1019, 1020, -1,
      363, 1020, 326, -1,
      326, 1020, 1021, -1,
      326, 1021, 509, -1,
      509, 1021, 115, -1,
      115, 1021, 1022, -1,
      115, 1022, 116, -1,
      116, 1022, 1006, -1,
      117, 1007, 128, -1,
      128, 1007, 1023, -1,
      128, 1023, 211, -1,
      211, 1023, 1008, -1,
      1023, 1007, 1022, -1,
      1022, 1007, 1006, -1,
      1016, 1015, 1008, -1,
      1016, 1008, 1017, -1,
      1023, 1022, 1008, -1,
      1008, 1022, 1021, -1,
      1008, 1021, 1020, -1,
      1020, 1019, 1008, -1,
      1008, 1019, 1018, -1,
      1008, 1018, 1017, -1,
      1011, 1010, 1012, -1,
      1012, 1010, 1013, -1,
      1015, 1014, 1008, -1,
      1008, 1014, 1013, -1,
      1008, 1013, 1009, -1,
      1009, 1013, 1010, -1,
      1024, 1025, 3, -1,
      3, 1025, 4, -1,
      4, 1025, 6, -1,
      6, 1025, 1026, -1,
      6, 1026, 296, -1,
      296, 1026, 1027, -1,
      296, 1027, 1028, -1,
      296, 1028, 328, -1,
      328, 1028, 1029, -1,
      328, 1029, 329, -1,
      329, 1029, 1030, -1,
      329, 1030, 330, -1,
      330, 1030, 1031, -1,
      330, 1031, 297, -1,
      297, 1031, 1032, -1,
      297, 1032, 298, -1,
      298, 1032, 1033, -1,
      298, 1033, 487, -1,
      1033, 1034, 487, -1,
      487, 1034, 488, -1,
      488, 1034, 1035, -1,
      488, 1035, 489, -1,
      489, 1035, 1036, -1,
      489, 1036, 516, -1,
      516, 1036, 1037, -1,
      516, 1037, 236, -1,
      236, 1037, 1038, -1,
      236, 1038, 237, -1,
      237, 1038, 1039, -1,
      237, 1039, 364, -1,
      364, 1039, 1040, -1,
      364, 1040, 327, -1,
      327, 1040, 1, -1,
      1, 1040, 1041, -1,
      1, 1041, 3, -1,
      3, 1041, 1024, -1,
      1026, 1025, 1041, -1,
      1041, 1025, 1024, -1,
      1028, 1027, 1033, -1,
      1032, 1031, 1030, -1,
      1035, 1034, 1040, -1,
      1040, 1034, 1033, -1,
      1040, 1033, 1041, -1,
      1041, 1033, 1027, -1,
      1041, 1027, 1026, -1,
      1039, 1038, 1037, -1,
      1032, 1030, 1033, -1,
      1033, 1030, 1029, -1,
      1033, 1029, 1028, -1,
      1039, 1037, 1040, -1,
      1040, 1037, 1036, -1,
      1040, 1036, 1035, -1,
      1042, 1043, 5, -1,
      5, 1043, 2, -1,
      2, 1043, 0, -1,
      0, 1043, 1044, -1,
      0, 1044, 365, -1,
      365, 1044, 1045, -1,
      365, 1045, 1046, -1,
      365, 1046, 238, -1,
      238, 1046, 1047, -1,
      238, 1047, 515, -1,
      515, 1047, 1048, -1,
      515, 1048, 331, -1,
      331, 1048, 1049, -1,
      331, 1049, 332, -1,
      332, 1049, 1050, -1,
      332, 1050, 333, -1,
      333, 1050, 1051, -1,
      333, 1051, 334, -1,
      1051, 1052, 334, -1,
      334, 1052, 409, -1,
      409, 1052, 1053, -1,
      409, 1053, 410, -1,
      410, 1053, 1054, -1,
      410, 1054, 411, -1,
      411, 1054, 1055, -1,
      411, 1055, 412, -1,
      412, 1055, 1056, -1,
      412, 1056, 173, -1,
      173, 1056, 1057, -1,
      173, 1057, 174, -1,
      174, 1057, 1058, -1,
      174, 1058, 271, -1,
      271, 1058, 9, -1,
      9, 1058, 1059, -1,
      9, 1059, 5, -1,
      5, 1059, 1042, -1,
      1044, 1043, 1059, -1,
      1059, 1043, 1042, -1,
      1045, 1044, 1059, -1,
      1059, 1058, 1045, -1,
      1045, 1058, 1057, -1,
      1045, 1057, 1056, -1,
      1056, 1055, 1045, -1,
      1045, 1055, 1054, -1,
      1045, 1054, 1053, -1,
      1053, 1052, 1045, -1,
      1045, 1052, 1051, -1,
      1045, 1051, 1046, -1,
      1046, 1051, 1047, -1,
      1047, 1051, 1048, -1,
      1048, 1051, 1050, -1,
      1048, 1050, 1049, -1,
      1060, 1061, 15, -1,
      15, 1061, 16, -1,
      376, 1062, 1063, -1,
      376, 1063, 341, -1,
      341, 1063, 1064, -1,
      341, 1064, 342, -1,
      342, 1064, 1065, -1,
      342, 1065, 543, -1,
      543, 1065, 1066, -1,
      543, 1066, 542, -1,
      542, 1066, 1067, -1,
      542, 1067, 279, -1,
      279, 1067, 1068, -1,
      279, 1068, 306, -1,
      306, 1068, 14, -1,
      14, 1068, 1069, -1,
      14, 1069, 15, -1,
      15, 1069, 1060, -1,
      16, 1061, 17, -1,
      17, 1061, 1070, -1,
      17, 1070, 281, -1,
      281, 1070, 1071, -1,
      281, 1071, 1072, -1,
      281, 1072, 282, -1,
      282, 1072, 1073, -1,
      282, 1073, 249, -1,
      249, 1073, 1074, -1,
      249, 1074, 250, -1,
      250, 1074, 1075, -1,
      250, 1075, 490, -1,
      490, 1075, 1076, -1,
      490, 1076, 491, -1,
      491, 1076, 1077, -1,
      491, 1077, 492, -1,
      1077, 1062, 492, -1,
      492, 1062, 376, -1,
      1070, 1061, 1069, -1,
      1069, 1061, 1060, -1,
      1062, 1077, 1068, -1,
      1068, 1077, 1069, -1,
      1070, 1069, 1071, -1,
      1071, 1069, 1077, -1,
      1071, 1077, 1072, -1,
      1072, 1077, 1073, -1,
      1073, 1077, 1074, -1,
      1074, 1077, 1076, -1,
      1074, 1076, 1075, -1,
      1065, 1068, 1066, -1,
      1066, 1068, 1067, -1,
      1065, 1064, 1068, -1,
      1068, 1064, 1063, -1,
      1068, 1063, 1062, -1,
      1078, 1079, 19, -1,
      19, 1079, 20, -1,
      373, 1080, 1081, -1,
      373, 1081, 374, -1,
      374, 1081, 1082, -1,
      374, 1082, 375, -1,
      375, 1082, 1083, -1,
      375, 1083, 451, -1,
      451, 1083, 1084, -1,
      451, 1084, 452, -1,
      452, 1084, 1085, -1,
      452, 1085, 251, -1,
      251, 1085, 1086, -1,
      251, 1086, 280, -1,
      280, 1086, 18, -1,
      18, 1086, 1087, -1,
      18, 1087, 19, -1,
      19, 1087, 1078, -1,
      20, 1079, 21, -1,
      21, 1079, 1088, -1,
      21, 1088, 253, -1,
      253, 1088, 1089, -1,
      253, 1089, 1090, -1,
      253, 1090, 254, -1,
      254, 1090, 1091, -1,
      254, 1091, 213, -1,
      213, 1091, 1092, -1,
      213, 1092, 214, -1,
      214, 1092, 1093, -1,
      214, 1093, 417, -1,
      417, 1093, 1094, -1,
      417, 1094, 339, -1,
      339, 1094, 1095, -1,
      339, 1095, 340, -1,
      1095, 1080, 340, -1,
      340, 1080, 373, -1,
      1088, 1079, 1087, -1,
      1087, 1079, 1078, -1,
      1080, 1095, 1086, -1,
      1086, 1095, 1087, -1,
      1087, 1095, 1089, -1,
      1087, 1089, 1088, -1,
      1093, 1092, 1094, -1,
      1094, 1092, 1091, -1,
      1094, 1091, 1095, -1,
      1095, 1091, 1090, -1,
      1095, 1090, 1089, -1,
      1083, 1086, 1084, -1,
      1084, 1086, 1085, -1,
      1083, 1082, 1086, -1,
      1086, 1082, 1081, -1,
      1086, 1081, 1080, -1,
      1096, 1097, 23, -1,
      23, 1097, 24, -1,
      336, 1098, 1099, -1,
      336, 1099, 337, -1,
      337, 1099, 1100, -1,
      337, 1100, 338, -1,
      338, 1100, 1101, -1,
      338, 1101, 415, -1,
      415, 1101, 1102, -1,
      415, 1102, 416, -1,
      416, 1102, 1103, -1,
      416, 1103, 215, -1,
      215, 1103, 1104, -1,
      215, 1104, 252, -1,
      252, 1104, 22, -1,
      22, 1104, 1105, -1,
      22, 1105, 23, -1,
      23, 1105, 1096, -1,
      24, 1097, 25, -1,
      25, 1097, 1106, -1,
      25, 1106, 217, -1,
      217, 1106, 1107, -1,
      217, 1107, 1108, -1,
      217, 1108, 218, -1,
      218, 1108, 1109, -1,
      218, 1109, 176, -1,
      176, 1109, 1110, -1,
      176, 1110, 177, -1,
      177, 1110, 1111, -1,
      177, 1111, 372, -1,
      372, 1111, 1112, -1,
      372, 1112, 301, -1,
      301, 1112, 1113, -1,
      301, 1113, 302, -1,
      1113, 1098, 302, -1,
      302, 1098, 336, -1,
      1106, 1097, 1105, -1,
      1105, 1097, 1096, -1,
      1107, 1106, 1105, -1,
      1098, 1113, 1104, -1,
      1109, 1112, 1110, -1,
      1110, 1112, 1111, -1,
      1109, 1108, 1112, -1,
      1112, 1108, 1107, -1,
      1112, 1107, 1113, -1,
      1113, 1107, 1105, -1,
      1113, 1105, 1104, -1,
      1101, 1104, 1102, -1,
      1102, 1104, 1103, -1,
      1101, 1100, 1104, -1,
      1104, 1100, 1099, -1,
      1104, 1099, 1098, -1,
      1114, 1115, 27, -1,
      27, 1115, 28, -1,
      413, 1116, 1117, -1,
      413, 1117, 414, -1,
      414, 1117, 1118, -1,
      414, 1118, 369, -1,
      369, 1118, 1119, -1,
      369, 1119, 370, -1,
      370, 1119, 1120, -1,
      370, 1120, 371, -1,
      371, 1120, 1121, -1,
      371, 1121, 178, -1,
      178, 1121, 1122, -1,
      178, 1122, 216, -1,
      216, 1122, 26, -1,
      26, 1122, 1123, -1,
      26, 1123, 27, -1,
      27, 1123, 1114, -1,
      28, 1115, 29, -1,
      29, 1115, 1124, -1,
      29, 1124, 220, -1,
      220, 1124, 1125, -1,
      220, 1125, 1126, -1,
      220, 1126, 221, -1,
      221, 1126, 1127, -1,
      221, 1127, 163, -1,
      163, 1127, 1128, -1,
      163, 1128, 164, -1,
      164, 1128, 1129, -1,
      164, 1129, 450, -1,
      450, 1129, 1130, -1,
      450, 1130, 367, -1,
      367, 1130, 1131, -1,
      367, 1131, 368, -1,
      1131, 1116, 368, -1,
      368, 1116, 413, -1,
      1124, 1115, 1123, -1,
      1123, 1115, 1114, -1,
      1131, 1123, 1122, -1,
      1130, 1129, 1128, -1,
      1124, 1123, 1125, -1,
      1125, 1123, 1131, -1,
      1125, 1131, 1126, -1,
      1130, 1128, 1131, -1,
      1131, 1128, 1127, -1,
      1131, 1127, 1126, -1,
      1121, 1117, 1122, -1,
      1122, 1117, 1116, -1,
      1122, 1116, 1131, -1,
      1121, 1120, 1117, -1,
      1117, 1120, 1119, -1,
      1117, 1119, 1118, -1,
      1132, 1133, 31, -1,
      31, 1133, 32, -1,
      335, 1134, 1135, -1,
      335, 1135, 242, -1,
      242, 1135, 1136, -1,
      242, 1136, 243, -1,
      243, 1136, 1137, -1,
      243, 1137, 448, -1,
      448, 1137, 1138, -1,
      448, 1138, 449, -1,
      449, 1138, 1139, -1,
      449, 1139, 162, -1,
      162, 1139, 1140, -1,
      162, 1140, 219, -1,
      219, 1140, 30, -1,
      30, 1140, 1141, -1,
      30, 1141, 31, -1,
      31, 1141, 1132, -1,
      32, 1133, 33, -1,
      33, 1133, 1142, -1,
      33, 1142, 275, -1,
      275, 1142, 1143, -1,
      275, 1143, 1144, -1,
      275, 1144, 276, -1,
      276, 1144, 1145, -1,
      276, 1145, 244, -1,
      244, 1145, 1146, -1,
      244, 1146, 245, -1,
      245, 1146, 1147, -1,
      245, 1147, 299, -1,
      299, 1147, 1148, -1,
      299, 1148, 300, -1,
      300, 1148, 1149, -1,
      300, 1149, 366, -1,
      1149, 1134, 366, -1,
      366, 1134, 335, -1,
      1142, 1133, 1141, -1,
      1141, 1133, 1132, -1,
      1140, 1149, 1141, -1,
      1141, 1149, 1143, -1,
      1141, 1143, 1142, -1,
      1147, 1146, 1148, -1,
      1148, 1146, 1145, -1,
      1148, 1145, 1149, -1,
      1149, 1145, 1144, -1,
      1149, 1144, 1143, -1,
      1139, 1135, 1140, -1,
      1140, 1135, 1134, -1,
      1140, 1134, 1149, -1,
      1139, 1138, 1135, -1,
      1135, 1138, 1137, -1,
      1135, 1137, 1136, -1,
      67, 1150, 68, -1,
      68, 1150, 1151, -1,
      68, 1151, 69, -1,
      69, 1151, 1152, -1,
      69, 1152, 196, -1,
      196, 1152, 1153, -1,
      196, 1153, 1154, -1,
      196, 1154, 197, -1,
      197, 1154, 1155, -1,
      197, 1155, 171, -1,
      171, 1155, 1156, -1,
      171, 1156, 172, -1,
      172, 1156, 1157, -1,
      172, 1157, 349, -1,
      349, 1157, 1158, -1,
      349, 1158, 350, -1,
      350, 1158, 1159, -1,
      350, 1159, 353, -1,
      1159, 1160, 353, -1,
      353, 1160, 354, -1,
      354, 1160, 1161, -1,
      354, 1161, 529, -1,
      529, 1161, 1162, -1,
      529, 1162, 530, -1,
      530, 1162, 1163, -1,
      530, 1163, 531, -1,
      531, 1163, 1164, -1,
      531, 1164, 608, -1,
      608, 1164, 1165, -1,
      608, 1165, 181, -1,
      181, 1165, 1166, -1,
      181, 1166, 233, -1,
      233, 1166, 66, -1,
      66, 1166, 1167, -1,
      66, 1167, 67, -1,
      67, 1167, 1150, -1,
      1152, 1151, 1167, -1,
      1167, 1151, 1150, -1,
      1152, 1167, 1153, -1,
      1153, 1167, 1166, -1,
      1154, 1153, 1159, -1,
      1159, 1153, 1160, -1,
      1158, 1157, 1156, -1,
      1166, 1165, 1153, -1,
      1153, 1165, 1164, -1,
      1153, 1164, 1163, -1,
      1163, 1162, 1153, -1,
      1153, 1162, 1161, -1,
      1153, 1161, 1160, -1,
      1158, 1156, 1159, -1,
      1159, 1156, 1155, -1,
      1159, 1155, 1154, -1,
      1168, 1169, 87, -1,
      87, 1169, 88, -1,
      88, 1169, 89, -1,
      89, 1169, 1170, -1,
      89, 1170, 344, -1,
      344, 1170, 1171, -1,
      344, 1171, 1172, -1,
      344, 1172, 345, -1,
      345, 1172, 1173, -1,
      345, 1173, 259, -1,
      259, 1173, 1174, -1,
      259, 1174, 260, -1,
      260, 1174, 1175, -1,
      260, 1175, 643, -1,
      643, 1175, 1176, -1,
      643, 1176, 619, -1,
      619, 1176, 1177, -1,
      619, 1177, 620, -1,
      1177, 1178, 620, -1,
      620, 1178, 624, -1,
      624, 1178, 1179, -1,
      624, 1179, 625, -1,
      625, 1179, 1180, -1,
      625, 1180, 600, -1,
      600, 1180, 1181, -1,
      600, 1181, 601, -1,
      601, 1181, 1182, -1,
      601, 1182, 602, -1,
      602, 1182, 1183, -1,
      602, 1183, 257, -1,
      257, 1183, 1184, -1,
      257, 1184, 312, -1,
      312, 1184, 86, -1,
      86, 1184, 1185, -1,
      86, 1185, 87, -1,
      87, 1185, 1168, -1,
      1170, 1169, 1185, -1,
      1185, 1169, 1168, -1,
      1178, 1184, 1183, -1,
      1172, 1171, 1177, -1,
      1177, 1171, 1170, -1,
      1177, 1170, 1178, -1,
      1178, 1170, 1185, -1,
      1178, 1185, 1184, -1,
      1176, 1175, 1174, -1,
      1183, 1182, 1178, -1,
      1178, 1182, 1181, -1,
      1178, 1181, 1179, -1,
      1179, 1181, 1180, -1,
      1176, 1174, 1177, -1,
      1177, 1174, 1173, -1,
      1177, 1173, 1172, -1,
      1186, 1187, 83, -1,
      83, 1187, 84, -1,
      84, 1187, 85, -1,
      85, 1187, 1188, -1,
      85, 1188, 313, -1,
      313, 1188, 1189, -1,
      313, 1189, 1190, -1,
      313, 1190, 314, -1,
      314, 1190, 1191, -1,
      314, 1191, 255, -1,
      255, 1191, 1192, -1,
      255, 1192, 256, -1,
      256, 1192, 1193, -1,
      256, 1193, 603, -1,
      603, 1193, 1194, -1,
      603, 1194, 544, -1,
      544, 1194, 1195, -1,
      544, 1195, 545, -1,
      1195, 1196, 545, -1,
      545, 1196, 570, -1,
      570, 1196, 1197, -1,
      570, 1197, 571, -1,
      571, 1197, 1198, -1,
      571, 1198, 524, -1,
      524, 1198, 1199, -1,
      524, 1199, 525, -1,
      525, 1199, 1200, -1,
      525, 1200, 526, -1,
      526, 1200, 1201, -1,
      526, 1201, 283, -1,
      283, 1201, 1202, -1,
      283, 1202, 387, -1,
      387, 1202, 82, -1,
      82, 1202, 1203, -1,
      82, 1203, 83, -1,
      83, 1203, 1186, -1,
      1188, 1187, 1203, -1,
      1203, 1187, 1186, -1,
      1197, 1196, 1202, -1,
      1190, 1189, 1195, -1,
      1195, 1189, 1188, -1,
      1195, 1188, 1196, -1,
      1196, 1188, 1203, -1,
      1196, 1203, 1202, -1,
      1201, 1200, 1199, -1,
      1193, 1192, 1191, -1,
      1201, 1199, 1202, -1,
      1202, 1199, 1198, -1,
      1202, 1198, 1197, -1,
      1190, 1195, 1191, -1,
      1191, 1195, 1194, -1,
      1191, 1194, 1193, -1,
      1204, 1205, 79, -1,
      79, 1205, 80, -1,
      80, 1205, 81, -1,
      81, 1205, 1206, -1,
      81, 1206, 388, -1,
      388, 1206, 1207, -1,
      388, 1207, 1208, -1,
      388, 1208, 389, -1,
      389, 1208, 1209, -1,
      389, 1209, 284, -1,
      284, 1209, 1210, -1,
      284, 1210, 285, -1,
      285, 1210, 1211, -1,
      285, 1211, 546, -1,
      546, 1211, 1212, -1,
      546, 1212, 547, -1,
      547, 1212, 1213, -1,
      547, 1213, 548, -1,
      1213, 1214, 548, -1,
      548, 1214, 453, -1,
      453, 1214, 1215, -1,
      453, 1215, 377, -1,
      377, 1215, 1216, -1,
      377, 1216, 378, -1,
      378, 1216, 1217, -1,
      378, 1217, 527, -1,
      527, 1217, 1218, -1,
      527, 1218, 528, -1,
      528, 1218, 1219, -1,
      528, 1219, 309, -1,
      309, 1219, 1220, -1,
      309, 1220, 418, -1,
      418, 1220, 78, -1,
      78, 1220, 1221, -1,
      78, 1221, 79, -1,
      79, 1221, 1204, -1,
      1206, 1205, 1221, -1,
      1221, 1205, 1204, -1,
      1207, 1206, 1213, -1,
      1215, 1214, 1220, -1,
      1213, 1206, 1214, -1,
      1214, 1206, 1221, -1,
      1214, 1221, 1220, -1,
      1219, 1218, 1217, -1,
      1219, 1217, 1220, -1,
      1220, 1217, 1216, -1,
      1220, 1216, 1215, -1,
      1213, 1212, 1207, -1,
      1207, 1212, 1211, -1,
      1207, 1211, 1208, -1,
      1208, 1211, 1210, -1,
      1208, 1210, 1209, -1,
      1222, 1223, 35, -1,
      35, 1223, 7, -1,
      447, 1224, 1225, -1,
      447, 1225, 267, -1,
      267, 1225, 1226, -1,
      267, 1226, 268, -1,
      268, 1226, 1227, -1,
      268, 1227, 269, -1,
      269, 1227, 1228, -1,
      269, 1228, 270, -1,
      270, 1228, 1229, -1,
      270, 1229, 246, -1,
      246, 1229, 1230, -1,
      246, 1230, 274, -1,
      274, 1230, 34, -1,
      34, 1230, 1231, -1,
      34, 1231, 35, -1,
      35, 1231, 1222, -1,
      7, 1223, 8, -1,
      8, 1223, 1232, -1,
      8, 1232, 272, -1,
      272, 1232, 1233, -1,
      272, 1233, 1234, -1,
      272, 1234, 273, -1,
      273, 1234, 1235, -1,
      273, 1235, 239, -1,
      239, 1235, 1236, -1,
      239, 1236, 240, -1,
      240, 1236, 1237, -1,
      240, 1237, 241, -1,
      241, 1237, 1238, -1,
      241, 1238, 175, -1,
      175, 1238, 1239, -1,
      175, 1239, 446, -1,
      1239, 1224, 446, -1,
      446, 1224, 447, -1,
      1232, 1223, 1231, -1,
      1231, 1223, 1222, -1,
      1224, 1239, 1230, -1,
      1230, 1239, 1231, -1,
      1232, 1231, 1233, -1,
      1233, 1231, 1239, -1,
      1233, 1239, 1234, -1,
      1234, 1239, 1235, -1,
      1235, 1239, 1236, -1,
      1236, 1239, 1238, -1,
      1236, 1238, 1237, -1,
      1227, 1230, 1228, -1,
      1228, 1230, 1229, -1,
      1227, 1226, 1230, -1,
      1230, 1226, 1225, -1,
      1230, 1225, 1224, -1,
      71, 1240, 40, -1,
      40, 1240, 1241, -1,
      40, 1241, 39, -1,
      39, 1241, 1242, -1,
      39, 1242, 261, -1,
      261, 1242, 1243, -1,
      261, 1243, 1244, -1,
      261, 1244, 286, -1,
      286, 1244, 1245, -1,
      286, 1245, 287, -1,
      287, 1245, 1246, -1,
      287, 1246, 288, -1,
      288, 1246, 1247, -1,
      288, 1247, 289, -1,
      289, 1247, 1248, -1,
      289, 1248, 346, -1,
      346, 1248, 1249, -1,
      346, 1249, 347, -1,
      1249, 1250, 347, -1,
      347, 1250, 348, -1,
      348, 1250, 1251, -1,
      348, 1251, 391, -1,
      391, 1251, 1252, -1,
      391, 1252, 390, -1,
      390, 1252, 1253, -1,
      390, 1253, 352, -1,
      352, 1253, 1254, -1,
      352, 1254, 351, -1,
      351, 1254, 1255, -1,
      351, 1255, 170, -1,
      170, 1255, 1256, -1,
      170, 1256, 195, -1,
      195, 1256, 70, -1,
      70, 1256, 1257, -1,
      70, 1257, 71, -1,
      71, 1257, 1240, -1,
      1242, 1241, 1257, -1,
      1257, 1241, 1240, -1,
      1242, 1257, 1243, -1,
      1243, 1257, 1256, -1,
      1244, 1243, 1249, -1,
      1249, 1243, 1250, -1,
      1248, 1247, 1246, -1,
      1256, 1255, 1243, -1,
      1243, 1255, 1254, -1,
      1243, 1254, 1253, -1,
      1253, 1252, 1243, -1,
      1243, 1252, 1251, -1,
      1243, 1251, 1250, -1,
      1248, 1246, 1249, -1,
      1249, 1246, 1245, -1,
      1249, 1245, 1244, -1,
      1258, 1259, 75, -1,
      75, 1259, 74, -1,
      74, 1259, 77, -1,
      77, 1259, 1260, -1,
      77, 1260, 419, -1,
      419, 1260, 1261, -1,
      419, 1261, 1262, -1,
      419, 1262, 420, -1,
      420, 1262, 1263, -1,
      420, 1263, 310, -1,
      310, 1263, 1264, -1,
      310, 1264, 311, -1,
      311, 1264, 1265, -1,
      311, 1265, 549, -1,
      549, 1265, 1266, -1,
      549, 1266, 550, -1,
      550, 1266, 1267, -1,
      550, 1267, 551, -1,
      1267, 1268, 551, -1,
      551, 1268, 454, -1,
      454, 1268, 1269, -1,
      454, 1269, 455, -1,
      455, 1269, 1270, -1,
      455, 1270, 456, -1,
      456, 1270, 1271, -1,
      456, 1271, 226, -1,
      226, 1271, 1272, -1,
      226, 1272, 225, -1,
      225, 1272, 1273, -1,
      225, 1273, 228, -1,
      228, 1273, 1274, -1,
      228, 1274, 229, -1,
      229, 1274, 76, -1,
      76, 1274, 1275, -1,
      76, 1275, 75, -1,
      75, 1275, 1258, -1,
      1260, 1259, 1275, -1,
      1275, 1259, 1258, -1,
      1260, 1275, 1261, -1,
      1261, 1275, 1274, -1,
      1264, 1263, 1262, -1,
      1274, 1273, 1261, -1,
      1261, 1273, 1272, -1,
      1261, 1272, 1271, -1,
      1271, 1270, 1261, -1,
      1261, 1270, 1269, -1,
      1261, 1269, 1268, -1,
      1268, 1267, 1261, -1,
      1261, 1267, 1266, -1,
      1261, 1266, 1262, -1,
      1262, 1266, 1265, -1,
      1262, 1265, 1264, -1,
      1276, 1277, 141, -1,
      141, 1277, 108, -1,
      158, 1278, 1279, -1,
      158, 1279, 157, -1,
      157, 1279, 1280, -1,
      157, 1280, 159, -1,
      159, 1280, 1281, -1,
      159, 1281, 160, -1,
      160, 1281, 1282, -1,
      160, 1282, 199, -1,
      199, 1282, 1283, -1,
      199, 1283, 200, -1,
      200, 1283, 1284, -1,
      200, 1284, 293, -1,
      1284, 1285, 293, -1,
      293, 1285, 294, -1,
      294, 1285, 1286, -1,
      294, 1286, 295, -1,
      295, 1286, 1287, -1,
      295, 1287, 316, -1,
      316, 1287, 1288, -1,
      316, 1288, 317, -1,
      317, 1288, 1289, -1,
      317, 1289, 318, -1,
      318, 1289, 1290, -1,
      318, 1290, 203, -1,
      203, 1290, 1291, -1,
      203, 1291, 360, -1,
      360, 1291, 142, -1,
      142, 1291, 1292, -1,
      142, 1292, 141, -1,
      141, 1292, 1276, -1,
      108, 1277, 109, -1,
      109, 1277, 1293, -1,
      109, 1293, 158, -1,
      158, 1293, 1278, -1,
      1293, 1277, 1292, -1,
      1292, 1277, 1276, -1,
      1287, 1286, 1278, -1,
      1286, 1285, 1278, -1,
      1278, 1285, 1284, -1,
      1278, 1284, 1283, -1,
      1293, 1292, 1278, -1,
      1278, 1292, 1291, -1,
      1278, 1291, 1290, -1,
      1290, 1289, 1278, -1,
      1278, 1289, 1288, -1,
      1278, 1288, 1287, -1,
      1283, 1282, 1281, -1,
      1281, 1280, 1283, -1,
      1283, 1280, 1279, -1,
      1283, 1279, 1278, -1,
      1294, 1295, 11, -1,
      11, 1295, 10, -1,
      517, 1296, 1297, -1,
      517, 1297, 518, -1,
      518, 1297, 1298, -1,
      518, 1298, 303, -1,
      303, 1298, 1299, -1,
      303, 1299, 247, -1,
      247, 1299, 1300, -1,
      247, 1300, 248, -1,
      248, 1300, 1301, -1,
      248, 1301, 304, -1,
      304, 1301, 1302, -1,
      304, 1302, 305, -1,
      305, 1302, 12, -1,
      12, 1302, 1303, -1,
      12, 1303, 11, -1,
      11, 1303, 1294, -1,
      10, 1295, 13, -1,
      13, 1295, 1304, -1,
      13, 1304, 307, -1,
      307, 1304, 1305, -1,
      307, 1305, 1306, -1,
      307, 1306, 308, -1,
      308, 1306, 1307, -1,
      308, 1307, 277, -1,
      277, 1307, 1308, -1,
      277, 1308, 278, -1,
      278, 1308, 1309, -1,
      278, 1309, 541, -1,
      541, 1309, 1310, -1,
      541, 1310, 493, -1,
      493, 1310, 1311, -1,
      493, 1311, 494, -1,
      1311, 1296, 494, -1,
      494, 1296, 517, -1,
      1304, 1295, 1303, -1,
      1303, 1295, 1294, -1,
      1297, 1296, 1302, -1,
      1302, 1296, 1311, -1,
      1302, 1311, 1303, -1,
      1304, 1303, 1305, -1,
      1305, 1303, 1311, -1,
      1305, 1311, 1306, -1,
      1306, 1311, 1307, -1,
      1301, 1300, 1299, -1,
      1307, 1311, 1308, -1,
      1308, 1311, 1310, -1,
      1308, 1310, 1309, -1,
      1301, 1299, 1302, -1,
      1302, 1299, 1298, -1,
      1302, 1298, 1297, -1,
      151, 227, 144, -1,
      144, 227, 161, -1,
      144, 161, 145, -1,
      198, 146, 161, -1,
      161, 146, 145, -1,
      146, 198, 147, -1,
      147, 198, 206, -1,
      147, 206, 152, -1,
      152, 206, 148, -1,
      148, 206, 167, -1,
      148, 167, 149, -1,
      149, 167, 150, -1,
      150, 167, 227, -1,
      150, 227, 151, -1,
    ]
  }
}

Shape {
  appearance Appearance {
    material Material {
      diffuseColor 0.2235 0.2235 0.2235
      specularColor 0.1137 0.1137 0.1137
      ambientIntensity 0.2
      transparency 0.0000
      shininess 0.5
    }
  }
  geometry IndexedFaceSet {
    ccw TRUE
    solid FALSE
    coord DEF co Coordinate {
      point [
        -0.026791 -0.044309 -0.007874,
        -0.026791 -0.033507 -0.007874,
        -0.024391 0.043313 -0.007874,
        0.012819 0.043313 -0.007874,
        0.012819 0.010905 -0.007874,
        0.026022 -0.044309 -0.007874,
        0.026022 0.054116 -0.007874,
        0.045227 -0.028406 -0.007874,
        0.045227 -0.039208 -0.007874,
        0.055719 -0.043516 -0.007874,
        0.065665 -0.044909 -0.007874,
        0.012819 0.000102 -0.007874,
        0.012819 -0.033507 -0.007874,
        -0.021990 0.000102 -0.007874,
        -0.021990 0.010905 -0.007874,
        0.093978 -0.040969 -0.007874,
        0.126848 -0.044309 -0.007874,
        0.084439 -0.044252 -0.007874,
        0.078097 -0.044909 -0.007874,
        -0.024391 0.054116 -0.007874,
        0.113252 0.028192 -0.007874,
        0.107483 0.037394 -0.007874,
        0.164057 0.054116 -0.007874,
        0.077969 0.043425 -0.007874,
        0.085335 0.040766 -0.007874,
        0.046991 -0.029382 -0.007874,
        0.092148 0.036209 -0.007874,
        0.098092 0.029647 -0.007874,
        0.105243 0.003853 -0.007874,
        0.104246 -0.006802 -0.007874,
        0.101572 -0.015268 -0.007874,
        0.079670 -0.033677 -0.007874,
        0.070490 -0.034707 -0.007874,
        0.086842 -0.031037 -0.007874,
        0.092883 -0.026966 -0.007874,
        0.097501 -0.022093 -0.007874,
        0.057425 -0.033257 -0.007874,
        0.102150 0.022048 -0.007874,
        0.104773 0.011511 -0.007874,
        0.098596 0.045940 -0.007874,
        0.177261 0.054116 -0.007874,
        0.177261 -0.044309 -0.007874,
        0.101896 -0.035913 -0.007874,
        0.109289 -0.028130 -0.007874,
        0.126848 -0.033507 -0.007874,
        0.114532 -0.018770 -0.007874,
        0.164057 -0.033507 -0.007874,
        0.117494 -0.008352 -0.007874,
        0.118446 0.003046 -0.007874,
        0.117030 0.017040 -0.007874,
        0.089248 0.051321 -0.007874,
        0.078275 0.054509 -0.007874,
        0.068389 0.055316 -0.007874,
        0.056607 0.054503 -0.007874,
        0.045227 0.051415 -0.007874,
        0.045227 0.038212 -0.007874,
        0.056314 0.042959 -0.007874,
        0.068277 0.044513 -0.007874,
        0.069618 -0.045463 -0.007874,
        0.072309 -0.045510 -0.007874,
        -0.132418 -0.044309 -0.007874,
        -0.120302 -0.017333 -0.007874,
        -0.114657 -0.026137 -0.007874,
        -0.206837 -0.044309 -0.007874,
        -0.221241 -0.044309 -0.007874,
        -0.182831 0.054116 -0.007874,
        -0.169628 0.054116 -0.007874,
        -0.106556 -0.033894 -0.007874,
        -0.096279 -0.039866 -0.007874,
        -0.084938 -0.043246 -0.007874,
        -0.072759 -0.044309 -0.007874,
        -0.045996 -0.044309 -0.007874,
        -0.045996 0.054116 -0.007874,
        -0.073772 0.054116 -0.007874,
        -0.110323 0.041282 -0.007874,
        -0.117283 0.033565 -0.007874,
        -0.121857 0.025100 -0.007874,
        -0.087992 0.052596 -0.007874,
        -0.099507 0.048552 -0.007874,
        -0.110220 0.041373 -0.007874,
        -0.146822 -0.044309 -0.007874,
        -0.156218 -0.016702 -0.007874,
        -0.196878 -0.016702 -0.007874,
        -0.124501 0.015402 -0.007874,
        -0.125217 0.006141 -0.007874,
        -0.123835 -0.007031 -0.007874,
        -0.182831 0.054116 -0.003937,
        -0.221241 -0.044309 -0.003937,
        -0.206837 -0.044309 -0.003937,
        -0.196878 -0.016702 -0.003937,
        -0.156218 -0.016702 -0.003937,
        -0.146822 -0.044309 -0.003937,
        -0.132418 -0.044309 -0.003937,
        -0.169628 0.054116 -0.003937,
        -0.159538 -0.005900 -0.003937,
        -0.192452 -0.005900 -0.003937,
        -0.174223 0.035211 -0.003937,
        -0.175170 0.038624 -0.003937,
        -0.175798 0.042113 -0.003937,
        -0.176117 0.042113 -0.003937,
        -0.176759 0.038635 -0.003937,
        -0.177636 0.035211 -0.003937,
        -0.159538 -0.005900 -0.007874,
        -0.192452 -0.005900 -0.007874,
        -0.174223 0.035211 -0.007874,
        -0.175170 0.038624 -0.007874,
        -0.175798 0.042113 -0.007874,
        -0.176117 0.042113 -0.007874,
        -0.176759 0.038635 -0.007874,
        -0.177636 0.035211 -0.007874,
        -0.072759 -0.044309 -0.003937,
        -0.045996 -0.044309 -0.003937,
        -0.045996 0.054116 -0.003937,
        -0.073772 0.054116 -0.003937,
        -0.125217 0.006141 -0.003937,
        -0.124501 0.015402 -0.003937,
        -0.121857 0.025100 -0.003937,
        -0.117283 0.033565 -0.003937,
        -0.110323 0.041282 -0.003937,
        -0.110220 0.041373 -0.003937,
        -0.099507 0.048552 -0.003937,
        -0.087992 0.052596 -0.003937,
        -0.084938 -0.043246 -0.003937,
        -0.096279 -0.039866 -0.003937,
        -0.106556 -0.033894 -0.003937,
        -0.114657 -0.026137 -0.003937,
        -0.120302 -0.017333 -0.003937,
        -0.123835 -0.007031 -0.003937,
        -0.105460 0.029511 -0.003937,
        -0.100679 0.034587 -0.003937,
        -0.093490 0.039231 -0.003937,
        -0.085365 0.042075 -0.003937,
        -0.073716 0.043313 -0.003937,
        -0.059200 0.043313 -0.003937,
        -0.059200 -0.033507 -0.003937,
        -0.073172 -0.033507 -0.003937,
        -0.083556 -0.032540 -0.003937,
        -0.091839 -0.029955 -0.003937,
        -0.098551 -0.025969 -0.003937,
        -0.104071 -0.020516 -0.003937,
        -0.108222 -0.013730 -0.003937,
        -0.111109 -0.004478 -0.003937,
        -0.112013 0.005860 -0.003937,
        -0.111177 0.015656 -0.003937,
        -0.108879 0.023440 -0.003937,
        -0.073716 0.043313 -0.007874,
        -0.059200 0.043313 -0.007874,
        -0.085365 0.042075 -0.007874,
        -0.093490 0.039231 -0.007874,
        -0.100679 0.034587 -0.007874,
        -0.105460 0.029511 -0.007874,
        -0.108879 0.023440 -0.007874,
        -0.111177 0.015656 -0.007874,
        -0.112013 0.005860 -0.007874,
        -0.111109 -0.004478 -0.007874,
        -0.108222 -0.013730 -0.007874,
        -0.104071 -0.020516 -0.007874,
        -0.098551 -0.025969 -0.007874,
        -0.091839 -0.029955 -0.007874,
        -0.083556 -0.032540 -0.007874,
        -0.073172 -0.033507 -0.007874,
        -0.059200 -0.033507 -0.007874,
        -0.026791 -0.033507 -0.003937,
        -0.026791 -0.044309 -0.003937,
        0.026022 -0.044309 -0.003937,
        0.026022 0.054116 -0.003937,
        -0.024391 0.054116 -0.003937,
        -0.024391 0.043313 -0.003937,
        0.012819 0.043313 -0.003937,
        0.012819 0.010905 -0.003937,
        -0.021990 0.010905 -0.003937,
        -0.021990 0.000102 -0.003937,
        0.012819 0.000102 -0.003937,
        0.012819 -0.033507 -0.003937,
        0.045227 -0.028406 -0.003937,
        0.045227 -0.039208 -0.003937,
        0.055719 -0.043516 -0.003937,
        0.072309 -0.045510 -0.003937,
        0.069618 -0.045463 -0.003937,
        0.118446 0.003046 -0.003937,
        0.117494 -0.008352 -0.003937,
        0.114532 -0.018770 -0.003937,
        0.109289 -0.028130 -0.003937,
        0.101896 -0.035913 -0.003937,
        0.093978 -0.040969 -0.003937,
        0.084439 -0.044252 -0.003937,
        0.068389 0.055316 -0.003937,
        0.078275 0.054509 -0.003937,
        0.089248 0.051321 -0.003937,
        0.098596 0.045940 -0.003937,
        0.107483 0.037394 -0.003937,
        0.113252 0.028192 -0.003937,
        0.117030 0.017040 -0.003937,
        0.045227 0.051415 -0.003937,
        0.056607 0.054503 -0.003937,
        0.045227 0.038212 -0.003937,
        0.068277 0.044513 -0.003937,
        0.056314 0.042959 -0.003937,
        0.105243 0.003853 -0.003937,
        0.104773 0.011511 -0.003937,
        0.102150 0.022048 -0.003937,
        0.098092 0.029647 -0.003937,
        0.092148 0.036209 -0.003937,
        0.085335 0.040766 -0.003937,
        0.077969 0.043425 -0.003937,
        0.070490 -0.034707 -0.003937,
        0.079670 -0.033677 -0.003937,
        0.086842 -0.031037 -0.003937,
        0.092883 -0.026966 -0.003937,
        0.097501 -0.022093 -0.003937,
        0.101572 -0.015268 -0.003937,
        0.104246 -0.006802 -0.003937,
        0.046991 -0.029382 -0.003937,
        0.057425 -0.033257 -0.003937,
        0.126848 -0.033507 -0.003937,
        0.126848 -0.044309 -0.003937,
        0.177261 -0.044309 -0.003937,
        0.177261 0.054116 -0.003937,
        0.164057 0.054116 -0.003937,
        0.164057 -0.033507 -0.003937,
      ]
    }
    coordIndex [
      86, 87, 65, -1,
      65, 87, 64, -1,
      87, 88, 64, -1,
      64, 88, 63, -1,
      88, 89, 63, -1,
      63, 89, 82, -1,
      89, 90, 82, -1,
      82, 90, 81, -1,
      90, 91, 81, -1,
      81, 91, 80, -1,
      91, 92, 80, -1,
      80, 92, 60, -1,
      92, 93, 60, -1,
      60, 93, 66, -1,
      93, 86, 66, -1,
      66, 86, 65, -1,
      94, 90, 95, -1,
      95, 90, 89, -1,
      96, 93, 94, -1,
      94, 93, 92, -1,
      94, 92, 90, -1,
      90, 92, 91, -1,
      96, 97, 93, -1,
      93, 97, 98, -1,
      93, 98, 86, -1,
      86, 98, 99, -1,
      86, 99, 100, -1,
      100, 101, 86, -1,
      86, 101, 95, -1,
      86, 95, 87, -1,
      87, 95, 89, -1,
      87, 89, 88, -1,
      94, 95, 102, -1,
      102, 95, 103, -1,
      96, 94, 104, -1,
      104, 94, 102, -1,
      96, 104, 105, -1,
      96, 105, 97, -1,
      97, 105, 106, -1,
      97, 106, 98, -1,
      99, 98, 107, -1,
      107, 98, 106, -1,
      99, 107, 108, -1,
      99, 108, 100, -1,
      100, 108, 109, -1,
      100, 109, 101, -1,
      95, 101, 103, -1,
      103, 101, 109, -1,
      110, 111, 70, -1,
      70, 111, 71, -1,
      111, 112, 71, -1,
      71, 112, 72, -1,
      112, 113, 72, -1,
      72, 113, 73, -1,
      114, 84, 83, -1,
      114, 83, 115, -1,
      115, 83, 76, -1,
      115, 76, 116, -1,
      116, 76, 75, -1,
      116, 75, 117, -1,
      117, 75, 74, -1,
      117, 74, 118, -1,
      118, 74, 79, -1,
      118, 79, 119, -1,
      119, 79, 78, -1,
      119, 78, 120, -1,
      120, 78, 77, -1,
      120, 77, 121, -1,
      121, 77, 73, -1,
      121, 73, 113, -1,
      110, 70, 69, -1,
      110, 69, 122, -1,
      122, 69, 68, -1,
      122, 68, 123, -1,
      123, 68, 67, -1,
      123, 67, 124, -1,
      124, 67, 62, -1,
      124, 62, 125, -1,
      125, 62, 61, -1,
      125, 61, 126, -1,
      126, 61, 85, -1,
      126, 85, 127, -1,
      127, 85, 84, -1,
      127, 84, 114, -1,
      116, 117, 128, -1,
      128, 117, 118, -1,
      128, 118, 129, -1,
      129, 118, 119, -1,
      129, 119, 130, -1,
      130, 119, 120, -1,
      130, 120, 131, -1,
      131, 120, 121, -1,
      131, 121, 132, -1,
      132, 121, 113, -1,
      132, 113, 133, -1,
      133, 113, 112, -1,
      133, 112, 134, -1,
      134, 112, 111, -1,
      134, 111, 135, -1,
      135, 111, 110, -1,
      135, 110, 136, -1,
      136, 110, 122, -1,
      136, 122, 137, -1,
      137, 122, 123, -1,
      137, 123, 138, -1,
      138, 123, 124, -1,
      138, 124, 139, -1,
      139, 124, 125, -1,
      139, 125, 140, -1,
      140, 125, 126, -1,
      140, 126, 141, -1,
      141, 126, 127, -1,
      141, 127, 142, -1,
      142, 127, 114, -1,
      142, 114, 143, -1,
      143, 114, 115, -1,
      143, 115, 144, -1,
      144, 115, 116, -1,
      144, 116, 128, -1,
      132, 133, 145, -1,
      145, 133, 146, -1,
      132, 145, 147, -1,
      132, 147, 131, -1,
      131, 147, 148, -1,
      131, 148, 130, -1,
      130, 148, 149, -1,
      130, 149, 129, -1,
      129, 149, 150, -1,
      129, 150, 128, -1,
      128, 150, 151, -1,
      128, 151, 144, -1,
      144, 151, 152, -1,
      144, 152, 143, -1,
      143, 152, 153, -1,
      143, 153, 142, -1,
      142, 153, 154, -1,
      142, 154, 141, -1,
      141, 154, 155, -1,
      141, 155, 140, -1,
      140, 155, 156, -1,
      140, 156, 139, -1,
      139, 156, 157, -1,
      139, 157, 138, -1,
      138, 157, 158, -1,
      138, 158, 137, -1,
      137, 158, 159, -1,
      137, 159, 136, -1,
      136, 159, 160, -1,
      136, 160, 135, -1,
      134, 135, 161, -1,
      161, 135, 160, -1,
      133, 134, 146, -1,
      146, 134, 161, -1,
      162, 163, 1, -1,
      1, 163, 0, -1,
      163, 164, 0, -1,
      0, 164, 5, -1,
      164, 165, 5, -1,
      5, 165, 6, -1,
      165, 166, 6, -1,
      6, 166, 19, -1,
      166, 167, 19, -1,
      19, 167, 2, -1,
      167, 168, 2, -1,
      2, 168, 3, -1,
      168, 169, 3, -1,
      3, 169, 4, -1,
      169, 170, 4, -1,
      4, 170, 14, -1,
      170, 171, 14, -1,
      14, 171, 13, -1,
      171, 172, 13, -1,
      13, 172, 11, -1,
      172, 173, 11, -1,
      11, 173, 12, -1,
      173, 162, 12, -1,
      12, 162, 1, -1,
      164, 163, 162, -1,
      162, 173, 164, -1,
      164, 173, 172, -1,
      164, 172, 165, -1,
      167, 166, 168, -1,
      168, 166, 165, -1,
      168, 165, 169, -1,
      169, 165, 172, -1,
      169, 172, 170, -1,
      170, 172, 171, -1,
      174, 175, 7, -1,
      7, 175, 8, -1,
      8, 175, 176, -1,
      177, 59, 58, -1,
      177, 58, 178, -1,
      178, 58, 10, -1,
      178, 10, 176, -1,
      176, 10, 9, -1,
      176, 9, 8, -1,
      179, 48, 47, -1,
      179, 47, 180, -1,
      180, 47, 45, -1,
      180, 45, 181, -1,
      181, 45, 43, -1,
      181, 43, 182, -1,
      182, 43, 42, -1,
      182, 42, 183, -1,
      183, 42, 15, -1,
      183, 15, 184, -1,
      184, 15, 17, -1,
      184, 17, 185, -1,
      185, 17, 177, -1,
      177, 17, 18, -1,
      177, 18, 59, -1,
      186, 52, 51, -1,
      186, 51, 187, -1,
      187, 51, 50, -1,
      187, 50, 188, -1,
      188, 50, 39, -1,
      188, 39, 189, -1,
      189, 39, 21, -1,
      189, 21, 190, -1,
      190, 21, 20, -1,
      190, 20, 191, -1,
      191, 20, 49, -1,
      191, 49, 192, -1,
      192, 49, 48, -1,
      192, 48, 179, -1,
      193, 54, 53, -1,
      193, 53, 194, -1,
      194, 53, 52, -1,
      194, 52, 186, -1,
      193, 195, 54, -1,
      54, 195, 55, -1,
      196, 57, 56, -1,
      196, 56, 197, -1,
      197, 56, 55, -1,
      197, 55, 195, -1,
      198, 28, 38, -1,
      198, 38, 199, -1,
      199, 38, 37, -1,
      199, 37, 200, -1,
      200, 37, 27, -1,
      200, 27, 201, -1,
      201, 27, 26, -1,
      201, 26, 202, -1,
      202, 26, 24, -1,
      202, 24, 203, -1,
      203, 24, 23, -1,
      203, 23, 204, -1,
      204, 23, 57, -1,
      204, 57, 196, -1,
      205, 32, 31, -1,
      205, 31, 206, -1,
      206, 31, 33, -1,
      206, 33, 207, -1,
      207, 33, 34, -1,
      207, 34, 208, -1,
      208, 34, 35, -1,
      208, 35, 209, -1,
      209, 35, 30, -1,
      209, 30, 210, -1,
      210, 30, 29, -1,
      210, 29, 211, -1,
      211, 29, 28, -1,
      211, 28, 198, -1,
      174, 7, 25, -1,
      174, 25, 212, -1,
      212, 25, 36, -1,
      212, 36, 213, -1,
      213, 36, 32, -1,
      213, 32, 205, -1,
      206, 177, 205, -1,
      205, 177, 178, -1,
      205, 178, 213, -1,
      213, 178, 176, -1,
      213, 176, 212, -1,
      212, 176, 175, -1,
      212, 175, 174, -1,
      195, 193, 197, -1,
      197, 193, 194, -1,
      197, 194, 196, -1,
      196, 194, 186, -1,
      196, 186, 204, -1,
      204, 186, 187, -1,
      204, 187, 203, -1,
      203, 187, 188, -1,
      203, 188, 202, -1,
      202, 188, 189, -1,
      202, 189, 201, -1,
      201, 189, 190, -1,
      201, 190, 200, -1,
      200, 190, 191, -1,
      200, 191, 199, -1,
      199, 191, 192, -1,
      199, 192, 198, -1,
      198, 192, 179, -1,
      198, 179, 211, -1,
      211, 179, 180, -1,
      211, 180, 210, -1,
      210, 180, 181, -1,
      210, 181, 209, -1,
      209, 181, 182, -1,
      209, 182, 208, -1,
      208, 182, 183, -1,
      208, 183, 207, -1,
      207, 183, 184, -1,
      207, 184, 206, -1,
      206, 184, 185, -1,
      206, 185, 177, -1,
      214, 215, 44, -1,
      44, 215, 16, -1,
      215, 216, 16, -1,
      16, 216, 41, -1,
      216, 217, 41, -1,
      41, 217, 40, -1,
      217, 218, 40, -1,
      40, 218, 22, -1,
      218, 219, 22, -1,
      22, 219, 46, -1,
      219, 214, 46, -1,
      46, 214, 44, -1,
      218, 217, 219, -1,
      219, 217, 216, -1,
      219, 216, 214, -1,
      214, 216, 215, -1,
    ]
  }
}

Shape {
  appearance Appearance {
    material Material {
      diffuseColor 0.8510 0.8510 0.8510
      specularColor 0.4235 0.4235 0.4235
      ambientIntensity 0.2
      transparency 0.0000
      shininess 0.5
    }
  }
  geometry IndexedFaceSet {
    ccw TRUE
    solid FALSE
    coord DEF co Coordinate {
      point [
        1.040043 -1.181102 0.019774,
        0.993092 -1.181102 0.019774,
        1.040043 -1.181102 0.049213,
        0.993092 -1.181102 0.049213,
        -0.993092 -1.181102 0.049213,
        -0.993092 -1.181102 0.019774,
        -1.040043 -1.181102 0.019774,
        -1.040043 -1.181102 0.049213,
        0.993092 1.181102 0.049213,
        -0.993092 1.181102 0.049213,
        -1.040043 1.181102 0.049213,
        -1.040043 1.181102 0.019774,
        -0.993092 1.181102 0.019774,
        0.993092 1.181102 0.019774,
        1.040043 1.181102 0.019774,
        1.040043 1.181102 0.049213,
        1.181102 -0.993092 0.049213,
        1.181102 0.993092 0.049213,
        1.181102 1.040043 0.049213,
        1.181102 1.040043 0.019774,
        1.181102 0.993092 0.019774,
        1.181102 -0.993092 0.019774,
        1.181102 -1.040043 0.019774,
        1.181102 -1.040043 0.049213,
        -1.181102 0.993092 0.049213,
        -1.181102 -0.993092 0.019774,
        -1.181102 -1.040043 0.019774,
        -1.181102 0.993092 0.019774,
        -1.181102 1.040043 0.019774,
        -1.181102 1.040043 0.049213,
        -1.181102 -1.040043 0.049213,
        -1.181102 -0.993092 0.049213,
        -0.159538 -0.005900 -0.007874,
        -0.192452 -0.005900 -0.007874,
        -0.174223 0.035211 -0.007874,
        -0.175170 0.038624 -0.007874,
        -0.175798 0.042113 -0.007874,
        -0.176117 0.042113 -0.007874,
        -0.176759 0.038635 -0.007874,
        -0.177636 0.035211 -0.007874,
        -0.073716 0.043313 -0.007874,
        -0.059200 0.043313 -0.007874,
        -0.085365 0.042075 -0.007874,
        -0.093490 0.039231 -0.007874,
        -0.100679 0.034587 -0.007874,
        -0.105460 0.029511 -0.007874,
        -0.108879 0.023440 -0.007874,
        -0.111177 0.015656 -0.007874,
        -0.112013 0.005860 -0.007874,
        -0.111109 -0.004478 -0.007874,
        -0.108222 -0.013730 -0.007874,
        -0.104071 -0.020516 -0.007874,
        -0.098551 -0.025969 -0.007874,
        -0.091839 -0.029955 -0.007874,
        -0.083556 -0.032540 -0.007874,
        -0.073172 -0.033507 -0.007874,
        -0.059200 -0.033507 -0.007874,
        -1.185039 1.040043 0.019774,
        -1.185039 0.993092 0.019774,
        -1.185039 1.040043 0.049213,
        -1.185039 0.993092 0.049213,
        1.185039 0.993092 0.049213,
        1.185039 1.040043 0.049213,
        1.185039 0.993092 0.019774,
        1.185039 1.040043 0.019774,
        -1.185039 -0.993092 0.049213,
        -1.185039 -0.993092 0.019774,
        -1.185039 -1.040043 0.049213,
        -1.185039 -1.040043 0.019774,
        1.185039 -1.040043 0.019774,
        1.185039 -1.040043 0.049213,
        1.185039 -0.993092 0.019774,
        1.185039 -0.993092 0.049213,
        1.040043 1.185039 0.019774,
        1.040043 1.185039 0.049213,
        0.993092 1.185039 0.019774,
        0.993092 1.185039 0.049213,
        -1.040043 -1.185039 0.019774,
        -0.993092 -1.185039 0.019774,
        -1.040043 -1.185039 0.049213,
        -0.993092 -1.185039 0.049213,
        -0.993092 1.185039 0.049213,
        -1.040043 1.185039 0.049213,
        -0.993092 1.185039 0.019774,
        -1.040043 1.185039 0.019774,
        0.993092 -1.185039 0.049213,
        0.993092 -1.185039 0.019774,
        1.040043 -1.185039 0.049213,
        1.040043 -1.185039 0.019774,
      ]
    }
    coordIndex [
      32, 33, 34, -1,
      34, 33, 39, -1,
      34, 39, 35, -1,
      35, 39, 38, -1,
      35, 38, 36, -1,
      36, 38, 37, -1,
      41, 56, 40, -1,
      40, 56, 55, -1,
      40, 55, 54, -1,
      48, 47, 40, -1,
      40, 47, 46, -1,
      40, 46, 42, -1,
      54, 53, 40, -1,
      40, 53, 52, -1,
      40, 52, 51, -1,
      51, 50, 40, -1,
      40, 50, 49, -1,
      40, 49, 48, -1,
      45, 44, 46, -1,
      46, 44, 43, -1,
      46, 43, 42, -1,
      57, 58, 59, -1,
      59, 58, 60, -1,
      28, 57, 29, -1,
      29, 57, 59, -1,
      27, 58, 28, -1,
      28, 58, 57, -1,
      24, 60, 27, -1,
      27, 60, 58, -1,
      29, 59, 24, -1,
      24, 59, 60, -1,
      17, 61, 18, -1,
      18, 61, 62, -1,
      20, 63, 17, -1,
      17, 63, 61, -1,
      19, 64, 20, -1,
      20, 64, 63, -1,
      18, 62, 19, -1,
      19, 62, 64, -1,
      61, 63, 62, -1,
      62, 63, 64, -1,
      65, 66, 67, -1,
      67, 66, 68, -1,
      31, 65, 30, -1,
      30, 65, 67, -1,
      25, 66, 31, -1,
      31, 66, 65, -1,
      26, 68, 25, -1,
      25, 68, 66, -1,
      30, 67, 26, -1,
      26, 67, 68, -1,
      22, 69, 23, -1,
      23, 69, 70, -1,
      21, 71, 22, -1,
      22, 71, 69, -1,
      16, 72, 21, -1,
      21, 72, 71, -1,
      23, 70, 16, -1,
      16, 70, 72, -1,
      69, 71, 70, -1,
      70, 71, 72, -1,
      14, 73, 15, -1,
      15, 73, 74, -1,
      13, 75, 14, -1,
      14, 75, 73, -1,
      8, 76, 13, -1,
      13, 76, 75, -1,
      15, 74, 8, -1,
      8, 74, 76, -1,
      73, 75, 74, -1,
      74, 75, 76, -1,
      77, 78, 79, -1,
      79, 78, 80, -1,
      6, 77, 7, -1,
      7, 77, 79, -1,
      5, 78, 6, -1,
      6, 78, 77, -1,
      4, 80, 5, -1,
      5, 80, 78, -1,
      7, 79, 4, -1,
      4, 79, 80, -1,
      9, 81, 10, -1,
      10, 81, 82, -1,
      12, 83, 9, -1,
      9, 83, 81, -1,
      11, 84, 12, -1,
      12, 84, 83, -1,
      10, 82, 11, -1,
      11, 82, 84, -1,
      81, 83, 82, -1,
      82, 83, 84, -1,
      85, 86, 87, -1,
      87, 86, 88, -1,
      3, 85, 2, -1,
      2, 85, 87, -1,
      1, 86, 3, -1,
      3, 86, 85, -1,
      0, 88, 1, -1,
      1, 88, 86, -1,
      2, 87, 0, -1,
      0, 87, 88, -1,
    ]
  }
}
